; Demo Preset 03
; Decompressed from SLIDE4K block in Table Data ROM
; Total size: 24286 bytes (0x5EDE)
;
; Known fields:
;   +0x1E: Active parts bitmask = 0x0000
;   +0x20: Record chain pointer = 0x00000000
;   +0xD0: Extended per-part records (16 x 3 bytes)
;   +0x800: Part data base

DemoPreset03:
	.byte 0x00, 0x00, 0x00, 0x00, 0x00, 0x00, 0x00, 0x00, 0x00, 0x00, 0x00, 0x00, 0x00, 0x00, 0x00, 0x00
	.byte 0x00, 0x00, 0x00, 0x00, 0x00, 0xF7, 0xEB, 0xF0, 0x01, 0x00, 0x00, 0x05, 0x00, 0xFF, 0x00, 0x00
	.byte 0x00, 0x00, 0x00, 0x00, 0x00, 0x00, 0x00, 0x00, 0x00, 0x00, 0x00, 0x00, 0x00, 0x00, 0x00, 0xFF
	.byte 0x00, 0x00, 0x00, 0xF7, 0x00, 0x00, 0xF7, 0xEB, 0xF0, 0x01, 0x00, 0x00, 0x05, 0x00, 0xFF, 0x00
	.byte 0x00, 0x00, 0x00, 0x00, 0x00, 0x00, 0x00, 0x00, 0x00, 0x00, 0x00, 0x00, 0x00, 0xFF, 0x00, 0x00
	.byte 0x00, 0xEB, 0xF0, 0x01, 0x00, 0x00, 0x05, 0x00, 0x06, 0x00, 0x00, 0x00, 0x00, 0x00, 0x00, 0x00
	.byte 0x00, 0x00, 0x00, 0x00, 0x00, 0x00, 0x00, 0x00, 0x00, 0x00, 0xFF, 0x00, 0x00, 0x00, 0x00, 0x00
	.byte 0x00, 0x00, 0x00, 0x00, 0x00, 0x00, 0x00, 0x00, 0x00, 0x00, 0x00, 0x00, 0x00, 0x00, 0x00, 0x00
	.byte 0x00, 0xF7, 0x00, 0x00, 0x00, 0x00, 0x00, 0x00, 0x00, 0x00, 0x30, 0xFD, 0x01, 0x00, 0x00, 0x05
	.byte 0x00, 0xFF, 0x00, 0x00, 0x00, 0x00, 0x00, 0x00, 0x00, 0x00, 0x00, 0x00, 0x00, 0x00, 0xF7, 0xEB
	.byte 0xF0, 0x01, 0x00, 0x00, 0xF7, 0x00, 0x00, 0x00, 0x00, 0x00, 0x00, 0x00, 0x00, 0x00, 0x00, 0x00
	.byte 0x00, 0x00, 0x00, 0x00, 0x00, 0x00, 0x00, 0x00, 0x00, 0x00, 0x00, 0x00, 0x00, 0x00, 0x00, 0x00
	.byte 0x00, 0x00, 0x00, 0x00, 0x00, 0x05, 0x00, 0xFF, 0x00, 0x00, 0x00, 0x00, 0x00, 0x00, 0x00, 0x00
	.byte 0x00, 0x00, 0x00, 0x00, 0x00, 0x00, 0x00, 0x00, 0x00, 0x00, 0x00, 0x00, 0x00, 0xFF, 0x00, 0x61
	.byte 0xFF, 0x00, 0x00, 0x00, 0x00, 0x00, 0x00, 0x00, 0x00, 0x56, 0xFF, 0x00, 0x4D, 0x00, 0x00, 0x00
	.byte 0x00, 0x00, 0x00, 0x00, 0x00, 0x00, 0x00, 0x00, 0x00, 0x00, 0x00, 0x63, 0x00, 0x46, 0x00, 0x00
	.byte 0x00, 0x00, 0x00, 0x00, 0x00, 0x00, 0x00, 0x00, 0x00, 0x00, 0x00, 0x00, 0x00, 0x00, 0x00, 0x00
	.byte 0x00, 0xFF, 0x00, 0x00, 0x00, 0x00, 0x00, 0x00, 0x00, 0x00, 0x00, 0x00, 0x00, 0x00, 0x00, 0x00
	.byte 0x00, 0x00, 0x00, 0x00, 0x00, 0x00, 0x00, 0x00, 0x00, 0x00, 0x00, 0x00, 0x00, 0x00, 0x00, 0x00
	.byte 0x16, 0x7F, 0x23, 0xEC, 0x00, 0x00, 0x00, 0x00, 0x00, 0x00, 0xA4, 0x60, 0x00, 0x00, 0x00, 0x00
	.byte 0x00, 0xDF, 0x00, 0x00, 0x00, 0x75, 0x04, 0xEA, 0xE5, 0x00, 0x00, 0x00, 0x00, 0x00, 0x00, 0x00
	.byte 0x00, 0xF7, 0x00, 0x00, 0x00, 0xA3, 0x00, 0xFD, 0xF3, 0x00, 0x00, 0x00, 0x00, 0x00, 0x00, 0x00
	.byte 0x00, 0x00, 0x00, 0x00, 0x00, 0x00, 0x00, 0x00, 0x00, 0xF7, 0xEB, 0xF0, 0x01, 0x00, 0xFF, 0x00
	.byte 0x00, 0x00, 0x00, 0x00, 0x63, 0x00, 0x00, 0x00, 0x00, 0x00, 0x00, 0x00, 0x00, 0xF0, 0x01, 0x00
	.byte 0x00, 0x00, 0x00, 0x00, 0x00, 0x00, 0x00, 0x00, 0x00, 0x00, 0x00, 0x00, 0x00, 0x00, 0x00, 0x00
	.byte 0x00, 0x00, 0x00, 0x00, 0x00, 0x00, 0x00, 0x07, 0x00, 0x00, 0x00, 0x00, 0x00, 0x63, 0x00, 0x46
	.byte 0x00, 0x00, 0x00, 0x00, 0x00, 0x00, 0x00, 0x00, 0x00, 0x00, 0x00, 0x00, 0x00, 0x00, 0x00, 0x00
	.byte 0x00, 0x00, 0x00, 0x00, 0x00, 0x00, 0x00, 0x00, 0x63, 0x00, 0x46, 0x00, 0x00, 0x00, 0x00, 0x00
	.byte 0x00, 0x00, 0x00, 0x00, 0x00, 0x00, 0x00, 0xFF, 0x0B, 0xFF, 0x00, 0xE5, 0x00, 0x00, 0x00, 0x00
	.byte 0x00, 0x00, 0x63, 0x00, 0x46, 0x00, 0x00, 0x00, 0x00, 0x00, 0x00, 0x00, 0x00, 0x00, 0xE5, 0xFF
	.byte 0x00, 0x00, 0x00, 0x00, 0x00, 0x00, 0x00, 0x0F, 0x00, 0xE5, 0x00, 0x00, 0x00, 0x00, 0x00, 0x00
	.byte 0x00, 0x00, 0x00, 0x00, 0x00, 0x00, 0x00, 0x00, 0x00, 0x00, 0x00, 0x00, 0x00, 0x00, 0x00, 0x00
	.byte 0x00, 0x00, 0x00, 0x00, 0x00, 0x00, 0x00, 0x00, 0x00, 0x00, 0x00, 0x00, 0x00, 0x00, 0x00, 0x00
	.byte 0x00, 0x00, 0x00, 0x00, 0x00, 0x00, 0x00, 0x00, 0x00, 0x00, 0x00, 0x00, 0x00, 0x00, 0x00, 0x00
	.byte 0x00, 0x00, 0x00, 0x00, 0x00, 0x00, 0x00, 0x00, 0x00, 0x00, 0x16, 0x7F, 0x23, 0xEC, 0x00, 0x00
	.byte 0x00, 0x00, 0x00, 0xA4, 0x60, 0x00, 0x00, 0x00, 0x00, 0x00, 0xDF, 0x00, 0x00, 0x00, 0x75, 0x04
	.byte 0xEA, 0x00, 0x00, 0x00, 0x00, 0x00, 0x00, 0x00, 0x00, 0xF7, 0x00, 0x00, 0x00, 0xA3, 0x00, 0xFD
	.byte 0xF3, 0x00, 0x00, 0x00, 0x00, 0x00, 0x00, 0x00, 0x00, 0x00, 0x00, 0x00, 0x00, 0x00, 0x00, 0x00
	.byte 0xF7, 0xEB, 0xF0, 0x1F, 0x6D, 0x00, 0x00, 0x7F, 0x1F, 0x00, 0x00, 0x00, 0x00, 0x00, 0x00, 0x00
	.byte 0x00, 0x00, 0x00, 0x00, 0x00, 0x00, 0x00, 0x00, 0x00, 0x00, 0xA3, 0x00, 0x00, 0x00, 0x00, 0x00
	.byte 0x00, 0x00, 0xC7, 0x1F, 0xD9, 0x1F, 0xEB, 0x00, 0x00, 0x00, 0x00, 0x00, 0x00, 0x00, 0x00, 0x00
	.byte 0x00, 0x00, 0x00, 0x00, 0x00, 0x00, 0x00, 0x00, 0x00, 0x00, 0x00, 0x00, 0x00, 0x00, 0x00, 0x00
	.byte 0x00, 0x16, 0x7F, 0x23, 0xEC, 0x00, 0x00, 0x00, 0x00, 0x2F, 0x00, 0x00, 0x00, 0x00, 0xF7, 0x00
	.byte 0x00, 0x00, 0xA3, 0x00, 0xFD, 0xF3, 0x00, 0x00, 0x00, 0x00, 0x00, 0x00, 0x00, 0x00, 0x00, 0x00
	.byte 0x00, 0x00, 0x00, 0x00, 0xF7, 0xEB, 0xF0, 0x1F, 0x6D, 0x00, 0x00, 0x7F, 0x00, 0x00, 0x00, 0x00
	.byte 0x00, 0x00, 0x00, 0x00, 0x00, 0x00, 0x00, 0x00, 0x00, 0x00, 0x00, 0x00, 0x00, 0x00, 0x00, 0x00
	.byte 0x00, 0x00, 0x00, 0x00, 0xC7, 0x1F, 0xD9, 0x1F, 0xEB, 0x00, 0x00, 0x00, 0x00, 0x00, 0x7B, 0x00
	.byte 0x00, 0x00, 0x00, 0x00, 0x00, 0x00, 0x00, 0x00, 0x00, 0x00, 0x00, 0x00, 0x00, 0x00, 0x00, 0x00
	.byte 0x00, 0x00, 0x00, 0x00, 0x00, 0x00, 0x00, 0x00, 0x2F, 0xB1, 0x2F, 0xE4, 0xF9, 0x00, 0x00, 0x00
	.byte 0x00, 0x00, 0x00, 0x00, 0x00, 0x00, 0x00, 0x00, 0x00, 0x00, 0x00, 0x00, 0xBC, 0xCE, 0xE6, 0xF5
	.byte 0x78, 0x00, 0x00, 0xF0, 0x00, 0x00, 0x00, 0x00, 0x00, 0x00, 0x00, 0x00, 0x00, 0x00, 0x00, 0x00
	.byte 0x00, 0x00, 0x00, 0x00, 0x00, 0x00, 0x00, 0x00, 0x00, 0x00, 0x00, 0x00, 0x00, 0x00, 0x00, 0x00
	.byte 0x00, 0x00, 0x00, 0x00, 0x00, 0x00, 0x00, 0x00, 0x00, 0x00, 0x00, 0x00, 0x00, 0x00, 0x00, 0x00
	.byte 0x40, 0x00, 0x00, 0x00, 0x00, 0x00, 0x00, 0x00, 0x00, 0x00, 0x00, 0x00, 0x00, 0x00, 0x00, 0x00
	.byte 0x00, 0x00, 0x00, 0x00, 0x00, 0x00, 0x00, 0x00, 0x00, 0x00, 0xBC, 0xCE, 0x00, 0x00, 0xF0, 0x00
	.byte 0x00, 0xF7, 0xEB, 0x00, 0x00, 0x00, 0x00, 0x00, 0x00, 0x00, 0x00, 0x00, 0x00, 0x00, 0x00, 0x00
	.byte 0x00, 0x00, 0x00, 0x00, 0x00, 0x00, 0x00, 0x00, 0x00, 0x00, 0x00, 0x00, 0x00, 0x00, 0x01, 0x00
	.byte 0x00, 0x00, 0x00, 0x00, 0x00, 0x00, 0x00, 0x00, 0xBC, 0x00, 0x00, 0x00, 0x00, 0x00, 0x00, 0x00
	.byte 0x00, 0x00, 0x00, 0x00, 0x00, 0x31, 0x00, 0x00, 0x00, 0x00, 0x37, 0x02, 0x00, 0x00, 0x00, 0x00
	.byte 0x00, 0x00, 0x00, 0x00, 0x05, 0x00, 0x32, 0x00, 0x00, 0x00, 0x00, 0x00, 0x35, 0x00, 0x00, 0x00
	.byte 0x00, 0x00, 0x00, 0x00, 0x00, 0x00, 0x00, 0x00, 0x00, 0x00, 0x00, 0x00, 0x00, 0x08, 0x00, 0x00
	.byte 0x00, 0x00, 0x00, 0xF6, 0xF5, 0x78, 0x20, 0x03, 0x46, 0x00, 0x00, 0x00, 0x00, 0xFF, 0x00, 0x00
	.byte 0x00, 0x00, 0x00, 0x00, 0x00, 0x00, 0x00, 0x00, 0x00, 0x30, 0xFD, 0x01, 0x00, 0x35, 0x20, 0x00
	.byte 0x00, 0x00, 0x00, 0x00, 0x00, 0x00, 0x00, 0x00, 0x00, 0x00, 0x00, 0xFF, 0x00, 0x00, 0x00, 0x00
	.byte 0x00, 0x00, 0x00, 0x00, 0x00, 0x00, 0x00, 0x00, 0x00, 0x00, 0x00, 0x00, 0x00, 0x00, 0x00, 0x00
	.byte 0xF7, 0x00, 0x00, 0x00, 0x00, 0x00, 0x00, 0x00, 0x00, 0x00, 0x00, 0x00, 0x00, 0x00, 0x00, 0xF0
	.byte 0x00, 0x05, 0x7E, 0x00, 0x00, 0x00, 0x00, 0x00, 0x00, 0x00, 0x00, 0x00, 0x00, 0x00, 0x00, 0x00
	.byte 0x00, 0x00, 0x00, 0x00, 0x00, 0x00, 0xEB, 0xF0, 0x7F, 0x08, 0x00, 0x00, 0x00, 0x00, 0x00, 0x00
	.byte 0x00, 0x00, 0x00, 0x00, 0x00, 0x00, 0x00, 0x00, 0x00, 0x00, 0x00, 0x00, 0x00, 0x00, 0x31, 0x06
	.byte 0x00, 0x00, 0x00, 0x00, 0x00, 0x00, 0x00, 0x00, 0x00, 0x9F, 0x35, 0x4A, 0x00, 0x00, 0x00, 0x00
	.byte 0x00, 0x00, 0x00, 0x00, 0x00, 0x00, 0x00, 0x00, 0x00, 0xF0, 0x00, 0x00, 0x00, 0x00, 0x00, 0x00
	.byte 0x00, 0xF0, 0x00, 0x00, 0x00, 0x00, 0x00, 0xFF, 0x00, 0x00, 0x00, 0xEB, 0xF0, 0x00, 0x00, 0x00
	.byte 0x00, 0x00, 0xBC, 0x00, 0x00, 0x00, 0x00, 0x00, 0x00, 0x00, 0x00, 0x00, 0x00, 0x00, 0x00, 0x00
	.byte 0xF0, 0x00, 0x08, 0x00, 0x00, 0x00, 0x00, 0x00, 0x00, 0x00, 0x00, 0x00, 0x09, 0x18, 0x00, 0x00
	.byte 0x00, 0x00, 0x00, 0x00, 0x00, 0x00, 0x00, 0x00, 0x00, 0x00, 0x00, 0x00, 0x00, 0x00, 0x00, 0x00
	.byte 0x00, 0x00, 0x00, 0x00, 0x00, 0x00, 0x00, 0xF0, 0x00, 0x05, 0x7E, 0x37, 0x00, 0x00, 0x00, 0x00
	.byte 0x00, 0x00, 0x00, 0x00, 0x00, 0x00, 0x00, 0x00, 0x00, 0x00, 0x00, 0x00, 0x00, 0x00, 0x00, 0x00
	.byte 0x00, 0x00, 0x00, 0x00, 0x00, 0x78, 0x00, 0x00, 0x00, 0x00, 0x00, 0x00, 0x00, 0x00, 0x00, 0x5B
	.byte 0x31, 0x0A, 0x46, 0x37, 0x00, 0x00, 0x00, 0x00, 0x00, 0x00, 0x00, 0x00, 0x00, 0x00, 0xA9, 0x00
	.byte 0x00, 0x08, 0x31, 0x00, 0x00, 0x00, 0x00, 0x00, 0x00, 0x00, 0x00, 0x00, 0x00, 0x00, 0x00, 0x00
	.byte 0x00, 0x00, 0x00, 0x00, 0x00, 0x00, 0x00, 0x00, 0x00, 0x00, 0xFF, 0x00, 0x00, 0x00, 0x00, 0x00
	.byte 0x00, 0x00, 0x00, 0x00, 0x00, 0x00, 0x0C, 0xF7, 0xEB, 0xF0, 0x01, 0x00, 0xFF, 0x00, 0x00, 0x00
	.byte 0x00, 0x00, 0x00, 0x33, 0x6A, 0x00, 0xF0, 0x00, 0x00, 0xF0, 0x00, 0x05, 0x7E, 0x00, 0x00, 0x00
	.byte 0x37, 0xA7, 0x00, 0x00, 0x00, 0x00, 0x00, 0x00, 0x00, 0x00, 0x00, 0x00, 0x00, 0x00, 0x00, 0x00
	.byte 0x00, 0x00, 0x00, 0x00, 0x00, 0x00, 0x0D, 0x46, 0x37, 0x0E, 0x55, 0x18, 0x00, 0x00, 0x00, 0x00
	.byte 0x00, 0x00, 0x00, 0xBC, 0x00, 0x00, 0x00, 0x00, 0x00, 0x00, 0x00, 0x00, 0x00, 0x00, 0x00, 0x00
	.byte 0x00, 0x31, 0x00, 0x05, 0x7E, 0x00, 0x00, 0x00, 0x00, 0x00, 0x00, 0x00, 0x00, 0x00, 0x00, 0x31
	.byte 0x06, 0x00, 0x00, 0x00, 0x00, 0x00, 0x00, 0x00, 0x00, 0x00, 0x00, 0x00, 0x00, 0x00, 0x00, 0x00
	.byte 0x00, 0x00, 0x00, 0x00, 0x00, 0x00, 0x00, 0x00, 0x00, 0x00, 0x00, 0x00, 0x00, 0x00, 0x00, 0x00
	.byte 0x00, 0x00, 0x00, 0x00, 0x00, 0x00, 0x00, 0x00, 0x00, 0x00, 0x00, 0x00, 0x00, 0x00, 0x00, 0x00
	.byte 0x00, 0x00, 0x00, 0x00, 0x00, 0x00, 0x00, 0x00, 0x00, 0x00, 0x00, 0x00, 0x00, 0xFF, 0x00, 0x00
	.byte 0x00, 0x00, 0x00, 0x00, 0x00, 0x0D, 0x46, 0x37, 0x00, 0x00, 0x00, 0x00, 0x00, 0x00, 0x00, 0x00
	.byte 0x00, 0x00, 0x00, 0xE4, 0xF7, 0x00, 0x00, 0x00, 0x00, 0x00, 0x00, 0x00, 0x00, 0x00, 0x00, 0x00
	.byte 0x00, 0x00, 0x00, 0x00, 0x00, 0x00, 0x00, 0x00, 0x00, 0x00, 0x00, 0x00, 0x00, 0x00, 0x00, 0xC8
	.byte 0x00, 0x00, 0x00, 0x00, 0x00, 0x00, 0x00, 0x00, 0x00, 0x12, 0x18, 0x06, 0xF0, 0x00, 0x05, 0x7E
	.byte 0x37, 0x00, 0x00, 0x00, 0x00, 0x00, 0xC9, 0x00, 0x00, 0x00, 0x00, 0x00, 0x00, 0x00, 0x00, 0x00
	.byte 0x13, 0x18, 0x28, 0x00, 0x00, 0x76, 0x15, 0x00, 0x40, 0x00, 0x00, 0x00, 0x00, 0x00, 0xC2, 0x00
	.byte 0x00, 0x00, 0x00, 0x00, 0x00, 0x00, 0x00, 0x00, 0x14, 0x00, 0x09, 0x18, 0x76, 0x00, 0x00, 0x00
	.byte 0x00, 0x00, 0x00, 0x00, 0xCE, 0x00, 0x00, 0x00, 0x00, 0x00, 0x00, 0x00, 0x00, 0x00, 0x15, 0x00
	.byte 0x00, 0x00, 0x00, 0x00, 0x00, 0x00, 0x00, 0x00, 0x00, 0x00, 0x00, 0x00, 0x00, 0x00, 0x00, 0x00
	.byte 0x00, 0x00, 0x00, 0x00, 0x16, 0x00, 0x00, 0x00, 0x00, 0x00, 0x00, 0x00, 0xFF, 0x00, 0x00, 0x00
	.byte 0x00, 0x00, 0xC0, 0x00, 0x00, 0x00, 0x00, 0x00, 0x00, 0x00, 0x00, 0x00, 0x19, 0x18, 0x00, 0x00
	.byte 0x00, 0x00, 0x00, 0xFF, 0x00, 0x00, 0x00, 0x00, 0x00, 0xCF, 0x00, 0x00, 0x00, 0x00, 0x00, 0x00
	.byte 0x00, 0x00, 0x00, 0x44, 0x0A, 0x00, 0x00, 0x88, 0x80, 0x00, 0x00, 0x00, 0x00, 0x45, 0x00, 0x00
	.byte 0x00, 0x00, 0x00, 0x00, 0x00, 0x00, 0x00, 0x00, 0x46, 0x00, 0x00, 0x00, 0x00, 0x00, 0x00, 0x00
	.byte 0x00, 0x00, 0x00, 0x47, 0x08, 0xFF, 0x00, 0x00, 0xC0, 0xFF, 0x00, 0x43, 0x04, 0x80, 0x32, 0x00
	.byte 0x00, 0x0A, 0x60, 0x02, 0x00, 0xE8, 0x00, 0x00, 0x00, 0x3C, 0x00, 0x90, 0x06, 0x01, 0x00, 0x67
	.byte 0x00, 0x40, 0x00, 0x60, 0x04, 0xF0, 0x00, 0x00, 0x61, 0x18, 0x01, 0x1E, 0x06, 0x00, 0x54, 0x1F
	.byte 0xD9, 0x1F, 0xEB, 0x00, 0x00, 0x00, 0x00, 0x00, 0x7B, 0x00, 0x00, 0x00, 0x00, 0x00, 0x00, 0x63
	.byte 0x00, 0x63, 0x18, 0x15, 0x2D, 0x00, 0x46, 0x12, 0x50, 0x50, 0x00, 0x00, 0x00, 0x00, 0xC8, 0x00
	.byte 0x00, 0x00, 0x00, 0x00, 0x00, 0x00, 0x00, 0x00, 0x12, 0x18, 0x64, 0x18, 0x4F, 0x01, 0xD8, 0x03
	.byte 0x98, 0x05, 0x18, 0x05, 0xD8, 0x54, 0x00, 0xC8, 0x00, 0x00, 0x00, 0x00, 0x00, 0x00, 0x00, 0x00
	.byte 0x00, 0x12, 0x18, 0x65, 0x18, 0x3B, 0x50, 0x00, 0x00, 0x00, 0x00, 0x00, 0x00, 0x00, 0x14, 0x00
	.byte 0x09, 0x18, 0x76, 0x00, 0x00, 0x00, 0x00, 0x00, 0x00, 0x12, 0x18, 0x66, 0x18, 0x58, 0x23, 0x03
	.byte 0xA4, 0xCE, 0x00, 0x00, 0x00, 0x00, 0x00, 0x00, 0x00, 0x00, 0x00, 0x15, 0x00, 0x00, 0x00, 0x00
	.byte 0x00, 0x00, 0x63, 0x00, 0x68, 0x00, 0x00, 0x00, 0x00, 0x00, 0x00, 0x00, 0x00, 0x00, 0x70, 0x08
	.byte 0x06, 0x3C, 0x05, 0xFF, 0x07, 0x02, 0x04, 0x07, 0x72, 0x0E, 0x00, 0x00, 0x00, 0x00, 0x00, 0x00
	.byte 0x1D, 0x45, 0x1D, 0x33, 0x00, 0x00, 0x92, 0x00, 0x00, 0x80, 0x00, 0x00, 0x00, 0x00, 0x00, 0x00
	.byte 0x00, 0x00, 0x00, 0x00, 0x71, 0x00, 0x00, 0x99, 0x1E, 0x00, 0x00, 0xB6, 0x00, 0x40, 0x96, 0x88
	.byte 0x90, 0x91, 0xB3, 0x00, 0x00, 0x00, 0x00, 0x00, 0x82, 0x01, 0x02, 0x81, 0x00, 0x10, 0x00, 0x00
	.byte 0x00, 0x00, 0x00, 0x00, 0x80, 0x0E, 0x00, 0x0C, 0x04, 0x45, 0x00, 0x20, 0xFA, 0xDF, 0xBF, 0x00
	.byte 0x00, 0x50, 0xFF, 0x00, 0x17, 0x00, 0x00, 0x00, 0x00, 0x31, 0x06, 0x00, 0x00, 0x00, 0x00, 0x00
	.byte 0x00, 0x00, 0x00, 0x00, 0x31, 0x00, 0x05, 0x7E, 0x00, 0x00, 0x00, 0x00, 0x18, 0x00, 0x00, 0x00
	.byte 0x00, 0x31, 0x06, 0x00, 0x00, 0x00, 0x00, 0x00, 0x00, 0x00, 0xC1, 0x00, 0x00, 0x00, 0x00, 0x00
	.byte 0x00, 0x00, 0x00, 0x00, 0x98, 0x12, 0x40, 0x00, 0x00, 0x20, 0x00, 0x00, 0x20, 0x04, 0x01, 0x5A
	.byte 0x00, 0x00, 0x00, 0x00, 0x00, 0x05, 0x00, 0x00, 0x00, 0x00, 0x00, 0x00, 0x00, 0x14, 0x00, 0x09
	.byte 0x18, 0x76, 0x00, 0x00, 0x00, 0x00, 0x00, 0x12, 0x18, 0x66, 0x18, 0x58, 0x23, 0x03, 0xA4, 0xCE
	.byte 0x00, 0x00, 0x00, 0x00, 0x00, 0x00, 0x00, 0x00, 0x15, 0x00, 0x00, 0x00, 0x00, 0x00, 0x00, 0x63
	.byte 0x00, 0x68, 0x00, 0x00, 0x00, 0x00, 0x00, 0x00, 0x00, 0x00, 0x70, 0x08, 0x06, 0x3C, 0x05, 0xFF
	.byte 0x07, 0x02, 0x04, 0x07, 0x72, 0x0E, 0x00, 0x00, 0x00, 0x00, 0x00, 0x1D, 0x45, 0x1D, 0x33, 0x00
	.byte 0x00, 0x92, 0x00, 0x00, 0x80, 0x00, 0x00, 0x00, 0x00, 0x00, 0x00, 0x00, 0x00, 0x00, 0x71, 0x00
	.byte 0x00, 0x99, 0x1E, 0x00, 0x00, 0xB6, 0x00, 0x40, 0x96, 0x88, 0x90, 0x91, 0x00, 0x00, 0x00, 0x00
	.byte 0x00, 0x82, 0x01, 0x02, 0x81, 0x00, 0x10, 0x00, 0x00, 0x00, 0x00, 0x00, 0x00, 0x0E, 0x00, 0x0C
	.byte 0x04, 0x45, 0x00, 0x20, 0xFA, 0xDF, 0xBF, 0x00, 0x00, 0x50, 0xFF, 0x00, 0x17, 0x00, 0x00, 0x00
	.byte 0x31, 0x06, 0x00, 0x00, 0x00, 0x00, 0x00, 0x00, 0x00, 0x00, 0x00, 0x31, 0x00, 0x05, 0x7E, 0x00
	.byte 0x00, 0x00, 0x18, 0x00, 0x00, 0x00, 0x00, 0x31, 0x06, 0x00, 0x00, 0x00, 0x00, 0x00, 0x00, 0x00
	.byte 0x00, 0x00, 0x00, 0x00, 0x00, 0x00, 0x00, 0x00, 0x00, 0x98, 0x12, 0x40, 0x00, 0x00, 0x20, 0x00
	.byte 0x00, 0x04, 0x01, 0x5A, 0x00, 0x00, 0x00, 0x00, 0x00, 0x05, 0x00, 0x00, 0x00, 0x00, 0x00, 0x00
	.byte 0x00, 0x14, 0x09, 0x18, 0x76, 0x00, 0x00, 0x00, 0x00, 0x00, 0x12, 0x18, 0x66, 0x18, 0x58, 0x23
	.byte 0x03, 0xA4, 0xCE, 0xA4, 0xCE, 0x00, 0x00, 0x00, 0x00, 0x00, 0x00, 0x00, 0x00, 0x15, 0x00, 0x00
	.byte 0x00, 0x00, 0xFF, 0xFF, 0x82, 0x00, 0xFF, 0x00, 0x00, 0x00, 0x00, 0x00, 0x00, 0x00, 0xFF, 0x07
	.byte 0x02, 0x04, 0x07, 0x72, 0x0E, 0x00, 0x00, 0x00, 0x00, 0x00, 0x00, 0x00, 0x00, 0x00, 0x00, 0x00
	.byte 0x00, 0x00, 0x00, 0x00, 0x07, 0x02, 0x04, 0x07, 0x72, 0x0E, 0x00, 0x00, 0x00, 0x00, 0x00, 0x1D
	.byte 0x45, 0x1D, 0x33, 0x07, 0x02, 0x04, 0x07, 0x72, 0x0E, 0x00, 0x00, 0x00, 0x00, 0x00, 0x00, 0x00
	.byte 0x71, 0x00, 0x00, 0x99, 0x1E, 0x00, 0x00, 0xB6, 0x00, 0x40, 0x96, 0x04, 0x07, 0x72, 0x0E, 0x00
	.byte 0x00, 0x00, 0x00, 0x00, 0x1D, 0x45, 0x1D, 0x33, 0x00, 0x00, 0x92, 0x00, 0x00, 0x0E, 0x00, 0x0C
	.byte 0x04, 0x45, 0x00, 0x20, 0xFA, 0xDF, 0xBF, 0x00, 0x00, 0x50, 0xFF, 0x00, 0x17, 0x00, 0x40, 0x96
	.byte 0x88, 0x90, 0x91, 0x00, 0x00, 0x00, 0x00, 0x00, 0x82, 0x01, 0x02, 0x81, 0x00, 0x10, 0x31, 0x06
	.byte 0x00, 0x00, 0x00, 0x00, 0x00, 0x00, 0x00, 0x00, 0x00, 0x31, 0x00, 0x05, 0x7E, 0x00, 0x00, 0xFF
	.byte 0x00, 0x17, 0x00, 0x00, 0x00, 0x31, 0x06, 0x00, 0x00, 0x00, 0x00, 0x00, 0x00, 0x00, 0x00, 0x00
	.byte 0x00, 0x00, 0x00, 0x00, 0x00, 0x98, 0x12, 0x40, 0x00, 0x00, 0x20, 0x00, 0x00, 0x04, 0x01, 0x5A
	.byte 0x00, 0x00, 0x00, 0x00, 0x00, 0x00, 0x00, 0x00, 0x00, 0x00, 0x00, 0x00, 0x98, 0x12, 0x40, 0x00
	.byte 0x00, 0x20, 0x00, 0x04, 0x01, 0x5A, 0x00, 0x00, 0x00, 0x00, 0x00, 0x05, 0x00, 0x00, 0x00, 0x00
	.byte 0x00, 0x00, 0x00, 0x00, 0x00, 0x00, 0x00, 0xFF, 0x07, 0x02, 0x04, 0x07, 0x72, 0x0E, 0x00, 0x00
	.byte 0x00, 0x00, 0x00, 0x00, 0xCE, 0x00, 0x00, 0x00, 0x00, 0x00, 0x00, 0x00, 0x00, 0x15, 0x00, 0x00
	.byte 0x68, 0x00, 0x00, 0x00, 0x00, 0x00, 0x00, 0x00, 0x00, 0x70, 0x08, 0x06, 0x3C, 0x05, 0xFF, 0x07
	.byte 0x02, 0x72, 0x0E, 0x00, 0x00, 0x00, 0x00, 0x00, 0x00, 0x00, 0x00, 0x00, 0x00, 0x00, 0x00, 0x00
	.byte 0x00, 0x00, 0x72, 0x0E, 0x00, 0x00, 0x00, 0x00, 0x00, 0x1D, 0x45, 0x1D, 0x33, 0x00, 0x00, 0x92
	.byte 0x00, 0x00, 0x0E, 0x00, 0x00, 0x00, 0x00, 0x00, 0x00, 0x15, 0x00, 0x00, 0x00, 0x00, 0xFF, 0xFF
	.byte 0x82, 0x00, 0xFF, 0x00, 0x45, 0x00, 0x20, 0xFA, 0xDF, 0xBF, 0x00, 0x00, 0x50, 0xFF, 0x00, 0x17
	.byte 0x00, 0x40, 0x96, 0x88, 0x90, 0x00, 0x00, 0x00, 0x00, 0x00, 0x00, 0x00, 0x00, 0x00, 0x00, 0xFF
	.byte 0x00, 0x17, 0x00, 0x00, 0x00, 0x31, 0x06, 0x00, 0x00, 0x00, 0x00, 0x00, 0x00, 0x00, 0x00, 0x82
	.byte 0x01, 0x02, 0x81, 0x00, 0x10, 0x31, 0x06, 0x00, 0x00, 0x00, 0x00, 0x00, 0x00, 0x00, 0x00, 0x00
	.byte 0x00, 0x05, 0x7E, 0x00, 0x00, 0xFF, 0x00, 0x17, 0x00, 0x00, 0x00, 0x31, 0x06, 0x00, 0x00, 0x00
	.byte 0x00, 0x00, 0x0E, 0x00, 0x0C, 0x04, 0x45, 0x00, 0x20, 0xFA, 0xDF, 0xBF, 0x00, 0x00, 0x50, 0xFF
	.byte 0x00, 0x17, 0x00, 0x00, 0x00, 0x00, 0x00, 0x05, 0x00, 0x00, 0x00, 0x00, 0x00, 0x00, 0x00, 0x00
	.byte 0x00, 0x00, 0x00, 0x00, 0x00, 0x00, 0x00, 0x00, 0x15, 0x00, 0x00, 0x68, 0x00, 0x00, 0x00, 0x00
	.byte 0x00, 0x00, 0x00, 0x00, 0x00, 0x00, 0x00, 0x00, 0x00, 0xFF, 0x07, 0x02, 0x04, 0x07, 0x72, 0x0E
	.byte 0x00, 0x00, 0x00, 0x00, 0x00, 0x00, 0x00, 0x00, 0x00, 0x00, 0x00, 0x72, 0x0E, 0x00, 0x00, 0x00
	.byte 0x00, 0x00, 0x1D, 0x45, 0x1D, 0x33, 0x00, 0x00, 0x00, 0x15, 0x00, 0x00, 0x00, 0x00, 0xFF, 0xF6
	.byte 0x00, 0x00, 0x3B, 0x00, 0xB4, 0x00, 0x1A, 0x04, 0x02, 0x7F, 0x81, 0x00, 0x00, 0x00, 0x00, 0xFF
	.byte 0x00, 0x17, 0x00, 0x00, 0x00, 0x31, 0x06, 0x00, 0x00, 0x00, 0x00, 0x00, 0x00, 0x00, 0x82, 0x01
	.byte 0x02, 0x81, 0x00, 0x10, 0x31, 0x06, 0x00, 0x00, 0x00, 0x00, 0x00, 0x00, 0x00, 0x81, 0xB0, 0x1B
	.byte 0x00, 0x08, 0x40, 0x7F, 0xC0, 0x1B, 0x00, 0x00, 0x00, 0x98, 0x1E, 0x39, 0x65, 0x3D, 0x06, 0x00
	.byte 0x45, 0x66, 0x47, 0x00, 0xB0, 0x1E, 0x00, 0x03, 0x64, 0x7F, 0x81, 0x98, 0x04, 0x45, 0x61, 0x0B
	.byte 0x00, 0x98, 0x06, 0x39, 0x57, 0x0A, 0x05, 0xD8, 0x3B, 0x5F, 0x0F, 0x00, 0x98, 0x13, 0x47, 0x57
	.byte 0x00, 0x00, 0x21, 0x3D, 0x5E, 0x09, 0x00, 0x15, 0x49, 0x51, 0x00, 0x00, 0x2F, 0x3E, 0x5F, 0x08
	.byte 0x00, 0x00, 0x4A, 0x62, 0x06, 0x00, 0x98, 0x4C, 0x3B, 0x61, 0x05, 0x0E, 0x00, 0x47, 0x57, 0x05
	.byte 0x00, 0x81, 0x98, 0x09, 0x4C, 0x56, 0x07, 0x00, 0x98, 0x09, 0x40, 0x54, 0x00, 0x1D, 0x25, 0x4C
	.byte 0x5F, 0x00, 0x00, 0x15, 0x40, 0x5A, 0x00, 0x1D, 0x42, 0x39, 0x62, 0x1E, 0xB4, 0x00, 0x45, 0x65
	.byte 0x1C, 0x00, 0x98, 0x5F, 0x3B, 0x54, 0x0E, 0x00, 0x17, 0x47, 0x54, 0x0F, 0x72, 0x0E, 0x0D, 0x49
	.byte 0x5C, 0x00, 0x00, 0x0D, 0x3D, 0x56, 0x00, 0x00, 0x1B, 0x4A, 0x53, 0x0C, 0x00, 0x00, 0x3E, 0x58
	.byte 0x0D, 0x00, 0x98, 0x29, 0x4C, 0x66, 0x00, 0x00, 0x29, 0x40, 0x66, 0xB0, 0x1B, 0x37, 0x4E, 0x54
	.byte 0x31, 0x06, 0x38, 0x42, 0x4E, 0x11, 0x00, 0x98, 0x46, 0x44, 0x65, 0x00, 0x00, 0x46, 0x50, 0x67
	.byte 0x00, 0x00, 0x55, 0x45, 0x63, 0x07, 0x00, 0xFB, 0x00, 0x00, 0x1A, 0x90, 0x00, 0x00, 0x05, 0x00
	.byte 0x00, 0x00, 0x00, 0x00, 0x00, 0xFF, 0x00, 0x17, 0x00, 0xB0, 0x35, 0x01, 0x08, 0x21, 0x7F, 0xC0
	.byte 0x35, 0x01, 0x00, 0x41, 0x00, 0xB0, 0x3F, 0x01, 0x03, 0x71, 0x7F, 0x00, 0x00, 0x3B, 0x16, 0x00
	.byte 0x98, 0x57, 0x47, 0x4A, 0x10, 0x72, 0x0E, 0x06, 0x49, 0x45, 0x31, 0x06, 0x14, 0x4A, 0x54, 0x00
	.byte 0x00, 0x2D, 0x47, 0x4B, 0x00, 0x00, 0x4C, 0x4C, 0x59, 0x0A, 0x72, 0x0E, 0x00, 0x00, 0x00, 0x00
	.byte 0x00, 0x27, 0x45, 0x4E, 0x1F, 0x45, 0x61, 0x47, 0x45, 0xB0, 0x1B, 0x53, 0x49, 0x4F, 0x0C, 0x72
	.byte 0x0E, 0x02, 0x4A, 0x54, 0xB0, 0x1B, 0x10, 0x4C, 0x52, 0x00, 0x00, 0x1C, 0x4E, 0x4E, 0xC0, 0x1B
	.byte 0x00, 0x50, 0x53, 0x00, 0x00, 0x38, 0x51, 0x5A, 0xC0, 0x1B, 0x56, 0x4E, 0x5F, 0x09, 0x72, 0x0E
	.byte 0x14, 0x53, 0x00, 0x00, 0x00, 0x30, 0x53, 0x29, 0x40, 0x66, 0x4E, 0x50, 0x57, 0x1D, 0x00, 0x00
	.byte 0x82, 0x4C, 0x00, 0x00, 0x00, 0x1A, 0x4E, 0x53, 0x31, 0x06, 0x29, 0x50, 0x69, 0x00, 0x00, 0x38
	.byte 0x51, 0x51, 0x00, 0x00, 0x44, 0x53, 0x98, 0x5F, 0x3B, 0x52, 0x55, 0x4E, 0x54, 0x81, 0x98, 0x01
	.byte 0x56, 0x5E, 0x00, 0x00, 0x1C, 0x53, 0x5A, 0x00, 0x00, 0x39, 0x58, 0x63, 0x00, 0xFF, 0x54, 0x58
	.byte 0x00, 0xFB, 0x00, 0x00, 0x11, 0x55, 0x5A, 0x31, 0xFF, 0x00, 0x4A, 0x54, 0x00, 0xFF, 0x4F, 0x53
	.byte 0x52, 0x08, 0x72, 0x0E, 0x0A, 0x4A, 0x49, 0x00, 0x00, 0x0B, 0x00, 0x00, 0x1C, 0x98, 0x27, 0x4B
	.byte 0x5D, 0x09, 0x00, 0xC7, 0x00, 0x00, 0x2D, 0x90, 0x00, 0x00, 0x06, 0x51, 0x00, 0x00, 0x2F, 0x3E
	.byte 0x5F, 0x08, 0x00, 0x00, 0x4A, 0x62, 0x38, 0x02, 0x00, 0xFF, 0x00, 0x38, 0x02, 0x00, 0x42, 0x00
	.byte 0x98, 0x3F, 0x45, 0x50, 0x19, 0x05, 0x00, 0x02, 0x03, 0x70, 0x7F, 0x98, 0x53, 0x47, 0x3D, 0x0E
	.byte 0x29, 0x4C, 0x66, 0x49, 0x42, 0x31, 0x06, 0x10, 0x4A, 0x47, 0x00, 0x00, 0x2D, 0x47, 0x4C, 0x00
	.byte 0x00, 0x49, 0x4C, 0x4F, 0xFB, 0x00, 0x00, 0x06, 0x31, 0xFF, 0x00, 0x98, 0x23, 0x45, 0x53, 0x7F
	.byte 0x81, 0x40, 0x98, 0x01, 0x56, 0x98, 0x4E, 0x49, 0x3E, 0x31, 0x06, 0x5D, 0x4A, 0x43, 0x56, 0x5E
	.byte 0x00, 0x0B, 0x4C, 0x46, 0xC0, 0x1B, 0x19, 0x4E, 0x49, 0x31, 0x06, 0x27, 0x50, 0x4E, 0x00, 0x00
	.byte 0x35, 0x51, 0x5C, 0x00, 0x00, 0x52, 0x4E, 0x29, 0x40, 0x81, 0x98, 0x10, 0x53, 0x57, 0x00, 0x00
	.byte 0x2C, 0x53, 0x4E, 0x54, 0x31, 0x49, 0x50, 0x50, 0x33, 0x00, 0x00, 0x00, 0x00, 0x00, 0x00, 0x00
	.byte 0x0D, 0x4E, 0x53, 0x31, 0x81, 0x81, 0x98, 0x3B, 0x4A, 0x3A, 0x29, 0x5E, 0x00, 0x00, 0x1C, 0x37
	.byte 0x31, 0x06, 0x12, 0x47, 0x36, 0x2C, 0x00, 0x98, 0x3D, 0x49, 0x30, 0x42, 0x31, 0x06, 0x4A, 0x33
	.byte 0x31, 0x06, 0x58, 0x49, 0x3B, 0x00, 0x00, 0x2D, 0x08, 0x47, 0x3B, 0x56, 0x00, 0x17, 0x4D, 0x3D
	.byte 0x22, 0x00, 0x2D, 0x47, 0x98, 0x25, 0x4A, 0x44, 0x2D, 0x10, 0x4C, 0x49, 0x3A, 0xC0, 0x1B, 0x5F
	.byte 0x47, 0x36, 0x53, 0x7F, 0x81, 0x28, 0x45, 0x30, 0x00, 0x00, 0x36, 0x44, 0x30, 0xFF, 0x00, 0x53
	.byte 0x9D, 0x00, 0x00, 0x31, 0x00, 0x2D, 0x47, 0x4C, 0x00, 0x00, 0x4C, 0x00, 0x00, 0x00, 0x03, 0x08
	.byte 0x53, 0x06, 0x29, 0x03, 0x00, 0x45, 0x05, 0x00, 0x03, 0x00, 0x00, 0x50, 0xFF, 0x4C, 0x38, 0x32
	.byte 0x18, 0xFF, 0x00, 0x40, 0x32, 0x13, 0x72, 0x0E, 0x00, 0x38, 0x37, 0x1D, 0x1D, 0x45, 0x1D, 0x37
	.byte 0x19, 0x00, 0x00, 0x39, 0x3B, 0x2B, 0x00, 0x98, 0x28, 0x3D, 0x3B, 0x39, 0x00, 0x2D, 0x98, 0x11
	.byte 0x3E, 0x3E, 0x24, 0x00, 0x00, 0x00, 0x3F, 0x20, 0x00, 0x98, 0x32, 0x45, 0x43, 0x29, 0x03, 0x00
	.byte 0x3F, 0x00, 0x03, 0x00, 0x4F, 0x44, 0x47, 0x2F, 0x00, 0x3E, 0x40, 0x47, 0x23, 0x2D, 0x47, 0x4C
	.byte 0x3A, 0x3E, 0x52, 0x3E, 0x00, 0x98, 0x3B, 0x45, 0x69, 0x1A, 0x55, 0x45, 0x44, 0x5F, 0x98, 0x10
	.byte 0x98, 0x15, 0x45, 0x5D, 0x27, 0x00, 0x98, 0x18, 0x3D, 0x4F, 0x00, 0x3F, 0x50, 0x47, 0x42, 0x3A
	.byte 0x00, 0x98, 0x51, 0x3E, 0x31, 0x3A, 0x0D, 0x4E, 0x53, 0x31, 0x5A, 0x00, 0x03, 0x28, 0x3F, 0x3E
	.byte 0x3B, 0x29, 0x4C, 0x66, 0x44, 0x50, 0x22, 0x00, 0x98, 0x02, 0x40, 0x40, 0x98, 0x10, 0x53, 0x57
	.byte 0x00, 0x00, 0x00, 0x00, 0x00, 0x00, 0x00, 0x44, 0x31, 0x06, 0x58, 0x98, 0x46, 0x45, 0x5B, 0x0D
	.byte 0x00, 0xB0, 0x47, 0x03, 0x03, 0x6E, 0x4E, 0x54, 0x44, 0x52, 0x56, 0x5E, 0x00, 0x01, 0x42, 0x56
	.byte 0x00, 0x00, 0x39, 0x41, 0x4F, 0x31, 0x06, 0x00, 0x42, 0x4B, 0x04, 0x45, 0x2D, 0x44, 0x02, 0x40
	.byte 0x40, 0x3B, 0x45, 0x4A, 0x12, 0x11, 0x55, 0x47, 0x56, 0x4E, 0x49, 0x31, 0x06, 0x4D, 0x19, 0x0E
	.byte 0x14, 0x53, 0x15, 0x45, 0x5D, 0x27, 0x00, 0x98, 0x18, 0x3D, 0x4F, 0x00, 0x3F, 0x00, 0x00, 0x00
	.byte 0x00, 0x00, 0x00, 0x00, 0x00, 0x00, 0x0E, 0x04, 0x00, 0xFF, 0x00, 0x0E, 0x04, 0x00, 0x36, 0x00
	.byte 0x98, 0x11, 0x38, 0x33, 0x00, 0x3F, 0x11, 0x3B, 0x98, 0x18, 0x3D, 0x4F, 0x3E, 0x52, 0x18, 0x3D
	.byte 0x4F, 0x34, 0x31, 0x28, 0x00, 0xB0, 0x11, 0x04, 0x03, 0x76, 0x7F, 0x98, 0x47, 0x34, 0x2E, 0x00
	.byte 0x1D, 0x47, 0x38, 0x33, 0x72, 0x0E, 0x47, 0x3B, 0x4F, 0x3E, 0x52, 0x18, 0x3E, 0x52, 0x3B, 0x5F
	.byte 0x0F, 0x34, 0x30, 0x00, 0xFF, 0x55, 0x38, 0x34, 0x00, 0x1D, 0x55, 0x3B, 0x33, 0x72, 0x0E, 0x56
	.byte 0x3E, 0x00, 0x1C, 0x4E, 0x4E, 0x03, 0x00, 0x3F, 0x11, 0x3B, 0x03, 0x3D, 0x4F, 0x3E, 0x52, 0x03
	.byte 0x4F, 0x34, 0x31, 0x28, 0x03, 0x11, 0x04, 0x03, 0x76, 0x11, 0x47, 0x34, 0x2E, 0x00, 0x11, 0x38
	.byte 0x33, 0x72, 0x0E, 0x11, 0x4F, 0x3E, 0x52, 0x18, 0x12, 0x3B, 0x5F, 0x0F, 0x98, 0x1E, 0x34, 0x40
	.byte 0x02, 0x03, 0x98, 0x1F, 0x38, 0x46, 0x5E, 0x02, 0x98, 0x1F, 0x3B, 0x46, 0x01, 0x12, 0x3B, 0x3E
	.byte 0x51, 0x01, 0x03, 0xD3, 0x4A, 0x7E, 0xD3, 0x50, 0x7D, 0xD3, 0x55, 0x7C, 0xD3, 0x5A, 0x7B, 0x81
	.byte 0xD3, 0x00, 0x7A, 0xD3, 0x05, 0x79, 0xD3, 0x0A, 0x78, 0xD3, 0x0F, 0x77, 0xD3, 0x15, 0x76, 0xD3
	.byte 0x19, 0x75, 0xD3, 0x1E, 0x74, 0xD3, 0x24, 0x73, 0xD3, 0x29, 0x72, 0xD3, 0x2E, 0x71, 0xD3, 0x34
	.byte 0x70, 0xD3, 0x38, 0x6F, 0xD3, 0x3E, 0x6E, 0xD3, 0x43, 0x6D, 0xD3, 0x48, 0x6C, 0xD3, 0x4D, 0x6B
	.byte 0xD3, 0x53, 0x6A, 0xD3, 0x57, 0x69, 0xD3, 0x5C, 0xBA, 0x00, 0x00, 0x38, 0x4F, 0x31, 0x06, 0x00
	.byte 0x42, 0x4B, 0x04, 0x45, 0x2D, 0x44, 0x02, 0x40, 0x40, 0x3B, 0x45, 0x4A, 0x12, 0x55, 0x47, 0x56
	.byte 0x05, 0x08, 0x31, 0x4D, 0x19, 0x05, 0x00, 0x30, 0x02, 0xB0, 0x11, 0x05, 0x00, 0x00, 0x50, 0xFF
	.byte 0x3E, 0x40, 0x4C, 0x72, 0x0E, 0x00, 0x40, 0x4E, 0x00, 0x00, 0x5A, 0x40, 0x4F, 0x07, 0x72, 0x0E
	.byte 0x17, 0x44, 0x4F, 0x72, 0x0E, 0x26, 0x44, 0x55, 0x72, 0x0E, 0x34, 0x44, 0x60, 0x2B, 0x01, 0x31
	.byte 0xFF, 0x04, 0x44, 0x58, 0x00, 0x00, 0x00, 0x44, 0x61, 0x00, 0xFF, 0x3D, 0x44, 0x69, 0x00, 0x00
	.byte 0x5A, 0x44, 0x72, 0x16, 0x2D, 0x47, 0x4C, 0x29, 0x41, 0x07, 0x72, 0x0E, 0x37, 0x41, 0x5A, 0x72
	.byte 0x0E, 0x46, 0x41, 0x27, 0x45, 0x3B, 0x45, 0x69, 0x6C, 0x72, 0x0E, 0x11, 0x44, 0x64, 0x00, 0x00
	.byte 0x1F, 0x41, 0x5F, 0x29, 0x00, 0x98, 0x4B, 0x40, 0x48, 0x00, 0x00, 0x59, 0x3E, 0x4E, 0x2A, 0x72
	.byte 0x0E, 0x24, 0x3C, 0x40, 0x00, 0x00, 0x33, 0x3B, 0x43, 0xFF, 0x00, 0x50, 0x3E, 0x49, 0x1B, 0x72
	.byte 0x0E, 0x0E, 0x41, 0x4E, 0xFF, 0x00, 0x2B, 0x44, 0x56, 0x21, 0x00, 0x98, 0x48, 0x45, 0x60, 0x1C
	.byte 0x36, 0x2C, 0x00, 0x98, 0x3D, 0x49, 0x30, 0x98, 0x56, 0x42, 0x42, 0x00, 0x00, 0x57, 0x47, 0x42
	.byte 0xC0, 0x1B, 0x57, 0x4B, 0x5A, 0x00, 0x22, 0x00, 0x42, 0x42, 0x00, 0x00, 0x4C, 0x47, 0x00, 0x00
	.byte 0x00, 0x00, 0x4B, 0x00, 0x00, 0x4E, 0xC0, 0x44, 0x5A, 0x00, 0x00, 0x0A, 0x47, 0x00, 0x00, 0x00
	.byte 0x00, 0x4C, 0x42, 0xB8, 0x00, 0x00, 0x00, 0x50, 0x57, 0x1D, 0x00, 0x00, 0x82, 0x4C, 0x00, 0x00
	.byte 0x00, 0x06, 0x08, 0x0E, 0x06, 0x29, 0x06, 0x00, 0x66, 0x04, 0x51, 0x51, 0x5E, 0x13, 0x05, 0x00
	.byte 0x06, 0x03, 0x7F, 0x7F, 0x98, 0x54, 0x47, 0x47, 0x06, 0x72, 0x0E, 0x00, 0x49, 0x4B, 0x00, 0xFF
	.byte 0x0E, 0x4A, 0x5B, 0x00, 0x1D, 0x2C, 0x47, 0x53, 0x00, 0x1D, 0x49, 0x4C, 0xB0, 0x1B, 0x81, 0x98
	.byte 0x05, 0x4C, 0x5B, 0x00, 0xFF, 0x23, 0x45, 0x54, 0x25, 0x4A, 0x3F, 0x47, 0x39, 0x00, 0x00, 0x4E
	.byte 0x49, 0x39, 0x31, 0x06, 0x5C, 0x4A, 0x09, 0x00, 0x06, 0x51, 0x00, 0x5A, 0x00, 0x00, 0x19, 0x4E
	.byte 0x4A, 0x62, 0x38, 0x02, 0x00, 0x00, 0x00, 0x00, 0x36, 0x51, 0x6A, 0x00, 0x00, 0x52, 0x4E, 0x7F
	.byte 0xC0, 0x81, 0x98, 0x0F, 0x53, 0x60, 0x00, 0x1D, 0x2B, 0x53, 0x68, 0x00, 0xFF, 0x48, 0x50, 0x5A
	.byte 0x1F, 0x72, 0x0E, 0x04, 0x4C, 0x00, 0xFF, 0x48, 0x12, 0x4E, 0x00, 0xFF, 0x48, 0x22, 0x50, 0x3A
	.byte 0x31, 0x06, 0x30, 0x51, 0x3F, 0x31, 0x06, 0x3F, 0x53, 0x0C, 0x00, 0x00, 0x4D, 0x55, 0x65, 0x00
	.byte 0x00, 0x5B, 0x56, 0x11, 0x44, 0x64, 0x00, 0x18, 0x53, 0x57, 0x72, 0x0E, 0x34, 0x00, 0x27, 0x45
	.byte 0x4E, 0x51, 0x58, 0x00, 0x00, 0x36, 0x2C, 0x55, 0x5A, 0x00, 0x00, 0x47, 0x53, 0x51, 0x11, 0x36
	.byte 0x2C, 0x55, 0x53, 0x52, 0x31, 0x06, 0x21, 0x51, 0x56, 0x04, 0x45, 0x3D, 0x51, 0x62, 0x72, 0x16
	.byte 0x2D, 0x50, 0x6C, 0x49, 0x3A, 0xC0, 0x15, 0x4C, 0x45, 0x08, 0x96, 0x00, 0x00, 0x00, 0x98, 0x00
	.byte 0x39, 0x5E, 0x1B, 0x00, 0x98, 0x1D, 0x3B, 0x4A, 0x3F, 0x98, 0x29, 0x3D, 0x49, 0x39, 0x31, 0x36
	.byte 0x3E, 0x09, 0x00, 0x06, 0x55, 0x3B, 0x53, 0x3F, 0x47, 0x39, 0x12, 0x40, 0xB0, 0x1B, 0x10, 0x2E
	.byte 0x40, 0x51, 0x6A, 0x00, 0x4B, 0x39, 0x54, 0x19, 0x00, 0x00, 0x35, 0x3B, 0x00, 0xFF, 0x48, 0x17
	.byte 0x3D, 0x00, 0xFF, 0x48, 0x25, 0x3E, 0x09, 0x00, 0xC7, 0x33, 0x40, 0x5A, 0x00, 0x00, 0x42, 0x42
	.byte 0x50, 0x3A, 0x31, 0x50, 0x44, 0x00, 0x00, 0x00, 0x5E, 0x45, 0x6A, 0x98, 0x29, 0x4C, 0x1B, 0x42
	.byte 0x7F, 0xC0, 0x1B, 0x37, 0x47, 0x60, 0x45, 0x4E, 0x1F, 0x47, 0x00, 0x27, 0x1B, 0x53, 0x44, 0x00
	.byte 0x00, 0x98, 0x2D, 0x40, 0x00, 0xFF, 0x48, 0x3B, 0x42, 0x00, 0xFF, 0x48, 0x4B, 0x44, 0x21, 0x51
	.byte 0x56, 0x59, 0x45, 0x51, 0x62, 0x81, 0x98, 0x07, 0x47, 0x45, 0xC0, 0x1B, 0x15, 0x49, 0x3F, 0x01
	.byte 0x03, 0x24, 0x4A, 0x27, 0x45, 0x4E, 0x41, 0x47, 0x1D, 0x3B, 0x4A, 0x5D, 0x4C, 0x55, 0x1C, 0x4E
	.byte 0x4E, 0x1A, 0x4C, 0x49, 0x39, 0x31, 0x37, 0x49, 0x48, 0x37, 0x1D, 0x98, 0x10, 0x47, 0x3D, 0x00
	.byte 0x44, 0x31, 0x47, 0x49, 0x44, 0x52, 0x4A, 0x45, 0x53, 0x2E, 0x40, 0x51, 0x06, 0x45, 0x5E, 0x08
	.byte 0x96, 0x23, 0x44, 0x6C, 0x47, 0x03, 0x40, 0x40, 0x4D, 0x00, 0xFF, 0x4E, 0x42, 0x4B, 0x52, 0x18
	.byte 0x5D, 0x40, 0x48, 0x40, 0x4F, 0x07, 0x0B, 0x3E, 0x46, 0x00, 0xFF, 0x1A, 0x3D, 0x42, 0x00, 0x00
	.byte 0x28, 0xF4, 0x00, 0x00, 0x10, 0x53, 0x57, 0x00, 0x37, 0x00, 0x00, 0x98, 0x64, 0x7F, 0x53, 0x04
	.byte 0x4E, 0x1F, 0x42, 0x51, 0x00, 0x40, 0x54, 0x3B, 0x51, 0x3F, 0x47, 0x39, 0x11, 0x3B, 0x4E, 0x25
	.byte 0x4A, 0x11, 0x40, 0x00, 0x00, 0x81, 0x98, 0x5D, 0x45, 0x5A, 0x45, 0x44, 0x5E, 0x3B, 0x5A, 0x04
	.byte 0x11, 0x40, 0x00, 0x44, 0x58, 0x00, 0x00, 0x1A, 0x3B, 0x58, 0x0E, 0x46, 0x41, 0x40, 0x57, 0x28
	.byte 0x66, 0x47, 0x45, 0x57, 0x26, 0x03, 0x70, 0x7F, 0x3E, 0x42, 0xFF, 0x3E, 0x10, 0x44, 0x00, 0x00
	.byte 0x00, 0x2D, 0x44, 0x49, 0x00, 0x40, 0x2D, 0x3E, 0x49, 0xFF, 0x3E, 0x4A, 0x42, 0x4F, 0x00, 0x00
	.byte 0x4A, 0x3F, 0x4F, 0x00, 0x72, 0x0E, 0x07, 0x42, 0x59, 0x00, 0x40, 0x07, 0x3F, 0x59, 0xFF, 0x3E
	.byte 0x23, 0x40, 0x6D, 0x49, 0x3A, 0xB0, 0x38, 0x08, 0x08, 0x2F, 0x7F, 0xC0, 0x3C, 0x08, 0x53, 0x00
	.byte 0xB0, 0x3F, 0x08, 0x03, 0x68, 0x00, 0x00, 0x00, 0x00, 0x98, 0x0F, 0x3B, 0x53, 0x00, 0x40, 0x0F
	.byte 0xB0, 0x3F, 0x08, 0x03, 0x2C, 0x3B, 0x00, 0x00, 0x98, 0x2C, 0x42, 0x51, 0x08, 0x03, 0x48, 0x3B
	.byte 0x4E, 0x00, 0x00, 0x49, 0x40, 0x4E, 0x17, 0x2D, 0x47, 0x4C, 0x35, 0x3B, 0x4B, 0x08, 0x03, 0x35
	.byte 0x45, 0x67, 0x00, 0x00, 0x52, 0x3B, 0x47, 0x00, 0x40, 0x52, 0x44, 0x63, 0x21, 0x1C, 0x36, 0x2C
	.byte 0x40, 0x57, 0x72, 0x0E, 0x0E, 0x45, 0x71, 0x26, 0x00, 0x57, 0x3E, 0x00, 0x00, 0x98, 0x48, 0x44
	.byte 0x00, 0x00, 0x00, 0x00, 0x44, 0x52, 0x04, 0x00, 0xF9, 0x00, 0x00, 0x44, 0x00, 0x00, 0x61, 0x45
	.byte 0x6A, 0x00, 0x2D, 0x58, 0x29, 0x03, 0x1D, 0x2F, 0x34, 0x2E, 0x00, 0x1D, 0x3B, 0x4A, 0xFF, 0x3E
	.byte 0x28, 0x31, 0x4A, 0x00, 0xFF, 0x29, 0x3D, 0x4E, 0x60, 0x45, 0x4E, 0x1F, 0x5E, 0x5D, 0x45, 0x5A
	.byte 0x32, 0x5E, 0x52, 0x18, 0x54, 0x2F, 0x55, 0x72, 0x0E, 0x55, 0x3B, 0x00, 0x00, 0x1B, 0x53, 0x34
	.byte 0x00, 0x00, 0x00, 0x12, 0x40, 0x00, 0x00, 0x00, 0x2E, 0x00, 0x00, 0x00, 0x00, 0x2F, 0x00, 0x00
	.byte 0x00, 0x00, 0x4B, 0x2D, 0x57, 0x00, 0x00, 0x4B, 0x39, 0x57, 0x62, 0x81, 0x98, 0x07, 0x2F, 0x44
	.byte 0x44, 0x52, 0x08, 0x3B, 0x44, 0x31, 0x06, 0x16, 0x31, 0x33, 0x04, 0x45, 0x17, 0x3D, 0x34, 0x24
	.byte 0x4A, 0x27, 0x32, 0x36, 0x24, 0x4A, 0x27, 0x45, 0x37, 0xC0, 0x1B, 0x33, 0x40, 0x3A, 0x00, 0x33
	.byte 0x33, 0x34, 0x00, 0xFF, 0x48, 0x42, 0x42, 0x44, 0x00, 0x4D, 0x42, 0x36, 0x42, 0x04, 0x45, 0x50
	.byte 0x44, 0x51, 0xB0, 0x1B, 0x51, 0x38, 0x4F, 0x00, 0x4D, 0x5E, 0x45, 0x69, 0x52, 0x18, 0x5F, 0x39
	.byte 0x67, 0x3F, 0x47, 0x39, 0x1B, 0x36, 0x5B, 0xFF, 0x3E, 0x1C, 0x42, 0x51, 0x6A, 0x00, 0x37, 0x34
	.byte 0x63, 0x4A, 0x45, 0x53, 0x2E, 0x13, 0x47, 0x98, 0x37, 0x42, 0x63, 0x00, 0x40, 0x37, 0x3B, 0x03
	.byte 0x46, 0x00, 0x54, 0x47, 0x67, 0x00, 0x00, 0x00, 0x33, 0x67, 0x39, 0x1B, 0x54, 0x3B, 0x68, 0xFF
	.byte 0x3E, 0x54, 0x42, 0x67, 0x47, 0x4C, 0x35, 0x10, 0x40, 0x4A, 0x17, 0x00, 0x98, 0x14, 0x53, 0x40
	.byte 0x54, 0x00, 0x2D, 0x45, 0x34, 0x63, 0x4A, 0x45, 0x2C, 0x00, 0xFF, 0x28, 0x31, 0x33, 0x3B, 0x68
	.byte 0xFF, 0x3E, 0x40, 0x67, 0x47, 0x4C, 0x35, 0x26, 0x00, 0x00, 0x2D, 0x45, 0x47, 0x52, 0x18, 0x2F
	.byte 0x00, 0x00, 0x00, 0x00, 0x4C, 0x2D, 0x44, 0x1E, 0x2D, 0x44, 0x1E, 0x2D, 0x31, 0x44, 0x52, 0x16
	.byte 0x31, 0x26, 0x04, 0x45, 0x25, 0x32, 0x26, 0x31, 0x06, 0x34, 0x34, 0x29, 0xC0, 0x1B, 0x42, 0x36
	.byte 0x2F, 0x04, 0x45, 0x52, 0x38, 0x3C, 0x00, 0x4D, 0x5F, 0x39, 0x49, 0x5B, 0x56, 0x11, 0x1A, 0x36
	.byte 0x00, 0x4C, 0x42, 0x36, 0x34, 0x3D, 0x7F, 0x81, 0x53, 0x33, 0x38, 0x00, 0x36, 0x2C, 0x10, 0x34
	.byte 0x3A, 0x40, 0x54, 0x2E, 0x34, 0x2E, 0xC0, 0x1B, 0x3C, 0x36, 0x00, 0x00, 0x00, 0x4A, 0x38, 0x32
	.byte 0xC0, 0x1B, 0x59, 0x39, 0x45, 0x52, 0x00, 0x10, 0x3B, 0x3B, 0x26, 0x04, 0x45, 0x3D, 0x43, 0x08
	.byte 0x96, 0x24, 0x3E, 0x53, 0x00, 0x40, 0x54, 0x3B, 0x4E, 0x00, 0x33, 0x5D, 0x34, 0x49, 0xFF, 0x40
	.byte 0x00, 0x34, 0x49, 0x00, 0x00, 0x37, 0x39, 0x4B, 0x53, 0x7F, 0x81, 0x11, 0x32, 0x39, 0x00, 0x00
	.byte 0x2E, 0x32, 0x3B, 0x00, 0x00, 0x4A, 0x33, 0x48, 0xFB, 0x00, 0x00, 0x07, 0x33, 0x00, 0x00, 0x00
	.byte 0x22, 0x34, 0x65, 0x20, 0x4E, 0x1F, 0x3C, 0x0A, 0x08, 0x67, 0x5E, 0x52, 0x0A, 0x00, 0x66, 0x06
	.byte 0xB0, 0x3F, 0x0A, 0x03, 0x78, 0x56, 0x07, 0x2D, 0x45, 0x40, 0x54, 0x54, 0x00, 0x00, 0x00, 0xF7
	.byte 0x5F, 0x31, 0x06, 0xFF, 0xFF, 0x50, 0x57, 0x1D, 0x00, 0x00, 0x82, 0x4C, 0x00, 0x00, 0x00, 0x0B
	.byte 0x08, 0x6D, 0x06, 0x29, 0x0B, 0x00, 0x46, 0x72, 0x0E, 0x4A, 0x38, 0x29, 0x00, 0x00, 0x2D, 0x06
	.byte 0x38, 0x2F, 0x31, 0x06, 0x23, 0x39, 0x34, 0x23, 0x39, 0x0E, 0x0E, 0x45, 0x26, 0x53, 0x7F, 0x2D
	.byte 0x3F, 0x2D, 0x7F, 0x81, 0x49, 0x40, 0x34, 0x57, 0x72, 0x16, 0x31, 0x3E, 0x2D, 0xB0, 0x1B, 0x52
	.byte 0x3E, 0x29, 0x5F, 0x00, 0x00, 0x0F, 0x3D, 0x26, 0x63, 0x21, 0x49, 0x3E, 0x23, 0x00, 0x00, 0x00
	.byte 0x00, 0x3E, 0x26, 0xB0, 0x1B, 0x22, 0x3F, 0x29, 0x47, 0x03, 0x3F, 0x3F, 0x2D, 0x40, 0x54, 0x5C
	.byte 0x40, 0x30, 0x00, 0x36, 0x00, 0x00, 0x00, 0x00, 0x00, 0x00, 0x00, 0x00, 0x00, 0x00, 0x00, 0x00
	.byte 0x00, 0x00, 0x00, 0x00, 0x00, 0x00, 0x00, 0x00, 0x00, 0x00, 0x00, 0x00, 0x00, 0x00, 0x00, 0x00
	.byte 0x00, 0x00, 0x00, 0x00, 0x00, 0x00, 0x00, 0x00, 0x00, 0x00, 0x00, 0x00, 0x00, 0x00, 0x00, 0x00
	.byte 0x00, 0x00, 0x00, 0x00, 0x00, 0x00, 0x00, 0x00, 0xFF, 0x00, 0x00, 0x00, 0x00, 0x00, 0x00, 0x00
	.byte 0x0D, 0x46, 0x37, 0x00, 0x00, 0x00, 0x00, 0x00, 0x81, 0x82, 0x5A, 0x0C, 0x00, 0x90, 0x32, 0x53
	.byte 0x48, 0x0B, 0x00, 0x90, 0x5D, 0x5B, 0x6E, 0x00, 0x00, 0x00, 0x5F, 0x00, 0x00, 0x90, 0x5E, 0x53
	.byte 0x17, 0x47, 0x54, 0x90, 0x10, 0x53, 0x47, 0x0E, 0x00, 0x90, 0x13, 0x5F, 0x4F, 0x00, 0x00, 0x14
	.byte 0x5B, 0x0E, 0x00, 0x90, 0x26, 0x53, 0x52, 0x18, 0x90, 0x27, 0x5F, 0x4A, 0x20, 0x00, 0x90, 0x29
	.byte 0x5B, 0x62, 0x1E, 0x06, 0x03, 0x35, 0x01, 0x00, 0x00, 0x00, 0x00, 0x00, 0x00, 0x00, 0x00, 0x3C
	.byte 0x0C, 0x08, 0x6A, 0x5E, 0x52, 0x0C, 0x00, 0x66, 0x07, 0x98, 0x3F, 0x2D, 0x7F, 0xC0, 0xB0, 0x3F
	.byte 0x0C, 0x03, 0x6B, 0x4E, 0x54, 0x2F, 0x4E, 0x11, 0x2D, 0x47, 0x31, 0x53, 0x00, 0x00, 0x10, 0x32
	.byte 0x52, 0x3B, 0x47, 0x2D, 0x2F, 0x1D, 0x3B, 0x4A, 0x49, 0x34, 0x09, 0x00, 0x00, 0x15, 0x34, 0x51
	.byte 0x6A, 0x00, 0x00, 0x2D, 0x56, 0x50, 0x44, 0x38, 0x2F, 0x48, 0x31, 0x06, 0x46, 0x31, 0x48, 0x04
	.byte 0x45, 0x55, 0x32, 0x4B, 0x56, 0x5E, 0x00, 0x03, 0x34, 0x51, 0xC0, 0x1B, 0x12, 0x36, 0x55, 0x44
	.byte 0x52, 0x20, 0x38, 0x5B, 0x31, 0x06, 0x2E, 0x39, 0x66, 0x07, 0x0B, 0x3E, 0x36, 0x5D, 0x56, 0x5E
	.byte 0x00, 0x08, 0x34, 0x55, 0x31, 0x06, 0x24, 0x33, 0x5A, 0x08, 0x96, 0x41, 0x34, 0x66, 0x44, 0x52
	.byte 0x5E, 0x34, 0x45, 0x00, 0x00, 0x00, 0x0C, 0x36, 0xFF, 0x00, 0x98, 0x1B, 0x38, 0x00, 0x00, 0x98
	.byte 0x29, 0x39, 0x4F, 0x31, 0x06, 0x37, 0x3B, 0x02, 0x40, 0x40, 0x46, 0x3D, 0x65, 0x31, 0x06, 0x54
	.byte 0x3E, 0x72, 0x49, 0x3A, 0xC0, 0x0E, 0x3B, 0x62, 0x39, 0x1B, 0x2E, 0x34, 0x5C, 0x31, 0x06, 0x4A
	.byte 0x34, 0x02, 0x40, 0x0E, 0x00, 0x39, 0x56, 0x00, 0x53, 0x48, 0x32, 0x00, 0x00, 0x00, 0x00, 0x32
	.byte 0x4C, 0x55, 0x53, 0x52, 0x33, 0x55, 0xC0, 0x1B, 0x3E, 0x33, 0x00, 0x00, 0x98, 0x5B, 0x34, 0x69
	.byte 0x00, 0x00, 0x0C, 0x0E, 0x04, 0x72, 0xAA, 0x00, 0x00, 0x44, 0x00, 0x0C, 0x36, 0xFF, 0x00, 0x98
	.byte 0x1B, 0x38, 0x00, 0x00, 0x98, 0x29, 0x39, 0x4F, 0x31, 0x06, 0x37, 0x81, 0x81, 0xC1, 0x0F, 0x0D
	.byte 0x00, 0x7C, 0x0E, 0x04, 0x0D, 0x09, 0x4C, 0x56, 0x16, 0x40, 0x62, 0x02, 0x00, 0x2D, 0x47, 0x4C
	.byte 0x98, 0x05, 0x18, 0x32, 0xFF, 0x3E, 0x0A, 0x40, 0x47, 0xC0, 0x1B, 0x0D, 0x18, 0x32, 0x52, 0x18
	.byte 0x17, 0x18, 0x41, 0x0E, 0x00, 0x90, 0x18, 0x4B, 0x00, 0x40, 0x28, 0x40, 0x52, 0xC0, 0x1B, 0x00
	.byte 0x18, 0x44, 0x4F, 0x72, 0x32, 0x18, 0x3B, 0x45, 0x69, 0x3B, 0x18, 0x56, 0xFF, 0x3E, 0x43, 0x40
	.byte 0x4E, 0x31, 0x06, 0x45, 0x18, 0x00, 0x00, 0x4A, 0x4E, 0x18, 0x69, 0xFF, 0x3E, 0x5A, 0x18, 0x60
	.byte 0x00, 0x72, 0x0E, 0x00, 0x41, 0x68, 0x52, 0x18, 0x02, 0x18, 0x7F, 0x47, 0x4C, 0x53, 0x57, 0x00
	.byte 0x29, 0x3D, 0x47, 0x03, 0x3B, 0x4A, 0x3D, 0x40, 0x3E, 0x52, 0x18, 0x42, 0x36, 0x00, 0x00, 0x00
	.byte 0x15, 0x00, 0x53, 0x57, 0x00, 0x57, 0x47, 0x5F, 0x00, 0x0A, 0x47, 0x00, 0x47, 0x00, 0x00, 0x00
	.byte 0x00, 0x0A, 0x4C, 0x00, 0x00, 0x00, 0x0F, 0x18, 0x57, 0x0C, 0x04, 0x45, 0x00, 0x20, 0x76, 0x00
	.byte 0x00, 0x00, 0x00, 0x00, 0x54, 0x18, 0x66, 0x18, 0x58, 0x57, 0xA4, 0xCE, 0x00, 0x00, 0x58, 0x40
	.byte 0x30, 0x2B, 0x72, 0x0E, 0x4B, 0x40, 0x36, 0x47, 0x54, 0x0F, 0x07, 0x40, 0x3B, 0xC0, 0x1B, 0x3F
	.byte 0x58, 0x33, 0x0D, 0x02, 0x4A, 0x42, 0x39, 0x00, 0x00, 0x2D, 0x19, 0x40, 0x37, 0x00, 0x06, 0x55
	.byte 0x3B, 0x80, 0x00, 0x00, 0x37, 0x18, 0x3B, 0x50, 0x00, 0x00, 0x00, 0x00, 0x00, 0x00, 0x00, 0x14
	.byte 0x00, 0x09, 0x18, 0x76, 0x00, 0x00, 0x06, 0x00, 0x00, 0x00, 0x00, 0x00, 0x00, 0x00, 0x00, 0x00
	.byte 0x00, 0x44, 0x0E, 0x08, 0x63, 0x7F, 0xC0, 0x31, 0x26, 0x35, 0x3B, 0x98, 0x45, 0x1B, 0x12, 0x02
	.byte 0xB0, 0x47, 0x0E, 0x03, 0x73, 0x7F, 0x98, 0x48, 0x49, 0x1D, 0x15, 0x02, 0xD1, 0x4E, 0x01, 0x81
	.byte 0xD3, 0x04, 0x7E, 0xD3, 0x0A, 0x7D, 0xD3, 0x10, 0x7C, 0xD3, 0x16, 0x7B, 0xD3, 0x1C, 0x7A, 0xD3
	.byte 0x22, 0x79, 0xD3, 0x28, 0x78, 0xD3, 0x2E, 0x77, 0xD3, 0x34, 0x76, 0xD3, 0x3A, 0x75, 0xD3, 0x40
	.byte 0x74, 0xD3, 0x46, 0x73, 0xD3, 0x4C, 0x72, 0xD3, 0x52, 0x71, 0xD3, 0x58, 0x70, 0xD3, 0x5E, 0x6F
	.byte 0x01, 0x02, 0x6E, 0xD3, 0x0A, 0x6D, 0xD3, 0x10, 0x6C, 0xD3, 0x16, 0x6B, 0xD3, 0x1C, 0x6A, 0xD3
	.byte 0x22, 0x69, 0xD3, 0x28, 0x68, 0xD3, 0x2E, 0x67, 0xD3, 0x34, 0x66, 0xD3, 0x3A, 0x65, 0xD3, 0x40
	.byte 0x64, 0xD3, 0x46, 0x63, 0xD3, 0x4C, 0x62, 0xD3, 0x52, 0x61, 0xD3, 0x58, 0x00, 0x01, 0x02, 0x7F
	.byte 0x98, 0x0D, 0x45, 0x1B, 0x15, 0x02, 0x98, 0x0F, 0x91, 0x00, 0x00, 0xD3, 0x2B, 0x7F, 0xD3, 0x36
	.byte 0x7E, 0xD3, 0x3F, 0x7D, 0xD3, 0x49, 0x7C, 0xD3, 0x53, 0x7B, 0xD3, 0x5C, 0x7A, 0x81, 0xD3, 0x06
	.byte 0x79, 0xD3, 0x0F, 0x78, 0xD3, 0x19, 0x77, 0xD3, 0x22, 0x76, 0xD3, 0x2C, 0x75, 0xD3, 0x37, 0x74
	.byte 0xD3, 0x40, 0x73, 0xD3, 0x4A, 0x72, 0xD3, 0x53, 0x71, 0xD3, 0x5D, 0x70, 0x81, 0xD3, 0x07, 0x6F
	.byte 0xD3, 0x10, 0x6E, 0xD3, 0x1A, 0x6D, 0xD3, 0x23, 0x7F, 0x98, 0x30, 0x3F, 0x1D, 0x48, 0x01, 0x98
	.byte 0x34, 0x47, 0x1D, 0x44, 0x31, 0xFF, 0x04, 0x1D, 0x40, 0x00, 0x68, 0x5E, 0x52, 0x0C, 0x00, 0x66
	.byte 0x07, 0x98, 0x3F, 0x2D, 0x7F, 0x72, 0x0E, 0x00, 0x00, 0x00, 0x00, 0x00, 0x1D, 0x45, 0x1D, 0x33
	.byte 0x00, 0x00, 0x92, 0x00, 0x00, 0x0E, 0x0C, 0x04, 0x45, 0x00, 0x20, 0xFA, 0xDF, 0xBF, 0x00, 0x00
	.byte 0x50, 0xFF, 0x00, 0x17, 0x00, 0x40, 0x96, 0x90, 0x91, 0x00, 0x00, 0x00, 0x00, 0x00, 0x82, 0x01
	.byte 0x02, 0x81, 0x00, 0x10, 0x31, 0x06, 0x00, 0x00, 0x00, 0x00, 0x00, 0x00, 0x00, 0x00, 0x31, 0x00
	.byte 0x05, 0x7E, 0x00, 0x00, 0xFF, 0x00, 0x17, 0x00, 0x00, 0xC0, 0x1B, 0x3E, 0x33, 0x00, 0x00, 0x98
	.byte 0x5B, 0x34, 0x69, 0x90, 0x0F, 0x4E, 0x3B, 0x10, 0x00, 0x90, 0x21, 0x4F, 0x4F, 0x3B, 0x5A, 0x90
	.byte 0x00, 0x4D, 0x5D, 0x14, 0x00, 0x90, 0x09, 0x54, 0x4B, 0x3E, 0x00, 0x90, 0x0B, 0x4E, 0x00, 0x00
	.byte 0x90, 0x1C, 0x4F, 0x3F, 0x98, 0x10, 0x53, 0x57, 0x90, 0x01, 0x54, 0x5E, 0x36, 0x00, 0x90, 0x01
	.byte 0x4D, 0x62, 0x2E, 0x00, 0x90, 0x35, 0x48, 0x10, 0x2E, 0x40, 0x90, 0x02, 0x4D, 0x63, 0x2D, 0x00
	.byte 0x90, 0x02, 0x54, 0x55, 0x59, 0x00, 0x90, 0x38, 0x4B, 0x54, 0x27, 0x00, 0x2D, 0x90, 0x58, 0x43
	.byte 0x6E, 0x00, 0x00, 0x90, 0x2E, 0x43, 0x62, 0x0C, 0x0E, 0x5C, 0x46, 0x76, 0x2E, 0x00, 0x00, 0x00
	.byte 0x48, 0x61, 0x32, 0x81, 0x81, 0x01, 0x46, 0x6B, 0x00, 0x00, 0x2D, 0x48, 0x53, 0x48, 0x00, 0x2D
	.byte 0x47, 0x4C, 0x00, 0x90, 0x3A, 0x48, 0x6C, 0x0C, 0x0E, 0x3C, 0x4A, 0x57, 0x03, 0x04, 0x07, 0x72
	.byte 0x0E, 0x60, 0x98, 0x12, 0x04, 0x4C, 0x4A, 0x02, 0x00, 0x90, 0x05, 0x54, 0x4A, 0x4D, 0x00, 0x00
	.byte 0x00, 0x41, 0x09, 0x80, 0x0C, 0x00, 0x14, 0x00, 0x10, 0x44, 0x5D, 0x00, 0x66, 0x10, 0x3B, 0x4A
	.byte 0x25, 0x4A, 0x10, 0x34, 0x5D, 0x00, 0x00, 0x00, 0x40, 0x30, 0x18, 0x66, 0x18, 0x34, 0x30, 0x52
	.byte 0x18, 0x3C, 0x42, 0x2C, 0x47, 0x00, 0x00, 0x38, 0x07, 0x0B, 0x3E, 0x46, 0x3F, 0xFF, 0x3E, 0x4B
	.byte 0x38, 0x3F, 0x00, 0x00, 0x00, 0x00, 0x00, 0x2D, 0x06, 0x59, 0x45, 0x01, 0x81, 0xD3, 0x04, 0x07
	.byte 0x47, 0x4E, 0x00, 0x4D, 0x07, 0x3B, 0x4E, 0x11, 0x00, 0x16, 0x3D, 0x02, 0x40, 0x40, 0x16, 0x49
	.byte 0x76, 0x00, 0x00, 0x24, 0x4A, 0x66, 0x04, 0x45, 0x24, 0x3E, 0x02, 0x4A, 0x42, 0x41, 0x3B, 0x61
	.byte 0x08, 0x03, 0x41, 0x47, 0x3B, 0x45, 0x69, 0x5D, 0x34, 0x63, 0x4A, 0x45, 0x5E, 0x4C, 0x66, 0x02
	.byte 0x04, 0x07, 0x45, 0x5D, 0x40, 0x67, 0x5E, 0x3B, 0x66, 0x47, 0x4C, 0x35, 0x3B, 0x4C, 0x5B, 0x00
	.byte 0x44, 0x1A, 0x34, 0x5C, 0x1D, 0x33, 0x00, 0x44, 0x60, 0x00, 0x4D, 0x1B, 0x3B, 0x68, 0x53, 0x7F
	.byte 0x81, 0x40, 0x49, 0x63, 0x21, 0x1C, 0x49, 0x5D, 0x00, 0x00, 0x37, 0x39, 0x5E, 0x72, 0x0E, 0x37
	.byte 0x45, 0x5D, 0x57, 0x72, 0x0E, 0x0E, 0x45, 0x55, 0x72, 0x0E, 0x10, 0x47, 0x25, 0x4A, 0x3E, 0x00
	.byte 0x56, 0x00, 0x40, 0x11, 0x32, 0x51, 0x47, 0x1D, 0x06, 0x58, 0x44, 0x52, 0x04, 0x47, 0x51, 0x42
	.byte 0x00, 0xFF, 0x32, 0x00, 0x40, 0x98, 0x2E, 0x50, 0x44, 0x51, 0xB0, 0x4A, 0x45, 0x4D, 0x39, 0x45
	.byte 0x4A, 0x42, 0x4D, 0x6A, 0x00, 0x2D, 0x33, 0x80, 0x13, 0x00, 0x17, 0x00, 0x5A, 0x0B, 0x00, 0x98
	.byte 0x3F, 0x09, 0x00, 0x00, 0x15, 0x42, 0x63, 0x00, 0x40, 0x06, 0x33, 0x46, 0x00, 0x54, 0x06, 0x45
	.byte 0x46, 0x00, 0x54, 0x07, 0x3F, 0x61, 0x00, 0xFF, 0x29, 0x44, 0x68, 0x39, 0x1B, 0x23, 0x3B, 0x68
	.byte 0x00, 0x00, 0x23, 0x40, 0x40, 0x54, 0x00, 0x1D, 0x34, 0x68, 0x38, 0x32, 0x3E, 0x40, 0x48, 0x40
	.byte 0x67, 0x4C, 0x42, 0x00, 0x00, 0x19, 0x5A, 0x40, 0x4A, 0x40, 0x4F, 0x07, 0x08, 0x3E, 0x42, 0x40
	.byte 0x67, 0x18, 0x3D, 0x3B, 0xFF, 0x3E, 0x25, 0x3B, 0x31, 0x06, 0x00, 0xB0, 0x3C, 0x09, 0x31, 0x06
	.byte 0x4D, 0x3C, 0x09, 0x00, 0x64, 0x03, 0x98, 0x3F, 0x39, 0x61, 0x81, 0x98, 0x05, 0x09, 0x17, 0x4D
	.byte 0x1E, 0x06, 0x58, 0x50, 0x44, 0x54, 0x53, 0x2E, 0x13, 0x47, 0x54, 0x3B, 0x0D, 0x49, 0x98, 0x5F
	.byte 0x03, 0x46, 0x00, 0x39, 0x00, 0x00, 0x00, 0x00, 0x33, 0x0E, 0x3E, 0x42, 0x67, 0x47, 0x0E, 0x54
	.byte 0x42, 0x67, 0x47, 0x2B, 0x10, 0x40, 0x4A, 0x17, 0x2D, 0x3B, 0xD3, 0x0F, 0x78, 0x48, 0x34, 0x63
	.byte 0x4A, 0x45, 0x4A, 0x40, 0x42, 0x67, 0x00, 0x00, 0x40, 0x5E, 0x00, 0x44, 0x06, 0x34, 0x54, 0x3B
	.byte 0x68, 0x23, 0x47, 0x52, 0x18, 0x2F, 0x23, 0x00, 0x00, 0x4C, 0x98, 0x3F, 0x44, 0x1E, 0x2D, 0x31
	.byte 0x3F, 0x3B, 0x44, 0x08, 0x96, 0x4D, 0x32, 0x26, 0x31, 0x06, 0x4E, 0x29, 0xC0, 0x1B, 0x42, 0x5C
	.byte 0x04, 0x45, 0x52, 0x38, 0x5C, 0x4D, 0x5F, 0x39, 0x06, 0x51, 0x40, 0x80, 0x0A, 0x00, 0x1C, 0x00
	.byte 0x3B, 0x3C, 0x17, 0x00, 0xB0, 0x38, 0x07, 0x08, 0x13, 0x49, 0x3B, 0x07, 0x53, 0x00, 0x1D, 0x49
	.byte 0x39, 0x1B, 0x81, 0x98, 0x05, 0x07, 0x00, 0xFF, 0x23, 0x45, 0x3B, 0x00, 0x2D, 0x00, 0xFF, 0x00
	.byte 0x49, 0x39, 0x31, 0x06, 0x47, 0x00, 0x27, 0x1B, 0x2C, 0x3B, 0x00, 0x00, 0x19, 0x4A, 0x40, 0x54
	.byte 0x4A, 0x54, 0x00, 0x00, 0x2D, 0x51, 0x6A, 0x00, 0x00, 0x39, 0x7F, 0xC0, 0x81, 0x98, 0x3B, 0x60
	.byte 0x00, 0x1D, 0x2B, 0x01, 0x03, 0x24, 0x4A, 0x5C, 0x4E, 0x41, 0x47, 0x5F, 0x09, 0x72, 0x12, 0x4E
	.byte 0x00, 0xFF, 0x1A, 0x4C, 0x49, 0x39, 0x27, 0x49, 0x48, 0x37, 0x1D, 0x36, 0x45, 0x00, 0x00, 0x4D
	.byte 0x55, 0x44, 0x52, 0x4A, 0x11, 0x44, 0x47, 0x18, 0x53, 0x57, 0x72, 0x96, 0x23, 0x44, 0x1B, 0x51
	.byte 0x00, 0x00, 0x36, 0x2C, 0x55, 0x4B, 0x52, 0x18, 0x5D, 0x12, 0x40, 0x4F, 0x07, 0x0B, 0x22, 0x00
	.byte 0xFF, 0x1A, 0x3D, 0x30, 0x00, 0x28, 0xF4, 0x98, 0x0F, 0x00, 0x37, 0x00, 0x4D, 0x49, 0x45, 0x08
	.byte 0x96, 0x00, 0x42, 0x51, 0x00, 0x5E, 0x1B, 0x51, 0x3F, 0x47, 0x39, 0x35, 0x4C, 0x34, 0x49, 0x00
	.byte 0x51, 0x4C, 0x09, 0x00, 0x06, 0x55, 0x3B, 0x49, 0x47, 0x39, 0x12, 0x40, 0x47, 0x4F, 0x2E, 0x40
	.byte 0x51, 0x6A, 0x47, 0x28, 0x66, 0x98, 0x21, 0x45, 0x59, 0x47, 0x03, 0x3E, 0x45, 0x63, 0x08, 0x96
	.byte 0x00, 0x44, 0x77, 0x12, 0x03, 0x73, 0x16, 0x40, 0x45, 0x39, 0x45, 0x23, 0x42, 0x50, 0x80, 0x0D
	.byte 0x00, 0x1E, 0x00, 0xFF, 0xFF, 0x50, 0x11, 0x44, 0x32, 0x04, 0x1D, 0x40, 0x2B, 0x0B, 0x08, 0x6D
	.byte 0x00, 0x29, 0x4A, 0x3F, 0x47, 0x39, 0x06, 0x34, 0x47, 0x18, 0x42, 0x36, 0x00, 0x44, 0x00, 0xFF
	.byte 0x3F, 0x0E, 0x0E, 0x45, 0x26, 0x4D, 0x2D, 0x3F, 0x2D, 0x7F, 0x5C, 0x40, 0x34, 0x57, 0x4C, 0x00
	.byte 0x3E, 0x2D, 0xB0, 0x1B, 0x19, 0x29, 0x5F, 0x00, 0x00, 0x29, 0x26, 0x63, 0x21, 0x49, 0x36, 0x39
	.byte 0x49, 0xFF, 0x48, 0x52, 0x1B, 0x22, 0x3F, 0x36, 0x2C, 0x32, 0x3F, 0x2D, 0x40, 0x2A, 0x33, 0x38
	.byte 0x49, 0x36, 0x47, 0x34, 0x3A, 0x44, 0x31, 0x98, 0x05, 0x00, 0x00, 0x00, 0x00, 0x13, 0x00, 0x00
	.byte 0x00, 0x00, 0x22, 0x00, 0x00, 0x00, 0x00, 0x30, 0x00, 0x00, 0x00, 0x98, 0x3E, 0x00, 0x00, 0x00
	.byte 0x00, 0x4D, 0x00, 0x00, 0x00, 0x00, 0x5B, 0x3E, 0x00, 0x72, 0x5E, 0x1B, 0xFF, 0x00, 0x00, 0x00
	.byte 0x35, 0x34, 0x4B, 0xFF, 0x3E, 0x52, 0x34, 0x49, 0x98, 0x3D, 0x49, 0x30, 0x0C, 0x00, 0x90, 0x02
	.byte 0xD1, 0x3B, 0x3A, 0x03, 0x73, 0x21, 0x33, 0x4A, 0x3A, 0x40, 0x4E, 0x34, 0x5D, 0x00, 0x00, 0x0C
	.byte 0xB0, 0x0F, 0x00, 0x90, 0x26, 0x0E, 0x04, 0x41, 0x2A, 0x45, 0x5D, 0x27, 0x48, 0x2D, 0x1C, 0x6A
	.byte 0x00, 0x90, 0x26, 0x02, 0x40, 0x40, 0x68, 0x53, 0x57, 0x00, 0x00, 0x69, 0x53, 0x57, 0x00, 0x00
	.byte 0x6A, 0x7F, 0xB0, 0x15, 0x0A, 0x08, 0x6B, 0x7F, 0xB0, 0x16, 0x0A, 0x08, 0x6C, 0x4E, 0x54, 0x44
	.byte 0x80, 0x14, 0x00, 0x18, 0x00, 0x3A, 0x03, 0x76, 0x0B, 0x34, 0x39, 0x9D, 0x00, 0x00, 0x33, 0x38
	.byte 0x00, 0x36, 0x19, 0x34, 0x3A, 0x40, 0x54, 0x27, 0x2E, 0xC0, 0x1B, 0x3C, 0x28, 0x38, 0x4F, 0x34
	.byte 0x55, 0x36, 0x45, 0xD3, 0x4A, 0x72, 0x36, 0x39, 0x00, 0x00, 0x4A, 0x52, 0x43, 0x08, 0x96, 0x24
	.byte 0x53, 0x00, 0x40, 0x54, 0x00, 0x50, 0xFF, 0x5D, 0x34, 0x49, 0x0E, 0x47, 0x3D, 0x49, 0x39, 0x0E
	.byte 0x39, 0x4B, 0x53, 0x7F, 0x0F, 0x32, 0x39, 0x00, 0x00, 0x2B, 0x47, 0x67, 0x40, 0x67, 0x2B, 0xFB
	.byte 0x00, 0x00, 0x07, 0x2B, 0x00, 0x00, 0x22, 0x34, 0x2B, 0x42, 0x67, 0x00, 0x40, 0x47, 0x40, 0x1E
	.byte 0x2D, 0x31, 0x47, 0x23, 0x00, 0x00, 0x4C, 0x47, 0x44, 0x1E, 0x2D, 0x31, 0x47, 0x34, 0x00, 0x00
	.byte 0x00, 0x6A, 0x7F, 0x06, 0x4E, 0x29, 0x05, 0x34, 0x52, 0x34, 0x49, 0x13, 0x42, 0x39, 0x4B, 0x98
	.byte 0x14, 0x36, 0x38, 0x28, 0x3D, 0x3B, 0x3B, 0x3C, 0x17, 0x00, 0x22, 0x38, 0x51, 0x62, 0x72, 0x30
	.byte 0x53, 0x00, 0x1D, 0x49, 0x30, 0x81, 0x98, 0x05, 0x98, 0x0F, 0x3B, 0x00, 0x2D, 0x3F, 0x3B, 0x4E
	.byte 0x49, 0x3A, 0xC0, 0x00, 0x27, 0x1B, 0x2C, 0x4D, 0x00, 0x19, 0x4A, 0x40, 0x5B, 0x54, 0x00, 0x00
	.byte 0x2D, 0x5B, 0x00, 0x00, 0x39, 0x00, 0x3E, 0x40, 0x3B, 0x60, 0x00, 0x18, 0x01, 0x03, 0x24, 0x4A
	.byte 0x35, 0x34, 0x5E, 0x0B, 0x4C, 0x46, 0xC0, 0x00, 0xFF, 0x1A, 0x35, 0x39, 0x27, 0x49, 0x48, 0x35
	.byte 0x36, 0x45, 0x80, 0x17, 0x00, 0x4D, 0x00, 0x49, 0x31, 0x06, 0x4A, 0x11, 0x44, 0x51, 0x53, 0x57
	.byte 0x72, 0x96, 0x52, 0x44, 0x60, 0x00, 0x33, 0x52, 0x55, 0x4B, 0x52, 0x33, 0x34, 0x00, 0x49, 0x42
	.byte 0x42, 0x44, 0xFF, 0x1A, 0x3D, 0x30, 0x0E, 0xF4, 0x98, 0x0F, 0x00, 0x0E, 0x4D, 0x49, 0x45, 0x04
	.byte 0x45, 0x55, 0x51, 0xB0, 0x1B, 0x47, 0x55, 0x39, 0x45, 0x48, 0x40, 0x47, 0x4F, 0x2E, 0x48, 0x32
	.byte 0x4C, 0x4A, 0x17, 0x45, 0x69, 0xBF, 0x00, 0x98, 0x05, 0x47, 0x57, 0x39, 0x45, 0x05, 0x32, 0xC0
	.byte 0x3C, 0x08, 0x05, 0x3E, 0xC0, 0x3C, 0x08, 0x21, 0x12, 0x03, 0x73, 0x16, 0x21, 0x39, 0x45, 0x23
	.byte 0x42, 0x21, 0x33, 0x5D, 0x00, 0x00, 0x21, 0x3F, 0x69, 0x6C, 0x72, 0x3E, 0x42, 0x4A, 0x00, 0x00
	.byte 0x1F, 0x34, 0x47, 0x18, 0x42, 0x3E, 0x44, 0x00, 0xFF, 0x3F, 0x3E, 0x3F, 0x3B, 0x3B, 0x98, 0x5A
	.byte 0x44, 0x76, 0x39, 0x1B, 0x5A, 0x3B, 0x76, 0x00, 0xFF, 0x5A, 0x40, 0x50, 0x3E, 0x49, 0x1B, 0x34
	.byte 0x76, 0x00, 0x00, 0x68, 0xD3, 0x00, 0x00, 0x21, 0x39, 0x00, 0x00, 0x19, 0x31, 0x2A, 0x33, 0x38
	.byte 0x98, 0x40, 0x3E, 0x42, 0x39, 0x45, 0x4F, 0x00, 0x00, 0x00, 0x13, 0x5C, 0x00, 0x00, 0x22, 0x39
	.byte 0x45, 0x4A, 0x42, 0x4D, 0x6A, 0x00, 0x2D, 0x33, 0x80, 0x13, 0x00, 0x17, 0x00, 0x5A, 0x0B, 0x00
	.byte 0x00, 0x50, 0x57, 0x1D, 0x00, 0x00, 0x82, 0x4C, 0x00, 0x00, 0x00, 0x06, 0x08, 0x0E, 0x06, 0x29
	.byte 0x06, 0x00, 0x00, 0x00, 0x06, 0x08, 0x0E, 0x80, 0x0B, 0x00, 0x00, 0xFF, 0x05, 0x3E, 0x52, 0x4C
	.byte 0x29, 0x41, 0x3F, 0x3B, 0x4A, 0xFF, 0x21, 0x42, 0x59, 0x08, 0x03, 0x3E, 0x3F, 0x62, 0x17, 0x00
	.byte 0x3E, 0x42, 0x62, 0x00, 0x00, 0x5B, 0x40, 0x73, 0x3E, 0xC0, 0x0D, 0x4E, 0x45, 0x5A, 0x32, 0x98
	.byte 0x11, 0x3E, 0x60, 0x2E, 0x1C, 0x6A, 0x08, 0x98, 0x10, 0x53, 0x57, 0x08, 0x00, 0x00, 0x00, 0x00
	.byte 0x08, 0x31, 0x06, 0x58, 0x98, 0x08, 0x5B, 0x0D, 0x00, 0xB0, 0x08, 0x03, 0x6E, 0x4E, 0x54, 0x08
	.byte 0x56, 0x5E, 0x00, 0x01, 0x08, 0x03, 0x6B, 0xB0, 0x17, 0x08, 0x08, 0x6E, 0x7F, 0xB0, 0x19, 0x08
	.byte 0x08, 0x6F, 0x7F, 0xB0, 0x1B, 0x08, 0x08, 0x70, 0x7F, 0xB0, 0x1C, 0x08, 0x08, 0x71, 0x7F, 0xB0
	.byte 0x1E, 0x08, 0x08, 0x72, 0x7F, 0xB0, 0x24, 0x08, 0x08, 0x73, 0x7F, 0xB0, 0x30, 0x08, 0x08, 0x74
	.byte 0x7F, 0xB0, 0x35, 0x5B, 0x56, 0x11, 0x81, 0x98, 0x3D, 0x3E, 0x58, 0x21, 0x51, 0x56, 0x3E, 0x61
	.byte 0x40, 0x67, 0x59, 0x3E, 0x59, 0x39, 0xB0, 0x5C, 0x00, 0x4D, 0x55, 0x81, 0xB0, 0x01, 0x31, 0x06
	.byte 0x3F, 0x53, 0x06, 0x3A, 0x31, 0x06, 0x30, 0x0B, 0x4E, 0x00, 0xFF, 0x48, 0x06, 0x51, 0x00, 0xFF
	.byte 0xFF, 0x48, 0x50, 0x5A, 0x98, 0x17, 0x3E, 0x5F, 0x53, 0x52, 0x21, 0x1D, 0x2B, 0x53, 0x68, 0x26
	.byte 0x81, 0x98, 0x0F, 0x53, 0x29, 0x00, 0x00, 0x52, 0x4E, 0x2B, 0x00, 0x00, 0x00, 0x36, 0x2D, 0x4E
	.byte 0x4A, 0x62, 0x38, 0x2F, 0x51, 0x00, 0x5A, 0x00, 0x33, 0x08, 0x08, 0x66, 0x7F, 0x98, 0x33, 0x3E
	.byte 0x73, 0x1B, 0x00, 0xB0, 0x80, 0x04, 0x00, 0x23, 0x54, 0x47, 0x51, 0x5C, 0x2C, 0x4D, 0x46, 0x4B
	.byte 0x57, 0x49, 0x1B, 0x46, 0x51, 0x59, 0x5B, 0x54, 0x00, 0x04, 0x4C, 0x58, 0x00, 0x49, 0x04, 0x50
	.byte 0x53, 0x40, 0x54, 0xB0, 0x0C, 0x01, 0x08, 0x21, 0x4E, 0x51, 0x20, 0x4A, 0x22, 0x3B, 0x02, 0x98
	.byte 0x20, 0x47, 0x51, 0x56, 0x81, 0xD3, 0x03, 0x7E, 0xD3, 0x05, 0x7D, 0xD3, 0x07, 0x7C, 0xD3, 0x0A
	.byte 0x7B, 0xD3, 0x0C, 0x7A, 0xD3, 0x0E, 0x79, 0xD3, 0x11, 0x78, 0xD3, 0x13, 0x77, 0xD3, 0x14, 0x76
	.byte 0xD3, 0x17, 0x75, 0xD3, 0x19, 0x74, 0xD3, 0x1C, 0x73, 0xD3, 0x1E, 0x72, 0xD3, 0x20, 0x71, 0xD3
	.byte 0x23, 0x70, 0xD3, 0x25, 0x6F, 0xD3, 0x28, 0x6E, 0xD3, 0x29, 0x6D, 0xD3, 0x2B, 0x6C, 0xD3, 0x2E
	.byte 0x6B, 0xD3, 0x30, 0x6A, 0xD3, 0x32, 0x69, 0xD3, 0x35, 0x68, 0xD3, 0x37, 0x67, 0xD3, 0x3A, 0x66
	.byte 0xD3, 0x3C, 0x65, 0xD3, 0x3D, 0x64, 0xD3, 0x3F, 0x63, 0xD3, 0x42, 0x62, 0xD3, 0x44, 0x61, 0xD3
	.byte 0x47, 0x60, 0xD3, 0x49, 0x5F, 0xD3, 0x4C, 0x5E, 0xD3, 0x4E, 0x5D, 0xD3, 0x50, 0x5C, 0xD3, 0x52
	.byte 0x5B, 0xD3, 0x54, 0x5A, 0xD3, 0x56, 0x59, 0xD3, 0x59, 0x58, 0xD3, 0x5B, 0x57, 0xD3, 0x5E, 0x56
	.byte 0x81, 0xD3, 0x00, 0x55, 0xD3, 0x02, 0x54, 0xD3, 0x05, 0x53, 0xD3, 0x06, 0x52, 0xD3, 0x08, 0x51
	.byte 0xD3, 0x0A, 0x50, 0xD3, 0x0D, 0x4F, 0xD3, 0x0F, 0x4E, 0xD3, 0x12, 0x4D, 0xD3, 0x14, 0x4C, 0xD3
	.byte 0x17, 0x4B, 0xD3, 0x18, 0x4A, 0xD3, 0x1A, 0x49, 0xD3, 0x1D, 0x48, 0xD3, 0x1F, 0x47, 0xD3, 0x21
	.byte 0x46, 0xD3, 0x24, 0x45, 0xD3, 0x26, 0x44, 0xD3, 0x29, 0x43, 0xD3, 0x2B, 0x42, 0xD3, 0x2C, 0x41
	.byte 0xD3, 0x2F, 0x40, 0xD3, 0x31, 0x3F, 0xD3, 0x34, 0x3E, 0xD3, 0x36, 0x3D, 0x80, 0x09, 0x6A, 0x5E
	.byte 0x2D, 0x3F, 0x4E, 0x50, 0x00, 0x00, 0x57, 0x4C, 0x00, 0x2D, 0x06, 0x3F, 0x4A, 0x3F, 0x40, 0x67
	.byte 0x4F, 0x49, 0x4D, 0x5F, 0x39, 0x5C, 0x47, 0x2E, 0x00, 0x00, 0x4E, 0xC0, 0x44, 0x5A, 0x00, 0x00
	.byte 0x0A, 0x47, 0x00, 0x00, 0x00, 0x00, 0x4C, 0x42, 0xB8, 0x49, 0x40, 0x4E, 0x17, 0x2D, 0x47, 0x4C
	.byte 0x35, 0x3B, 0x4B, 0x08, 0x03, 0x35, 0x45, 0x67, 0x00, 0x00, 0x3B, 0x47, 0x00, 0x40, 0x52, 0x44
	.byte 0x63, 0x21, 0x1C, 0x36, 0x2C, 0x40, 0x57, 0x72, 0x0E, 0x0E, 0x45, 0x26, 0x00, 0x57, 0x3E, 0x00
	.byte 0x00, 0x98, 0x48, 0x44, 0x00, 0x00, 0x00, 0x00, 0x44, 0x52, 0x04, 0x00, 0x5B, 0x34, 0x69, 0x00
	.byte 0x61, 0x45, 0x6A, 0x00, 0x2D, 0x58, 0x29, 0x03, 0x1D, 0x2F, 0x34, 0x2E, 0x00, 0x1D, 0x3B, 0x4A
	.byte 0xFF, 0x28, 0x31, 0x4A, 0x00, 0xFF, 0x29, 0x3D, 0x4E, 0x60, 0x45, 0x4E, 0x1F, 0x5E, 0x5D, 0x45
	.byte 0x5A, 0x32, 0x52, 0x18, 0x54, 0x2F, 0x55, 0x72, 0x0E, 0x55, 0x3B, 0x00, 0x00, 0x1B, 0x53, 0x34
	.byte 0x00, 0x00, 0x00, 0x40, 0x00, 0x00, 0x00, 0x2E, 0x00, 0x00, 0x00, 0x00, 0x2F, 0x00, 0x00, 0x00
	.byte 0x00, 0x4B, 0x2D, 0x57, 0x00, 0x4B, 0x39, 0x57, 0x62, 0x81, 0x98, 0x07, 0x2F, 0x44, 0x44, 0x52
	.byte 0x08, 0x3B, 0x44, 0x31, 0x06, 0x31, 0x33, 0x04, 0x45, 0x17, 0x3D, 0x34, 0x24, 0x4A, 0x27, 0x32
	.byte 0x36, 0x24, 0x4A, 0x27, 0x45, 0x37, 0x1B, 0x33, 0x40, 0x3A, 0x00, 0x33, 0x33, 0x34, 0x00, 0xFF
	.byte 0x48, 0x42, 0x42, 0x44, 0x00, 0x4D, 0x42, 0x42, 0x04, 0x45, 0x50, 0x44, 0x51, 0xB0, 0x1B, 0x51
	.byte 0x38, 0x4F, 0x00, 0x4D, 0x5E, 0x45, 0x69, 0x52, 0x00, 0x80, 0x15, 0x00, 0x20, 0x00, 0x2E, 0x00
	.byte 0x1D, 0x3B, 0x00, 0xB0, 0x3F, 0x08, 0x3E, 0x00, 0x00, 0x00, 0x00, 0x3D, 0x3B, 0x53, 0x00, 0x40
	.byte 0x3B, 0x3F, 0x08, 0x03, 0xB0, 0x0E, 0x47, 0x3D, 0x49, 0xB0, 0x11, 0x07, 0x08, 0x71, 0x7F, 0xB0
	.byte 0x07, 0x08, 0x74, 0x7F, 0x11, 0x07, 0x90, 0x38, 0xB0, 0x15, 0x07, 0x56, 0x11, 0x81, 0x98, 0x07
	.byte 0x58, 0x21, 0x51, 0x56, 0x07, 0x7F, 0xB0, 0x07, 0x08, 0x07, 0x11, 0x07, 0x90, 0x38, 0x07, 0x07
	.byte 0x56, 0x11, 0x81, 0x07, 0x58, 0x21, 0x51, 0x56, 0x07, 0xB0, 0x07, 0x08, 0x07, 0x07, 0x90, 0x38
	.byte 0x07, 0x07, 0x07, 0x81, 0x07, 0x58, 0x21, 0x07, 0x07, 0xB0, 0x07, 0x34, 0x1E, 0x2D, 0x31, 0x81
	.byte 0xB0, 0x5C, 0x4C, 0x2D, 0x44, 0x81, 0xB0, 0x00, 0x18, 0x2F, 0x00, 0x00, 0x06, 0x00, 0x00, 0x2D
	.byte 0x45, 0x0B, 0x40, 0x67, 0x47, 0x4C, 0x00, 0x33, 0x5E, 0x1B, 0x00, 0x4A, 0x45, 0x2C, 0x00, 0x20
	.byte 0x54, 0x00, 0x2D, 0x45, 0x25, 0x17, 0x00, 0x98, 0x14, 0x29, 0x68, 0xFF, 0x3E, 0x54, 0x2A, 0x07
	.byte 0x08, 0x73, 0x7F, 0x2C, 0x07, 0x35, 0x3B, 0x00, 0xFF, 0x33, 0x67, 0x39, 0x1B, 0x32, 0x07, 0x09
	.byte 0x00, 0xB0, 0x36, 0x07, 0x08, 0x65, 0x7F, 0x49, 0x0E, 0x47, 0x64, 0x7F, 0xB0, 0x3A, 0x07, 0x90
	.byte 0x35, 0xB0, 0x3C, 0x07, 0x08, 0x62, 0x7F, 0xB0, 0x3E, 0x07, 0x08, 0x61, 0x7F, 0xB0, 0x42, 0x07
	.byte 0x08, 0x60, 0x7F, 0xB0, 0x44, 0x07, 0x08, 0x5F, 0x7F, 0xB0, 0x48, 0x07, 0x08, 0x5E, 0x7F, 0xB0
	.byte 0x49, 0x07, 0x08, 0x5D, 0x7F, 0x80, 0x0F, 0x00, 0x4E, 0x33, 0x5D, 0x3F, 0x2D, 0x7F, 0x72, 0x08
	.byte 0x34, 0x64, 0x68, 0xD3, 0x26, 0x34, 0x45, 0x05, 0x32, 0x40, 0x34, 0x6C, 0x51, 0x20, 0x5A, 0x35
	.byte 0x72, 0x1A, 0x00, 0x66, 0x07, 0x98, 0x3F, 0x98, 0x29, 0x35, 0x4D, 0x49, 0x36, 0x49, 0x36, 0x44
	.byte 0x42, 0x04, 0x45, 0x00, 0x00, 0x98, 0x48, 0x44, 0x00, 0x00, 0x00, 0x00, 0x31, 0x06, 0x4F, 0x2D
	.byte 0x40, 0x43, 0x2D, 0x48, 0x56, 0x07, 0x2D, 0x45, 0x98, 0x04, 0x34, 0x38, 0x1C, 0x01, 0x81, 0x98
	.byte 0x1B, 0x39, 0x33, 0x14, 0x00, 0x0F, 0x2B, 0x3B, 0x46, 0x3C, 0x6A, 0x5E, 0x2D, 0x3D, 0x41, 0x3F
	.byte 0x00, 0x1D, 0x3E, 0x48, 0x45, 0x08, 0x96, 0x57, 0x34, 0x34, 0x00, 0x00, 0x00, 0x4A, 0x34, 0x45
	.byte 0x40, 0x47, 0x4F, 0x06, 0x34, 0x3E, 0x31, 0x4A, 0x5C, 0x4E, 0x3A, 0x55, 0x44, 0x52, 0x1A, 0x34
	.byte 0x33, 0x2C, 0x54, 0x00, 0x00, 0x34, 0x3C, 0x49, 0x1B, 0x2C, 0x34, 0x37, 0x13, 0x47, 0x90, 0x13
	.byte 0x33, 0x51, 0x20, 0x3E, 0x35, 0x3A, 0x14, 0x00, 0x98, 0x35, 0x35, 0x3A, 0x13, 0x42, 0x52, 0x35
	.byte 0x34, 0x06, 0x58, 0x98, 0x48, 0x35, 0x3B, 0x14, 0x6A, 0x5E, 0x2D, 0x35, 0x2D, 0x3D, 0x08, 0x96
	.byte 0x32, 0x3E, 0x40, 0x4E, 0x3B, 0x10, 0x31, 0x40, 0x40, 0x0A, 0x50, 0x2F, 0x49, 0x00, 0x00, 0x00
	.byte 0x2B, 0x36, 0x6E, 0x4E, 0x07, 0x07, 0x36, 0x4D, 0x3D, 0x03, 0x73, 0x50, 0x2F, 0x45, 0x06, 0x58
	.byte 0x00, 0x00, 0x2F, 0x3D, 0x34, 0x49, 0x3B, 0x2F, 0x42, 0x1C, 0xC0, 0x3C, 0x08, 0x80, 0x16, 0x00
	.byte 0x21, 0x00, 0x7F, 0xB0, 0x07, 0x08, 0x0A, 0x11, 0x07, 0x90, 0x38, 0x0A, 0x07, 0x56, 0x11, 0x81
	.byte 0x0A, 0x58, 0x21, 0x51, 0x1D, 0x0A, 0xB0, 0x07, 0x08, 0x07, 0x0A, 0x90, 0x38, 0x07, 0x07, 0x0A
	.byte 0x81, 0x07, 0x58, 0x31, 0x0A, 0x07, 0xB0, 0x07, 0x08, 0x49, 0x34, 0x09, 0x07, 0x07, 0x38, 0x60
	.byte 0x2E, 0x1C, 0x3D, 0x3E, 0x60, 0x2E, 0x1C, 0x4B, 0x38, 0x4F, 0x0C, 0x00, 0x4B, 0x34, 0x49, 0x7C
	.byte 0xD3, 0x59, 0x34, 0x45, 0x17, 0x3D, 0x5A, 0x38, 0x52, 0x05, 0x2D, 0x44, 0x47, 0x2D, 0x2F, 0x00
	.byte 0x00, 0x00, 0x00, 0x10, 0x32, 0x07, 0x4E, 0x11, 0x2D, 0x47, 0x0B, 0x0C, 0x03, 0x6B, 0x4E, 0x1C
	.byte 0x08, 0x00, 0x2D, 0x45, 0x0A, 0x00, 0x98, 0x14, 0x29, 0x38, 0x47, 0x1A, 0x7F, 0x98, 0x34, 0x47
	.byte 0xB0, 0x42, 0x21, 0x3E, 0x58, 0x21, 0x51, 0x26, 0x5B, 0x56, 0x11, 0x81, 0x29, 0x08, 0x08, 0x74
	.byte 0x7F, 0x2B, 0x08, 0x08, 0x73, 0x7F, 0x2D, 0x08, 0x08, 0x72, 0x7F, 0x2F, 0x08, 0x08, 0x71, 0x7F
	.byte 0x33, 0x0A, 0x7F, 0xB0, 0x3E, 0x07, 0x38, 0x5D, 0x03, 0x76, 0x34, 0x34, 0x5D, 0x43, 0x40, 0x36
	.byte 0x0A, 0x49, 0xFF, 0x40, 0x39, 0x0A, 0x00, 0x00, 0x37, 0x39, 0x0A, 0x7F, 0x81, 0x11, 0x3D, 0x0A
	.byte 0x00, 0x2E, 0x32, 0x3F, 0x0A, 0x4A, 0x33, 0x48, 0xFB, 0x0A, 0x07, 0x33, 0x00, 0x45, 0x0A, 0x34
	.byte 0x65, 0x20, 0x4E, 0x0A, 0x0A, 0x08, 0x67, 0x5E, 0x0A, 0x00, 0x66, 0xB0, 0x4E, 0x0A, 0x08, 0x5C
	.byte 0x7F, 0x80, 0x19, 0x00, 0x25, 0x00, 0x36, 0x08, 0x00, 0x00, 0x44, 0x00, 0x08, 0x00, 0x00, 0x37
	.byte 0x39, 0x08, 0x7F, 0x81, 0x11, 0x32, 0x08, 0x06, 0x37, 0x81, 0x81, 0x08, 0x4A, 0x33, 0x48, 0xFB
	.byte 0x08, 0x07, 0x33, 0x00, 0x00, 0x08, 0x34, 0x65, 0x20, 0x4E, 0x08, 0x0A, 0x08, 0x67, 0x5E, 0x08
	.byte 0x40, 0x47, 0xC0, 0x1B, 0x08, 0x32, 0x52, 0xB0, 0x50, 0x08, 0x08, 0x5B, 0x7F, 0xB0, 0x52, 0x08
	.byte 0x08, 0x5A, 0x7F, 0xB0, 0x54, 0x08, 0x08, 0x59, 0x7F, 0xB0, 0x58, 0x08, 0x08, 0x58, 0x7F, 0x44
	.byte 0x81, 0xB0, 0x57, 0x7F, 0xB0, 0x5F, 0x08, 0x08, 0x56, 0x2F, 0x00, 0x07, 0x08, 0x08, 0x55, 0x7F
	.byte 0xB0, 0x12, 0x08, 0x08, 0x54, 0x7F, 0xB0, 0x18, 0x08, 0x08, 0x53, 0x47, 0x31, 0x08, 0x08, 0x52
	.byte 0x7F, 0xB0, 0x22, 0x08, 0x08, 0x51, 0x07, 0x07, 0x56, 0x11, 0x50, 0x7F, 0xB0, 0x28, 0x08, 0x08
	.byte 0x4F, 0x1B, 0x59, 0x08, 0x08, 0x4E, 0x10, 0x3B, 0x08, 0x08, 0x4D, 0x7F, 0xB0, 0x2E, 0x08, 0x08
	.byte 0x4C, 0x58, 0x21, 0x51, 0x56, 0x4B, 0x53, 0x00, 0x08, 0x08, 0x4A, 0x00, 0x33, 0x08, 0x08, 0x49
	.byte 0x40, 0x00, 0x08, 0x08, 0x48, 0x00, 0x18, 0x44, 0x4F, 0x47, 0x18, 0x3B, 0x45, 0x69, 0x46, 0x32
	.byte 0x3B, 0x08, 0x08, 0x45, 0x7F, 0xB0, 0x41, 0x08, 0x08, 0x44, 0x7F, 0xB0, 0x43, 0x08, 0x08, 0x43
	.byte 0x7F, 0xB0, 0x46, 0x08, 0x08, 0x42, 0x7F, 0xB0, 0x47, 0x08, 0x08, 0x41, 0x7F, 0xB0, 0x4B, 0x08
	.byte 0x30, 0x00, 0xB0, 0x4C, 0x08, 0x08, 0x3F, 0x7F, 0xB0, 0x4F, 0x08, 0x08, 0x3E, 0x00, 0x29, 0x3D
	.byte 0x47, 0x3D, 0x7F, 0xB0, 0x53, 0x08, 0x08, 0x3C, 0x80, 0x1C, 0x00, 0x24, 0x00, 0xB0, 0x4E, 0x07
	.byte 0x32, 0x52, 0x98, 0x4F, 0x4C, 0x29, 0x3D, 0xB0, 0x4F, 0x07, 0x03, 0x3B, 0x98, 0x50, 0x50, 0x40
	.byte 0x96, 0x00, 0x50, 0x47, 0x4D, 0x5F, 0x39, 0x51, 0x40, 0x22, 0x3E, 0x36, 0x52, 0x07, 0x52, 0x18
	.byte 0x42, 0x53, 0x07, 0x00, 0x15, 0x00, 0x53, 0x07, 0x57, 0x47, 0x5F, 0x5B, 0x07, 0x00, 0x47, 0x98
	.byte 0x5D, 0x50, 0x45, 0x49, 0x48, 0x5D, 0x4C, 0x44, 0x31, 0x98, 0x5E, 0x40, 0x32, 0xD3, 0x0F, 0x5E
	.byte 0x47, 0x37, 0x4C, 0x2D, 0x5F, 0x07, 0x0A, 0x4C, 0x00, 0x00, 0x00, 0x07, 0x57, 0x0C, 0x98, 0x0B
	.byte 0x50, 0x4B, 0xB0, 0x5C, 0x00, 0x4C, 0x46, 0x49, 0x48, 0x0C, 0x40, 0x23, 0x72, 0x96, 0x0D, 0x47
	.byte 0x4A, 0x3F, 0xB0, 0x12, 0x07, 0x76, 0x00, 0x00, 0x00, 0x07, 0x54, 0x18, 0x98, 0x1A, 0x50, 0x50
	.byte 0x72, 0x96, 0x23, 0x4C, 0x4F, 0x72, 0x96, 0x1B, 0x40, 0x00, 0xFF, 0x3F, 0x1B, 0x47, 0x50, 0x11
	.byte 0xB0, 0x1D, 0x07, 0xA4, 0xCE, 0x00, 0x00, 0x07, 0x30, 0x2B, 0x72, 0x0E, 0x07, 0x36, 0x47, 0x54
	.byte 0x27, 0x07, 0x3B, 0xC0, 0x98, 0x29, 0x4C, 0x58, 0x17, 0x00, 0x29, 0x50, 0x50, 0x5C, 0xD3, 0x2A
	.byte 0x40, 0x03, 0x73, 0x98, 0x4F, 0x4C, 0x4E, 0x7F, 0x00, 0x3E, 0x5C, 0x04, 0x00, 0x4F, 0x07, 0x03
	.byte 0x2D, 0x19, 0x2D, 0x07, 0x06, 0x55, 0x3B, 0x80, 0x07, 0x37, 0x18, 0x3B, 0x50, 0x07, 0x00, 0x00
	.byte 0x00, 0x35, 0x07, 0x00, 0x09, 0x98, 0x37, 0x30, 0x0E, 0xF4, 0x98, 0x37, 0x50, 0x70, 0x80, 0x1E
	.byte 0x00, 0x26, 0x00, 0xB0, 0x50, 0x0A, 0x03, 0x3B, 0x4A, 0x3D, 0x0A, 0x52, 0x18, 0x42, 0x36, 0x0A
	.byte 0x00, 0x15, 0x00, 0x53, 0x0A, 0x57, 0x47, 0x5F, 0x00, 0x0A, 0x00, 0x47, 0x00, 0x00, 0x0A, 0x0A
	.byte 0x4C, 0x00, 0x00, 0x00, 0x0A, 0x57, 0x0C, 0x04, 0x45, 0x0A, 0x76, 0x00, 0x00, 0x00, 0x0A, 0x54
	.byte 0x18, 0x66, 0x18, 0x0A, 0xA4, 0xCE, 0x00, 0x00, 0x0A, 0x30, 0x2B, 0x72, 0x25, 0x0A, 0x36, 0x47
	.byte 0x54, 0x0F, 0x0A, 0x04, 0x45, 0x00, 0x2A, 0x34, 0x4B, 0x00, 0x00, 0x00, 0x0A, 0x0D, 0x02, 0x4A
	.byte 0x00, 0x53, 0x2D, 0x19, 0x40, 0x0A, 0x06, 0x55, 0x3B, 0x80, 0x0A, 0x37, 0x18, 0x3B, 0x50, 0x0A
	.byte 0x00, 0x00, 0x00, 0x00, 0x0A, 0x00, 0x09, 0x18, 0x76, 0x0A, 0x06, 0x00, 0x98, 0x38, 0x34, 0x4E
	.byte 0x22, 0x00, 0x38, 0x00, 0x00, 0x00, 0x00, 0x0A, 0x0E, 0x08, 0x63, 0x7F, 0x0A, 0x26, 0x35, 0x3B
	.byte 0x98, 0x0A, 0x12, 0x02, 0xB0, 0x44, 0x0A, 0x73, 0x7F, 0x98, 0x48, 0x0A, 0x15, 0x02, 0x4C, 0x00
	.byte 0x50, 0x3E, 0x36, 0x47, 0x0A, 0xD3, 0x04, 0x7E, 0xD3, 0x0A, 0xD3, 0x10, 0x7C, 0x4D, 0x0A, 0xD3
	.byte 0x1C, 0x7A, 0xD3, 0x0A, 0xD3, 0x28, 0x78, 0xD3, 0x0A, 0xD3, 0x34, 0x76, 0xD3, 0x0A, 0x08, 0x3C
	.byte 0x7F, 0xB0, 0x56, 0x0A, 0x08, 0x3B, 0xD3, 0x58, 0x0A, 0x08, 0x3A, 0x7F, 0xB0, 0x5E, 0x0A, 0x08
	.byte 0x39, 0x07, 0x07, 0x02, 0x34, 0x51, 0x19, 0x00, 0xB0, 0x02, 0x0A, 0x08, 0x38, 0x7F, 0xB0, 0x04
	.byte 0x0A, 0x08, 0x37, 0x45, 0x0B, 0x0A, 0x80, 0x07, 0x00, 0x28, 0x00, 0x68, 0x81, 0xD3, 0x02, 0x67
	.byte 0xD3, 0x07, 0x66, 0xD3, 0x0C, 0x65, 0xD3, 0x12, 0x64, 0xD3, 0x17, 0x63, 0xD3, 0x1B, 0x62, 0xD3
	.byte 0x21, 0x61, 0xD3, 0x26, 0x60, 0xD3, 0x2B, 0x5F, 0xD3, 0x31, 0x5E, 0xD3, 0x36, 0x5D, 0xD3, 0x3B
	.byte 0x5C, 0xD3, 0x41, 0x5B, 0xD3, 0x46, 0x5A, 0xD3, 0x4A, 0x59, 0xD3, 0x50, 0x58, 0xD3, 0x55, 0x57
	.byte 0xD3, 0x5A, 0x98, 0x48, 0x35, 0x3B, 0x14, 0x05, 0x54, 0xD3, 0x09, 0x53, 0xD3, 0x0F, 0x52, 0xD3
	.byte 0x14, 0x51, 0xD3, 0x19, 0x50, 0xD3, 0x1F, 0x4F, 0xD3, 0x25, 0x4E, 0xD3, 0x28, 0x7F, 0x98, 0x59
	.byte 0x38, 0x1C, 0x27, 0x49, 0x3B, 0x3B, 0x5A, 0x0B, 0x00, 0x98, 0x3E, 0x3B, 0x08, 0x31, 0x5A, 0x35
	.byte 0x1A, 0x3C, 0x09, 0x98, 0x32, 0x38, 0x1D, 0x96, 0x00, 0x32, 0x3B, 0x61, 0x00, 0xFF, 0x29, 0x3E
	.byte 0x34, 0x17, 0x00, 0x32, 0x35, 0x1D, 0x17, 0x00, 0x40, 0x35, 0x1C, 0x96, 0x00, 0x40, 0x38, 0x1F
	.byte 0x48, 0x40, 0x67, 0x3B, 0x1F, 0x23, 0x42, 0x40, 0x3E, 0xD3, 0x11, 0x78, 0x4E, 0x35, 0x17, 0x17
	.byte 0x00, 0x4E, 0x38, 0x40, 0x48, 0x40, 0x4E, 0x3B, 0x40, 0x48, 0x40, 0x4F, 0x3E, 0x1F, 0x5E, 0x5D
	.byte 0x45, 0x35, 0x19, 0x5E, 0x5D, 0x45, 0x3F, 0x61, 0x00, 0xFF, 0x5C, 0x68, 0x39, 0x1B, 0x23, 0x5D
	.byte 0x3E, 0x3B, 0x38, 0x49, 0x36, 0x0A, 0x35, 0x2C, 0x00, 0x03, 0x98, 0x0A, 0x38, 0x31, 0x00, 0x33
	.byte 0x0E, 0x3B, 0x31, 0x03, 0x03, 0x98, 0x0B, 0x3E, 0x3B, 0x00, 0x03, 0xD3, 0x39, 0x7E, 0xD3, 0x42
	.byte 0x7D, 0xD3, 0x4C, 0x7C, 0xD3, 0x57, 0x7B, 0x48, 0x35, 0x7A, 0xD3, 0x0A, 0x79, 0xD3, 0x13, 0x80
	.byte 0x1A, 0x00, 0x29, 0x00, 0xD3, 0x38, 0x3C, 0xD3, 0x3B, 0x3B, 0xD3, 0x3D, 0x3A, 0xD3, 0x3F, 0x39
	.byte 0xD3, 0x41, 0x38, 0xD3, 0x43, 0x37, 0xD3, 0x45, 0x36, 0xD3, 0x48, 0x35, 0xD3, 0x4A, 0x34, 0xD3
	.byte 0x4D, 0x33, 0xD3, 0x4F, 0x32, 0xD3, 0x51, 0x31, 0xD3, 0x54, 0x30, 0xD3, 0x55, 0x2F, 0xD3, 0x57
	.byte 0x2E, 0xD3, 0x5A, 0x2D, 0xD3, 0x5C, 0x2C, 0xD3, 0x5F, 0x2B, 0x81, 0xD3, 0x01, 0x7F, 0x96, 0x1B
	.byte 0x0A, 0x47, 0x2B, 0x3C, 0x02, 0x98, 0x0B, 0x4A, 0x2B, 0x3A, 0x02, 0xD3, 0x1E, 0x7E, 0xD3, 0x22
	.byte 0x7D, 0xD3, 0x24, 0x7C, 0xD3, 0x28, 0x7B, 0xD3, 0x2A, 0x7A, 0xD3, 0x2E, 0x79, 0xD3, 0x30, 0x78
	.byte 0xD3, 0x34, 0x77, 0xD3, 0x36, 0x76, 0xD3, 0x3A, 0x75, 0xD3, 0x3C, 0x74, 0xD3, 0x40, 0x73, 0xD3
	.byte 0x42, 0x72, 0xD3, 0x45, 0x71, 0xD3, 0x48, 0x70, 0xD3, 0x4A, 0x6F, 0xD3, 0x4E, 0x6E, 0xD3, 0x51
	.byte 0x6D, 0xD3, 0x54, 0x6C, 0xD3, 0x56, 0x6B, 0xD3, 0x5A, 0x6A, 0xD3, 0x5D, 0x69, 0x48, 0x35, 0x68
	.byte 0x44, 0x60, 0x00, 0x06, 0x66, 0xD3, 0x08, 0x65, 0xD3, 0x0C, 0x64, 0xD3, 0x0E, 0x63, 0xD3, 0x12
	.byte 0x62, 0xD3, 0x14, 0x61, 0xD3, 0x17, 0x60, 0xD3, 0x1A, 0x5F, 0xD3, 0x1D, 0x5E, 0xD3, 0x20, 0x5D
	.byte 0xD3, 0x23, 0x5C, 0xD3, 0x26, 0x5B, 0xD3, 0x29, 0x5A, 0xD3, 0x2C, 0x59, 0xD3, 0x2F, 0x58, 0xD3
	.byte 0x32, 0x57, 0xD3, 0x35, 0x56, 0xD3, 0x38, 0x55, 0xD3, 0x3B, 0x54, 0xD3, 0x3E, 0x53, 0xD3, 0x41
	.byte 0x52, 0xD3, 0x44, 0x51, 0xD3, 0x47, 0x50, 0xD3, 0x49, 0x4F, 0xD3, 0x4D, 0x4E, 0xD3, 0x4F, 0x4D
	.byte 0xD3, 0x53, 0x4C, 0xD3, 0x55, 0x4B, 0xD3, 0x59, 0x4A, 0xD3, 0x5B, 0x49, 0xD3, 0x5F, 0x48, 0x07
	.byte 0x53, 0x47, 0xD3, 0x05, 0x46, 0xD3, 0x07, 0x45, 0xD3, 0x0B, 0x44, 0x80, 0x20, 0x00, 0x27, 0x54
	.byte 0x08, 0xB0, 0x37, 0x07, 0x41, 0x09, 0x80, 0x0C, 0x40, 0x00, 0x10, 0x98, 0x38, 0x47, 0x5B, 0x68
	.byte 0x81, 0x39, 0x07, 0x4E, 0x6E, 0xD3, 0x51, 0x07, 0x54, 0x6C, 0xD3, 0x3D, 0x07, 0x5A, 0x6A, 0xD3
	.byte 0x5D, 0x07, 0x35, 0x68, 0x44, 0x60, 0x07, 0x66, 0xD3, 0x98, 0x45, 0x4C, 0x70, 0x0C, 0x00, 0x45
	.byte 0x50, 0x7B, 0x63, 0x21, 0x49, 0x40, 0x3E, 0x54, 0x98, 0x45, 0x47, 0x65, 0x68, 0x81, 0x46, 0x07
	.byte 0x64, 0xD3, 0x0E, 0x63, 0x07, 0x62, 0xD3, 0x14, 0x61, 0x07, 0x60, 0xD3, 0x1A, 0x5F, 0x07, 0x5E
	.byte 0xD3, 0x20, 0x5D, 0x07, 0x5C, 0xD3, 0x26, 0x5B, 0x07, 0x49, 0x76, 0x00, 0x00, 0x07, 0x66, 0x04
	.byte 0x45, 0x24, 0x07, 0x4A, 0x42, 0x41, 0x5A, 0x07, 0x03, 0x41, 0x47, 0x3B, 0x07, 0x5D, 0x34, 0x63
	.byte 0xB0, 0x02, 0x07, 0x40, 0x67, 0x98, 0x03, 0x4C, 0x53, 0x2B, 0x42, 0x03, 0x50, 0x21, 0x33, 0x4A
	.byte 0x3A, 0x47, 0x53, 0x4F, 0x07, 0x03, 0x40, 0x21, 0x33, 0xB0, 0x04, 0x07, 0x4C, 0x35, 0x3B, 0x4C
	.byte 0x07, 0x08, 0x36, 0x7F, 0xB0, 0x0A, 0x07, 0x08, 0x35, 0x7F, 0xB0, 0x0C, 0x07, 0x08, 0x34, 0x7F
	.byte 0xB0, 0x12, 0x08, 0x33, 0x7F, 0xB0, 0x0F, 0x07, 0x08, 0x32, 0x7F, 0xB0, 0x18, 0x08, 0x31, 0x7F
	.byte 0xB0, 0x14, 0x07, 0x08, 0x30, 0x28, 0x08, 0x08, 0x4F, 0x2F, 0x08, 0x4D, 0x7F, 0xB0, 0x2E, 0x7F
	.byte 0xB0, 0x1A, 0x07, 0x08, 0x2D, 0x4B, 0x53, 0x00, 0x08, 0x2C, 0x00, 0x08, 0x08, 0x48, 0x2B, 0x7F
	.byte 0x98, 0x1F, 0x40, 0xD3, 0x2F, 0x40, 0x1F, 0x80, 0x1F, 0x00, 0x2A, 0x00, 0x45, 0x24, 0x08, 0x4A
	.byte 0x42, 0x41, 0x3B, 0x08, 0x03, 0x41, 0x47, 0x3B, 0x08, 0x98, 0x3D, 0x49, 0x30, 0x0C, 0x08, 0x40
	.byte 0x67, 0x5E, 0x3B, 0x08, 0x4C, 0x35, 0x3B, 0x4C, 0x08, 0x02, 0x40, 0x40, 0x68, 0x08, 0x00, 0x00
	.byte 0x69, 0x53, 0x08, 0x00, 0x6A, 0x7F, 0xB0, 0x08, 0x08, 0x6B, 0x7F, 0xB0, 0x08, 0x08, 0x6C, 0x4E
	.byte 0x54, 0x08, 0x14, 0x00, 0x18, 0x00, 0x08, 0x76, 0x0B, 0x34, 0x39, 0xB0, 0x1B, 0x51, 0x08, 0x74
	.byte 0x7F, 0x3A, 0x40, 0x54, 0x08, 0xC0, 0x1B, 0x3C, 0x28, 0x08, 0x34, 0x55, 0x36, 0x45, 0x08, 0x72
	.byte 0x36, 0xB0, 0x1F, 0x08, 0x08, 0x2A, 0x7F, 0x07, 0x08, 0x73, 0x29, 0x7F, 0xD1, 0x23, 0x00, 0xD2
	.byte 0x23, 0x00, 0x40, 0xB0, 0x25, 0x08, 0x08, 0x28, 0x07, 0x35, 0x3B, 0x00, 0x27, 0x40, 0x67, 0x08
	.byte 0x08, 0x26, 0x00, 0xB0, 0x36, 0x07, 0x25, 0x7F, 0x49, 0x0E, 0x47, 0x24, 0x76, 0xD3, 0x08, 0x08
	.byte 0x23, 0x7F, 0xD1, 0x58, 0x00, 0xD2, 0x58, 0x00, 0x40, 0xD2, 0x59, 0x00, 0x40, 0x81, 0x48, 0x35
	.byte 0x36, 0x24, 0x7F, 0xD1, 0x34, 0x00, 0xD2, 0x34, 0x06, 0x4A, 0x35, 0x51, 0x53, 0x98, 0x28, 0x3D
	.byte 0x4A, 0x00, 0x3A, 0x75, 0xD3, 0x25, 0x7F, 0x98, 0x36, 0x3D, 0x36, 0x81, 0x98, 0x44, 0x3D, 0x56
	.byte 0x07, 0x00, 0xD1, 0x5C, 0x48, 0x40, 0x47, 0xD2, 0x5C, 0x42, 0x42, 0x44, 0x01, 0x3D, 0x5D, 0x42
	.byte 0x3E, 0x1C, 0x3D, 0x64, 0x18, 0x00, 0x61, 0x45, 0x44, 0x59, 0x4C, 0x2D, 0x47, 0x3D, 0x24, 0x7F
	.byte 0x98, 0x24, 0x80, 0x21, 0x00, 0x2B, 0x00, 0x02, 0x40, 0x40, 0x68, 0x0A, 0x00, 0x00, 0x69, 0x53
	.byte 0x0A, 0x00, 0x6A, 0x7F, 0xB0, 0x0A, 0x08, 0x6B, 0x7F, 0xB0, 0x0A, 0x08, 0x6C, 0x4E, 0x54, 0x0A
	.byte 0x14, 0x00, 0x18, 0x00, 0x0A, 0x76, 0x0B, 0x34, 0x39, 0x0A, 0x00, 0x33, 0x38, 0x00, 0x0A, 0x34
	.byte 0x3A, 0x40, 0x54, 0x0A, 0xC0, 0x1B, 0x3C, 0x28, 0x0A, 0x34, 0x55, 0x98, 0x1C, 0x34, 0x4B, 0x0C
	.byte 0x00, 0x1C, 0x7A, 0xD3, 0x00, 0x2D, 0x3F, 0x0A, 0x49, 0x3A, 0xC0, 0x00, 0x0A, 0x2C, 0x4D, 0x00
	.byte 0x19, 0x4A, 0x40, 0x5B, 0x54, 0x00, 0xD1, 0x24, 0x00, 0xD2, 0x24, 0x00, 0x00, 0x2D, 0x0A, 0x00
	.byte 0x39, 0x00, 0x3E, 0x0A, 0x60, 0x00, 0x18, 0x4E, 0x54, 0x35, 0x34, 0x5E, 0x0A, 0x46, 0xC0, 0x00
	.byte 0xFF, 0x0A, 0x39, 0x27, 0x49, 0x48, 0x0A, 0x45, 0x80, 0x98, 0x39, 0x34, 0x56, 0x21, 0x00, 0x98
	.byte 0x57, 0x35, 0x5E, 0x23, 0x00, 0xD1, 0x59, 0x00, 0x11, 0x44, 0x51, 0x0D, 0x4E, 0x45, 0x5A, 0x32
	.byte 0x98, 0x57, 0x72, 0x4A, 0xFF, 0x21, 0xD1, 0x35, 0x00, 0x00, 0x49, 0x42, 0x00, 0x08, 0x31, 0x06
	.byte 0x58, 0x98, 0x44, 0xFF, 0x31, 0xD3, 0x4D, 0x27, 0x49, 0x3B, 0x4D, 0x49, 0x37, 0x31, 0x41, 0x63
	.byte 0x21, 0x49, 0x31, 0x43, 0x45, 0x48, 0x40, 0x47, 0x4C, 0x4A, 0x17, 0xD2, 0x5D, 0x42, 0x42, 0x44
	.byte 0x02, 0x31, 0x48, 0x5A, 0xD3, 0x1D, 0x31, 0x57, 0xD3, 0x03, 0x7E, 0x16, 0x38, 0x4C, 0x07, 0x08
	.byte 0x98, 0x48, 0x21, 0x39, 0x45, 0x38, 0x4F, 0x05, 0x80, 0x24, 0x00, 0x2C, 0x00, 0x50, 0x55, 0x09
	.byte 0x80, 0x1F, 0x4C, 0x55, 0x00, 0x00, 0x1F, 0x47, 0xB0, 0x01, 0xB0, 0x1F, 0x07, 0x49, 0x3A, 0xC0
	.byte 0x00, 0x07, 0x2C, 0x4D, 0x00, 0x22, 0x00, 0xD2, 0x22, 0x06, 0x4A, 0x54, 0x00, 0x00, 0x2D, 0x07
	.byte 0x00, 0x39, 0x00, 0x3E, 0x07, 0x60, 0x00, 0x18, 0x01, 0x07, 0x4A, 0x35, 0x34, 0x5E, 0x07, 0x46
	.byte 0xC0, 0x00, 0xFF, 0x07, 0x39, 0x27, 0x49, 0x48, 0x07, 0x3E, 0x3F, 0x62, 0x3A, 0x50, 0x2D, 0x06
	.byte 0x3F, 0x3A, 0x4C, 0x57, 0x00, 0x00, 0x3B, 0x40, 0x47, 0x51, 0x5C, 0x2C, 0x47, 0x57, 0x05, 0x00
	.byte 0x00, 0x4D, 0x00, 0x49, 0x31, 0x06, 0x00, 0x4D, 0x00, 0x49, 0x31, 0x06, 0x98, 0x59, 0x41, 0x74
	.byte 0x66, 0x18, 0x59, 0x50, 0x74, 0x1B, 0x0A, 0x08, 0x4D, 0x98, 0x20, 0x57, 0x72, 0x5A, 0x00, 0x33
	.byte 0x33, 0x52, 0x55, 0x4B, 0x52, 0x33, 0x33, 0x52, 0x55, 0x4B, 0x52, 0x33, 0x81, 0x4D, 0x5F, 0x39
	.byte 0x4D, 0x49, 0x43, 0x50, 0x39, 0x3A, 0x2C, 0x32, 0x3F, 0x2E, 0x37, 0x21, 0x49, 0x53, 0x43, 0x0C
	.byte 0x02, 0xD1, 0x5B, 0x00, 0x28, 0x6E, 0xD2, 0x5B, 0x06, 0x4A, 0x4A, 0x17, 0x45, 0x69, 0x1E, 0x4A
	.byte 0x3D, 0x37, 0x01, 0x98, 0x1E, 0x56, 0x41, 0x39, 0x01, 0x81, 0x08, 0x08, 0x4F, 0x27, 0x49, 0x4F
	.byte 0x4C, 0x70, 0xD3, 0x32, 0x3B, 0x72, 0xD3, 0x66, 0x7F, 0x70, 0xD3, 0xB0, 0x41, 0x74, 0xD3, 0xB0
	.byte 0x41, 0x72, 0xD3, 0x36, 0x52, 0x76, 0xD3, 0x32, 0x04, 0x80, 0x17, 0x3E, 0x00, 0x78, 0xD3, 0x1E
	.byte 0x77, 0xD3, 0x27, 0x76, 0xD3, 0x31, 0x4A, 0x17, 0x45, 0x69, 0x45, 0x73, 0xD3, 0x4F, 0x72, 0xD3
	.byte 0x59, 0x71, 0x29, 0x35, 0x70, 0xD3, 0x0D, 0x6F, 0xD3, 0x17, 0x6E, 0xD3, 0x20, 0x41, 0x3F, 0x00
	.byte 0x1D, 0x36, 0x6B, 0xD3, 0x3E, 0x6A, 0xD3, 0x48, 0x69, 0xD3, 0x53, 0x68, 0xD3, 0x5C, 0x67, 0x81
	.byte 0xD3, 0x32, 0x04, 0x0F, 0x65, 0xD3, 0x1A, 0x64, 0xD3, 0x27, 0x49, 0x44, 0x04, 0x98, 0x28, 0x2B
	.byte 0x72, 0x0E, 0x07, 0x36, 0x47, 0x54, 0x1D, 0x34, 0x25, 0x0E, 0x08, 0x08, 0x38, 0x4C, 0x00, 0x2D
	.byte 0x06, 0x3B, 0x4C, 0x00, 0x2D, 0x57, 0x36, 0x5F, 0x39, 0x5C, 0x47, 0x4D, 0x5F, 0x39, 0x5C, 0x47
	.byte 0x3F, 0x4C, 0x00, 0x81, 0x98, 0x4B, 0x00, 0x00, 0x4E, 0xC0, 0x4B, 0x4D, 0x5F, 0x39, 0x5C, 0x4B
	.byte 0x00, 0x00, 0x4C, 0x42, 0xB8, 0x09, 0x4A, 0x3F, 0x40, 0x67, 0x09, 0x4D, 0x5F, 0x39, 0x5C, 0x0A
	.byte 0x40, 0x25, 0x80, 0x0F, 0xB0, 0x1C, 0xD3, 0x36, 0x3D, 0x80, 0x09, 0x6A, 0x5E, 0x2D, 0x1E, 0x00
	.byte 0x1C, 0x17, 0x01, 0x98, 0x06, 0x3B, 0x1C, 0x19, 0x00, 0x61, 0x3E, 0x1F, 0x16, 0x4F, 0x4C, 0x4E
	.byte 0x3D, 0x17, 0x03, 0x01, 0x98, 0x1B, 0x34, 0x10, 0x05, 0x31, 0x4A, 0x39, 0x29, 0x3D, 0x81, 0x0A
	.byte 0x00, 0x11, 0x00, 0x00, 0x2C, 0x3B, 0x11, 0x73, 0xD3, 0x2D, 0x3E, 0x25, 0x76, 0x00, 0x00, 0x05
	.byte 0x3D, 0x1C, 0x3B, 0x06, 0x31, 0x39, 0x08, 0x73, 0xD3, 0x06, 0x34, 0x08, 0x36, 0x1B, 0x33, 0x34
	.byte 0x0B, 0x1B, 0x47, 0x3E, 0x38, 0x0B, 0x24, 0x80, 0x23, 0x00, 0x5A, 0x00, 0xD3, 0x0D, 0x43, 0xD3
	.byte 0x11, 0x42, 0xD3, 0x13, 0x41, 0xD3, 0x17, 0x40, 0xD3, 0x19, 0x3F, 0xD3, 0x1C, 0x3E, 0xD3, 0x1F
	.byte 0x3D, 0xD3, 0x21, 0x3C, 0xD3, 0x25, 0x3B, 0xD3, 0x27, 0x3A, 0xD3, 0x2B, 0x39, 0xD3, 0x2D, 0x38
	.byte 0xD3, 0x31, 0x37, 0xD3, 0x33, 0x36, 0xD3, 0x37, 0x35, 0xD3, 0x39, 0x34, 0xD3, 0x3D, 0x33, 0xD3
	.byte 0x3F, 0x32, 0xD3, 0x43, 0x31, 0xD3, 0x46, 0x30, 0xD3, 0x49, 0x2F, 0xD3, 0x4B, 0x2E, 0xD3, 0x4F
	.byte 0x7E, 0x81, 0xB0, 0x43, 0x05, 0x32, 0x40, 0x34, 0x72, 0x0E, 0x07, 0x36, 0x47, 0x54, 0x56, 0x47
	.byte 0x4C, 0x00, 0x2D, 0x56, 0x4B, 0x07, 0x08, 0x81, 0x98, 0x4C, 0x47, 0x4C, 0xB0, 0x48, 0x4C, 0x4B
	.byte 0xB0, 0x15, 0x47, 0x00, 0x11, 0x07, 0x08, 0x71, 0x09, 0x4C, 0x08, 0x74, 0x7F, 0x1A, 0x7F, 0x98
	.byte 0x34, 0x47, 0xB0, 0x42, 0x21, 0xB0, 0x52, 0x05, 0x32, 0x40, 0xC0, 0x52, 0x01, 0x00, 0x41, 0x00
	.byte 0xB0, 0x57, 0x01, 0x03, 0x74, 0x7F, 0x98, 0x5A, 0x4C, 0x12, 0x59, 0x01, 0x72, 0x96, 0x1B, 0x00
	.byte 0x4C, 0x33, 0x0D, 0x57, 0x39, 0x4C, 0x39, 0x3C, 0x71, 0x7F, 0x50, 0x3B, 0x38, 0x70, 0x80, 0x2E
	.byte 0x4E, 0x36, 0x3F, 0x15, 0x00, 0x53, 0x4C, 0x31, 0x2E, 0x00, 0x48, 0x4D, 0x2A, 0x42, 0x81, 0xB0
	.byte 0x98, 0x49, 0x50, 0x37, 0x7F, 0x0A, 0x26, 0x06, 0x4D, 0x3E, 0x00, 0x00, 0x3F, 0x4A, 0x39, 0x3E
	.byte 0x0A, 0x0D, 0x02, 0x49, 0x32, 0x39, 0x4C, 0xD3, 0x47, 0x31, 0x41, 0x3E, 0x60, 0x2E, 0x1C, 0x4B
	.byte 0x38, 0x4F, 0x0C, 0x00, 0x4B, 0x34, 0x49, 0x7C, 0xD3, 0x59, 0x34, 0x45, 0x21, 0x51, 0x56, 0x80
	.byte 0x25, 0x00, 0x2E, 0x00, 0x44, 0x40, 0x08, 0x07, 0x4C, 0xD3, 0x48, 0x70, 0xD3, 0x77, 0xD3, 0xD3
	.byte 0x49, 0x5F, 0xD3, 0x48, 0x70, 0x98, 0x32, 0x47, 0x53, 0x21, 0x00, 0xB0, 0x34, 0xD3, 0x3C, 0x74
	.byte 0xD3, 0x68, 0xD3, 0xD3, 0x56, 0x59, 0xD3, 0x36, 0x76, 0xD3, 0x37, 0xD3, 0x30, 0x78, 0xD3, 0x71
	.byte 0xD3, 0x76, 0xD3, 0x2C, 0x00, 0x7A, 0xD3, 0x6B, 0xD3, 0x78, 0xD3, 0x31, 0x00, 0x7C, 0xD3, 0x40
	.byte 0xD3, 0x2A, 0x7A, 0xD3, 0x03, 0x03, 0x7E, 0xD3, 0x00, 0x06, 0x08, 0x08, 0x00, 0x03, 0x7E, 0xD3
	.byte 0xD3, 0x0C, 0x7C, 0xD3, 0x57, 0x7B, 0x47, 0x2B, 0x4A, 0x98, 0x0B, 0x4A, 0x2B, 0x4D, 0x2B, 0x81
	.byte 0xD3, 0x01, 0x00, 0x4A, 0x47, 0x2B, 0x51, 0x2D, 0xD3, 0x5C, 0x2C, 0x55, 0x2F, 0xD3, 0x57, 0x2E
	.byte 0x5A, 0x4C, 0x54, 0x30, 0x57, 0x2F, 0xD3, 0x57, 0x2E, 0x59, 0x4D, 0x33, 0xD3, 0x98, 0x5D, 0x45
	.byte 0x4D, 0x4C, 0x42, 0xB8, 0x0B, 0x44, 0x53, 0x0E, 0x00, 0x49, 0x50, 0x37, 0x49, 0x1B, 0x4D, 0x3E
	.byte 0xD3, 0x4A, 0x10, 0x43, 0x37, 0xD3, 0x45, 0x32, 0x39, 0xD3, 0x41, 0x41, 0x3E, 0x5A, 0x7F, 0x98
	.byte 0x19, 0x45, 0x58, 0x10, 0x00, 0xB0, 0x20, 0x29, 0x00, 0xD3, 0x38, 0x02, 0x98, 0x13, 0x80, 0x02
	.byte 0x98, 0x40, 0x48, 0x78, 0xD3, 0x5E, 0x2B, 0x42, 0x47, 0x5E, 0x0D, 0x7F, 0xB0, 0x48, 0x07, 0x4C
	.byte 0x2D, 0x78, 0xD3, 0x60, 0x7F, 0x80, 0x26, 0x00, 0x2F, 0x00, 0x34, 0x39, 0xB0, 0x1B, 0xD3, 0x44
	.byte 0x61, 0x29, 0x7F, 0xD1, 0x23, 0x0A, 0x08, 0x33, 0x5D, 0x3F, 0x3B, 0x55, 0x35, 0x56, 0x34, 0x08
	.byte 0x2A, 0x7F, 0x07, 0x60, 0x2E, 0xD3, 0x56, 0x59, 0x08, 0x72, 0x36, 0xB0, 0x37, 0x28, 0x08, 0x34
	.byte 0x55, 0xD2, 0x23, 0x49, 0x36, 0x44, 0x40, 0x54, 0x08, 0xC0, 0x7F, 0x49, 0x00, 0x00, 0x40, 0x1B
	.byte 0x51, 0x08, 0x74, 0x47, 0x0B, 0x07, 0x2D, 0x45, 0x54, 0x08, 0x14, 0xB0, 0x43, 0x7F, 0xB0, 0x08
	.byte 0x08, 0x58, 0x00, 0x3B, 0x46, 0x3C, 0x1B, 0x51, 0x08, 0x74, 0x40, 0x4E, 0x48, 0x45, 0x08, 0x7F
	.byte 0xB0, 0x08, 0x08, 0x00, 0x3A, 0x45, 0x40, 0x47, 0x6A, 0x7F, 0xB0, 0x08, 0x08, 0x48, 0x55, 0x44
	.byte 0x52, 0x3B, 0x08, 0x4C, 0x35, 0x42, 0x42, 0x49, 0x1B, 0x2C, 0x3B, 0x08, 0x4C, 0x35, 0x59, 0x41
	.byte 0x47, 0x3B, 0x98, 0x5D, 0x39, 0x51, 0x35, 0x35, 0x3A, 0x13, 0x38, 0x35, 0x34, 0x06, 0x58, 0x30
	.byte 0x0C, 0x08, 0x40, 0x7F, 0xB0, 0x2D, 0x3D, 0x08, 0x00, 0x2A, 0x00, 0x45, 0x5F, 0xD3, 0x40, 0x0A
	.byte 0x50, 0x48, 0x2B, 0x7F, 0x98, 0x1A, 0x39, 0x54, 0x0F, 0x07, 0x36, 0x00, 0x08, 0x2C, 0x00, 0xD3
	.byte 0x0A, 0x00, 0x00, 0x2F, 0x4E, 0x3B, 0x40, 0x48, 0x27, 0x00, 0x4E, 0x38, 0x98, 0x29, 0x3B, 0x56
	.byte 0x08, 0x72, 0x51, 0xD3, 0x07, 0x90, 0x38, 0x1F, 0x23, 0x42, 0x40, 0x2F, 0x0A, 0x80, 0x27, 0x00
	.byte 0x30, 0x00, 0x98, 0x29, 0x35, 0x0F, 0x07, 0x08, 0x32, 0x00, 0x47, 0x07, 0x2D, 0xD3, 0x36, 0x00
	.byte 0x00, 0x00, 0x3B, 0x4C, 0x07, 0xB0, 0x40, 0xB0, 0x0C, 0x07, 0x08, 0x98, 0x5E, 0x38, 0x1C, 0x01
	.byte 0xB0, 0x02, 0x07, 0x40, 0x5E, 0x47, 0x3B, 0x46, 0x3C, 0x07, 0x08, 0x08, 0x55, 0x07, 0x57, 0x48
	.byte 0x45, 0x08, 0xB0, 0x02, 0x07, 0x40, 0x3B, 0x06, 0x45, 0x40, 0x47, 0x47, 0x3B, 0x07, 0x98, 0x4E
	.byte 0x55, 0x25, 0x1F, 0x42, 0x42, 0x49, 0x23, 0x08, 0x4A, 0x4F, 0x51, 0x38, 0x1A, 0x00, 0xB0, 0x51
	.byte 0xD3, 0x14, 0x61, 0xB0, 0x55, 0x64, 0xD3, 0x0E, 0x63, 0x5A, 0x00, 0x49, 0x1B, 0x2C, 0x64, 0xD3
	.byte 0x0E, 0x63, 0x59, 0x3D, 0x07, 0x5A, 0x6A, 0x98, 0x0B, 0x53, 0x3D, 0x4A, 0x4C, 0x70, 0x47, 0x31
	.byte 0x98, 0x29, 0x0B, 0x50, 0x36, 0x1D, 0x00, 0xB0, 0x0B, 0xB0, 0x41, 0x08, 0x08, 0x43, 0x05, 0x2D
	.byte 0x3D, 0x08, 0x45, 0xD3, 0x0B, 0x44, 0x47, 0x4C, 0x40, 0x0A, 0x50, 0x49, 0xD3, 0x5F, 0x48, 0x3B
	.byte 0x46, 0xD3, 0x38, 0x23, 0x55, 0xD3, 0x3B, 0x34, 0x63, 0xB0, 0x3B, 0x2F, 0x42, 0x0A, 0x4C, 0x00
	.byte 0x98, 0x28, 0x4A, 0x3D, 0x2E, 0x00, 0x98, 0x28, 0x56, 0x3C, 0x2A, 0x07, 0x4C, 0x35, 0x3B, 0x07
	.byte 0x90, 0x38, 0x07, 0x08, 0x5B, 0x7F, 0xB0, 0x07, 0x1F, 0x48, 0x40, 0x49, 0x1B, 0x1C, 0x96, 0x33
	.byte 0x07, 0x32, 0x35, 0x1D, 0xD3, 0x50, 0x29, 0x3E, 0x39, 0x80, 0x05, 0x00, 0x3D, 0x00, 0x47, 0x32
	.byte 0x1D, 0x00, 0x00, 0x0C, 0x4A, 0x2A, 0x07, 0x98, 0x29, 0x4D, 0x40, 0x08, 0x4A, 0x48, 0x4E, 0x4D
	.byte 0x0F, 0x01, 0xD3, 0x50, 0x7F, 0xD3, 0x52, 0x7E, 0xD3, 0x54, 0x7D, 0xD3, 0x57, 0x7C, 0xD3, 0x59
	.byte 0x7B, 0xD3, 0x5C, 0x7A, 0xD3, 0x5E, 0x79, 0x2C, 0x4D, 0x78, 0xD3, 0x03, 0x77, 0xD3, 0x04, 0x76
	.byte 0xD3, 0x07, 0x75, 0xD3, 0x09, 0x74, 0xD3, 0x0B, 0x73, 0xD3, 0x0E, 0x72, 0xD3, 0x10, 0x71, 0xD3
	.byte 0x12, 0x70, 0xD3, 0x15, 0x4B, 0xD3, 0x18, 0x4A, 0x18, 0x6D, 0xD3, 0x1B, 0x6C, 0xD3, 0x1D, 0x6B
	.byte 0xD3, 0x20, 0x6A, 0xD3, 0x22, 0x69, 0xD3, 0x24, 0x68, 0xD3, 0x27, 0x67, 0xD3, 0x29, 0x66, 0xD3
	.byte 0x2B, 0x65, 0xD3, 0x2D, 0x64, 0xD3, 0x2F, 0x63, 0xD3, 0x32, 0x62, 0xD3, 0x34, 0x61, 0xD3, 0x36
	.byte 0x60, 0xD3, 0x39, 0x5F, 0xD3, 0x3B, 0x5E, 0xD3, 0x3D, 0x5D, 0xD3, 0x40, 0x55, 0x98, 0x1C, 0x34
	.byte 0x44, 0x5A, 0xD3, 0x46, 0x59, 0xD3, 0x48, 0x58, 0xD3, 0x4B, 0x57, 0xD3, 0x4D, 0x56, 0xD3, 0x4F
	.byte 0x55, 0xD3, 0x52, 0x54, 0xD3, 0x53, 0x53, 0xD3, 0x55, 0x52, 0xD3, 0x58, 0x51, 0xD3, 0x5A, 0x50
	.byte 0xD3, 0x5D, 0x4F, 0xD3, 0x5F, 0x4E, 0x57, 0x72, 0x4D, 0xD3, 0x04, 0x4C, 0xD3, 0x06, 0x4B, 0xD3
	.byte 0x07, 0x4A, 0xD3, 0x0A, 0x49, 0xD3, 0x0C, 0x7F, 0xD3, 0x30, 0x00, 0x00, 0x00, 0x00, 0x44, 0x52
	.byte 0x56, 0x42, 0x29, 0x08, 0x71, 0x7F, 0x47, 0x53, 0x2D, 0x11, 0x07, 0x42, 0x2F, 0x15, 0x07, 0x56
	.byte 0x47, 0x50, 0x0A, 0x42, 0x2F, 0x44, 0x31, 0x47, 0x50, 0x0A, 0x47, 0x00, 0x98, 0xD3, 0x4F, 0x55
	.byte 0xD3, 0x52, 0x54, 0x03, 0x47, 0x36, 0x19, 0x01, 0x80, 0x2A, 0x00, 0x33, 0x00, 0xB0, 0x2F, 0x00
	.byte 0x33, 0x0E, 0x3B, 0x40, 0xD3, 0x47, 0x37, 0x4C, 0x38, 0x49, 0x36, 0x0A, 0x68, 0xD3, 0x64, 0xD3
	.byte 0x57, 0x44, 0x64, 0x12, 0x40, 0x67, 0x3F, 0x61, 0x00, 0xFF, 0x3B, 0x38, 0x5A, 0x0B, 0x46, 0x2A
	.byte 0x4F, 0x14, 0x00, 0x98, 0x46, 0x36, 0x54, 0x12, 0x76, 0x00, 0x42, 0x7F, 0x1E, 0x7F, 0x11, 0x1B
	.byte 0x39, 0x4C, 0x54, 0x30, 0x1B, 0x3D, 0x28, 0x21, 0x49, 0x1C, 0x42, 0x31, 0x00, 0x4C, 0x42, 0x39
	.byte 0x31, 0x09, 0x80, 0x38, 0x3D, 0x26, 0x00, 0x28, 0x00, 0x42, 0x2E, 0x09, 0x80, 0x57, 0x3D, 0x1F
	.byte 0x39, 0x07, 0x57, 0x39, 0x30, 0x39, 0x07, 0x58, 0x42, 0x1D, 0x09, 0x80, 0x27, 0x00, 0x39, 0x31
	.byte 0x39, 0x07, 0x16, 0x3D, 0x26, 0x3E, 0x54, 0x16, 0x42, 0x2B, 0x09, 0x80, 0x35, 0x39, 0x33, 0x3E
	.byte 0x54, 0x35, 0x3D, 0x4A, 0x59, 0xD3, 0x50, 0x42, 0x2F, 0x3E, 0x54, 0x52, 0xD3, 0x36, 0x5D, 0xD3
	.byte 0x52, 0x3D, 0x2A, 0x51, 0xD3, 0x19, 0x42, 0x2E, 0x0A, 0x7F, 0x11, 0x0E, 0xD3, 0x41, 0x5B, 0xD3
	.byte 0x0E, 0x39, 0x2D, 0x39, 0x07, 0x0E, 0x42, 0x28, 0x39, 0x07, 0x2A, 0x3D, 0x1D, 0x15, 0x07, 0x2A
	.byte 0x42, 0x23, 0x15, 0x07, 0x2B, 0x39, 0x24, 0x39, 0x07, 0x48, 0x39, 0x2E, 0x3E, 0x54, 0x48, 0x81
	.byte 0xD3, 0x02, 0x67, 0x48, 0x42, 0x2D, 0x08, 0x48, 0x42, 0x03, 0x3D, 0x2A, 0x3E, 0x54, 0x03, 0x42
	.byte 0x2F, 0x09, 0x80, 0x04, 0x39, 0x33, 0x09, 0x80, 0x21, 0x39, 0x36, 0x3E, 0x54, 0x80, 0x2B, 0x00
	.byte 0x3E, 0x00, 0x98, 0x5E, 0x40, 0x32, 0x0A, 0x4C, 0x00, 0x50, 0x3E, 0x0A, 0x0A, 0xD3, 0x04, 0x7E
	.byte 0x0A, 0xD3, 0x10, 0x7C, 0x4D, 0x38, 0x5B, 0x7A, 0xD3, 0x0A, 0x0A, 0x78, 0xD3, 0x0A, 0xD3, 0x0A
	.byte 0xD3, 0x0A, 0x08, 0x3C, 0x36, 0x62, 0x2E, 0x00, 0x81, 0xD2, 0x2D, 0x03, 0x7E, 0xB0, 0x3E, 0x07
	.byte 0x08, 0x61, 0x7F, 0xB0, 0x42, 0x1C, 0x0A, 0x08, 0x67, 0x05, 0x32, 0x2D, 0x36, 0x26, 0x00, 0x41
	.byte 0x3D, 0x34, 0xD3, 0x3D, 0x20, 0x34, 0x58, 0x35, 0x56, 0x23, 0x6A, 0x7F, 0xB0, 0x08, 0x34, 0x65
	.byte 0x08, 0x08, 0x6C, 0x4E, 0x54, 0x08, 0x14, 0xB0, 0x50, 0x08, 0x3D, 0x41, 0x59, 0x34, 0x07, 0x2D
	.byte 0x00, 0x3A, 0x00, 0x00, 0x00, 0x37, 0x49, 0x36, 0x11, 0x3D, 0x4A, 0x08, 0x98, 0x03, 0x29, 0x7F
	.byte 0xD1, 0x81, 0x98, 0x24, 0x34, 0x74, 0x07, 0x08, 0x31, 0x0A, 0x07, 0xB0, 0x07, 0x42, 0x2D, 0x5B
	.byte 0x0A, 0x08, 0x43, 0x39, 0x6D, 0x15, 0x00, 0x34, 0x34, 0x5D, 0x47, 0x08, 0x98, 0x4E, 0x0A, 0x0F
	.byte 0xB0, 0x00, 0x37, 0x45, 0x08, 0x98, 0x19, 0x00, 0x00, 0x1C, 0x58, 0x00, 0x58, 0x00, 0x45, 0x08
	.byte 0x00, 0x2C, 0x00, 0x4B, 0x2D, 0x3E, 0x3F, 0x53, 0x98, 0x28, 0x3D, 0x48, 0x3A, 0x75, 0xD3, 0x25
	.byte 0x34, 0x5D, 0x3E, 0x08, 0x42, 0x07, 0x40, 0x25, 0x11, 0x01, 0x98, 0x07, 0x38, 0x21, 0x15, 0x0A
	.byte 0x68, 0xD3, 0x40, 0x14, 0x1D, 0x5E, 0x1B, 0x39, 0x1E, 0x12, 0x01, 0x80, 0x2C, 0x00, 0x32, 0x00
	.byte 0x07, 0x78, 0xD3, 0x0A, 0xD3, 0x07, 0xD3, 0x0A, 0xB0, 0x22, 0x08, 0x13, 0x08, 0x3C, 0x7F, 0xB0
	.byte 0x56, 0x0A, 0x08, 0x3B, 0xD3, 0x58, 0x0A, 0x08, 0x3A, 0x46, 0x42, 0x2A, 0x13, 0x08, 0x3B, 0x45
	.byte 0x3F, 0x0A, 0x08, 0x3B, 0x49, 0x2D, 0x10, 0x08, 0x3B, 0x4E, 0x34, 0x16, 0xD1, 0x34, 0x07, 0x03
	.byte 0x73, 0x7F, 0x08, 0x00, 0x03, 0x7E, 0x07, 0x02, 0x34, 0x51, 0x19, 0x00, 0xB0, 0x02, 0x0A, 0x08
	.byte 0x38, 0x7F, 0xB0, 0x04, 0x0A, 0x08, 0x37, 0x0B, 0x0A, 0x80, 0x07, 0x00, 0x28, 0x00, 0x68, 0x81
	.byte 0xD3, 0x02, 0x67, 0xD3, 0x07, 0x66, 0xD3, 0x0C, 0x98, 0x56, 0x3D, 0x1F, 0x03, 0x3D, 0x57, 0x42
	.byte 0x1D, 0x17, 0x63, 0xD3, 0x1B, 0x62, 0xD3, 0x21, 0xD3, 0x31, 0x5E, 0xD3, 0x36, 0x5D, 0xD3, 0x3B
	.byte 0x5C, 0xD3, 0x41, 0x5B, 0xD3, 0x46, 0x5A, 0xD3, 0x4A, 0xD3, 0x50, 0x58, 0xD3, 0x55, 0x57, 0xD3
	.byte 0x5A, 0x17, 0x00, 0x4E, 0x38, 0x98, 0x48, 0x35, 0x3B, 0x14, 0x52, 0xD3, 0x14, 0x51, 0xD3, 0x19
	.byte 0xD3, 0x28, 0x7F, 0x19, 0x50, 0xD3, 0x1F, 0x4F, 0x81, 0x98, 0x0D, 0x3D, 0x26, 0x3E, 0x3B, 0x08
	.byte 0x31, 0x5A, 0x35, 0x1A, 0x3C, 0x0B, 0x00, 0x98, 0x3E, 0x3B, 0x98, 0x32, 0x1A, 0x3C, 0x09, 0x42
	.byte 0x23, 0x21, 0x61, 0x3E, 0x34, 0x40, 0x35, 0x1C, 0x17, 0x00, 0x40, 0x35, 0x1C, 0x67, 0x3B, 0x1F
	.byte 0x1C, 0x96, 0x00, 0x40, 0x38, 0x08, 0x63, 0x17, 0x00, 0x4E, 0x38, 0x3E, 0xD3, 0x4E, 0x38, 0x40
	.byte 0x48, 0x40, 0x4E, 0x3B, 0x40, 0x48, 0x40, 0x4F, 0x3E, 0x80, 0x06, 0x00, 0x58, 0x48, 0x42, 0x14
	.byte 0x45, 0x50, 0x0D, 0x47, 0x31, 0x49, 0x5C, 0x19, 0x42, 0x42, 0x4E, 0x53, 0x1A, 0x1F, 0x4C, 0x55
	.byte 0x49, 0x5A, 0x46, 0xD3, 0x27, 0x45, 0x5A, 0x38, 0x1F, 0x44, 0x49, 0x57, 0x49, 0x48, 0x0C, 0x01
	.byte 0x45, 0x4D, 0x46, 0xD3, 0x1D, 0x42, 0x4A, 0x38, 0x1F, 0x3A, 0x45, 0x4B, 0x46, 0xD3, 0x57, 0x42
	.byte 0x53, 0x19, 0x2D, 0x4B, 0x53, 0x3F, 0x39, 0x0D, 0x47, 0x30, 0x3B, 0x4D, 0x42, 0x2E, 0x4D, 0x3F
	.byte 0x98, 0x56, 0x98, 0x5B, 0x42, 0x57, 0x0F, 0x1F, 0x4C, 0x55, 0x47, 0x5A, 0x49, 0xD3, 0x0F, 0x45
	.byte 0x57, 0x98, 0xD3, 0x98, 0x00, 0x44, 0x5B, 0x55, 0x52, 0x0E, 0x42, 0x61, 0x55, 0x52, 0xD3, 0x44
	.byte 0x6D, 0x55, 0x52, 0x39, 0x40, 0x5E, 0x3E, 0x54, 0x48, 0x3B, 0x61, 0x1F, 0x80, 0x1F, 0x13, 0x40
	.byte 0x53, 0x11, 0x40, 0x48, 0x57, 0x42, 0x1D, 0x98, 0x2F, 0x45, 0x4E, 0x0F, 0x3D, 0x2A, 0x42, 0x57
	.byte 0x11, 0x07, 0x42, 0x2F, 0x40, 0x52, 0x1F, 0x80, 0xB0, 0x1C, 0x03, 0x55, 0x52, 0xC0, 0x1C, 0x03
	.byte 0x00, 0x45, 0x72, 0x36, 0x03, 0x03, 0x75, 0x47, 0x36, 0x19, 0x01, 0x80, 0x2A, 0x08, 0x3E, 0x18
	.byte 0x14, 0x5C, 0xD3, 0x26, 0x5B, 0x21, 0x10, 0x0A, 0x68, 0x2E, 0x3B, 0x27, 0x3A, 0x48, 0x42, 0x07
	.byte 0x3D, 0x21, 0x00, 0x00, 0x40, 0x3E, 0x17, 0x7D, 0xD3, 0x3D, 0x64, 0x18, 0x00, 0x61, 0x45, 0x44
	.byte 0x59, 0x4C, 0x2D, 0x47, 0x3D, 0x24, 0x7F, 0x98, 0x24, 0x80, 0x24, 0x7F, 0x98, 0x24, 0x80, 0x21
	.byte 0x00, 0x2B, 0x00, 0x02, 0x80, 0x30, 0x00, 0x34, 0x00, 0x40, 0x48, 0x42, 0x32, 0x21, 0x49, 0x21
	.byte 0x3D, 0x00, 0x4E, 0x38, 0x3C, 0x3D, 0x35, 0x14, 0x00, 0x18, 0x7F, 0xB0, 0x0A, 0x08, 0x3C, 0x39
	.byte 0x39, 0x0C, 0x65, 0x58, 0x39, 0x3B, 0x78, 0x4E, 0x58, 0x42, 0x37, 0x0A, 0x34, 0x55, 0x3D, 0x38
	.byte 0x2B, 0x5F, 0xD3, 0x15, 0x42, 0x4D, 0x17, 0x00, 0x98, 0x15, 0x39, 0x4F, 0x38, 0x1F, 0x15, 0x3D
	.byte 0x52, 0x18, 0x00, 0xB0, 0x2E, 0xD3, 0x38, 0x55, 0xD3, 0x31, 0x7E, 0x00, 0x49, 0x1B, 0x0A, 0x08
	.byte 0x32, 0x53, 0x62, 0x4B, 0x01, 0x98, 0x32, 0x4B, 0x65, 0x4B, 0x01, 0xD3, 0x32, 0x7D, 0x98, 0x32
	.byte 0x42, 0x65, 0x4C, 0x01, 0xD3, 0x33, 0x7B, 0xD3, 0x34, 0x79, 0xB0, 0x35, 0x00, 0x00, 0x2D, 0x0A
	.byte 0x36, 0x77, 0xD3, 0x37, 0x75, 0xD3, 0x38, 0x73, 0x34, 0x00, 0x40, 0x64, 0x7F, 0xD3, 0x39, 0x71
	.byte 0xD3, 0x3A, 0x70, 0xD3, 0x3B, 0x6E, 0xD3, 0x3D, 0x6C, 0xD3, 0x36, 0x60, 0x3F, 0x68, 0xD3, 0x40
	.byte 0x66, 0xD3, 0x41, 0x64, 0xD3, 0x42, 0x63, 0xD3, 0x44, 0x61, 0xD3, 0x45, 0x5F, 0xD3, 0x46, 0x5D
	.byte 0xD3, 0x47, 0x5B, 0xD3, 0x48, 0x59, 0xD3, 0x4A, 0x57, 0xD3, 0x4B, 0x56, 0xD3, 0x4C, 0x54, 0xD3
	.byte 0x4D, 0x52, 0xD3, 0x4E, 0x50, 0xD3, 0x50, 0x4E, 0xD3, 0x51, 0x4C, 0xD3, 0x52, 0x4A, 0xD3, 0x53
	.byte 0x49, 0xD3, 0x54, 0x47, 0xD3, 0x56, 0x45, 0xD3, 0x57, 0x43, 0xD3, 0x58, 0x41, 0xD3, 0x59, 0x3F
	.byte 0xD3, 0x5A, 0x3D, 0xD3, 0x5C, 0x3C, 0xD3, 0x5D, 0x3A, 0xD3, 0x5E, 0x38, 0xD3, 0x5F, 0x36, 0x1D
	.byte 0x07, 0x34, 0xD3, 0x02, 0x32, 0xD3, 0x03, 0x30, 0xD3, 0x04, 0x2F, 0xD3, 0x05, 0x2D, 0xD3, 0x06
	.byte 0x2B, 0xD3, 0x08, 0x80, 0x2E, 0x00, 0x35, 0x00, 0x4E, 0x54, 0x0A, 0x14, 0x00, 0x6B, 0x7F, 0x14
	.byte 0x00, 0x18, 0x00, 0x0A, 0x76, 0x0B, 0x34, 0x39, 0x3A, 0x40, 0x54, 0x0A, 0x0A, 0x00, 0x33, 0x38
	.byte 0x00, 0x1B, 0x3C, 0x28, 0x0A, 0x34, 0x55, 0x7A, 0xD3, 0x00, 0x55, 0x98, 0x1C, 0x34, 0x4B, 0x3F
	.byte 0x0A, 0x49, 0x3A, 0x22, 0x0A, 0x2C, 0x4D, 0x00, 0x08, 0x4C, 0x16, 0x3D, 0x52, 0x08, 0x4C, 0x2E
	.byte 0x27, 0x3F, 0x17, 0x00, 0xD2, 0x28, 0x78, 0xD3, 0x98, 0x31, 0x36, 0x65, 0x4D, 0x01, 0xD3, 0x5C
	.byte 0x2C, 0x53, 0xD3, 0x35, 0x28, 0x78, 0xD3, 0x0A, 0x98, 0x07, 0xD1, 0x35, 0x41, 0x7F, 0xD3, 0x44
	.byte 0x7E, 0xD3, 0x45, 0x7D, 0xD3, 0x47, 0x7C, 0xD3, 0x49, 0x7B, 0xD3, 0x4A, 0x7A, 0xD3, 0x4C, 0x79
	.byte 0xD3, 0x4D, 0x78, 0xD3, 0x4F, 0x77, 0xD3, 0x51, 0x76, 0xD3, 0x52, 0x75, 0xD3, 0x55, 0x74, 0xD3
	.byte 0x56, 0x73, 0xD3, 0x57, 0x24, 0x68, 0xD3, 0xD3, 0x5B, 0x70, 0xD3, 0x5C, 0x6F, 0xD3, 0x5E, 0x6E
	.byte 0xD3, 0x5F, 0x6D, 0x81, 0xD3, 0x02, 0x6C, 0xD3, 0x03, 0x6B, 0xD3, 0x04, 0x6A, 0xD3, 0x07, 0x69
	.byte 0xD3, 0x08, 0x68, 0xD3, 0x09, 0x67, 0xD3, 0x0B, 0x66, 0xD3, 0x0D, 0x65, 0xD3, 0x0E, 0x64, 0xD3
	.byte 0x3B, 0x5C, 0x63, 0x7F, 0xD3, 0x10, 0x63, 0xD3, 0x11, 0x62, 0xD3, 0x14, 0x61, 0xD3, 0x15, 0x60
	.byte 0xD3, 0x16, 0x5F, 0xD3, 0x18, 0x5E, 0xD3, 0x1A, 0x5D, 0xD3, 0x1B, 0x5C, 0xD3, 0x1D, 0x5B, 0xD3
	.byte 0x1E, 0x5A, 0xD3, 0x21, 0x59, 0xD3, 0x22, 0x58, 0xD3, 0x23, 0x57, 0xD3, 0x26, 0x56, 0xD3, 0x27
	.byte 0x55, 0xD3, 0x28, 0x54, 0xD3, 0x2A, 0x53, 0xD3, 0x2C, 0x52, 0xD3, 0x2E, 0x51, 0xD3, 0x80, 0x32
	.byte 0x00, 0x36, 0x00, 0x29, 0xD3, 0x09, 0x27, 0xD3, 0x0A, 0x25, 0xD3, 0x0B, 0x23, 0xD3, 0x0C, 0x22
	.byte 0xD3, 0x0E, 0x20, 0xD3, 0x0F, 0x1E, 0x72, 0x0E, 0x07, 0x3E, 0x6A, 0xD3, 0x1C, 0xD3, 0x11, 0x1A
	.byte 0xD3, 0x12, 0x18, 0xD3, 0x15, 0x1A, 0xD3, 0x16, 0x1B, 0xD3, 0x17, 0x1C, 0xD3, 0x18, 0x1D, 0xD3
	.byte 0x1A, 0x1E, 0xD3, 0x1B, 0x20, 0xD3, 0x1C, 0x21, 0xD3, 0x1D, 0x22, 0xD3, 0x1E, 0x23, 0xD3, 0x20
	.byte 0x24, 0xD3, 0x21, 0x26, 0xD3, 0x22, 0x27, 0xD3, 0x23, 0x28, 0xD3, 0x24, 0x29, 0xD3, 0x25, 0x2A
	.byte 0xD3, 0x27, 0x2C, 0xD3, 0x28, 0x2D, 0xD3, 0x29, 0x2E, 0xD3, 0x2A, 0x2F, 0xD3, 0x2C, 0x30, 0xD3
	.byte 0x2D, 0x32, 0xD3, 0x2E, 0x33, 0xD3, 0x2F, 0x34, 0xD3, 0x30, 0x35, 0xD3, 0x31, 0x36, 0xD3, 0x33
	.byte 0x38, 0xD3, 0x34, 0x39, 0xD3, 0x35, 0x3A, 0xD3, 0x36, 0x3B, 0xD3, 0x37, 0x3C, 0xD3, 0x39, 0x3E
	.byte 0xD3, 0x3A, 0x3F, 0xD3, 0x3B, 0x40, 0xD3, 0x3C, 0x41, 0xD3, 0x3D, 0x42, 0xD3, 0x3F, 0x44, 0xD3
	.byte 0x40, 0x45, 0xD3, 0x41, 0x46, 0xD3, 0x42, 0x47, 0xD3, 0x43, 0x48, 0xD3, 0x45, 0x4A, 0xD3, 0x46
	.byte 0x4B, 0xD3, 0x47, 0x4C, 0xD3, 0x48, 0x4D, 0xD3, 0x49, 0x4E, 0xD3, 0x4B, 0x50, 0xD3, 0x4C, 0x51
	.byte 0x16, 0x38, 0x4C, 0x07, 0x53, 0xD3, 0x4F, 0x54, 0xD3, 0x51, 0x56, 0xD3, 0x52, 0x57, 0xD3, 0x53
	.byte 0x58, 0xD3, 0x54, 0x59, 0xD3, 0x55, 0x5A, 0xD3, 0x57, 0x5C, 0xD3, 0x58, 0x5D, 0xD3, 0x59, 0x5E
	.byte 0xD3, 0x5A, 0x5F, 0xD3, 0x5B, 0x60, 0xD3, 0x5D, 0x61, 0xD3, 0x5E, 0x63, 0xD3, 0x5F, 0x64, 0x3F
	.byte 0x17, 0x65, 0xD3, 0x01, 0x66, 0xD3, 0x02, 0x67, 0xD3, 0x04, 0x69, 0xD3, 0x05, 0x6A, 0xD3, 0x06
	.byte 0x6B, 0xD3, 0x07, 0x6C, 0xD3, 0x09, 0x6D, 0xD3, 0x0A, 0x6F, 0x80, 0x33, 0x00, 0x39, 0x00, 0x2F
	.byte 0x4E, 0xD3, 0x30, 0x4F, 0xD3, 0x32, 0x50, 0xD3, 0x33, 0x51, 0xD3, 0x34, 0x52, 0xD3, 0x35, 0x53
	.byte 0xD3, 0x36, 0x54, 0xD3, 0x38, 0x55, 0xD3, 0x39, 0x56, 0xD3, 0x3A, 0x57, 0xD3, 0x3B, 0x58, 0xD3
	.byte 0x3C, 0x59, 0xD3, 0x3E, 0x5A, 0xD3, 0x3F, 0x5B, 0x6C, 0xD3, 0x03, 0x6B, 0x5D, 0xD3, 0x42, 0x5E
	.byte 0xD3, 0x44, 0x5F, 0xD3, 0x45, 0x60, 0xD3, 0x46, 0x61, 0xD3, 0x47, 0x62, 0xD3, 0x48, 0x63, 0xD3
	.byte 0x4A, 0x64, 0xD3, 0x4B, 0x65, 0xD3, 0x4C, 0x66, 0xD3, 0x4D, 0x67, 0xD3, 0x4E, 0x68, 0xD3, 0x4F
	.byte 0x69, 0xD3, 0x51, 0x6A, 0xD3, 0x52, 0x6B, 0xD3, 0x53, 0x6C, 0xD3, 0x54, 0x6D, 0xD3, 0x56, 0x6E
	.byte 0xD3, 0x57, 0x6F, 0xD3, 0x58, 0x70, 0x76, 0xD3, 0x32, 0x5A, 0x72, 0xD3, 0x5B, 0x73, 0xD3, 0x5D
	.byte 0x74, 0xD3, 0x5E, 0x75, 0xD3, 0x5F, 0x76, 0x3F, 0x17, 0x77, 0xD3, 0x01, 0xD2, 0x28, 0x79, 0xD3
	.byte 0x04, 0x7A, 0xD3, 0x05, 0x7B, 0xD3, 0x06, 0x7C, 0xD3, 0x07, 0x7D, 0xD3, 0x09, 0x7E, 0x98, 0x1B
	.byte 0x38, 0x7F, 0x00, 0x08, 0x76, 0x3B, 0x74, 0x33, 0x38, 0x5B, 0x2F, 0x76, 0x3B, 0x34, 0x98, 0x17
	.byte 0x34, 0x6E, 0x34, 0x52, 0x18, 0x40, 0x66, 0x3B, 0x40, 0x25, 0x38, 0x7F, 0x00, 0xD3, 0x26, 0x44
	.byte 0x70, 0x3B, 0x40, 0x33, 0x45, 0x66, 0x03, 0x3D, 0x34, 0x39, 0x76, 0x34, 0x52, 0x34, 0x3A, 0x5B
	.byte 0x29, 0x35, 0xD1, 0x34, 0x62, 0x7F, 0x98, 0x50, 0x42, 0x6C, 0x34, 0x52, 0x51, 0x36, 0x7A, 0xD3
	.byte 0x32, 0x50, 0x0D, 0x34, 0x7C, 0x55, 0x52, 0x0D, 0x40, 0x78, 0x11, 0x00, 0xB0, 0x2C, 0x16, 0x1B
	.byte 0xD3, 0x17, 0x2C, 0x00, 0x09, 0x42, 0x34, 0x00, 0x3A, 0x00, 0xD3, 0x0B, 0x70, 0xD3, 0x0C, 0x71
	.byte 0xD3, 0x0D, 0x72, 0xD3, 0x0E, 0x73, 0xD3, 0x10, 0x75, 0xD3, 0x11, 0x76, 0xD3, 0x12, 0x77, 0xD3
	.byte 0x13, 0x78, 0xD3, 0x14, 0x79, 0xD3, 0x16, 0x7B, 0xD3, 0x17, 0x7C, 0xD3, 0x18, 0x7D, 0xD3, 0x19
	.byte 0x7E, 0x07, 0x08, 0x31, 0x00, 0x7C, 0x1D, 0x4C, 0x67, 0x55, 0x52, 0xD3, 0x53, 0x56, 0x55, 0x52
	.byte 0x59, 0x3B, 0x68, 0x66, 0xD3, 0x5D, 0x47, 0x76, 0x1F, 0x80, 0x1F, 0x18, 0x4C, 0x62, 0x00, 0xD3
	.byte 0x18, 0x40, 0x5F, 0x7B, 0x47, 0x2B, 0x44, 0x6B, 0x4A, 0x2B, 0x4D, 0x50, 0x68, 0x03, 0x3D, 0x31
	.byte 0x51, 0x6C, 0x00, 0x81, 0x31, 0x45, 0x69, 0x09, 0x57, 0x2F, 0xD3, 0x06, 0x2B, 0x33, 0xD3, 0x76
	.byte 0x98, 0x29, 0x50, 0x4E, 0x7F, 0xD3, 0x32, 0x50, 0x0B, 0x4C, 0x4A, 0x10, 0x98, 0x0C, 0x40, 0x74
	.byte 0x7F, 0xB0, 0x51, 0xD3, 0x39, 0xD3, 0x41, 0xD3, 0x02, 0x32, 0xD3, 0x34, 0x55, 0x5F, 0x7F, 0x98
	.byte 0x44, 0x40, 0x6D, 0x03, 0x3D, 0x44, 0x4C, 0x69, 0x0B, 0x00, 0x00, 0x98, 0x15, 0x5E, 0x38, 0x1F
	.byte 0x15, 0x3D, 0x00, 0x40, 0x7E, 0x00, 0x48, 0x42, 0x4F, 0xD3, 0x51, 0x4C, 0xD3, 0x50, 0xD3, 0x4E
	.byte 0x50, 0x98, 0x51, 0x3E, 0x60, 0x40, 0x45, 0x51, 0x4A, 0x5A, 0x5C, 0xD3, 0x53, 0xD3, 0x4C, 0x54
	.byte 0xD3, 0x58, 0xD3, 0x4A, 0x57, 0xD3, 0x5E, 0xD3, 0x47, 0x5B, 0x98, 0x5F, 0x3D, 0x5D, 0x98, 0x29
	.byte 0x5F, 0x49, 0x64, 0x07, 0x34, 0x63, 0x05, 0x3A, 0x70, 0xD3, 0xB0, 0x08, 0xD3, 0x38, 0x80, 0x11
	.byte 0xD3, 0x10, 0xD3, 0x28, 0x54, 0x1D, 0x53, 0xD3, 0x2C, 0x55, 0x98, 0x39, 0x5E, 0x38, 0x1C, 0x4B
	.byte 0x02, 0x07, 0xD3, 0x30, 0xB0, 0x02, 0x07, 0x40, 0x4B, 0x3B, 0x46, 0x3C, 0x07, 0x08, 0x0A, 0x44
	.byte 0x02, 0x07, 0x40, 0x0A, 0x4C, 0x02, 0x07, 0xD1, 0x29, 0x80, 0x2B, 0x00, 0x3E, 0x00, 0x98, 0x5E
	.byte 0x40, 0x32, 0x0A, 0x4C, 0x54, 0x0E, 0x20, 0xD3, 0x98, 0x57, 0x44, 0x1F, 0x23, 0x4A, 0xD3, 0x47
	.byte 0x00, 0x49, 0x1B, 0x2C, 0x4A, 0x53, 0x25, 0x34, 0x55, 0x40, 0x32, 0x23, 0x00, 0xD1, 0x5A, 0x46
	.byte 0x2A, 0x4F, 0x44, 0x32, 0x05, 0x36, 0x54, 0x47, 0x00, 0xB0, 0x0B, 0xB0, 0x4A, 0x47, 0x0A, 0x80
	.byte 0x2D, 0x40, 0x47, 0xB0, 0x0B, 0x39, 0x40, 0x49, 0x0A, 0x80, 0x39, 0x44, 0x34, 0xB0, 0x0B, 0x3A
	.byte 0x47, 0x34, 0x04, 0x4C, 0x08, 0x4A, 0x4A, 0x38, 0x00, 0x47, 0x40, 0x4C, 0x0A, 0x80, 0x47, 0x44
	.byte 0x37, 0xB0, 0x0B, 0x47, 0x47, 0x4C, 0x35, 0x3B, 0x48, 0x4A, 0x4C, 0x38, 0x00, 0x55, 0x40, 0x4F
	.byte 0x0A, 0x80, 0x55, 0x44, 0x3A, 0xB0, 0x0B, 0x55, 0x47, 0xD3, 0x50, 0x29, 0x56, 0x4A, 0x4F, 0x98
	.byte 0x29, 0x98, 0x04, 0x40, 0x51, 0x02, 0x03, 0x98, 0x04, 0x44, 0x3C, 0x5E, 0x02, 0x98, 0x04, 0x47
	.byte 0x3C, 0x00, 0x03, 0x98, 0x05, 0x4A, 0x52, 0x01, 0x03, 0xD3, 0x23, 0x7E, 0xD3, 0x28, 0x7D, 0xD3
	.byte 0x2D, 0x7B, 0xD3, 0x31, 0x7A, 0xD3, 0x35, 0x79, 0xD3, 0x3A, 0x77, 0xD3, 0x3F, 0x76, 0xD3, 0x43
	.byte 0x74, 0xD3, 0x47, 0x73, 0xD3, 0x4C, 0x71, 0xD3, 0x51, 0x70, 0xD3, 0x55, 0x6E, 0x80, 0x08, 0x00
	.byte 0x43, 0x00, 0x54, 0x80, 0x2B, 0x00, 0x3E, 0x00, 0x98, 0x5E, 0x40, 0x32, 0x0A, 0x4C, 0x54, 0x05
	.byte 0x08, 0x31, 0x7F, 0x98, 0x56, 0x44, 0x18, 0x24, 0x0B, 0x53, 0x3D, 0x27, 0x70, 0x47, 0x5D, 0x0A
	.byte 0x68, 0x2B, 0x44, 0x26, 0xB0, 0x0B, 0xB0, 0x40, 0x39, 0x3B, 0x46, 0xD3, 0x40, 0x3C, 0x0A, 0x50
	.byte 0x49, 0x44, 0x2A, 0x35, 0x3B, 0x07, 0x40, 0x3F, 0x28, 0x56, 0x3C, 0x2A, 0x2D, 0x2F, 0x42, 0x54
	.byte 0x40, 0x42, 0x38, 0x00, 0x54, 0x44, 0x30, 0x05, 0x00, 0x0C, 0x4A, 0x2A, 0x46, 0x01, 0x4D, 0x40
	.byte 0x08, 0x34, 0x5E, 0x02, 0xD3, 0x29, 0x7F, 0xD3, 0x2D, 0x7E, 0xD3, 0x30, 0x7D, 0xD3, 0x33, 0x7C
	.byte 0xD3, 0x36, 0x7B, 0xD3, 0x39, 0x7A, 0xD3, 0x3C, 0x79, 0xD3, 0x3F, 0x78, 0xD3, 0x42, 0x77, 0xD3
	.byte 0x45, 0x76, 0xD3, 0x48, 0x75, 0xD3, 0x4B, 0x74, 0xD3, 0x4E, 0x73, 0xD3, 0x51, 0x72, 0xD3, 0x54
	.byte 0x71, 0x48, 0x70, 0xD3, 0x5A, 0x78, 0xD3, 0x1E, 0x3F, 0x17, 0x6D, 0xD3, 0x04, 0x6C, 0x21, 0xB0
	.byte 0x52, 0x0A, 0x6A, 0xD3, 0x0C, 0x69, 0xD3, 0x10, 0x68, 0xD3, 0x12, 0x67, 0xD3, 0x16, 0x66, 0xD3
	.byte 0x18, 0x65, 0xD3, 0x1C, 0x64, 0xD3, 0x1F, 0x63, 0xD3, 0x22, 0x62, 0xD3, 0x25, 0x61, 0xD3, 0x28
	.byte 0x60, 0xD3, 0x2B, 0x5F, 0xD3, 0x2E, 0x5E, 0xD3, 0x31, 0x5D, 0xD3, 0x33, 0x5C, 0xD3, 0x37, 0x5B
	.byte 0xD3, 0x3A, 0x5A, 0xD3, 0x3D, 0x59, 0xD3, 0x40, 0x58, 0xD3, 0x43, 0x57, 0xD3, 0x47, 0x56, 0xD3
	.byte 0x49, 0x55, 0xD3, 0x4D, 0x54, 0xD3, 0x4F, 0x53, 0xD3, 0x53, 0x52, 0xD3, 0x55, 0x51, 0xD3, 0x59
	.byte 0x50, 0xD3, 0x5B, 0x60, 0xD3, 0x16, 0x5F, 0xD3, 0x18, 0x5E, 0xD3, 0x80, 0x35, 0x00, 0x56, 0x00
	.byte 0x3C, 0x7F, 0xB0, 0x24, 0x7F, 0x42, 0x2A, 0x26, 0x3E, 0x47, 0x40, 0x13, 0x38, 0x98, 0x47, 0x34
	.byte 0x72, 0x35, 0x1A, 0x3F, 0x0A, 0x3D, 0x08, 0x00, 0xD3, 0x19, 0xD3, 0x28, 0x4F, 0x3B, 0x14, 0x52
	.byte 0xD3, 0x50, 0xD3, 0x55, 0x57, 0xB0, 0x54, 0x5A, 0xD3, 0x4A, 0x98, 0x55, 0x32, 0x5A, 0x03, 0x3D
	.byte 0x55, 0x3E, 0x59, 0x2A, 0x42, 0x58, 0x5C, 0xD3, 0x41, 0x5B, 0x5E, 0x5E, 0xD3, 0x36, 0x81, 0x98
	.byte 0x02, 0x31, 0x43, 0x7F, 0xD3, 0x33, 0x5C, 0x34, 0x34, 0x06, 0x02, 0x67, 0xD3, 0xB0, 0x08, 0x08
	.byte 0x37, 0x0B, 0x0A, 0x09, 0x08, 0x38, 0x7F, 0xB0, 0x0D, 0x51, 0x19, 0x00, 0x98, 0x10, 0x2F, 0x5D
	.byte 0x3B, 0x40, 0x11, 0x3B, 0x47, 0x2A, 0x42, 0x15, 0x34, 0x07, 0x03, 0x73, 0x17, 0x00, 0x03, 0x7E
	.byte 0x07, 0x19, 0x34, 0x07, 0x03, 0x98, 0x20, 0x2D, 0x7F, 0x15, 0xD3, 0x5E, 0x39, 0x7E, 0x13, 0x00
	.byte 0xD2, 0x3F, 0x52, 0x6B, 0xD3, 0x53, 0x6C, 0xD3, 0x54, 0x6D, 0xD3, 0x56, 0x6E, 0x42, 0x2E, 0x2F
	.byte 0xD3, 0x0E, 0x3E, 0x21, 0x33, 0x04, 0x98, 0x57, 0x34, 0x1E, 0x2C, 0x32, 0x2D, 0x38, 0x13, 0x34
	.byte 0x32, 0x2D, 0x3B, 0x1A, 0x34, 0x04, 0x2D, 0x2F, 0x42, 0x54, 0x40, 0x3F, 0x3B, 0x4C, 0x57, 0x04
	.byte 0x98, 0x3F, 0x3E, 0x08, 0x14, 0xB0, 0x50, 0x35, 0x4C, 0x58, 0xB0, 0x50, 0x38, 0x08, 0x14, 0x77
	.byte 0xD3, 0x45, 0x76, 0xD3, 0x48, 0x75, 0xD3, 0x4B, 0x74, 0xD3, 0x4E, 0x73, 0xD3, 0x51, 0x72, 0xD3
	.byte 0x51, 0x72, 0xD3, 0x54, 0x36, 0x00, 0x3C, 0x00, 0x7F, 0x0C, 0x22, 0x64, 0x38, 0x35, 0x09, 0x64
	.byte 0x7F, 0xD3, 0x98, 0x0A, 0x3B, 0x63, 0x07, 0x00, 0xB0, 0x0D, 0x79, 0xB0, 0x35, 0x00, 0x15, 0x00
	.byte 0x49, 0x1B, 0x0A, 0x17, 0x3D, 0x52, 0x18, 0x00, 0x18, 0x00, 0x49, 0x1B, 0x98, 0x19, 0x39, 0x7E
	.byte 0xD3, 0x28, 0x19, 0x45, 0x7C, 0x19, 0x00, 0xB0, 0x1C, 0x40, 0x5F, 0x7B, 0xB0, 0x1E, 0x10, 0x98
	.byte 0x0C, 0x98, 0x20, 0x45, 0x52, 0x98, 0x0B, 0x20, 0x49, 0x3E, 0x67, 0xD3, 0x20, 0x4C, 0x48, 0x2C
	.byte 0x00, 0x32, 0x51, 0x5C, 0x25, 0x00, 0xB0, 0x22, 0x3D, 0x52, 0x18, 0x00, 0x43, 0xD3, 0xD3, 0x05
	.byte 0x7B, 0x15, 0x42, 0x4D, 0x17, 0x34, 0xD3, 0x4F, 0x38, 0x36, 0x0C, 0x65, 0x58, 0x39, 0x08, 0x58
	.byte 0x2F, 0x76, 0x3B, 0x40, 0x48, 0x42, 0x32, 0xD3, 0x3A, 0x66, 0x3B, 0x40, 0x02, 0x07, 0x00, 0xD3
	.byte 0x26, 0x44, 0x23, 0x40, 0x5B, 0x0A, 0x80, 0x24, 0x44, 0x5A, 0x00, 0x3D, 0x24, 0x47, 0x67, 0x06
	.byte 0x66, 0x03, 0x07, 0x08, 0x63, 0x17, 0x41, 0x40, 0x5A, 0x16, 0x00, 0x98, 0x42, 0x49, 0x6B, 0x0A
	.byte 0x78, 0x42, 0x45, 0x55, 0x14, 0x50, 0x42, 0x07, 0x52, 0x51, 0x36, 0x7A, 0xD3, 0x07, 0x0D, 0x34
	.byte 0x7C, 0x55, 0x07, 0x40, 0x78, 0x11, 0x00, 0xB0, 0x07, 0x1B, 0xD3, 0x17, 0x25, 0x07, 0x42, 0x34
	.byte 0x00, 0x3A, 0x07, 0x0B, 0x70, 0xD3, 0x0C, 0x07, 0x0D, 0x72, 0xD3, 0x3E, 0x07, 0x10, 0x75, 0xD3
	.byte 0x11, 0x07, 0x12, 0x77, 0xD3, 0x13, 0x07, 0x14, 0x79, 0x80, 0x03, 0x00, 0x3F, 0x40, 0x49, 0x51
	.byte 0x6E, 0x06, 0x52, 0xD3, 0x12, 0x40, 0x65, 0xD3, 0x16, 0x12, 0x4C, 0x53, 0x0A, 0x80, 0x2E, 0x51
	.byte 0x5A, 0xD3, 0x16, 0x2E, 0x3D, 0x65, 0x2F, 0x42, 0x2E, 0x49, 0x17, 0x00, 0x98, 0x4A, 0x39, 0x5F
	.byte 0x0A, 0x80, 0x4B, 0x4C, 0x4F, 0x34, 0x52, 0x4B, 0x45, 0x5E, 0x53, 0x53, 0xD3, 0x07, 0x34, 0x5C
	.byte 0x37, 0x00, 0x42, 0x38, 0x5F, 0xD3, 0x30, 0x24, 0x4C, 0x4C, 0x56, 0x4A, 0x41, 0x50, 0x4F, 0x3E
	.byte 0x80, 0x5D, 0x1C, 0x96, 0x33, 0x07, 0x5D, 0x3E, 0x56, 0x00, 0x3D, 0x5E, 0x4C, 0x5C, 0x09, 0x27
	.byte 0xD3, 0x1A, 0x3D, 0x6E, 0x5A, 0x46, 0x1A, 0x40, 0x68, 0x38, 0x2E, 0x4D, 0x51, 0x64, 0x18, 0x00
	.byte 0x98, 0x37, 0x55, 0x5F, 0x40, 0x45, 0x45, 0x4C, 0x5A, 0x0C, 0x57, 0xD3, 0x58, 0x5F, 0x42, 0x47
	.byte 0xD3, 0x02, 0x4C, 0x56, 0x34, 0x52, 0x10, 0x51, 0x36, 0x44, 0x40, 0x11, 0x39, 0x54, 0x00, 0x3D
	.byte 0x11, 0x3D, 0x58, 0x2F, 0x42, 0x1F, 0x4C, 0x57, 0x34, 0x52, 0x2D, 0x3B, 0x5C, 0x2F, 0x42, 0x2D
	.byte 0x3E, 0x57, 0x00, 0x3D, 0x2D, 0x56, 0x4C, 0x34, 0x52, 0x3B, 0x4C, 0x46, 0x32, 0x00, 0x4A, 0x3E
	.byte 0x52, 0x00, 0x3D, 0x4A, 0x3B, 0x51, 0x2F, 0x42, 0x4A, 0x56, 0x52, 0xD3, 0x1C, 0x64, 0x4C, 0x4E
	.byte 0x42, 0x47, 0xD3, 0x06, 0x55, 0x5F, 0xD3, 0x16, 0x07, 0x3D, 0x4D, 0x2F, 0x42, 0x07, 0x39, 0x3E
	.byte 0x17, 0x7D, 0x15, 0x4C, 0x33, 0x40, 0x45, 0x23, 0x39, 0x57, 0x0A, 0x80, 0x23, 0x3D, 0x57, 0x04
	.byte 0x00, 0x80, 0x3A, 0x35, 0x3B, 0x16, 0x7B, 0x4A, 0x25, 0x16, 0x18, 0x7D, 0x47, 0x2A, 0x07, 0x08
	.byte 0x31, 0x00, 0x49, 0x24, 0x13, 0x55, 0x52, 0x45, 0x24, 0x16, 0x01, 0x4D, 0x2D, 0x47, 0x1C, 0xD3
	.byte 0x30, 0x2D, 0x4A, 0x1E, 0x39, 0x3B, 0x27, 0x3A, 0x49, 0x05, 0xD3, 0x30, 0x06, 0x45, 0x1C, 0x98
	.byte 0x5B, 0x3F, 0x44, 0x18, 0x47, 0x34, 0x3F, 0x47, 0x18, 0x18, 0x39, 0x3B, 0x07, 0x07, 0x08, 0x3D
	.byte 0x00, 0x45, 0x08, 0x00, 0x3C, 0x28, 0x3D, 0x48, 0x3A, 0x3B, 0x7F, 0xB0, 0x1A, 0x07, 0x08, 0x3A
	.byte 0xD3, 0x40, 0x14, 0x08, 0x39, 0x7F, 0xB0, 0x20, 0x07, 0x08, 0x38, 0x7F, 0x56, 0x0A, 0x08, 0x37
	.byte 0xD3, 0x54, 0x47, 0xD3, 0x34, 0x79, 0x26, 0x00, 0x00, 0x2D, 0x0A, 0x43, 0x57, 0x36, 0xD3, 0x03
	.byte 0x30, 0xD3, 0x35, 0x00, 0x4E, 0x54, 0x0A, 0x34, 0x3D, 0x52, 0x07, 0x08, 0x33, 0x6B, 0x7F, 0x07
	.byte 0x08, 0x32, 0x7F, 0xB0, 0x3B, 0x07, 0x22, 0x69, 0x35, 0x42, 0x42, 0x30, 0x7F, 0x4C, 0x4A, 0x7F
	.byte 0xB0, 0xB0, 0x4B, 0x07, 0x08, 0x2E, 0x34, 0x07, 0x03, 0x73, 0x2D, 0xD3, 0x40, 0x0A, 0x50, 0x2C
	.byte 0x7F, 0xB0, 0x51, 0x07, 0x08, 0x2B, 0xD3, 0x19, 0x40, 0x5F, 0x7B, 0x47, 0x56, 0x4C, 0x40, 0x4A
	.byte 0x01, 0x03, 0x7E, 0x07, 0x2A, 0xD3, 0x23, 0x98, 0x5C, 0x4C, 0x4A, 0x17, 0x2D, 0x32, 0xD3, 0x4C
	.byte 0x55, 0x3B, 0x57, 0xD3, 0x50, 0x56, 0x3F, 0x52, 0xD3, 0x2E, 0x4E, 0x52, 0x37, 0xD3, 0x29, 0x7F
	.byte 0x4C, 0x4C, 0x40, 0x98, 0x15, 0x4D, 0x46, 0x52, 0x01, 0x81, 0x80, 0x2D, 0x00, 0x5C, 0x52, 0xD3
	.byte 0x4A, 0x36, 0x08, 0x3C, 0x39, 0x1B, 0x49, 0x30, 0x02, 0x00, 0x18, 0x7F, 0x30, 0x05, 0x01, 0x4D
	.byte 0x2A, 0x47, 0x38, 0x34, 0x65, 0xD3, 0x4A, 0x1C, 0x34, 0x4B, 0x5F, 0x49, 0x32, 0x3C, 0x3A, 0x77
	.byte 0xD3, 0x45, 0x32, 0xD3, 0x30, 0x3A, 0x44, 0x2B, 0x56, 0x4A, 0x3A, 0x47, 0x28, 0x78, 0x29, 0x7F
	.byte 0xD1, 0x81, 0x98, 0x24, 0x34, 0x74, 0x07, 0x08, 0xB0, 0x2A, 0x02, 0x10, 0x75, 0x6C, 0x00, 0x44
	.byte 0x56, 0x4A, 0x5F, 0x44, 0x4E, 0x5C, 0x4C, 0x4A, 0x1A, 0x45, 0x56, 0x56, 0x4A, 0x38, 0x47, 0x61
	.byte 0x5A, 0x2F, 0xD3, 0x05, 0x49, 0x5B, 0xD3, 0x4E, 0x4E, 0x47, 0x59, 0x37, 0x0A, 0x34, 0x27, 0x4E
	.byte 0x65, 0x46, 0x01, 0x4D, 0x37, 0x47, 0x4A, 0x37, 0x0A, 0x34, 0x33, 0x4C, 0x41, 0x34, 0x52, 0x4F
	.byte 0x4C, 0x47, 0x00, 0x00, 0x0C, 0x0C, 0x4C, 0x4D, 0xD3, 0x16, 0x29, 0x4C, 0x52, 0x33, 0x5C, 0x46
	.byte 0x49, 0x96, 0x33, 0x07, 0x2B, 0x45, 0x49, 0x56, 0x4A, 0x1F, 0x47, 0x3B, 0x29, 0x50, 0x2D, 0x49
	.byte 0x3D, 0xD3, 0x2A, 0x3C, 0x4A, 0x3F, 0x1F, 0x34, 0x52, 0x49, 0x41, 0x20, 0x5A, 0x5C, 0xD3, 0x47
	.byte 0x3B, 0x00, 0x00, 0x33, 0x45, 0x36, 0x00, 0x3C, 0x53, 0x44, 0x31, 0x2B, 0xD3, 0x08, 0x2A, 0x4C
	.byte 0x3D, 0x40, 0x39, 0x3B, 0x01, 0x35, 0x41, 0x7F, 0x4A, 0x4F, 0x51, 0x38, 0x1A, 0x00, 0xB0, 0x51
	.byte 0xD3, 0x38, 0x32, 0x00, 0x36, 0x00, 0x29, 0xD3, 0x98, 0x1D, 0x39, 0x98, 0x28, 0x4A, 0x29, 0x39
	.byte 0x3E, 0x08, 0x80, 0x2F, 0x00, 0x4A, 0x07, 0x08, 0x2D, 0x40, 0x2B, 0x0D, 0x01, 0x0F, 0x3D, 0x2B
	.byte 0x36, 0x3B, 0x27, 0x3A, 0x39, 0x27, 0x32, 0x98, 0x15, 0x3B, 0x21, 0x4C, 0x55, 0x40, 0x34, 0x1D
	.byte 0xB0, 0x2E, 0xD3, 0x38, 0x0A, 0x31, 0x7E, 0x00, 0x49, 0x0A, 0x08, 0x32, 0x53, 0x19, 0x0A, 0x98
	.byte 0x32, 0x4B, 0x65, 0x0A, 0xD3, 0x32, 0x7D, 0x1F, 0x0A, 0x65, 0x4C, 0x01, 0xD3, 0x0A, 0xD3, 0x34
	.byte 0x79, 0xB0, 0x0A, 0x00, 0x2D, 0x0A, 0x25, 0x2F, 0x34, 0xD3, 0x30, 0x00, 0x09, 0x40, 0x64, 0x7F
	.byte 0x0A, 0x71, 0xD3, 0x3A, 0x70, 0x0A, 0x6E, 0xD3, 0x3D, 0x6C, 0x0A, 0x60, 0x3F, 0x68, 0xD3, 0x0A
	.byte 0xD3, 0x41, 0x64, 0xD3, 0x0A, 0xD3, 0x44, 0x61, 0xD3, 0x0A, 0xD3, 0x46, 0x5D, 0xD3, 0x0A, 0xD3
	.byte 0x48, 0x59, 0xD3, 0x0A, 0xD3, 0x4B, 0x56, 0xD3, 0x0A, 0xD3, 0x4D, 0x52, 0xD3, 0x0A, 0xD3, 0x50
	.byte 0x4E, 0xD3, 0x0A, 0xD3, 0x52, 0x4A, 0xD3, 0x0A, 0xD3, 0x54, 0x47, 0xD3, 0x6F, 0xD3, 0x58, 0x3B
	.byte 0x34, 0x98, 0x2A, 0x7F, 0x98, 0x59, 0x38, 0xD3, 0x59, 0x54, 0x40, 0x57, 0x38, 0x3C, 0x25, 0xD3
	.byte 0x4A, 0x7A, 0x3E, 0x43, 0x98, 0x5B, 0x50, 0x3B, 0x3F, 0x3D, 0xD3, 0x2A, 0x53, 0x39, 0x3A, 0x4C
	.byte 0x16, 0x3D, 0x01, 0x38, 0x1A, 0x41, 0xD3, 0x1D, 0x22, 0x2B, 0x54, 0x60, 0xD3, 0x5D, 0x47, 0x38
	.byte 0x38, 0x1F, 0x00, 0x0C, 0x4A, 0x41, 0x47, 0x00, 0x4E, 0x54, 0x3E, 0x3F, 0x44, 0x5F, 0x36, 0x1D
	.byte 0x3D, 0x36, 0x43, 0x00, 0x98, 0x5C, 0x3B, 0x2D, 0x3F, 0x80, 0x3B, 0x00, 0x4C, 0x47, 0x3D, 0x55
	.byte 0x54, 0x48, 0x98, 0x32, 0x4C, 0x51, 0x48, 0x42, 0x40, 0x53, 0x5A, 0x5E, 0xD3, 0x44, 0x40, 0x4E
	.byte 0x74, 0xD3, 0x40, 0x34, 0x53, 0xD3, 0x30, 0x4E, 0x4C, 0x4F, 0x51, 0x3E, 0x5D, 0x4E, 0x50, 0x4B
	.byte 0x02, 0x07, 0x0B, 0x50, 0x0C, 0x98, 0x98, 0x19, 0x51, 0x5E, 0x00, 0x44, 0x1A, 0x3E, 0x65, 0x31
	.byte 0x51, 0x28, 0x53, 0x5C, 0x51, 0x3E, 0x36, 0x55, 0x46, 0x00, 0x44, 0x44, 0x56, 0x68, 0x14, 0x38
	.byte 0xD3, 0x59, 0x54, 0x40, 0x57, 0x38, 0x3C, 0x25, 0xD3, 0x4A, 0x29, 0x00, 0x41, 0x7F, 0xD3, 0x2A
	.byte 0x36, 0x54, 0xD3, 0x16, 0x2A, 0x2A, 0x3D, 0x19, 0x00, 0x2B, 0x00, 0x03, 0x33, 0x45, 0x39, 0x45
	.byte 0x54, 0x3E, 0x54, 0x16, 0x49, 0x50, 0x48, 0x42, 0x4F, 0x4E, 0x51, 0x00, 0x40, 0x35, 0x04, 0x51
	.byte 0x4B, 0x48, 0x42, 0x12, 0x4E, 0x57, 0x45, 0x72, 0x20, 0x49, 0x51, 0x45, 0x72, 0x2F, 0x45, 0x52
	.byte 0x07, 0x48, 0x3D, 0x34, 0x46, 0x39, 0x44, 0x4C, 0x45, 0x4C, 0x66, 0xD3, 0x5A, 0x49, 0x3A, 0x5B
	.byte 0x40, 0x42, 0x4E, 0x4C, 0x51, 0x3E, 0x17, 0x51, 0x45, 0x45, 0x72, 0x25, 0x4E, 0x2C, 0x16, 0x1B
	.byte 0x33, 0x49, 0x2C, 0x16, 0x1B, 0x42, 0x45, 0x54, 0x51, 0x3E, 0x50, 0x33, 0x4F, 0x3C, 0x40, 0x64
	.byte 0x47, 0x63, 0x4B, 0x02, 0x07, 0xD3, 0x49, 0x5B, 0x2F, 0x76, 0x1B, 0x4B, 0x07, 0x3D, 0x21, 0x2A
	.byte 0x4C, 0x49, 0x07, 0x48, 0x38, 0x4E, 0x54, 0x34, 0x52, 0x46, 0x50, 0x71, 0xD3, 0x0D, 0x54, 0x51
	.byte 0x80, 0x28, 0x00, 0x42, 0x5A, 0x78, 0x3F, 0x3B, 0x19, 0x21, 0x39, 0x3B, 0x52, 0x04, 0x41, 0x7F
	.byte 0xD3, 0x56, 0x3B, 0x38, 0x25, 0x4E, 0x56, 0x3E, 0x58, 0x26, 0x00, 0xB0, 0x57, 0x04, 0x03, 0x76
	.byte 0x15, 0x07, 0x2B, 0x3B, 0x44, 0x44, 0x56, 0x2C, 0x3E, 0x3A, 0x55, 0x54, 0x48, 0x3B, 0x3F, 0x51
	.byte 0x48, 0x42, 0x3E, 0x40, 0xD3, 0x40, 0x34, 0x3B, 0x45, 0x5E, 0xD3, 0x48, 0x3E, 0x46, 0x51, 0x80
	.byte 0x28, 0x3B, 0x4B, 0x44, 0x56, 0x68, 0x3E, 0x4B, 0x59, 0x54, 0x40, 0x57, 0x3B, 0x51, 0x2A, 0x2A
	.byte 0x3D, 0x3E, 0x00, 0x98, 0xD3, 0x1F, 0x7F, 0x33, 0x45, 0x39, 0x25, 0x7D, 0xD3, 0x28, 0x7C, 0xD3
	.byte 0x2A, 0x7B, 0xD3, 0x2E, 0x7A, 0xD3, 0x30, 0x79, 0xD3, 0x33, 0x78, 0xD3, 0x35, 0x77, 0xD3, 0x39
	.byte 0x76, 0xD3, 0x3B, 0x75, 0xD3, 0x3D, 0x74, 0xD3, 0x40, 0x73, 0xD3, 0x42, 0x72, 0xD3, 0x46, 0x71
	.byte 0xD3, 0x48, 0x70, 0xD3, 0x4B, 0x6F, 0xD3, 0x4D, 0x6E, 0xD3, 0x50, 0x6D, 0xD3, 0x03, 0x30, 0x55
	.byte 0x6B, 0xD3, 0x58, 0x6A, 0xD3, 0x5B, 0x69, 0xD3, 0x5E, 0x68, 0x7F, 0xB0, 0x67, 0xD3, 0x02, 0x66
	.byte 0xD3, 0x05, 0x65, 0xD3, 0x08, 0x64, 0xD3, 0x0B, 0x63, 0xD3, 0x0D, 0x62, 0xD3, 0x10, 0x61, 0xD3
	.byte 0x13, 0x03, 0x07, 0x08, 0x63, 0x17, 0x41, 0x40, 0x5A, 0x16, 0x00, 0x1D, 0x5C, 0xD3, 0x20, 0x5B
	.byte 0xD3, 0x23, 0x5A, 0xD3, 0x25, 0x59, 0xD3, 0x28, 0x58, 0xD3, 0x2B, 0x57, 0xD3, 0x2E, 0x56, 0xD3
	.byte 0x30, 0x55, 0xD3, 0x32, 0x54, 0xD3, 0x36, 0x53, 0xD3, 0x38, 0x52, 0xD3, 0x3B, 0x51, 0xD3, 0x3D
	.byte 0x50, 0xD3, 0x3F, 0x4F, 0xD3, 0x43, 0x4E, 0xD3, 0x45, 0x4D, 0xD3, 0x48, 0x4C, 0x80, 0x37, 0x00
	.byte 0x46, 0x00, 0xD3, 0x59, 0x6D, 0xD3, 0x5E, 0x6B, 0x81, 0xD3, 0x03, 0x39, 0x08, 0x68, 0xD3, 0x0B
	.byte 0x67, 0xD3, 0x10, 0x66, 0xD3, 0x14, 0x64, 0xD3, 0x19, 0x63, 0xD3, 0x1D, 0x61, 0xD3, 0x22, 0x60
	.byte 0xD3, 0x26, 0x5E, 0xD3, 0x2B, 0x5D, 0xD3, 0x2F, 0x5C, 0xD3, 0x34, 0x5A, 0xD3, 0x38, 0x47, 0x34
	.byte 0x57, 0xD3, 0x41, 0x56, 0xD3, 0x46, 0x54, 0xD3, 0x4A, 0x53, 0xD3, 0x4E, 0x51, 0xD3, 0x53, 0x50
	.byte 0xD3, 0x58, 0x4E, 0xD3, 0x5C, 0x4D, 0x7F, 0xB0, 0x4C, 0xD3, 0x05, 0x4A, 0xD3, 0x09, 0x49, 0xD3
	.byte 0x0E, 0x47, 0xD3, 0x12, 0x46, 0xD3, 0x17, 0x44, 0xD3, 0x1B, 0x43, 0xD3, 0x20, 0x41, 0xD3, 0x24
	.byte 0x40, 0xD3, 0x29, 0x3E, 0xD3, 0x2D, 0x3D, 0xD3, 0x32, 0x3B, 0xD3, 0x36, 0x3A, 0xD3, 0x3B, 0x39
	.byte 0xD3, 0x3F, 0x37, 0xD3, 0x44, 0x36, 0xD3, 0x48, 0x34, 0xD3, 0x4C, 0x33, 0xD3, 0x51, 0x31, 0xD3
	.byte 0x56, 0x30, 0xD3, 0x5A, 0x2F, 0xD3, 0x5E, 0x2D, 0x44, 0x34, 0x42, 0x2E, 0x2A, 0xD3, 0x0C, 0x29
	.byte 0xD3, 0x10, 0x27, 0xD3, 0x15, 0x7F, 0x15, 0x39, 0x0B, 0x27, 0x15, 0x3D, 0x52, 0x2B, 0x44, 0x26
	.byte 0x40, 0x4A, 0x3F, 0x28, 0x30, 0x7D, 0x41, 0x1D, 0x26, 0x16, 0x29, 0x4C, 0x44, 0x24, 0x44, 0x56
	.byte 0x18, 0x47, 0x3C, 0x2A, 0x2D, 0x2F, 0x4A, 0x47, 0x63, 0x4B, 0x18, 0x41, 0x39, 0x44, 0x56, 0x26
	.byte 0x41, 0x3D, 0x01, 0x4D, 0x40, 0x44, 0x28, 0x5E, 0xD3, 0x26, 0x47, 0x2D, 0x7E, 0xD3, 0x30, 0x4A
	.byte 0x7E, 0x98, 0x98, 0x34, 0x41, 0x41, 0x44, 0x56, 0x34, 0x44, 0x2C, 0x78, 0xD3, 0x42, 0x47, 0x45
	.byte 0x76, 0xD3, 0x48, 0x4A, 0x54, 0x51, 0x80, 0x80, 0x40, 0x00, 0x47, 0x00, 0xD3, 0x4A, 0x4B, 0xD3
	.byte 0x4E, 0x4A, 0xD3, 0x50, 0x49, 0xD3, 0x53, 0x48, 0xD3, 0x55, 0x47, 0xD3, 0x57, 0x46, 0xD3, 0x5B
	.byte 0x45, 0xD3, 0x5D, 0x44, 0x7F, 0xB0, 0x43, 0xD3, 0x02, 0x42, 0xD3, 0x06, 0x41, 0xD3, 0x08, 0x40
	.byte 0xD3, 0x0B, 0x3F, 0xD3, 0x0D, 0x3E, 0xD3, 0x10, 0x3D, 0xD3, 0x13, 0x3C, 0xD3, 0x15, 0x3B, 0xD3
	.byte 0x18, 0x3A, 0xD3, 0x1A, 0x39, 0xD3, 0x1E, 0x38, 0xD3, 0x20, 0x37, 0xD3, 0x22, 0x36, 0xD3, 0x25
	.byte 0x35, 0xD3, 0x29, 0x34, 0xD3, 0x2B, 0x33, 0x96, 0x33, 0x07, 0x30, 0x31, 0xD3, 0x32, 0x30, 0xD3
	.byte 0x36, 0x2F, 0xD3, 0x38, 0x2E, 0xD3, 0x3A, 0x2D, 0xD3, 0x3D, 0x2C, 0xD3, 0x40, 0x2B, 0xD3, 0x43
	.byte 0x2A, 0xD3, 0x45, 0x29, 0xD3, 0x48, 0x28, 0xD3, 0x4B, 0x27, 0xD3, 0x4E, 0x26, 0xD3, 0x50, 0x25
	.byte 0xD3, 0x52, 0x24, 0xD3, 0x55, 0x23, 0xD3, 0x58, 0x22, 0xD3, 0x5B, 0x21, 0xD3, 0x5D, 0x20, 0xD3
	.byte 0x5F, 0x1F, 0x44, 0x34, 0x1E, 0xD3, 0x06, 0x1D, 0xD3, 0x08, 0x1C, 0xD3, 0x0A, 0x1B, 0xD3, 0x0D
	.byte 0x1A, 0xD3, 0x10, 0x19, 0xD3, 0x13, 0x65, 0xD3, 0x17, 0xD3, 0x17, 0x16, 0xD3, 0x1B, 0x15, 0xD3
	.byte 0x1D, 0x14, 0xD3, 0x20, 0x13, 0xD3, 0x22, 0x12, 0xD3, 0x26, 0x7E, 0x27, 0xD3, 0x41, 0x44, 0x26
	.byte 0xB0, 0x3E, 0x41, 0x59, 0x38, 0x98, 0x18, 0x3B, 0x5A, 0x78, 0x98, 0x18, 0x3E, 0x30, 0x09, 0x40
	.byte 0x26, 0x3B, 0x37, 0x7E, 0xD3, 0x30, 0x3E, 0x37, 0x7A, 0xD3, 0x3C, 0x3B, 0x3E, 0x5E, 0xD3, 0x34
	.byte 0x3E, 0x3E, 0x7A, 0xD3, 0x42, 0x3B, 0x45, 0x44, 0x56, 0x42, 0x41, 0xD3, 0x02, 0x32, 0x50, 0x3B
	.byte 0x4D, 0x03, 0x03, 0x08, 0x32, 0x4D, 0x00, 0x80, 0x38, 0x00, 0x48, 0x00, 0x05, 0x4C, 0xD3, 0x07
	.byte 0x4B, 0xD3, 0x0B, 0x4A, 0xD3, 0x0E, 0x49, 0xD3, 0x11, 0x48, 0xD3, 0x14, 0x47, 0xD3, 0x17, 0x46
	.byte 0xD3, 0x1A, 0x45, 0xD3, 0x1C, 0x44, 0xD3, 0x20, 0x43, 0xD3, 0x23, 0x42, 0xD3, 0x26, 0x41, 0xD3
	.byte 0x29, 0x40, 0xD3, 0x2C, 0x3F, 0xD3, 0x2E, 0x3E, 0xD3, 0x32, 0x3D, 0xD3, 0x36, 0x3C, 0xD3, 0x38
	.byte 0x3B, 0xD3, 0x3C, 0x3A, 0xD3, 0x3E, 0x39, 0xD3, 0x42, 0x38, 0xD3, 0x44, 0x37, 0xD3, 0x48, 0x36
	.byte 0xD3, 0x4A, 0x35, 0xD3, 0x4E, 0x34, 0xD3, 0x50, 0x33, 0xD3, 0x54, 0x32, 0xD3, 0x56, 0x31, 0xD3
	.byte 0x5A, 0x30, 0xD3, 0x5C, 0x2F, 0x7F, 0xB0, 0x2E, 0xD3, 0x03, 0x2D, 0xD3, 0x06, 0x2C, 0xD3, 0x09
	.byte 0x2B, 0xD3, 0x0B, 0x2A, 0xD3, 0x0F, 0x29, 0xD3, 0x11, 0x28, 0xD3, 0x15, 0x27, 0xD3, 0x18, 0x26
	.byte 0xD3, 0x1B, 0x25, 0xD3, 0x1E, 0x4F, 0x34, 0x47, 0x5D, 0x0A, 0x27, 0x39, 0x3B, 0x46, 0x41, 0x39
	.byte 0x3B, 0x07, 0x40, 0x3F, 0x28, 0x19, 0x2A, 0x2D, 0x2F, 0x41, 0x2B, 0x01, 0x4D, 0x40, 0x08, 0x2E
	.byte 0x02, 0xD3, 0x29, 0x7F, 0x1C, 0x19, 0x34, 0x07, 0x41, 0x31, 0x78, 0xD3, 0x42, 0x77, 0x1F, 0x7E
	.byte 0x13, 0x00, 0x41, 0x35, 0x09, 0x40, 0x42, 0x44, 0x23, 0x44, 0x56, 0x50, 0x41, 0x38, 0x2A, 0x2A
	.byte 0x50, 0x44, 0x26, 0x3D, 0x00, 0x5E, 0x7E, 0x62, 0xD3, 0x7D, 0xD3, 0x05, 0x7C, 0xD3, 0x09, 0x7B
	.byte 0xD3, 0x0C, 0x7A, 0xD3, 0x10, 0x79, 0x56, 0x56, 0x4A, 0x17, 0x77, 0xD3, 0x1B, 0x76, 0xD3, 0x1D
	.byte 0x75, 0xD3, 0x21, 0x74, 0xD3, 0x24, 0x73, 0xD3, 0x28, 0x72, 0xD3, 0x2B, 0x71, 0xD3, 0x2F, 0x70
	.byte 0xD3, 0x32, 0x6F, 0xD3, 0x36, 0x6E, 0x80, 0x10, 0x00, 0x63, 0x00, 0x40, 0x36, 0x00, 0x41, 0x2B
	.byte 0x40, 0x3A, 0xD3, 0x15, 0x27, 0x04, 0x58, 0x3B, 0x48, 0x01, 0x98, 0x21, 0x40, 0x3F, 0x00, 0x41
	.byte 0x3E, 0x41, 0x45, 0x4A, 0xD3, 0x0A, 0x36, 0x41, 0x3F, 0x19, 0x63, 0x53, 0x41, 0x3D, 0xD3, 0x4A
	.byte 0x1C, 0x2F, 0x59, 0x39, 0x5B, 0x01, 0x98, 0x49, 0x41, 0x37, 0x7D, 0xD3, 0x05, 0x7C, 0x41, 0x3E
	.byte 0x19, 0x63, 0x5E, 0x41, 0x31, 0xD3, 0x12, 0x77, 0x1B, 0x41, 0x3A, 0x7A, 0xD3, 0x52, 0x41, 0x10
	.byte 0x98, 0x44, 0x56, 0x18, 0x47, 0x3C, 0x2A, 0x2D, 0x2F, 0x4A, 0x47, 0x63, 0x4B, 0x18, 0x41, 0x39
	.byte 0x44, 0x56, 0x81, 0x81, 0xC1, 0x39, 0x0D, 0x00, 0x7C, 0x00, 0xB0, 0x3B, 0x0D, 0x03, 0x78, 0x3C
	.byte 0xD3, 0x5D, 0x5F, 0x33, 0x7E, 0x03, 0x40, 0x64, 0x45, 0x6C, 0x5F, 0xD3, 0x30, 0x98, 0x4B, 0x40
	.byte 0xD3, 0x59, 0x98, 0x59, 0x40, 0x5E, 0x59, 0x54, 0x40, 0x08, 0x40, 0x6C, 0x09, 0x40, 0x25, 0x2E
	.byte 0x4D, 0x51, 0x64, 0x25, 0x45, 0x6C, 0x03, 0x5F, 0x36, 0x1D, 0x40, 0x4B, 0x51, 0x64, 0x29, 0x40
	.byte 0x48, 0x36, 0xD3, 0x38, 0x45, 0x10, 0x51, 0x4D, 0x52, 0x33, 0x7E, 0x42, 0x41, 0xD3, 0x07, 0x40
	.byte 0x62, 0x51, 0x64, 0x15, 0x40, 0x62, 0x24, 0xD3, 0x55, 0x33, 0x7A, 0x26, 0xD3, 0x50, 0x45, 0x67
	.byte 0x7A, 0xD3, 0x40, 0x40, 0x65, 0x51, 0x64, 0x5E, 0x46, 0x32, 0x00, 0x98, 0x5E, 0x45, 0x63, 0x42
	.byte 0x41, 0xD3, 0x1A, 0x40, 0x66, 0x51, 0x64, 0x37, 0x17, 0x7D, 0x15, 0x4C, 0x37, 0x45, 0x6A, 0xD3
	.byte 0x52, 0x53, 0x40, 0x80, 0x3C, 0x00, 0x4B, 0xD3, 0x4D, 0x47, 0x4D, 0x4C, 0x32, 0x50, 0xD3, 0x05
	.byte 0x4A, 0x49, 0x3E, 0x00, 0x3F, 0x47, 0x42, 0x41, 0x16, 0x29, 0x4C, 0x45, 0x3B, 0xD3, 0x42, 0x52
	.byte 0x44, 0x34, 0x47, 0xD3, 0x22, 0x2A, 0xD3, 0x5B, 0x45, 0xD3, 0x2C, 0x7F, 0xB0, 0x43, 0x39, 0x98
	.byte 0x28, 0x2E, 0xD3, 0x23, 0x4E, 0x3E, 0x4E, 0x4C, 0x4F, 0x49, 0x3E, 0x4E, 0x50, 0x4B, 0x45, 0x1A
	.byte 0x07, 0x08, 0x3A, 0x42, 0x14, 0x08, 0x10, 0x19, 0xD3, 0xD3, 0x4B, 0x5F, 0xD3, 0x38, 0x45, 0x81
	.byte 0x98, 0x03, 0x4E, 0x10, 0x98, 0x0C, 0x03, 0x45, 0x40, 0x44, 0x56, 0x03, 0x49, 0x34, 0x3D, 0x52
	.byte 0x04, 0x42, 0x40, 0x3C, 0x39, 0x0E, 0x51, 0x64, 0x29, 0x40, 0x12, 0x03, 0x5F, 0x36, 0x1D, 0x45
	.byte 0x76, 0x64, 0x25, 0x00, 0xD3, 0xD3, 0x3F, 0x1B, 0x40, 0x5E, 0x59, 0x98, 0x20, 0x4E, 0x43, 0x7A
	.byte 0xD3, 0x20, 0x49, 0x43, 0x5E, 0xD3, 0x20, 0x42, 0x43, 0x44, 0x56, 0x20, 0x45, 0x07, 0x2A, 0xB0
	.byte 0x21, 0x4B, 0x40, 0xD3, 0x59, 0x38, 0xD3, 0x78, 0x3C, 0x37, 0x0D, 0x00, 0x7C, 0x98, 0x3D, 0x4E
	.byte 0x45, 0x7A, 0xD3, 0x3D, 0x49, 0x39, 0x7E, 0x13, 0x3D, 0x45, 0x45, 0x09, 0x40, 0x3D, 0x42, 0x39
	.byte 0x7E, 0xB0, 0x3D, 0x44, 0x56, 0x81, 0x81, 0x31, 0x7E, 0x3A, 0x5E, 0xD3, 0x42, 0x48, 0x44, 0x56
	.byte 0x59, 0x4E, 0x48, 0x7A, 0xD3, 0x5A, 0x45, 0x48, 0x5E, 0xD3, 0x5A, 0x49, 0x45, 0x32, 0xB0, 0x5D
	.byte 0x47, 0x3C, 0x2A, 0x80, 0x41, 0x00, 0xFF, 0xFF, 0x42, 0x41, 0x46, 0x3A, 0x66, 0x3B, 0x40, 0x65
	.byte 0x58, 0x39, 0x42, 0x47, 0x65, 0x58, 0x39, 0x43, 0x4A, 0x52, 0x6B, 0xD3, 0x53, 0x41, 0x4A, 0x5B
	.byte 0x0A, 0x80, 0x24, 0x35, 0x5B, 0x0A, 0x80, 0x47, 0x35, 0x6D, 0xD3, 0x56, 0x4A, 0x61, 0x5A, 0x81
	.byte 0xD3, 0x1C, 0x7D, 0xD3, 0x22, 0x7B, 0xD3, 0x27, 0x79, 0xD3, 0x2D, 0x77, 0xD3, 0x33, 0x75, 0xD3
	.byte 0x37, 0x73, 0xD3, 0x3D, 0x71, 0xD3, 0x42, 0x70, 0xD3, 0x48, 0x6E, 0xD3, 0x4E, 0x6C, 0xD3, 0x53
	.byte 0x6A, 0xD3, 0x59, 0x68, 0xD3, 0x5F, 0x66, 0x81, 0xD3, 0x04, 0x65, 0xD3, 0x0A, 0x63, 0xD3, 0x0F
	.byte 0x61, 0xD3, 0x14, 0x5F, 0x2B, 0x00, 0x3E, 0x1F, 0x5B, 0x20, 0xD3, 0x98, 0x4A, 0xD3, 0x30, 0x56
	.byte 0xD3, 0x36, 0x54, 0xD3, 0x3C, 0x52, 0xD3, 0x41, 0x50, 0xD3, 0x47, 0x4E, 0xD3, 0x4D, 0x4C, 0xD3
	.byte 0x51, 0x4A, 0xD3, 0x57, 0x48, 0xD3, 0x5D, 0x46, 0x81, 0xD3, 0x02, 0x45, 0xD3, 0x08, 0x43, 0xD3
	.byte 0x0D, 0x41, 0xD3, 0x13, 0x3F, 0xD3, 0x19, 0x3D, 0xD3, 0x1E, 0x3B, 0xD3, 0x24, 0x39, 0xD3, 0x2A
	.byte 0x37, 0xD3, 0x2F, 0x36, 0xD3, 0x35, 0x34, 0xD3, 0x3A, 0x32, 0xD3, 0x3F, 0x30, 0xD3, 0x45, 0x2E
	.byte 0xD3, 0x4B, 0x2C, 0xD3, 0x50, 0x2B, 0xD3, 0x56, 0x29, 0xD3, 0x5B, 0x27, 0x62, 0xD3, 0x7F, 0xD1
	.byte 0x11, 0xD3, 0x30, 0x24, 0x4C, 0x4C, 0x56, 0x4A, 0x41, 0x50, 0x4F, 0x3E, 0x80, 0x5D, 0x1C, 0x96
	.byte 0x33, 0x07, 0x01, 0xD3, 0x0A, 0xD3, 0x34, 0x79, 0xB0, 0x0A, 0x00, 0x2D, 0x0A, 0x25, 0x2F, 0x34
	.byte 0xD3, 0x30, 0x82, 0x00, 0x64, 0x7F, 0x0A, 0x71, 0xD3, 0x3A, 0x70, 0x0A, 0x6E, 0xD3, 0x3D, 0x6C
	.byte 0x0A, 0x60, 0x3F, 0x68, 0x80, 0x42, 0x00, 0x49, 0x3D, 0x00, 0x5F, 0x7D, 0x44, 0x34, 0x7C, 0xD3
	.byte 0x05, 0x7B, 0xD3, 0x07, 0x7A, 0xD3, 0x0A, 0x79, 0xD3, 0x0C, 0x78, 0xD3, 0x0F, 0x77, 0xD3, 0x12
	.byte 0x76, 0xD3, 0x15, 0x75, 0xD3, 0x17, 0x74, 0xD3, 0x19, 0x73, 0xD3, 0x1C, 0x72, 0xD3, 0x1F, 0x71
	.byte 0xD3, 0x22, 0x70, 0xD3, 0x24, 0x6F, 0xD3, 0x26, 0x6E, 0xD3, 0x29, 0x6D, 0xD3, 0x2D, 0x6C, 0xD3
	.byte 0x2F, 0x6B, 0xD3, 0x31, 0x6A, 0xD3, 0x34, 0x69, 0xD3, 0x36, 0x68, 0xD3, 0x3A, 0x67, 0xD3, 0x3C
	.byte 0x66, 0xD3, 0x3E, 0x65, 0xD3, 0x41, 0x64, 0xD3, 0x43, 0x63, 0xD3, 0x46, 0x62, 0xD3, 0x49, 0x61
	.byte 0xD3, 0x4C, 0x60, 0xD3, 0x4E, 0x5F, 0xD3, 0x50, 0x5E, 0xD3, 0x53, 0x5D, 0xD3, 0x56, 0x5C, 0xD3
	.byte 0x59, 0x5B, 0xD3, 0x5B, 0x5A, 0xD3, 0x5E, 0x59, 0x5E, 0x02, 0x58, 0xD3, 0x04, 0x57, 0xD3, 0x06
	.byte 0x56, 0xD3, 0x08, 0x55, 0xD3, 0x0B, 0x54, 0xD3, 0x0D, 0x53, 0xD3, 0x11, 0x52, 0xD3, 0x13, 0x51
	.byte 0xD3, 0x15, 0x50, 0xD3, 0x18, 0x4F, 0xD3, 0x1A, 0x4E, 0xD3, 0x1D, 0x4D, 0xD3, 0x20, 0x4C, 0xD3
	.byte 0x23, 0x4B, 0xD3, 0x25, 0x4A, 0xD3, 0x27, 0x49, 0xD3, 0x2A, 0x48, 0xD3, 0x2D, 0x47, 0xD3, 0x30
	.byte 0x46, 0xD3, 0x32, 0x45, 0xD3, 0x35, 0x44, 0xD3, 0x37, 0x43, 0xD3, 0x3B, 0x42, 0xD3, 0x3D, 0x41
	.byte 0xD3, 0x3F, 0x40, 0xD3, 0x42, 0x3F, 0xD3, 0x44, 0x3E, 0xD3, 0x48, 0x3D, 0xD3, 0x4A, 0x3C, 0xD3
	.byte 0x4D, 0x3B, 0xD3, 0x4F, 0x3A, 0xD3, 0x51, 0x39, 0xD3, 0x54, 0x38, 0xD3, 0x57, 0x37, 0xD3, 0x5A
	.byte 0x36, 0xD3, 0x5C, 0x35, 0xD3, 0x5F, 0x34, 0x62, 0xD3, 0x33, 0xD3, 0x05, 0x32, 0xD3, 0x07, 0x31
	.byte 0xD3, 0x09, 0x30, 0xD3, 0x0C, 0x2F, 0xD3, 0x0E, 0x2E, 0xD3, 0x12, 0x2D, 0xD3, 0x14, 0x2C, 0xD3
	.byte 0x80, 0x43, 0x00, 0x5D, 0x00, 0xD3, 0x3A, 0x6D, 0xD3, 0x3C, 0x6C, 0xD3, 0x40, 0x6B, 0xD3, 0x43
	.byte 0x6A, 0xD3, 0x47, 0x69, 0xD3, 0x4A, 0x68, 0xD3, 0x4E, 0x67, 0xD3, 0x52, 0x66, 0xD3, 0x55, 0x65
	.byte 0xD3, 0x59, 0x64, 0xD3, 0x5C, 0x63, 0xD3, 0x5F, 0x62, 0xD3, 0x38, 0x61, 0xD3, 0x06, 0x60, 0xD3
	.byte 0x0A, 0x5F, 0xD3, 0x0D, 0x5E, 0xD3, 0x11, 0x5D, 0xD3, 0x14, 0x5C, 0xD3, 0x18, 0x5B, 0xD3, 0x1C
	.byte 0x5A, 0xD3, 0x1E, 0x59, 0xD3, 0x21, 0x58, 0xD3, 0x25, 0x57, 0xD3, 0x29, 0x56, 0xD3, 0x2C, 0x55
	.byte 0xD3, 0x30, 0x54, 0xD3, 0x33, 0x53, 0xD3, 0x37, 0xD1, 0x5A, 0x46, 0x2A, 0x3E, 0x50, 0xD3, 0x41
	.byte 0x4F, 0xD3, 0x44, 0x4E, 0xD3, 0x48, 0x4D, 0xD3, 0x4B, 0x4C, 0xD3, 0x4F, 0x4B, 0xD3, 0x52, 0x4A
	.byte 0xD3, 0x56, 0x49, 0xD3, 0x5A, 0x1A, 0x00, 0x47, 0x5E, 0x02, 0x46, 0xD3, 0x03, 0x45, 0xD3, 0x07
	.byte 0x44, 0xD3, 0x0A, 0x43, 0xD3, 0x0E, 0x42, 0xD3, 0x12, 0x41, 0xD3, 0x15, 0x40, 0xD3, 0x19, 0x3F
	.byte 0xD3, 0x1C, 0x3E, 0xD3, 0x20, 0x3D, 0xD3, 0x23, 0x3C, 0xD3, 0x26, 0x3B, 0xD3, 0x2A, 0x3A, 0xD3
	.byte 0x2D, 0x39, 0xD3, 0x31, 0x38, 0xD3, 0x34, 0x37, 0xD3, 0x38, 0x36, 0xD3, 0x3C, 0x35, 0xD3, 0x3F
	.byte 0x34, 0xD3, 0x42, 0x33, 0xD3, 0x45, 0x32, 0xD3, 0x49, 0x31, 0xD3, 0x4C, 0x30, 0xD3, 0x50, 0x2F
	.byte 0xD3, 0x54, 0x2E, 0xD3, 0x57, 0x2D, 0xD3, 0x5B, 0x2C, 0xD3, 0x5E, 0x2B, 0xD3, 0x38, 0x2A, 0xD3
	.byte 0x04, 0x29, 0xD3, 0x08, 0x7F, 0xD1, 0x1E, 0x08, 0x32, 0x53, 0x19, 0x0A, 0x98, 0x32, 0x4B, 0x65
	.byte 0x0A, 0xD3, 0x32, 0x7D, 0x1F, 0x0A, 0x65, 0x4C, 0xD3, 0x3B, 0x39, 0x05, 0x64, 0x29, 0x29, 0xD3
	.byte 0x10, 0x1E, 0x39, 0x66, 0x15, 0x4C, 0x80, 0x47, 0x00, 0x5E, 0x00, 0x17, 0x2B, 0xD3, 0x19, 0x2A
	.byte 0xD3, 0x1B, 0x29, 0xD3, 0x1E, 0x28, 0xD3, 0x21, 0x27, 0xD3, 0x24, 0x26, 0xD3, 0x26, 0x25, 0xD3
	.byte 0x28, 0x24, 0xD3, 0x2B, 0x23, 0xD3, 0x2E, 0x22, 0xD3, 0x31, 0x21, 0xD3, 0x33, 0x20, 0xD3, 0x36
	.byte 0x1F, 0xD3, 0x38, 0x1E, 0xD3, 0x3C, 0x1D, 0xD3, 0x3E, 0x1C, 0xD3, 0x40, 0x1B, 0xD3, 0x43, 0x1A
	.byte 0xD3, 0x45, 0x19, 0xD3, 0x49, 0x18, 0xD3, 0x4B, 0x17, 0xD3, 0x4E, 0x16, 0xD3, 0x50, 0x15, 0xD3
	.byte 0x53, 0x14, 0xD3, 0x55, 0x13, 0xD3, 0x58, 0x12, 0xD3, 0x5B, 0x11, 0xD3, 0x5D, 0x10, 0x5E, 0x02
	.byte 0x0F, 0xD3, 0x02, 0x0E, 0xD3, 0x06, 0x0D, 0xD3, 0x08, 0x0C, 0xD3, 0x0A, 0x0B, 0xD3, 0x0D, 0x7D
	.byte 0xD3, 0x22, 0x7B, 0xD3, 0x27, 0x79, 0xB0, 0x3A, 0x4A, 0xD3, 0x56, 0xB0, 0x3C, 0xD3, 0x0A, 0x43
	.byte 0xD3, 0x30, 0x55, 0x6B, 0xD3, 0x58, 0x98, 0x4F, 0x40, 0x56, 0x98, 0x03, 0x4F, 0x34, 0x44, 0x47
	.byte 0x04, 0x38, 0xD3, 0x3E, 0x54, 0x12, 0x00, 0x41, 0x3D, 0x3D, 0x50, 0x13, 0x00, 0x41, 0x4D, 0x3B
	.byte 0x4C, 0x40, 0x3A, 0xD3, 0x5D, 0x39, 0x48, 0x38, 0x34, 0x52, 0x38, 0x34, 0x46, 0x31, 0x01, 0xB0
	.byte 0x39, 0x4A, 0xD3, 0x56, 0xC0, 0x39, 0x04, 0x00, 0x36, 0x27, 0xD3, 0x04, 0x03, 0x72, 0x7F, 0x98
	.byte 0x3C, 0x39, 0x46, 0x2E, 0xD3, 0x0A, 0x79, 0x26, 0x34, 0x53, 0x41, 0x4A, 0x27, 0x3B, 0x10, 0x27
	.byte 0x71, 0xD3, 0x2D, 0x55, 0xD3, 0x4F, 0x1D, 0x39, 0x47, 0xD3, 0x98, 0x29, 0x2D, 0x55, 0xD3, 0x3F
	.byte 0x2A, 0x39, 0x44, 0x3E, 0xD3, 0x33, 0x2D, 0x60, 0xD3, 0x3F, 0x36, 0x39, 0x5B, 0x72, 0xD3, 0x54
	.byte 0x3E, 0x00, 0x51, 0x00, 0x34, 0x3F, 0x47, 0x00, 0x49, 0x3D, 0x45, 0x76, 0x3F, 0x3C, 0xD3, 0x47
	.byte 0x36, 0x30, 0x1A, 0xD3, 0x4A, 0x38, 0x34, 0x46, 0x3A, 0x3F, 0x1B, 0x40, 0x5E, 0x59, 0x98, 0x20
	.byte 0x39, 0x4A, 0x3D, 0xD3, 0x1A, 0x45, 0x4A, 0xD3, 0x3A, 0x38, 0x47, 0x38, 0x5A, 0x20, 0x49, 0x3B
	.byte 0x4E, 0x5B, 0x42, 0x43, 0x44, 0x56, 0x34, 0x23, 0x00, 0x98, 0x30, 0x3D, 0x4E, 0x56, 0x34, 0x4E
	.byte 0x3B, 0x38, 0x2E, 0x2A, 0xB0, 0x21, 0x4A, 0x3A, 0x59, 0x38, 0xD3, 0x78, 0x52, 0x11, 0x01, 0x98
	.byte 0x27, 0x42, 0x4E, 0x0B, 0x00, 0x41, 0x36, 0x3B, 0x2B, 0x3A, 0x03, 0x2D, 0x47, 0x44, 0x3E, 0xD3
	.byte 0x10, 0x11, 0x38, 0x29, 0xD3, 0x04, 0x11, 0x4C, 0x22, 0xD3, 0x04, 0x12, 0x40, 0x36, 0x24, 0x59
	.byte 0x38, 0xD3, 0x45, 0x15, 0x42, 0x14, 0x27, 0x4C, 0x2C, 0x42, 0x14, 0x28, 0x3D, 0x14, 0x30, 0x34
	.byte 0x52, 0x3C, 0x4E, 0x42, 0x46, 0x3A, 0x3C, 0x3E, 0x41, 0xD3, 0x3A, 0x59, 0x3D, 0x3F, 0x41, 0x4A
	.byte 0x59, 0x4C, 0x3F, 0x1C, 0x34, 0x52, 0x15, 0x3B, 0x36, 0x20, 0x76, 0xD3, 0x5B, 0x45, 0x53, 0x5D
	.byte 0x39, 0x31, 0xD3, 0x06, 0x32, 0x49, 0x31, 0x46, 0x3A, 0x4F, 0x38, 0x2C, 0x20, 0x37, 0x4F, 0x47
	.byte 0x2C, 0x3E, 0x34, 0x52, 0x28, 0x34, 0x23, 0x41, 0x4A, 0x28, 0x4C, 0x26, 0x7E, 0x27, 0xD3, 0x3B
	.byte 0x26, 0x7E, 0x27, 0xD3, 0x44, 0x23, 0x22, 0x56, 0x4A, 0x61, 0x00, 0x49, 0x3D, 0x00, 0x03, 0x0A
	.byte 0x08, 0x45, 0x7F, 0x98, 0x10, 0x39, 0x2F, 0x0A, 0x80, 0x45, 0x00, 0x4F, 0x4F, 0x4B, 0x0B, 0x41
	.byte 0x10, 0x98, 0x98, 0x16, 0x49, 0x4B, 0xD3, 0x4F, 0x16, 0x4E, 0x33, 0xD3, 0x98, 0x16, 0x42, 0x4B
	.byte 0x15, 0x4C, 0x16, 0x45, 0x35, 0xD3, 0x50, 0x2C, 0x7F, 0x3A, 0x7A, 0x28, 0x07, 0x08, 0x3E, 0x7F
	.byte 0x98, 0x33, 0x42, 0x4D, 0xD3, 0x3F, 0x33, 0x4E, 0x56, 0x81, 0x81, 0x34, 0x49, 0xD3, 0x1C, 0x44
	.byte 0x34, 0x45, 0xD3, 0x1C, 0xB0, 0x36, 0x07, 0x08, 0x3F, 0x7F, 0xB0, 0x41, 0x07, 0x5F, 0x36, 0x1D
	.byte 0x4D, 0x4E, 0x50, 0x3D, 0x00, 0x98, 0x4D, 0x3F, 0x15, 0x75, 0xD3, 0x4D, 0x47, 0x50, 0x2C, 0x38
	.byte 0xD3, 0x4B, 0x50, 0x2D, 0x00, 0x64, 0x15, 0x40, 0x41, 0x7F, 0xB0, 0x5A, 0x07, 0x08, 0x42, 0x7F
	.byte 0x81, 0xB0, 0x0C, 0x07, 0x08, 0x43, 0x4A, 0xD3, 0x07, 0x08, 0x44, 0x59, 0x98, 0x59, 0x40, 0x45
	.byte 0xD3, 0x0E, 0x04, 0x47, 0x41, 0x98, 0x03, 0x04, 0x3B, 0x34, 0x98, 0x03, 0x3C, 0x49, 0x51, 0x6E
	.byte 0x1B, 0x43, 0x45, 0xB0, 0x5D, 0x4B, 0x3F, 0x4A, 0x3B, 0x46, 0x4B, 0x4B, 0x2D, 0x2F, 0x41, 0x59
	.byte 0x4C, 0x4F, 0x08, 0x2E, 0x02, 0x40, 0x7F, 0x1C, 0x69, 0xD3, 0x4A, 0x54, 0x3B, 0x46, 0x08, 0x42
	.byte 0x13, 0x00, 0x41, 0x16, 0x44, 0x59, 0x80, 0x4B, 0x16, 0x50, 0x59, 0x2D, 0x47, 0x34, 0x40, 0x51
	.byte 0x04, 0x11, 0x4C, 0x4C, 0x48, 0x3D, 0x45, 0x45, 0x40, 0x52, 0x15, 0x4C, 0x4F, 0x4C, 0x56, 0x42
	.byte 0x39, 0x7E, 0xB0, 0x40, 0x5C, 0xD3, 0x3F, 0x0C, 0x4C, 0x5B, 0x15, 0x4C, 0x29, 0x40, 0x52, 0x16
	.byte 0x00, 0x80, 0x3F, 0x00, 0x50, 0x00, 0x63, 0x0B, 0x34, 0x52, 0x03, 0x53, 0x63, 0x11, 0x96, 0x33
	.byte 0x51, 0x63, 0x80, 0x4B, 0x20, 0x50, 0x63, 0xB0, 0x5D, 0x2E, 0x4E, 0x54, 0x38, 0xD3, 0x3C, 0x4C
	.byte 0x54, 0x2D, 0x47, 0x4B, 0x4B, 0x54, 0x38, 0xD3, 0x59, 0x49, 0x4F, 0xD3, 0x47, 0x69, 0x07, 0x47
	.byte 0x2E, 0xD3, 0x12, 0x16, 0x38, 0x4A, 0x0F, 0x03, 0x03, 0x2C, 0x40, 0xB0, 0x5D, 0x25, 0x47, 0x54
	.byte 0x38, 0xD3, 0x33, 0x4C, 0x63, 0x41, 0x3E, 0x41, 0x50, 0x5E, 0x80, 0x4B, 0x50, 0x53, 0x4A, 0x80
	.byte 0x4B, 0x4C, 0x50, 0x5E, 0x80, 0x10, 0x00, 0x0C, 0x4C, 0x54, 0x38, 0xD3, 0x1A, 0x47, 0x54, 0x80
	.byte 0x4B, 0x29, 0x3D, 0x59, 0xD3, 0x42, 0x29, 0x31, 0x42, 0xD3, 0x30, 0x37, 0xD3, 0x54, 0x38, 0xD3
	.byte 0x46, 0x49, 0xD3, 0x0A, 0x36, 0x54, 0x4C, 0x63, 0x42, 0x39, 0x7E, 0x03, 0x3A, 0xD3, 0x15, 0x27
	.byte 0x11, 0x4C, 0xD3, 0x0A, 0x5F, 0x1F, 0x49, 0xD3, 0x0A, 0x5F, 0x2D, 0x45, 0x78, 0x3C, 0xD3, 0x3C
	.byte 0x32, 0x40, 0x53, 0xD3, 0x3C, 0x26, 0x61, 0x53, 0xD3, 0x4A, 0x45, 0x4C, 0x38, 0xD3, 0x58, 0x4A
	.byte 0x4D, 0x80, 0x10, 0x00, 0x07, 0x4E, 0x60, 0x04, 0x11, 0x15, 0x34, 0x41, 0x31, 0xD3, 0x15, 0x28
	.byte 0x3F, 0xB0, 0x5D, 0x24, 0x50, 0x68, 0xD3, 0x53, 0x5D, 0x4E, 0x69, 0x38, 0xD3, 0x40, 0x4C, 0x61
	.byte 0xD3, 0x59, 0x4F, 0x4A, 0x54, 0xD3, 0x59, 0x5D, 0x49, 0x4D, 0x47, 0x51, 0xD3, 0x03, 0x78, 0x3C
	.byte 0xD3, 0x1A, 0x45, 0x57, 0x80, 0x4B, 0x28, 0x80, 0x18, 0x98, 0x24, 0x30, 0x55, 0x6B, 0xD3, 0x58
	.byte 0x6A, 0xD3, 0x5B, 0x69, 0xD3, 0x5E, 0x68, 0x7F, 0xB0, 0x67, 0xD3, 0x02, 0xB0, 0x0A, 0x00, 0x2D
	.byte 0x0A, 0x25, 0x2F, 0x34, 0xD3, 0x30, 0x00, 0x09, 0x40, 0x64, 0x7F, 0x0A, 0x71, 0xD3, 0xD3, 0x4B
	.byte 0x5F, 0xD3, 0x38, 0x45, 0x81, 0x98, 0x03, 0x4E, 0x10, 0x98, 0x0C, 0x03, 0x45, 0x40, 0x56, 0x03
	.byte 0x49, 0x34, 0x3D, 0x52, 0x04, 0x42, 0x40, 0x3C, 0x39, 0x0E, 0x51, 0x64, 0x29, 0x40, 0x12, 0x5F
	.byte 0x36, 0x1D, 0x45, 0x76, 0x64, 0x25, 0x00, 0xD3, 0xD3, 0x3F, 0x1B, 0x40, 0x5E, 0x59, 0x98, 0x20
	.byte 0x43, 0x7A, 0xD3, 0x20, 0x49, 0x43, 0x5E, 0xD3, 0x20, 0x42, 0x43, 0x44, 0x56, 0x20, 0x45, 0x07
	.byte 0x2A, 0x21, 0x4B, 0x40, 0xD3, 0x59, 0x38, 0xD3, 0x78, 0x3C, 0x37, 0x0D, 0x00, 0x7C, 0x98, 0x3D
	.byte 0x4E, 0x45, 0xD3, 0x3D, 0x49, 0x39, 0x7E, 0x13, 0x3D, 0x45, 0x45, 0x09, 0x40, 0x3D, 0x42, 0x39
	.byte 0x7E, 0xB0, 0x3D, 0x56, 0x81, 0x81, 0x31, 0x7E, 0x3A, 0x5E, 0xD3, 0x42, 0x48, 0x44, 0x56, 0x59
	.byte 0x4E, 0x48, 0x7A, 0xD3, 0x45, 0x48, 0x5E, 0xD3, 0x5A, 0x49, 0x45, 0x32, 0xB0, 0x5D, 0x47, 0x3C
	.byte 0x2A, 0x80, 0x41, 0x00, 0xFF, 0x42, 0x41, 0x46, 0x3A, 0x66, 0x3B, 0x40, 0x65, 0x58, 0x39, 0x42
	.byte 0x47, 0x65, 0x58, 0x39, 0x43, 0x4A, 0x6B, 0xD3, 0x53, 0x41, 0x4A, 0x5B, 0x0A, 0x80, 0x24, 0x35
	.byte 0x5B, 0x0A, 0x80, 0x47, 0x35, 0x6D, 0xD3, 0x4A, 0x61, 0x5A, 0x81, 0xD3, 0x1C, 0x7D, 0xD3, 0x22
	.byte 0x7B, 0xD3, 0x27, 0x79, 0xD3, 0x2D, 0x77, 0xD3, 0x7F, 0x0A, 0x71, 0xD3, 0x3A, 0x70, 0x0A, 0x6E
	.byte 0xD3, 0x3D, 0x6C, 0x0A, 0x60, 0x3F, 0x68, 0xD3, 0x0A, 0x1D, 0x98, 0x24, 0x34, 0x52, 0x13, 0x46
	.byte 0x3A, 0x29, 0x39, 0x3E, 0x52, 0x46, 0x3A, 0x1F, 0x34, 0xD3, 0x4E, 0x4A, 0x3C, 0x2F, 0x3F, 0x1D
	.byte 0x09, 0x40, 0x31, 0x40, 0x20, 0xD3, 0x5F, 0x1F, 0x32, 0x46, 0x98, 0x4A, 0x32, 0x33, 0x4A, 0xD3
	.byte 0x17, 0xD3, 0x34, 0x51, 0x35, 0x13, 0xD3, 0x22, 0x12, 0x57, 0x0A, 0x08, 0xB0, 0x01, 0x0C, 0x08
	.byte 0x6A, 0x7F, 0xB0, 0x02, 0x0C, 0x03, 0x74, 0x34, 0x5A, 0xD3, 0x38, 0x98, 0x50, 0x34, 0x4C, 0x2B
	.byte 0x3D, 0x49, 0x39, 0x1C, 0x34, 0x3B, 0x41, 0x3E, 0x3A, 0x34, 0x40, 0x13, 0x00, 0x98, 0x57, 0x34
	.byte 0x45, 0x15, 0x46, 0x3A, 0x13, 0x40, 0x61, 0x46, 0x3D, 0x49, 0x39, 0x01, 0x33, 0x67, 0x32, 0x00
	.byte 0x98, 0x35, 0x34, 0x5E, 0x34, 0x3D, 0x49, 0x39, 0x2A, 0x34, 0x73, 0x7E, 0x27, 0x5F, 0x39, 0x63
	.byte 0x17, 0x25, 0x2F, 0x34, 0x2D, 0x63, 0x4A, 0x54, 0x51, 0x10, 0x2D, 0x68, 0x1A, 0x46, 0x3A, 0x5A
	.byte 0x39, 0x5D, 0xD3, 0x56, 0x29, 0x25, 0x39, 0x59, 0x27, 0x79, 0x31, 0x39, 0x5F, 0x4A, 0x54, 0x51
	.byte 0x30, 0x34, 0x70, 0x04, 0x11, 0x4D, 0x2D, 0x64, 0x4A, 0x54, 0x81, 0x98, 0x00, 0x2D, 0x6D, 0x03
	.byte 0x40, 0x38, 0x2D, 0x70, 0x71, 0xD3, 0x3A, 0x0F, 0x2D, 0x7D, 0x31, 0x2E, 0x2A, 0x07, 0x08, 0x3A
	.byte 0x42, 0x14, 0x08, 0x10, 0x19, 0xD3, 0xD3, 0x4B, 0x5F, 0xD3, 0x38, 0x45, 0x81, 0x98, 0xD3, 0x31
	.byte 0x6A, 0xD3, 0x34, 0x69, 0xD3, 0x36, 0x68, 0xD3, 0x3A, 0x67, 0xD3, 0x3C, 0x66, 0xD3, 0x3E, 0x0A
	.byte 0x6E, 0xD3, 0x3D, 0x6C, 0x0A, 0x60, 0x3F, 0x68, 0xD3, 0x0A, 0x4B, 0x00, 0x52, 0x40, 0x64, 0x4C
	.byte 0x56, 0x03, 0x40, 0x45, 0x49, 0x3B, 0x04, 0x11, 0x45, 0x3D, 0x4E, 0xD3, 0x45, 0x32, 0x02, 0x45
	.byte 0x48, 0x4A, 0x98, 0x02, 0x39, 0x47, 0x1E, 0x63, 0x4A, 0x54, 0x51, 0x46, 0x7F, 0xB0, 0x11, 0x07
	.byte 0x08, 0x47, 0x68, 0x1A, 0x46, 0x3A, 0x48, 0x7F, 0x98, 0x1F, 0x47, 0x48, 0x12, 0x4B, 0x51, 0x3B
	.byte 0x35, 0x3B, 0x46, 0x2E, 0x3D, 0x51, 0x41, 0x3E, 0x2E, 0x49, 0x51, 0x31, 0xD3, 0x3D, 0x4A, 0x4A
	.byte 0x7E, 0x27, 0x3E, 0x3E, 0xD3, 0x32, 0x45, 0x59, 0x49, 0x3B, 0xD3, 0x10, 0x5A, 0x3D, 0x3B, 0x0B
	.byte 0x27, 0x15, 0x17, 0x47, 0x42, 0xD3, 0x3A, 0x18, 0x3B, 0x48, 0x3D, 0xD3, 0x33, 0x45, 0x4E, 0x26
	.byte 0xD3, 0x34, 0x39, 0x4E, 0x26, 0xD3, 0x4F, 0x44, 0x3B, 0x20, 0x37, 0x51, 0x38, 0x3B, 0x36, 0x3A
	.byte 0x03, 0x2D, 0xD3, 0x47, 0x7F, 0x98, 0x28, 0x47, 0x33, 0xD3, 0x17, 0x29, 0x3B, 0x33, 0x20, 0x00
	.byte 0x5F, 0xD3, 0x38, 0x46, 0x2E, 0xD3, 0x01, 0x57, 0x0A, 0x08, 0xB0, 0x02, 0x08, 0x6A, 0x7F, 0xB0
	.byte 0x03, 0xD3, 0x11, 0x28, 0x00, 0x64, 0x32, 0x41, 0x3E, 0x3E, 0x5E, 0xD3, 0x00, 0x98, 0x1E, 0x2F
	.byte 0x2C, 0x41, 0x3E, 0x1F, 0x3B, 0x40, 0x12, 0x5F, 0x2D, 0x31, 0x32, 0x27, 0x79, 0x2D, 0x3D, 0x3D
	.byte 0x14, 0x30, 0x3B, 0x32, 0x49, 0x14, 0x5C, 0xD3, 0x3E, 0x77, 0xD3, 0x98, 0x58, 0x2F, 0x3F, 0x4C
	.byte 0x63, 0x58, 0x3B, 0x49, 0x58, 0x39, 0x42, 0x15, 0x34, 0x41, 0x51, 0x64, 0x5E, 0x40, 0x71, 0xD3
	.byte 0x80, 0x4C, 0x00, 0x53, 0x00, 0x44, 0x78, 0x3C, 0xD3, 0x28, 0x34, 0x53, 0x04, 0x11, 0x28, 0x28
	.byte 0x4B, 0xD3, 0x52, 0x36, 0x42, 0x4A, 0x37, 0x17, 0x45, 0x40, 0x45, 0x37, 0x17, 0x53, 0x3E, 0x42
	.byte 0x58, 0x39, 0xB0, 0x00, 0x00, 0x46, 0x54, 0xD3, 0x02, 0x00, 0x03, 0x71, 0x3C, 0x3B, 0x45, 0x42
	.byte 0x59, 0x98, 0x10, 0x39, 0x42, 0x31, 0xD3, 0x1E, 0x47, 0x53, 0x34, 0x3D, 0x1E, 0x3B, 0x53, 0x31
	.byte 0xD3, 0x2D, 0x49, 0x53, 0x0D, 0x5E, 0xD3, 0x11, 0x3F, 0x34, 0xD3, 0x3B, 0x4A, 0x50, 0x32, 0xD3
	.byte 0x49, 0x3E, 0x44, 0x21, 0x58, 0xD3, 0x47, 0x00, 0x05, 0x4C, 0x58, 0x3B, 0x41, 0x04, 0x46, 0x3A
	.byte 0x14, 0x4C, 0x3F, 0x4A, 0x3B, 0x14, 0x40, 0x43, 0x42, 0x00, 0x49, 0x4C, 0x3D, 0x14, 0x30, 0x31
	.byte 0x40, 0x4C, 0x04, 0x11, 0x4E, 0x45, 0x56, 0x98, 0x98, 0x4E, 0x39, 0x56, 0x23, 0x4A, 0x49, 0x3E
	.byte 0x00, 0x46, 0x34, 0x3D, 0x0B, 0x3B, 0x46, 0x00, 0x41, 0x19, 0x49, 0x4B, 0xD3, 0x52, 0x19, 0x3D
	.byte 0x4F, 0x48, 0x36, 0x27, 0x4A, 0x1C, 0x2F, 0xD3, 0x12, 0x4B, 0x37, 0x17, 0x36, 0x4C, 0x52, 0x47
	.byte 0x63, 0x4B, 0x40, 0x98, 0x03, 0x3C, 0x44, 0x4E, 0xD3, 0x21, 0x58, 0x44, 0x42, 0x44, 0xD3, 0x3C
	.byte 0x52, 0x50, 0x6D, 0xD3, 0x4A, 0x53, 0x44, 0x52, 0xD3, 0x45, 0x48, 0x01, 0x51, 0x5D, 0x27, 0x79
	.byte 0x01, 0x77, 0xD3, 0x7F, 0x98, 0x1E, 0x4E, 0x61, 0x4C, 0x63, 0x1E, 0x42, 0x60, 0x00, 0x7C, 0x3A
	.byte 0x53, 0x4C, 0x27, 0x79, 0x3A, 0x47, 0x80, 0x4A, 0x00, 0x54, 0x00, 0x66, 0xD3, 0x2D, 0x32, 0x31
	.byte 0xD3, 0x38, 0x61, 0xD3, 0x06, 0x60, 0x1F, 0x2F, 0x2C, 0x3B, 0x46, 0x11, 0x5D, 0xD3, 0x14, 0x5C
	.byte 0x0A, 0x5F, 0xD3, 0x0D, 0x5E, 0x1E, 0x59, 0x37, 0x17, 0x18, 0x5B, 0xD3, 0x1C, 0x5A, 0x2C, 0x55
	.byte 0xD3, 0x30, 0xD3, 0x25, 0x57, 0xD3, 0x29, 0x5F, 0x1F, 0x3E, 0x50, 0xD3, 0x33, 0x53, 0xD3, 0x37
	.byte 0xD1, 0x5A, 0x31, 0x40, 0x3E, 0x37, 0x17, 0x7D, 0x34, 0xD3, 0x5D, 0x39, 0x4E, 0x39, 0x4C, 0x42
	.byte 0xD3, 0x06, 0x2D, 0x40, 0x20, 0x4A, 0x49, 0x3E, 0x3B, 0xD3, 0x04, 0x11, 0x0B, 0x2F, 0x21, 0x31
	.byte 0xD3, 0x19, 0x3D, 0x3F, 0xD3, 0x21, 0x27, 0x31, 0x12, 0x41, 0xD3, 0x28, 0x3E, 0x3D, 0x3B, 0xD3
	.byte 0x42, 0x32, 0x34, 0xD3, 0x5A, 0x1A, 0x40, 0x40, 0x12, 0x5F, 0x36, 0x34, 0x29, 0x00, 0x41, 0x44
	.byte 0x42, 0x32, 0x37, 0x17, 0x44, 0x36, 0x3F, 0x24, 0x34, 0x52, 0x44, 0x50, 0xD3, 0x4B, 0x17, 0x38
	.byte 0x49, 0x05, 0x50, 0x15, 0xD3, 0x45, 0x45, 0x45, 0x09, 0x01, 0x39, 0x56, 0x06, 0x00, 0xB0, 0x05
	.byte 0x0A, 0x07, 0x42, 0x7F, 0xB0, 0x17, 0x0A, 0x07, 0x43, 0x7F, 0xD3, 0x02, 0x20, 0xD3, 0x36, 0x1E
	.byte 0x36, 0x20, 0xD3, 0x5E, 0xD3, 0x07, 0x2A, 0xD3, 0x33, 0x0A, 0x07, 0xD3, 0x3C, 0x3B, 0x47, 0x4A
	.byte 0x14, 0x5C, 0xD3, 0x3B, 0x54, 0xD3, 0x3C, 0x3B, 0x33, 0xD3, 0x3E, 0xB0, 0x47, 0x0A, 0x07, 0x0D
	.byte 0x53, 0x52, 0x0A, 0x07, 0x13, 0x51, 0x56, 0x0A, 0x07, 0x18, 0x4F, 0x80, 0x4F, 0x00, 0x55, 0x00
	.byte 0x49, 0x34, 0xD3, 0x1C, 0x5A, 0xD3, 0x04, 0x03, 0x72, 0x7F, 0x27, 0x3B, 0x10, 0x27, 0x0A, 0x79
	.byte 0x26, 0x34, 0x53, 0x49, 0x3E, 0x98, 0x29, 0x2D, 0x55, 0x55, 0xD3, 0x4F, 0x1D, 0x39, 0x33, 0x2D
	.byte 0x60, 0xD3, 0x3F, 0x3F, 0x2A, 0x39, 0x44, 0x3E, 0x27, 0x32, 0x34, 0x37, 0x17, 0x27, 0x3E, 0x3D
	.byte 0x48, 0x36, 0x3C, 0xD3, 0x47, 0x36, 0x30, 0x00, 0x49, 0x3D, 0x45, 0x76, 0x3F, 0x1B, 0xD3, 0x3C
	.byte 0xD3, 0x4A, 0x38, 0x34, 0x46, 0x45, 0x4A, 0xD3, 0x3A, 0x98, 0x20, 0x39, 0x4A, 0x3D, 0x11, 0xD3
	.byte 0x43, 0x44, 0x56, 0x38, 0x5A, 0x20, 0x49, 0x3B, 0xB0, 0x05, 0x07, 0x30, 0x3D, 0x4E, 0x56, 0x07
	.byte 0x3B, 0x38, 0x2E, 0x2A, 0x78, 0x52, 0x11, 0x2A, 0xB0, 0x21, 0x4A, 0x3A, 0x22, 0x12, 0x4E, 0x0B
	.byte 0x00, 0x41, 0x07, 0x2B, 0x3A, 0x03, 0x3A, 0x33, 0xD3, 0x34, 0x69, 0x38, 0x29, 0xD3, 0x04, 0x11
	.byte 0x4C, 0x44, 0x3E, 0xD3, 0xB0, 0x46, 0x07, 0x38, 0xD3, 0x45, 0x15, 0x07, 0x27, 0x4C, 0x2C, 0x42
	.byte 0x07, 0x3D, 0x14, 0x30, 0x57, 0x33, 0x54, 0x2E, 0xD3, 0x57, 0x3B, 0x4F, 0x27, 0x79, 0x57, 0x47
	.byte 0x4C, 0xD3, 0xD3, 0x4B, 0x14, 0x34, 0x3B, 0x1E, 0x1E, 0x08, 0x3B, 0x35, 0x19, 0x1E, 0x08, 0x44
	.byte 0x52, 0xD3, 0x30, 0x30, 0x40, 0x5D, 0x1A, 0x00, 0xB0, 0x31, 0x07, 0x07, 0x49, 0x7F, 0xB0, 0x4A
	.byte 0x07, 0x07, 0x4A, 0x3A, 0xD3, 0x28, 0x56, 0x2D, 0x38, 0xD3, 0x34, 0x60, 0x4E, 0x34, 0x5C, 0x80
	.byte 0x50, 0x00, 0x59, 0x00, 0x5A, 0xD3, 0x3C, 0x3A, 0x3F, 0x4D, 0x43, 0x4A, 0xD3, 0x53, 0x33, 0xD3
	.byte 0x98, 0x57, 0x47, 0x11, 0x4C, 0x4C, 0x48, 0x3F, 0x3C, 0x2A, 0x04, 0x29, 0x50, 0x5D, 0x1D, 0x4D
	.byte 0x14, 0x47, 0x22, 0xD3, 0x31, 0x14, 0x40, 0x4A, 0x3D, 0xD3, 0x30, 0x4C, 0x65, 0x51, 0x64, 0x4D
	.byte 0x40, 0x10, 0x98, 0x44, 0x4D, 0x34, 0x52, 0x14, 0x00, 0x98, 0x5B, 0x4C, 0x51, 0x0A, 0x25, 0x2F
	.byte 0x0A, 0x50, 0xD3, 0x27, 0x49, 0x18, 0x53, 0xD3, 0x7D, 0xD3, 0x27, 0x3E, 0x62, 0xD3, 0x0A, 0x27
	.byte 0x32, 0x62, 0x00, 0x41, 0x35, 0x4C, 0x67, 0x34, 0x3D, 0x43, 0x50, 0x67, 0x37, 0x17, 0x52, 0x0F
	.byte 0x03, 0x03, 0xD3, 0x0F, 0x58, 0x56, 0x34, 0x3D, 0x0E, 0x4C, 0x62, 0x34, 0x3D, 0x1D, 0x50, 0x62
	.byte 0x47, 0x3C, 0x2B, 0x4C, 0x51, 0x48, 0x36, 0x3A, 0x3D, 0x5E, 0xD3, 0x53, 0x3A, 0x31, 0x56, 0x11
	.byte 0x96, 0x48, 0x4C, 0x51, 0x34, 0x3D, 0x56, 0x50, 0x67, 0x3C, 0x39, 0x0E, 0x05, 0x4C, 0x41, 0x3D
	.byte 0x3D, 0x13, 0x3D, 0x67, 0x11, 0x96, 0x13, 0x31, 0x67, 0x3B, 0x46, 0x21, 0x80, 0x4B, 0x4C, 0x50
	.byte 0x30, 0x10, 0x00, 0x0C, 0x4C, 0x3E, 0xD3, 0x1A, 0x47, 0x54, 0x4C, 0x3B, 0x5D, 0xD3, 0x4B, 0x4C
	.byte 0x2F, 0x5C, 0xD3, 0x3F, 0x63, 0xB0, 0x2F, 0x59, 0x39, 0x09, 0x0A, 0x36, 0x54, 0x98, 0x17, 0x7E
	.byte 0x03, 0x3A, 0xD3, 0x35, 0xD3, 0x1A, 0x47, 0x54, 0x44, 0x50, 0x03, 0x03, 0x2C, 0x52, 0x7E, 0x03
	.byte 0x3A, 0x19, 0x73, 0x80, 0x51, 0x00, 0x57, 0x00, 0x58, 0x47, 0x65, 0x4C, 0xD3, 0x58, 0x3B, 0x4F
	.byte 0x1C, 0x34, 0x58, 0x33, 0x44, 0x58, 0x39, 0x42, 0x03, 0x3C, 0x49, 0x51, 0x6E, 0x98, 0x03, 0x42
	.byte 0x03, 0x45, 0xD3, 0xD3, 0x17, 0x31, 0x45, 0xB0, 0x5D, 0x4B, 0x3F, 0x0A, 0x46, 0x4B, 0x4B, 0x2D
	.byte 0x0A, 0x59, 0x4C, 0x4F, 0x08, 0x4A, 0x54, 0x3B, 0x46, 0x2E, 0x02, 0x40, 0x7F, 0x1C, 0x5C, 0x40
	.byte 0x5E, 0x54, 0x4C, 0x63, 0x0A, 0x42, 0x5D, 0x37, 0x17, 0x18, 0x44, 0x6D, 0xD3, 0x4A, 0x27, 0x45
	.byte 0x56, 0x48, 0x36, 0x35, 0x47, 0x5D, 0x3A, 0xD3, 0x43, 0x49, 0x80, 0x4B, 0x50, 0x52, 0x4A, 0x27
	.byte 0x79, 0xD3, 0x0F, 0x4C, 0x5F, 0xD3, 0x4B, 0x01, 0x34, 0x65, 0x51, 0x64, 0x01, 0x28, 0x55, 0x3D
	.byte 0x00, 0x1D, 0x40, 0x5E, 0x50, 0x3F, 0x30, 0xD3, 0x5E, 0x0A, 0x0B, 0xD3, 0x28, 0x55, 0x27, 0x79
	.byte 0x56, 0x34, 0x27, 0x79, 0x57, 0x57, 0x28, 0x57, 0x58, 0x39, 0x42, 0x13, 0x34, 0x6B, 0x3D, 0x00
	.byte 0x13, 0x28, 0x64, 0x31, 0xD3, 0x21, 0x0E, 0x51, 0x64, 0x98, 0x30, 0x45, 0x03, 0x3A, 0xD3, 0x3E
	.byte 0x49, 0x80, 0x42, 0x00, 0x4D, 0x7E, 0x03, 0x3A, 0xD3, 0x5B, 0x49, 0x64, 0x59, 0x98, 0x59, 0x09
	.byte 0x45, 0x52, 0xD3, 0x46, 0x18, 0x40, 0x41, 0x38, 0x2A, 0x26, 0x4C, 0x56, 0x64, 0x15, 0x26, 0x34
	.byte 0x5F, 0x3A, 0xD3, 0x26, 0x28, 0xD3, 0x59, 0x98, 0x34, 0x40, 0x24, 0xD3, 0x2B, 0x43, 0x45, 0x50
	.byte 0x3B, 0x46, 0x51, 0x40, 0x55, 0xD3, 0x46, 0x80, 0x52, 0x00, 0x5B, 0x00, 0x0E, 0x51, 0x64, 0x29
	.byte 0x40, 0x12, 0x5F, 0x36, 0x1D, 0x45, 0x76, 0x64, 0x25, 0x00, 0xD3, 0xD3, 0x3F, 0x40, 0x5E, 0xD3
	.byte 0x46, 0x7A, 0xD3, 0x2C, 0xD3, 0xD3, 0x20, 0x42, 0x43, 0x44, 0x56, 0x20, 0x45, 0x07, 0x2A, 0x21
	.byte 0x4B, 0x40, 0x28, 0x55, 0x64, 0x15, 0x00, 0x34, 0x60, 0x37, 0x17, 0xD3, 0x59, 0x38, 0xD3, 0x78
	.byte 0x7E, 0x13, 0x3D, 0x45, 0x45, 0x09, 0x56, 0x81, 0x81, 0x31, 0x40, 0x3D, 0x7F, 0x98, 0x56, 0x28
	.byte 0x57, 0x3A, 0xD3, 0x3A, 0x5E, 0xD3, 0x42, 0x29, 0xD3, 0xB0, 0x5D, 0x47, 0x3C, 0x48, 0x5E, 0xD3
	.byte 0x5A, 0x49, 0x21, 0x40, 0x69, 0xFF, 0x42, 0x41, 0x46, 0x6E, 0x3B, 0x40, 0x65, 0x58, 0x72, 0x2C
	.byte 0xD3, 0x4C, 0x4C, 0x6E, 0xD3, 0x46, 0x5B, 0x49, 0x69, 0x40, 0x25, 0x2E, 0x09, 0x45, 0x65, 0x45
	.byte 0x76, 0x64, 0x40, 0x5F, 0x5A, 0x81, 0xD3, 0x28, 0x37, 0x45, 0x6A, 0x26, 0x34, 0x59, 0x27, 0xD3
	.byte 0x1C, 0x69, 0x64, 0x15, 0x0A, 0x6E, 0xD3, 0x3D, 0x6C, 0x0A, 0x60, 0x3F, 0x68, 0xD3, 0x0A, 0x1D
	.byte 0x98, 0x24, 0x34, 0x52, 0x13, 0x5F, 0x27, 0x69, 0x98, 0x03, 0x42, 0x33, 0x6F, 0x1F, 0x0E, 0x51
	.byte 0x0E, 0x3F, 0x45, 0x3B, 0xD3, 0x1C, 0x45, 0x58, 0x48, 0x36, 0x2A, 0x3F, 0x57, 0x48, 0x36, 0x3B
	.byte 0x28, 0x76, 0x34, 0x58, 0x3B, 0x34, 0x76, 0x98, 0x4A, 0x47, 0x40, 0x65, 0x3D, 0x00, 0x56, 0x45
	.byte 0x25, 0x47, 0x3F, 0x57, 0x49, 0x6A, 0x37, 0x17, 0x12, 0x4C, 0x6F, 0x52, 0x13, 0x46, 0x39, 0x47
	.byte 0xD3, 0x22, 0x2A, 0xD3, 0x5B, 0x45, 0xD3, 0x2C, 0x7F, 0xB0, 0x43, 0x39, 0x98, 0x28, 0x2E, 0xD3
	.byte 0x70, 0xD3, 0x24, 0x6F, 0xD3, 0x26, 0x6E, 0xD3, 0x29, 0x6D, 0xD3, 0x2D, 0x6C, 0xD3, 0x2F, 0x6B
	.byte 0xD3, 0x32, 0x45, 0x59, 0x49, 0x3B, 0xD3, 0x10, 0x5A, 0x3D, 0x3B, 0x0B, 0x27, 0x15, 0x17, 0x47
	.byte 0x42, 0xD3, 0x18, 0x3B, 0x48, 0x3D, 0xD3, 0x33, 0x45, 0x4E, 0x26, 0xD3, 0x34, 0x39, 0x4E, 0x26
	.byte 0xD3, 0x4F, 0x44, 0x20, 0x37, 0x51, 0x38, 0x3B, 0x36, 0x3A, 0x03, 0x2D, 0xD3, 0x47, 0x7F, 0x98
	.byte 0x28, 0x47, 0x33, 0xD3, 0x29, 0x3B, 0x33, 0x20, 0x00, 0x5F, 0xD3, 0x38, 0x46, 0x2E, 0xD3, 0x01
	.byte 0x57, 0x0A, 0x08, 0xB0, 0x02, 0x6A, 0x7F, 0xB0, 0x03, 0xD3, 0x11, 0x28, 0x00, 0x64, 0x32, 0x41
	.byte 0x3E, 0x3E, 0x5E, 0xD3, 0x00, 0x98, 0x2F, 0x2C, 0x41, 0x3E, 0x1F, 0x3B, 0x40, 0x12, 0x5F, 0x2D
	.byte 0x31, 0x32, 0x27, 0x79, 0x2D, 0x3D, 0x3D, 0x30, 0x3B, 0x32, 0x49, 0x14, 0x5C, 0xD3, 0x3E, 0x77
	.byte 0xD3, 0x98, 0x58, 0x2F, 0x3F, 0x4C, 0x63, 0x58, 0x49, 0x58, 0x39, 0x42, 0x15, 0x34, 0x41, 0x51
	.byte 0x64, 0x5E, 0x40, 0x71, 0xD3, 0x80, 0x4C, 0x00, 0x53, 0x44, 0x78, 0x3C, 0xD3, 0x28, 0x34, 0x53
	.byte 0x04, 0x11, 0x28, 0x28, 0x4B, 0xD3, 0x52, 0x36, 0x42, 0x4A, 0x17, 0x45, 0x40, 0x45, 0x37, 0x17
	.byte 0x53, 0x3E, 0x42, 0x58, 0x39, 0xB0, 0x00, 0x00, 0x46, 0x54, 0xD3, 0x00, 0x03, 0x71, 0x3C, 0x3B
	.byte 0x45, 0x42, 0x59, 0x98, 0x10, 0x39, 0x42, 0x31, 0xD3, 0x1E, 0x47, 0x53, 0x3D, 0x1E, 0x3B, 0x53
	.byte 0x31, 0xD3, 0x2D, 0x49, 0x53, 0x0D, 0x5E, 0xD3, 0x11, 0x3F, 0x34, 0xD3, 0x3B, 0xD3, 0x53, 0x54
	.byte 0x59, 0x68, 0x34, 0x69, 0xD3, 0x36, 0x45, 0x81, 0x98, 0xD3, 0x31, 0xD3, 0x3A, 0x67, 0xD3, 0x3C
	.byte 0x66, 0xD3, 0x3E, 0x0A, 0x6E, 0xD3, 0x3D, 0x6C, 0x0A, 0x60, 0x3F, 0x68, 0x80, 0x5D, 0x1C, 0x5F
	.byte 0x45, 0x5E, 0x53, 0x03, 0x42, 0x4C, 0x53, 0x55, 0x41, 0x3E, 0x41, 0x3D, 0x5D, 0x4D, 0x4E, 0x5B
	.byte 0x42, 0x5B, 0x4E, 0x13, 0xD3, 0x40, 0x59, 0x4B, 0x3A, 0x14, 0x4C, 0x40, 0x58, 0x46, 0x00, 0x0F
	.byte 0x49, 0x6D, 0x4C, 0x37, 0x17, 0x39, 0x5E, 0x4A, 0x0E, 0x51, 0x22, 0x3D, 0x6A, 0x28, 0x76, 0x22
	.byte 0x45, 0x5B, 0x3E, 0x44, 0xD3, 0x4C, 0x5B, 0x5D, 0x3A, 0xD3, 0x17, 0x49, 0x03, 0x3A, 0xD3, 0x18
	.byte 0x51, 0x5A, 0x47, 0x35, 0x6D, 0xD3, 0x45, 0x15, 0x46, 0x18, 0x39, 0x3B, 0x36, 0x3A, 0x36, 0x39
	.byte 0x5D, 0x49, 0x44, 0x50, 0x51, 0x5D, 0x45, 0x51, 0x64, 0x40, 0x5E, 0x46, 0x51, 0x64, 0x49, 0xD3
	.byte 0x2D, 0x81, 0x98, 0x4B, 0x51, 0x5B, 0x3F, 0x0A, 0x4C, 0x45, 0x5B, 0x27, 0x4C, 0x38, 0x39, 0x57
	.byte 0x63, 0x0A, 0x4C, 0x40, 0x58, 0x66, 0x15, 0x4C, 0x25, 0x45, 0x6D, 0x29, 0x81, 0xD3, 0x39, 0x62
	.byte 0x3F, 0x0A, 0x5E, 0x49, 0x71, 0x3A, 0xD3, 0x5E, 0x3D, 0x62, 0x66, 0x15, 0x4C, 0x37, 0x4C, 0x5B
	.byte 0x24, 0x32, 0x31, 0xD3, 0x68, 0x3F, 0x40, 0x98, 0x0F, 0x45, 0x68, 0x31, 0x01, 0x20, 0x45, 0x6F
	.byte 0x30, 0x1F, 0x71, 0xD3, 0x22, 0x70, 0xD3, 0x24, 0x6F, 0xD3, 0x26, 0x6E, 0xD3, 0x29, 0x6D, 0xD3
	.byte 0x2D, 0x6C, 0xD3, 0x48, 0x6E, 0xD3, 0x4E, 0x6C, 0xD3, 0x53, 0x31, 0x59, 0x68, 0xB0, 0x38, 0x03
	.byte 0x08, 0x53, 0x33, 0x54, 0x2E, 0xD3, 0x1D, 0x39, 0x3E, 0xD3, 0x10, 0xD3, 0x0A, 0x4E, 0x69, 0x38
	.byte 0x39, 0xD3, 0x07, 0x44, 0x54, 0x3D, 0x5A, 0x3D, 0x59, 0x5E, 0x3D, 0x46, 0x3A, 0xD3, 0x0F, 0x3D
	.byte 0x52, 0x3A, 0xD3, 0x2E, 0x40, 0x69, 0xD3, 0x98, 0x3A, 0x40, 0xB0, 0x41, 0x07, 0x47, 0x40, 0x55
	.byte 0x59, 0x98, 0x59, 0x05, 0x45, 0x45, 0xD3, 0x46, 0x24, 0x45, 0x49, 0x5B, 0x00, 0x26, 0x3D, 0x42
	.byte 0x38, 0x29, 0x98, 0x1C, 0x3D, 0x40, 0x5E, 0x59, 0x27, 0x3D, 0x49, 0x3D, 0x00, 0x34, 0x3D, 0x80
	.byte 0x47, 0x35, 0x54, 0x39, 0x4A, 0x54, 0x4C, 0x63, 0x12, 0x3D, 0x80, 0x42, 0x00, 0x2E, 0x39, 0x38
	.byte 0x34, 0x46, 0x2F, 0x40, 0xD3, 0x02, 0x20, 0x4D, 0x3D, 0x51, 0x59, 0x37, 0x4E, 0x45, 0x4E, 0x27
	.byte 0x0C, 0x78, 0xD3, 0x0F, 0x3D, 0x55, 0x15, 0x0C, 0x03, 0x45, 0x4E, 0xB0, 0x00, 0x37, 0x3D, 0x46
	.byte 0x3A, 0xD3, 0x38, 0x45, 0x53, 0x27, 0x71, 0xD3, 0x10, 0x45, 0x51, 0x2D, 0x01, 0x53, 0x49, 0x46
	.byte 0x2D, 0x27, 0x31, 0x12, 0x41, 0xD3, 0x28, 0x3E, 0x3D, 0x3B, 0xD3, 0x42, 0x32, 0x34, 0xD3, 0x5A
	.byte 0x1A, 0x40, 0x2A, 0xB0, 0x21, 0x4A, 0x3A, 0x22, 0x12, 0x4E, 0x0B, 0x00, 0x41, 0x07, 0x2B, 0x3A
	.byte 0x03, 0x3A, 0x33, 0x34, 0x69, 0x38, 0x29, 0xD3, 0x04, 0x11, 0x4C, 0x44, 0x3E, 0xD3, 0xB0, 0x46
	.byte 0x07, 0x38, 0xD3, 0x45, 0x07, 0x27, 0x4C, 0x2C, 0x42, 0x07, 0x3D, 0x14, 0x30, 0x57, 0x33, 0x54
	.byte 0x2E, 0xD3, 0x57, 0x3B, 0x4F, 0x3D, 0x46, 0x53, 0x00, 0x60, 0x00, 0x54, 0x38, 0xD3, 0x46, 0x1D
	.byte 0xB0, 0x5D, 0x24, 0x50, 0x2C, 0x7E, 0x03, 0x3A, 0xD3, 0x3B, 0x28, 0x67, 0xB0, 0x00, 0x3B, 0x34
	.byte 0x68, 0xB0, 0x00, 0x47, 0x40, 0xD3, 0x3E, 0x0A, 0x55, 0x45, 0x59, 0x48, 0x4A, 0x98, 0x02, 0x39
	.byte 0x5C, 0x2C, 0xD3, 0x12, 0x4C, 0x5C, 0xB0, 0x02, 0x6A, 0x49, 0x4B, 0x4C, 0x50, 0x2F, 0x45, 0x72
	.byte 0x4B, 0x3A, 0x3D, 0x40, 0x6D, 0x45, 0x4C, 0x38, 0x34, 0x7E, 0x21, 0x0E, 0x51, 0x25, 0x34, 0x64
	.byte 0x2E, 0xD3, 0x25, 0x3E, 0x60, 0xB0, 0x5D, 0x25, 0x44, 0x7A, 0x1D, 0x4D, 0x5F, 0x2D, 0xD3, 0xD3
	.byte 0x3F, 0x5F, 0x39, 0x73, 0x2C, 0xD3, 0x5F, 0x3D, 0x45, 0x15, 0x46, 0x5F, 0x45, 0x63, 0x59, 0x98
	.byte 0x59, 0x1B, 0x2D, 0x6D, 0x7F, 0x98, 0x1B, 0x39, 0x6D, 0x06, 0x0D, 0x1B, 0x3D, 0x62, 0x00, 0x41
	.byte 0x2A, 0x2D, 0x6D, 0x29, 0x56, 0x2A, 0x39, 0x0F, 0x58, 0x56, 0x34, 0x3D, 0x6D, 0x2C, 0xD3, 0x38
	.byte 0x2D, 0x55, 0x3A, 0xD3, 0x38, 0x39, 0x48, 0x3D, 0xD3, 0x38, 0x3D, 0x5F, 0x2C, 0xD3, 0x55, 0x2D
	.byte 0xD3, 0x55, 0x13, 0x55, 0x39, 0x45, 0x15, 0x46, 0x55, 0x3D, 0x62, 0x56, 0x42, 0x39, 0x12, 0x2D
	.byte 0x67, 0x40, 0x55, 0x27, 0x39, 0x6E, 0x3B, 0x55, 0x27, 0x3D, 0x74, 0x2C, 0xD3, 0x59, 0x45, 0x76
	.byte 0x1E, 0x3B, 0x53, 0x08, 0x49, 0x66, 0x56, 0x81, 0x81, 0x4C, 0x3F, 0x63, 0xB0, 0x24, 0x49, 0x76
	.byte 0x4E, 0x39, 0x24, 0x51, 0x76, 0x27, 0x39, 0x5E, 0x2D, 0x62, 0x30, 0x00, 0x5E, 0x80, 0x29, 0x38
	.byte 0x45, 0x38, 0x01, 0x08, 0x21, 0x44, 0x50, 0xD3, 0x4B, 0x17, 0x45, 0x00, 0x0C, 0x4C, 0x29, 0x45
	.byte 0x58, 0x4E, 0x69, 0x38, 0x45, 0x5F, 0xB0, 0x05, 0x0A, 0x49, 0x69, 0x2A, 0x21, 0x4B, 0x02, 0x49
	.byte 0x42, 0x4C, 0x53, 0x0E, 0x49, 0x6D, 0x4B, 0x3A, 0x2E, 0x4C, 0x42, 0x39, 0x7E, 0xB0, 0x4C, 0xD3
	.byte 0x2D, 0x77, 0x46, 0x46, 0x7F, 0xB0, 0x63, 0x42, 0x51, 0x11, 0x4D, 0x2D, 0x24, 0x51, 0x61, 0x7F
	.byte 0xB0, 0x63, 0x1B, 0x39, 0x42, 0x47, 0x65, 0x27, 0x49, 0x48, 0x36, 0x3A, 0x34, 0x49, 0x6D, 0x7F
	.byte 0x27, 0x3B, 0x45, 0x62, 0x79, 0x26, 0x34, 0x53, 0x49, 0x25, 0x2F, 0x0A, 0x2F, 0x4C, 0x60, 0x2E
	.byte 0xD3, 0x0A, 0x51, 0x67, 0x3E, 0x3D, 0x98, 0x5F, 0x51, 0x67, 0x18, 0x0E, 0x51, 0x38, 0x51, 0x6E
	.byte 0x3A, 0x98, 0x20, 0x39, 0x51, 0x69, 0x20, 0x49, 0x3B, 0xB0, 0x05, 0x07, 0x30, 0x3D, 0x4E, 0x56
	.byte 0x07, 0x3B, 0x38, 0x2E, 0x2A, 0x78, 0x52, 0x80, 0x42, 0x00, 0x4D, 0x7E, 0x03, 0x3A, 0xD3, 0x5B
	.byte 0x49, 0x64, 0x59, 0x98, 0x59, 0x09, 0x45, 0x52, 0x46, 0x18, 0x40, 0x41, 0x38, 0x2A, 0x26, 0x4C
	.byte 0x56, 0x64, 0x15, 0x26, 0x34, 0x5F, 0x3A, 0xD3, 0x26, 0xD3, 0x59, 0x98, 0x34, 0x40, 0x24, 0xD3
	.byte 0x2B, 0x43, 0x45, 0x50, 0x3B, 0x46, 0x51, 0x40, 0x55, 0xD3, 0x80, 0x52, 0x00, 0x5B, 0x00, 0x0E
	.byte 0x51, 0x64, 0x29, 0x40, 0x12, 0x5F, 0x36, 0x1D, 0x45, 0x76, 0x64, 0x00, 0xD3, 0xD3, 0x3F, 0x40
	.byte 0x5E, 0xD3, 0x46, 0x7A, 0xD3, 0x2C, 0xD3, 0xD3, 0x20, 0x42, 0x43, 0x44, 0x00, 0x37, 0x3D, 0x46
	.byte 0x55, 0x00, 0x5F, 0x00, 0x21, 0xD3, 0x27, 0x3E, 0x98, 0x2F, 0x47, 0x1E, 0x63, 0x4A, 0x3D, 0x4C
	.byte 0x63, 0x4A, 0x54, 0x4C, 0x34, 0x5D, 0xD3, 0x28, 0x4C, 0x3D, 0x63, 0x3B, 0x34, 0x4C, 0x40, 0x61
	.byte 0x57, 0x3A, 0xD3, 0x49, 0x73, 0x42, 0x32, 0x4C, 0x51, 0x73, 0x56, 0x0A, 0x07, 0x25, 0x34, 0x5B
	.byte 0x00, 0x03, 0x25, 0x3B, 0x64, 0x4B, 0x20, 0x25, 0x3E, 0x67, 0x30, 0x00, 0x25, 0x47, 0x50, 0x3B
	.byte 0x34, 0x26, 0x4A, 0x34, 0x27, 0x98, 0x26, 0x50, 0x70, 0x3B, 0x34, 0x5F, 0x2D, 0x73, 0x00, 0x03
	.byte 0x51, 0x0A, 0x47, 0x69, 0x5F, 0x45, 0x55, 0xB0, 0x5D, 0x5F, 0x49, 0x5E, 0x44, 0x4D, 0x34, 0x51
	.byte 0x5D, 0x16, 0x62, 0xD3, 0x0A, 0x50, 0x5C, 0x3D, 0x6C, 0x0A, 0x4E, 0x65, 0x36, 0x3A, 0x3D, 0x4C
	.byte 0x1D, 0x45, 0x76, 0x46, 0x4A, 0x65, 0xD3, 0x46, 0x55, 0x49, 0x80, 0x4C, 0x00, 0x5F, 0x47, 0x6C
	.byte 0x63, 0x4A, 0x54, 0x45, 0x0E, 0x51, 0x22, 0x20, 0x4C, 0x53, 0x59, 0x68, 0x2E, 0x2D, 0x49, 0x3B
	.byte 0x4E, 0x2E, 0x39, 0xD3, 0x55, 0x13, 0x2E, 0x49, 0x50, 0xD3, 0x46, 0x3D, 0x47, 0x6C, 0xD3, 0x46
	.byte 0x4B, 0x34, 0x5B, 0x7F, 0x98, 0x4B, 0x45, 0x5B, 0x59, 0x68, 0x59, 0x40, 0x6C, 0x33, 0x20, 0x00
	.byte 0x08, 0x31, 0x5A, 0x5D, 0x5F, 0x08, 0x45, 0x98, 0x1E, 0x4E, 0x16, 0x49, 0x70, 0x59, 0x68, 0x25
	.byte 0x2D, 0x08, 0xB0, 0x02, 0x25, 0x39, 0x77, 0x5D, 0x5F, 0x33, 0x40, 0xD3, 0x2D, 0x6C, 0x41, 0x45
	.byte 0x5B, 0x11, 0x96, 0x4F, 0x80, 0x3D, 0x38, 0x45, 0x01, 0x39, 0x56, 0x06, 0x00, 0xB0, 0x05, 0x0A
	.byte 0x07, 0x42, 0x7F, 0xB0, 0x17, 0x0A, 0x07, 0x43, 0x7F, 0x02, 0x20, 0xD3, 0x36, 0x1E, 0x36, 0x20
	.byte 0xD3, 0x5E, 0xD3, 0x07, 0x2A, 0xD3, 0x33, 0x0A, 0x07, 0xD3, 0x3B, 0x47, 0x4A, 0x14, 0x5C, 0xD3
	.byte 0x3B, 0x54, 0xD3, 0x3C, 0x3B, 0x33, 0xD3, 0x3E, 0xB0, 0x47, 0x0A, 0x0D, 0x53, 0x52, 0x25, 0x3D
	.byte 0x65, 0x27, 0x07, 0x18, 0x4F, 0x80, 0x7F, 0x98, 0x49, 0x34, 0xD3, 0x1C, 0x5A, 0xD3, 0x04, 0x03
	.byte 0x72, 0x7F, 0x27, 0x3B, 0x10, 0x27, 0x0A, 0x79, 0x26, 0x53, 0x49, 0x3E, 0x98, 0x29, 0x2D, 0x55
	.byte 0x55, 0xD3, 0x45, 0x76, 0x2D, 0x60, 0x47, 0x65, 0x58, 0x44, 0x3E, 0x27, 0x32, 0x34, 0x37, 0x17
	.byte 0x27, 0x3E, 0x3D, 0x48, 0x36, 0x3C, 0xD3, 0x47, 0x36, 0x30, 0x49, 0x3D, 0x45, 0x76, 0x3F, 0x1B
	.byte 0xD3, 0x3C, 0xD3, 0x2B, 0x3A, 0x45, 0x4A, 0xD3, 0x3A, 0x98, 0x20, 0x39, 0x4A, 0x3D, 0x11, 0xD3
	.byte 0x43, 0x44, 0x56, 0x38, 0x5A, 0x20, 0x64, 0x31, 0xD3, 0x21, 0x0E, 0x51, 0x64, 0x98, 0x30, 0x45
	.byte 0x03, 0x3A, 0xD3, 0x3E, 0x49, 0x80, 0x42, 0x6E, 0xD3, 0x3D, 0x6C, 0x0A, 0x60, 0x3F, 0x68, 0x80
	.byte 0x5D, 0x1C, 0x5F, 0x45, 0x5E, 0x53, 0x03, 0x42, 0x53, 0x55, 0x41, 0x3E, 0x41, 0x3D, 0x5D, 0x4D
	.byte 0x4E, 0x5B, 0x42, 0x5B, 0x4E, 0x13, 0xD3, 0x40, 0x59, 0x3A, 0x14, 0x4C, 0x40, 0x58, 0x46, 0x00
	.byte 0x0F, 0x49, 0x6D, 0x4C, 0x37, 0x17, 0x39, 0x5E, 0x4A, 0x0E, 0x22, 0x3D, 0x6A, 0x28, 0x76, 0x22
	.byte 0x45, 0x5B, 0x3E, 0x44, 0xD3, 0x4C, 0x5B, 0x5D, 0x3A, 0xD3, 0x17, 0x37, 0x3D, 0x46, 0x48, 0x00
	.byte 0x62, 0x00, 0x2A, 0x39, 0x5A, 0x00, 0x21, 0xD3, 0x39, 0x00, 0x0C, 0x4C, 0x53, 0x39, 0x62, 0x5D
	.byte 0x5F, 0x54, 0x3D, 0x6D, 0x49, 0x4B, 0xD3, 0x4F, 0x16, 0x59, 0x45, 0x76, 0x02, 0x3D, 0x64, 0x45
	.byte 0x76, 0x0D, 0x39, 0x54, 0x51, 0x30, 0x0F, 0x3D, 0x6F, 0x34, 0x37, 0x2C, 0x39, 0x4E, 0x48, 0x69
	.byte 0x38, 0x25, 0x45, 0x6D, 0x29, 0x40, 0x61, 0x5D, 0x5F, 0x39, 0x39, 0x58, 0x45, 0x76, 0x3A, 0x3D
	.byte 0x39, 0x42, 0x03, 0x3B, 0x40, 0x50, 0x51, 0x5D, 0x45, 0x39, 0x25, 0x47, 0x54, 0x47, 0x3D, 0x01
	.byte 0x20, 0x45, 0x6F, 0x40, 0x71, 0x59, 0x98, 0x59, 0x06, 0x3D, 0x1D, 0x45, 0x76, 0x06, 0x40, 0x39
	.byte 0x42, 0x03, 0x06, 0x45, 0x62, 0x34, 0x37, 0x24, 0x45, 0x65, 0x42, 0x44, 0x26, 0x3D, 0x5F, 0x62
	.byte 0x79, 0x26, 0x40, 0x39, 0x3E, 0x07, 0x18, 0x4F, 0x00, 0x59, 0x00, 0x1D, 0x39, 0x00, 0x59, 0x00
	.byte 0x27, 0x3D, 0x3B, 0x46, 0x51, 0x28, 0x39, 0x3B, 0x46, 0x51, 0x34, 0x3D, 0x7F, 0xB0, 0x11, 0x35
	.byte 0x39, 0x7F, 0xB0, 0x11, 0x54, 0x39, 0x66, 0x79, 0x26, 0x34, 0x53, 0x39, 0x40, 0x38, 0x2D, 0x12
	.byte 0x3D, 0x5D, 0xD3, 0x55, 0x55, 0x4F, 0x0A, 0x59, 0x4C, 0x3D, 0x3D, 0x00, 0x34, 0x2F, 0x40, 0x3F
	.byte 0x0A, 0x4C, 0x4B, 0x45, 0x6B, 0x4B, 0x20, 0x4B, 0x3D, 0x6D, 0xB0, 0x5D, 0x4B, 0x40, 0x68, 0xD3
	.byte 0x10, 0x45, 0x23, 0x45, 0x68, 0x4B, 0x20, 0x24, 0x49, 0x6B, 0x5D, 0x1C, 0x24, 0x40, 0x40, 0xD3
	.byte 0x02, 0x80, 0x49, 0x00, 0x61, 0x00, 0x54, 0x3D, 0xD3, 0xD3, 0x3F, 0x56, 0x31, 0x57, 0x34, 0x51
	.byte 0x5D, 0x02, 0x3D, 0x5C, 0x45, 0x76, 0x03, 0x31, 0x50, 0x52, 0x00, 0x0D, 0x31, 0x61, 0x3B, 0x46
	.byte 0x0F, 0x3D, 0x68, 0x0A, 0x59, 0x4C, 0x40, 0x10, 0x5A, 0x3D, 0x2E, 0x34, 0x59, 0x80, 0x4B, 0x16
	.byte 0x40, 0x5B, 0xD3, 0x2B, 0x43, 0x34, 0x51, 0x3B, 0x46, 0x46, 0x3A, 0x33, 0x34, 0x69, 0x47, 0x40
	.byte 0x1E, 0x63, 0x98, 0x02, 0x31, 0x6C, 0x45, 0x76, 0x05, 0x45, 0x5B, 0x3E, 0xB0, 0x47, 0x0A, 0x5D
	.byte 0x3C, 0x3D, 0xD3, 0x33, 0x5F, 0x38, 0x5B, 0x49, 0x34, 0x5F, 0x3D, 0x52, 0x0A, 0x07, 0x58, 0x36
	.byte 0x0A, 0x07, 0x18, 0x4F, 0x81, 0x81, 0x31, 0x1D, 0x2D, 0x48, 0x3B, 0x46, 0x1D, 0x34, 0x52, 0x52
	.byte 0x00, 0x27, 0x3D, 0x5B, 0x42, 0x5B, 0x28, 0x34, 0x48, 0x50, 0x15, 0xD3, 0x2D, 0x3E, 0x5D, 0x5F
	.byte 0x32, 0x2D, 0x49, 0xD3, 0x3A, 0x33, 0x34, 0x27, 0x79, 0x01, 0x34, 0x3D, 0x68, 0xD3, 0x46, 0x53
	.byte 0x34, 0x53, 0x39, 0x40, 0x54, 0x2D, 0x54, 0x51, 0x5D, 0x45, 0x39, 0x3A, 0x1F, 0x34, 0xD3, 0x12
	.byte 0x2D, 0x61, 0x46, 0x3D, 0x12, 0x3D, 0x6F, 0x59, 0x00, 0x5A, 0x34, 0x5C, 0x3B, 0x46, 0x2E, 0x39
	.byte 0x48, 0x1D, 0x39, 0x33, 0x2D, 0xB0, 0x46, 0x07, 0x2F, 0x34, 0x81, 0x31, 0x1D, 0x2F, 0x40, 0x41
	.byte 0xD3, 0x28, 0x4A, 0x3D, 0x67, 0x3D, 0x12, 0x4A, 0x2D, 0x5E, 0x1D, 0x2F, 0x4A, 0x34, 0x6A, 0x39
	.byte 0x38, 0x34, 0x45, 0x31, 0x1D, 0x81, 0x98, 0x80, 0x5B, 0x33, 0xD3, 0x49, 0xD3, 0x3D, 0x6C, 0x5E
	.byte 0x4C, 0x57, 0x32, 0x45, 0x59, 0x0C, 0x49, 0x48, 0x36, 0x3B, 0x1A, 0x45, 0x57, 0x34, 0x37, 0x29
	.byte 0x40, 0x61, 0x46, 0x3D, 0x37, 0x28, 0x5D, 0xD3, 0x3A, 0x38, 0x34, 0x3A, 0x22, 0x12, 0x46, 0x40
	.byte 0x57, 0xD3, 0x0A, 0x54, 0x45, 0x5C, 0x34, 0x59, 0x80, 0x02, 0x53, 0x08, 0x49, 0x66, 0x11, 0x2D
	.byte 0x66, 0x15, 0x4C, 0x11, 0x05, 0x4C, 0x41, 0x3D, 0x11, 0x4C, 0x57, 0x52, 0x46, 0x18, 0x40, 0x3D
	.byte 0x47, 0x6C, 0x2D, 0x45, 0x60, 0x40, 0x57, 0x3C, 0x49, 0x5B, 0x34, 0x37, 0x4B, 0x2D, 0x62, 0xD3
	.byte 0x02, 0x20, 0x39, 0x70, 0x47, 0x3C, 0x4B, 0x4C, 0x6C, 0x0A, 0x81, 0x98, 0x24, 0x2D, 0x62, 0x3F
	.byte 0x1B, 0x24, 0x39, 0x59, 0x1D, 0x2F, 0x24, 0x49, 0x5C, 0x34, 0x49, 0x6D, 0x51, 0x5A, 0x59, 0x27
	.byte 0x5E, 0x2D, 0x61, 0x5F, 0x47, 0x5E, 0x39, 0x46, 0x6E, 0x3B, 0x5E, 0x45, 0x59, 0x60, 0x2E, 0xD3
	.byte 0x4C, 0x57, 0x27, 0x79, 0x57, 0x36, 0x2D, 0x5A, 0x5F, 0x47, 0x37, 0x34, 0x2D, 0xD3, 0x55, 0x37
	.byte 0x39, 0x58, 0x3F, 0x1B, 0xD3, 0x45, 0x5C, 0x59, 0x27, 0x37, 0x49, 0x38, 0x3D, 0x5F, 0x37, 0x51
	.byte 0x65, 0x14, 0x79, 0x57, 0x11, 0x2D, 0x66, 0x2C, 0x01, 0x05, 0x0A, 0x66, 0x2A, 0x34, 0x69, 0xD3
	.byte 0x36, 0x45, 0x81, 0x98, 0xD3, 0x31, 0xD3, 0x3A, 0x67, 0xD3, 0x3C, 0x66, 0xD3, 0x3E, 0x80, 0x52
	.byte 0x00, 0x5B, 0x00, 0x0E, 0x51, 0x64, 0x29, 0x40, 0x12, 0x5F, 0x36, 0x1D, 0x45, 0x76, 0x64, 0x3A
	.byte 0xD3, 0x18, 0x59, 0x33, 0xD3, 0x39, 0x79, 0x59, 0x37, 0x4E, 0x29, 0x45, 0x68, 0x1A, 0x46, 0x29
	.byte 0x49, 0x72, 0x3B, 0x46, 0x29, 0x51, 0x68, 0x1A, 0x46, 0x37, 0x45, 0x60, 0x44, 0x4D, 0x37, 0x49
	.byte 0x6F, 0x5D, 0x1C, 0x37, 0x51, 0x5D, 0x15, 0x38, 0x2A, 0x26, 0x4C, 0x96, 0x4F, 0x80, 0x11, 0x39
	.byte 0x71, 0x62, 0x34, 0x3C, 0x45, 0x66, 0x73, 0x56, 0x0A, 0x49, 0x34, 0x5B, 0x00, 0x03, 0x4C, 0x66
	.byte 0x3B, 0x46, 0x3C, 0x51, 0x30, 0x00, 0x25, 0x4A, 0x2D, 0x64, 0x30, 0x00, 0x4A, 0x39, 0x73, 0x3D
	.byte 0x5F, 0x2C, 0x45, 0x5D, 0x3C, 0x48, 0x4A, 0x49, 0x62, 0x69, 0x5F, 0x45, 0x4C, 0x67, 0x69, 0x5F
	.byte 0x45, 0x51, 0x67, 0x2B, 0x79, 0x57, 0x5D, 0x2D, 0x70, 0x58, 0x00, 0x98, 0x5D, 0x39, 0x7D, 0x56
	.byte 0x00, 0x03, 0x71, 0x10, 0x2D, 0x68, 0x2F, 0xD3, 0x19, 0x3D, 0x73, 0x08, 0xD3, 0x19, 0x3D, 0x66
	.byte 0x2E, 0xD3, 0x19, 0x40, 0x74, 0x15, 0x26, 0x10, 0x45, 0x70, 0x68, 0xB0, 0x00, 0x23, 0x34, 0x72
	.byte 0x3F, 0x1B, 0x23, 0x39, 0x72, 0x30, 0x49, 0x23, 0x45, 0x72, 0x64, 0x4C, 0x23, 0x49, 0x72, 0x28
	.byte 0x37, 0x23, 0x4C, 0x59, 0x40, 0x6C, 0x33, 0x51, 0x78, 0x19, 0x00, 0x03, 0x40, 0x24, 0xD3, 0x2B
	.byte 0x43, 0x45, 0x50, 0x3B, 0x46, 0x51, 0x40, 0x55, 0xD3, 0x80, 0x52, 0x00, 0x5B, 0x2D, 0x6C, 0x41
	.byte 0x45, 0x5B, 0x11, 0x96, 0x4F, 0x80, 0x3D, 0x38, 0x45, 0x01, 0x39, 0x56, 0x06, 0x00, 0x0E, 0x51
	.byte 0x64, 0x29, 0x40, 0x12, 0x5F, 0x36, 0x1D, 0x45, 0x76, 0x64, 0x00, 0xD3, 0xD3, 0x3F, 0x40, 0x5E
	.byte 0x33, 0xD3, 0x25, 0x2D, 0x59, 0x51, 0x64, 0x4D, 0x34, 0x60, 0x69, 0x5F, 0x25, 0x3D, 0x6A, 0x02
	.byte 0x20, 0x5D, 0x33, 0x0A, 0x07, 0xD3, 0x5D, 0x4A, 0x14, 0x5C, 0xD3, 0x5D, 0xD3, 0x3C, 0x3B, 0x33
	.byte 0xD3, 0x45, 0x51, 0x11, 0x39, 0x4C, 0x2D, 0x5D, 0x09, 0x45, 0x52, 0x34, 0x69, 0x44, 0x4D, 0x38
	.byte 0x39, 0x26, 0x53, 0x2A, 0x26, 0x3D, 0x67, 0xD3, 0x3B, 0x57, 0x3A, 0x32, 0x3B, 0xD3, 0x39, 0x5C
	.byte 0xD3, 0x3B, 0xD3, 0x34, 0x62, 0x2E, 0xD3, 0x59, 0x98, 0x34, 0x40, 0x24, 0xD3, 0x2B, 0x43, 0x45
	.byte 0x50, 0x3B, 0x46, 0x51, 0x40, 0x55, 0xD3, 0x20, 0x39, 0x4A, 0x3D, 0x11, 0xD3, 0x43, 0x44, 0x56
	.byte 0x38, 0x5A, 0x20, 0x64, 0x31, 0xD3, 0x21, 0x0E, 0x64, 0x98, 0x30, 0x45, 0x03, 0x3A, 0xD3, 0x3E
	.byte 0x49, 0x80, 0x42, 0x6E, 0xD3, 0x3D, 0x6C, 0x0A, 0x60, 0x68, 0x80, 0x5D, 0x1C, 0x5F, 0x45, 0x5E
	.byte 0x53, 0x03, 0x42, 0x53, 0x55, 0x41, 0x3E, 0x41, 0x3D, 0x5D, 0x4E, 0x5B, 0x42, 0x5B, 0x4E, 0x13
	.byte 0xD3, 0x40, 0x59, 0x3A, 0x14, 0x4C, 0x40, 0x58, 0x46, 0x00, 0x0F, 0x6D, 0x4C, 0x37, 0x17, 0x39
	.byte 0x5E, 0x4A, 0x0E, 0x22, 0x3D, 0x6A, 0x28, 0x76, 0x22, 0x45, 0x5B, 0x3E, 0xD3, 0x4C, 0x5B, 0x5D
	.byte 0x3A, 0xD3, 0x17, 0x37, 0x3D, 0x46, 0x48, 0x00, 0x62, 0x00, 0x2A, 0x39, 0x5A, 0x21, 0xD3, 0x39
	.byte 0x00, 0x0C, 0x4C, 0x53, 0x39, 0x62, 0x5D, 0x5F, 0x54, 0x3D, 0x6D, 0x49, 0x4B, 0xD3, 0x16, 0x59
	.byte 0x45, 0x76, 0x02, 0x3D, 0x64, 0x45, 0x76, 0x0D, 0x39, 0x54, 0x51, 0x30, 0x0F, 0x3D, 0x6F, 0x20
	.byte 0x45, 0x07, 0x2A, 0x21, 0x5D, 0x33, 0xD3, 0x5D, 0x3D, 0x71, 0x44, 0x4D, 0x5D, 0x45, 0x6B, 0x44
	.byte 0x4D, 0x5E, 0x40, 0x68, 0x10, 0x49, 0x3B, 0xB0, 0x40, 0x26, 0x50, 0x70, 0x36, 0x49, 0x70, 0x44
	.byte 0x4D, 0x36, 0x45, 0x68, 0x11, 0x38, 0x2A, 0x26, 0x45, 0x6D, 0x15, 0x26, 0x34, 0x40, 0x64, 0x15
	.byte 0x26, 0x12, 0x3D, 0x64, 0x68, 0x34, 0x69, 0xD3, 0x36, 0x45, 0x81, 0x98, 0xD3, 0x31, 0xD3, 0x3A
	.byte 0x67, 0xD3, 0x3C, 0x66, 0xD3, 0x1D, 0x39, 0x00, 0x59, 0x00, 0x27, 0x3D, 0x3B, 0x46, 0x51, 0x28
	.byte 0x39, 0x3B, 0x46, 0x51, 0x34, 0x3D, 0xB0, 0x11, 0x35, 0x39, 0x7F, 0xB0, 0x11, 0x54, 0x39, 0x66
	.byte 0x79, 0x26, 0x34, 0x53, 0x39, 0x40, 0x38, 0x12, 0x3D, 0x5D, 0xD3, 0x55, 0x55, 0x4F, 0x0A, 0x59
	.byte 0x4C, 0x3D, 0x3D, 0x00, 0x34, 0x2F, 0x40, 0x3F, 0x4C, 0x4B, 0x45, 0x6B, 0x4B, 0x20, 0x4B, 0x3D
	.byte 0x6D, 0xB0, 0x5D, 0x4B, 0x40, 0x68, 0xD3, 0x10, 0x45, 0x45, 0x68, 0x4B, 0x20, 0x24, 0x49, 0x6B
	.byte 0x5D, 0x1C, 0x24, 0x40, 0x40, 0xD3, 0x02, 0x80, 0x49, 0x00, 0x00, 0x54, 0x3D, 0xD3, 0xD3, 0x3F
	.byte 0x56, 0x31, 0x57, 0x34, 0x51, 0x5D, 0x02, 0x3D, 0x5C, 0x45, 0x76, 0x31, 0x50, 0x52, 0x00, 0x0D
	.byte 0x31, 0x61, 0x3B, 0x46, 0x0F, 0x3D, 0x68, 0x0A, 0x59, 0x4C, 0x40, 0x10, 0x3D, 0x2E, 0x34, 0x59
	.byte 0x80, 0x4B, 0x16, 0x40, 0x5B, 0xD3, 0x2B, 0x43, 0x34, 0x51, 0x3B, 0x46, 0x46, 0x33, 0x34, 0x69
	.byte 0x47, 0x40, 0x1E, 0x63, 0x98, 0x02, 0x31, 0x6C, 0x45, 0x76, 0x05, 0x45, 0x5B, 0x3E, 0x47, 0x0A
	.byte 0x5D, 0x3C, 0x3D, 0xD3, 0x33, 0x5F, 0x38, 0x5B, 0x49, 0x34, 0x5F, 0x3D, 0x52, 0x0A, 0x07, 0x80
	.byte 0x44, 0x33, 0xD3, 0x6C, 0x49, 0x46, 0x2D, 0x11, 0x33, 0x7B, 0x49, 0x73, 0x42, 0x45, 0x67, 0x42
	.byte 0x60, 0x00, 0x45, 0x4F, 0x00, 0x4A, 0x1E, 0x45, 0x36, 0x42, 0x4A, 0x23, 0x45, 0x2C, 0x00, 0x4A
	.byte 0x2A, 0x45, 0x29, 0x29, 0x2D, 0x55, 0x45, 0x29, 0x51, 0x64, 0x5E, 0xD3, 0x3A, 0x33, 0x34, 0x39
	.byte 0x45, 0x2C, 0x42, 0x4A, 0x3D, 0x3A, 0x1F, 0x34, 0xD3, 0x44, 0x45, 0x21, 0x00, 0x4A, 0x48, 0xD3
	.byte 0x3A, 0x33, 0x34, 0x4F, 0x45, 0x36, 0x4C, 0x51, 0x34, 0x45, 0x38, 0x00, 0x4A, 0x5C, 0x45, 0x43
	.byte 0x6F, 0x5D, 0x1C, 0x37, 0x45, 0x49, 0x00, 0x4A, 0x06, 0x45, 0x4D, 0x00, 0x4A, 0x0B, 0x45, 0x5F
	.byte 0x2D, 0xD3, 0x0F, 0x45, 0x4C, 0x66, 0x3B, 0x13, 0x45, 0x5E, 0x63, 0xB0, 0x2F, 0x45, 0x71, 0x3A
	.byte 0xD3, 0x1A, 0x45, 0x67, 0x00, 0x4A, 0x1F, 0x45, 0x71, 0x5F, 0x32, 0x2D, 0x33, 0x7F, 0x5F, 0x32
	.byte 0x2D, 0x49, 0x74, 0x11, 0x96, 0x5F, 0x62, 0x79, 0x26, 0x40, 0x39, 0x3E, 0x07, 0x18, 0x4F, 0x00
	.byte 0x59, 0x00, 0x1D, 0x39, 0x00, 0x59, 0x4C, 0x11, 0x05, 0x4C, 0x41, 0x3D, 0x11, 0x4C, 0x57, 0x52
	.byte 0x46, 0x18, 0x40, 0x3D, 0x47, 0x6C, 0x2D, 0x60, 0x40, 0x57, 0x3C, 0x49, 0x5B, 0x34, 0x37, 0x4B
	.byte 0x2D, 0x62, 0xD3, 0x02, 0x20, 0x39, 0x70, 0x47, 0x4B, 0x4C, 0x6C, 0x0A, 0x81, 0x98, 0x24, 0x2D
	.byte 0x62, 0x3F, 0x1B, 0x24, 0x39, 0x59, 0x1D, 0x2F, 0x24, 0x5C, 0x34, 0x49, 0x6D, 0x51, 0x5A, 0x59
	.byte 0x27, 0x5E, 0x2D, 0x61, 0x5F, 0x47, 0x5E, 0x39, 0x46, 0x6E, 0x20, 0x45, 0x07, 0x2A
