; =============================================================================
; UI TEXT FONTS -- Descriptor Table + 1bpp Glyph Banks (0x944D78-0x950FFF)
; =============================================================================
; The KN5000's on-screen text renderer draws from ten bitmap fonts stored
; here.  The descriptor table at 0x945C00 has 16-byte entries:
;
;   +0x00  word  width      pixels per character (0 = proportional font)
;   +0x02  word  height     pixels
;   +0x04  word  descender  pixels below baseline
;   +0x06  word  ascender   pixels above cap height
;   +0x08  long  glyph-bank pointer (1bpp bitmaps)
;   +0x0C  long  kern-table pointer (0 = fixed width)
;
; CONSUMERS (Main CPU ROM, numeric cross-ROM references): TextRender_LoadFontData
; (v10/maincpu/kn5000_v10_program.s) and DrawString_Impl_ClipCursorYMin
; (v10/maincpu/ui/drawing_primitives.s) both compute 0x945C00 + 16*font_id;
; when the kern pointer is null they read +0x00 and +0x06 for fixed-width
; advance, otherwise the kern table drives per-character widths.
;
; GLYPH BANK FORMAT: every bank covers characters 0x20-0xFF (224 glyphs; the
; renderer subtracts 0x20, see DrawString_Impl_KerningLookup `sub c, 0x20`).
; A glyph is stored column-major: ceil(width/8) columns, each column `height`
; bytes top-to-bottom, MSB = leftmost pixel of the 8-pixel column slice.
; Fixed-width glyph size = ceil(width/8)*height; the nine fixed banks tile
; their address ranges exactly (224 glyphs each, no gaps).
;
; UPPER CODE PAGES (0x7F-0xFF) come in two flavours:
;   * fonts 0/1/2/3/4/6: UI-symbol page -- arrows/markers in 0x7F-0xAC and
;     empty-box placeholder glyphs in the Latin-1 letter slots
;   * fonts 5/7/8/9: Latin-1 accent page (A-umlaut at 0xC4, e-acute at 0xE9,
;     ...) used by the multilingual UI/help text; fonts 7/8/9 are otherwise
;     byte-identical to fonts 0/1/4 over 0x20-0x7E
;
; FONT 5 is the only proportional font: its descriptor width is 0 and its
; kern table (Font5_KernTable) holds 224 {word char_width, word glyph_offset}
; pairs; each glyph occupies ceil(char_width/8)*16 bytes at
; Font5_Glyphs + glyph_offset, and the entries tile 0x94B7B0-0x94C61F exactly.
;
; NOTE: Font9's bank runs past 0x950000 -- characters 0xAD-0xFF live at
; 0x950000-0x950A5F.  (This area was previously misfiled as standalone
; "sparse bitmap-like data"; it is simply the tail of Font9.)
;
; Rendered previews: extracted_fonts/font_00..font_09.{bdf,pgm,png}, produced
; by scripts/analysis/extract_fonts.py from this very table (ASCII subset).
; =============================================================================

	.org 0x944D78 - 0x800000, 0xFF

	; unused gap before the font area (previously mislabelled
	; "Miscellaneous data tables")
	.fill 3720, 1, 0xff	; 0x944D78-0x945BFF

; -----------------------------------------------------------------------------
; Font descriptor table: 10 entries {w, h, descender, ascender, glyphs, kern}
; plus one all-zero unused slot.
; -----------------------------------------------------------------------------
FontDescriptor_Table:
	; Font 0 -- 8x16 fixed, UI-symbol upper page; same letterforms as
	; Font 7 over 0x20-0x7E
	.short	8, 16, 4, 1
	.long	Font0_Glyphs, 0

	; Font 1 -- 8x16 fixed, UI-symbol upper page; glyphs sit 2 px higher
	; in the cell than Font 0 (same style otherwise)
	.short	8, 16, 4, 1
	.long	Font1_Glyphs, 0

	; Font 2 -- 16x16 fixed double-width headline font, UI-symbol upper page
	.short	16, 16, 2, 2
	.long	Font2_Glyphs, 0

	; Font 3 -- 6x8 fixed small font, UI-symbol upper page
	.short	6, 8, 1, 1
	.long	Font3_Glyphs, 0

	; Font 4 -- 11x16 fixed large font, UI-symbol upper page; same
	; letterforms as Font 9 over 0x20-0x7E
	.short	11, 16, 2, 2
	.long	Font4_Glyphs, 0

	; Font 5 -- proportional (width 0: per-character widths 3-10 from the
	; kern table), 16 px tall, Latin-1 accent upper page
	.short	0, 16, 4, 0
	.long	Font5_Glyphs, Font5_KernTable

	; Font 6 -- 8x10 fixed compact font, UI-symbol upper page
	.short	8, 10, 0, 1
	.long	Font6_Glyphs, 0

	; Font 7 -- 8x16 fixed, Latin-1 accent upper page (Font 0 letterforms)
	.short	8, 16, 4, 1
	.long	Font7_Glyphs, 0

	; Font 8 -- 8x16 fixed, Latin-1 accent upper page (Font 1 letterforms)
	.short	8, 16, 4, 1
	.long	Font8_Glyphs, 0

	; Font 9 -- 11x16 fixed, Latin-1 accent upper page (Font 4 letterforms)
	.short	11, 16, 2, 2
	.long	Font9_Glyphs, 0

	; unused 11th slot
	.short	0, 0, 0, 0
	.long	0, 0

; -----------------------------------------------------------------------------
; Glyph banks 0-5 (1bpp, column-major, chars 0x20-0xFF; offsets are into
; includes/icons_to_strings.bin, whose file offset 0 = ROM 0x944D78)
; -----------------------------------------------------------------------------
Font0_Glyphs:	; 224 x 16 B (8x16)
	.byte	0x00, 0x00, 0x00, 0x00, 0x00, 0x00, 0x00, 0x00, 0x00, 0x00, 0x00, 0x00, 0x00, 0x00, 0x00, 0x00	; +0000
	.byte	0x00, 0x00, 0x18, 0x18, 0x18, 0x18, 0x18, 0x18, 0x18, 0x00, 0x18, 0x18, 0x00, 0x00, 0x00, 0x00	; +0010
	.byte	0x00, 0x00, 0x6c, 0x6c, 0x24, 0x00, 0x00, 0x00, 0x00, 0x00, 0x00, 0x00, 0x00, 0x00, 0x00, 0x00	; +0020
	.byte	0x00, 0x00, 0x36, 0x36, 0x7f, 0x7f, 0x36, 0x36, 0x7f, 0x7f, 0x36, 0x36, 0x00, 0x00, 0x00, 0x00	; +0030
	.byte	0x00, 0x08, 0x3e, 0x7f, 0x6b, 0x68, 0x7e, 0x3f, 0x0b, 0x6b, 0x7f, 0x3e, 0x08, 0x00, 0x00, 0x00	; +0040
	.byte	0x00, 0x00, 0x00, 0x71, 0x53, 0x76, 0x0c, 0x18, 0x37, 0x65, 0x47, 0x00, 0x00, 0x00, 0x00, 0x00	; +0050
	.byte	0x00, 0x00, 0x1c, 0x36, 0x36, 0x3c, 0x18, 0x3d, 0x6f, 0x66, 0x6f, 0x3b, 0x00, 0x00, 0x00, 0x00	; +0060
	.byte	0x00, 0x00, 0x30, 0x30, 0x10, 0x00, 0x00, 0x00, 0x00, 0x00, 0x00, 0x00, 0x00, 0x00, 0x00, 0x00	; +0070
	.byte	0x00, 0x00, 0x0c, 0x18, 0x30, 0x30, 0x30, 0x30, 0x30, 0x30, 0x18, 0x0c, 0x00, 0x00, 0x00, 0x00	; +0080
	.byte	0x00, 0x00, 0x18, 0x0c, 0x06, 0x06, 0x06, 0x06, 0x06, 0x06, 0x0c, 0x18, 0x00, 0x00, 0x00, 0x00	; +0090
	.byte	0x00, 0x00, 0x00, 0x00, 0x08, 0x2a, 0x1c, 0x08, 0x1c, 0x2a, 0x08, 0x00, 0x00, 0x00, 0x00, 0x00	; +00a0
	.byte	0x00, 0x00, 0x00, 0x00, 0x18, 0x18, 0x7e, 0x7e, 0x18, 0x18, 0x00, 0x00, 0x00, 0x00, 0x00, 0x00	; +00b0
	.byte	0x00, 0x00, 0x00, 0x00, 0x00, 0x00, 0x00, 0x00, 0x00, 0x00, 0x30, 0x30, 0x10, 0x20, 0x00, 0x00	; +00c0
	.byte	0x00, 0x00, 0x00, 0x00, 0x00, 0x00, 0x7f, 0x7f, 0x00, 0x00, 0x00, 0x00, 0x00, 0x00, 0x00, 0x00	; +00d0
	.byte	0x00, 0x00, 0x00, 0x00, 0x00, 0x00, 0x00, 0x00, 0x00, 0x00, 0x30, 0x30, 0x00, 0x00, 0x00, 0x00	; +00e0
	.byte	0x00, 0x00, 0x00, 0x01, 0x03, 0x06, 0x0c, 0x18, 0x30, 0x60, 0x40, 0x00, 0x00, 0x00, 0x00, 0x00	; +00f0
	.byte	0x00, 0x00, 0x3e, 0x7f, 0x63, 0x63, 0x63, 0x63, 0x63, 0x63, 0x7f, 0x3e, 0x00, 0x00, 0x00, 0x00	; +0100
	.byte	0x00, 0x00, 0x18, 0x38, 0x38, 0x18, 0x18, 0x18, 0x18, 0x18, 0x3c, 0x3c, 0x00, 0x00, 0x00, 0x00	; +0110
	.byte	0x00, 0x00, 0x3e, 0x7f, 0x63, 0x03, 0x07, 0x0e, 0x1c, 0x38, 0x7f, 0x7f, 0x00, 0x00, 0x00, 0x00	; +0120
	.byte	0x00, 0x00, 0x3e, 0x7f, 0x63, 0x03, 0x0e, 0x0e, 0x03, 0x63, 0x7f, 0x3e, 0x00, 0x00, 0x00, 0x00	; +0130
	.byte	0x00, 0x00, 0x06, 0x0e, 0x1e, 0x1e, 0x36, 0x36, 0x7f, 0x7f, 0x06, 0x06, 0x00, 0x00, 0x00, 0x00	; +0140
	.byte	0x00, 0x00, 0x7f, 0x7f, 0x60, 0x60, 0x7e, 0x7f, 0x03, 0x63, 0x7f, 0x3e, 0x00, 0x00, 0x00, 0x00	; +0150
	.byte	0x00, 0x00, 0x3e, 0x7f, 0x63, 0x60, 0x7e, 0x7f, 0x63, 0x63, 0x7f, 0x3e, 0x00, 0x00, 0x00, 0x00	; +0160
	.byte	0x00, 0x00, 0x7f, 0x7f, 0x03, 0x07, 0x0e, 0x0c, 0x1c, 0x18, 0x18, 0x18, 0x00, 0x00, 0x00, 0x00	; +0170
	.byte	0x00, 0x00, 0x3e, 0x7f, 0x63, 0x63, 0x3e, 0x3e, 0x63, 0x63, 0x7f, 0x3e, 0x00, 0x00, 0x00, 0x00	; +0180
	.byte	0x00, 0x00, 0x3e, 0x7f, 0x63, 0x63, 0x7f, 0x3f, 0x03, 0x63, 0x7f, 0x3e, 0x00, 0x00, 0x00, 0x00	; +0190
	.byte	0x00, 0x00, 0x00, 0x00, 0x18, 0x18, 0x00, 0x00, 0x18, 0x18, 0x00, 0x00, 0x00, 0x00, 0x00, 0x00	; +01a0
	.byte	0x00, 0x00, 0x00, 0x00, 0x18, 0x18, 0x00, 0x00, 0x18, 0x18, 0x08, 0x10, 0x00, 0x00, 0x00, 0x00	; +01b0
	.byte	0x00, 0x00, 0x06, 0x0e, 0x1c, 0x38, 0x70, 0x70, 0x38, 0x1c, 0x0e, 0x06, 0x00, 0x00, 0x00, 0x00	; +01c0
	.byte	0x00, 0x00, 0x00, 0x00, 0x7f, 0x7f, 0x00, 0x00, 0x7f, 0x7f, 0x00, 0x00, 0x00, 0x00, 0x00, 0x00	; +01d0
	.byte	0x00, 0x00, 0x60, 0x70, 0x38, 0x1c, 0x0e, 0x0e, 0x1c, 0x38, 0x70, 0x60, 0x00, 0x00, 0x00, 0x00	; +01e0
	.byte	0x00, 0x00, 0x3e, 0x7f, 0x63, 0x03, 0x0f, 0x1e, 0x18, 0x00, 0x18, 0x18, 0x00, 0x00, 0x00, 0x00	; +01f0
	.byte	0x00, 0x00, 0x3e, 0x63, 0x5d, 0x65, 0x65, 0x65, 0x65, 0x5e, 0x60, 0x3e, 0x00, 0x00, 0x00, 0x00	; +0200
	.byte	0x00, 0x00, 0x1c, 0x3e, 0x77, 0x63, 0x63, 0x7f, 0x7f, 0x63, 0x63, 0x63, 0x00, 0x00, 0x00, 0x00	; +0210
	.byte	0x00, 0x00, 0x7e, 0x7f, 0x63, 0x63, 0x7e, 0x7e, 0x63, 0x63, 0x7f, 0x7e, 0x00, 0x00, 0x00, 0x00	; +0220
	.byte	0x00, 0x00, 0x3e, 0x7f, 0x63, 0x60, 0x60, 0x60, 0x60, 0x63, 0x7f, 0x3e, 0x00, 0x00, 0x00, 0x00	; +0230
	.byte	0x00, 0x00, 0x7c, 0x7e, 0x67, 0x63, 0x63, 0x63, 0x63, 0x67, 0x7e, 0x7c, 0x00, 0x00, 0x00, 0x00	; +0240
	.byte	0x00, 0x00, 0x7f, 0x7f, 0x60, 0x60, 0x7e, 0x7e, 0x60, 0x60, 0x7f, 0x7f, 0x00, 0x00, 0x00, 0x00	; +0250
	.byte	0x00, 0x00, 0x7f, 0x7f, 0x60, 0x60, 0x7e, 0x7e, 0x60, 0x60, 0x60, 0x60, 0x00, 0x00, 0x00, 0x00	; +0260
	.byte	0x00, 0x00, 0x3e, 0x7f, 0x63, 0x60, 0x6f, 0x6f, 0x63, 0x63, 0x7f, 0x3f, 0x00, 0x00, 0x00, 0x00	; +0270
	.byte	0x00, 0x00, 0x63, 0x63, 0x63, 0x63, 0x7f, 0x7f, 0x63, 0x63, 0x63, 0x63, 0x00, 0x00, 0x00, 0x00	; +0280
	.byte	0x00, 0x00, 0x1e, 0x1e, 0x0c, 0x0c, 0x0c, 0x0c, 0x0c, 0x0c, 0x1e, 0x1e, 0x00, 0x00, 0x00, 0x00	; +0290
	.byte	0x00, 0x00, 0x0f, 0x0f, 0x06, 0x06, 0x06, 0x06, 0x66, 0x66, 0x7e, 0x3c, 0x00, 0x00, 0x00, 0x00	; +02a0
	.byte	0x00, 0x00, 0x63, 0x67, 0x6e, 0x7c, 0x78, 0x78, 0x7c, 0x6e, 0x67, 0x63, 0x00, 0x00, 0x00, 0x00	; +02b0
	.byte	0x00, 0x00, 0x60, 0x60, 0x60, 0x60, 0x60, 0x60, 0x60, 0x60, 0x7f, 0x7f, 0x00, 0x00, 0x00, 0x00	; +02c0
	.byte	0x00, 0x00, 0x41, 0x63, 0x77, 0x7f, 0x7f, 0x6b, 0x63, 0x63, 0x63, 0x63, 0x00, 0x00, 0x00, 0x00	; +02d0
	.byte	0x00, 0x00, 0x43, 0x63, 0x73, 0x7b, 0x7f, 0x7f, 0x6f, 0x67, 0x63, 0x61, 0x00, 0x00, 0x00, 0x00	; +02e0
	.byte	0x00, 0x00, 0x3e, 0x7f, 0x63, 0x63, 0x63, 0x63, 0x63, 0x63, 0x7f, 0x3e, 0x00, 0x00, 0x00, 0x00	; +02f0
	.byte	0x00, 0x00, 0x7e, 0x7f, 0x63, 0x63, 0x7f, 0x7e, 0x60, 0x60, 0x60, 0x60, 0x00, 0x00, 0x00, 0x00	; +0300
	.byte	0x00, 0x00, 0x3e, 0x7f, 0x63, 0x63, 0x63, 0x63, 0x6f, 0x67, 0x7e, 0x3b, 0x00, 0x00, 0x00, 0x00	; +0310
	.byte	0x00, 0x00, 0x7e, 0x7f, 0x63, 0x63, 0x7f, 0x7e, 0x7c, 0x6e, 0x67, 0x63, 0x00, 0x00, 0x00, 0x00	; +0320
	.byte	0x00, 0x00, 0x3e, 0x7f, 0x63, 0x60, 0x7e, 0x3f, 0x03, 0x63, 0x7f, 0x3e, 0x00, 0x00, 0x00, 0x00	; +0330
	.byte	0x00, 0x00, 0x7e, 0x7e, 0x18, 0x18, 0x18, 0x18, 0x18, 0x18, 0x18, 0x18, 0x00, 0x00, 0x00, 0x00	; +0340
	.byte	0x00, 0x00, 0x63, 0x63, 0x63, 0x63, 0x63, 0x63, 0x63, 0x63, 0x7f, 0x3e, 0x00, 0x00, 0x00, 0x00	; +0350
	.byte	0x00, 0x00, 0x63, 0x63, 0x63, 0x63, 0x63, 0x63, 0x77, 0x3e, 0x1c, 0x08, 0x00, 0x00, 0x00, 0x00	; +0360
	.byte	0x00, 0x00, 0x63, 0x63, 0x63, 0x6b, 0x6b, 0x7f, 0x7f, 0x77, 0x77, 0x22, 0x00, 0x00, 0x00, 0x00	; +0370
	.byte	0x00, 0x00, 0x63, 0x63, 0x77, 0x3e, 0x1c, 0x1c, 0x3e, 0x77, 0x63, 0x63, 0x00, 0x00, 0x00, 0x00	; +0380
	.byte	0x00, 0x00, 0x66, 0x66, 0x66, 0x66, 0x7e, 0x3c, 0x18, 0x18, 0x18, 0x18, 0x00, 0x00, 0x00, 0x00	; +0390
	.byte	0x00, 0x00, 0x7f, 0x7f, 0x03, 0x07, 0x0e, 0x1c, 0x38, 0x70, 0x7f, 0x7f, 0x00, 0x00, 0x00, 0x00	; +03a0
	.byte	0x00, 0x00, 0x3c, 0x30, 0x30, 0x30, 0x30, 0x30, 0x30, 0x30, 0x30, 0x3c, 0x00, 0x00, 0x00, 0x00	; +03b0
	.byte	0x00, 0x00, 0x00, 0x40, 0x60, 0x30, 0x18, 0x0c, 0x06, 0x03, 0x01, 0x00, 0x00, 0x00, 0x00, 0x00	; +03c0
	.byte	0x00, 0x00, 0x1e, 0x06, 0x06, 0x06, 0x06, 0x06, 0x06, 0x06, 0x06, 0x1e, 0x00, 0x00, 0x00, 0x00	; +03d0
	.byte	0x00, 0x00, 0x10, 0x38, 0x6c, 0x00, 0x00, 0x00, 0x00, 0x00, 0x00, 0x00, 0x00, 0x00, 0x00, 0x00	; +03e0
	.byte	0x00, 0x00, 0x00, 0x00, 0x00, 0x00, 0x00, 0x00, 0x00, 0x00, 0x7f, 0x7f, 0x00, 0x00, 0x00, 0x00	; +03f0
	.byte	0x00, 0x00, 0x60, 0x60, 0x40, 0x00, 0x00, 0x00, 0x00, 0x00, 0x00, 0x00, 0x00, 0x00, 0x00, 0x00	; +0400
	.byte	0x00, 0x00, 0x00, 0x00, 0x3e, 0x3f, 0x03, 0x3f, 0x7f, 0x63, 0x7f, 0x3f, 0x00, 0x00, 0x00, 0x00	; +0410
	.byte	0x00, 0x00, 0x60, 0x60, 0x60, 0x7e, 0x7f, 0x63, 0x63, 0x63, 0x7f, 0x7e, 0x00, 0x00, 0x00, 0x00	; +0420
	.byte	0x00, 0x00, 0x00, 0x00, 0x3e, 0x7f, 0x63, 0x60, 0x60, 0x63, 0x7f, 0x3e, 0x00, 0x00, 0x00, 0x00	; +0430
	.byte	0x00, 0x00, 0x03, 0x03, 0x03, 0x3f, 0x7f, 0x63, 0x63, 0x63, 0x7f, 0x3f, 0x00, 0x00, 0x00, 0x00	; +0440
	.byte	0x00, 0x00, 0x00, 0x00, 0x3e, 0x7f, 0x63, 0x7f, 0x7f, 0x60, 0x7e, 0x3e, 0x00, 0x00, 0x00, 0x00	; +0450
	.byte	0x00, 0x00, 0x0e, 0x1e, 0x18, 0x7e, 0x7e, 0x18, 0x18, 0x18, 0x18, 0x18, 0x00, 0x00, 0x00, 0x00	; +0460
	.byte	0x00, 0x00, 0x00, 0x00, 0x3f, 0x7f, 0x63, 0x63, 0x63, 0x63, 0x7f, 0x3f, 0x03, 0x3f, 0x3e, 0x00	; +0470
	.byte	0x00, 0x00, 0x60, 0x60, 0x60, 0x7e, 0x7f, 0x63, 0x63, 0x63, 0x63, 0x63, 0x00, 0x00, 0x00, 0x00	; +0480
	.byte	0x00, 0x00, 0x0c, 0x0c, 0x00, 0x0c, 0x0c, 0x0c, 0x0c, 0x0c, 0x0c, 0x0c, 0x00, 0x00, 0x00, 0x00	; +0490
	.byte	0x00, 0x00, 0x06, 0x06, 0x00, 0x0e, 0x0e, 0x06, 0x06, 0x06, 0x06, 0x06, 0x66, 0x7e, 0x3c, 0x00	; +04a0
	.byte	0x00, 0x00, 0x60, 0x60, 0x63, 0x67, 0x6e, 0x7c, 0x7c, 0x6e, 0x67, 0x63, 0x00, 0x00, 0x00, 0x00	; +04b0
	.byte	0x00, 0x00, 0x0c, 0x0c, 0x0c, 0x0c, 0x0c, 0x0c, 0x0c, 0x0c, 0x0e, 0x06, 0x00, 0x00, 0x00, 0x00	; +04c0
	.byte	0x00, 0x00, 0x00, 0x00, 0x7e, 0x7f, 0x6b, 0x6b, 0x6b, 0x6b, 0x6b, 0x6b, 0x00, 0x00, 0x00, 0x00	; +04d0
	.byte	0x00, 0x00, 0x00, 0x00, 0x7e, 0x7f, 0x63, 0x63, 0x63, 0x63, 0x63, 0x63, 0x00, 0x00, 0x00, 0x00	; +04e0
	.byte	0x00, 0x00, 0x00, 0x00, 0x3e, 0x7f, 0x63, 0x63, 0x63, 0x63, 0x7f, 0x3e, 0x00, 0x00, 0x00, 0x00	; +04f0
	.byte	0x00, 0x00, 0x00, 0x00, 0x7e, 0x7f, 0x63, 0x63, 0x63, 0x63, 0x7f, 0x7e, 0x60, 0x60, 0x60, 0x00	; +0500
	.byte	0x00, 0x00, 0x00, 0x00, 0x3f, 0x7f, 0x63, 0x63, 0x63, 0x63, 0x7f, 0x3f, 0x03, 0x03, 0x03, 0x00	; +0510
	.byte	0x00, 0x00, 0x00, 0x00, 0x6e, 0x7f, 0x73, 0x60, 0x60, 0x60, 0x60, 0x60, 0x00, 0x00, 0x00, 0x00	; +0520
	.byte	0x00, 0x00, 0x00, 0x00, 0x3f, 0x7f, 0x60, 0x7e, 0x3f, 0x03, 0x7f, 0x7e, 0x00, 0x00, 0x00, 0x00	; +0530
	.byte	0x00, 0x00, 0x18, 0x18, 0x7e, 0x7e, 0x18, 0x18, 0x18, 0x18, 0x1c, 0x0c, 0x00, 0x00, 0x00, 0x00	; +0540
	.byte	0x00, 0x00, 0x00, 0x00, 0x63, 0x63, 0x63, 0x63, 0x63, 0x63, 0x7f, 0x3f, 0x00, 0x00, 0x00, 0x00	; +0550
	.byte	0x00, 0x00, 0x00, 0x00, 0x63, 0x63, 0x63, 0x63, 0x77, 0x3e, 0x1c, 0x08, 0x00, 0x00, 0x00, 0x00	; +0560
	.byte	0x00, 0x00, 0x00, 0x00, 0x63, 0x63, 0x6b, 0x6b, 0x7f, 0x77, 0x77, 0x22, 0x00, 0x00, 0x00, 0x00	; +0570
	.byte	0x00, 0x00, 0x00, 0x00, 0x63, 0x77, 0x3e, 0x1c, 0x1c, 0x3e, 0x77, 0x63, 0x00, 0x00, 0x00, 0x00	; +0580
	.byte	0x00, 0x00, 0x00, 0x00, 0x63, 0x63, 0x63, 0x63, 0x63, 0x63, 0x77, 0x3e, 0x1c, 0x38, 0x70, 0x00	; +0590
	.byte	0x00, 0x00, 0x00, 0x00, 0x7f, 0x7f, 0x06, 0x0c, 0x18, 0x30, 0x7f, 0x7f, 0x00, 0x00, 0x00, 0x00	; +05a0
	.byte	0x00, 0x00, 0x08, 0x10, 0x10, 0x10, 0x10, 0x20, 0x10, 0x10, 0x10, 0x10, 0x08, 0x00, 0x00, 0x00	; +05b0
	.byte	0x00, 0x00, 0x18, 0x18, 0x18, 0x18, 0x18, 0x18, 0x18, 0x18, 0x18, 0x18, 0x00, 0x00, 0x00, 0x00	; +05c0
	.byte	0x00, 0x00, 0x10, 0x08, 0x08, 0x08, 0x08, 0x04, 0x08, 0x08, 0x08, 0x08, 0x10, 0x00, 0x00, 0x00	; +05d0
	.byte	0x00, 0x00, 0x3b, 0x6e, 0x00, 0x00, 0x00, 0x00, 0x00, 0x00, 0x00, 0x00, 0x00, 0x00, 0x00, 0x00	; +05e0
	.byte	0x00, 0x02, 0x06, 0x0e, 0x1e, 0x3e, 0x7e, 0x7e, 0x3e, 0x1e, 0x0e, 0x06, 0x02, 0x00, 0x00, 0x00	; +05f0
	.byte	0x00, 0x40, 0x60, 0x70, 0x78, 0x7c, 0x7e, 0x7e, 0x7c, 0x78, 0x70, 0x60, 0x40, 0x00, 0x00, 0x00	; +0600
	.byte	0x00, 0x00, 0x00, 0x00, 0x00, 0xff, 0xff, 0x7e, 0x3c, 0x18, 0x00, 0x00, 0x00, 0x00, 0x00, 0x00	; +0610
	.byte	0x00, 0x00, 0x00, 0x00, 0x00, 0x00, 0x00, 0x00, 0x00, 0x00, 0x30, 0x30, 0x10, 0x20, 0x00, 0x00	; +0620
	.byte	0x00, 0x0e, 0x1e, 0x18, 0x18, 0x7e, 0x7e, 0x18, 0x30, 0x30, 0x30, 0x30, 0x70, 0x60, 0x60, 0x00	; +0630
	.byte	0x00, 0x00, 0x00, 0x00, 0x00, 0x00, 0x00, 0x00, 0x00, 0x00, 0x36, 0x36, 0x12, 0x24, 0x00, 0x00	; +0640
	.byte	0x00, 0x00, 0x00, 0x00, 0x00, 0x18, 0x3c, 0x7e, 0xff, 0xff, 0x00, 0x00, 0x00, 0x00, 0x00, 0x00	; +0650
	.byte	0x00, 0x02, 0x06, 0x0a, 0x12, 0x22, 0x42, 0x42, 0x22, 0x12, 0x0a, 0x06, 0x02, 0x00, 0x00, 0x00	; +0660
	.byte	0x00, 0x40, 0x60, 0x50, 0x48, 0x44, 0x42, 0x42, 0x44, 0x48, 0x50, 0x60, 0x40, 0x00, 0x00, 0x00	; +0670
	.byte	0x00, 0x00, 0x00, 0x00, 0x00, 0xff, 0x81, 0x42, 0x24, 0x18, 0x00, 0x00, 0x00, 0x00, 0x00, 0x00	; +0680
	.byte	0x00, 0x00, 0x00, 0x00, 0x00, 0x18, 0x24, 0x42, 0x81, 0xff, 0x00, 0x00, 0x00, 0x00, 0x00, 0x00	; +0690
	.byte	0x36, 0x1c, 0x3e, 0x7f, 0x63, 0x60, 0x7e, 0x3f, 0x03, 0x63, 0x7f, 0x3e, 0x00, 0x00, 0x00, 0x00	; +06a0
	.byte	0x00, 0x00, 0x00, 0x00, 0x00, 0x20, 0x60, 0xff, 0x60, 0x20, 0x00, 0x00, 0x00, 0x00, 0x00, 0x00	; +06b0
	.byte	0x00, 0x00, 0x37, 0x6f, 0x6c, 0x6c, 0x6f, 0x6f, 0x6c, 0x6c, 0x6f, 0x37, 0x00, 0x00, 0x00, 0x00	; +06c0
	.byte	0x00, 0x00, 0x00, 0x00, 0x00, 0x04, 0x06, 0xff, 0x06, 0x04, 0x00, 0x00, 0x00, 0x00, 0x00, 0x00	; +06d0
	.byte	0x00, 0x08, 0x08, 0x08, 0x08, 0x08, 0x08, 0x08, 0x08, 0x08, 0x3e, 0x1c, 0x08, 0x00, 0x00, 0x00	; +06e0
	.byte	0x00, 0x08, 0x1c, 0x3e, 0x08, 0x08, 0x08, 0x08, 0x08, 0x08, 0x08, 0x08, 0x08, 0x00, 0x00, 0x00	; +06f0
	.byte	0x00, 0x00, 0x00, 0x00, 0x10, 0x30, 0x5f, 0x81, 0x5f, 0x30, 0x10, 0x00, 0x00, 0x00, 0x00, 0x00	; +0700
	.byte	0x00, 0x00, 0x10, 0x20, 0x30, 0x30, 0x00, 0x00, 0x00, 0x00, 0x00, 0x00, 0x00, 0x00, 0x00, 0x00	; +0710
	.byte	0x00, 0x00, 0x30, 0x30, 0x10, 0x20, 0x00, 0x00, 0x00, 0x00, 0x00, 0x00, 0x00, 0x00, 0x00, 0x00	; +0720
	.byte	0x00, 0x00, 0x12, 0x24, 0x36, 0x36, 0x00, 0x00, 0x00, 0x00, 0x00, 0x00, 0x00, 0x00, 0x00, 0x00	; +0730
	.byte	0x00, 0x00, 0x36, 0x36, 0x12, 0x24, 0x00, 0x00, 0x00, 0x00, 0x00, 0x00, 0x00, 0x00, 0x00, 0x00	; +0740
	.byte	0x00, 0x00, 0x00, 0x00, 0x08, 0x0c, 0xfa, 0x81, 0xfa, 0x0c, 0x08, 0x00, 0x00, 0x00, 0x00, 0x00	; +0750
	.byte	0x00, 0x00, 0x00, 0x1c, 0x14, 0x14, 0x14, 0x77, 0x22, 0x14, 0x08, 0x00, 0x00, 0x00, 0x00, 0x00	; +0760
	.byte	0x00, 0x00, 0x00, 0x08, 0x14, 0x22, 0x77, 0x14, 0x14, 0x14, 0x1c, 0x00, 0x00, 0x00, 0x00, 0x00	; +0770
	.byte	0x00, 0x00, 0x00, 0x00, 0x00, 0xc3, 0xe7, 0x7e, 0x3c, 0x18, 0x00, 0x00, 0x00, 0x00, 0x00, 0x00	; +0780
	.byte	0x00, 0x00, 0xf1, 0x5b, 0x55, 0x51, 0x00, 0x00, 0x00, 0x00, 0x00, 0x00, 0x00, 0x00, 0x00, 0x00	; +0790
	.byte	0x00, 0x36, 0x1c, 0x00, 0x3f, 0x7f, 0x60, 0x7e, 0x3f, 0x03, 0x7f, 0x7e, 0x00, 0x00, 0x00, 0x00	; +07a0
	.byte	0x00, 0x00, 0x00, 0x00, 0x00, 0x18, 0x3c, 0x7e, 0xe7, 0xc3, 0x00, 0x00, 0x00, 0x00, 0x00, 0x00	; +07b0
	.byte	0x00, 0x00, 0x00, 0x00, 0x36, 0x6d, 0x6d, 0x6f, 0x6c, 0x6c, 0x6f, 0x36, 0x00, 0x00, 0x00, 0x00	; +07c0
	.byte	0x00, 0x00, 0x00, 0x00, 0x1c, 0x22, 0x41, 0x41, 0x41, 0x22, 0x1c, 0x00, 0x00, 0x00, 0x00, 0x00	; +07d0
	.byte	0x00, 0x00, 0x04, 0x14, 0x16, 0x1c, 0x34, 0x16, 0x1c, 0x34, 0x14, 0x10, 0x00, 0x00, 0x00, 0x00	; +07e0
	.byte	0x66, 0x66, 0x00, 0x66, 0x66, 0x66, 0x7e, 0x3c, 0x18, 0x18, 0x18, 0x18, 0x00, 0x00, 0x00, 0x00	; +07f0
	.byte	0x00, 0x00, 0x20, 0x20, 0x20, 0x28, 0x34, 0x24, 0x24, 0x28, 0x30, 0x20, 0x00, 0x00, 0x00, 0x00	; +0800
	.byte	0x00, 0x00, 0x00, 0x00, 0x00, 0x00, 0x3e, 0x6f, 0xc7, 0xe3, 0xf6, 0x7c, 0x00, 0x00, 0x00, 0x00	; +0810
	.byte	0x00, 0x01, 0x03, 0x02, 0x3e, 0x7f, 0x67, 0x68, 0x68, 0x73, 0x7f, 0x3e, 0x20, 0x60, 0x40, 0x00	; +0820
	.byte	0x00, 0x00, 0x1c, 0x3c, 0x30, 0x30, 0x7c, 0x7c, 0x30, 0x33, 0x7f, 0x7e, 0x00, 0x00, 0x00, 0x00	; +0830
	.byte	0x00, 0x00, 0x18, 0x98, 0x58, 0x24, 0x34, 0x4a, 0x5a, 0x99, 0xff, 0xff, 0x00, 0x00, 0x00, 0x00	; +0840
	.byte	0x00, 0x00, 0x66, 0x66, 0x24, 0x3c, 0x18, 0x7e, 0x18, 0x7e, 0x18, 0x18, 0x18, 0x00, 0x00, 0x00	; +0850
	.byte	0x08, 0x08, 0x08, 0x08, 0x08, 0x08, 0x08, 0x08, 0x78, 0x88, 0x88, 0x88, 0x70, 0x00, 0x00, 0x00	; +0860
	.byte	0x00, 0x00, 0x1c, 0x24, 0x20, 0x10, 0x28, 0x44, 0x42, 0x22, 0x14, 0x08, 0x04, 0x24, 0x38, 0x00	; +0870
	.byte	0x08, 0x08, 0x08, 0x08, 0x08, 0x08, 0x08, 0x08, 0x08, 0x7b, 0xfb, 0xf8, 0x70, 0x00, 0x00, 0x00	; +0880
	.byte	0x00, 0x00, 0x3e, 0x63, 0x5d, 0x55, 0x51, 0x51, 0x55, 0x5d, 0x63, 0x3e, 0x00, 0x00, 0x00, 0x00	; +0890
	.byte	0x08, 0x08, 0x08, 0x08, 0x08, 0x08, 0x08, 0x08, 0x08, 0x78, 0xf8, 0xf8, 0x70, 0x00, 0x00, 0x00	; +08a0
	.byte	0x08, 0x0c, 0x0e, 0x0f, 0x0b, 0x09, 0x09, 0x09, 0x0a, 0x78, 0xf8, 0xf8, 0x70, 0x00, 0x00, 0x00	; +08b0
	.byte	0x08, 0x0c, 0x0e, 0x0b, 0x0d, 0x0f, 0x0b, 0x09, 0x09, 0x7a, 0xf8, 0xf8, 0x70, 0x00, 0x00, 0x00	; +08c0
	.byte	0x08, 0x0c, 0x0e, 0x0b, 0x0d, 0x0f, 0x0b, 0x0d, 0x0f, 0x7b, 0xf9, 0xfa, 0x70, 0x00, 0x00, 0x00	; +08d0
	.byte	0x00, 0x00, 0x3e, 0x63, 0x5d, 0x55, 0x55, 0x5d, 0x59, 0x55, 0x63, 0x3e, 0x00, 0x00, 0x00, 0x00	; +08e0
	.byte	0x00, 0x00, 0x00, 0x00, 0x00, 0x00, 0x7e, 0x3c, 0x3c, 0x00, 0x00, 0x00, 0x00, 0x00, 0x00, 0x00	; +08f0
	.byte	0x00, 0x00, 0x00, 0x00, 0x00, 0x00, 0x00, 0x3c, 0x3c, 0x7e, 0x00, 0x00, 0x00, 0x00, 0x00, 0x00	; +0900
	.byte	0x00, 0x00, 0x18, 0x18, 0x7e, 0x7e, 0x18, 0x18, 0x00, 0x7e, 0x7e, 0x00, 0x00, 0x00, 0x00, 0x00	; +0910
	.byte	0x08, 0x04, 0x0e, 0x1f, 0x3e, 0x7c, 0x38, 0x18, 0x08, 0x3c, 0x7e, 0x70, 0x60, 0x20, 0x10, 0x00	; +0920
	.byte	0x00, 0x00, 0x00, 0x01, 0x33, 0x77, 0x3a, 0x02, 0x06, 0x04, 0x0c, 0x0c, 0x0c, 0x00, 0x00, 0x00	; +0930
	.byte	0x19, 0x3b, 0x1d, 0x03, 0x33, 0x76, 0x3a, 0x02, 0x06, 0x0c, 0x0c, 0x0c, 0x0c, 0x00, 0x00, 0x00	; +0940
	.byte	0x00, 0x00, 0x66, 0x66, 0x66, 0x66, 0x66, 0x66, 0x6e, 0x7e, 0x7f, 0x77, 0x60, 0x60, 0x60, 0x00	; +0950
	.byte	0x19, 0x3b, 0x1d, 0x03, 0x33, 0x76, 0x3a, 0x06, 0x64, 0xec, 0x7c, 0x08, 0x18, 0x18, 0x00, 0x00	; +0960
	.byte	0x00, 0x00, 0x00, 0x00, 0x00, 0x00, 0x18, 0x18, 0x00, 0x00, 0x00, 0x00, 0x00, 0x00, 0x00, 0x00	; +0970
	.byte	0x00, 0x00, 0x00, 0x00, 0x00, 0x00, 0x3c, 0x66, 0x06, 0x1c, 0x06, 0x66, 0x3c, 0x00, 0x00, 0x00	; +0980
	.byte	0x00, 0x00, 0x00, 0x1c, 0x3e, 0x73, 0x61, 0x61, 0x73, 0x3e, 0x1c, 0x00, 0x00, 0x00, 0x00, 0x00	; +0990
	.byte	0x00, 0x00, 0x00, 0x38, 0x7c, 0xce, 0x86, 0x86, 0xce, 0x7c, 0x38, 0x00, 0x00, 0x00, 0x00, 0x00	; +09a0
	.byte	0x00, 0x00, 0x06, 0x0e, 0x0e, 0x06, 0x76, 0x76, 0x06, 0x06, 0x0f, 0x0f, 0x00, 0x00, 0x00, 0x00	; +09b0
	.byte	0x00, 0x00, 0x1e, 0x3f, 0x33, 0x03, 0xe7, 0xee, 0x1c, 0x38, 0x3f, 0x3f, 0x00, 0x00, 0x00, 0x00	; +09c0
	.byte	0x00, 0x00, 0x01, 0x03, 0x03, 0x07, 0x7f, 0x1f, 0x0f, 0x0f, 0x1e, 0x1c, 0x30, 0x00, 0x00, 0x00	; +09d0
	.byte	0x00, 0x00, 0x00, 0x80, 0x80, 0xc0, 0xfc, 0xf0, 0xe0, 0xe0, 0xf0, 0x70, 0x18, 0x00, 0x00, 0x00	; +09e0
	.byte	0x00, 0x00, 0x00, 0x00, 0x0c, 0x0c, 0x00, 0x0c, 0x0c, 0x3c, 0x78, 0x60, 0x63, 0x7f, 0x3e, 0x00	; +09f0
	.byte	0x7f, 0x41, 0x41, 0x41, 0x41, 0x41, 0x41, 0x41, 0x41, 0x41, 0x41, 0x7f, 0x00, 0x00, 0x00, 0x00	; +0a00
	.byte	0x7f, 0x41, 0x41, 0x41, 0x41, 0x41, 0x41, 0x41, 0x41, 0x41, 0x41, 0x7f, 0x00, 0x00, 0x00, 0x00	; +0a10
	.byte	0x7f, 0x41, 0x41, 0x41, 0x41, 0x41, 0x41, 0x41, 0x41, 0x41, 0x41, 0x7f, 0x00, 0x00, 0x00, 0x00	; +0a20
	.byte	0x7f, 0x41, 0x41, 0x41, 0x41, 0x41, 0x41, 0x41, 0x41, 0x41, 0x41, 0x7f, 0x00, 0x00, 0x00, 0x00	; +0a30
	.byte	0x7f, 0x41, 0x41, 0x41, 0x41, 0x41, 0x41, 0x41, 0x41, 0x41, 0x41, 0x7f, 0x00, 0x00, 0x00, 0x00	; +0a40
	.byte	0x7f, 0x41, 0x41, 0x41, 0x41, 0x41, 0x41, 0x41, 0x41, 0x41, 0x41, 0x7f, 0x00, 0x00, 0x00, 0x00	; +0a50
	.byte	0x7f, 0x41, 0x41, 0x41, 0x41, 0x41, 0x41, 0x41, 0x41, 0x41, 0x41, 0x7f, 0x00, 0x00, 0x00, 0x00	; +0a60
	.byte	0x7f, 0x41, 0x41, 0x41, 0x41, 0x41, 0x41, 0x41, 0x41, 0x41, 0x41, 0x7f, 0x00, 0x00, 0x00, 0x00	; +0a70
	.byte	0x7f, 0x41, 0x41, 0x41, 0x41, 0x41, 0x41, 0x41, 0x41, 0x41, 0x41, 0x7f, 0x00, 0x00, 0x00, 0x00	; +0a80
	.byte	0x7f, 0x41, 0x41, 0x41, 0x41, 0x41, 0x41, 0x41, 0x41, 0x41, 0x41, 0x7f, 0x00, 0x00, 0x00, 0x00	; +0a90
	.byte	0x7f, 0x41, 0x41, 0x41, 0x41, 0x41, 0x41, 0x41, 0x41, 0x41, 0x41, 0x7f, 0x00, 0x00, 0x00, 0x00	; +0aa0
	.byte	0x7f, 0x41, 0x41, 0x41, 0x41, 0x41, 0x41, 0x41, 0x41, 0x41, 0x41, 0x7f, 0x00, 0x00, 0x00, 0x00	; +0ab0
	.byte	0x7f, 0x41, 0x41, 0x41, 0x41, 0x41, 0x41, 0x41, 0x41, 0x41, 0x41, 0x7f, 0x00, 0x00, 0x00, 0x00	; +0ac0
	.byte	0x7f, 0x41, 0x41, 0x41, 0x41, 0x41, 0x41, 0x41, 0x41, 0x41, 0x41, 0x7f, 0x00, 0x00, 0x00, 0x00	; +0ad0
	.byte	0x7f, 0x41, 0x41, 0x41, 0x41, 0x41, 0x41, 0x41, 0x41, 0x41, 0x41, 0x7f, 0x00, 0x00, 0x00, 0x00	; +0ae0
	.byte	0x7f, 0x41, 0x41, 0x41, 0x41, 0x41, 0x41, 0x41, 0x41, 0x41, 0x41, 0x7f, 0x00, 0x00, 0x00, 0x00	; +0af0
	.byte	0x7f, 0x41, 0x41, 0x41, 0x41, 0x41, 0x41, 0x41, 0x41, 0x41, 0x41, 0x7f, 0x00, 0x00, 0x00, 0x00	; +0b00
	.byte	0x7f, 0x41, 0x41, 0x41, 0x41, 0x41, 0x41, 0x41, 0x41, 0x41, 0x41, 0x7f, 0x00, 0x00, 0x00, 0x00	; +0b10
	.byte	0x7f, 0x41, 0x41, 0x41, 0x41, 0x41, 0x41, 0x41, 0x41, 0x41, 0x41, 0x7f, 0x00, 0x00, 0x00, 0x00	; +0b20
	.byte	0x7f, 0x41, 0x41, 0x41, 0x41, 0x41, 0x41, 0x41, 0x41, 0x41, 0x41, 0x7f, 0x00, 0x00, 0x00, 0x00	; +0b30
	.byte	0x7f, 0x41, 0x41, 0x41, 0x41, 0x41, 0x41, 0x41, 0x41, 0x41, 0x41, 0x7f, 0x00, 0x00, 0x00, 0x00	; +0b40
	.byte	0x7f, 0x41, 0x41, 0x41, 0x41, 0x41, 0x41, 0x41, 0x41, 0x41, 0x41, 0x7f, 0x00, 0x00, 0x00, 0x00	; +0b50
	.byte	0x7f, 0x41, 0x41, 0x41, 0x41, 0x41, 0x41, 0x41, 0x41, 0x41, 0x41, 0x7f, 0x00, 0x00, 0x00, 0x00	; +0b60
	.byte	0x00, 0x00, 0x00, 0x00, 0x41, 0x22, 0x14, 0x08, 0x14, 0x22, 0x41, 0x00, 0x00, 0x00, 0x00, 0x00	; +0b70
	.byte	0x7f, 0x41, 0x41, 0x41, 0x41, 0x41, 0x41, 0x41, 0x41, 0x41, 0x41, 0x7f, 0x00, 0x00, 0x00, 0x00	; +0b80
	.byte	0x7f, 0x41, 0x41, 0x41, 0x41, 0x41, 0x41, 0x41, 0x41, 0x41, 0x41, 0x7f, 0x00, 0x00, 0x00, 0x00	; +0b90
	.byte	0x7f, 0x41, 0x41, 0x41, 0x41, 0x41, 0x41, 0x41, 0x41, 0x41, 0x41, 0x7f, 0x00, 0x00, 0x00, 0x00	; +0ba0
	.byte	0x7f, 0x41, 0x41, 0x41, 0x41, 0x41, 0x41, 0x41, 0x41, 0x41, 0x41, 0x7f, 0x00, 0x00, 0x00, 0x00	; +0bb0
	.byte	0x7f, 0x41, 0x41, 0x41, 0x41, 0x41, 0x41, 0x41, 0x41, 0x41, 0x41, 0x7f, 0x00, 0x00, 0x00, 0x00	; +0bc0
	.byte	0x7f, 0x41, 0x41, 0x41, 0x41, 0x41, 0x41, 0x41, 0x41, 0x41, 0x41, 0x7f, 0x00, 0x00, 0x00, 0x00	; +0bd0
	.byte	0x7f, 0x41, 0x41, 0x41, 0x41, 0x41, 0x41, 0x41, 0x41, 0x41, 0x41, 0x7f, 0x00, 0x00, 0x00, 0x00	; +0be0
	.byte	0x7f, 0x41, 0x41, 0x41, 0x41, 0x41, 0x41, 0x41, 0x41, 0x41, 0x41, 0x7f, 0x00, 0x00, 0x00, 0x00	; +0bf0
	.byte	0x7f, 0x41, 0x41, 0x41, 0x41, 0x41, 0x41, 0x41, 0x41, 0x41, 0x41, 0x7f, 0x00, 0x00, 0x00, 0x00	; +0c00
	.byte	0x7f, 0x41, 0x41, 0x41, 0x41, 0x41, 0x41, 0x41, 0x41, 0x41, 0x41, 0x7f, 0x00, 0x00, 0x00, 0x00	; +0c10
	.byte	0x7f, 0x41, 0x41, 0x41, 0x41, 0x41, 0x41, 0x41, 0x41, 0x41, 0x41, 0x7f, 0x00, 0x00, 0x00, 0x00	; +0c20
	.byte	0x7f, 0x41, 0x41, 0x41, 0x41, 0x41, 0x41, 0x41, 0x41, 0x41, 0x41, 0x7f, 0x00, 0x00, 0x00, 0x00	; +0c30
	.byte	0x7f, 0x41, 0x41, 0x41, 0x41, 0x41, 0x41, 0x41, 0x41, 0x41, 0x41, 0x7f, 0x00, 0x00, 0x00, 0x00	; +0c40
	.byte	0x7f, 0x41, 0x41, 0x41, 0x41, 0x41, 0x41, 0x41, 0x41, 0x41, 0x41, 0x7f, 0x00, 0x00, 0x00, 0x00	; +0c50
	.byte	0x7f, 0x41, 0x41, 0x41, 0x41, 0x41, 0x41, 0x41, 0x41, 0x41, 0x41, 0x7f, 0x00, 0x00, 0x00, 0x00	; +0c60
	.byte	0x7f, 0x41, 0x41, 0x41, 0x41, 0x41, 0x41, 0x41, 0x41, 0x41, 0x41, 0x7f, 0x00, 0x00, 0x00, 0x00	; +0c70
	.byte	0x7f, 0x41, 0x41, 0x41, 0x41, 0x41, 0x41, 0x41, 0x41, 0x41, 0x41, 0x7f, 0x00, 0x00, 0x00, 0x00	; +0c80
	.byte	0x7f, 0x41, 0x41, 0x41, 0x41, 0x41, 0x41, 0x41, 0x41, 0x41, 0x41, 0x7f, 0x00, 0x00, 0x00, 0x00	; +0c90
	.byte	0x7f, 0x41, 0x41, 0x41, 0x41, 0x41, 0x41, 0x41, 0x41, 0x41, 0x41, 0x7f, 0x00, 0x00, 0x00, 0x00	; +0ca0
	.byte	0x7f, 0x41, 0x41, 0x41, 0x41, 0x41, 0x41, 0x41, 0x41, 0x41, 0x41, 0x7f, 0x00, 0x00, 0x00, 0x00	; +0cb0
	.byte	0x7f, 0x41, 0x41, 0x41, 0x41, 0x41, 0x41, 0x41, 0x41, 0x41, 0x41, 0x7f, 0x00, 0x00, 0x00, 0x00	; +0cc0
	.byte	0x7f, 0x41, 0x41, 0x41, 0x41, 0x41, 0x41, 0x41, 0x41, 0x41, 0x41, 0x7f, 0x00, 0x00, 0x00, 0x00	; +0cd0
	.byte	0x7f, 0x41, 0x41, 0x41, 0x41, 0x41, 0x41, 0x41, 0x41, 0x41, 0x41, 0x7f, 0x00, 0x00, 0x00, 0x00	; +0ce0
	.byte	0x7f, 0x41, 0x41, 0x41, 0x41, 0x41, 0x41, 0x41, 0x41, 0x41, 0x41, 0x7f, 0x00, 0x00, 0x00, 0x00	; +0cf0
	.byte	0x7f, 0x41, 0x41, 0x41, 0x41, 0x41, 0x41, 0x41, 0x41, 0x41, 0x41, 0x7f, 0x00, 0x00, 0x00, 0x00	; +0d00
	.byte	0x7f, 0x41, 0x41, 0x41, 0x41, 0x41, 0x41, 0x41, 0x41, 0x41, 0x41, 0x7f, 0x00, 0x00, 0x00, 0x00	; +0d10
	.byte	0x7f, 0x41, 0x41, 0x41, 0x41, 0x41, 0x41, 0x41, 0x41, 0x41, 0x41, 0x7f, 0x00, 0x00, 0x00, 0x00	; +0d20
	.byte	0x7f, 0x41, 0x41, 0x41, 0x41, 0x41, 0x41, 0x41, 0x41, 0x41, 0x41, 0x7f, 0x00, 0x00, 0x00, 0x00	; +0d30
	.byte	0x7f, 0x41, 0x41, 0x41, 0x41, 0x41, 0x41, 0x41, 0x41, 0x41, 0x41, 0x7f, 0x00, 0x00, 0x00, 0x00	; +0d40
	.byte	0x7f, 0x41, 0x41, 0x41, 0x41, 0x41, 0x41, 0x41, 0x41, 0x41, 0x41, 0x7f, 0x00, 0x00, 0x00, 0x00	; +0d50
	.byte	0x7f, 0x41, 0x41, 0x41, 0x41, 0x41, 0x41, 0x41, 0x41, 0x41, 0x41, 0x7f, 0x00, 0x00, 0x00, 0x00	; +0d60
	.byte	0x00, 0x00, 0x00, 0x18, 0x18, 0x00, 0x7e, 0x7e, 0x00, 0x18, 0x18, 0x00, 0x00, 0x00, 0x00, 0x00	; +0d70
	.byte	0x7f, 0x41, 0x41, 0x41, 0x41, 0x41, 0x41, 0x41, 0x41, 0x41, 0x41, 0x7f, 0x00, 0x00, 0x00, 0x00	; +0d80
	.byte	0x7f, 0x41, 0x41, 0x41, 0x41, 0x41, 0x41, 0x41, 0x41, 0x41, 0x41, 0x7f, 0x00, 0x00, 0x00, 0x00	; +0d90
	.byte	0x7f, 0x41, 0x41, 0x41, 0x41, 0x41, 0x41, 0x41, 0x41, 0x41, 0x41, 0x7f, 0x00, 0x00, 0x00, 0x00	; +0da0
	.byte	0x7f, 0x41, 0x41, 0x41, 0x41, 0x41, 0x41, 0x41, 0x41, 0x41, 0x41, 0x7f, 0x00, 0x00, 0x00, 0x00	; +0db0
	.byte	0x7f, 0x41, 0x41, 0x41, 0x41, 0x41, 0x41, 0x41, 0x41, 0x41, 0x41, 0x7f, 0x00, 0x00, 0x00, 0x00	; +0dc0
	.byte	0x7f, 0x41, 0x41, 0x41, 0x41, 0x41, 0x41, 0x41, 0x41, 0x41, 0x41, 0x7f, 0x00, 0x00, 0x00, 0x00	; +0dd0
	.byte	0x7f, 0x41, 0x41, 0x41, 0x41, 0x41, 0x41, 0x41, 0x41, 0x41, 0x41, 0x7f, 0x00, 0x00, 0x00, 0x00	; +0de0
	.byte	0x7f, 0x41, 0x41, 0x41, 0x41, 0x41, 0x41, 0x41, 0x41, 0x41, 0x41, 0x7f, 0x00, 0x00, 0x00, 0x00	; +0df0
Font1_Glyphs:	; 224 x 16 B (8x16)
	.byte	0x00, 0x00, 0x00, 0x00, 0x00, 0x00, 0x00, 0x00, 0x00, 0x00, 0x00, 0x00, 0x00, 0x00, 0x00, 0x00	; +0000
	.byte	0x18, 0x18, 0x18, 0x18, 0x18, 0x18, 0x18, 0x18, 0x00, 0x00, 0x18, 0x18, 0x00, 0x00, 0x00, 0x00	; +0010
	.byte	0x36, 0x36, 0x12, 0x00, 0x00, 0x00, 0x00, 0x00, 0x00, 0x00, 0x00, 0x00, 0x00, 0x00, 0x00, 0x00	; +0020
	.byte	0x36, 0x36, 0x7f, 0x7f, 0x36, 0x36, 0x36, 0x36, 0x7f, 0x7f, 0x36, 0x36, 0x00, 0x00, 0x00, 0x00	; +0030
	.byte	0x3e, 0x7f, 0x6b, 0x68, 0x68, 0x7e, 0x3f, 0x0b, 0x0b, 0x6b, 0x7f, 0x3e, 0x00, 0x00, 0x00, 0x00	; +0040
	.byte	0x63, 0x93, 0x96, 0x64, 0x0c, 0x18, 0x18, 0x30, 0x26, 0x69, 0xc9, 0xc6, 0x00, 0x00, 0x00, 0x00	; +0050
	.byte	0x1c, 0x3e, 0x36, 0x36, 0x3e, 0x1c, 0x3d, 0x6f, 0x67, 0x66, 0x7f, 0x3b, 0x00, 0x00, 0x00, 0x00	; +0060
	.byte	0x30, 0x30, 0x10, 0x00, 0x00, 0x00, 0x00, 0x00, 0x00, 0x00, 0x00, 0x00, 0x00, 0x00, 0x00, 0x00	; +0070
	.byte	0x08, 0x10, 0x20, 0x20, 0x40, 0x40, 0x40, 0x40, 0x20, 0x20, 0x10, 0x08, 0x00, 0x00, 0x00, 0x00	; +0080
	.byte	0x10, 0x08, 0x04, 0x04, 0x02, 0x02, 0x02, 0x02, 0x04, 0x04, 0x08, 0x10, 0x00, 0x00, 0x00, 0x00	; +0090
	.byte	0x00, 0x00, 0x08, 0x49, 0x2a, 0x1c, 0x08, 0x1c, 0x2a, 0x49, 0x08, 0x00, 0x00, 0x00, 0x00, 0x00	; +00a0
	.byte	0x00, 0x00, 0x00, 0x18, 0x18, 0x7e, 0x7e, 0x18, 0x18, 0x00, 0x00, 0x00, 0x00, 0x00, 0x00, 0x00	; +00b0
	.byte	0x00, 0x00, 0x00, 0x00, 0x00, 0x00, 0x00, 0x00, 0x00, 0x00, 0x30, 0x30, 0x10, 0x20, 0x00, 0x00	; +00c0
	.byte	0x00, 0x00, 0x00, 0x00, 0x00, 0x7f, 0x7f, 0x00, 0x00, 0x00, 0x00, 0x00, 0x00, 0x00, 0x00, 0x00	; +00d0
	.byte	0x00, 0x00, 0x00, 0x00, 0x00, 0x00, 0x00, 0x00, 0x00, 0x00, 0x30, 0x30, 0x00, 0x00, 0x00, 0x00	; +00e0
	.byte	0x02, 0x02, 0x04, 0x04, 0x08, 0x08, 0x10, 0x10, 0x20, 0x20, 0x40, 0x40, 0x00, 0x00, 0x00, 0x00	; +00f0
	.byte	0x3e, 0x7f, 0x63, 0x63, 0x63, 0x63, 0x63, 0x63, 0x63, 0x63, 0x7f, 0x3e, 0x00, 0x00, 0x00, 0x00	; +0100
	.byte	0x18, 0x38, 0x38, 0x18, 0x18, 0x18, 0x18, 0x18, 0x18, 0x18, 0x3c, 0x3c, 0x00, 0x00, 0x00, 0x00	; +0110
	.byte	0x3e, 0x7f, 0x63, 0x63, 0x03, 0x07, 0x0e, 0x1c, 0x38, 0x70, 0x7f, 0x7f, 0x00, 0x00, 0x00, 0x00	; +0120
	.byte	0x3e, 0x7f, 0x63, 0x63, 0x03, 0x1e, 0x1e, 0x03, 0x03, 0x63, 0x7f, 0x3e, 0x00, 0x00, 0x00, 0x00	; +0130
	.byte	0x06, 0x0e, 0x0e, 0x1e, 0x1e, 0x36, 0x36, 0x66, 0x7f, 0x7f, 0x06, 0x06, 0x00, 0x00, 0x00, 0x00	; +0140
	.byte	0x7f, 0x7f, 0x60, 0x60, 0x60, 0x7e, 0x7f, 0x03, 0x03, 0x63, 0x7f, 0x3e, 0x00, 0x00, 0x00, 0x00	; +0150
	.byte	0x3e, 0x7f, 0x63, 0x60, 0x60, 0x7e, 0x7f, 0x63, 0x63, 0x63, 0x7f, 0x3e, 0x00, 0x00, 0x00, 0x00	; +0160
	.byte	0x7f, 0x7f, 0x03, 0x03, 0x06, 0x06, 0x0c, 0x0c, 0x18, 0x18, 0x18, 0x18, 0x00, 0x00, 0x00, 0x00	; +0170
	.byte	0x3e, 0x7f, 0x63, 0x63, 0x63, 0x3e, 0x3e, 0x63, 0x63, 0x63, 0x7f, 0x3e, 0x00, 0x00, 0x00, 0x00	; +0180
	.byte	0x3e, 0x7f, 0x63, 0x63, 0x63, 0x7f, 0x3f, 0x03, 0x03, 0x63, 0x7f, 0x3e, 0x00, 0x00, 0x00, 0x00	; +0190
	.byte	0x00, 0x00, 0x18, 0x18, 0x00, 0x00, 0x00, 0x18, 0x18, 0x00, 0x00, 0x00, 0x00, 0x00, 0x00, 0x00	; +01a0
	.byte	0x00, 0x00, 0x18, 0x18, 0x00, 0x00, 0x00, 0x18, 0x18, 0x08, 0x10, 0x00, 0x00, 0x00, 0x00, 0x00	; +01b0
	.byte	0x02, 0x06, 0x0c, 0x18, 0x30, 0x60, 0x60, 0x30, 0x18, 0x0c, 0x06, 0x02, 0x00, 0x00, 0x00, 0x00	; +01c0
	.byte	0x00, 0x00, 0x00, 0x7f, 0x7f, 0x00, 0x00, 0x7f, 0x7f, 0x00, 0x00, 0x00, 0x00, 0x00, 0x00, 0x00	; +01d0
	.byte	0x40, 0x60, 0x30, 0x18, 0x0c, 0x06, 0x06, 0x0c, 0x18, 0x30, 0x60, 0x40, 0x00, 0x00, 0x00, 0x00	; +01e0
	.byte	0x3e, 0x7f, 0x63, 0x63, 0x03, 0x07, 0x0e, 0x1c, 0x18, 0x00, 0x18, 0x18, 0x00, 0x00, 0x00, 0x00	; +01f0
	.byte	0x3e, 0x63, 0x41, 0x5d, 0x65, 0x65, 0x65, 0x65, 0x65, 0x65, 0x5e, 0x40, 0x3e, 0x00, 0x00, 0x00	; +0200
	.byte	0x1c, 0x3e, 0x77, 0x63, 0x63, 0x63, 0x7f, 0x7f, 0x63, 0x63, 0x63, 0x63, 0x00, 0x00, 0x00, 0x00	; +0210
	.byte	0x7e, 0x7f, 0x63, 0x63, 0x63, 0x7e, 0x7e, 0x63, 0x63, 0x63, 0x7f, 0x7e, 0x00, 0x00, 0x00, 0x00	; +0220
	.byte	0x3e, 0x7f, 0x63, 0x63, 0x60, 0x60, 0x60, 0x60, 0x63, 0x63, 0x7f, 0x3e, 0x00, 0x00, 0x00, 0x00	; +0230
	.byte	0x7c, 0x7e, 0x67, 0x63, 0x63, 0x63, 0x63, 0x63, 0x63, 0x67, 0x7e, 0x7c, 0x00, 0x00, 0x00, 0x00	; +0240
	.byte	0x7f, 0x7f, 0x60, 0x60, 0x60, 0x7e, 0x7e, 0x60, 0x60, 0x60, 0x7f, 0x7f, 0x00, 0x00, 0x00, 0x00	; +0250
	.byte	0x7f, 0x7f, 0x60, 0x60, 0x60, 0x7e, 0x7e, 0x60, 0x60, 0x60, 0x60, 0x60, 0x00, 0x00, 0x00, 0x00	; +0260
	.byte	0x3e, 0x7f, 0x63, 0x60, 0x60, 0x6f, 0x6f, 0x63, 0x63, 0x63, 0x7f, 0x3f, 0x00, 0x00, 0x00, 0x00	; +0270
	.byte	0x63, 0x63, 0x63, 0x63, 0x63, 0x7f, 0x7f, 0x63, 0x63, 0x63, 0x63, 0x63, 0x00, 0x00, 0x00, 0x00	; +0280
	.byte	0x1e, 0x1e, 0x0c, 0x0c, 0x0c, 0x0c, 0x0c, 0x0c, 0x0c, 0x0c, 0x1e, 0x1e, 0x00, 0x00, 0x00, 0x00	; +0290
	.byte	0x07, 0x07, 0x03, 0x03, 0x03, 0x03, 0x03, 0x03, 0x63, 0x63, 0x7f, 0x3e, 0x00, 0x00, 0x00, 0x00	; +02a0
	.byte	0x63, 0x67, 0x6e, 0x7c, 0x78, 0x70, 0x70, 0x78, 0x7c, 0x6e, 0x67, 0x63, 0x00, 0x00, 0x00, 0x00	; +02b0
	.byte	0x60, 0x60, 0x60, 0x60, 0x60, 0x60, 0x60, 0x60, 0x60, 0x60, 0x7f, 0x7f, 0x00, 0x00, 0x00, 0x00	; +02c0
	.byte	0x63, 0x77, 0x77, 0x7f, 0x7f, 0x7f, 0x6b, 0x6b, 0x63, 0x63, 0x63, 0x63, 0x00, 0x00, 0x00, 0x00	; +02d0
	.byte	0x63, 0x63, 0x73, 0x73, 0x7b, 0x7b, 0x6f, 0x6f, 0x67, 0x67, 0x63, 0x63, 0x00, 0x00, 0x00, 0x00	; +02e0
	.byte	0x3e, 0x7f, 0x63, 0x63, 0x63, 0x63, 0x63, 0x63, 0x63, 0x63, 0x7f, 0x3e, 0x00, 0x00, 0x00, 0x00	; +02f0
	.byte	0x7e, 0x7f, 0x63, 0x63, 0x63, 0x7f, 0x7e, 0x60, 0x60, 0x60, 0x60, 0x60, 0x00, 0x00, 0x00, 0x00	; +0300
	.byte	0x3e, 0x7f, 0x63, 0x63, 0x63, 0x63, 0x63, 0x63, 0x6f, 0x67, 0x7e, 0x3b, 0x00, 0x00, 0x00, 0x00	; +0310
	.byte	0x7e, 0x7f, 0x63, 0x63, 0x63, 0x7f, 0x7e, 0x78, 0x7c, 0x6e, 0x67, 0x63, 0x00, 0x00, 0x00, 0x00	; +0320
	.byte	0x3e, 0x7f, 0x63, 0x60, 0x60, 0x7e, 0x3f, 0x03, 0x03, 0x63, 0x7f, 0x3e, 0x00, 0x00, 0x00, 0x00	; +0330
	.byte	0x7e, 0x7e, 0x18, 0x18, 0x18, 0x18, 0x18, 0x18, 0x18, 0x18, 0x18, 0x18, 0x00, 0x00, 0x00, 0x00	; +0340
	.byte	0x63, 0x63, 0x63, 0x63, 0x63, 0x63, 0x63, 0x63, 0x63, 0x63, 0x7f, 0x3e, 0x00, 0x00, 0x00, 0x00	; +0350
	.byte	0x63, 0x63, 0x63, 0x63, 0x63, 0x63, 0x63, 0x63, 0x77, 0x3e, 0x1c, 0x08, 0x00, 0x00, 0x00, 0x00	; +0360
	.byte	0x63, 0x63, 0x63, 0x63, 0x6b, 0x6b, 0x6b, 0x7f, 0x7f, 0x77, 0x77, 0x22, 0x00, 0x00, 0x00, 0x00	; +0370
	.byte	0x63, 0x63, 0x77, 0x36, 0x3e, 0x1c, 0x1c, 0x3e, 0x36, 0x77, 0x63, 0x63, 0x00, 0x00, 0x00, 0x00	; +0380
	.byte	0x66, 0x66, 0x66, 0x66, 0x66, 0x7e, 0x3c, 0x18, 0x18, 0x18, 0x18, 0x18, 0x00, 0x00, 0x00, 0x00	; +0390
	.byte	0x7f, 0x7f, 0x03, 0x07, 0x0f, 0x1e, 0x3c, 0x78, 0x70, 0x60, 0x7f, 0x7f, 0x00, 0x00, 0x00, 0x00	; +03a0
	.byte	0x7c, 0x7c, 0x60, 0x60, 0x60, 0x60, 0x60, 0x60, 0x60, 0x60, 0x7c, 0x7c, 0x00, 0x00, 0x00, 0x00	; +03b0
	.byte	0x40, 0x40, 0x20, 0x20, 0x10, 0x10, 0x08, 0x08, 0x04, 0x04, 0x02, 0x02, 0x00, 0x00, 0x00, 0x00	; +03c0
	.byte	0x3e, 0x3e, 0x06, 0x06, 0x06, 0x06, 0x06, 0x06, 0x06, 0x06, 0x3e, 0x3e, 0x00, 0x00, 0x00, 0x00	; +03d0
	.byte	0x0c, 0x1e, 0x3f, 0x33, 0x00, 0x00, 0x00, 0x00, 0x00, 0x00, 0x00, 0x00, 0x00, 0x00, 0x00, 0x00	; +03e0
	.byte	0x00, 0x00, 0x00, 0x00, 0x00, 0x00, 0x00, 0x00, 0x00, 0x00, 0x7f, 0x7f, 0x00, 0x00, 0x00, 0x00	; +03f0
	.byte	0x30, 0x30, 0x20, 0x10, 0x00, 0x00, 0x00, 0x00, 0x00, 0x00, 0x00, 0x00, 0x00, 0x00, 0x00, 0x00	; +0400
	.byte	0x00, 0x00, 0x00, 0x3e, 0x3f, 0x03, 0x3f, 0x7f, 0x63, 0x63, 0x7f, 0x3f, 0x00, 0x00, 0x00, 0x00	; +0410
	.byte	0x60, 0x60, 0x60, 0x7e, 0x7f, 0x63, 0x63, 0x63, 0x63, 0x63, 0x7f, 0x7e, 0x00, 0x00, 0x00, 0x00	; +0420
	.byte	0x00, 0x00, 0x00, 0x3e, 0x7f, 0x63, 0x63, 0x60, 0x60, 0x63, 0x7f, 0x3e, 0x00, 0x00, 0x00, 0x00	; +0430
	.byte	0x03, 0x03, 0x03, 0x3f, 0x7f, 0x63, 0x63, 0x63, 0x63, 0x63, 0x7f, 0x3f, 0x00, 0x00, 0x00, 0x00	; +0440
	.byte	0x00, 0x00, 0x00, 0x3e, 0x7f, 0x63, 0x63, 0x7f, 0x7f, 0x60, 0x7e, 0x3e, 0x00, 0x00, 0x00, 0x00	; +0450
	.byte	0x0e, 0x1f, 0x1b, 0x18, 0x7e, 0x7e, 0x18, 0x18, 0x18, 0x18, 0x18, 0x18, 0x00, 0x00, 0x00, 0x00	; +0460
	.byte	0x00, 0x00, 0x00, 0x3f, 0x7f, 0x63, 0x63, 0x63, 0x63, 0x63, 0x7f, 0x3f, 0x03, 0x3f, 0x3e, 0x00	; +0470
	.byte	0x60, 0x60, 0x60, 0x7e, 0x7f, 0x63, 0x63, 0x63, 0x63, 0x63, 0x63, 0x63, 0x00, 0x00, 0x00, 0x00	; +0480
	.byte	0x0c, 0x0c, 0x00, 0x0c, 0x0c, 0x0c, 0x0c, 0x0c, 0x0c, 0x0c, 0x0c, 0x0c, 0x00, 0x00, 0x00, 0x00	; +0490
	.byte	0x06, 0x06, 0x00, 0x0e, 0x0e, 0x06, 0x06, 0x06, 0x06, 0x06, 0x06, 0x66, 0x66, 0x7e, 0x3c, 0x00	; +04a0
	.byte	0x60, 0x60, 0x60, 0x63, 0x67, 0x6e, 0x7c, 0x78, 0x78, 0x7c, 0x6e, 0x67, 0x00, 0x00, 0x00, 0x00	; +04b0
	.byte	0x0c, 0x0c, 0x0c, 0x0c, 0x0c, 0x0c, 0x0c, 0x0c, 0x0c, 0x0c, 0x0e, 0x06, 0x00, 0x00, 0x00, 0x00	; +04c0
	.byte	0x00, 0x00, 0x00, 0x7e, 0x7f, 0x6b, 0x6b, 0x6b, 0x6b, 0x6b, 0x6b, 0x6b, 0x00, 0x00, 0x00, 0x00	; +04d0
	.byte	0x00, 0x00, 0x00, 0x7e, 0x7f, 0x63, 0x63, 0x63, 0x63, 0x63, 0x63, 0x63, 0x00, 0x00, 0x00, 0x00	; +04e0
	.byte	0x00, 0x00, 0x00, 0x3e, 0x7f, 0x63, 0x63, 0x63, 0x63, 0x63, 0x7f, 0x3e, 0x00, 0x00, 0x00, 0x00	; +04f0
	.byte	0x00, 0x00, 0x00, 0x7e, 0x7f, 0x63, 0x63, 0x63, 0x63, 0x63, 0x7f, 0x7e, 0x60, 0x60, 0x60, 0x00	; +0500
	.byte	0x00, 0x00, 0x00, 0x3f, 0x7f, 0x63, 0x63, 0x63, 0x63, 0x63, 0x7f, 0x3f, 0x03, 0x03, 0x03, 0x00	; +0510
	.byte	0x00, 0x00, 0x00, 0x6e, 0x7f, 0x73, 0x60, 0x60, 0x60, 0x60, 0x60, 0x60, 0x00, 0x00, 0x00, 0x00	; +0520
	.byte	0x00, 0x00, 0x00, 0x3f, 0x7f, 0x60, 0x7e, 0x3f, 0x03, 0x03, 0x7f, 0x7e, 0x00, 0x00, 0x00, 0x00	; +0530
	.byte	0x00, 0x18, 0x18, 0x7e, 0x7e, 0x18, 0x18, 0x18, 0x18, 0x18, 0x1c, 0x0c, 0x00, 0x00, 0x00, 0x00	; +0540
	.byte	0x00, 0x00, 0x00, 0x63, 0x63, 0x63, 0x63, 0x63, 0x63, 0x63, 0x7f, 0x3f, 0x00, 0x00, 0x00, 0x00	; +0550
	.byte	0x00, 0x00, 0x00, 0x63, 0x63, 0x63, 0x63, 0x63, 0x77, 0x3e, 0x1c, 0x08, 0x00, 0x00, 0x00, 0x00	; +0560
	.byte	0x00, 0x00, 0x00, 0x63, 0x63, 0x63, 0x6b, 0x6b, 0x7f, 0x77, 0x77, 0x22, 0x00, 0x00, 0x00, 0x00	; +0570
	.byte	0x00, 0x00, 0x00, 0x63, 0x77, 0x3e, 0x1c, 0x1c, 0x1c, 0x3e, 0x77, 0x63, 0x00, 0x00, 0x00, 0x00	; +0580
	.byte	0x00, 0x00, 0x00, 0x63, 0x63, 0x63, 0x63, 0x63, 0x63, 0x63, 0x77, 0x3e, 0x1c, 0x38, 0x70, 0x00	; +0590
	.byte	0x00, 0x00, 0x00, 0x7f, 0x7f, 0x07, 0x0e, 0x1c, 0x38, 0x70, 0x7f, 0x7f, 0x00, 0x00, 0x00, 0x00	; +05a0
	.byte	0x00, 0x08, 0x10, 0x10, 0x10, 0x10, 0x20, 0x10, 0x10, 0x10, 0x10, 0x08, 0x00, 0x00, 0x00, 0x00	; +05b0
	.byte	0x18, 0x18, 0x18, 0x18, 0x18, 0x18, 0x18, 0x18, 0x18, 0x18, 0x18, 0x18, 0x00, 0x00, 0x00, 0x00	; +05c0
	.byte	0x00, 0x10, 0x08, 0x08, 0x08, 0x08, 0x04, 0x08, 0x08, 0x08, 0x08, 0x10, 0x00, 0x00, 0x00, 0x00	; +05d0
	.byte	0x3b, 0x6e, 0x00, 0x00, 0x00, 0x00, 0x00, 0x00, 0x00, 0x00, 0x00, 0x00, 0x00, 0x00, 0x00, 0x00	; +05e0
	.byte	0x02, 0x06, 0x0e, 0x1e, 0x3e, 0x7e, 0x7e, 0x3e, 0x1e, 0x0e, 0x06, 0x02, 0x00, 0x00, 0x00, 0x00	; +05f0
	.byte	0x40, 0x60, 0x70, 0x78, 0x7c, 0x7e, 0x7e, 0x7c, 0x78, 0x70, 0x60, 0x40, 0x00, 0x00, 0x00, 0x00	; +0600
	.byte	0x00, 0x00, 0x00, 0xff, 0xff, 0x7e, 0x3c, 0x18, 0x00, 0x00, 0x00, 0x00, 0x00, 0x00, 0x00, 0x00	; +0610
	.byte	0x00, 0x00, 0x00, 0x00, 0x00, 0x00, 0x00, 0x00, 0x00, 0x00, 0x30, 0x30, 0x10, 0x20, 0x00, 0x00	; +0620
	.byte	0x00, 0x0e, 0x1e, 0x18, 0x18, 0x7e, 0x7e, 0x18, 0x30, 0x30, 0x30, 0x30, 0x70, 0x60, 0x60, 0x00	; +0630
	.byte	0x00, 0x00, 0x00, 0x00, 0x00, 0x00, 0x00, 0x00, 0x00, 0x00, 0x36, 0x36, 0x12, 0x24, 0x00, 0x00	; +0640
	.byte	0x00, 0x00, 0x00, 0x18, 0x3c, 0x7e, 0xff, 0xff, 0x00, 0x00, 0x00, 0x00, 0x00, 0x00, 0x00, 0x00	; +0650
	.byte	0x02, 0x06, 0x0a, 0x12, 0x22, 0x42, 0x42, 0x22, 0x12, 0x0a, 0x06, 0x02, 0x00, 0x00, 0x00, 0x00	; +0660
	.byte	0x40, 0x60, 0x50, 0x48, 0x44, 0x42, 0x42, 0x44, 0x48, 0x50, 0x60, 0x40, 0x00, 0x00, 0x00, 0x00	; +0670
	.byte	0x00, 0x00, 0x00, 0xff, 0x81, 0x42, 0x24, 0x18, 0x00, 0x00, 0x00, 0x00, 0x00, 0x00, 0x00, 0x00	; +0680
	.byte	0x00, 0x00, 0x00, 0x18, 0x24, 0x42, 0x81, 0xff, 0x00, 0x00, 0x00, 0x00, 0x00, 0x00, 0x00, 0x00	; +0690
	.byte	0x36, 0x1c, 0x3e, 0x7f, 0x63, 0x60, 0x7e, 0x3f, 0x03, 0x63, 0x7f, 0x3e, 0x00, 0x00, 0x00, 0x00	; +06a0
	.byte	0x00, 0x00, 0x00, 0x00, 0x20, 0x60, 0xff, 0x60, 0x20, 0x00, 0x00, 0x00, 0x00, 0x00, 0x00, 0x00	; +06b0
	.byte	0x37, 0x6f, 0x6c, 0x6c, 0x6c, 0x6f, 0x6f, 0x6c, 0x6c, 0x6c, 0x6f, 0x37, 0x00, 0x00, 0x00, 0x00	; +06c0
	.byte	0x00, 0x00, 0x00, 0x00, 0x04, 0x06, 0xff, 0x06, 0x04, 0x00, 0x00, 0x00, 0x00, 0x00, 0x00, 0x00	; +06d0
	.byte	0x08, 0x08, 0x08, 0x08, 0x08, 0x08, 0x08, 0x08, 0x08, 0x08, 0x08, 0x3e, 0x1c, 0x08, 0x00, 0x00	; +06e0
	.byte	0x08, 0x1c, 0x3e, 0x08, 0x08, 0x08, 0x08, 0x08, 0x08, 0x08, 0x08, 0x08, 0x08, 0x08, 0x00, 0x00	; +06f0
	.byte	0x00, 0x10, 0x30, 0x5f, 0x81, 0x5f, 0x30, 0x10, 0x00, 0x00, 0x00, 0x00, 0x00, 0x00, 0x00, 0x00	; +0700
	.byte	0x10, 0x20, 0x30, 0x30, 0x00, 0x00, 0x00, 0x00, 0x00, 0x00, 0x00, 0x00, 0x00, 0x00, 0x00, 0x00	; +0710
	.byte	0x30, 0x30, 0x10, 0x20, 0x00, 0x00, 0x00, 0x00, 0x00, 0x00, 0x00, 0x00, 0x00, 0x00, 0x00, 0x00	; +0720
	.byte	0x12, 0x24, 0x36, 0x36, 0x00, 0x00, 0x00, 0x00, 0x00, 0x00, 0x00, 0x00, 0x00, 0x00, 0x00, 0x00	; +0730
	.byte	0x36, 0x36, 0x12, 0x24, 0x00, 0x00, 0x00, 0x00, 0x00, 0x00, 0x00, 0x00, 0x00, 0x00, 0x00, 0x00	; +0740
	.byte	0x00, 0x00, 0x08, 0x0c, 0xfa, 0x81, 0xfa, 0x0c, 0x08, 0x00, 0x00, 0x00, 0x00, 0x00, 0x00, 0x00	; +0750
	.byte	0x00, 0x00, 0x1c, 0x14, 0x14, 0x14, 0x77, 0x22, 0x14, 0x08, 0x00, 0x00, 0x00, 0x00, 0x00, 0x00	; +0760
	.byte	0x00, 0x08, 0x14, 0x22, 0x77, 0x14, 0x14, 0x14, 0x1c, 0x00, 0x00, 0x00, 0x00, 0x00, 0x00, 0x00	; +0770
	.byte	0x00, 0x00, 0x00, 0x81, 0xc3, 0xe7, 0x7e, 0x3c, 0x18, 0x00, 0x00, 0x00, 0x00, 0x00, 0x00, 0x00	; +0780
	.byte	0xf1, 0x5b, 0x55, 0x51, 0x51, 0x00, 0x00, 0x00, 0x00, 0x00, 0x00, 0x00, 0x00, 0x00, 0x00, 0x00	; +0790
	.byte	0x36, 0x1c, 0x00, 0x3f, 0x7f, 0x60, 0x7e, 0x3f, 0x03, 0x03, 0x7f, 0x7e, 0x00, 0x00, 0x00, 0x00	; +07a0
	.byte	0x00, 0x00, 0x00, 0x00, 0x18, 0x3c, 0x7e, 0xe7, 0xc3, 0x81, 0x00, 0x00, 0x00, 0x00, 0x00, 0x00	; +07b0
	.byte	0x00, 0x00, 0x00, 0x36, 0x6d, 0x6d, 0x6d, 0x6f, 0x6c, 0x6c, 0x6f, 0x36, 0x00, 0x00, 0x00, 0x00	; +07c0
	.byte	0x00, 0x00, 0x00, 0x1c, 0x22, 0x41, 0x41, 0x41, 0x22, 0x1c, 0x00, 0x00, 0x00, 0x00, 0x00, 0x00	; +07d0
	.byte	0x04, 0x14, 0x16, 0x1c, 0x34, 0x16, 0x1c, 0x34, 0x14, 0x10, 0x00, 0x00, 0x00, 0x00, 0x00, 0x00	; +07e0
	.byte	0x66, 0x66, 0x00, 0x66, 0x66, 0x66, 0x7e, 0x3c, 0x18, 0x18, 0x18, 0x18, 0x00, 0x00, 0x00, 0x00	; +07f0
	.byte	0x20, 0x20, 0x20, 0x20, 0x28, 0x34, 0x24, 0x24, 0x24, 0x28, 0x30, 0x20, 0x00, 0x00, 0x00, 0x00	; +0800
	.byte	0x00, 0x00, 0x00, 0x00, 0x3e, 0x6f, 0xc7, 0xe3, 0xf6, 0x7c, 0x00, 0x00, 0x00, 0x00, 0x00, 0x00	; +0810
	.byte	0x01, 0x03, 0x02, 0x3e, 0x7f, 0x67, 0x64, 0x68, 0x68, 0x73, 0x7f, 0x3e, 0x20, 0x60, 0x40, 0x00	; +0820
	.byte	0x1c, 0x3c, 0x30, 0x30, 0x30, 0x7c, 0x7c, 0x30, 0x30, 0x33, 0x7f, 0x7e, 0x00, 0x00, 0x00, 0x00	; +0830
	.byte	0x18, 0x18, 0x18, 0xa4, 0x64, 0x62, 0x52, 0x89, 0x99, 0x99, 0xff, 0xff, 0x00, 0x00, 0x00, 0x00	; +0840
	.byte	0x66, 0x66, 0x66, 0x3c, 0x3c, 0x18, 0x7e, 0x18, 0x7e, 0x18, 0x18, 0x18, 0x00, 0x00, 0x00, 0x00	; +0850
	.byte	0x08, 0x08, 0x08, 0x08, 0x08, 0x08, 0x08, 0x08, 0x78, 0x88, 0x88, 0x88, 0x70, 0x00, 0x00, 0x00	; +0860
	.byte	0x00, 0x00, 0x1c, 0x24, 0x20, 0x10, 0x28, 0x44, 0x42, 0x22, 0x14, 0x08, 0x04, 0x24, 0x38, 0x00	; +0870
	.byte	0x08, 0x08, 0x08, 0x08, 0x08, 0x08, 0x08, 0x08, 0x08, 0x7b, 0xfb, 0xf8, 0x70, 0x00, 0x00, 0x00	; +0880
	.byte	0x3e, 0x63, 0x5d, 0x55, 0x55, 0x51, 0x51, 0x55, 0x55, 0x5d, 0x63, 0x3e, 0x00, 0x00, 0x00, 0x00	; +0890
	.byte	0x08, 0x08, 0x08, 0x08, 0x08, 0x08, 0x08, 0x08, 0x08, 0x78, 0xf8, 0xf8, 0x70, 0x00, 0x00, 0x00	; +08a0
	.byte	0x08, 0x0c, 0x0e, 0x0f, 0x0b, 0x09, 0x09, 0x09, 0x0a, 0x78, 0xf8, 0xf8, 0x70, 0x00, 0x00, 0x00	; +08b0
	.byte	0x08, 0x0c, 0x0e, 0x0b, 0x0d, 0x0f, 0x0b, 0x09, 0x09, 0x7a, 0xf8, 0xf8, 0x70, 0x00, 0x00, 0x00	; +08c0
	.byte	0x08, 0x0c, 0x0e, 0x0b, 0x0d, 0x0f, 0x0b, 0x0d, 0x0f, 0x7b, 0xf9, 0xfa, 0x70, 0x00, 0x00, 0x00	; +08d0
	.byte	0x3e, 0x63, 0x5d, 0x55, 0x55, 0x55, 0x5d, 0x59, 0x55, 0x55, 0x63, 0x3e, 0x00, 0x00, 0x00, 0x00	; +08e0
	.byte	0x00, 0x00, 0x00, 0x00, 0x00, 0x00, 0x7e, 0x3c, 0x3c, 0x00, 0x00, 0x00, 0x00, 0x00, 0x00, 0x00	; +08f0
	.byte	0x00, 0x00, 0x00, 0x00, 0x00, 0x00, 0x00, 0x3c, 0x3c, 0x7e, 0x00, 0x00, 0x00, 0x00, 0x00, 0x00	; +0900
	.byte	0x00, 0x00, 0x18, 0x18, 0x7e, 0x7e, 0x18, 0x18, 0x00, 0x7e, 0x7e, 0x00, 0x00, 0x00, 0x00, 0x00	; +0910
	.byte	0x08, 0x04, 0x0e, 0x1f, 0x3e, 0x7c, 0x38, 0x18, 0x08, 0x3c, 0x7e, 0x70, 0x60, 0x20, 0x10, 0x00	; +0920
	.byte	0x00, 0x00, 0x00, 0x01, 0x33, 0x77, 0x3a, 0x02, 0x06, 0x04, 0x0c, 0x0c, 0x0c, 0x00, 0x00, 0x00	; +0930
	.byte	0x19, 0x3b, 0x1d, 0x03, 0x33, 0x76, 0x3a, 0x02, 0x06, 0x0c, 0x0c, 0x0c, 0x0c, 0x00, 0x00, 0x00	; +0940
	.byte	0x66, 0x66, 0x66, 0x66, 0x66, 0x66, 0x66, 0x6e, 0x7e, 0x7e, 0x77, 0x67, 0x60, 0x60, 0x60, 0x00	; +0950
	.byte	0x19, 0x3b, 0x1d, 0x03, 0x33, 0x76, 0x3a, 0x06, 0x64, 0xec, 0x7c, 0x08, 0x18, 0x18, 0x00, 0x00	; +0960
	.byte	0x00, 0x00, 0x00, 0x00, 0x00, 0x00, 0x18, 0x18, 0x00, 0x00, 0x00, 0x00, 0x00, 0x00, 0x00, 0x00	; +0970
	.byte	0x00, 0x00, 0x00, 0x00, 0x00, 0x3c, 0x66, 0x06, 0x1c, 0x06, 0x66, 0x3c, 0x00, 0x00, 0x00, 0x00	; +0980
	.byte	0x00, 0x00, 0x00, 0x1c, 0x3e, 0x73, 0x61, 0x61, 0x73, 0x3e, 0x1c, 0x00, 0x00, 0x00, 0x00, 0x00	; +0990
	.byte	0x00, 0x00, 0x00, 0x38, 0x7c, 0xce, 0x86, 0x86, 0xce, 0x7c, 0x38, 0x00, 0x00, 0x00, 0x00, 0x00	; +09a0
	.byte	0x06, 0x0e, 0x0e, 0x06, 0x06, 0x76, 0x76, 0x06, 0x06, 0x06, 0x0f, 0x0f, 0x00, 0x00, 0x00, 0x00	; +09b0
	.byte	0x1e, 0x3f, 0x33, 0x03, 0x03, 0xe7, 0xee, 0x1c, 0x38, 0x30, 0x3f, 0x3f, 0x00, 0x00, 0x00, 0x00	; +09c0
	.byte	0x00, 0x00, 0x01, 0x03, 0x03, 0x07, 0x7f, 0x1f, 0x0f, 0x0f, 0x1e, 0x1c, 0x30, 0x00, 0x00, 0x00	; +09d0
	.byte	0x00, 0x00, 0x00, 0x80, 0x80, 0xc0, 0xfc, 0xf0, 0xe0, 0xe0, 0xf0, 0x70, 0x18, 0x00, 0x00, 0x00	; +09e0
	.byte	0x00, 0x00, 0x0c, 0x0c, 0x00, 0x0c, 0x0c, 0x0c, 0x1c, 0x38, 0x70, 0x60, 0x63, 0x7f, 0x3e, 0x00	; +09f0
	.byte	0x7f, 0x41, 0x41, 0x41, 0x41, 0x41, 0x41, 0x41, 0x41, 0x41, 0x41, 0x7f, 0x00, 0x00, 0x00, 0x00	; +0a00
	.byte	0x7f, 0x41, 0x41, 0x41, 0x41, 0x41, 0x41, 0x41, 0x41, 0x41, 0x41, 0x7f, 0x00, 0x00, 0x00, 0x00	; +0a10
	.byte	0x7f, 0x41, 0x41, 0x41, 0x41, 0x41, 0x41, 0x41, 0x41, 0x41, 0x41, 0x7f, 0x00, 0x00, 0x00, 0x00	; +0a20
	.byte	0x7f, 0x41, 0x41, 0x41, 0x41, 0x41, 0x41, 0x41, 0x41, 0x41, 0x41, 0x7f, 0x00, 0x00, 0x00, 0x00	; +0a30
	.byte	0x7f, 0x41, 0x41, 0x41, 0x41, 0x41, 0x41, 0x41, 0x41, 0x41, 0x41, 0x7f, 0x00, 0x00, 0x00, 0x00	; +0a40
	.byte	0x7f, 0x41, 0x41, 0x41, 0x41, 0x41, 0x41, 0x41, 0x41, 0x41, 0x41, 0x7f, 0x00, 0x00, 0x00, 0x00	; +0a50
	.byte	0x7f, 0x41, 0x41, 0x41, 0x41, 0x41, 0x41, 0x41, 0x41, 0x41, 0x41, 0x7f, 0x00, 0x00, 0x00, 0x00	; +0a60
	.byte	0x7f, 0x41, 0x41, 0x41, 0x41, 0x41, 0x41, 0x41, 0x41, 0x41, 0x41, 0x7f, 0x00, 0x00, 0x00, 0x00	; +0a70
	.byte	0x7f, 0x41, 0x41, 0x41, 0x41, 0x41, 0x41, 0x41, 0x41, 0x41, 0x41, 0x7f, 0x00, 0x00, 0x00, 0x00	; +0a80
	.byte	0x7f, 0x41, 0x41, 0x41, 0x41, 0x41, 0x41, 0x41, 0x41, 0x41, 0x41, 0x7f, 0x00, 0x00, 0x00, 0x00	; +0a90
	.byte	0x7f, 0x41, 0x41, 0x41, 0x41, 0x41, 0x41, 0x41, 0x41, 0x41, 0x41, 0x7f, 0x00, 0x00, 0x00, 0x00	; +0aa0
	.byte	0x7f, 0x41, 0x41, 0x41, 0x41, 0x41, 0x41, 0x41, 0x41, 0x41, 0x41, 0x7f, 0x00, 0x00, 0x00, 0x00	; +0ab0
	.byte	0x7f, 0x41, 0x41, 0x41, 0x41, 0x41, 0x41, 0x41, 0x41, 0x41, 0x41, 0x7f, 0x00, 0x00, 0x00, 0x00	; +0ac0
	.byte	0x7f, 0x41, 0x41, 0x41, 0x41, 0x41, 0x41, 0x41, 0x41, 0x41, 0x41, 0x7f, 0x00, 0x00, 0x00, 0x00	; +0ad0
	.byte	0x7f, 0x41, 0x41, 0x41, 0x41, 0x41, 0x41, 0x41, 0x41, 0x41, 0x41, 0x7f, 0x00, 0x00, 0x00, 0x00	; +0ae0
	.byte	0x7f, 0x41, 0x41, 0x41, 0x41, 0x41, 0x41, 0x41, 0x41, 0x41, 0x41, 0x7f, 0x00, 0x00, 0x00, 0x00	; +0af0
	.byte	0x7f, 0x41, 0x41, 0x41, 0x41, 0x41, 0x41, 0x41, 0x41, 0x41, 0x41, 0x7f, 0x00, 0x00, 0x00, 0x00	; +0b00
	.byte	0x7f, 0x41, 0x41, 0x41, 0x41, 0x41, 0x41, 0x41, 0x41, 0x41, 0x41, 0x7f, 0x00, 0x00, 0x00, 0x00	; +0b10
	.byte	0x7f, 0x41, 0x41, 0x41, 0x41, 0x41, 0x41, 0x41, 0x41, 0x41, 0x41, 0x7f, 0x00, 0x00, 0x00, 0x00	; +0b20
	.byte	0x7f, 0x41, 0x41, 0x41, 0x41, 0x41, 0x41, 0x41, 0x41, 0x41, 0x41, 0x7f, 0x00, 0x00, 0x00, 0x00	; +0b30
	.byte	0x7f, 0x41, 0x41, 0x41, 0x41, 0x41, 0x41, 0x41, 0x41, 0x41, 0x41, 0x7f, 0x00, 0x00, 0x00, 0x00	; +0b40
	.byte	0x7f, 0x41, 0x41, 0x41, 0x41, 0x41, 0x41, 0x41, 0x41, 0x41, 0x41, 0x7f, 0x00, 0x00, 0x00, 0x00	; +0b50
	.byte	0x7f, 0x41, 0x41, 0x41, 0x41, 0x41, 0x41, 0x41, 0x41, 0x41, 0x41, 0x7f, 0x00, 0x00, 0x00, 0x00	; +0b60
	.byte	0x00, 0x00, 0x00, 0x41, 0x22, 0x14, 0x08, 0x14, 0x22, 0x41, 0x00, 0x00, 0x00, 0x00, 0x00, 0x00	; +0b70
	.byte	0x7f, 0x41, 0x41, 0x41, 0x41, 0x41, 0x41, 0x41, 0x41, 0x41, 0x41, 0x7f, 0x00, 0x00, 0x00, 0x00	; +0b80
	.byte	0x7f, 0x41, 0x41, 0x41, 0x41, 0x41, 0x41, 0x41, 0x41, 0x41, 0x41, 0x7f, 0x00, 0x00, 0x00, 0x00	; +0b90
	.byte	0x7f, 0x41, 0x41, 0x41, 0x41, 0x41, 0x41, 0x41, 0x41, 0x41, 0x41, 0x7f, 0x00, 0x00, 0x00, 0x00	; +0ba0
	.byte	0x7f, 0x41, 0x41, 0x41, 0x41, 0x41, 0x41, 0x41, 0x41, 0x41, 0x41, 0x7f, 0x00, 0x00, 0x00, 0x00	; +0bb0
	.byte	0x7f, 0x41, 0x41, 0x41, 0x41, 0x41, 0x41, 0x41, 0x41, 0x41, 0x41, 0x7f, 0x00, 0x00, 0x00, 0x00	; +0bc0
	.byte	0x7f, 0x41, 0x41, 0x41, 0x41, 0x41, 0x41, 0x41, 0x41, 0x41, 0x41, 0x7f, 0x00, 0x00, 0x00, 0x00	; +0bd0
	.byte	0x7f, 0x41, 0x41, 0x41, 0x41, 0x41, 0x41, 0x41, 0x41, 0x41, 0x41, 0x7f, 0x00, 0x00, 0x00, 0x00	; +0be0
	.byte	0x7f, 0x41, 0x41, 0x41, 0x41, 0x41, 0x41, 0x41, 0x41, 0x41, 0x41, 0x7f, 0x00, 0x00, 0x00, 0x00	; +0bf0
	.byte	0x7f, 0x41, 0x41, 0x41, 0x41, 0x41, 0x41, 0x41, 0x41, 0x41, 0x41, 0x7f, 0x00, 0x00, 0x00, 0x00	; +0c00
	.byte	0x7f, 0x41, 0x41, 0x41, 0x41, 0x41, 0x41, 0x41, 0x41, 0x41, 0x41, 0x7f, 0x00, 0x00, 0x00, 0x00	; +0c10
	.byte	0x7f, 0x41, 0x41, 0x41, 0x41, 0x41, 0x41, 0x41, 0x41, 0x41, 0x41, 0x7f, 0x00, 0x00, 0x00, 0x00	; +0c20
	.byte	0x7f, 0x41, 0x41, 0x41, 0x41, 0x41, 0x41, 0x41, 0x41, 0x41, 0x41, 0x7f, 0x00, 0x00, 0x00, 0x00	; +0c30
	.byte	0x7f, 0x41, 0x41, 0x41, 0x41, 0x41, 0x41, 0x41, 0x41, 0x41, 0x41, 0x7f, 0x00, 0x00, 0x00, 0x00	; +0c40
	.byte	0x7f, 0x41, 0x41, 0x41, 0x41, 0x41, 0x41, 0x41, 0x41, 0x41, 0x41, 0x7f, 0x00, 0x00, 0x00, 0x00	; +0c50
	.byte	0x7f, 0x41, 0x41, 0x41, 0x41, 0x41, 0x41, 0x41, 0x41, 0x41, 0x41, 0x7f, 0x00, 0x00, 0x00, 0x00	; +0c60
	.byte	0x7f, 0x41, 0x41, 0x41, 0x41, 0x41, 0x41, 0x41, 0x41, 0x41, 0x41, 0x7f, 0x00, 0x00, 0x00, 0x00	; +0c70
	.byte	0x7f, 0x41, 0x41, 0x41, 0x41, 0x41, 0x41, 0x41, 0x41, 0x41, 0x41, 0x7f, 0x00, 0x00, 0x00, 0x00	; +0c80
	.byte	0x7f, 0x41, 0x41, 0x41, 0x41, 0x41, 0x41, 0x41, 0x41, 0x41, 0x41, 0x7f, 0x00, 0x00, 0x00, 0x00	; +0c90
	.byte	0x7f, 0x41, 0x41, 0x41, 0x41, 0x41, 0x41, 0x41, 0x41, 0x41, 0x41, 0x7f, 0x00, 0x00, 0x00, 0x00	; +0ca0
	.byte	0x7f, 0x41, 0x41, 0x41, 0x41, 0x41, 0x41, 0x41, 0x41, 0x41, 0x41, 0x7f, 0x00, 0x00, 0x00, 0x00	; +0cb0
	.byte	0x7f, 0x41, 0x41, 0x41, 0x41, 0x41, 0x41, 0x41, 0x41, 0x41, 0x41, 0x7f, 0x00, 0x00, 0x00, 0x00	; +0cc0
	.byte	0x7f, 0x41, 0x41, 0x41, 0x41, 0x41, 0x41, 0x41, 0x41, 0x41, 0x41, 0x7f, 0x00, 0x00, 0x00, 0x00	; +0cd0
	.byte	0x7f, 0x41, 0x41, 0x41, 0x41, 0x41, 0x41, 0x41, 0x41, 0x41, 0x41, 0x7f, 0x00, 0x00, 0x00, 0x00	; +0ce0
	.byte	0x7f, 0x41, 0x41, 0x41, 0x41, 0x41, 0x41, 0x41, 0x41, 0x41, 0x41, 0x7f, 0x00, 0x00, 0x00, 0x00	; +0cf0
	.byte	0x7f, 0x41, 0x41, 0x41, 0x41, 0x41, 0x41, 0x41, 0x41, 0x41, 0x41, 0x7f, 0x00, 0x00, 0x00, 0x00	; +0d00
	.byte	0x7f, 0x41, 0x41, 0x41, 0x41, 0x41, 0x41, 0x41, 0x41, 0x41, 0x41, 0x7f, 0x00, 0x00, 0x00, 0x00	; +0d10
	.byte	0x7f, 0x41, 0x41, 0x41, 0x41, 0x41, 0x41, 0x41, 0x41, 0x41, 0x41, 0x7f, 0x00, 0x00, 0x00, 0x00	; +0d20
	.byte	0x7f, 0x41, 0x41, 0x41, 0x41, 0x41, 0x41, 0x41, 0x41, 0x41, 0x41, 0x7f, 0x00, 0x00, 0x00, 0x00	; +0d30
	.byte	0x7f, 0x41, 0x41, 0x41, 0x41, 0x41, 0x41, 0x41, 0x41, 0x41, 0x41, 0x7f, 0x00, 0x00, 0x00, 0x00	; +0d40
	.byte	0x7f, 0x41, 0x41, 0x41, 0x41, 0x41, 0x41, 0x41, 0x41, 0x41, 0x41, 0x7f, 0x00, 0x00, 0x00, 0x00	; +0d50
	.byte	0x7f, 0x41, 0x41, 0x41, 0x41, 0x41, 0x41, 0x41, 0x41, 0x41, 0x41, 0x7f, 0x00, 0x00, 0x00, 0x00	; +0d60
	.byte	0x00, 0x00, 0x18, 0x18, 0x00, 0x7e, 0x7e, 0x00, 0x18, 0x18, 0x00, 0x00, 0x00, 0x00, 0x00, 0x00	; +0d70
	.byte	0x7f, 0x41, 0x41, 0x41, 0x41, 0x41, 0x41, 0x41, 0x41, 0x41, 0x41, 0x7f, 0x00, 0x00, 0x00, 0x00	; +0d80
	.byte	0x7f, 0x41, 0x41, 0x41, 0x41, 0x41, 0x41, 0x41, 0x41, 0x41, 0x41, 0x7f, 0x00, 0x00, 0x00, 0x00	; +0d90
	.byte	0x7f, 0x41, 0x41, 0x41, 0x41, 0x41, 0x41, 0x41, 0x41, 0x41, 0x41, 0x7f, 0x00, 0x00, 0x00, 0x00	; +0da0
	.byte	0x7f, 0x41, 0x41, 0x41, 0x41, 0x41, 0x41, 0x41, 0x41, 0x41, 0x41, 0x7f, 0x00, 0x00, 0x00, 0x00	; +0db0
	.byte	0x7f, 0x41, 0x41, 0x41, 0x41, 0x41, 0x41, 0x41, 0x41, 0x41, 0x41, 0x7f, 0x00, 0x00, 0x00, 0x00	; +0dc0
	.byte	0x7f, 0x41, 0x41, 0x41, 0x41, 0x41, 0x41, 0x41, 0x41, 0x41, 0x41, 0x7f, 0x00, 0x00, 0x00, 0x00	; +0dd0
	.byte	0x7f, 0x41, 0x41, 0x41, 0x41, 0x41, 0x41, 0x41, 0x41, 0x41, 0x41, 0x7f, 0x00, 0x00, 0x00, 0x00	; +0de0
	.byte	0x7f, 0x41, 0x41, 0x41, 0x41, 0x41, 0x41, 0x41, 0x41, 0x41, 0x41, 0x7f, 0x00, 0x00, 0x00, 0x00	; +0df0
Font2_Glyphs:	; 224 x 32 B (16x16)
	.byte	0x00, 0x00, 0x00, 0x00, 0x00, 0x00, 0x00, 0x00, 0x00, 0x00, 0x00, 0x00, 0x00, 0x00, 0x00, 0x00	; +0000
	.byte	0x00, 0x00, 0x00, 0x00, 0x00, 0x00, 0x00, 0x00, 0x00, 0x00, 0x00, 0x00, 0x00, 0x00, 0x00, 0x00	; +0010
	.byte	0x01, 0x03, 0x03, 0x03, 0x03, 0x03, 0x03, 0x01, 0x01, 0x01, 0x01, 0x00, 0x01, 0x01, 0x00, 0x00	; +0020
	.byte	0x80, 0xc0, 0xc0, 0xc0, 0xc0, 0xc0, 0xc0, 0x80, 0x80, 0x80, 0x80, 0x00, 0x80, 0x80, 0x00, 0x00	; +0030
	.byte	0x18, 0x3c, 0x3c, 0x18, 0x30, 0x00, 0x00, 0x00, 0x00, 0x00, 0x00, 0x00, 0x00, 0x00, 0x00, 0x00	; +0040
	.byte	0x60, 0xf0, 0xf0, 0x60, 0xc0, 0x00, 0x00, 0x00, 0x00, 0x00, 0x00, 0x00, 0x00, 0x00, 0x00, 0x00	; +0050
	.byte	0x00, 0x00, 0x06, 0x06, 0x1f, 0x1f, 0x06, 0x06, 0x1f, 0x1f, 0x06, 0x06, 0x00, 0x00, 0x00, 0x00	; +0060
	.byte	0x00, 0x00, 0x60, 0x60, 0xf8, 0xf8, 0x60, 0x60, 0xf8, 0xf8, 0x60, 0x60, 0x00, 0x00, 0x00, 0x00	; +0070
	.byte	0x01, 0x0f, 0x1f, 0x3f, 0x3d, 0x3d, 0x3f, 0x1f, 0x0f, 0x01, 0x01, 0x3d, 0x3f, 0x1f, 0x0f, 0x01	; +0080
	.byte	0x80, 0xf0, 0xf8, 0xfc, 0xbc, 0x80, 0x80, 0xf0, 0xf8, 0xfc, 0xbc, 0xbc, 0xfc, 0xf8, 0xf0, 0x80	; +0090
	.byte	0x00, 0x18, 0x3c, 0x66, 0x66, 0x3c, 0x19, 0x03, 0x07, 0x0e, 0x1c, 0x38, 0x70, 0x60, 0x00, 0x00	; +00a0
	.byte	0x06, 0x0e, 0x1c, 0x38, 0x70, 0xe0, 0xc0, 0x98, 0x3c, 0x66, 0x66, 0x3c, 0x18, 0x00, 0x00, 0x00	; +00b0
	.byte	0x03, 0x07, 0x0e, 0x0c, 0x0c, 0x0e, 0x07, 0x07, 0x0e, 0x1c, 0x38, 0x3c, 0x1f, 0x0f, 0x00, 0x00	; +00c0
	.byte	0xc0, 0xe0, 0x70, 0x30, 0x30, 0x70, 0xe0, 0xc0, 0xee, 0xfe, 0x78, 0xf8, 0xfc, 0xcc, 0x00, 0x00	; +00d0
	.byte	0x18, 0x3c, 0x3c, 0x18, 0x30, 0x00, 0x00, 0x00, 0x00, 0x00, 0x00, 0x00, 0x00, 0x00, 0x00, 0x00	; +00e0
	.byte	0x00, 0x00, 0x00, 0x00, 0x00, 0x00, 0x00, 0x00, 0x00, 0x00, 0x00, 0x00, 0x00, 0x00, 0x00, 0x00	; +00f0
	.byte	0x00, 0x01, 0x03, 0x07, 0x0e, 0x0c, 0x0c, 0x0c, 0x0c, 0x0e, 0x07, 0x03, 0x01, 0x00, 0x00, 0x00	; +0100
	.byte	0xc0, 0xc0, 0x80, 0x00, 0x00, 0x00, 0x00, 0x00, 0x00, 0x00, 0x00, 0x80, 0xc0, 0xc0, 0x00, 0x00	; +0110
	.byte	0x06, 0x07, 0x03, 0x01, 0x00, 0x00, 0x00, 0x00, 0x00, 0x00, 0x01, 0x03, 0x07, 0x06, 0x00, 0x00	; +0120
	.byte	0x00, 0x00, 0x80, 0xc0, 0xe0, 0x60, 0x60, 0x60, 0x60, 0xe0, 0xc0, 0x80, 0x00, 0x00, 0x00, 0x00	; +0130
	.byte	0x00, 0x01, 0x19, 0x1d, 0x0f, 0x07, 0x03, 0x03, 0x07, 0x0f, 0x1d, 0x19, 0x01, 0x00, 0x00, 0x00	; +0140
	.byte	0x00, 0x80, 0x98, 0xb8, 0xf0, 0xe0, 0xc0, 0xc0, 0xe0, 0xf0, 0xb8, 0x98, 0x80, 0x00, 0x00, 0x00	; +0150
	.byte	0x00, 0x00, 0x01, 0x01, 0x01, 0x01, 0x1f, 0x1f, 0x01, 0x01, 0x01, 0x01, 0x00, 0x00, 0x00, 0x00	; +0160
	.byte	0x00, 0x00, 0x80, 0x80, 0x80, 0x80, 0xf8, 0xf8, 0x80, 0x80, 0x80, 0x80, 0x00, 0x00, 0x00, 0x00	; +0170
	.byte	0x00, 0x00, 0x00, 0x00, 0x00, 0x00, 0x00, 0x00, 0x00, 0x00, 0x18, 0x3c, 0x3c, 0x18, 0x30, 0x00	; +0180
	.byte	0x00, 0x00, 0x00, 0x00, 0x00, 0x00, 0x00, 0x00, 0x00, 0x00, 0x00, 0x00, 0x00, 0x00, 0x00, 0x00	; +0190
	.byte	0x00, 0x00, 0x00, 0x00, 0x00, 0x00, 0x1f, 0x1f, 0x00, 0x00, 0x00, 0x00, 0x00, 0x00, 0x00, 0x00	; +01a0
	.byte	0x00, 0x00, 0x00, 0x00, 0x00, 0x00, 0xf8, 0xf8, 0x00, 0x00, 0x00, 0x00, 0x00, 0x00, 0x00, 0x00	; +01b0
	.byte	0x00, 0x00, 0x00, 0x00, 0x00, 0x00, 0x00, 0x00, 0x00, 0x00, 0x18, 0x3c, 0x3c, 0x18, 0x00, 0x00	; +01c0
	.byte	0x00, 0x00, 0x00, 0x00, 0x00, 0x00, 0x00, 0x00, 0x00, 0x00, 0x00, 0x00, 0x00, 0x00, 0x00, 0x00	; +01d0
	.byte	0x00, 0x00, 0x00, 0x00, 0x00, 0x00, 0x01, 0x03, 0x07, 0x0e, 0x1c, 0x38, 0x70, 0x60, 0x00, 0x00	; +01e0
	.byte	0x06, 0x0e, 0x1c, 0x38, 0x70, 0xe0, 0xc0, 0x80, 0x00, 0x00, 0x00, 0x00, 0x00, 0x00, 0x00, 0x00	; +01f0
	.byte	0x0f, 0x1f, 0x3e, 0x3c, 0x3c, 0x3c, 0x3c, 0x3c, 0x3c, 0x3c, 0x3c, 0x3e, 0x1f, 0x0f, 0x00, 0x00	; +0200
	.byte	0xf0, 0xf8, 0x7c, 0x3c, 0x3c, 0x3c, 0x3c, 0x3c, 0x3c, 0x3c, 0x3c, 0x7c, 0xf8, 0xf0, 0x00, 0x00	; +0210
	.byte	0x03, 0x07, 0x0f, 0x0f, 0x03, 0x03, 0x03, 0x03, 0x03, 0x03, 0x03, 0x03, 0x0f, 0x0f, 0x00, 0x00	; +0220
	.byte	0xc0, 0xc0, 0xc0, 0xc0, 0xc0, 0xc0, 0xc0, 0xc0, 0xc0, 0xc0, 0xc0, 0xc0, 0xf0, 0xf0, 0x00, 0x00	; +0230
	.byte	0x0f, 0x1f, 0x3e, 0x3c, 0x00, 0x00, 0x00, 0x01, 0x03, 0x07, 0x0f, 0x1f, 0x3f, 0x3f, 0x00, 0x00	; +0240
	.byte	0xf0, 0xf8, 0x7c, 0x3c, 0x3c, 0x7c, 0xf8, 0xf0, 0xe0, 0xc0, 0x80, 0x00, 0xfc, 0xfc, 0x00, 0x00	; +0250
	.byte	0x0f, 0x1f, 0x3e, 0x3c, 0x00, 0x00, 0x03, 0x03, 0x00, 0x00, 0x3c, 0x3e, 0x1f, 0x0f, 0x00, 0x00	; +0260
	.byte	0xf0, 0xf8, 0x7c, 0x3c, 0x3c, 0x7c, 0xf8, 0xf8, 0x7c, 0x3c, 0x3c, 0x7c, 0xf8, 0xf0, 0x00, 0x00	; +0270
	.byte	0x00, 0x01, 0x03, 0x07, 0x0f, 0x0f, 0x1e, 0x1c, 0x3c, 0x3c, 0x3f, 0x3f, 0x00, 0x00, 0x00, 0x00	; +0280
	.byte	0xf0, 0xf0, 0xf0, 0xf0, 0xf0, 0xf0, 0xf0, 0xf0, 0xf0, 0xf0, 0xfc, 0xfc, 0xf0, 0xf0, 0x00, 0x00	; +0290
	.byte	0x3f, 0x3f, 0x3c, 0x3c, 0x3f, 0x3f, 0x3e, 0x3c, 0x00, 0x00, 0x3c, 0x3e, 0x1f, 0x0f, 0x00, 0x00	; +02a0
	.byte	0xfc, 0xfc, 0x00, 0x00, 0xf0, 0xf8, 0x7c, 0x3c, 0x3c, 0x3c, 0x3c, 0x7c, 0xf8, 0xf0, 0x00, 0x00	; +02b0
	.byte	0x0f, 0x1f, 0x3e, 0x3c, 0x3c, 0x3f, 0x3f, 0x3e, 0x3c, 0x3c, 0x3c, 0x3e, 0x1f, 0x0f, 0x00, 0x00	; +02c0
	.byte	0xf0, 0xf8, 0x7c, 0x3c, 0x00, 0xf0, 0xf8, 0x7c, 0x3c, 0x3c, 0x3c, 0x7c, 0xf8, 0xf0, 0x00, 0x00	; +02d0
	.byte	0x3f, 0x3f, 0x00, 0x00, 0x00, 0x01, 0x03, 0x03, 0x03, 0x03, 0x03, 0x03, 0x03, 0x03, 0x00, 0x00	; +02e0
	.byte	0xfc, 0xfc, 0x3c, 0x7c, 0xf8, 0xf0, 0xe0, 0xc0, 0xc0, 0xc0, 0xc0, 0xc0, 0xc0, 0xc0, 0x00, 0x00	; +02f0
	.byte	0x0f, 0x1f, 0x3e, 0x3c, 0x3c, 0x3e, 0x1f, 0x1f, 0x3e, 0x3c, 0x3c, 0x3e, 0x1f, 0x0f, 0x00, 0x00	; +0300
	.byte	0xf0, 0xf8, 0x7c, 0x3c, 0x3c, 0x7c, 0xf8, 0xf8, 0x7c, 0x3c, 0x3c, 0x7c, 0xf8, 0xf0, 0x00, 0x00	; +0310
	.byte	0x0f, 0x1f, 0x3e, 0x3c, 0x3c, 0x3c, 0x3e, 0x1f, 0x0f, 0x00, 0x3c, 0x3e, 0x1f, 0x0f, 0x00, 0x00	; +0320
	.byte	0xf0, 0xf8, 0x7c, 0x3c, 0x3c, 0x3c, 0x7c, 0xfc, 0xfc, 0x3c, 0x3c, 0x7c, 0xf8, 0xf0, 0x00, 0x00	; +0330
	.byte	0x00, 0x01, 0x03, 0x03, 0x01, 0x00, 0x00, 0x00, 0x01, 0x03, 0x03, 0x01, 0x00, 0x00, 0x00, 0x00	; +0340
	.byte	0x00, 0x80, 0xc0, 0xc0, 0x80, 0x00, 0x00, 0x00, 0x80, 0xc0, 0xc0, 0x80, 0x00, 0x00, 0x00, 0x00	; +0350
	.byte	0x00, 0x01, 0x03, 0x03, 0x01, 0x00, 0x00, 0x00, 0x01, 0x03, 0x03, 0x01, 0x03, 0x00, 0x00, 0x00	; +0360
	.byte	0x00, 0x80, 0xc0, 0xc0, 0x80, 0x00, 0x00, 0x00, 0x80, 0xc0, 0xc0, 0x80, 0x00, 0x00, 0x00, 0x00	; +0370
	.byte	0x00, 0x00, 0x00, 0x01, 0x03, 0x07, 0x0e, 0x0e, 0x07, 0x03, 0x01, 0x00, 0x00, 0x00, 0x00, 0x00	; +0380
	.byte	0x30, 0x70, 0xe0, 0xc0, 0x80, 0x00, 0x00, 0x00, 0x00, 0x80, 0xc0, 0xe0, 0x70, 0x30, 0x00, 0x00	; +0390
	.byte	0x00, 0x00, 0x00, 0x00, 0x0f, 0x0f, 0x00, 0x00, 0x0f, 0x0f, 0x00, 0x00, 0x00, 0x00, 0x00, 0x00	; +03a0
	.byte	0x00, 0x00, 0x00, 0x00, 0xf0, 0xf0, 0x00, 0x00, 0xf0, 0xf0, 0x00, 0x00, 0x00, 0x00, 0x00, 0x00	; +03b0
	.byte	0x0c, 0x0e, 0x07, 0x03, 0x01, 0x00, 0x00, 0x00, 0x00, 0x01, 0x03, 0x07, 0x0e, 0x0c, 0x00, 0x00	; +03c0
	.byte	0x00, 0x00, 0x00, 0x80, 0xc0, 0xe0, 0x70, 0x70, 0xe0, 0xc0, 0x80, 0x00, 0x00, 0x00, 0x00, 0x00	; +03d0
	.byte	0x0f, 0x1f, 0x3e, 0x3c, 0x00, 0x00, 0x00, 0x01, 0x03, 0x03, 0x03, 0x00, 0x03, 0x03, 0x00, 0x00	; +03e0
	.byte	0xf0, 0xf8, 0x7c, 0x3c, 0x3c, 0x7c, 0xf8, 0xf0, 0xe0, 0xc0, 0xc0, 0x00, 0xc0, 0xc0, 0x00, 0x00	; +03f0
	.byte	0x0f, 0x1f, 0x3c, 0x39, 0x33, 0x36, 0x36, 0x36, 0x36, 0x33, 0x39, 0x3c, 0x1f, 0x0f, 0x00, 0x00	; +0400
	.byte	0xf0, 0xf8, 0x3c, 0xdc, 0xec, 0x6c, 0x6c, 0x6c, 0x6c, 0xfc, 0xf8, 0x00, 0xf8, 0xf8, 0x00, 0x00	; +0410
	.byte	0x0f, 0x1f, 0x3e, 0x3c, 0x3c, 0x3c, 0x3f, 0x3f, 0x3c, 0x3c, 0x3c, 0x3c, 0x3c, 0x3c, 0x00, 0x00	; +0420
	.byte	0xf0, 0xf8, 0x7c, 0x3c, 0x3c, 0x3c, 0xfc, 0xfc, 0x3c, 0x3c, 0x3c, 0x3c, 0x3c, 0x3c, 0x00, 0x00	; +0430
	.byte	0x3f, 0x3f, 0x3c, 0x3c, 0x3c, 0x3c, 0x3f, 0x3f, 0x3c, 0x3c, 0x3c, 0x3c, 0x3f, 0x3f, 0x00, 0x00	; +0440
	.byte	0xf0, 0xf8, 0x7c, 0x3c, 0x3c, 0x7c, 0xf8, 0xf8, 0x7c, 0x3c, 0x3c, 0x7c, 0xf8, 0xf0, 0x00, 0x00	; +0450
	.byte	0x0f, 0x1f, 0x3e, 0x3c, 0x3c, 0x3c, 0x3c, 0x3c, 0x3c, 0x3c, 0x3c, 0x3e, 0x1f, 0x0f, 0x00, 0x00	; +0460
	.byte	0xf0, 0xf8, 0x7c, 0x3c, 0x00, 0x00, 0x00, 0x00, 0x00, 0x00, 0x3c, 0x7c, 0xf8, 0xf0, 0x00, 0x00	; +0470
	.byte	0x3f, 0x3f, 0x3c, 0x3c, 0x3c, 0x3c, 0x3c, 0x3c, 0x3c, 0x3c, 0x3c, 0x3c, 0x3f, 0x3f, 0x00, 0x00	; +0480
	.byte	0xf0, 0xf8, 0x7c, 0x3c, 0x3c, 0x3c, 0x3c, 0x3c, 0x3c, 0x3c, 0x3c, 0x7c, 0xf8, 0xf0, 0x00, 0x00	; +0490
	.byte	0x3f, 0x3f, 0x3c, 0x3c, 0x3c, 0x3c, 0x3f, 0x3f, 0x3c, 0x3c, 0x3c, 0x3c, 0x3f, 0x3f, 0x00, 0x00	; +04a0
	.byte	0xfc, 0xfc, 0x00, 0x00, 0x00, 0x00, 0xf0, 0xf0, 0x00, 0x00, 0x00, 0x00, 0xfc, 0xfc, 0x00, 0x00	; +04b0
	.byte	0x3f, 0x3f, 0x3c, 0x3c, 0x3c, 0x3c, 0x3f, 0x3f, 0x3c, 0x3c, 0x3c, 0x3c, 0x3c, 0x3c, 0x00, 0x00	; +04c0
	.byte	0xfc, 0xfc, 0x00, 0x00, 0x00, 0x00, 0xf0, 0xf0, 0x00, 0x00, 0x00, 0x00, 0x00, 0x00, 0x00, 0x00	; +04d0
	.byte	0x0f, 0x1f, 0x3e, 0x3c, 0x3c, 0x3c, 0x3c, 0x3c, 0x3c, 0x3c, 0x3c, 0x3e, 0x1f, 0x0f, 0x00, 0x00	; +04e0
	.byte	0xf0, 0xf8, 0x7c, 0x3c, 0x00, 0x00, 0xfc, 0xfc, 0x3c, 0x3c, 0x3c, 0x7c, 0xf8, 0xf0, 0x00, 0x00	; +04f0
	.byte	0x3c, 0x3c, 0x3c, 0x3c, 0x3c, 0x3c, 0x3f, 0x3f, 0x3c, 0x3c, 0x3c, 0x3c, 0x3c, 0x3c, 0x00, 0x00	; +0500
	.byte	0x3c, 0x3c, 0x3c, 0x3c, 0x3c, 0x3c, 0xfc, 0xfc, 0x3c, 0x3c, 0x3c, 0x3c, 0x3c, 0x3c, 0x00, 0x00	; +0510
	.byte	0x0f, 0x0f, 0x03, 0x03, 0x03, 0x03, 0x03, 0x03, 0x03, 0x03, 0x03, 0x03, 0x0f, 0x0f, 0x00, 0x00	; +0520
	.byte	0xf0, 0xf0, 0xc0, 0xc0, 0xc0, 0xc0, 0xc0, 0xc0, 0xc0, 0xc0, 0xc0, 0xc0, 0xf0, 0xf0, 0x00, 0x00	; +0530
	.byte	0x00, 0x00, 0x00, 0x00, 0x00, 0x00, 0x00, 0x00, 0x00, 0x00, 0x3c, 0x3e, 0x1f, 0x0f, 0x00, 0x00	; +0540
	.byte	0x3c, 0x3c, 0x3c, 0x3c, 0x3c, 0x3c, 0x3c, 0x3c, 0x3c, 0x3c, 0x3c, 0x7c, 0xf8, 0xf0, 0x00, 0x00	; +0550
	.byte	0x78, 0x78, 0x78, 0x78, 0x79, 0x7f, 0x7f, 0x7f, 0x7f, 0x79, 0x78, 0x78, 0x78, 0x78, 0x00, 0x00	; +0560
	.byte	0x1e, 0x3e, 0x7c, 0xf8, 0xf0, 0xe0, 0xc0, 0xc0, 0xe0, 0xf0, 0xf8, 0x7c, 0x3e, 0x1e, 0x00, 0x00	; +0570
	.byte	0x3c, 0x3c, 0x3c, 0x3c, 0x3c, 0x3c, 0x3c, 0x3c, 0x3c, 0x3c, 0x3c, 0x3c, 0x3f, 0x3f, 0x00, 0x00	; +0580
	.byte	0x00, 0x00, 0x00, 0x00, 0x00, 0x00, 0x00, 0x00, 0x00, 0x00, 0x00, 0x00, 0xfc, 0xfc, 0x00, 0x00	; +0590
	.byte	0x78, 0x7c, 0x7e, 0x7f, 0x7f, 0x7f, 0x7f, 0x7f, 0x7b, 0x79, 0x78, 0x78, 0x78, 0x78, 0x00, 0x00	; +05a0
	.byte	0x1e, 0x3e, 0x7e, 0xfe, 0xfe, 0xfe, 0xfe, 0xfe, 0xde, 0x9e, 0x1e, 0x1e, 0x1e, 0x1e, 0x00, 0x00	; +05b0
	.byte	0x3c, 0x3e, 0x3f, 0x3f, 0x3f, 0x3f, 0x3f, 0x3f, 0x3d, 0x3d, 0x3c, 0x3c, 0x3c, 0x3c, 0x00, 0x00	; +05c0
	.byte	0x3c, 0x3c, 0x3c, 0x3c, 0xbc, 0xbc, 0xfc, 0xfc, 0xfc, 0xfc, 0xfc, 0xfc, 0x7c, 0x3c, 0x00, 0x00	; +05d0
	.byte	0x0f, 0x1f, 0x3e, 0x3c, 0x3c, 0x3c, 0x3c, 0x3c, 0x3c, 0x3c, 0x3c, 0x3e, 0x1f, 0x0f, 0x00, 0x00	; +05e0
	.byte	0xf0, 0xf8, 0x7c, 0x3c, 0x3c, 0x3c, 0x3c, 0x3c, 0x3c, 0x3c, 0x3c, 0x7c, 0xf8, 0xf0, 0x00, 0x00	; +05f0
	.byte	0x3f, 0x3f, 0x3c, 0x3c, 0x3c, 0x3c, 0x3f, 0x3f, 0x3c, 0x3c, 0x3c, 0x3c, 0x3c, 0x3c, 0x00, 0x00	; +0600
	.byte	0xf0, 0xf8, 0x7c, 0x3c, 0x3c, 0x7c, 0xf8, 0xf0, 0x00, 0x00, 0x00, 0x00, 0x00, 0x00, 0x00, 0x00	; +0610
	.byte	0x0f, 0x1f, 0x3e, 0x3c, 0x3c, 0x3c, 0x3c, 0x3c, 0x3f, 0x3f, 0x3d, 0x3c, 0x1f, 0x0f, 0x00, 0x00	; +0620
	.byte	0xf0, 0xf8, 0x7c, 0x3c, 0x3c, 0x3c, 0x3c, 0x3c, 0x3c, 0xbc, 0xf8, 0xf0, 0xfc, 0xfc, 0x00, 0x00	; +0630
	.byte	0x3f, 0x3f, 0x3c, 0x3c, 0x3c, 0x3c, 0x3f, 0x3f, 0x3f, 0x3f, 0x3d, 0x3c, 0x3c, 0x3c, 0x00, 0x00	; +0640
	.byte	0xf0, 0xf8, 0x7c, 0x3c, 0x3c, 0x7c, 0xf8, 0xf0, 0xc0, 0xe0, 0xf0, 0xf8, 0x7c, 0x3c, 0x00, 0x00	; +0650
	.byte	0x0f, 0x1f, 0x3c, 0x3c, 0x3c, 0x3e, 0x1f, 0x0f, 0x00, 0x00, 0x3c, 0x3e, 0x1f, 0x0f, 0x00, 0x00	; +0660
	.byte	0xe0, 0xf0, 0xf8, 0x78, 0x00, 0x00, 0xe0, 0xf0, 0xf8, 0x78, 0x78, 0x78, 0xf0, 0xe0, 0x00, 0x00	; +0670
	.byte	0x3f, 0x3f, 0x03, 0x03, 0x03, 0x03, 0x03, 0x03, 0x03, 0x03, 0x03, 0x03, 0x03, 0x03, 0x00, 0x00	; +0680
	.byte	0xfc, 0xfc, 0xc0, 0xc0, 0xc0, 0xc0, 0xc0, 0xc0, 0xc0, 0xc0, 0xc0, 0xc0, 0xc0, 0xc0, 0x00, 0x00	; +0690
	.byte	0x3c, 0x3c, 0x3c, 0x3c, 0x3c, 0x3c, 0x3c, 0x3c, 0x3c, 0x3c, 0x3c, 0x3e, 0x1f, 0x0f, 0x00, 0x00	; +06a0
	.byte	0x3c, 0x3c, 0x3c, 0x3c, 0x3c, 0x3c, 0x3c, 0x3c, 0x3c, 0x3c, 0x3c, 0x7c, 0xf8, 0xf0, 0x00, 0x00	; +06b0
	.byte	0x3c, 0x3c, 0x3c, 0x3c, 0x3c, 0x3c, 0x3c, 0x3c, 0x3c, 0x3e, 0x1f, 0x0f, 0x07, 0x03, 0x00, 0x00	; +06c0
	.byte	0x3c, 0x3c, 0x3c, 0x3c, 0x3c, 0x3c, 0x3c, 0x3c, 0x3c, 0x7c, 0xf8, 0xf0, 0xe0, 0xc0, 0x00, 0x00	; +06d0
	.byte	0x78, 0x78, 0x78, 0x78, 0x79, 0x79, 0x7b, 0x7f, 0x7f, 0x7f, 0x7e, 0x7c, 0x38, 0x10, 0x00, 0x00	; +06e0
	.byte	0x1e, 0x1e, 0x1e, 0x1e, 0x9e, 0x9e, 0xde, 0xfe, 0xfe, 0xfe, 0x7e, 0x3e, 0x1c, 0x08, 0x00, 0x00	; +06f0
	.byte	0x3c, 0x3c, 0x3c, 0x3e, 0x1f, 0x0f, 0x03, 0x03, 0x0f, 0x1f, 0x3e, 0x3c, 0x3c, 0x3c, 0x00, 0x00	; +0700
	.byte	0x3c, 0x3c, 0x3c, 0x7c, 0xf8, 0xf0, 0xc0, 0xc0, 0xf0, 0xf8, 0x7c, 0x3c, 0x3c, 0x3c, 0x00, 0x00	; +0710
	.byte	0x3c, 0x3c, 0x3c, 0x3c, 0x3c, 0x3e, 0x1f, 0x0f, 0x07, 0x03, 0x03, 0x03, 0x03, 0x03, 0x00, 0x00	; +0720
	.byte	0x3c, 0x3c, 0x3c, 0x3c, 0x3c, 0x7c, 0xf8, 0xf0, 0xe0, 0xc0, 0xc0, 0xc0, 0xc0, 0xc0, 0x00, 0x00	; +0730
	.byte	0x3f, 0x3f, 0x3c, 0x3c, 0x00, 0x01, 0x03, 0x07, 0x0f, 0x1f, 0x3e, 0x3c, 0x3f, 0x3f, 0x00, 0x00	; +0740
	.byte	0xfc, 0xfc, 0x3c, 0x7c, 0xf8, 0xf0, 0xe0, 0xc0, 0x80, 0x00, 0x3c, 0x3c, 0xfc, 0xfc, 0x00, 0x00	; +0750
	.byte	0x3f, 0x3f, 0x3c, 0x3c, 0x3c, 0x3c, 0x3c, 0x3c, 0x3c, 0x3c, 0x3c, 0x3c, 0x3f, 0x3f, 0x00, 0x00	; +0760
	.byte	0xc0, 0xc0, 0x00, 0x00, 0x00, 0x00, 0x00, 0x00, 0x00, 0x00, 0x00, 0x00, 0xc0, 0xc0, 0x00, 0x00	; +0770
	.byte	0x60, 0x70, 0x38, 0x1c, 0x0e, 0x07, 0x03, 0x01, 0x00, 0x00, 0x00, 0x00, 0x00, 0x00, 0x00, 0x00	; +0780
	.byte	0x00, 0x00, 0x00, 0x00, 0x00, 0x00, 0x80, 0xc0, 0xe0, 0x70, 0x38, 0x1c, 0x0e, 0x06, 0x00, 0x00	; +0790
	.byte	0x03, 0x03, 0x00, 0x00, 0x00, 0x00, 0x00, 0x00, 0x00, 0x00, 0x00, 0x00, 0x03, 0x03, 0x00, 0x00	; +07a0
	.byte	0xfc, 0xfc, 0x3c, 0x3c, 0x3c, 0x3c, 0x3c, 0x3c, 0x3c, 0x3c, 0x3c, 0x3c, 0xfc, 0xfc, 0x00, 0x00	; +07b0
	.byte	0x04, 0x0e, 0x1f, 0x3b, 0x31, 0x00, 0x00, 0x00, 0x00, 0x00, 0x00, 0x00, 0x00, 0x00, 0x00, 0x00	; +07c0
	.byte	0x00, 0x00, 0x00, 0x80, 0x80, 0x00, 0x00, 0x00, 0x00, 0x00, 0x00, 0x00, 0x00, 0x00, 0x00, 0x00	; +07d0
	.byte	0x00, 0x00, 0x00, 0x00, 0x00, 0x00, 0x00, 0x00, 0x00, 0x00, 0x00, 0x00, 0x3f, 0x3f, 0x00, 0x00	; +07e0
	.byte	0x00, 0x00, 0x00, 0x00, 0x00, 0x00, 0x00, 0x00, 0x00, 0x00, 0x00, 0x00, 0xfc, 0xfc, 0x00, 0x00	; +07f0
	.byte	0x18, 0x3c, 0x3c, 0x18, 0x0c, 0x00, 0x00, 0x00, 0x00, 0x00, 0x00, 0x00, 0x00, 0x00, 0x00, 0x00	; +0800
	.byte	0x00, 0x00, 0x00, 0x00, 0x00, 0x00, 0x00, 0x00, 0x00, 0x00, 0x00, 0x00, 0x00, 0x00, 0x00, 0x00	; +0810
	.byte	0x00, 0x00, 0x00, 0x00, 0x0f, 0x0f, 0x00, 0x0f, 0x1f, 0x3e, 0x3c, 0x3e, 0x1f, 0x0f, 0x00, 0x00	; +0820
	.byte	0x00, 0x00, 0x00, 0x00, 0xf0, 0xf8, 0x3c, 0xfc, 0xfc, 0x7c, 0x3c, 0x7c, 0xfe, 0xfe, 0x00, 0x00	; +0830
	.byte	0x3c, 0x3c, 0x3c, 0x3c, 0x3f, 0x3f, 0x3c, 0x3c, 0x3c, 0x3c, 0x3c, 0x3c, 0x3f, 0x3f, 0x00, 0x00	; +0840
	.byte	0x00, 0x00, 0x00, 0x00, 0xf0, 0xf8, 0x7c, 0x3c, 0x3c, 0x3c, 0x3c, 0x7c, 0xf8, 0xf0, 0x00, 0x00	; +0850
	.byte	0x00, 0x00, 0x00, 0x00, 0x0f, 0x1f, 0x3e, 0x3c, 0x3c, 0x3c, 0x3c, 0x3e, 0x1f, 0x0f, 0x00, 0x00	; +0860
	.byte	0x00, 0x00, 0x00, 0x00, 0xf0, 0xf8, 0x7c, 0x3c, 0x00, 0x00, 0x3c, 0x7c, 0xf8, 0xf0, 0x00, 0x00	; +0870
	.byte	0x00, 0x00, 0x00, 0x00, 0x0f, 0x1f, 0x3e, 0x3c, 0x3c, 0x3c, 0x3c, 0x3e, 0x1f, 0x0f, 0x00, 0x00	; +0880
	.byte	0x3c, 0x3c, 0x3c, 0x3c, 0xfc, 0xfc, 0x3c, 0x3c, 0x3c, 0x3c, 0x3c, 0x3c, 0xfc, 0xfc, 0x00, 0x00	; +0890
	.byte	0x00, 0x00, 0x00, 0x00, 0x0f, 0x1f, 0x3e, 0x3c, 0x3f, 0x3f, 0x3c, 0x3e, 0x1f, 0x0f, 0x00, 0x00	; +08a0
	.byte	0x00, 0x00, 0x00, 0x00, 0xf0, 0xf8, 0x7c, 0x3c, 0xfc, 0xfc, 0x00, 0x00, 0xf8, 0xf0, 0x00, 0x00	; +08b0
	.byte	0x00, 0x01, 0x03, 0x03, 0x3f, 0x3f, 0x03, 0x03, 0x03, 0x03, 0x03, 0x03, 0x03, 0x03, 0x00, 0x00	; +08c0
	.byte	0xfc, 0xfc, 0xe0, 0xc0, 0xfc, 0xfc, 0xc0, 0xc0, 0xc0, 0xc0, 0xc0, 0xc0, 0xc0, 0xc0, 0x00, 0x00	; +08d0
	.byte	0x00, 0x00, 0x00, 0x00, 0x0f, 0x1f, 0x3e, 0x3c, 0x3c, 0x3e, 0x1f, 0x0f, 0x00, 0x3c, 0x3f, 0x1f	; +08e0
	.byte	0x00, 0x00, 0x00, 0x00, 0xfc, 0xfc, 0x7c, 0x3c, 0x3c, 0x7c, 0xfc, 0xfc, 0x3c, 0x7c, 0xf8, 0xf0	; +08f0
	.byte	0x3c, 0x3c, 0x3c, 0x3c, 0x3f, 0x3f, 0x3c, 0x3c, 0x3c, 0x3c, 0x3c, 0x3c, 0x3c, 0x3c, 0x00, 0x00	; +0900
	.byte	0x00, 0x00, 0x00, 0x00, 0xf0, 0xf8, 0x7c, 0x3c, 0x3c, 0x3c, 0x3c, 0x3c, 0x3c, 0x3c, 0x00, 0x00	; +0910
	.byte	0x03, 0x03, 0x00, 0x00, 0x03, 0x03, 0x03, 0x03, 0x03, 0x03, 0x03, 0x03, 0x03, 0x03, 0x00, 0x00	; +0920
	.byte	0xc0, 0xc0, 0x00, 0x00, 0xc0, 0xc0, 0xc0, 0xc0, 0xc0, 0xc0, 0xc0, 0xc0, 0xc0, 0xc0, 0x00, 0x00	; +0930
	.byte	0x00, 0x00, 0x00, 0x00, 0x00, 0x00, 0x00, 0x00, 0x00, 0x00, 0x00, 0x00, 0x3c, 0x3e, 0x1f, 0x0f	; +0940
	.byte	0x00, 0x00, 0x3c, 0x3c, 0x00, 0x3c, 0x3c, 0x3c, 0x3c, 0x3c, 0x3c, 0x3c, 0x3c, 0x7c, 0xf8, 0xf0	; +0950
	.byte	0x3c, 0x3c, 0x3c, 0x3c, 0x3c, 0x3c, 0x3c, 0x3f, 0x3f, 0x3f, 0x3f, 0x3c, 0x3c, 0x3c, 0x00, 0x00	; +0960
	.byte	0x00, 0x00, 0x00, 0x00, 0x3c, 0x7c, 0xf8, 0xf0, 0xe0, 0xe0, 0xf0, 0xf8, 0x7c, 0x3c, 0x00, 0x00	; +0970
	.byte	0x03, 0x03, 0x03, 0x03, 0x03, 0x03, 0x03, 0x03, 0x03, 0x03, 0x03, 0x03, 0x03, 0x01, 0x00, 0x00	; +0980
	.byte	0xc0, 0xc0, 0xc0, 0xc0, 0xc0, 0xc0, 0xc0, 0xc0, 0xc0, 0xc0, 0xc0, 0xc0, 0xe0, 0xe0, 0x00, 0x00	; +0990
	.byte	0x00, 0x00, 0x00, 0x00, 0x3f, 0x3f, 0x39, 0x39, 0x39, 0x39, 0x39, 0x39, 0x39, 0x39, 0x00, 0x00	; +09a0
	.byte	0x00, 0x00, 0x00, 0x00, 0xf8, 0xfc, 0xce, 0xce, 0xce, 0xce, 0xce, 0xce, 0xce, 0xce, 0x00, 0x00	; +09b0
	.byte	0x00, 0x00, 0x00, 0x00, 0x3f, 0x3f, 0x3c, 0x3c, 0x3c, 0x3c, 0x3c, 0x3c, 0x3c, 0x3c, 0x00, 0x00	; +09c0
	.byte	0x00, 0x00, 0x00, 0x00, 0xf0, 0xf8, 0x7c, 0x3c, 0x3c, 0x3c, 0x3c, 0x3c, 0x3c, 0x3c, 0x00, 0x00	; +09d0
	.byte	0x00, 0x00, 0x00, 0x00, 0x0f, 0x1f, 0x3e, 0x3c, 0x3c, 0x3c, 0x3c, 0x3e, 0x1f, 0x0f, 0x00, 0x00	; +09e0
	.byte	0x00, 0x00, 0x00, 0x00, 0xf0, 0xf8, 0x7c, 0x3c, 0x3c, 0x3c, 0x3c, 0x7c, 0xf8, 0xf0, 0x00, 0x00	; +09f0
	.byte	0x00, 0x00, 0x00, 0x00, 0x3f, 0x3f, 0x3c, 0x3c, 0x3c, 0x3c, 0x3c, 0x3f, 0x3f, 0x3c, 0x3c, 0x3c	; +0a00
	.byte	0x00, 0x00, 0x00, 0x00, 0xf0, 0xf8, 0x3c, 0x1c, 0x1c, 0x1c, 0x3c, 0xf8, 0xf0, 0x00, 0x00, 0x00	; +0a10
	.byte	0x00, 0x00, 0x00, 0x00, 0x0f, 0x1f, 0x3c, 0x38, 0x38, 0x38, 0x3c, 0x1f, 0x0f, 0x00, 0x00, 0x00	; +0a20
	.byte	0x00, 0x00, 0x00, 0x00, 0xfc, 0xfc, 0x3c, 0x3c, 0x3c, 0x3c, 0x3c, 0xfc, 0xfc, 0x3c, 0x3c, 0x3c	; +0a30
	.byte	0x00, 0x00, 0x00, 0x00, 0x3c, 0x3d, 0x3f, 0x3f, 0x3e, 0x3c, 0x3c, 0x3c, 0x3c, 0x3c, 0x00, 0x00	; +0a40
	.byte	0x00, 0x00, 0x00, 0x00, 0xf0, 0xf8, 0x9c, 0x0c, 0x00, 0x00, 0x00, 0x00, 0x00, 0x00, 0x00, 0x00	; +0a50
	.byte	0x00, 0x00, 0x00, 0x00, 0x1f, 0x3f, 0x3c, 0x3c, 0x3f, 0x1f, 0x00, 0x38, 0x3f, 0x1f, 0x00, 0x00	; +0a60
	.byte	0x00, 0x00, 0x00, 0x00, 0xf8, 0xfc, 0x1c, 0x00, 0xf8, 0xfc, 0x3c, 0x3c, 0xfc, 0xf8, 0x00, 0x00	; +0a70
	.byte	0x03, 0x03, 0x03, 0x03, 0x1f, 0x1f, 0x03, 0x03, 0x03, 0x03, 0x03, 0x03, 0x03, 0x01, 0x00, 0x00	; +0a80
	.byte	0xc0, 0xc0, 0xc0, 0xc0, 0xf8, 0xf8, 0xc0, 0xc0, 0xc0, 0xc0, 0xc0, 0xc0, 0xf0, 0xf0, 0x00, 0x00	; +0a90
	.byte	0x00, 0x00, 0x00, 0x00, 0x3c, 0x3c, 0x3c, 0x3c, 0x3c, 0x3c, 0x3c, 0x3e, 0x1f, 0x0f, 0x00, 0x00	; +0aa0
	.byte	0x00, 0x00, 0x00, 0x00, 0x3c, 0x3c, 0x3c, 0x3c, 0x3c, 0x3c, 0x3c, 0x3c, 0xfc, 0xfc, 0x00, 0x00	; +0ab0
	.byte	0x00, 0x00, 0x00, 0x00, 0x3c, 0x3c, 0x3c, 0x3c, 0x3c, 0x3e, 0x1f, 0x0f, 0x07, 0x03, 0x00, 0x00	; +0ac0
	.byte	0x00, 0x00, 0x00, 0x00, 0x3c, 0x3c, 0x3c, 0x3c, 0x3c, 0x7c, 0xf8, 0xf0, 0xe0, 0xc0, 0x00, 0x00	; +0ad0
	.byte	0x00, 0x00, 0x00, 0x00, 0x78, 0x78, 0x79, 0x7b, 0x7f, 0x7f, 0x7f, 0x7e, 0x7c, 0x38, 0x00, 0x00	; +0ae0
	.byte	0x00, 0x00, 0x00, 0x00, 0x1e, 0x1e, 0x9e, 0xde, 0xfe, 0xfe, 0xfe, 0x7e, 0x3e, 0x1c, 0x00, 0x00	; +0af0
	.byte	0x00, 0x00, 0x00, 0x00, 0x38, 0x3c, 0x1e, 0x0f, 0x07, 0x07, 0x0f, 0x1e, 0x3c, 0x38, 0x00, 0x00	; +0b00
	.byte	0x00, 0x00, 0x00, 0x00, 0x1c, 0x3c, 0x78, 0xf0, 0xe0, 0xe0, 0xf0, 0x78, 0x3c, 0x1c, 0x00, 0x00	; +0b10
	.byte	0x00, 0x00, 0x00, 0x00, 0x3c, 0x3c, 0x3c, 0x3c, 0x3c, 0x3e, 0x1f, 0x0f, 0x07, 0x03, 0x3f, 0x3f	; +0b20
	.byte	0x00, 0x00, 0x00, 0x00, 0x3c, 0x3c, 0x3c, 0x3c, 0x3c, 0x7c, 0xf8, 0xf0, 0xe0, 0xc0, 0x80, 0x00	; +0b30
	.byte	0x00, 0x00, 0x00, 0x00, 0x3f, 0x3f, 0x00, 0x01, 0x03, 0x07, 0x0f, 0x1f, 0x3f, 0x3f, 0x00, 0x00	; +0b40
	.byte	0x00, 0x00, 0x00, 0x00, 0xfc, 0xfc, 0xf8, 0xf0, 0xe0, 0xc0, 0x80, 0x00, 0xfc, 0xfc, 0x00, 0x00	; +0b50
	.byte	0x03, 0x07, 0x0e, 0x0c, 0x0c, 0x1c, 0x38, 0x38, 0x1c, 0x0c, 0x0c, 0x0e, 0x07, 0x03, 0x00, 0x00	; +0b60
	.byte	0x00, 0x00, 0x00, 0x00, 0x00, 0x00, 0x00, 0x00, 0x00, 0x00, 0x00, 0x00, 0x00, 0x00, 0x00, 0x00	; +0b70
	.byte	0x01, 0x01, 0x01, 0x01, 0x01, 0x01, 0x01, 0x01, 0x01, 0x01, 0x01, 0x01, 0x01, 0x01, 0x00, 0x00	; +0b80
	.byte	0x80, 0x80, 0x80, 0x80, 0x80, 0x80, 0x80, 0x80, 0x80, 0x80, 0x80, 0x80, 0x80, 0x80, 0x00, 0x00	; +0b90
	.byte	0x00, 0x00, 0x00, 0x00, 0x00, 0x00, 0x00, 0x00, 0x00, 0x00, 0x00, 0x00, 0x00, 0x00, 0x00, 0x00	; +0ba0
	.byte	0x00, 0xc0, 0xe0, 0x70, 0x30, 0x30, 0x38, 0x1c, 0x1c, 0x38, 0x30, 0x30, 0x70, 0xe0, 0xc0, 0x00	; +0bb0
	.byte	0x00, 0x00, 0x0f, 0x3c, 0x00, 0x00, 0x00, 0x00, 0x00, 0x00, 0x00, 0x00, 0x00, 0x00, 0x00, 0x00	; +0bc0
	.byte	0x00, 0x00, 0xcf, 0xfc, 0x00, 0x00, 0x00, 0x00, 0x00, 0x00, 0x00, 0x00, 0x00, 0x00, 0x00, 0x00	; +0bd0
	.byte	0x00, 0x00, 0x00, 0x00, 0x03, 0x0f, 0x3f, 0x3f, 0x0f, 0x03, 0x00, 0x00, 0x00, 0x00, 0x00, 0x00	; +0be0
	.byte	0x00, 0x0c, 0x3c, 0xfc, 0xfc, 0xfc, 0xfc, 0xfc, 0xfc, 0xfc, 0xfc, 0x3c, 0x0c, 0x00, 0x00, 0x00	; +0bf0
	.byte	0x00, 0x30, 0x3c, 0x3f, 0x3f, 0x3f, 0x3f, 0x3f, 0x3f, 0x3f, 0x3f, 0x3c, 0x30, 0x00, 0x00, 0x00	; +0c00
	.byte	0x00, 0x00, 0x00, 0x00, 0xc0, 0xf0, 0xfc, 0xfc, 0xf0, 0xc0, 0x00, 0x00, 0x00, 0x00, 0x00, 0x00	; +0c10
	.byte	0x00, 0x00, 0x00, 0x00, 0x00, 0xff, 0xff, 0x3f, 0x0f, 0x03, 0x00, 0x00, 0x00, 0x00, 0x00, 0x00	; +0c20
	.byte	0x00, 0x00, 0x00, 0x00, 0x00, 0xff, 0xff, 0xfc, 0xf0, 0xc0, 0x00, 0x00, 0x00, 0x00, 0x00, 0x00	; +0c30
	.byte	0x00, 0x00, 0x00, 0x00, 0x00, 0x00, 0x00, 0x00, 0x00, 0x00, 0x0f, 0x0f, 0x03, 0x0c, 0x00, 0x00	; +0c40
	.byte	0x00, 0x00, 0x00, 0x00, 0x00, 0x00, 0x00, 0x00, 0x00, 0x00, 0x00, 0x00, 0x00, 0x00, 0x00, 0x00	; +0c50
	.byte	0x00, 0x00, 0x03, 0x03, 0x03, 0x3f, 0x3f, 0x03, 0x0f, 0x0f, 0x0f, 0x0f, 0x3f, 0x3c, 0x3c, 0x00	; +0c60
	.byte	0x00, 0xfc, 0xfc, 0xc0, 0xc0, 0xfc, 0xfc, 0xc0, 0x00, 0x00, 0x00, 0x00, 0x00, 0x00, 0x00, 0x00	; +0c70
	.byte	0x00, 0x00, 0x00, 0x00, 0x00, 0x00, 0x00, 0x00, 0x00, 0x00, 0x0f, 0x0f, 0x03, 0x0c, 0x00, 0x00	; +0c80
	.byte	0x00, 0x00, 0x00, 0x00, 0x00, 0x00, 0x00, 0x00, 0x00, 0x00, 0x3c, 0x3c, 0x0c, 0x30, 0x00, 0x00	; +0c90
	.byte	0x00, 0x00, 0x00, 0x00, 0x00, 0x03, 0x0f, 0x3f, 0xff, 0xff, 0x00, 0x00, 0x00, 0x00, 0x00, 0x00	; +0ca0
	.byte	0x00, 0x00, 0x00, 0x00, 0x00, 0xc0, 0xf0, 0xfc, 0xff, 0xff, 0x00, 0x00, 0x00, 0x00, 0x00, 0x00	; +0cb0
	.byte	0x00, 0x00, 0x01, 0x03, 0x06, 0x0c, 0x18, 0x30, 0x30, 0x18, 0x0c, 0x06, 0x03, 0x01, 0x00, 0x00	; +0cc0
	.byte	0x60, 0xe0, 0xa0, 0x20, 0x20, 0x20, 0x20, 0x20, 0x20, 0x20, 0x20, 0x20, 0x20, 0xa0, 0xe0, 0x60	; +0cd0
	.byte	0x06, 0x07, 0x05, 0x04, 0x04, 0x04, 0x04, 0x04, 0x04, 0x04, 0x04, 0x04, 0x04, 0x05, 0x07, 0x06	; +0ce0
	.byte	0x00, 0x00, 0x80, 0xc0, 0x60, 0x30, 0x18, 0x0c, 0x0c, 0x18, 0x30, 0x60, 0xc0, 0x80, 0x00, 0x00	; +0cf0
	.byte	0x00, 0x00, 0x00, 0x00, 0x00, 0xff, 0xc0, 0x60, 0x30, 0x18, 0x0c, 0x06, 0x03, 0x01, 0x00, 0x00	; +0d00
	.byte	0x00, 0x00, 0x00, 0x00, 0x00, 0xff, 0x03, 0x06, 0x0c, 0x18, 0x30, 0x60, 0xc0, 0x80, 0x00, 0x00	; +0d10
	.byte	0x00, 0x00, 0x00, 0x00, 0x00, 0x03, 0x0c, 0x30, 0xc0, 0xff, 0x00, 0x00, 0x00, 0x00, 0x00, 0x00	; +0d20
	.byte	0x00, 0x00, 0x00, 0x00, 0x00, 0xc0, 0x30, 0x0c, 0x03, 0xff, 0x00, 0x00, 0x00, 0x00, 0x00, 0x00	; +0d30
	.byte	0x0f, 0x03, 0x0f, 0x3f, 0x3c, 0x3c, 0x3f, 0x0f, 0x00, 0x3c, 0x3f, 0x0f, 0x00, 0x00, 0x00, 0x00	; +0d40
	.byte	0x3c, 0xf0, 0xfc, 0xff, 0x0f, 0x00, 0xfc, 0xff, 0x0f, 0x0f, 0xff, 0xfc, 0x00, 0x00, 0x00, 0x00	; +0d50
	.byte	0x00, 0x00, 0x04, 0x0c, 0x1c, 0x3c, 0x7f, 0x7f, 0x3c, 0x1c, 0x0c, 0x04, 0x00, 0x00, 0x00, 0x00	; +0d60
	.byte	0x00, 0x00, 0x00, 0x00, 0x00, 0x00, 0xfe, 0xfe, 0x00, 0x00, 0x00, 0x00, 0x00, 0x00, 0x00, 0x00	; +0d70
	.byte	0x1e, 0x3f, 0x79, 0x70, 0x70, 0x70, 0x70, 0x70, 0x70, 0x70, 0x70, 0x79, 0x3f, 0x1e, 0x00, 0x00	; +0d80
	.byte	0xfe, 0xfe, 0xe0, 0xe0, 0xe0, 0xe0, 0xfc, 0xfc, 0xe0, 0xe0, 0xe0, 0xe0, 0xfe, 0xfe, 0x00, 0x00	; +0d90
	.byte	0x00, 0x00, 0x00, 0x00, 0x00, 0x00, 0x7f, 0x7f, 0x00, 0x00, 0x00, 0x00, 0x00, 0x00, 0x00, 0x00	; +0da0
	.byte	0x00, 0x00, 0x20, 0x30, 0x38, 0x3c, 0xfe, 0xfe, 0x3c, 0x38, 0x30, 0x20, 0x00, 0x00, 0x00, 0x00	; +0db0
	.byte	0x00, 0x01, 0x01, 0x01, 0x01, 0x01, 0x01, 0x01, 0x01, 0x01, 0x01, 0x1f, 0x0f, 0x07, 0x03, 0x01	; +0dc0
	.byte	0x00, 0x80, 0x80, 0x80, 0x80, 0x80, 0x80, 0x80, 0x80, 0x80, 0x80, 0xf8, 0xf0, 0xe0, 0xc0, 0x80	; +0dd0
	.byte	0x00, 0x01, 0x03, 0x07, 0x0f, 0x1f, 0x01, 0x01, 0x01, 0x01, 0x01, 0x01, 0x01, 0x01, 0x01, 0x01	; +0de0
	.byte	0x00, 0x80, 0xc0, 0xe0, 0xf0, 0xf8, 0x80, 0x80, 0x80, 0x80, 0x80, 0x80, 0x80, 0x80, 0x80, 0x80	; +0df0
	.byte	0x00, 0x00, 0x02, 0x06, 0x0a, 0x13, 0x20, 0x40, 0x40, 0x20, 0x13, 0x0a, 0x06, 0x02, 0x00, 0x00	; +0e00
	.byte	0x00, 0x00, 0x00, 0x00, 0x00, 0xfe, 0x02, 0x02, 0x02, 0x02, 0xfe, 0x00, 0x00, 0x00, 0x00, 0x00	; +0e10
	.byte	0x00, 0x00, 0x03, 0x0c, 0x0f, 0x0f, 0x00, 0x00, 0x00, 0x00, 0x00, 0x00, 0x00, 0x00, 0x00, 0x00	; +0e20
	.byte	0x00, 0x00, 0x00, 0x00, 0x00, 0x00, 0x00, 0x00, 0x00, 0x00, 0x00, 0x00, 0x00, 0x00, 0x00, 0x00	; +0e30
	.byte	0x00, 0x00, 0x0f, 0x0f, 0x03, 0x0c, 0x00, 0x00, 0x00, 0x00, 0x00, 0x00, 0x00, 0x00, 0x00, 0x00	; +0e40
	.byte	0x00, 0x00, 0x00, 0x00, 0x00, 0x00, 0x00, 0x00, 0x00, 0x00, 0x00, 0x00, 0x00, 0x00, 0x00, 0x00	; +0e50
	.byte	0x00, 0x00, 0x03, 0x0c, 0x0f, 0x0f, 0x00, 0x00, 0x00, 0x00, 0x00, 0x00, 0x00, 0x00, 0x00, 0x00	; +0e60
	.byte	0x00, 0x00, 0x0c, 0x30, 0x3c, 0x3c, 0x00, 0x00, 0x00, 0x00, 0x00, 0x00, 0x00, 0x00, 0x00, 0x00	; +0e70
	.byte	0x00, 0x00, 0x0f, 0x0f, 0x03, 0x0c, 0x00, 0x00, 0x00, 0x00, 0x00, 0x00, 0x00, 0x00, 0x00, 0x00	; +0e80
	.byte	0x00, 0x00, 0x3c, 0x3c, 0x0c, 0x30, 0x00, 0x00, 0x00, 0x00, 0x00, 0x00, 0x00, 0x00, 0x00, 0x00	; +0e90
	.byte	0x00, 0x00, 0x00, 0x00, 0x00, 0x7f, 0x40, 0x40, 0x40, 0x40, 0x7f, 0x00, 0x00, 0x00, 0x00, 0x00	; +0ea0
	.byte	0x00, 0x00, 0x20, 0x30, 0x28, 0xe4, 0x02, 0x01, 0x01, 0x02, 0xe4, 0x28, 0x30, 0x20, 0x00, 0x00	; +0eb0
	.byte	0x00, 0x07, 0x04, 0x04, 0x04, 0x04, 0x04, 0x04, 0x04, 0x3c, 0x10, 0x08, 0x04, 0x02, 0x01, 0x00	; +0ec0
	.byte	0x00, 0xe0, 0x20, 0x20, 0x20, 0x20, 0x20, 0x20, 0x20, 0x3c, 0x08, 0x10, 0x20, 0x40, 0x80, 0x00	; +0ed0
	.byte	0x01, 0x02, 0x04, 0x08, 0x10, 0x3c, 0x04, 0x04, 0x04, 0x04, 0x04, 0x04, 0x04, 0x04, 0x07, 0x00	; +0ee0
	.byte	0x80, 0x40, 0x20, 0x10, 0x08, 0x3c, 0x20, 0x20, 0x20, 0x20, 0x20, 0x20, 0x20, 0x20, 0xe0, 0x00	; +0ef0
	.byte	0x00, 0x00, 0x00, 0x00, 0x00, 0xc0, 0xe0, 0x70, 0x38, 0x1c, 0x0e, 0x07, 0x03, 0x01, 0x00, 0x00	; +0f00
	.byte	0x00, 0x00, 0x00, 0x00, 0x00, 0x03, 0x07, 0x0e, 0x1c, 0x38, 0x70, 0xe0, 0xc0, 0x80, 0x00, 0x00	; +0f10
	.byte	0x00, 0x00, 0xff, 0x33, 0x33, 0x33, 0x00, 0x00, 0x00, 0x00, 0x00, 0x00, 0x00, 0x00, 0x00, 0x00	; +0f20
	.byte	0x00, 0x00, 0x03, 0xcf, 0x33, 0x03, 0x00, 0x00, 0x00, 0x00, 0x00, 0x00, 0x00, 0x00, 0x00, 0x00	; +0f30
	.byte	0x00, 0x0f, 0x03, 0x00, 0x0f, 0x3f, 0x3c, 0x3f, 0x0f, 0x00, 0x3f, 0x3f, 0x00, 0x00, 0x00, 0x00	; +0f40
	.byte	0x00, 0x3c, 0xf0, 0x00, 0xff, 0xff, 0x00, 0xfc, 0xff, 0x0f, 0xff, 0xfc, 0x00, 0x00, 0x00, 0x00	; +0f50
	.byte	0x00, 0x00, 0x00, 0x00, 0x00, 0x01, 0x03, 0x07, 0x0e, 0x1c, 0x38, 0x70, 0xe0, 0xc0, 0x00, 0x00	; +0f60
	.byte	0x00, 0x00, 0x00, 0x00, 0x00, 0x80, 0xc0, 0xe0, 0x70, 0x38, 0x1c, 0x0e, 0x07, 0x03, 0x00, 0x00	; +0f70
	.byte	0x00, 0x00, 0x00, 0x00, 0x1c, 0x3e, 0x7b, 0x71, 0x71, 0x71, 0x71, 0x7b, 0x3e, 0x1c, 0x00, 0x00	; +0f80
	.byte	0x00, 0x00, 0x00, 0x00, 0x7c, 0xfe, 0xc6, 0xc6, 0xfe, 0xfe, 0xc0, 0xe0, 0xfe, 0x7c, 0x00, 0x00	; +0f90
	.byte	0x00, 0x00, 0x07, 0x18, 0x30, 0x20, 0x40, 0x40, 0x40, 0x40, 0x40, 0x20, 0x30, 0x18, 0x07, 0x00	; +0fa0
	.byte	0x00, 0x00, 0xe0, 0x18, 0x0c, 0x04, 0x02, 0x02, 0x02, 0x02, 0x02, 0x04, 0x0c, 0x18, 0xe0, 0x00	; +0fb0
	.byte	0x00, 0x06, 0x06, 0x06, 0x07, 0x1f, 0x1e, 0x06, 0x07, 0x1f, 0x1e, 0x06, 0x06, 0x06, 0x00, 0x00	; +0fc0
	.byte	0x60, 0x60, 0x60, 0x78, 0xf8, 0xe0, 0x60, 0x78, 0xf8, 0xe0, 0x60, 0x60, 0x60, 0x00, 0x00, 0x00	; +0fd0
	.byte	0x3c, 0x3c, 0x00, 0x3c, 0x3c, 0x3c, 0x3f, 0x0f, 0x03, 0x03, 0x03, 0x03, 0x00, 0x00, 0x00, 0x00	; +0fe0
	.byte	0x3c, 0x3c, 0x00, 0x3c, 0x3c, 0x3c, 0xfc, 0xf0, 0xc0, 0xc0, 0xc0, 0xc0, 0x00, 0x00, 0x00, 0x00	; +0ff0
	.byte	0x0c, 0x0c, 0x0c, 0x0c, 0x0d, 0x0f, 0x0e, 0x0c, 0x0c, 0x0c, 0x0d, 0x0f, 0x0e, 0x0c, 0x00, 0x00	; +1000
	.byte	0x00, 0x00, 0x00, 0xc0, 0xe0, 0x60, 0x60, 0x60, 0x60, 0xc0, 0x80, 0x00, 0x00, 0x00, 0x00, 0x00	; +1010
	.byte	0x00, 0x00, 0x00, 0x00, 0x00, 0x00, 0x0f, 0x3c, 0xf0, 0xfc, 0xff, 0x3f, 0x00, 0x00, 0x00, 0x00	; +1020
	.byte	0x00, 0x00, 0x00, 0x00, 0x00, 0x00, 0xfc, 0xff, 0x3f, 0x0f, 0x3c, 0xf0, 0x00, 0x00, 0x00, 0x00	; +1030
	.byte	0x00, 0x00, 0x00, 0x00, 0x0f, 0x3f, 0x3c, 0x3c, 0x3c, 0x3f, 0x3f, 0x0f, 0x0c, 0x3c, 0x30, 0x00	; +1040
	.byte	0x00, 0x03, 0x0f, 0x0c, 0xfc, 0xff, 0x3f, 0xc0, 0xc0, 0x0f, 0xff, 0xfc, 0x00, 0x00, 0x00, 0x00	; +1050
	.byte	0x00, 0x00, 0x03, 0x0f, 0x0f, 0x0f, 0x3f, 0x3f, 0x0f, 0x0f, 0x3f, 0x3f, 0x00, 0x00, 0x00, 0x00	; +1060
	.byte	0x00, 0x00, 0xf0, 0xf0, 0x00, 0x00, 0xf0, 0xf0, 0x00, 0x0f, 0xff, 0xfc, 0x00, 0x00, 0x00, 0x00	; +1070
	.byte	0x01, 0x03, 0x03, 0x07, 0xc6, 0x66, 0x3c, 0x1c, 0x0c, 0x1e, 0x1b, 0x19, 0x33, 0x33, 0x3f, 0x3f	; +1080
	.byte	0x80, 0xc0, 0xc0, 0xe0, 0x60, 0x60, 0x30, 0x30, 0x30, 0x18, 0x18, 0x98, 0xcc, 0xcc, 0xfc, 0xfc	; +1090
	.byte	0x00, 0x00, 0x3c, 0x3c, 0x0c, 0x0f, 0x03, 0x3f, 0x03, 0x3f, 0x03, 0x03, 0x03, 0x00, 0x00, 0x00	; +10a0
	.byte	0x00, 0x00, 0x3c, 0x3c, 0x30, 0xf0, 0xc0, 0xfc, 0xc0, 0xfc, 0xc0, 0xc0, 0xc0, 0x00, 0x00, 0x00	; +10b0
	.byte	0x00, 0x00, 0x00, 0x00, 0x00, 0x00, 0x00, 0x00, 0x3f, 0xc0, 0xc0, 0xc0, 0x3f, 0x00, 0x00, 0x00	; +10c0
	.byte	0xc0, 0xc0, 0xc0, 0xc0, 0xc0, 0xc0, 0xc0, 0xc0, 0xc0, 0xc0, 0xc0, 0xc0, 0x00, 0x00, 0x00, 0x00	; +10d0
	.byte	0x00, 0x00, 0x03, 0x0c, 0x0c, 0x03, 0x0c, 0x30, 0x30, 0x0c, 0x03, 0x00, 0x00, 0x0c, 0x0f, 0x00	; +10e0
	.byte	0x00, 0x00, 0xf0, 0x30, 0x00, 0x00, 0xc0, 0x30, 0x0c, 0x0c, 0x30, 0xc0, 0x30, 0x30, 0xc0, 0x00	; +10f0
	.byte	0x00, 0x00, 0x00, 0x00, 0x00, 0x00, 0x00, 0x00, 0x00, 0x00, 0x0f, 0x1f, 0x3f, 0x3f, 0x3f, 0x1e	; +1100
	.byte	0x00, 0xc0, 0xc0, 0xc0, 0xc0, 0xc0, 0xc0, 0xc0, 0xc0, 0xc0, 0xc0, 0xd8, 0xd8, 0x80, 0x00, 0x00	; +1110
	.byte	0x00, 0x00, 0x0f, 0x3c, 0x33, 0x33, 0x33, 0x33, 0x33, 0x33, 0x3c, 0x0f, 0x00, 0x00, 0x00, 0x00	; +1120
	.byte	0x00, 0x00, 0xfc, 0x0f, 0xf3, 0x33, 0x03, 0x03, 0x33, 0xf3, 0x0f, 0xfc, 0x00, 0x00, 0x00, 0x00	; +1130
	.byte	0x00, 0x00, 0x00, 0x00, 0x00, 0x00, 0x00, 0x00, 0x00, 0x3f, 0xff, 0xff, 0x3f, 0x00, 0x00, 0x00	; +1140
	.byte	0xc0, 0xc0, 0xc0, 0xc0, 0xc0, 0xc0, 0xc0, 0xc0, 0xc0, 0xc0, 0xc0, 0xc0, 0x00, 0x00, 0x00, 0x00	; +1150
	.byte	0x00, 0x00, 0x00, 0x00, 0x00, 0x00, 0x00, 0x00, 0x00, 0x3f, 0xff, 0xff, 0x3f, 0x00, 0x00, 0x00	; +1160
	.byte	0xc0, 0xf0, 0xfc, 0xff, 0xcf, 0xc3, 0xc3, 0xc3, 0xcc, 0xc0, 0xc0, 0xc0, 0x00, 0x00, 0x00, 0x00	; +1170
	.byte	0x00, 0x00, 0x00, 0x00, 0x00, 0x00, 0x00, 0x00, 0x00, 0x3f, 0xff, 0xff, 0x3f, 0x00, 0x00, 0x00	; +1180
	.byte	0xc0, 0xf0, 0xfc, 0xcf, 0xf3, 0xff, 0xcf, 0xc3, 0xc3, 0xcc, 0xc0, 0xc0, 0x00, 0x00, 0x00, 0x00	; +1190
	.byte	0x00, 0x00, 0x00, 0x00, 0x00, 0x00, 0x00, 0x00, 0x00, 0x3f, 0xff, 0xff, 0x3f, 0x00, 0x00, 0x00	; +11a0
	.byte	0xc0, 0xf0, 0xfc, 0xcf, 0xf3, 0xff, 0xcf, 0xf3, 0xff, 0xcf, 0xc3, 0xcc, 0x00, 0x00, 0x00, 0x00	; +11b0
	.byte	0x00, 0x00, 0x0f, 0x3c, 0x33, 0x33, 0x33, 0x33, 0x33, 0x33, 0x3c, 0x0f, 0x00, 0x00, 0x00, 0x00	; +11c0
	.byte	0x00, 0x00, 0xfc, 0x0f, 0xf3, 0x33, 0x33, 0xf3, 0xc3, 0x33, 0x0f, 0xfc, 0x00, 0x00, 0x00, 0x00	; +11d0
	.byte	0x00, 0x00, 0x00, 0x00, 0x00, 0x00, 0x3f, 0x0f, 0x0f, 0x00, 0x00, 0x00, 0x00, 0x00, 0x00, 0x00	; +11e0
	.byte	0x00, 0x00, 0x00, 0x00, 0x00, 0x00, 0xfc, 0xf0, 0xf0, 0x00, 0x00, 0x00, 0x00, 0x00, 0x00, 0x00	; +11f0
	.byte	0x00, 0x00, 0x00, 0x00, 0x00, 0x00, 0x00, 0x0f, 0x0f, 0x3f, 0x00, 0x00, 0x00, 0x00, 0x00, 0x00	; +1200
	.byte	0x00, 0x00, 0x00, 0x00, 0x00, 0x00, 0x00, 0xf0, 0xf0, 0xfc, 0x00, 0x00, 0x00, 0x00, 0x00, 0x00	; +1210
	.byte	0x00, 0x00, 0x03, 0x03, 0x3f, 0x3f, 0x03, 0x03, 0x00, 0x3f, 0x3f, 0x00, 0x00, 0x00, 0x00, 0x00	; +1220
	.byte	0x00, 0x00, 0xc0, 0xc0, 0xfc, 0xfc, 0xc0, 0xc0, 0x00, 0xfc, 0xfc, 0x00, 0x00, 0x00, 0x00, 0x00	; +1230
	.byte	0x00, 0x00, 0x00, 0x03, 0x0f, 0x3f, 0x0f, 0x03, 0x00, 0x0f, 0x3f, 0x3f, 0x3c, 0x0c, 0x03, 0x00	; +1240
	.byte	0xc0, 0x30, 0xfc, 0xff, 0xfc, 0xf0, 0xc0, 0xc0, 0xc0, 0xf0, 0xfc, 0x00, 0x00, 0x00, 0x00, 0x00	; +1250
	.byte	0x00, 0x00, 0x00, 0x00, 0x0f, 0x3f, 0x0f, 0x00, 0x00, 0x00, 0x00, 0x00, 0x00, 0x00, 0x00, 0x00	; +1260
	.byte	0x00, 0x00, 0x00, 0x03, 0x0f, 0x3f, 0xcc, 0x0c, 0x3c, 0x30, 0xf0, 0xf0, 0xf0, 0x00, 0x00, 0x00	; +1270
	.byte	0x03, 0x0f, 0x03, 0x00, 0x0f, 0x3f, 0x0f, 0x00, 0x00, 0x00, 0x00, 0x00, 0x00, 0x00, 0x00, 0x00	; +1280
	.byte	0xc3, 0xcf, 0xf3, 0x0f, 0x0f, 0x3c, 0xcc, 0x0c, 0x3c, 0xf0, 0xf0, 0xf0, 0xf0, 0x00, 0x00, 0x00	; +1290
	.byte	0x00, 0x00, 0x3c, 0x3c, 0x3c, 0x3c, 0x3c, 0x3c, 0x3c, 0x3f, 0x3f, 0x3f, 0x3c, 0x3c, 0x3c, 0x00	; +12a0
	.byte	0x00, 0x00, 0x3c, 0x3c, 0x3c, 0x3c, 0x3c, 0x3c, 0xfc, 0xfc, 0xff, 0x3f, 0x00, 0x00, 0x00, 0x00	; +12b0
	.byte	0x03, 0x0f, 0x03, 0x00, 0x0f, 0x3f, 0x0f, 0x00, 0x3c, 0xfc, 0x3f, 0x00, 0x03, 0x03, 0x00, 0x00	; +12c0
	.byte	0xc3, 0xcf, 0xf3, 0x0f, 0x0f, 0x3c, 0xcc, 0x3c, 0x30, 0xf0, 0xf0, 0xc0, 0xc0, 0xc0, 0x00, 0x00	; +12d0
	.byte	0x00, 0x00, 0x00, 0x00, 0x00, 0x00, 0x03, 0x03, 0x03, 0x00, 0x00, 0x00, 0x00, 0x00, 0x00, 0x00	; +12e0
	.byte	0x00, 0x00, 0x00, 0x00, 0x00, 0x00, 0x80, 0x80, 0x80, 0x00, 0x00, 0x00, 0x00, 0x00, 0x00, 0x00	; +12f0
	.byte	0x00, 0x00, 0x00, 0x00, 0x00, 0x00, 0x0f, 0x3c, 0x00, 0x03, 0x00, 0x3c, 0x0f, 0x00, 0x00, 0x00	; +1300
	.byte	0x00, 0x00, 0x00, 0x00, 0x00, 0x00, 0xf0, 0x3c, 0x3c, 0xf0, 0x3c, 0x3c, 0xf0, 0x00, 0x00, 0x00	; +1310
	.byte	0x00, 0x00, 0x00, 0x03, 0x0f, 0x3f, 0x3c, 0x3c, 0x3f, 0x0f, 0x03, 0x00, 0x00, 0x00, 0x00, 0x00	; +1320
	.byte	0x00, 0x00, 0x00, 0xf0, 0xfc, 0x0f, 0x03, 0x03, 0x0f, 0xfc, 0xf0, 0x00, 0x00, 0x00, 0x00, 0x00	; +1330
	.byte	0x00, 0x00, 0x00, 0x0f, 0x3f, 0xf0, 0xc0, 0xc0, 0xf0, 0x3f, 0x0f, 0x00, 0x00, 0x00, 0x00, 0x00	; +1340
	.byte	0x00, 0x00, 0x00, 0xc0, 0xf0, 0xfc, 0x3c, 0x3c, 0xfc, 0xf0, 0xc0, 0x00, 0x00, 0x00, 0x00, 0x00	; +1350
	.byte	0x00, 0x01, 0x03, 0x03, 0x00, 0x00, 0x7c, 0x7c, 0x00, 0x00, 0x00, 0x00, 0x03, 0x03, 0x00, 0x00	; +1360
	.byte	0xf0, 0xf0, 0xf0, 0xf0, 0xf0, 0xf0, 0xf0, 0xf0, 0xf0, 0xf0, 0xf0, 0xf0, 0xfc, 0xfc, 0x00, 0x00	; +1370
	.byte	0x00, 0x00, 0x03, 0x0f, 0x0f, 0x00, 0xfc, 0xfc, 0x03, 0x0f, 0x0f, 0x0f, 0x00, 0x00, 0x00, 0x00	; +1380
	.byte	0x00, 0x00, 0xfc, 0xff, 0x0f, 0x0f, 0x3f, 0xfc, 0xf0, 0xc0, 0xff, 0xff, 0x00, 0x00, 0x00, 0x00	; +1390
	.byte	0x00, 0x00, 0x00, 0x00, 0x00, 0x00, 0x3f, 0x03, 0x00, 0x00, 0x03, 0x03, 0x0f, 0x00, 0x00, 0x00	; +13a0
	.byte	0x00, 0x00, 0x03, 0x0f, 0x0f, 0x3f, 0xff, 0xff, 0xff, 0xff, 0xfc, 0xf0, 0x00, 0x00, 0x00, 0x00	; +13b0
	.byte	0x00, 0x00, 0x00, 0xc0, 0xc0, 0xf0, 0xff, 0xff, 0xfc, 0xfc, 0xff, 0x3f, 0x03, 0x00, 0x00, 0x00	; +13c0
	.byte	0x00, 0x00, 0x00, 0x00, 0x00, 0x00, 0xf0, 0x00, 0x00, 0x00, 0x00, 0x00, 0xc0, 0x00, 0x00, 0x00	; +13d0
	.byte	0x03, 0x03, 0x00, 0x03, 0x03, 0x07, 0x0f, 0x1f, 0x3e, 0x3c, 0x3c, 0x3e, 0x1f, 0x0f, 0x00, 0x00	; +13e0
	.byte	0xc0, 0xc0, 0x00, 0xc0, 0xc0, 0xc0, 0x80, 0x00, 0x00, 0x00, 0x3c, 0x7c, 0xf8, 0xf0, 0x00, 0x00	; +13f0
	.byte	0x7f, 0x40, 0x40, 0x40, 0x40, 0x40, 0x40, 0x40, 0x40, 0x40, 0x40, 0x40, 0x40, 0x7f, 0x00, 0x00	; +1400
	.byte	0xff, 0x01, 0x01, 0x01, 0x01, 0x01, 0x01, 0x01, 0x01, 0x01, 0x01, 0x01, 0x01, 0xff, 0x00, 0x00	; +1410
	.byte	0x7f, 0x40, 0x40, 0x40, 0x40, 0x40, 0x40, 0x40, 0x40, 0x40, 0x40, 0x40, 0x40, 0x7f, 0x00, 0x00	; +1420
	.byte	0xff, 0x01, 0x01, 0x01, 0x01, 0x01, 0x01, 0x01, 0x01, 0x01, 0x01, 0x01, 0x01, 0xff, 0x00, 0x00	; +1430
	.byte	0x7f, 0x40, 0x40, 0x40, 0x40, 0x40, 0x40, 0x40, 0x40, 0x40, 0x40, 0x40, 0x40, 0x7f, 0x00, 0x00	; +1440
	.byte	0xff, 0x01, 0x01, 0x01, 0x01, 0x01, 0x01, 0x01, 0x01, 0x01, 0x01, 0x01, 0x01, 0xff, 0x00, 0x00	; +1450
	.byte	0x7f, 0x40, 0x40, 0x40, 0x40, 0x40, 0x40, 0x40, 0x40, 0x40, 0x40, 0x40, 0x40, 0x7f, 0x00, 0x00	; +1460
	.byte	0xff, 0x01, 0x01, 0x01, 0x01, 0x01, 0x01, 0x01, 0x01, 0x01, 0x01, 0x01, 0x01, 0xff, 0x00, 0x00	; +1470
	.byte	0x7f, 0x40, 0x40, 0x40, 0x40, 0x40, 0x40, 0x40, 0x40, 0x40, 0x40, 0x40, 0x40, 0x7f, 0x00, 0x00	; +1480
	.byte	0xff, 0x01, 0x01, 0x01, 0x01, 0x01, 0x01, 0x01, 0x01, 0x01, 0x01, 0x01, 0x01, 0xff, 0x00, 0x00	; +1490
	.byte	0x7f, 0x40, 0x40, 0x40, 0x40, 0x40, 0x40, 0x40, 0x40, 0x40, 0x40, 0x40, 0x40, 0x7f, 0x00, 0x00	; +14a0
	.byte	0xff, 0x01, 0x01, 0x01, 0x01, 0x01, 0x01, 0x01, 0x01, 0x01, 0x01, 0x01, 0x01, 0xff, 0x00, 0x00	; +14b0
	.byte	0x7f, 0x40, 0x40, 0x40, 0x40, 0x40, 0x40, 0x40, 0x40, 0x40, 0x40, 0x40, 0x40, 0x7f, 0x00, 0x00	; +14c0
	.byte	0xff, 0x01, 0x01, 0x01, 0x01, 0x01, 0x01, 0x01, 0x01, 0x01, 0x01, 0x01, 0x01, 0xff, 0x00, 0x00	; +14d0
	.byte	0x7f, 0x40, 0x40, 0x40, 0x40, 0x40, 0x40, 0x40, 0x40, 0x40, 0x40, 0x40, 0x40, 0x7f, 0x00, 0x00	; +14e0
	.byte	0xff, 0x01, 0x01, 0x01, 0x01, 0x01, 0x01, 0x01, 0x01, 0x01, 0x01, 0x01, 0x01, 0xff, 0x00, 0x00	; +14f0
	.byte	0x7f, 0x40, 0x40, 0x40, 0x40, 0x40, 0x40, 0x40, 0x40, 0x40, 0x40, 0x40, 0x40, 0x7f, 0x00, 0x00	; +1500
	.byte	0xff, 0x01, 0x01, 0x01, 0x01, 0x01, 0x01, 0x01, 0x01, 0x01, 0x01, 0x01, 0x01, 0xff, 0x00, 0x00	; +1510
	.byte	0x7f, 0x40, 0x40, 0x40, 0x40, 0x40, 0x40, 0x40, 0x40, 0x40, 0x40, 0x40, 0x40, 0x7f, 0x00, 0x00	; +1520
	.byte	0xff, 0x01, 0x01, 0x01, 0x01, 0x01, 0x01, 0x01, 0x01, 0x01, 0x01, 0x01, 0x01, 0xff, 0x00, 0x00	; +1530
	.byte	0x7f, 0x40, 0x40, 0x40, 0x40, 0x40, 0x40, 0x40, 0x40, 0x40, 0x40, 0x40, 0x40, 0x7f, 0x00, 0x00	; +1540
	.byte	0xff, 0x01, 0x01, 0x01, 0x01, 0x01, 0x01, 0x01, 0x01, 0x01, 0x01, 0x01, 0x01, 0xff, 0x00, 0x00	; +1550
	.byte	0x7f, 0x40, 0x40, 0x40, 0x40, 0x40, 0x40, 0x40, 0x40, 0x40, 0x40, 0x40, 0x40, 0x7f, 0x00, 0x00	; +1560
	.byte	0xff, 0x01, 0x01, 0x01, 0x01, 0x01, 0x01, 0x01, 0x01, 0x01, 0x01, 0x01, 0x01, 0xff, 0x00, 0x00	; +1570
	.byte	0x7f, 0x40, 0x40, 0x40, 0x40, 0x40, 0x40, 0x40, 0x40, 0x40, 0x40, 0x40, 0x40, 0x7f, 0x00, 0x00	; +1580
	.byte	0xff, 0x01, 0x01, 0x01, 0x01, 0x01, 0x01, 0x01, 0x01, 0x01, 0x01, 0x01, 0x01, 0xff, 0x00, 0x00	; +1590
	.byte	0x7f, 0x40, 0x40, 0x40, 0x40, 0x40, 0x40, 0x40, 0x40, 0x40, 0x40, 0x40, 0x40, 0x7f, 0x00, 0x00	; +15a0
	.byte	0xff, 0x01, 0x01, 0x01, 0x01, 0x01, 0x01, 0x01, 0x01, 0x01, 0x01, 0x01, 0x01, 0xff, 0x00, 0x00	; +15b0
	.byte	0x7f, 0x40, 0x40, 0x40, 0x40, 0x40, 0x40, 0x40, 0x40, 0x40, 0x40, 0x40, 0x40, 0x7f, 0x00, 0x00	; +15c0
	.byte	0xff, 0x01, 0x01, 0x01, 0x01, 0x01, 0x01, 0x01, 0x01, 0x01, 0x01, 0x01, 0x01, 0xff, 0x00, 0x00	; +15d0
	.byte	0x7f, 0x40, 0x40, 0x40, 0x40, 0x40, 0x40, 0x40, 0x40, 0x40, 0x40, 0x40, 0x40, 0x7f, 0x00, 0x00	; +15e0
	.byte	0xff, 0x01, 0x01, 0x01, 0x01, 0x01, 0x01, 0x01, 0x01, 0x01, 0x01, 0x01, 0x01, 0xff, 0x00, 0x00	; +15f0
	.byte	0x7f, 0x40, 0x40, 0x40, 0x40, 0x40, 0x40, 0x40, 0x40, 0x40, 0x40, 0x40, 0x40, 0x7f, 0x00, 0x00	; +1600
	.byte	0xff, 0x01, 0x01, 0x01, 0x01, 0x01, 0x01, 0x01, 0x01, 0x01, 0x01, 0x01, 0x01, 0xff, 0x00, 0x00	; +1610
	.byte	0x7f, 0x40, 0x40, 0x40, 0x40, 0x40, 0x40, 0x40, 0x40, 0x40, 0x40, 0x40, 0x40, 0x7f, 0x00, 0x00	; +1620
	.byte	0xff, 0x01, 0x01, 0x01, 0x01, 0x01, 0x01, 0x01, 0x01, 0x01, 0x01, 0x01, 0x01, 0xff, 0x00, 0x00	; +1630
	.byte	0x7f, 0x40, 0x40, 0x40, 0x40, 0x40, 0x40, 0x40, 0x40, 0x40, 0x40, 0x40, 0x40, 0x7f, 0x00, 0x00	; +1640
	.byte	0xff, 0x01, 0x01, 0x01, 0x01, 0x01, 0x01, 0x01, 0x01, 0x01, 0x01, 0x01, 0x01, 0xff, 0x00, 0x00	; +1650
	.byte	0x7f, 0x40, 0x40, 0x40, 0x40, 0x40, 0x40, 0x40, 0x40, 0x40, 0x40, 0x40, 0x40, 0x7f, 0x00, 0x00	; +1660
	.byte	0xff, 0x01, 0x01, 0x01, 0x01, 0x01, 0x01, 0x01, 0x01, 0x01, 0x01, 0x01, 0x01, 0xff, 0x00, 0x00	; +1670
	.byte	0x7f, 0x40, 0x40, 0x40, 0x40, 0x40, 0x40, 0x40, 0x40, 0x40, 0x40, 0x40, 0x40, 0x7f, 0x00, 0x00	; +1680
	.byte	0xff, 0x01, 0x01, 0x01, 0x01, 0x01, 0x01, 0x01, 0x01, 0x01, 0x01, 0x01, 0x01, 0xff, 0x00, 0x00	; +1690
	.byte	0x7f, 0x40, 0x40, 0x40, 0x40, 0x40, 0x40, 0x40, 0x40, 0x40, 0x40, 0x40, 0x40, 0x7f, 0x00, 0x00	; +16a0
	.byte	0xff, 0x01, 0x01, 0x01, 0x01, 0x01, 0x01, 0x01, 0x01, 0x01, 0x01, 0x01, 0x01, 0xff, 0x00, 0x00	; +16b0
	.byte	0x7f, 0x40, 0x40, 0x40, 0x40, 0x40, 0x40, 0x40, 0x40, 0x40, 0x40, 0x40, 0x40, 0x7f, 0x00, 0x00	; +16c0
	.byte	0xff, 0x01, 0x01, 0x01, 0x01, 0x01, 0x01, 0x01, 0x01, 0x01, 0x01, 0x01, 0x01, 0xff, 0x00, 0x00	; +16d0
	.byte	0x00, 0x00, 0x18, 0x1c, 0x0e, 0x07, 0x03, 0x03, 0x07, 0x0e, 0x1c, 0x18, 0x00, 0x00, 0x00, 0x00	; +16e0
	.byte	0x00, 0x00, 0x18, 0x38, 0x70, 0xe0, 0xc0, 0xc0, 0xe0, 0x70, 0x38, 0x18, 0x00, 0x00, 0x00, 0x00	; +16f0
	.byte	0x7f, 0x40, 0x40, 0x40, 0x40, 0x40, 0x40, 0x40, 0x40, 0x40, 0x40, 0x40, 0x40, 0x7f, 0x00, 0x00	; +1700
	.byte	0xff, 0x01, 0x01, 0x01, 0x01, 0x01, 0x01, 0x01, 0x01, 0x01, 0x01, 0x01, 0x01, 0xff, 0x00, 0x00	; +1710
	.byte	0x7f, 0x40, 0x40, 0x40, 0x40, 0x40, 0x40, 0x40, 0x40, 0x40, 0x40, 0x40, 0x40, 0x7f, 0x00, 0x00	; +1720
	.byte	0xff, 0x01, 0x01, 0x01, 0x01, 0x01, 0x01, 0x01, 0x01, 0x01, 0x01, 0x01, 0x01, 0xff, 0x00, 0x00	; +1730
	.byte	0x7f, 0x40, 0x40, 0x40, 0x40, 0x40, 0x40, 0x40, 0x40, 0x40, 0x40, 0x40, 0x40, 0x7f, 0x00, 0x00	; +1740
	.byte	0xff, 0x01, 0x01, 0x01, 0x01, 0x01, 0x01, 0x01, 0x01, 0x01, 0x01, 0x01, 0x01, 0xff, 0x00, 0x00	; +1750
	.byte	0x7f, 0x40, 0x40, 0x40, 0x40, 0x40, 0x40, 0x40, 0x40, 0x40, 0x40, 0x40, 0x40, 0x7f, 0x00, 0x00	; +1760
	.byte	0xff, 0x01, 0x01, 0x01, 0x01, 0x01, 0x01, 0x01, 0x01, 0x01, 0x01, 0x01, 0x01, 0xff, 0x00, 0x00	; +1770
	.byte	0x7f, 0x40, 0x40, 0x40, 0x40, 0x40, 0x40, 0x40, 0x40, 0x40, 0x40, 0x40, 0x40, 0x7f, 0x00, 0x00	; +1780
	.byte	0xff, 0x01, 0x01, 0x01, 0x01, 0x01, 0x01, 0x01, 0x01, 0x01, 0x01, 0x01, 0x01, 0xff, 0x00, 0x00	; +1790
	.byte	0x7f, 0x40, 0x40, 0x40, 0x40, 0x40, 0x40, 0x40, 0x40, 0x40, 0x40, 0x40, 0x40, 0x7f, 0x00, 0x00	; +17a0
	.byte	0xff, 0x01, 0x01, 0x01, 0x01, 0x01, 0x01, 0x01, 0x01, 0x01, 0x01, 0x01, 0x01, 0xff, 0x00, 0x00	; +17b0
	.byte	0x7f, 0x40, 0x40, 0x40, 0x40, 0x40, 0x40, 0x40, 0x40, 0x40, 0x40, 0x40, 0x40, 0x7f, 0x00, 0x00	; +17c0
	.byte	0xff, 0x01, 0x01, 0x01, 0x01, 0x01, 0x01, 0x01, 0x01, 0x01, 0x01, 0x01, 0x01, 0xff, 0x00, 0x00	; +17d0
	.byte	0x7f, 0x40, 0x40, 0x40, 0x40, 0x40, 0x40, 0x40, 0x40, 0x40, 0x40, 0x40, 0x40, 0x7f, 0x00, 0x00	; +17e0
	.byte	0xff, 0x01, 0x01, 0x01, 0x01, 0x01, 0x01, 0x01, 0x01, 0x01, 0x01, 0x01, 0x01, 0xff, 0x00, 0x00	; +17f0
	.byte	0x7f, 0x40, 0x40, 0x40, 0x40, 0x40, 0x40, 0x40, 0x40, 0x40, 0x40, 0x40, 0x40, 0x7f, 0x00, 0x00	; +1800
	.byte	0xff, 0x01, 0x01, 0x01, 0x01, 0x01, 0x01, 0x01, 0x01, 0x01, 0x01, 0x01, 0x01, 0xff, 0x00, 0x00	; +1810
	.byte	0x7f, 0x40, 0x40, 0x40, 0x40, 0x40, 0x40, 0x40, 0x40, 0x40, 0x40, 0x40, 0x40, 0x7f, 0x00, 0x00	; +1820
	.byte	0xff, 0x01, 0x01, 0x01, 0x01, 0x01, 0x01, 0x01, 0x01, 0x01, 0x01, 0x01, 0x01, 0xff, 0x00, 0x00	; +1830
	.byte	0x7f, 0x40, 0x40, 0x40, 0x40, 0x40, 0x40, 0x40, 0x40, 0x40, 0x40, 0x40, 0x40, 0x7f, 0x00, 0x00	; +1840
	.byte	0xff, 0x01, 0x01, 0x01, 0x01, 0x01, 0x01, 0x01, 0x01, 0x01, 0x01, 0x01, 0x01, 0xff, 0x00, 0x00	; +1850
	.byte	0x7f, 0x40, 0x40, 0x40, 0x40, 0x40, 0x40, 0x40, 0x40, 0x40, 0x40, 0x40, 0x40, 0x7f, 0x00, 0x00	; +1860
	.byte	0xff, 0x01, 0x01, 0x01, 0x01, 0x01, 0x01, 0x01, 0x01, 0x01, 0x01, 0x01, 0x01, 0xff, 0x00, 0x00	; +1870
	.byte	0x7f, 0x40, 0x40, 0x40, 0x40, 0x40, 0x40, 0x40, 0x40, 0x40, 0x40, 0x40, 0x40, 0x7f, 0x00, 0x00	; +1880
	.byte	0xff, 0x01, 0x01, 0x01, 0x01, 0x01, 0x01, 0x01, 0x01, 0x01, 0x01, 0x01, 0x01, 0xff, 0x00, 0x00	; +1890
	.byte	0x7f, 0x40, 0x40, 0x40, 0x40, 0x40, 0x40, 0x40, 0x40, 0x40, 0x40, 0x40, 0x40, 0x7f, 0x00, 0x00	; +18a0
	.byte	0xff, 0x01, 0x01, 0x01, 0x01, 0x01, 0x01, 0x01, 0x01, 0x01, 0x01, 0x01, 0x01, 0xff, 0x00, 0x00	; +18b0
	.byte	0x7f, 0x40, 0x40, 0x40, 0x40, 0x40, 0x40, 0x40, 0x40, 0x40, 0x40, 0x40, 0x40, 0x7f, 0x00, 0x00	; +18c0
	.byte	0xff, 0x01, 0x01, 0x01, 0x01, 0x01, 0x01, 0x01, 0x01, 0x01, 0x01, 0x01, 0x01, 0xff, 0x00, 0x00	; +18d0
	.byte	0x7f, 0x40, 0x40, 0x40, 0x40, 0x40, 0x40, 0x40, 0x40, 0x40, 0x40, 0x40, 0x40, 0x7f, 0x00, 0x00	; +18e0
	.byte	0xff, 0x01, 0x01, 0x01, 0x01, 0x01, 0x01, 0x01, 0x01, 0x01, 0x01, 0x01, 0x01, 0xff, 0x00, 0x00	; +18f0
	.byte	0x7f, 0x40, 0x40, 0x40, 0x40, 0x40, 0x40, 0x40, 0x40, 0x40, 0x40, 0x40, 0x40, 0x7f, 0x00, 0x00	; +1900
	.byte	0xff, 0x01, 0x01, 0x01, 0x01, 0x01, 0x01, 0x01, 0x01, 0x01, 0x01, 0x01, 0x01, 0xff, 0x00, 0x00	; +1910
	.byte	0x7f, 0x40, 0x40, 0x40, 0x40, 0x40, 0x40, 0x40, 0x40, 0x40, 0x40, 0x40, 0x40, 0x7f, 0x00, 0x00	; +1920
	.byte	0xff, 0x01, 0x01, 0x01, 0x01, 0x01, 0x01, 0x01, 0x01, 0x01, 0x01, 0x01, 0x01, 0xff, 0x00, 0x00	; +1930
	.byte	0x7f, 0x40, 0x40, 0x40, 0x40, 0x40, 0x40, 0x40, 0x40, 0x40, 0x40, 0x40, 0x40, 0x7f, 0x00, 0x00	; +1940
	.byte	0xff, 0x01, 0x01, 0x01, 0x01, 0x01, 0x01, 0x01, 0x01, 0x01, 0x01, 0x01, 0x01, 0xff, 0x00, 0x00	; +1950
	.byte	0x7f, 0x40, 0x40, 0x40, 0x40, 0x40, 0x40, 0x40, 0x40, 0x40, 0x40, 0x40, 0x40, 0x7f, 0x00, 0x00	; +1960
	.byte	0xff, 0x01, 0x01, 0x01, 0x01, 0x01, 0x01, 0x01, 0x01, 0x01, 0x01, 0x01, 0x01, 0xff, 0x00, 0x00	; +1970
	.byte	0x7f, 0x40, 0x40, 0x40, 0x40, 0x40, 0x40, 0x40, 0x40, 0x40, 0x40, 0x40, 0x40, 0x7f, 0x00, 0x00	; +1980
	.byte	0xff, 0x01, 0x01, 0x01, 0x01, 0x01, 0x01, 0x01, 0x01, 0x01, 0x01, 0x01, 0x01, 0xff, 0x00, 0x00	; +1990
	.byte	0x7f, 0x40, 0x40, 0x40, 0x40, 0x40, 0x40, 0x40, 0x40, 0x40, 0x40, 0x40, 0x40, 0x7f, 0x00, 0x00	; +19a0
	.byte	0xff, 0x01, 0x01, 0x01, 0x01, 0x01, 0x01, 0x01, 0x01, 0x01, 0x01, 0x01, 0x01, 0xff, 0x00, 0x00	; +19b0
	.byte	0x7f, 0x40, 0x40, 0x40, 0x40, 0x40, 0x40, 0x40, 0x40, 0x40, 0x40, 0x40, 0x40, 0x7f, 0x00, 0x00	; +19c0
	.byte	0xff, 0x01, 0x01, 0x01, 0x01, 0x01, 0x01, 0x01, 0x01, 0x01, 0x01, 0x01, 0x01, 0xff, 0x00, 0x00	; +19d0
	.byte	0x7f, 0x40, 0x40, 0x40, 0x40, 0x40, 0x40, 0x40, 0x40, 0x40, 0x40, 0x40, 0x40, 0x7f, 0x00, 0x00	; +19e0
	.byte	0xff, 0x01, 0x01, 0x01, 0x01, 0x01, 0x01, 0x01, 0x01, 0x01, 0x01, 0x01, 0x01, 0xff, 0x00, 0x00	; +19f0
	.byte	0x7f, 0x40, 0x40, 0x40, 0x40, 0x40, 0x40, 0x40, 0x40, 0x40, 0x40, 0x40, 0x40, 0x7f, 0x00, 0x00	; +1a00
	.byte	0xff, 0x01, 0x01, 0x01, 0x01, 0x01, 0x01, 0x01, 0x01, 0x01, 0x01, 0x01, 0x01, 0xff, 0x00, 0x00	; +1a10
	.byte	0x7f, 0x40, 0x40, 0x40, 0x40, 0x40, 0x40, 0x40, 0x40, 0x40, 0x40, 0x40, 0x40, 0x7f, 0x00, 0x00	; +1a20
	.byte	0xff, 0x01, 0x01, 0x01, 0x01, 0x01, 0x01, 0x01, 0x01, 0x01, 0x01, 0x01, 0x01, 0xff, 0x00, 0x00	; +1a30
	.byte	0x7f, 0x40, 0x40, 0x40, 0x40, 0x40, 0x40, 0x40, 0x40, 0x40, 0x40, 0x40, 0x40, 0x7f, 0x00, 0x00	; +1a40
	.byte	0xff, 0x01, 0x01, 0x01, 0x01, 0x01, 0x01, 0x01, 0x01, 0x01, 0x01, 0x01, 0x01, 0xff, 0x00, 0x00	; +1a50
	.byte	0x7f, 0x40, 0x40, 0x40, 0x40, 0x40, 0x40, 0x40, 0x40, 0x40, 0x40, 0x40, 0x40, 0x7f, 0x00, 0x00	; +1a60
	.byte	0xff, 0x01, 0x01, 0x01, 0x01, 0x01, 0x01, 0x01, 0x01, 0x01, 0x01, 0x01, 0x01, 0xff, 0x00, 0x00	; +1a70
	.byte	0x7f, 0x40, 0x40, 0x40, 0x40, 0x40, 0x40, 0x40, 0x40, 0x40, 0x40, 0x40, 0x40, 0x7f, 0x00, 0x00	; +1a80
	.byte	0xff, 0x01, 0x01, 0x01, 0x01, 0x01, 0x01, 0x01, 0x01, 0x01, 0x01, 0x01, 0x01, 0xff, 0x00, 0x00	; +1a90
	.byte	0x7f, 0x40, 0x40, 0x40, 0x40, 0x40, 0x40, 0x40, 0x40, 0x40, 0x40, 0x40, 0x40, 0x7f, 0x00, 0x00	; +1aa0
	.byte	0xff, 0x01, 0x01, 0x01, 0x01, 0x01, 0x01, 0x01, 0x01, 0x01, 0x01, 0x01, 0x01, 0xff, 0x00, 0x00	; +1ab0
	.byte	0x7f, 0x40, 0x40, 0x40, 0x40, 0x40, 0x40, 0x40, 0x40, 0x40, 0x40, 0x40, 0x40, 0x7f, 0x00, 0x00	; +1ac0
	.byte	0xff, 0x01, 0x01, 0x01, 0x01, 0x01, 0x01, 0x01, 0x01, 0x01, 0x01, 0x01, 0x01, 0xff, 0x00, 0x00	; +1ad0
	.byte	0x00, 0x00, 0x00, 0x03, 0x03, 0x00, 0x3f, 0x3f, 0x00, 0x03, 0x03, 0x00, 0x00, 0x00, 0x00, 0x00	; +1ae0
	.byte	0x00, 0x00, 0x00, 0xc0, 0xc0, 0x00, 0xfc, 0xfc, 0x00, 0xc0, 0xc0, 0x00, 0x00, 0x00, 0x00, 0x00	; +1af0
	.byte	0x7f, 0x40, 0x40, 0x40, 0x40, 0x40, 0x40, 0x40, 0x40, 0x40, 0x40, 0x40, 0x40, 0x7f, 0x00, 0x00	; +1b00
	.byte	0xff, 0x01, 0x01, 0x01, 0x01, 0x01, 0x01, 0x01, 0x01, 0x01, 0x01, 0x01, 0x01, 0xff, 0x00, 0x00	; +1b10
	.byte	0x7f, 0x40, 0x40, 0x40, 0x40, 0x40, 0x40, 0x40, 0x40, 0x40, 0x40, 0x40, 0x40, 0x7f, 0x00, 0x00	; +1b20
	.byte	0xff, 0x01, 0x01, 0x01, 0x01, 0x01, 0x01, 0x01, 0x01, 0x01, 0x01, 0x01, 0x01, 0xff, 0x00, 0x00	; +1b30
	.byte	0x7f, 0x40, 0x40, 0x40, 0x40, 0x40, 0x40, 0x40, 0x40, 0x40, 0x40, 0x40, 0x40, 0x7f, 0x00, 0x00	; +1b40
	.byte	0xff, 0x01, 0x01, 0x01, 0x01, 0x01, 0x01, 0x01, 0x01, 0x01, 0x01, 0x01, 0x01, 0xff, 0x00, 0x00	; +1b50
	.byte	0x7f, 0x40, 0x40, 0x40, 0x40, 0x40, 0x40, 0x40, 0x40, 0x40, 0x40, 0x40, 0x40, 0x7f, 0x00, 0x00	; +1b60
	.byte	0xff, 0x01, 0x01, 0x01, 0x01, 0x01, 0x01, 0x01, 0x01, 0x01, 0x01, 0x01, 0x01, 0xff, 0x00, 0x00	; +1b70
	.byte	0x7f, 0x40, 0x40, 0x40, 0x40, 0x40, 0x40, 0x40, 0x40, 0x40, 0x40, 0x40, 0x40, 0x7f, 0x00, 0x00	; +1b80
	.byte	0xff, 0x01, 0x01, 0x01, 0x01, 0x01, 0x01, 0x01, 0x01, 0x01, 0x01, 0x01, 0x01, 0xff, 0x00, 0x00	; +1b90
	.byte	0x7f, 0x40, 0x40, 0x40, 0x40, 0x40, 0x40, 0x40, 0x40, 0x40, 0x40, 0x40, 0x40, 0x7f, 0x00, 0x00	; +1ba0
	.byte	0xff, 0x01, 0x01, 0x01, 0x01, 0x01, 0x01, 0x01, 0x01, 0x01, 0x01, 0x01, 0x01, 0xff, 0x00, 0x00	; +1bb0
	.byte	0x7f, 0x40, 0x40, 0x40, 0x40, 0x40, 0x40, 0x40, 0x40, 0x40, 0x40, 0x40, 0x40, 0x7f, 0x00, 0x00	; +1bc0
	.byte	0xff, 0x01, 0x01, 0x01, 0x01, 0x01, 0x01, 0x01, 0x01, 0x01, 0x01, 0x01, 0x01, 0xff, 0x00, 0x00	; +1bd0
	.byte	0x7f, 0x40, 0x40, 0x40, 0x40, 0x40, 0x40, 0x40, 0x40, 0x40, 0x40, 0x40, 0x40, 0x7f, 0x00, 0x00	; +1be0
	.byte	0xff, 0x01, 0x01, 0x01, 0x01, 0x01, 0x01, 0x01, 0x01, 0x01, 0x01, 0x01, 0x01, 0xff, 0x00, 0x00	; +1bf0
Font3_Glyphs:	; 224 x 8 B (6x8)
	.byte	0x00, 0x00, 0x00, 0x00, 0x00, 0x00, 0x00, 0x00, 0x10, 0x10, 0x10, 0x10, 0x10, 0x00, 0x10, 0x00	; +0000
	.byte	0x00, 0x50, 0x50, 0x00, 0x00, 0x00, 0x00, 0x00, 0x28, 0x28, 0x7c, 0x28, 0x7c, 0x28, 0x28, 0x00	; +0010
	.byte	0x38, 0x54, 0x50, 0x38, 0x14, 0x54, 0x38, 0x00, 0x00, 0x24, 0x58, 0x30, 0x18, 0x34, 0x48, 0x00	; +0020
	.byte	0x30, 0x48, 0x50, 0x20, 0x54, 0x48, 0x34, 0x00, 0x60, 0x20, 0x40, 0x00, 0x00, 0x00, 0x00, 0x00	; +0030
	.byte	0x10, 0x20, 0x40, 0x40, 0x40, 0x20, 0x10, 0x00, 0x20, 0x10, 0x08, 0x08, 0x08, 0x10, 0x20, 0x00	; +0040
	.byte	0x00, 0x10, 0x54, 0x38, 0x54, 0x10, 0x00, 0x00, 0x00, 0x10, 0x10, 0x7c, 0x10, 0x10, 0x00, 0x00	; +0050
	.byte	0x00, 0x00, 0x00, 0x00, 0x20, 0x20, 0x40, 0x00, 0x00, 0x00, 0x00, 0x7c, 0x00, 0x00, 0x00, 0x00	; +0060
	.byte	0x00, 0x00, 0x00, 0x00, 0x00, 0x20, 0x00, 0x00, 0x00, 0x04, 0x08, 0x10, 0x20, 0x40, 0x00, 0x00	; +0070
	.byte	0x38, 0x44, 0x4c, 0x54, 0x64, 0x44, 0x38, 0x00, 0x10, 0x30, 0x10, 0x10, 0x10, 0x10, 0x38, 0x00	; +0080
	.byte	0x38, 0x44, 0x04, 0x08, 0x10, 0x20, 0x7c, 0x00, 0x38, 0x44, 0x04, 0x38, 0x04, 0x44, 0x38, 0x00	; +0090
	.byte	0x08, 0x18, 0x28, 0x48, 0x7c, 0x08, 0x08, 0x00, 0x7c, 0x40, 0x78, 0x04, 0x04, 0x44, 0x38, 0x00	; +00a0
	.byte	0x38, 0x40, 0x78, 0x44, 0x44, 0x44, 0x38, 0x00, 0x7c, 0x04, 0x04, 0x08, 0x10, 0x10, 0x10, 0x00	; +00b0
	.byte	0x38, 0x44, 0x44, 0x38, 0x44, 0x44, 0x38, 0x00, 0x38, 0x44, 0x44, 0x44, 0x3c, 0x04, 0x38, 0x00	; +00c0
	.byte	0x00, 0x00, 0x10, 0x00, 0x10, 0x00, 0x00, 0x00, 0x00, 0x00, 0x10, 0x00, 0x10, 0x10, 0x20, 0x00	; +00d0
	.byte	0x00, 0x08, 0x10, 0x20, 0x10, 0x08, 0x00, 0x00, 0x00, 0x00, 0x7c, 0x00, 0x7c, 0x00, 0x00, 0x00	; +00e0
	.byte	0x00, 0x20, 0x10, 0x08, 0x10, 0x20, 0x00, 0x00, 0x38, 0x44, 0x04, 0x08, 0x10, 0x00, 0x10, 0x00	; +00f0
	.byte	0x38, 0x44, 0x74, 0x54, 0x78, 0x40, 0x38, 0x00, 0x38, 0x44, 0x44, 0x7c, 0x44, 0x44, 0x44, 0x00	; +0100
	.byte	0x78, 0x44, 0x44, 0x78, 0x44, 0x44, 0x78, 0x00, 0x38, 0x44, 0x40, 0x40, 0x40, 0x44, 0x38, 0x00	; +0110
	.byte	0x78, 0x44, 0x44, 0x44, 0x44, 0x44, 0x78, 0x00, 0x7c, 0x40, 0x40, 0x78, 0x40, 0x40, 0x7c, 0x00	; +0120
	.byte	0x7c, 0x40, 0x40, 0x78, 0x40, 0x40, 0x40, 0x00, 0x38, 0x44, 0x40, 0x5c, 0x44, 0x44, 0x3c, 0x00	; +0130
	.byte	0x44, 0x44, 0x44, 0x7c, 0x44, 0x44, 0x44, 0x00, 0x38, 0x10, 0x10, 0x10, 0x10, 0x10, 0x38, 0x00	; +0140
	.byte	0x04, 0x04, 0x04, 0x04, 0x44, 0x44, 0x38, 0x00, 0x44, 0x48, 0x50, 0x60, 0x50, 0x48, 0x44, 0x00	; +0150
	.byte	0x40, 0x40, 0x40, 0x40, 0x40, 0x40, 0x7c, 0x00, 0x44, 0x6c, 0x54, 0x54, 0x44, 0x44, 0x44, 0x00	; +0160
	.byte	0x44, 0x64, 0x54, 0x4c, 0x44, 0x44, 0x44, 0x00, 0x38, 0x44, 0x44, 0x44, 0x44, 0x44, 0x38, 0x00	; +0170
	.byte	0x78, 0x44, 0x44, 0x78, 0x40, 0x40, 0x40, 0x00, 0x38, 0x44, 0x44, 0x44, 0x54, 0x48, 0x34, 0x00	; +0180
	.byte	0x78, 0x44, 0x44, 0x78, 0x50, 0x48, 0x44, 0x00, 0x38, 0x44, 0x40, 0x38, 0x04, 0x44, 0x38, 0x00	; +0190
	.byte	0x7c, 0x10, 0x10, 0x10, 0x10, 0x10, 0x10, 0x00, 0x44, 0x44, 0x44, 0x44, 0x44, 0x44, 0x38, 0x00	; +01a0
	.byte	0x44, 0x44, 0x44, 0x44, 0x44, 0x28, 0x10, 0x00, 0x44, 0x44, 0x44, 0x54, 0x54, 0x6c, 0x44, 0x00	; +01b0
	.byte	0x44, 0x28, 0x10, 0x10, 0x10, 0x28, 0x44, 0x00, 0x44, 0x44, 0x44, 0x28, 0x10, 0x10, 0x10, 0x00	; +01c0
	.byte	0x7c, 0x04, 0x08, 0x10, 0x20, 0x40, 0x7c, 0x00, 0x38, 0x20, 0x20, 0x20, 0x20, 0x20, 0x38, 0x00	; +01d0
	.byte	0x00, 0x40, 0x20, 0x10, 0x08, 0x04, 0x00, 0x00, 0x38, 0x08, 0x08, 0x08, 0x08, 0x08, 0x38, 0x00	; +01e0
	.byte	0x20, 0x50, 0x00, 0x00, 0x00, 0x00, 0x00, 0x00, 0x00, 0x00, 0x00, 0x00, 0x00, 0x00, 0xfc, 0x00	; +01f0
	.byte	0x60, 0x40, 0x20, 0x00, 0x00, 0x00, 0x00, 0x00, 0x00, 0x00, 0x38, 0x04, 0x3c, 0x44, 0x3c, 0x00	; +0200
	.byte	0x40, 0x40, 0x78, 0x44, 0x44, 0x44, 0x78, 0x00, 0x00, 0x00, 0x38, 0x44, 0x40, 0x44, 0x38, 0x00	; +0210
	.byte	0x04, 0x04, 0x3c, 0x44, 0x44, 0x44, 0x3c, 0x00, 0x00, 0x00, 0x38, 0x44, 0x7c, 0x40, 0x38, 0x00	; +0220
	.byte	0x0c, 0x10, 0x10, 0x38, 0x10, 0x10, 0x10, 0x00, 0x00, 0x00, 0x3c, 0x44, 0x3c, 0x04, 0x38, 0x00	; +0230
	.byte	0x40, 0x40, 0x78, 0x44, 0x44, 0x44, 0x44, 0x00, 0x10, 0x00, 0x10, 0x10, 0x10, 0x10, 0x10, 0x00	; +0240
	.byte	0x04, 0x00, 0x04, 0x04, 0x04, 0x44, 0x38, 0x00, 0x40, 0x40, 0x48, 0x50, 0x70, 0x48, 0x44, 0x00	; +0250
	.byte	0x10, 0x10, 0x10, 0x10, 0x10, 0x10, 0x10, 0x00, 0x00, 0x00, 0x78, 0x54, 0x54, 0x54, 0x54, 0x00	; +0260
	.byte	0x00, 0x00, 0x58, 0x64, 0x44, 0x44, 0x44, 0x00, 0x00, 0x00, 0x38, 0x44, 0x44, 0x44, 0x38, 0x00	; +0270
	.byte	0x00, 0x00, 0x78, 0x44, 0x78, 0x40, 0x40, 0x00, 0x00, 0x00, 0x3c, 0x44, 0x3c, 0x04, 0x04, 0x00	; +0280
	.byte	0x00, 0x00, 0x58, 0x64, 0x40, 0x40, 0x40, 0x00, 0x00, 0x00, 0x3c, 0x40, 0x38, 0x04, 0x78, 0x00	; +0290
	.byte	0x10, 0x10, 0x7c, 0x10, 0x10, 0x10, 0x0c, 0x00, 0x00, 0x00, 0x44, 0x44, 0x44, 0x4c, 0x34, 0x00	; +02a0
	.byte	0x00, 0x00, 0x44, 0x44, 0x44, 0x28, 0x10, 0x00, 0x00, 0x00, 0x54, 0x54, 0x54, 0x54, 0x28, 0x00	; +02b0
	.byte	0x00, 0x00, 0x44, 0x28, 0x10, 0x28, 0x44, 0x00, 0x00, 0x00, 0x44, 0x44, 0x3c, 0x04, 0x38, 0x00	; +02c0
	.byte	0x00, 0x00, 0x7c, 0x08, 0x10, 0x20, 0x7c, 0x00, 0x08, 0x10, 0x10, 0x20, 0x10, 0x10, 0x08, 0x00	; +02d0
	.byte	0x10, 0x10, 0x10, 0x10, 0x10, 0x10, 0x10, 0x00, 0x20, 0x10, 0x10, 0x08, 0x10, 0x10, 0x20, 0x00	; +02e0
	.byte	0x34, 0x58, 0x00, 0x00, 0x00, 0x00, 0x00, 0x00, 0x08, 0x18, 0x38, 0x78, 0x38, 0x18, 0x08, 0x00	; +02f0
	.byte	0x40, 0x60, 0x70, 0x78, 0x70, 0x60, 0x40, 0x00, 0x00, 0x00, 0x7c, 0x7c, 0x38, 0x10, 0x00, 0x00	; +0300
	.byte	0x00, 0x00, 0x00, 0x00, 0x20, 0x20, 0x40, 0x00, 0x04, 0x08, 0x08, 0x7c, 0x10, 0x10, 0x20, 0x40	; +0310
	.byte	0x00, 0x00, 0x00, 0x00, 0x28, 0x28, 0x50, 0x00, 0x00, 0x00, 0x10, 0x38, 0x7c, 0x7c, 0x00, 0x00	; +0320
	.byte	0x08, 0x18, 0x28, 0x48, 0x28, 0x18, 0x08, 0x00, 0x40, 0x60, 0x50, 0x48, 0x50, 0x60, 0x40, 0x00	; +0330
	.byte	0x00, 0x00, 0x7c, 0x44, 0x28, 0x10, 0x00, 0x00, 0x00, 0x00, 0x10, 0x28, 0x44, 0x7c, 0x00, 0x00	; +0340
	.byte	0x38, 0x44, 0x40, 0x38, 0x04, 0x44, 0x38, 0x00, 0x00, 0x10, 0x30, 0x7c, 0x30, 0x10, 0x00, 0x00	; +0350
	.byte	0x3c, 0x50, 0x50, 0x5c, 0x50, 0x50, 0x3c, 0x00, 0x00, 0x10, 0x18, 0x7c, 0x18, 0x10, 0x00, 0x00	; +0360
	.byte	0x10, 0x10, 0x10, 0x10, 0x7c, 0x38, 0x10, 0x00, 0x10, 0x38, 0x7c, 0x10, 0x10, 0x10, 0x10, 0x00	; +0370
	.byte	0x00, 0x10, 0x3c, 0x44, 0x3c, 0x10, 0x00, 0x00, 0x20, 0x40, 0x60, 0x00, 0x00, 0x00, 0x00, 0x00	; +0380
	.byte	0x60, 0x20, 0x40, 0x00, 0x00, 0x00, 0x00, 0x00, 0x28, 0x50, 0x50, 0x00, 0x00, 0x00, 0x00, 0x00	; +0390
	.byte	0x28, 0x28, 0x50, 0x00, 0x00, 0x00, 0x00, 0x00, 0x00, 0x10, 0x78, 0x44, 0x78, 0x10, 0x00, 0x00	; +03a0
	.byte	0x00, 0x38, 0x28, 0x6c, 0x28, 0x10, 0x00, 0x00, 0x00, 0x10, 0x28, 0x6c, 0x28, 0x38, 0x00, 0x00	; +03b0
	.byte	0x00, 0x00, 0x6c, 0x38, 0x10, 0x00, 0x00, 0x00, 0x00, 0xfc, 0x54, 0x54, 0x00, 0x00, 0x00, 0x00	; +03c0
	.byte	0x28, 0x10, 0x3c, 0x40, 0x38, 0x04, 0x78, 0x00, 0x00, 0x00, 0x10, 0x38, 0x6c, 0x00, 0x00, 0x00	; +03d0
	.byte	0x00, 0x00, 0x28, 0x54, 0x5c, 0x50, 0x28, 0x00, 0x00, 0x38, 0x44, 0x44, 0x44, 0x38, 0x00, 0x00	; +03e0
	.byte	0x08, 0x2c, 0x38, 0x6c, 0x38, 0x68, 0x20, 0x00, 0x44, 0x44, 0x44, 0x28, 0x10, 0x10, 0x10, 0x00	; +03f0
	.byte	0x40, 0x40, 0x50, 0x68, 0x48, 0x50, 0x60, 0x40, 0x00, 0x1c, 0x2c, 0x44, 0x68, 0x70, 0x00, 0x00	; +0400
	.byte	0x00, 0x04, 0x38, 0x4c, 0x50, 0x64, 0x38, 0x40, 0x18, 0x20, 0x20, 0x78, 0x20, 0x24, 0x78, 0x00	; +0410
	.byte	0x10, 0xa8, 0x68, 0x64, 0x54, 0x54, 0x7c, 0x00, 0x44, 0x28, 0x10, 0x7c, 0x10, 0x7c, 0x10, 0x00	; +0420
	.byte	0x10, 0x10, 0x10, 0x10, 0x30, 0x50, 0x20, 0x00, 0x18, 0x24, 0x70, 0x98, 0x64, 0x38, 0x90, 0x60	; +0430
	.byte	0x10, 0x10, 0x10, 0x10, 0x30, 0x74, 0x20, 0x00, 0x38, 0x44, 0x7c, 0x64, 0x7c, 0x44, 0x38, 0x00	; +0440
	.byte	0x10, 0x10, 0x10, 0x10, 0x30, 0x70, 0x20, 0x00, 0x18, 0x14, 0x10, 0x10, 0x30, 0x70, 0x20, 0x00	; +0450
	.byte	0x18, 0x14, 0x18, 0x14, 0x30, 0x70, 0x20, 0x00, 0x18, 0x14, 0x18, 0x14, 0x38, 0x74, 0x20, 0x00	; +0460
	.byte	0x38, 0x7c, 0x6c, 0x7c, 0x74, 0x6c, 0x38, 0x00, 0x00, 0x00, 0x7c, 0x38, 0x38, 0x00, 0x00, 0x00	; +0470
	.byte	0x00, 0x00, 0x38, 0x38, 0x7c, 0x00, 0x00, 0x00, 0x10, 0x10, 0x7c, 0x10, 0x10, 0x00, 0x7c, 0x00	; +0480
	.byte	0x10, 0x18, 0x38, 0x30, 0x10, 0x78, 0x40, 0x20, 0x00, 0x00, 0x00, 0x00, 0x00, 0x00, 0x00, 0x00	; +0490
	.byte	0x00, 0x00, 0x00, 0x00, 0x00, 0x00, 0x00, 0x00, 0x48, 0x48, 0x48, 0x48, 0x58, 0x6c, 0x40, 0x00	; +04a0
	.byte	0x00, 0x00, 0x00, 0x00, 0x00, 0x00, 0x00, 0x00, 0x00, 0x00, 0x00, 0x10, 0x00, 0x00, 0x00, 0x00	; +04b0
	.byte	0x00, 0x00, 0x70, 0x10, 0x70, 0x10, 0x70, 0x00, 0x00, 0x18, 0x24, 0x20, 0x24, 0x18, 0x00, 0x00	; +04c0
	.byte	0x00, 0x30, 0x48, 0x88, 0x48, 0x30, 0x00, 0x00, 0x08, 0x18, 0x08, 0x68, 0x08, 0x08, 0x1c, 0x00	; +04d0
	.byte	0x18, 0x24, 0x04, 0x68, 0x10, 0x20, 0x3c, 0x00, 0x00, 0x04, 0x04, 0x3c, 0x0c, 0x18, 0x10, 0x00	; +04e0
	.byte	0x00, 0x80, 0x80, 0xf0, 0xc0, 0x60, 0x20, 0x00, 0x10, 0x00, 0x10, 0x20, 0x40, 0x44, 0x38, 0x00	; +04f0
	.byte	0x7c, 0x44, 0x44, 0x44, 0x44, 0x44, 0x7c, 0x00, 0x7c, 0x44, 0x44, 0x44, 0x44, 0x44, 0x7c, 0x00	; +0500
	.byte	0x7c, 0x44, 0x44, 0x44, 0x44, 0x44, 0x7c, 0x00, 0x7c, 0x44, 0x44, 0x44, 0x44, 0x44, 0x7c, 0x00	; +0510
	.byte	0x7c, 0x44, 0x44, 0x44, 0x44, 0x44, 0x7c, 0x00, 0x7c, 0x44, 0x44, 0x44, 0x44, 0x44, 0x7c, 0x00	; +0520
	.byte	0x7c, 0x44, 0x44, 0x44, 0x44, 0x44, 0x7c, 0x00, 0x7c, 0x44, 0x44, 0x44, 0x44, 0x44, 0x7c, 0x00	; +0530
	.byte	0x7c, 0x44, 0x44, 0x44, 0x44, 0x44, 0x7c, 0x00, 0x7c, 0x44, 0x44, 0x44, 0x44, 0x44, 0x7c, 0x00	; +0540
	.byte	0x7c, 0x44, 0x44, 0x44, 0x44, 0x44, 0x7c, 0x00, 0x7c, 0x44, 0x44, 0x44, 0x44, 0x44, 0x7c, 0x00	; +0550
	.byte	0x7c, 0x44, 0x44, 0x44, 0x44, 0x44, 0x7c, 0x00, 0x7c, 0x44, 0x44, 0x44, 0x44, 0x44, 0x7c, 0x00	; +0560
	.byte	0x7c, 0x44, 0x44, 0x44, 0x44, 0x44, 0x7c, 0x00, 0x7c, 0x44, 0x44, 0x44, 0x44, 0x44, 0x7c, 0x00	; +0570
	.byte	0x7c, 0x44, 0x44, 0x44, 0x44, 0x44, 0x7c, 0x00, 0x7c, 0x44, 0x44, 0x44, 0x44, 0x44, 0x7c, 0x00	; +0580
	.byte	0x7c, 0x44, 0x44, 0x44, 0x44, 0x44, 0x7c, 0x00, 0x7c, 0x44, 0x44, 0x44, 0x44, 0x44, 0x7c, 0x00	; +0590
	.byte	0x7c, 0x44, 0x44, 0x44, 0x44, 0x44, 0x7c, 0x00, 0x7c, 0x44, 0x44, 0x44, 0x44, 0x44, 0x7c, 0x00	; +05a0
	.byte	0x7c, 0x44, 0x44, 0x44, 0x44, 0x44, 0x7c, 0x00, 0x00, 0x44, 0x28, 0x10, 0x28, 0x44, 0x00, 0x00	; +05b0
	.byte	0x7c, 0x44, 0x44, 0x44, 0x44, 0x44, 0x7c, 0x00, 0x7c, 0x44, 0x44, 0x44, 0x44, 0x44, 0x7c, 0x00	; +05c0
	.byte	0x7c, 0x44, 0x44, 0x44, 0x44, 0x44, 0x7c, 0x00, 0x7c, 0x44, 0x44, 0x44, 0x44, 0x44, 0x7c, 0x00	; +05d0
	.byte	0x7c, 0x44, 0x44, 0x44, 0x44, 0x44, 0x7c, 0x00, 0x7c, 0x44, 0x44, 0x44, 0x44, 0x44, 0x7c, 0x00	; +05e0
	.byte	0x7c, 0x44, 0x44, 0x44, 0x44, 0x44, 0x7c, 0x00, 0x7c, 0x44, 0x44, 0x44, 0x44, 0x44, 0x7c, 0x00	; +05f0
	.byte	0x7c, 0x44, 0x44, 0x44, 0x44, 0x44, 0x7c, 0x00, 0x7c, 0x44, 0x44, 0x44, 0x44, 0x44, 0x7c, 0x00	; +0600
	.byte	0x7c, 0x44, 0x44, 0x44, 0x44, 0x44, 0x7c, 0x00, 0x7c, 0x44, 0x44, 0x44, 0x44, 0x44, 0x7c, 0x00	; +0610
	.byte	0x7c, 0x44, 0x44, 0x44, 0x44, 0x44, 0x7c, 0x00, 0x7c, 0x44, 0x44, 0x44, 0x44, 0x44, 0x7c, 0x00	; +0620
	.byte	0x7c, 0x44, 0x44, 0x44, 0x44, 0x44, 0x7c, 0x00, 0x7c, 0x44, 0x44, 0x44, 0x44, 0x44, 0x7c, 0x00	; +0630
	.byte	0x7c, 0x44, 0x44, 0x44, 0x44, 0x44, 0x7c, 0x00, 0x7c, 0x44, 0x44, 0x44, 0x44, 0x44, 0x7c, 0x00	; +0640
	.byte	0x7c, 0x44, 0x44, 0x44, 0x44, 0x44, 0x7c, 0x00, 0x7c, 0x44, 0x44, 0x44, 0x44, 0x44, 0x7c, 0x00	; +0650
	.byte	0x7c, 0x44, 0x44, 0x44, 0x44, 0x44, 0x7c, 0x00, 0x7c, 0x44, 0x44, 0x44, 0x44, 0x44, 0x7c, 0x00	; +0660
	.byte	0x7c, 0x44, 0x44, 0x44, 0x44, 0x44, 0x7c, 0x00, 0x7c, 0x44, 0x44, 0x44, 0x44, 0x44, 0x7c, 0x00	; +0670
	.byte	0x7c, 0x44, 0x44, 0x44, 0x44, 0x44, 0x7c, 0x00, 0x7c, 0x44, 0x44, 0x44, 0x44, 0x44, 0x7c, 0x00	; +0680
	.byte	0x7c, 0x44, 0x44, 0x44, 0x44, 0x44, 0x7c, 0x00, 0x7c, 0x44, 0x44, 0x44, 0x44, 0x44, 0x7c, 0x00	; +0690
	.byte	0x7c, 0x44, 0x44, 0x44, 0x44, 0x44, 0x7c, 0x00, 0x7c, 0x44, 0x44, 0x44, 0x44, 0x44, 0x7c, 0x00	; +06a0
	.byte	0x7c, 0x44, 0x44, 0x44, 0x44, 0x44, 0x7c, 0x00, 0x00, 0x10, 0x00, 0x7c, 0x00, 0x10, 0x00, 0x00	; +06b0
	.byte	0x7c, 0x44, 0x44, 0x44, 0x44, 0x44, 0x7c, 0x00, 0x7c, 0x44, 0x44, 0x44, 0x44, 0x44, 0x7c, 0x00	; +06c0
	.byte	0x7c, 0x44, 0x44, 0x44, 0x44, 0x44, 0x7c, 0x00, 0x7c, 0x44, 0x44, 0x44, 0x44, 0x44, 0x7c, 0x00	; +06d0
	.byte	0x7c, 0x44, 0x44, 0x44, 0x44, 0x44, 0x7c, 0x00, 0x7c, 0x44, 0x44, 0x44, 0x44, 0x44, 0x7c, 0x00	; +06e0
	.byte	0x7c, 0x44, 0x44, 0x44, 0x44, 0x44, 0x7c, 0x00, 0x7c, 0x44, 0x44, 0x44, 0x44, 0x44, 0x7c, 0x00	; +06f0
Font4_Glyphs:	; 224 x 32 B (11x16)
	.byte	0x00, 0x00, 0x00, 0x00, 0x00, 0x00, 0x00, 0x00, 0x00, 0x00, 0x00, 0x00, 0x00, 0x00, 0x00, 0x00	; +0000
	.byte	0x00, 0x00, 0x00, 0x00, 0x00, 0x00, 0x00, 0x00, 0x00, 0x00, 0x00, 0x00, 0x00, 0x00, 0x00, 0x00	; +0010
	.byte	0x0e, 0x0e, 0x0e, 0x0e, 0x0e, 0x0e, 0x0e, 0x0e, 0x0e, 0x0e, 0x00, 0x00, 0x0e, 0x0e, 0x00, 0x00	; +0020
	.byte	0x00, 0x00, 0x00, 0x00, 0x00, 0x00, 0x00, 0x00, 0x00, 0x00, 0x00, 0x00, 0x00, 0x00, 0x00, 0x00	; +0030
	.byte	0x31, 0x7b, 0x7b, 0x31, 0x63, 0x00, 0x00, 0x00, 0x00, 0x00, 0x00, 0x00, 0x00, 0x00, 0x00, 0x00	; +0040
	.byte	0x80, 0xc0, 0xc0, 0x80, 0x00, 0x00, 0x00, 0x00, 0x00, 0x00, 0x00, 0x00, 0x00, 0x00, 0x00, 0x00	; +0050
	.byte	0x19, 0x19, 0x19, 0x7f, 0x7f, 0x19, 0x19, 0x19, 0x19, 0x7f, 0x7f, 0x19, 0x19, 0x19, 0x00, 0x00	; +0060
	.byte	0x80, 0x80, 0x80, 0xe0, 0xe0, 0x80, 0x80, 0x80, 0x80, 0xe0, 0xe0, 0x80, 0x80, 0x80, 0x00, 0x00	; +0070
	.byte	0x06, 0x1f, 0x3f, 0x7f, 0x76, 0x76, 0x7e, 0x3f, 0x1f, 0x07, 0x06, 0x76, 0x7f, 0x3f, 0x1f, 0x06	; +0080
	.byte	0x00, 0x80, 0xc0, 0xe0, 0xe0, 0x00, 0x00, 0x80, 0xc0, 0xe0, 0xe0, 0xe0, 0xe0, 0xc0, 0x80, 0x00	; +0090
	.byte	0x00, 0x00, 0x30, 0x48, 0x48, 0x49, 0x33, 0x07, 0x0e, 0x1c, 0x39, 0x71, 0x61, 0x40, 0x00, 0x00	; +00a0
	.byte	0x00, 0x00, 0x20, 0x60, 0xe0, 0xc0, 0x80, 0x00, 0x00, 0xc0, 0x20, 0x20, 0x20, 0xc0, 0x00, 0x00	; +00b0
	.byte	0x0e, 0x1f, 0x3b, 0x31, 0x31, 0x3b, 0x1f, 0x1e, 0x3f, 0x73, 0x61, 0x73, 0x7f, 0x3e, 0x00, 0x00	; +00c0
	.byte	0x00, 0x00, 0x80, 0x80, 0x80, 0x80, 0x00, 0x00, 0x60, 0xe0, 0xc0, 0xc0, 0xe0, 0x60, 0x00, 0x00	; +00d0
	.byte	0x30, 0x78, 0x78, 0x30, 0x60, 0x00, 0x00, 0x00, 0x00, 0x00, 0x00, 0x00, 0x00, 0x00, 0x00, 0x00	; +00e0
	.byte	0x00, 0x00, 0x00, 0x00, 0x00, 0x00, 0x00, 0x00, 0x00, 0x00, 0x00, 0x00, 0x00, 0x00, 0x00, 0x00	; +00f0
	.byte	0x07, 0x0e, 0x1c, 0x38, 0x30, 0x30, 0x30, 0x30, 0x30, 0x30, 0x38, 0x1c, 0x0e, 0x07, 0x00, 0x00	; +0100
	.byte	0x00, 0x00, 0x00, 0x00, 0x00, 0x00, 0x00, 0x00, 0x00, 0x00, 0x00, 0x00, 0x00, 0x00, 0x00, 0x00	; +0110
	.byte	0x0e, 0x07, 0x03, 0x01, 0x00, 0x00, 0x00, 0x00, 0x00, 0x00, 0x01, 0x03, 0x07, 0x0e, 0x00, 0x00	; +0120
	.byte	0x00, 0x00, 0x80, 0xc0, 0xc0, 0xc0, 0xc0, 0xc0, 0xc0, 0xc0, 0xc0, 0x80, 0x00, 0x00, 0x00, 0x00	; +0130
	.byte	0x00, 0x00, 0x06, 0x36, 0x3f, 0x1f, 0x0f, 0x06, 0x0f, 0x1f, 0x3f, 0x36, 0x06, 0x00, 0x00, 0x00	; +0140
	.byte	0x00, 0x00, 0x00, 0xc0, 0xc0, 0x80, 0x00, 0x00, 0x00, 0x80, 0xc0, 0xc0, 0x00, 0x00, 0x00, 0x00	; +0150
	.byte	0x00, 0x00, 0x00, 0x06, 0x06, 0x06, 0x3f, 0x3f, 0x06, 0x06, 0x06, 0x00, 0x00, 0x00, 0x00, 0x00	; +0160
	.byte	0x00, 0x00, 0x00, 0x00, 0x00, 0x00, 0xc0, 0xc0, 0x00, 0x00, 0x00, 0x00, 0x00, 0x00, 0x00, 0x00	; +0170
	.byte	0x00, 0x00, 0x00, 0x00, 0x00, 0x00, 0x00, 0x00, 0x00, 0x00, 0x30, 0x78, 0x78, 0x30, 0x60, 0x00	; +0180
	.byte	0x00, 0x00, 0x00, 0x00, 0x00, 0x00, 0x00, 0x00, 0x00, 0x00, 0x00, 0x00, 0x00, 0x00, 0x00, 0x00	; +0190
	.byte	0x00, 0x00, 0x00, 0x00, 0x00, 0x00, 0x3f, 0x3f, 0x00, 0x00, 0x00, 0x00, 0x00, 0x00, 0x00, 0x00	; +01a0
	.byte	0x00, 0x00, 0x00, 0x00, 0x00, 0x00, 0xc0, 0xc0, 0x00, 0x00, 0x00, 0x00, 0x00, 0x00, 0x00, 0x00	; +01b0
	.byte	0x00, 0x00, 0x00, 0x00, 0x00, 0x00, 0x00, 0x00, 0x00, 0x00, 0x30, 0x78, 0x78, 0x30, 0x00, 0x00	; +01c0
	.byte	0x00, 0x00, 0x00, 0x00, 0x00, 0x00, 0x00, 0x00, 0x00, 0x00, 0x00, 0x00, 0x00, 0x00, 0x00, 0x00	; +01d0
	.byte	0x00, 0x00, 0x00, 0x00, 0x01, 0x03, 0x07, 0x0e, 0x1c, 0x38, 0x70, 0x60, 0x40, 0x00, 0x00, 0x00	; +01e0
	.byte	0x00, 0x20, 0x60, 0xe0, 0xc0, 0x80, 0x00, 0x00, 0x00, 0x00, 0x00, 0x00, 0x00, 0x00, 0x00, 0x00	; +01f0
	.byte	0x1f, 0x3f, 0x79, 0x70, 0x70, 0x70, 0x70, 0x70, 0x70, 0x70, 0x70, 0x79, 0x3f, 0x1f, 0x00, 0x00	; +0200
	.byte	0x80, 0xc0, 0xe0, 0xe0, 0xe0, 0xe0, 0xe0, 0xe0, 0xe0, 0xe0, 0xe0, 0xe0, 0xc0, 0x80, 0x00, 0x00	; +0210
	.byte	0x06, 0x0e, 0x1e, 0x1e, 0x0e, 0x0e, 0x0e, 0x0e, 0x0e, 0x0e, 0x0e, 0x0e, 0x1f, 0x1f, 0x00, 0x00	; +0220
	.byte	0x00, 0x00, 0x00, 0x00, 0x00, 0x00, 0x00, 0x00, 0x00, 0x00, 0x00, 0x00, 0x00, 0x00, 0x00, 0x00	; +0230
	.byte	0x1f, 0x3f, 0x79, 0x70, 0x00, 0x01, 0x03, 0x07, 0x0f, 0x1e, 0x3c, 0x78, 0x7f, 0x7f, 0x00, 0x00	; +0240
	.byte	0x80, 0xc0, 0xe0, 0xe0, 0xe0, 0xe0, 0xc0, 0x80, 0x00, 0x00, 0x00, 0x00, 0xe0, 0xe0, 0x00, 0x00	; +0250
	.byte	0x1f, 0x3f, 0x79, 0x70, 0x00, 0x01, 0x0f, 0x0f, 0x01, 0x00, 0x70, 0x79, 0x3f, 0x1f, 0x00, 0x00	; +0260
	.byte	0x80, 0xc0, 0xe0, 0xe0, 0xe0, 0xe0, 0xc0, 0xc0, 0xe0, 0xe0, 0xe0, 0xe0, 0xc0, 0x80, 0x00, 0x00	; +0270
	.byte	0x03, 0x07, 0x0f, 0x0f, 0x1f, 0x1f, 0x3b, 0x33, 0x73, 0x73, 0x7f, 0x7f, 0x03, 0x03, 0x00, 0x00	; +0280
	.byte	0x80, 0x80, 0x80, 0x80, 0x80, 0x80, 0x80, 0x80, 0x80, 0x80, 0xe0, 0xe0, 0x80, 0x80, 0x00, 0x00	; +0290
	.byte	0x7f, 0x7f, 0x70, 0x70, 0x7f, 0x7f, 0x79, 0x70, 0x00, 0x00, 0x70, 0x79, 0x3f, 0x1f, 0x00, 0x00	; +02a0
	.byte	0xe0, 0xe0, 0x00, 0x00, 0x80, 0xc0, 0xe0, 0xe0, 0xe0, 0xe0, 0xe0, 0xe0, 0xc0, 0x80, 0x00, 0x00	; +02b0
	.byte	0x1f, 0x3f, 0x79, 0x70, 0x70, 0x7f, 0x7f, 0x79, 0x70, 0x70, 0x70, 0x79, 0x3f, 0x1f, 0x00, 0x00	; +02c0
	.byte	0x80, 0xc0, 0xe0, 0xe0, 0x00, 0x80, 0xc0, 0xe0, 0xe0, 0xe0, 0xe0, 0xe0, 0xc0, 0x80, 0x00, 0x00	; +02d0
	.byte	0x7f, 0x7f, 0x01, 0x01, 0x03, 0x07, 0x0f, 0x0e, 0x0e, 0x0e, 0x0e, 0x0e, 0x0e, 0x0e, 0x00, 0x00	; +02e0
	.byte	0xe0, 0xe0, 0xe0, 0xe0, 0xc0, 0x80, 0x00, 0x00, 0x00, 0x00, 0x00, 0x00, 0x00, 0x00, 0x00, 0x00	; +02f0
	.byte	0x1f, 0x3f, 0x79, 0x70, 0x70, 0x79, 0x3f, 0x3f, 0x79, 0x70, 0x70, 0x79, 0x3f, 0x1f, 0x00, 0x00	; +0300
	.byte	0x80, 0xc0, 0xe0, 0xe0, 0xe0, 0xe0, 0xc0, 0xc0, 0xe0, 0xe0, 0xe0, 0xe0, 0xc0, 0x80, 0x00, 0x00	; +0310
	.byte	0x1f, 0x3f, 0x79, 0x70, 0x70, 0x70, 0x79, 0x3f, 0x1f, 0x00, 0x70, 0x79, 0x3f, 0x1f, 0x00, 0x00	; +0320
	.byte	0x80, 0xc0, 0xe0, 0xe0, 0xe0, 0xe0, 0xe0, 0xe0, 0xe0, 0xe0, 0xe0, 0xe0, 0xc0, 0x80, 0x00, 0x00	; +0330
	.byte	0x00, 0x00, 0x06, 0x0f, 0x0f, 0x06, 0x00, 0x00, 0x06, 0x0f, 0x0f, 0x06, 0x00, 0x00, 0x00, 0x00	; +0340
	.byte	0x00, 0x00, 0x00, 0x00, 0x00, 0x00, 0x00, 0x00, 0x00, 0x00, 0x00, 0x00, 0x00, 0x00, 0x00, 0x00	; +0350
	.byte	0x00, 0x00, 0x06, 0x0f, 0x0f, 0x06, 0x00, 0x00, 0x06, 0x0f, 0x0f, 0x06, 0x0c, 0x00, 0x00, 0x00	; +0360
	.byte	0x00, 0x00, 0x00, 0x00, 0x00, 0x00, 0x00, 0x00, 0x00, 0x00, 0x00, 0x00, 0x00, 0x00, 0x00, 0x00	; +0370
	.byte	0x00, 0x01, 0x03, 0x07, 0x0e, 0x1c, 0x38, 0x38, 0x1c, 0x0e, 0x07, 0x03, 0x01, 0x00, 0x00, 0x00	; +0380
	.byte	0xc0, 0xc0, 0x80, 0x00, 0x00, 0x00, 0x00, 0x00, 0x00, 0x00, 0x00, 0x80, 0xc0, 0xc0, 0x00, 0x00	; +0390
	.byte	0x00, 0x00, 0x00, 0x00, 0x3f, 0x3f, 0x00, 0x00, 0x3f, 0x3f, 0x00, 0x00, 0x00, 0x00, 0x00, 0x00	; +03a0
	.byte	0x00, 0x00, 0x00, 0x00, 0xc0, 0xc0, 0x00, 0x00, 0xc0, 0xc0, 0x00, 0x00, 0x00, 0x00, 0x00, 0x00	; +03b0
	.byte	0x30, 0x38, 0x1c, 0x0e, 0x07, 0x03, 0x01, 0x01, 0x03, 0x07, 0x0e, 0x1c, 0x38, 0x30, 0x00, 0x00	; +03c0
	.byte	0x00, 0x00, 0x00, 0x00, 0x00, 0x80, 0xc0, 0xc0, 0x80, 0x00, 0x00, 0x00, 0x00, 0x00, 0x00, 0x00	; +03d0
	.byte	0x1f, 0x3f, 0x79, 0x70, 0x00, 0x01, 0x03, 0x07, 0x0f, 0x0e, 0x0e, 0x00, 0x0e, 0x0e, 0x00, 0x00	; +03e0
	.byte	0x80, 0xc0, 0xe0, 0xe0, 0xe0, 0xe0, 0xc0, 0x80, 0x00, 0x00, 0x00, 0x00, 0x00, 0x00, 0x00, 0x00	; +03f0
	.byte	0x1f, 0x3f, 0x70, 0x6e, 0x7f, 0x73, 0x73, 0x73, 0x73, 0x7f, 0x6f, 0x70, 0x3f, 0x1f, 0x00, 0x00	; +0400
	.byte	0x80, 0xc0, 0xe0, 0x60, 0x60, 0x60, 0x60, 0x60, 0x60, 0xc0, 0x80, 0x00, 0xc0, 0xc0, 0x00, 0x00	; +0410
	.byte	0x1f, 0x3f, 0x79, 0x70, 0x70, 0x70, 0x7f, 0x7f, 0x70, 0x70, 0x70, 0x70, 0x70, 0x70, 0x00, 0x00	; +0420
	.byte	0x80, 0xc0, 0xe0, 0xe0, 0xe0, 0xe0, 0xe0, 0xe0, 0xe0, 0xe0, 0xe0, 0xe0, 0xe0, 0xe0, 0x00, 0x00	; +0430
	.byte	0x7f, 0x7f, 0x71, 0x70, 0x70, 0x71, 0x7f, 0x7f, 0x71, 0x70, 0x70, 0x71, 0x7f, 0x7f, 0x00, 0x00	; +0440
	.byte	0x80, 0xc0, 0xe0, 0xe0, 0xe0, 0xe0, 0xc0, 0xc0, 0xe0, 0xe0, 0xe0, 0xe0, 0xc0, 0x80, 0x00, 0x00	; +0450
	.byte	0x1f, 0x3f, 0x79, 0x70, 0x70, 0x70, 0x70, 0x70, 0x70, 0x70, 0x70, 0x79, 0x3f, 0x1f, 0x00, 0x00	; +0460
	.byte	0x80, 0xc0, 0xe0, 0xe0, 0x00, 0x00, 0x00, 0x00, 0x00, 0x00, 0xe0, 0xe0, 0xc0, 0x80, 0x00, 0x00	; +0470
	.byte	0x7f, 0x7f, 0x71, 0x70, 0x70, 0x70, 0x70, 0x70, 0x70, 0x70, 0x70, 0x71, 0x7f, 0x7f, 0x00, 0x00	; +0480
	.byte	0x80, 0xc0, 0xe0, 0xe0, 0xe0, 0xe0, 0xe0, 0xe0, 0xe0, 0xe0, 0xe0, 0xe0, 0xc0, 0x80, 0x00, 0x00	; +0490
	.byte	0x7f, 0x7f, 0x70, 0x70, 0x70, 0x70, 0x7f, 0x7f, 0x70, 0x70, 0x70, 0x70, 0x7f, 0x7f, 0x00, 0x00	; +04a0
	.byte	0xe0, 0xe0, 0x00, 0x00, 0x00, 0x00, 0x80, 0x80, 0x00, 0x00, 0x00, 0x00, 0xe0, 0xe0, 0x00, 0x00	; +04b0
	.byte	0x7f, 0x7f, 0x70, 0x70, 0x70, 0x70, 0x7f, 0x7f, 0x70, 0x70, 0x70, 0x70, 0x70, 0x70, 0x00, 0x00	; +04c0
	.byte	0xe0, 0xe0, 0x00, 0x00, 0x00, 0x00, 0x80, 0x80, 0x00, 0x00, 0x00, 0x00, 0x00, 0x00, 0x00, 0x00	; +04d0
	.byte	0x1f, 0x3f, 0x79, 0x70, 0x70, 0x70, 0x77, 0x77, 0x70, 0x70, 0x70, 0x79, 0x3f, 0x1f, 0x00, 0x00	; +04e0
	.byte	0x80, 0xc0, 0xe0, 0xe0, 0x00, 0x00, 0xe0, 0xe0, 0xe0, 0xe0, 0xe0, 0xe0, 0xc0, 0x80, 0x00, 0x00	; +04f0
	.byte	0x70, 0x70, 0x70, 0x70, 0x70, 0x70, 0x7f, 0x7f, 0x70, 0x70, 0x70, 0x70, 0x70, 0x70, 0x00, 0x00	; +0500
	.byte	0xe0, 0xe0, 0xe0, 0xe0, 0xe0, 0xe0, 0xe0, 0xe0, 0xe0, 0xe0, 0xe0, 0xe0, 0xe0, 0xe0, 0x00, 0x00	; +0510
	.byte	0x1f, 0x1f, 0x0e, 0x0e, 0x0e, 0x0e, 0x0e, 0x0e, 0x0e, 0x0e, 0x0e, 0x0e, 0x1f, 0x1f, 0x00, 0x00	; +0520
	.byte	0x00, 0x00, 0x00, 0x00, 0x00, 0x00, 0x00, 0x00, 0x00, 0x00, 0x00, 0x00, 0x00, 0x00, 0x00, 0x00	; +0530
	.byte	0x00, 0x00, 0x00, 0x00, 0x00, 0x00, 0x00, 0x00, 0x00, 0x00, 0x70, 0x79, 0x3f, 0x1f, 0x00, 0x00	; +0540
	.byte	0xe0, 0xe0, 0xe0, 0xe0, 0xe0, 0xe0, 0xe0, 0xe0, 0xe0, 0xe0, 0xe0, 0xe0, 0xc0, 0x80, 0x00, 0x00	; +0550
	.byte	0x70, 0x71, 0x73, 0x77, 0x7f, 0x7e, 0x7c, 0x7c, 0x7e, 0x7f, 0x77, 0x73, 0x71, 0x70, 0x00, 0x00	; +0560
	.byte	0xe0, 0xe0, 0xc0, 0x80, 0x00, 0x00, 0x00, 0x00, 0x00, 0x00, 0x80, 0xc0, 0xe0, 0xe0, 0x00, 0x00	; +0570
	.byte	0x70, 0x70, 0x70, 0x70, 0x70, 0x70, 0x70, 0x70, 0x70, 0x70, 0x70, 0x70, 0x7f, 0x7f, 0x00, 0x00	; +0580
	.byte	0x00, 0x00, 0x00, 0x00, 0x00, 0x00, 0x00, 0x00, 0x00, 0x00, 0x00, 0x00, 0xe0, 0xe0, 0x00, 0x00	; +0590
	.byte	0x70, 0x79, 0x7f, 0x7f, 0x7f, 0x7f, 0x7f, 0x76, 0x76, 0x70, 0x70, 0x70, 0x70, 0x70, 0x00, 0x00	; +05a0
	.byte	0xe0, 0xe0, 0xe0, 0xe0, 0xe0, 0xe0, 0xe0, 0xe0, 0xe0, 0xe0, 0xe0, 0xe0, 0xe0, 0xe0, 0x00, 0x00	; +05b0
	.byte	0x70, 0x78, 0x78, 0x7c, 0x7c, 0x7e, 0x7f, 0x7f, 0x77, 0x73, 0x73, 0x71, 0x71, 0x70, 0x00, 0x00	; +05c0
	.byte	0xe0, 0xe0, 0xe0, 0xe0, 0xe0, 0xe0, 0xe0, 0xe0, 0xe0, 0xe0, 0xe0, 0xe0, 0xe0, 0xe0, 0x00, 0x00	; +05d0
	.byte	0x1f, 0x3f, 0x79, 0x70, 0x70, 0x70, 0x70, 0x70, 0x70, 0x70, 0x70, 0x79, 0x3f, 0x1f, 0x00, 0x00	; +05e0
	.byte	0x80, 0xc0, 0xe0, 0xe0, 0xe0, 0xe0, 0xe0, 0xe0, 0xe0, 0xe0, 0xe0, 0xe0, 0xc0, 0x80, 0x00, 0x00	; +05f0
	.byte	0x7f, 0x7f, 0x71, 0x70, 0x70, 0x71, 0x7f, 0x7f, 0x70, 0x70, 0x70, 0x70, 0x70, 0x70, 0x00, 0x00	; +0600
	.byte	0x80, 0xc0, 0xe0, 0xe0, 0xe0, 0xe0, 0xc0, 0x80, 0x00, 0x00, 0x00, 0x00, 0x00, 0x00, 0x00, 0x00	; +0610
	.byte	0x1f, 0x3f, 0x79, 0x70, 0x70, 0x70, 0x70, 0x70, 0x7c, 0x7e, 0x77, 0x7b, 0x3f, 0x1f, 0x00, 0x00	; +0620
	.byte	0x80, 0xc0, 0xe0, 0xe0, 0xe0, 0xe0, 0xe0, 0xe0, 0xe0, 0xe0, 0xc0, 0x80, 0xe0, 0xe0, 0x00, 0x00	; +0630
	.byte	0x7f, 0x7f, 0x71, 0x70, 0x70, 0x71, 0x7f, 0x7f, 0x7e, 0x7f, 0x77, 0x73, 0x71, 0x70, 0x00, 0x00	; +0640
	.byte	0x80, 0xc0, 0xe0, 0xe0, 0xe0, 0xe0, 0xc0, 0x80, 0x00, 0x00, 0x80, 0xc0, 0xe0, 0xe0, 0x00, 0x00	; +0650
	.byte	0x1f, 0x3f, 0x79, 0x70, 0x70, 0x78, 0x3f, 0x1f, 0x01, 0x00, 0x70, 0x79, 0x3f, 0x1f, 0x00, 0x00	; +0660
	.byte	0x80, 0xc0, 0xe0, 0xe0, 0x00, 0x00, 0x80, 0xc0, 0xe0, 0xe0, 0xe0, 0xe0, 0xc0, 0x80, 0x00, 0x00	; +0670
	.byte	0x7f, 0x7f, 0x0e, 0x0e, 0x0e, 0x0e, 0x0e, 0x0e, 0x0e, 0x0e, 0x0e, 0x0e, 0x0e, 0x0e, 0x00, 0x00	; +0680
	.byte	0xc0, 0xc0, 0x00, 0x00, 0x00, 0x00, 0x00, 0x00, 0x00, 0x00, 0x00, 0x00, 0x00, 0x00, 0x00, 0x00	; +0690
	.byte	0x70, 0x70, 0x70, 0x70, 0x70, 0x70, 0x70, 0x70, 0x70, 0x70, 0x70, 0x79, 0x3f, 0x1f, 0x00, 0x00	; +06a0
	.byte	0xe0, 0xe0, 0xe0, 0xe0, 0xe0, 0xe0, 0xe0, 0xe0, 0xe0, 0xe0, 0xe0, 0xe0, 0xc0, 0x80, 0x00, 0x00	; +06b0
	.byte	0x70, 0x70, 0x70, 0x70, 0x70, 0x70, 0x70, 0x70, 0x70, 0x79, 0x3f, 0x1f, 0x0f, 0x06, 0x00, 0x00	; +06c0
	.byte	0xe0, 0xe0, 0xe0, 0xe0, 0xe0, 0xe0, 0xe0, 0xe0, 0xe0, 0xe0, 0xc0, 0x80, 0x00, 0x00, 0x00, 0x00	; +06d0
	.byte	0x70, 0x70, 0x70, 0x70, 0x70, 0x70, 0x76, 0x76, 0x76, 0x76, 0x7f, 0x7f, 0x39, 0x10, 0x00, 0x00	; +06e0
	.byte	0xe0, 0xe0, 0xe0, 0xe0, 0xe0, 0xe0, 0xe0, 0xe0, 0xe0, 0xe0, 0xe0, 0xe0, 0xc0, 0x80, 0x00, 0x00	; +06f0
	.byte	0x70, 0x70, 0x70, 0x79, 0x3f, 0x1f, 0x0f, 0x0f, 0x1f, 0x3f, 0x79, 0x70, 0x70, 0x70, 0x00, 0x00	; +0700
	.byte	0xe0, 0xe0, 0xe0, 0xe0, 0xc0, 0x80, 0x00, 0x00, 0x80, 0xc0, 0xe0, 0xe0, 0xe0, 0xe0, 0x00, 0x00	; +0710
	.byte	0x71, 0x71, 0x71, 0x71, 0x71, 0x7b, 0x3f, 0x1f, 0x0e, 0x0e, 0x0e, 0x0e, 0x0e, 0x0e, 0x00, 0x00	; +0720
	.byte	0xc0, 0xc0, 0xc0, 0xc0, 0xc0, 0xc0, 0x80, 0x00, 0x00, 0x00, 0x00, 0x00, 0x00, 0x00, 0x00, 0x00	; +0730
	.byte	0x7f, 0x7f, 0x01, 0x01, 0x03, 0x07, 0x0f, 0x1f, 0x3e, 0x7c, 0x78, 0x78, 0x7f, 0x7f, 0x00, 0x00	; +0740
	.byte	0xe0, 0xe0, 0xe0, 0xe0, 0xe0, 0xc0, 0x80, 0x00, 0x00, 0x00, 0x00, 0x00, 0xe0, 0xe0, 0x00, 0x00	; +0750
	.byte	0x1f, 0x1f, 0x1c, 0x1c, 0x1c, 0x1c, 0x1c, 0x1c, 0x1c, 0x1c, 0x1c, 0x1c, 0x1f, 0x1f, 0x00, 0x00	; +0760
	.byte	0x80, 0x80, 0x00, 0x00, 0x00, 0x00, 0x00, 0x00, 0x00, 0x00, 0x00, 0x00, 0x80, 0x80, 0x00, 0x00	; +0770
	.byte	0x00, 0x40, 0x60, 0x70, 0x38, 0x1c, 0x0e, 0x07, 0x03, 0x01, 0x00, 0x00, 0x00, 0x00, 0x00, 0x00	; +0780
	.byte	0x00, 0x00, 0x00, 0x00, 0x00, 0x00, 0x00, 0x00, 0x80, 0xc0, 0xe0, 0x60, 0x20, 0x00, 0x00, 0x00	; +0790
	.byte	0x1f, 0x1f, 0x03, 0x03, 0x03, 0x03, 0x03, 0x03, 0x03, 0x03, 0x03, 0x03, 0x1f, 0x1f, 0x00, 0x00	; +07a0
	.byte	0x80, 0x80, 0x80, 0x80, 0x80, 0x80, 0x80, 0x80, 0x80, 0x80, 0x80, 0x80, 0x80, 0x80, 0x00, 0x00	; +07b0
	.byte	0x18, 0x3c, 0x66, 0x00, 0x00, 0x00, 0x00, 0x00, 0x00, 0x00, 0x00, 0x00, 0x00, 0x00, 0x00, 0x00	; +07c0
	.byte	0x00, 0x00, 0x00, 0x00, 0x00, 0x00, 0x00, 0x00, 0x00, 0x00, 0x00, 0x00, 0x00, 0x00, 0x00, 0x00	; +07d0
	.byte	0x00, 0x00, 0x00, 0x00, 0x00, 0x00, 0x00, 0x00, 0x00, 0x00, 0x00, 0x00, 0x7f, 0x7f, 0x00, 0x00	; +07e0
	.byte	0x00, 0x00, 0x00, 0x00, 0x00, 0x00, 0x00, 0x00, 0x00, 0x00, 0x00, 0x00, 0xe0, 0xe0, 0x00, 0x00	; +07f0
	.byte	0x30, 0x78, 0x78, 0x30, 0x18, 0x00, 0x00, 0x00, 0x00, 0x00, 0x00, 0x00, 0x00, 0x00, 0x00, 0x00	; +0800
	.byte	0x00, 0x00, 0x00, 0x00, 0x00, 0x00, 0x00, 0x00, 0x00, 0x00, 0x00, 0x00, 0x00, 0x00, 0x00, 0x00	; +0810
	.byte	0x00, 0x00, 0x00, 0x00, 0x1f, 0x1f, 0x00, 0x1f, 0x3f, 0x79, 0x70, 0x79, 0x3f, 0x1f, 0x00, 0x00	; +0820
	.byte	0x00, 0x00, 0x00, 0x00, 0x80, 0xc0, 0xe0, 0xe0, 0xe0, 0xe0, 0xe0, 0xe0, 0xe0, 0xe0, 0x00, 0x00	; +0830
	.byte	0x70, 0x70, 0x70, 0x70, 0x7f, 0x7f, 0x71, 0x70, 0x70, 0x70, 0x70, 0x71, 0x7f, 0x7f, 0x00, 0x00	; +0840
	.byte	0x00, 0x00, 0x00, 0x00, 0x80, 0xc0, 0xe0, 0xe0, 0xe0, 0xe0, 0xe0, 0xe0, 0xc0, 0x80, 0x00, 0x00	; +0850
	.byte	0x00, 0x00, 0x00, 0x00, 0x1f, 0x3f, 0x79, 0x70, 0x70, 0x70, 0x70, 0x79, 0x3f, 0x1f, 0x00, 0x00	; +0860
	.byte	0x00, 0x00, 0x00, 0x00, 0x80, 0xc0, 0xe0, 0xe0, 0x00, 0x00, 0xe0, 0xe0, 0xc0, 0x80, 0x00, 0x00	; +0870
	.byte	0x00, 0x00, 0x00, 0x00, 0x1f, 0x3f, 0x78, 0x70, 0x70, 0x70, 0x70, 0x78, 0x3f, 0x1f, 0x00, 0x00	; +0880
	.byte	0xe0, 0xe0, 0xe0, 0xe0, 0xe0, 0xe0, 0xe0, 0xe0, 0xe0, 0xe0, 0xe0, 0xe0, 0xe0, 0xe0, 0x00, 0x00	; +0890
	.byte	0x00, 0x00, 0x00, 0x00, 0x1f, 0x3f, 0x79, 0x70, 0x7f, 0x7f, 0x70, 0x78, 0x3f, 0x1f, 0x00, 0x00	; +08a0
	.byte	0x00, 0x00, 0x00, 0x00, 0x80, 0xc0, 0xe0, 0xe0, 0xe0, 0xe0, 0x00, 0x00, 0xc0, 0x80, 0x00, 0x00	; +08b0
	.byte	0x03, 0x07, 0x0f, 0x0e, 0x7f, 0x7f, 0x0e, 0x0e, 0x0e, 0x0e, 0x0e, 0x0e, 0x0e, 0x0e, 0x00, 0x00	; +08c0
	.byte	0xc0, 0xc0, 0x00, 0x00, 0xc0, 0xc0, 0x00, 0x00, 0x00, 0x00, 0x00, 0x00, 0x00, 0x00, 0x00, 0x00	; +08d0
	.byte	0x00, 0x00, 0x00, 0x00, 0x1f, 0x3f, 0x79, 0x70, 0x70, 0x79, 0x3f, 0x1f, 0x00, 0x71, 0x7f, 0x3f	; +08e0
	.byte	0x00, 0x00, 0x00, 0x00, 0xe0, 0xe0, 0xe0, 0xe0, 0xe0, 0xe0, 0xe0, 0xe0, 0xe0, 0xe0, 0xc0, 0x80	; +08f0
	.byte	0x70, 0x70, 0x70, 0x70, 0x7f, 0x7f, 0x71, 0x70, 0x70, 0x70, 0x70, 0x70, 0x70, 0x70, 0x00, 0x00	; +0900
	.byte	0x00, 0x00, 0x00, 0x00, 0x80, 0xc0, 0xe0, 0xe0, 0xe0, 0xe0, 0xe0, 0xe0, 0xe0, 0xe0, 0x00, 0x00	; +0910
	.byte	0x0e, 0x0e, 0x00, 0x00, 0x0e, 0x0e, 0x0e, 0x0e, 0x0e, 0x0e, 0x0e, 0x0e, 0x0e, 0x0e, 0x00, 0x00	; +0920
	.byte	0x00, 0x00, 0x00, 0x00, 0x00, 0x00, 0x00, 0x00, 0x00, 0x00, 0x00, 0x00, 0x00, 0x00, 0x00, 0x00	; +0930
	.byte	0x00, 0x00, 0x00, 0x00, 0x00, 0x00, 0x00, 0x00, 0x00, 0x00, 0x00, 0x00, 0x70, 0x79, 0x3f, 0x1f	; +0940
	.byte	0x00, 0x00, 0xe0, 0xe0, 0x00, 0xe0, 0xe0, 0xe0, 0xe0, 0xe0, 0xe0, 0xe0, 0xe0, 0xe0, 0xc0, 0x80	; +0950
	.byte	0x70, 0x70, 0x70, 0x70, 0x70, 0x71, 0x73, 0x77, 0x7f, 0x7f, 0x77, 0x73, 0x71, 0x70, 0x00, 0x00	; +0960
	.byte	0x00, 0x00, 0x00, 0x00, 0xe0, 0xe0, 0xc0, 0x80, 0x00, 0x00, 0x80, 0xc0, 0xe0, 0xe0, 0x00, 0x00	; +0970
	.byte	0x0e, 0x0e, 0x0e, 0x0e, 0x0e, 0x0e, 0x0e, 0x0e, 0x0e, 0x0e, 0x0e, 0x0e, 0x0f, 0x07, 0x00, 0x00	; +0980
	.byte	0x00, 0x00, 0x00, 0x00, 0x00, 0x00, 0x00, 0x00, 0x00, 0x00, 0x00, 0x00, 0x00, 0x00, 0x00, 0x00	; +0990
	.byte	0x00, 0x00, 0x00, 0x00, 0x7f, 0x7f, 0x76, 0x76, 0x76, 0x76, 0x76, 0x76, 0x76, 0x76, 0x00, 0x00	; +09a0
	.byte	0x00, 0x00, 0x00, 0x00, 0x80, 0xc0, 0xe0, 0xe0, 0xe0, 0xe0, 0xe0, 0xe0, 0xe0, 0xe0, 0x00, 0x00	; +09b0
	.byte	0x00, 0x00, 0x00, 0x00, 0x7f, 0x7f, 0x71, 0x70, 0x70, 0x70, 0x70, 0x70, 0x70, 0x70, 0x00, 0x00	; +09c0
	.byte	0x00, 0x00, 0x00, 0x00, 0x80, 0xc0, 0xe0, 0xe0, 0xe0, 0xe0, 0xe0, 0xe0, 0xe0, 0xe0, 0x00, 0x00	; +09d0
	.byte	0x00, 0x00, 0x00, 0x00, 0x1f, 0x3f, 0x79, 0x70, 0x70, 0x70, 0x70, 0x79, 0x3f, 0x1f, 0x00, 0x00	; +09e0
	.byte	0x00, 0x00, 0x00, 0x00, 0x80, 0xc0, 0xe0, 0xe0, 0xe0, 0xe0, 0xe0, 0xe0, 0xc0, 0x80, 0x00, 0x00	; +09f0
	.byte	0x00, 0x00, 0x00, 0x00, 0x7f, 0x7f, 0x71, 0x70, 0x70, 0x70, 0x71, 0x7f, 0x7f, 0x70, 0x70, 0x70	; +0a00
	.byte	0x00, 0x00, 0x00, 0x00, 0x80, 0xc0, 0xe0, 0xe0, 0xe0, 0xe0, 0xe0, 0xc0, 0x80, 0x00, 0x00, 0x00	; +0a10
	.byte	0x00, 0x00, 0x00, 0x00, 0x1f, 0x3f, 0x78, 0x70, 0x70, 0x70, 0x78, 0x3f, 0x1f, 0x00, 0x00, 0x00	; +0a20
	.byte	0x00, 0x00, 0x00, 0x00, 0xe0, 0xe0, 0xe0, 0xe0, 0xe0, 0xe0, 0xe0, 0xe0, 0xe0, 0xe0, 0xe0, 0xe0	; +0a30
	.byte	0x00, 0x00, 0x00, 0x00, 0x73, 0x77, 0x7e, 0x7c, 0x78, 0x70, 0x70, 0x70, 0x70, 0x70, 0x00, 0x00	; +0a40
	.byte	0x00, 0x00, 0x00, 0x00, 0x80, 0xc0, 0xe0, 0x60, 0x00, 0x00, 0x00, 0x00, 0x00, 0x00, 0x00, 0x00	; +0a50
	.byte	0x00, 0x00, 0x00, 0x00, 0x3f, 0x7f, 0x70, 0x70, 0x7f, 0x3f, 0x00, 0x70, 0x7f, 0x3f, 0x00, 0x00	; +0a60
	.byte	0x00, 0x00, 0x00, 0x00, 0xc0, 0xe0, 0xe0, 0x00, 0xc0, 0xe0, 0xe0, 0xe0, 0xe0, 0xc0, 0x00, 0x00	; +0a70
	.byte	0x0e, 0x0e, 0x0e, 0x0e, 0x7f, 0x7f, 0x0e, 0x0e, 0x0e, 0x0e, 0x0e, 0x0e, 0x0f, 0x07, 0x00, 0x00	; +0a80
	.byte	0x00, 0x00, 0x00, 0x00, 0xc0, 0xc0, 0x00, 0x00, 0x00, 0x00, 0x00, 0x00, 0x80, 0x80, 0x00, 0x00	; +0a90
	.byte	0x00, 0x00, 0x00, 0x00, 0x70, 0x70, 0x70, 0x70, 0x70, 0x70, 0x70, 0x78, 0x3f, 0x1f, 0x00, 0x00	; +0aa0
	.byte	0x00, 0x00, 0x00, 0x00, 0xe0, 0xe0, 0xe0, 0xe0, 0xe0, 0xe0, 0xe0, 0xe0, 0xe0, 0xe0, 0x00, 0x00	; +0ab0
	.byte	0x00, 0x00, 0x00, 0x00, 0x70, 0x70, 0x70, 0x70, 0x70, 0x79, 0x3f, 0x1f, 0x0f, 0x06, 0x00, 0x00	; +0ac0
	.byte	0x00, 0x00, 0x00, 0x00, 0xe0, 0xe0, 0xe0, 0xe0, 0xe0, 0xe0, 0xc0, 0x80, 0x00, 0x00, 0x00, 0x00	; +0ad0
	.byte	0x00, 0x00, 0x00, 0x00, 0x70, 0x70, 0x70, 0x76, 0x76, 0x76, 0x7f, 0x7f, 0x39, 0x10, 0x00, 0x00	; +0ae0
	.byte	0x00, 0x00, 0x00, 0x00, 0xe0, 0xe0, 0xe0, 0xe0, 0xe0, 0xe0, 0xe0, 0xe0, 0xc0, 0x80, 0x00, 0x00	; +0af0
	.byte	0x00, 0x00, 0x00, 0x00, 0x70, 0x70, 0x79, 0x3f, 0x0f, 0x0f, 0x3f, 0x79, 0x70, 0x70, 0x00, 0x00	; +0b00
	.byte	0x00, 0x00, 0x00, 0x00, 0xe0, 0xe0, 0xe0, 0xc0, 0x00, 0x00, 0xc0, 0xe0, 0xe0, 0xe0, 0x00, 0x00	; +0b10
	.byte	0x00, 0x00, 0x00, 0x00, 0x70, 0x70, 0x70, 0x70, 0x70, 0x79, 0x3f, 0x1f, 0x0f, 0x07, 0x7e, 0x7c	; +0b20
	.byte	0x00, 0x00, 0x00, 0x00, 0xe0, 0xe0, 0xe0, 0xe0, 0xe0, 0xe0, 0xe0, 0xc0, 0x80, 0x00, 0x00, 0x00	; +0b30
	.byte	0x00, 0x00, 0x00, 0x00, 0x7f, 0x7f, 0x01, 0x03, 0x07, 0x0f, 0x1e, 0x3c, 0x7f, 0x7f, 0x00, 0x00	; +0b40
	.byte	0x00, 0x00, 0x00, 0x00, 0xe0, 0xe0, 0xe0, 0xc0, 0x80, 0x00, 0x00, 0x00, 0xe0, 0xe0, 0x00, 0x00	; +0b50
	.byte	0x03, 0x07, 0x0e, 0x0c, 0x0c, 0x1c, 0x38, 0x38, 0x1c, 0x0c, 0x0c, 0x0e, 0x07, 0x03, 0x00, 0x00	; +0b60
	.byte	0x00, 0x00, 0x00, 0x00, 0x00, 0x00, 0x00, 0x00, 0x00, 0x00, 0x00, 0x00, 0x00, 0x00, 0x00, 0x00	; +0b70
	.byte	0x06, 0x06, 0x06, 0x06, 0x06, 0x06, 0x06, 0x06, 0x06, 0x06, 0x06, 0x06, 0x06, 0x06, 0x00, 0x00	; +0b80
	.byte	0x00, 0x00, 0x00, 0x00, 0x00, 0x00, 0x00, 0x00, 0x00, 0x00, 0x00, 0x00, 0x00, 0x00, 0x00, 0x00	; +0b90
	.byte	0x18, 0x1c, 0x0e, 0x06, 0x06, 0x07, 0x03, 0x03, 0x07, 0x06, 0x06, 0x0e, 0x1c, 0x18, 0x00, 0x00	; +0ba0
	.byte	0x00, 0x00, 0x00, 0x00, 0x00, 0x00, 0x80, 0x80, 0x00, 0x00, 0x00, 0x00, 0x00, 0x00, 0x00, 0x00	; +0bb0
	.byte	0x1c, 0x3e, 0x77, 0x63, 0x00, 0x00, 0x00, 0x00, 0x00, 0x00, 0x00, 0x00, 0x00, 0x00, 0x00, 0x00	; +0bc0
	.byte	0x60, 0xe0, 0xc0, 0x80, 0x00, 0x00, 0x00, 0x00, 0x00, 0x00, 0x00, 0x00, 0x00, 0x00, 0x00, 0x00	; +0bd0
	.byte	0x00, 0x00, 0x02, 0x06, 0x0e, 0x1e, 0x3e, 0x7e, 0x3e, 0x1e, 0x0e, 0x06, 0x02, 0x00, 0x00, 0x00	; +0be0
	.byte	0x00, 0x00, 0x00, 0x00, 0x00, 0x00, 0x00, 0x00, 0x00, 0x00, 0x00, 0x00, 0x00, 0x00, 0x00, 0x00	; +0bf0
	.byte	0x00, 0x00, 0x08, 0x0c, 0x0e, 0x0f, 0x0f, 0x0f, 0x0f, 0x0f, 0x0e, 0x0c, 0x08, 0x00, 0x00, 0x00	; +0c00
	.byte	0x00, 0x00, 0x00, 0x00, 0x00, 0x00, 0x80, 0xc0, 0x80, 0x00, 0x00, 0x00, 0x00, 0x00, 0x00, 0x00	; +0c10
	.byte	0x00, 0x00, 0x00, 0x00, 0xff, 0x7f, 0x3f, 0x1f, 0x0e, 0x04, 0x00, 0x00, 0x00, 0x00, 0x00, 0x00	; +0c20
	.byte	0x00, 0x00, 0x00, 0x00, 0xe0, 0xc0, 0x80, 0x00, 0x00, 0x00, 0x00, 0x00, 0x00, 0x00, 0x00, 0x00	; +0c30
	.byte	0x00, 0x00, 0x00, 0x00, 0x00, 0x00, 0x00, 0x00, 0x00, 0x00, 0x30, 0x78, 0x78, 0x30, 0x60, 0x00	; +0c40
	.byte	0x00, 0x00, 0x00, 0x00, 0x00, 0x00, 0x00, 0x00, 0x00, 0x00, 0x00, 0x00, 0x00, 0x00, 0x00, 0x00	; +0c50
	.byte	0x03, 0x07, 0x07, 0x07, 0x7f, 0x7f, 0x0e, 0x0e, 0x1c, 0x1c, 0x1c, 0x3c, 0x78, 0x70, 0x70, 0x70	; +0c60
	.byte	0xc0, 0xc0, 0x00, 0x00, 0xc0, 0xc0, 0x00, 0x00, 0x00, 0x00, 0x00, 0x00, 0x00, 0x00, 0x00, 0x00	; +0c70
	.byte	0x00, 0x00, 0x00, 0x00, 0x00, 0x00, 0x00, 0x00, 0x00, 0x00, 0x31, 0x7b, 0x7b, 0x31, 0x63, 0x00	; +0c80
	.byte	0x00, 0x00, 0x00, 0x00, 0x00, 0x00, 0x00, 0x00, 0x00, 0x00, 0x80, 0xc0, 0xc0, 0x80, 0x00, 0x00	; +0c90
	.byte	0x00, 0x00, 0x00, 0x00, 0x04, 0x0e, 0x1f, 0x3f, 0x7f, 0xff, 0x00, 0x00, 0x00, 0x00, 0x00, 0x00	; +0ca0
	.byte	0x00, 0x00, 0x00, 0x00, 0x00, 0x00, 0x00, 0x80, 0xc0, 0xe0, 0x00, 0x00, 0x00, 0x00, 0x00, 0x00	; +0cb0
	.byte	0x00, 0x00, 0x02, 0x06, 0x0a, 0x12, 0x22, 0x42, 0x22, 0x12, 0x0a, 0x06, 0x02, 0x00, 0x00, 0x00	; +0cc0
	.byte	0x00, 0x00, 0x00, 0x00, 0x00, 0x00, 0x00, 0x00, 0x00, 0x00, 0x00, 0x00, 0x00, 0x00, 0x00, 0x00	; +0cd0
	.byte	0x00, 0x00, 0x08, 0x0c, 0x0a, 0x09, 0x08, 0x08, 0x08, 0x09, 0x0a, 0x0c, 0x08, 0x00, 0x00, 0x00	; +0ce0
	.byte	0x00, 0x00, 0x00, 0x00, 0x00, 0x00, 0x80, 0x40, 0x80, 0x00, 0x00, 0x00, 0x00, 0x00, 0x00, 0x00	; +0cf0
	.byte	0x00, 0x00, 0x00, 0x00, 0xff, 0x40, 0x20, 0x11, 0x0a, 0x04, 0x00, 0x00, 0x00, 0x00, 0x00, 0x00	; +0d00
	.byte	0x00, 0x00, 0x00, 0x00, 0xe0, 0x40, 0x80, 0x00, 0x00, 0x00, 0x00, 0x00, 0x00, 0x00, 0x00, 0x00	; +0d10
	.byte	0x00, 0x00, 0x00, 0x00, 0x04, 0x0a, 0x11, 0x20, 0x40, 0xff, 0x00, 0x00, 0x00, 0x00, 0x00, 0x00	; +0d20
	.byte	0x00, 0x00, 0x00, 0x00, 0x00, 0x00, 0x00, 0x80, 0x40, 0xe0, 0x00, 0x00, 0x00, 0x00, 0x00, 0x00	; +0d30
	.byte	0x39, 0x0f, 0x1f, 0x3f, 0x79, 0x70, 0x78, 0x3f, 0x1f, 0x01, 0x70, 0x79, 0x3f, 0x1f, 0x00, 0x00	; +0d40
	.byte	0xc0, 0x00, 0x80, 0xc0, 0xe0, 0xe0, 0x00, 0x80, 0xc0, 0xe0, 0xe0, 0xe0, 0xc0, 0x80, 0x00, 0x00	; +0d50
	.byte	0x00, 0x00, 0x04, 0x0c, 0x1c, 0x3c, 0x7f, 0x7f, 0x3c, 0x1c, 0x0c, 0x04, 0x00, 0x00, 0x00, 0x00	; +0d60
	.byte	0x00, 0x00, 0x00, 0x00, 0x00, 0x00, 0xe0, 0xe0, 0x00, 0x00, 0x00, 0x00, 0x00, 0x00, 0x00, 0x00	; +0d70
	.byte	0x1d, 0x3f, 0x7b, 0x73, 0x73, 0x73, 0x73, 0x73, 0x73, 0x73, 0x73, 0x7b, 0x3f, 0x1d, 0x00, 0x00	; +0d80
	.byte	0xe0, 0xe0, 0x80, 0x80, 0x80, 0x80, 0xe0, 0xe0, 0x80, 0x80, 0x80, 0x80, 0xe0, 0xe0, 0x00, 0x00	; +0d90
	.byte	0x00, 0x00, 0x02, 0x03, 0x03, 0x03, 0x7f, 0x7f, 0x03, 0x03, 0x03, 0x02, 0x00, 0x00, 0x00, 0x00	; +0da0
	.byte	0x00, 0x00, 0x00, 0x00, 0x80, 0xc0, 0xe0, 0xe0, 0xc0, 0x80, 0x00, 0x00, 0x00, 0x00, 0x00, 0x00	; +0db0
	.byte	0x06, 0x06, 0x06, 0x06, 0x06, 0x06, 0x06, 0x06, 0x06, 0x7f, 0x3f, 0x1f, 0x0f, 0x06, 0x00, 0x00	; +0dc0
	.byte	0x00, 0x00, 0x00, 0x00, 0x00, 0x00, 0x00, 0x00, 0x00, 0xe0, 0xc0, 0x80, 0x00, 0x00, 0x00, 0x00	; +0dd0
	.byte	0x06, 0x0f, 0x1f, 0x3f, 0x7f, 0x06, 0x06, 0x06, 0x06, 0x06, 0x06, 0x06, 0x06, 0x06, 0x00, 0x00	; +0de0
	.byte	0x00, 0x00, 0x80, 0xc0, 0xe0, 0x00, 0x00, 0x00, 0x00, 0x00, 0x00, 0x00, 0x00, 0x00, 0x00, 0x00	; +0df0
	.byte	0x00, 0x00, 0x00, 0x04, 0x0c, 0x17, 0x20, 0x40, 0x20, 0x17, 0x0c, 0x04, 0x00, 0x00, 0x00, 0x00	; +0e00
	.byte	0x00, 0x00, 0x00, 0x00, 0x00, 0xc0, 0x40, 0x40, 0x40, 0xc0, 0x00, 0x00, 0x00, 0x00, 0x00, 0x00	; +0e10
	.byte	0x18, 0x30, 0x78, 0x78, 0x30, 0x00, 0x00, 0x00, 0x00, 0x00, 0x00, 0x00, 0x00, 0x00, 0x00, 0x00	; +0e20
	.byte	0x00, 0x00, 0x00, 0x00, 0x00, 0x00, 0x00, 0x00, 0x00, 0x00, 0x00, 0x00, 0x00, 0x00, 0x00, 0x00	; +0e30
	.byte	0x30, 0x78, 0x78, 0x30, 0x60, 0x00, 0x00, 0x00, 0x00, 0x00, 0x00, 0x00, 0x00, 0x00, 0x00, 0x00	; +0e40
	.byte	0x00, 0x00, 0x00, 0x00, 0x00, 0x00, 0x00, 0x00, 0x00, 0x00, 0x00, 0x00, 0x00, 0x00, 0x00, 0x00	; +0e50
	.byte	0x18, 0x31, 0x7b, 0x7b, 0x31, 0x00, 0x00, 0x00, 0x00, 0x00, 0x00, 0x00, 0x00, 0x00, 0x00, 0x00	; +0e60
	.byte	0xc0, 0x80, 0xc0, 0xc0, 0x80, 0x00, 0x00, 0x00, 0x00, 0x00, 0x00, 0x00, 0x00, 0x00, 0x00, 0x00	; +0e70
	.byte	0x31, 0x7b, 0x7b, 0x31, 0x63, 0x00, 0x00, 0x00, 0x00, 0x00, 0x00, 0x00, 0x00, 0x00, 0x00, 0x00	; +0e80
	.byte	0x80, 0xc0, 0xc0, 0x80, 0x00, 0x00, 0x00, 0x00, 0x00, 0x00, 0x00, 0x00, 0x00, 0x00, 0x00, 0x00	; +0e90
	.byte	0x00, 0x00, 0x00, 0x04, 0x06, 0x7d, 0x40, 0x40, 0x40, 0x7d, 0x06, 0x04, 0x00, 0x00, 0x00, 0x00	; +0ea0
	.byte	0x00, 0x00, 0x00, 0x00, 0x00, 0x00, 0x80, 0x40, 0x80, 0x00, 0x00, 0x00, 0x00, 0x00, 0x00, 0x00	; +0eb0
	.byte	0x00, 0x00, 0x1f, 0x11, 0x11, 0x11, 0x71, 0x20, 0x11, 0x0a, 0x04, 0x00, 0x00, 0x00, 0x00, 0x00	; +0ec0
	.byte	0x00, 0x00, 0x00, 0x00, 0x00, 0x00, 0xc0, 0x80, 0x00, 0x00, 0x00, 0x00, 0x00, 0x00, 0x00, 0x00	; +0ed0
	.byte	0x00, 0x00, 0x04, 0x0a, 0x11, 0x20, 0x71, 0x11, 0x11, 0x11, 0x1f, 0x00, 0x00, 0x00, 0x00, 0x00	; +0ee0
	.byte	0x00, 0x00, 0x00, 0x00, 0x00, 0x80, 0xc0, 0x00, 0x00, 0x00, 0x00, 0x00, 0x00, 0x00, 0x00, 0x00	; +0ef0
	.byte	0x00, 0x00, 0x00, 0x00, 0x00, 0x00, 0x00, 0x00, 0xc0, 0x60, 0x31, 0x1b, 0x0e, 0x04, 0x00, 0x00	; +0f00
	.byte	0x00, 0x00, 0x00, 0x00, 0x00, 0x00, 0x00, 0x00, 0x60, 0xc0, 0x80, 0x00, 0x00, 0x00, 0x00, 0x00	; +0f10
	.byte	0xfc, 0xfe, 0x6f, 0x6f, 0x6d, 0x6c, 0x6c, 0x00, 0x00, 0x00, 0x00, 0x00, 0x00, 0x00, 0x00, 0x00	; +0f20
	.byte	0x60, 0xe0, 0xe0, 0xe0, 0x60, 0x60, 0x60, 0x00, 0x00, 0x00, 0x00, 0x00, 0x00, 0x00, 0x00, 0x00	; +0f30
	.byte	0x00, 0x39, 0x0f, 0x00, 0x3f, 0x7f, 0x70, 0x70, 0x7f, 0x3f, 0x00, 0x70, 0x7f, 0x3f, 0x00, 0x00	; +0f40
	.byte	0x00, 0xc0, 0x00, 0x00, 0xc0, 0xe0, 0xe0, 0x00, 0xc0, 0xe0, 0xe0, 0xe0, 0xe0, 0xc0, 0x00, 0x00	; +0f50
	.byte	0x00, 0x00, 0x00, 0x00, 0x00, 0x00, 0x00, 0x00, 0x04, 0x0e, 0x1b, 0x31, 0x60, 0xc0, 0x00, 0x00	; +0f60
	.byte	0x00, 0x00, 0x00, 0x00, 0x00, 0x00, 0x00, 0x00, 0x00, 0x00, 0x00, 0x80, 0xc0, 0x60, 0x00, 0x00	; +0f70
	.byte	0x00, 0x00, 0x00, 0x00, 0x3b, 0x7f, 0x66, 0x66, 0x67, 0x67, 0x66, 0x66, 0x7f, 0x3b, 0x00, 0x00	; +0f80
	.byte	0x00, 0x00, 0x00, 0x00, 0xc0, 0xe0, 0x60, 0x60, 0xe0, 0xe0, 0x00, 0x00, 0xe0, 0xc0, 0x00, 0x00	; +0f90
	.byte	0x00, 0x00, 0x0f, 0x10, 0x20, 0x40, 0x40, 0x40, 0x40, 0x20, 0x10, 0x0f, 0x00, 0x00, 0x00, 0x00	; +0fa0
	.byte	0x00, 0x00, 0x00, 0x80, 0x40, 0x20, 0x20, 0x20, 0x20, 0x40, 0x80, 0x00, 0x00, 0x00, 0x00, 0x00	; +0fb0
	.byte	0x01, 0x19, 0x19, 0x19, 0x1f, 0x7f, 0x79, 0x19, 0x1f, 0x7f, 0x79, 0x19, 0x19, 0x18, 0x00, 0x00	; +0fc0
	.byte	0x80, 0x80, 0x80, 0xe0, 0xe0, 0x80, 0x80, 0xe0, 0xe0, 0x80, 0x80, 0x80, 0x80, 0x00, 0x00, 0x00	; +0fd0
	.byte	0x71, 0x71, 0x71, 0x71, 0x71, 0x7b, 0x3f, 0x1f, 0x0e, 0x0e, 0x0e, 0x0e, 0x0e, 0x0e, 0x00, 0x00	; +0fe0
	.byte	0xc0, 0xc0, 0xc0, 0xc0, 0xc0, 0xc0, 0x80, 0x00, 0x00, 0x00, 0x00, 0x00, 0x00, 0x00, 0x00, 0x00	; +0ff0
	.byte	0x38, 0x38, 0x38, 0x3b, 0x3f, 0x3f, 0x3d, 0x39, 0x39, 0x39, 0x3b, 0x3f, 0x3e, 0x3c, 0x00, 0x00	; +1000
	.byte	0x00, 0x00, 0x00, 0x00, 0x80, 0xc0, 0xc0, 0xc0, 0xc0, 0xc0, 0x80, 0x00, 0x00, 0x00, 0x00, 0x00	; +1010
	.byte	0x00, 0x00, 0x00, 0x00, 0x00, 0x00, 0x00, 0x0f, 0x1b, 0x31, 0x38, 0x3d, 0x1f, 0x00, 0x00, 0x00	; +1020
	.byte	0x00, 0x00, 0x00, 0x00, 0x00, 0x00, 0x00, 0x80, 0xc0, 0xc0, 0xc0, 0x80, 0x00, 0x00, 0x00, 0x00	; +1030
	.byte	0x00, 0x00, 0x01, 0x01, 0x1f, 0x3f, 0x7b, 0x77, 0x76, 0x76, 0x7e, 0x7d, 0x3f, 0x3f, 0x70, 0x60	; +1040
	.byte	0xc0, 0xc0, 0xc0, 0x80, 0x80, 0xc0, 0xe0, 0xe0, 0x00, 0x00, 0xe0, 0xe0, 0xc0, 0x80, 0x00, 0x00	; +1050
	.byte	0x1e, 0x3e, 0x38, 0x38, 0x38, 0x7e, 0x7e, 0x38, 0x38, 0x38, 0x38, 0x38, 0x7f, 0x7f, 0x00, 0x00	; +1060
	.byte	0x00, 0x00, 0x00, 0x00, 0x00, 0x00, 0x00, 0x00, 0x00, 0x00, 0x00, 0xe0, 0xe0, 0x80, 0x00, 0x00	; +1070
	.byte	0x06, 0x0f, 0x09, 0xd9, 0x79, 0x39, 0x39, 0x3c, 0x36, 0x76, 0x6f, 0x6f, 0x7f, 0x7f, 0x00, 0x00	; +1080
	.byte	0x00, 0x00, 0x00, 0x80, 0x80, 0x80, 0xc0, 0xc0, 0xc0, 0xe0, 0x60, 0x60, 0xe0, 0xe0, 0x00, 0x00	; +1090
	.byte	0x71, 0x71, 0x3b, 0x1f, 0x0e, 0x7f, 0x7f, 0x0e, 0x0e, 0x7f, 0x7f, 0x0e, 0x0e, 0x0e, 0x00, 0x00	; +10a0
	.byte	0xc0, 0xc0, 0x80, 0x00, 0x00, 0xc0, 0xc0, 0x00, 0x00, 0xc0, 0xc0, 0x00, 0x00, 0x00, 0x00, 0x00	; +10b0
	.byte	0x02, 0x02, 0x02, 0x02, 0x02, 0x02, 0x02, 0x02, 0x02, 0x1e, 0x32, 0x62, 0x46, 0x6c, 0x38, 0x00	; +10c0
	.byte	0x00, 0x00, 0x00, 0x00, 0x00, 0x00, 0x00, 0x00, 0x00, 0x00, 0x00, 0x00, 0x00, 0x00, 0x00, 0x00	; +10d0
	.byte	0x03, 0x04, 0x08, 0x08, 0x3c, 0x42, 0x41, 0x20, 0x10, 0x08, 0x04, 0x03, 0x02, 0x02, 0x24, 0x38	; +10e0
	.byte	0x80, 0x80, 0x00, 0x00, 0x00, 0x00, 0x00, 0x80, 0x40, 0x40, 0x40, 0x80, 0x00, 0x00, 0x00, 0x00	; +10f0
	.byte	0x03, 0x03, 0x03, 0x03, 0x03, 0x03, 0x03, 0x03, 0x03, 0x3f, 0x7f, 0xff, 0xfe, 0xfc, 0x78, 0x00	; +1100
	.byte	0x00, 0x00, 0x00, 0x00, 0x00, 0x00, 0x00, 0x00, 0x00, 0x00, 0x60, 0x60, 0x00, 0x00, 0x00, 0x00	; +1110
	.byte	0x3f, 0x7f, 0xe0, 0xce, 0xdf, 0xd9, 0xd8, 0xd8, 0xd9, 0xdf, 0xce, 0xe0, 0x7f, 0x3f, 0x00, 0x00	; +1120
	.byte	0x80, 0xc0, 0xe0, 0x60, 0x60, 0x60, 0x60, 0x60, 0x60, 0x60, 0x60, 0xe0, 0xc0, 0x80, 0x00, 0x00	; +1130
	.byte	0x01, 0x01, 0x01, 0x01, 0x01, 0x01, 0x01, 0x01, 0x01, 0x1f, 0x3f, 0x7f, 0x7f, 0x7e, 0x3c, 0x00	; +1140
	.byte	0x80, 0x80, 0x80, 0x80, 0x80, 0x80, 0x80, 0x80, 0x80, 0x80, 0x80, 0x80, 0x00, 0x00, 0x00, 0x00	; +1150
	.byte	0x02, 0x03, 0x03, 0x03, 0x02, 0x02, 0x02, 0x02, 0x02, 0x02, 0x1e, 0x3e, 0x7e, 0x7c, 0x38, 0x00	; +1160
	.byte	0x00, 0x00, 0x80, 0xc0, 0xe0, 0x60, 0x20, 0x20, 0x20, 0x40, 0x00, 0x00, 0x00, 0x00, 0x00, 0x00	; +1170
	.byte	0x02, 0x03, 0x03, 0x02, 0x03, 0x03, 0x02, 0x02, 0x02, 0x02, 0x1e, 0x3e, 0x7e, 0x7c, 0x38, 0x00	; +1180
	.byte	0x00, 0x00, 0x80, 0xc0, 0x60, 0xa0, 0xe0, 0x60, 0x20, 0x20, 0x40, 0x00, 0x00, 0x00, 0x00, 0x00	; +1190
	.byte	0x02, 0x03, 0x03, 0x02, 0x03, 0x03, 0x02, 0x03, 0x03, 0x02, 0x1e, 0x3e, 0x7e, 0x7c, 0x38, 0x00	; +11a0
	.byte	0x00, 0x00, 0x80, 0xc0, 0x60, 0xa0, 0xe0, 0x60, 0xa0, 0xe0, 0x60, 0x20, 0x40, 0x00, 0x00, 0x00	; +11b0
	.byte	0x3f, 0x7f, 0xe0, 0xde, 0xdf, 0xdb, 0xdb, 0xde, 0xde, 0xdb, 0xdb, 0xe0, 0x7f, 0x3f, 0x00, 0x00	; +11c0
	.byte	0x80, 0xc0, 0xe0, 0x60, 0x60, 0x60, 0x60, 0x60, 0x60, 0x60, 0x60, 0xe0, 0xc0, 0x80, 0x00, 0x00	; +11d0
	.byte	0x00, 0x00, 0x00, 0x00, 0x00, 0x7f, 0x1f, 0x1f, 0x1f, 0x00, 0x00, 0x00, 0x00, 0x00, 0x00, 0x00	; +11e0
	.byte	0x00, 0x00, 0x00, 0x00, 0x00, 0xc0, 0x00, 0x00, 0x00, 0x00, 0x00, 0x00, 0x00, 0x00, 0x00, 0x00	; +11f0
	.byte	0x00, 0x00, 0x00, 0x00, 0x00, 0x1f, 0x1f, 0x1f, 0x7f, 0x00, 0x00, 0x00, 0x00, 0x00, 0x00, 0x00	; +1200
	.byte	0x00, 0x00, 0x00, 0x00, 0x00, 0x00, 0x00, 0x00, 0xc0, 0x00, 0x00, 0x00, 0x00, 0x00, 0x00, 0x00	; +1210
	.byte	0x00, 0x00, 0x06, 0x06, 0x06, 0x3f, 0x3f, 0x06, 0x06, 0x06, 0x00, 0x3f, 0x3f, 0x00, 0x00, 0x00	; +1220
	.byte	0x00, 0x00, 0x00, 0x00, 0x00, 0xc0, 0xc0, 0x00, 0x00, 0x00, 0x00, 0xc0, 0xc0, 0x00, 0x00, 0x00	; +1230
	.byte	0x08, 0x04, 0x02, 0x07, 0x0f, 0x1f, 0x3e, 0x1c, 0x0c, 0x04, 0x1e, 0x3f, 0x38, 0x30, 0x10, 0x08	; +1240
	.byte	0x00, 0x00, 0x00, 0x00, 0x80, 0x00, 0x00, 0x00, 0x00, 0x00, 0x00, 0x00, 0x00, 0x00, 0x00, 0x00	; +1250
	.byte	0x00, 0x00, 0x00, 0x00, 0x18, 0x39, 0x3b, 0x1d, 0x01, 0x01, 0x03, 0x03, 0x02, 0x06, 0x06, 0x06	; +1260
	.byte	0x00, 0x00, 0x00, 0x40, 0xc0, 0x80, 0x80, 0x80, 0x00, 0x00, 0x00, 0x00, 0x00, 0x00, 0x00, 0x00	; +1270
	.byte	0x00, 0x0c, 0x1d, 0x0e, 0x01, 0x19, 0x3b, 0x1d, 0x01, 0x03, 0x03, 0x02, 0x06, 0x06, 0x06, 0x06	; +1280
	.byte	0x40, 0xc0, 0xc0, 0x80, 0x80, 0x80, 0x80, 0x00, 0x00, 0x00, 0x00, 0x00, 0x00, 0x00, 0x00, 0x00	; +1290
	.byte	0x70, 0x70, 0x71, 0x71, 0x71, 0x71, 0x71, 0x71, 0x73, 0x73, 0x77, 0x7f, 0x7d, 0x79, 0x70, 0x70	; +12a0
	.byte	0x00, 0x00, 0xc0, 0xc0, 0xc0, 0xc0, 0xc0, 0xc0, 0xc0, 0xc0, 0xc0, 0xc0, 0xe0, 0xe0, 0x00, 0x00	; +12b0
	.byte	0x00, 0x0c, 0x1d, 0x0e, 0x00, 0x19, 0x3b, 0x1d, 0x01, 0x31, 0x77, 0x3b, 0x02, 0x06, 0x06, 0x06	; +12c0
	.byte	0x20, 0x60, 0xc0, 0xc0, 0xc0, 0x80, 0x80, 0x80, 0x00, 0x00, 0x00, 0x00, 0x00, 0x00, 0x00, 0x00	; +12d0
	.byte	0x00, 0x00, 0x00, 0x00, 0x00, 0x06, 0x0f, 0x0f, 0x06, 0x00, 0x00, 0x00, 0x00, 0x00, 0x00, 0x00	; +12e0
	.byte	0x00, 0x00, 0x00, 0x00, 0x00, 0x00, 0x00, 0x00, 0x00, 0x00, 0x00, 0x00, 0x00, 0x00, 0x00, 0x00	; +12f0
	.byte	0x00, 0x00, 0x00, 0x00, 0x00, 0x00, 0x00, 0x3c, 0x66, 0x06, 0x1c, 0x06, 0x66, 0x3c, 0x00, 0x00	; +1300
	.byte	0x00, 0x00, 0x00, 0x00, 0x00, 0x00, 0x00, 0x00, 0x00, 0x00, 0x00, 0x00, 0x00, 0x00, 0x00, 0x00	; +1310
	.byte	0x00, 0x00, 0x00, 0x0f, 0x1f, 0x38, 0x30, 0x30, 0x30, 0x38, 0x1f, 0x0f, 0x00, 0x00, 0x00, 0x00	; +1320
	.byte	0x00, 0x00, 0x00, 0x80, 0xc0, 0xe0, 0x60, 0x20, 0x60, 0xe0, 0xc0, 0x80, 0x00, 0x00, 0x00, 0x00	; +1330
	.byte	0x00, 0x00, 0x00, 0x3e, 0x7f, 0xe3, 0xc1, 0x81, 0xc1, 0xe3, 0x7f, 0x3e, 0x00, 0x00, 0x00, 0x00	; +1340
	.byte	0x00, 0x00, 0x00, 0x00, 0x00, 0x80, 0x80, 0x80, 0x80, 0x80, 0x00, 0x00, 0x00, 0x00, 0x00, 0x00	; +1350
	.byte	0x03, 0x07, 0x07, 0x03, 0x03, 0x03, 0x7b, 0x7b, 0x03, 0x03, 0x03, 0x03, 0x07, 0x07, 0x00, 0x00	; +1360
	.byte	0x80, 0x80, 0x80, 0x80, 0x80, 0x80, 0x80, 0x80, 0x80, 0x80, 0x80, 0x80, 0xc0, 0xc0, 0x00, 0x00	; +1370
	.byte	0x0f, 0x1f, 0x3d, 0x38, 0x00, 0x01, 0xf3, 0xf7, 0x0f, 0x1e, 0x3c, 0x38, 0x3f, 0x3f, 0x00, 0x00	; +1380
	.byte	0x80, 0xc0, 0xe0, 0xe0, 0xe0, 0xe0, 0xc0, 0x80, 0x00, 0x00, 0x00, 0x00, 0xe0, 0xe0, 0x00, 0x00	; +1390
	.byte	0x00, 0x00, 0x00, 0x00, 0x00, 0x1f, 0x07, 0x03, 0x01, 0x03, 0x03, 0x07, 0x06, 0x0c, 0x00, 0x00	; +13a0
	.byte	0x20, 0x20, 0x60, 0x60, 0xe0, 0xe0, 0xe0, 0xe0, 0xe0, 0xe0, 0xc0, 0x80, 0x00, 0x00, 0x00, 0x00	; +13b0
	.byte	0x00, 0x00, 0x80, 0x80, 0xc0, 0xfe, 0xf8, 0xf0, 0xe0, 0xf0, 0xf0, 0x78, 0x18, 0x0c, 0x00, 0x00	; +13c0
	.byte	0x00, 0x00, 0x00, 0x00, 0x00, 0x00, 0x00, 0x00, 0x00, 0x00, 0x00, 0x00, 0x00, 0x00, 0x00, 0x00	; +13d0
	.byte	0x00, 0x00, 0x0e, 0x0e, 0x00, 0x0e, 0x0e, 0x0e, 0x1e, 0x3c, 0x78, 0x70, 0x70, 0x79, 0x3f, 0x1f	; +13e0
	.byte	0x00, 0x00, 0x00, 0x00, 0x00, 0x00, 0x00, 0x00, 0x00, 0x00, 0x00, 0x00, 0xe0, 0xe0, 0xc0, 0x80	; +13f0
	.byte	0x7f, 0x40, 0x40, 0x40, 0x40, 0x40, 0x40, 0x40, 0x40, 0x40, 0x40, 0x40, 0x40, 0x7f, 0x00, 0x00	; +1400
	.byte	0xe0, 0x20, 0x20, 0x20, 0x20, 0x20, 0x20, 0x20, 0x20, 0x20, 0x20, 0x20, 0x20, 0xe0, 0x00, 0x00	; +1410
	.byte	0x7f, 0x40, 0x40, 0x40, 0x40, 0x40, 0x40, 0x40, 0x40, 0x40, 0x40, 0x40, 0x40, 0x7f, 0x00, 0x00	; +1420
	.byte	0xe0, 0x20, 0x20, 0x20, 0x20, 0x20, 0x20, 0x20, 0x20, 0x20, 0x20, 0x20, 0x20, 0xe0, 0x00, 0x00	; +1430
	.byte	0x7f, 0x40, 0x40, 0x40, 0x40, 0x40, 0x40, 0x40, 0x40, 0x40, 0x40, 0x40, 0x40, 0x7f, 0x00, 0x00	; +1440
	.byte	0xe0, 0x20, 0x20, 0x20, 0x20, 0x20, 0x20, 0x20, 0x20, 0x20, 0x20, 0x20, 0x20, 0xe0, 0x00, 0x00	; +1450
	.byte	0x7f, 0x40, 0x40, 0x40, 0x40, 0x40, 0x40, 0x40, 0x40, 0x40, 0x40, 0x40, 0x40, 0x7f, 0x00, 0x00	; +1460
	.byte	0xe0, 0x20, 0x20, 0x20, 0x20, 0x20, 0x20, 0x20, 0x20, 0x20, 0x20, 0x20, 0x20, 0xe0, 0x00, 0x00	; +1470
	.byte	0x7f, 0x40, 0x40, 0x40, 0x40, 0x40, 0x40, 0x40, 0x40, 0x40, 0x40, 0x40, 0x40, 0x7f, 0x00, 0x00	; +1480
	.byte	0xe0, 0x20, 0x20, 0x20, 0x20, 0x20, 0x20, 0x20, 0x20, 0x20, 0x20, 0x20, 0x20, 0xe0, 0x00, 0x00	; +1490
	.byte	0x7f, 0x40, 0x40, 0x40, 0x40, 0x40, 0x40, 0x40, 0x40, 0x40, 0x40, 0x40, 0x40, 0x7f, 0x00, 0x00	; +14a0
	.byte	0xe0, 0x20, 0x20, 0x20, 0x20, 0x20, 0x20, 0x20, 0x20, 0x20, 0x20, 0x20, 0x20, 0xe0, 0x00, 0x00	; +14b0
	.byte	0x7f, 0x40, 0x40, 0x40, 0x40, 0x40, 0x40, 0x40, 0x40, 0x40, 0x40, 0x40, 0x40, 0x7f, 0x00, 0x00	; +14c0
	.byte	0xe0, 0x20, 0x20, 0x20, 0x20, 0x20, 0x20, 0x20, 0x20, 0x20, 0x20, 0x20, 0x20, 0xe0, 0x00, 0x00	; +14d0
	.byte	0x7f, 0x40, 0x40, 0x40, 0x40, 0x40, 0x40, 0x40, 0x40, 0x40, 0x40, 0x40, 0x40, 0x7f, 0x00, 0x00	; +14e0
	.byte	0xe0, 0x20, 0x20, 0x20, 0x20, 0x20, 0x20, 0x20, 0x20, 0x20, 0x20, 0x20, 0x20, 0xe0, 0x00, 0x00	; +14f0
	.byte	0x7f, 0x40, 0x40, 0x40, 0x40, 0x40, 0x40, 0x40, 0x40, 0x40, 0x40, 0x40, 0x40, 0x7f, 0x00, 0x00	; +1500
	.byte	0xe0, 0x20, 0x20, 0x20, 0x20, 0x20, 0x20, 0x20, 0x20, 0x20, 0x20, 0x20, 0x20, 0xe0, 0x00, 0x00	; +1510
	.byte	0x7f, 0x40, 0x40, 0x40, 0x40, 0x40, 0x40, 0x40, 0x40, 0x40, 0x40, 0x40, 0x40, 0x7f, 0x00, 0x00	; +1520
	.byte	0xe0, 0x20, 0x20, 0x20, 0x20, 0x20, 0x20, 0x20, 0x20, 0x20, 0x20, 0x20, 0x20, 0xe0, 0x00, 0x00	; +1530
	.byte	0x7f, 0x40, 0x40, 0x40, 0x40, 0x40, 0x40, 0x40, 0x40, 0x40, 0x40, 0x40, 0x40, 0x7f, 0x00, 0x00	; +1540
	.byte	0xe0, 0x20, 0x20, 0x20, 0x20, 0x20, 0x20, 0x20, 0x20, 0x20, 0x20, 0x20, 0x20, 0xe0, 0x00, 0x00	; +1550
	.byte	0x7f, 0x40, 0x40, 0x40, 0x40, 0x40, 0x40, 0x40, 0x40, 0x40, 0x40, 0x40, 0x40, 0x7f, 0x00, 0x00	; +1560
	.byte	0xe0, 0x20, 0x20, 0x20, 0x20, 0x20, 0x20, 0x20, 0x20, 0x20, 0x20, 0x20, 0x20, 0xe0, 0x00, 0x00	; +1570
	.byte	0x7f, 0x40, 0x40, 0x40, 0x40, 0x40, 0x40, 0x40, 0x40, 0x40, 0x40, 0x40, 0x40, 0x7f, 0x00, 0x00	; +1580
	.byte	0xe0, 0x20, 0x20, 0x20, 0x20, 0x20, 0x20, 0x20, 0x20, 0x20, 0x20, 0x20, 0x20, 0xe0, 0x00, 0x00	; +1590
	.byte	0x7f, 0x40, 0x40, 0x40, 0x40, 0x40, 0x40, 0x40, 0x40, 0x40, 0x40, 0x40, 0x40, 0x7f, 0x00, 0x00	; +15a0
	.byte	0xe0, 0x20, 0x20, 0x20, 0x20, 0x20, 0x20, 0x20, 0x20, 0x20, 0x20, 0x20, 0x20, 0xe0, 0x00, 0x00	; +15b0
	.byte	0x7f, 0x40, 0x40, 0x40, 0x40, 0x40, 0x40, 0x40, 0x40, 0x40, 0x40, 0x40, 0x40, 0x7f, 0x00, 0x00	; +15c0
	.byte	0xe0, 0x20, 0x20, 0x20, 0x20, 0x20, 0x20, 0x20, 0x20, 0x20, 0x20, 0x20, 0x20, 0xe0, 0x00, 0x00	; +15d0
	.byte	0x7f, 0x40, 0x40, 0x40, 0x40, 0x40, 0x40, 0x40, 0x40, 0x40, 0x40, 0x40, 0x40, 0x7f, 0x00, 0x00	; +15e0
	.byte	0xe0, 0x20, 0x20, 0x20, 0x20, 0x20, 0x20, 0x20, 0x20, 0x20, 0x20, 0x20, 0x20, 0xe0, 0x00, 0x00	; +15f0
	.byte	0x7f, 0x40, 0x40, 0x40, 0x40, 0x40, 0x40, 0x40, 0x40, 0x40, 0x40, 0x40, 0x40, 0x7f, 0x00, 0x00	; +1600
	.byte	0xe0, 0x20, 0x20, 0x20, 0x20, 0x20, 0x20, 0x20, 0x20, 0x20, 0x20, 0x20, 0x20, 0xe0, 0x00, 0x00	; +1610
	.byte	0x7f, 0x40, 0x40, 0x40, 0x40, 0x40, 0x40, 0x40, 0x40, 0x40, 0x40, 0x40, 0x40, 0x7f, 0x00, 0x00	; +1620
	.byte	0xe0, 0x20, 0x20, 0x20, 0x20, 0x20, 0x20, 0x20, 0x20, 0x20, 0x20, 0x20, 0x20, 0xe0, 0x00, 0x00	; +1630
	.byte	0x7f, 0x40, 0x40, 0x40, 0x40, 0x40, 0x40, 0x40, 0x40, 0x40, 0x40, 0x40, 0x40, 0x7f, 0x00, 0x00	; +1640
	.byte	0xe0, 0x20, 0x20, 0x20, 0x20, 0x20, 0x20, 0x20, 0x20, 0x20, 0x20, 0x20, 0x20, 0xe0, 0x00, 0x00	; +1650
	.byte	0x7f, 0x40, 0x40, 0x40, 0x40, 0x40, 0x40, 0x40, 0x40, 0x40, 0x40, 0x40, 0x40, 0x7f, 0x00, 0x00	; +1660
	.byte	0xe0, 0x20, 0x20, 0x20, 0x20, 0x20, 0x20, 0x20, 0x20, 0x20, 0x20, 0x20, 0x20, 0xe0, 0x00, 0x00	; +1670
	.byte	0x7f, 0x40, 0x40, 0x40, 0x40, 0x40, 0x40, 0x40, 0x40, 0x40, 0x40, 0x40, 0x40, 0x7f, 0x00, 0x00	; +1680
	.byte	0xe0, 0x20, 0x20, 0x20, 0x20, 0x20, 0x20, 0x20, 0x20, 0x20, 0x20, 0x20, 0x20, 0xe0, 0x00, 0x00	; +1690
	.byte	0x7f, 0x40, 0x40, 0x40, 0x40, 0x40, 0x40, 0x40, 0x40, 0x40, 0x40, 0x40, 0x40, 0x7f, 0x00, 0x00	; +16a0
	.byte	0xe0, 0x20, 0x20, 0x20, 0x20, 0x20, 0x20, 0x20, 0x20, 0x20, 0x20, 0x20, 0x20, 0xe0, 0x00, 0x00	; +16b0
	.byte	0x7f, 0x40, 0x40, 0x40, 0x40, 0x40, 0x40, 0x40, 0x40, 0x40, 0x40, 0x40, 0x40, 0x7f, 0x00, 0x00	; +16c0
	.byte	0xe0, 0x20, 0x20, 0x20, 0x20, 0x20, 0x20, 0x20, 0x20, 0x20, 0x20, 0x20, 0x20, 0xe0, 0x00, 0x00	; +16d0
	.byte	0x00, 0x00, 0x60, 0x70, 0x39, 0x1f, 0x0f, 0x0f, 0x1f, 0x39, 0x70, 0x60, 0x00, 0x00, 0x00, 0x00	; +16e0
	.byte	0x00, 0x00, 0x60, 0xe0, 0xc0, 0x80, 0x00, 0x00, 0x80, 0xc0, 0xe0, 0x60, 0x00, 0x00, 0x00, 0x00	; +16f0
	.byte	0x7f, 0x40, 0x40, 0x40, 0x40, 0x40, 0x40, 0x40, 0x40, 0x40, 0x40, 0x40, 0x40, 0x7f, 0x00, 0x00	; +1700
	.byte	0xe0, 0x20, 0x20, 0x20, 0x20, 0x20, 0x20, 0x20, 0x20, 0x20, 0x20, 0x20, 0x20, 0xe0, 0x00, 0x00	; +1710
	.byte	0x7f, 0x40, 0x40, 0x40, 0x40, 0x40, 0x40, 0x40, 0x40, 0x40, 0x40, 0x40, 0x40, 0x7f, 0x00, 0x00	; +1720
	.byte	0xe0, 0x20, 0x20, 0x20, 0x20, 0x20, 0x20, 0x20, 0x20, 0x20, 0x20, 0x20, 0x20, 0xe0, 0x00, 0x00	; +1730
	.byte	0x7f, 0x40, 0x40, 0x40, 0x40, 0x40, 0x40, 0x40, 0x40, 0x40, 0x40, 0x40, 0x40, 0x7f, 0x00, 0x00	; +1740
	.byte	0xe0, 0x20, 0x20, 0x20, 0x20, 0x20, 0x20, 0x20, 0x20, 0x20, 0x20, 0x20, 0x20, 0xe0, 0x00, 0x00	; +1750
	.byte	0x7f, 0x40, 0x40, 0x40, 0x40, 0x40, 0x40, 0x40, 0x40, 0x40, 0x40, 0x40, 0x40, 0x7f, 0x00, 0x00	; +1760
	.byte	0xe0, 0x20, 0x20, 0x20, 0x20, 0x20, 0x20, 0x20, 0x20, 0x20, 0x20, 0x20, 0x20, 0xe0, 0x00, 0x00	; +1770
	.byte	0x7f, 0x40, 0x40, 0x40, 0x40, 0x40, 0x40, 0x40, 0x40, 0x40, 0x40, 0x40, 0x40, 0x7f, 0x00, 0x00	; +1780
	.byte	0xe0, 0x20, 0x20, 0x20, 0x20, 0x20, 0x20, 0x20, 0x20, 0x20, 0x20, 0x20, 0x20, 0xe0, 0x00, 0x00	; +1790
	.byte	0x7f, 0x40, 0x40, 0x40, 0x40, 0x40, 0x40, 0x40, 0x40, 0x40, 0x40, 0x40, 0x40, 0x7f, 0x00, 0x00	; +17a0
	.byte	0xe0, 0x20, 0x20, 0x20, 0x20, 0x20, 0x20, 0x20, 0x20, 0x20, 0x20, 0x20, 0x20, 0xe0, 0x00, 0x00	; +17b0
	.byte	0x7f, 0x40, 0x40, 0x40, 0x40, 0x40, 0x40, 0x40, 0x40, 0x40, 0x40, 0x40, 0x40, 0x7f, 0x00, 0x00	; +17c0
	.byte	0xe0, 0x20, 0x20, 0x20, 0x20, 0x20, 0x20, 0x20, 0x20, 0x20, 0x20, 0x20, 0x20, 0xe0, 0x00, 0x00	; +17d0
	.byte	0x7f, 0x40, 0x40, 0x40, 0x40, 0x40, 0x40, 0x40, 0x40, 0x40, 0x40, 0x40, 0x40, 0x7f, 0x00, 0x00	; +17e0
	.byte	0xe0, 0x20, 0x20, 0x20, 0x20, 0x20, 0x20, 0x20, 0x20, 0x20, 0x20, 0x20, 0x20, 0xe0, 0x00, 0x00	; +17f0
	.byte	0x7f, 0x40, 0x40, 0x40, 0x40, 0x40, 0x40, 0x40, 0x40, 0x40, 0x40, 0x40, 0x40, 0x7f, 0x00, 0x00	; +1800
	.byte	0xe0, 0x20, 0x20, 0x20, 0x20, 0x20, 0x20, 0x20, 0x20, 0x20, 0x20, 0x20, 0x20, 0xe0, 0x00, 0x00	; +1810
	.byte	0x7f, 0x40, 0x40, 0x40, 0x40, 0x40, 0x40, 0x40, 0x40, 0x40, 0x40, 0x40, 0x40, 0x7f, 0x00, 0x00	; +1820
	.byte	0xe0, 0x20, 0x20, 0x20, 0x20, 0x20, 0x20, 0x20, 0x20, 0x20, 0x20, 0x20, 0x20, 0xe0, 0x00, 0x00	; +1830
	.byte	0x7f, 0x40, 0x40, 0x40, 0x40, 0x40, 0x40, 0x40, 0x40, 0x40, 0x40, 0x40, 0x40, 0x7f, 0x00, 0x00	; +1840
	.byte	0xe0, 0x20, 0x20, 0x20, 0x20, 0x20, 0x20, 0x20, 0x20, 0x20, 0x20, 0x20, 0x20, 0xe0, 0x00, 0x00	; +1850
	.byte	0x7f, 0x40, 0x40, 0x40, 0x40, 0x40, 0x40, 0x40, 0x40, 0x40, 0x40, 0x40, 0x40, 0x7f, 0x00, 0x00	; +1860
	.byte	0xe0, 0x20, 0x20, 0x20, 0x20, 0x20, 0x20, 0x20, 0x20, 0x20, 0x20, 0x20, 0x20, 0xe0, 0x00, 0x00	; +1870
	.byte	0x7f, 0x40, 0x40, 0x40, 0x40, 0x40, 0x40, 0x40, 0x40, 0x40, 0x40, 0x40, 0x40, 0x7f, 0x00, 0x00	; +1880
	.byte	0xe0, 0x20, 0x20, 0x20, 0x20, 0x20, 0x20, 0x20, 0x20, 0x20, 0x20, 0x20, 0x20, 0xe0, 0x00, 0x00	; +1890
	.byte	0x7f, 0x40, 0x40, 0x40, 0x40, 0x40, 0x40, 0x40, 0x40, 0x40, 0x40, 0x40, 0x40, 0x7f, 0x00, 0x00	; +18a0
	.byte	0xe0, 0x20, 0x20, 0x20, 0x20, 0x20, 0x20, 0x20, 0x20, 0x20, 0x20, 0x20, 0x20, 0xe0, 0x00, 0x00	; +18b0
	.byte	0x7f, 0x40, 0x40, 0x40, 0x40, 0x40, 0x40, 0x40, 0x40, 0x40, 0x40, 0x40, 0x40, 0x7f, 0x00, 0x00	; +18c0
	.byte	0xe0, 0x20, 0x20, 0x20, 0x20, 0x20, 0x20, 0x20, 0x20, 0x20, 0x20, 0x20, 0x20, 0xe0, 0x00, 0x00	; +18d0
	.byte	0x7f, 0x40, 0x40, 0x40, 0x40, 0x40, 0x40, 0x40, 0x40, 0x40, 0x40, 0x40, 0x40, 0x7f, 0x00, 0x00	; +18e0
	.byte	0xe0, 0x20, 0x20, 0x20, 0x20, 0x20, 0x20, 0x20, 0x20, 0x20, 0x20, 0x20, 0x20, 0xe0, 0x00, 0x00	; +18f0
	.byte	0x7f, 0x40, 0x40, 0x40, 0x40, 0x40, 0x40, 0x40, 0x40, 0x40, 0x40, 0x40, 0x40, 0x7f, 0x00, 0x00	; +1900
	.byte	0xe0, 0x20, 0x20, 0x20, 0x20, 0x20, 0x20, 0x20, 0x20, 0x20, 0x20, 0x20, 0x20, 0xe0, 0x00, 0x00	; +1910
	.byte	0x7f, 0x40, 0x40, 0x40, 0x40, 0x40, 0x40, 0x40, 0x40, 0x40, 0x40, 0x40, 0x40, 0x7f, 0x00, 0x00	; +1920
	.byte	0xe0, 0x20, 0x20, 0x20, 0x20, 0x20, 0x20, 0x20, 0x20, 0x20, 0x20, 0x20, 0x20, 0xe0, 0x00, 0x00	; +1930
	.byte	0x7f, 0x40, 0x40, 0x40, 0x40, 0x40, 0x40, 0x40, 0x40, 0x40, 0x40, 0x40, 0x40, 0x7f, 0x00, 0x00	; +1940
	.byte	0xe0, 0x20, 0x20, 0x20, 0x20, 0x20, 0x20, 0x20, 0x20, 0x20, 0x20, 0x20, 0x20, 0xe0, 0x00, 0x00	; +1950
	.byte	0x7f, 0x40, 0x40, 0x40, 0x40, 0x40, 0x40, 0x40, 0x40, 0x40, 0x40, 0x40, 0x40, 0x7f, 0x00, 0x00	; +1960
	.byte	0xe0, 0x20, 0x20, 0x20, 0x20, 0x20, 0x20, 0x20, 0x20, 0x20, 0x20, 0x20, 0x20, 0xe0, 0x00, 0x00	; +1970
	.byte	0x7f, 0x40, 0x40, 0x40, 0x40, 0x40, 0x40, 0x40, 0x40, 0x40, 0x40, 0x40, 0x40, 0x7f, 0x00, 0x00	; +1980
	.byte	0xe0, 0x20, 0x20, 0x20, 0x20, 0x20, 0x20, 0x20, 0x20, 0x20, 0x20, 0x20, 0x20, 0xe0, 0x00, 0x00	; +1990
	.byte	0x7f, 0x40, 0x40, 0x40, 0x40, 0x40, 0x40, 0x40, 0x40, 0x40, 0x40, 0x40, 0x40, 0x7f, 0x00, 0x00	; +19a0
	.byte	0xe0, 0x20, 0x20, 0x20, 0x20, 0x20, 0x20, 0x20, 0x20, 0x20, 0x20, 0x20, 0x20, 0xe0, 0x00, 0x00	; +19b0
	.byte	0x7f, 0x40, 0x40, 0x40, 0x40, 0x40, 0x40, 0x40, 0x40, 0x40, 0x40, 0x40, 0x40, 0x7f, 0x00, 0x00	; +19c0
	.byte	0xe0, 0x20, 0x20, 0x20, 0x20, 0x20, 0x20, 0x20, 0x20, 0x20, 0x20, 0x20, 0x20, 0xe0, 0x00, 0x00	; +19d0
	.byte	0x7f, 0x40, 0x40, 0x40, 0x40, 0x40, 0x40, 0x40, 0x40, 0x40, 0x40, 0x40, 0x40, 0x7f, 0x00, 0x00	; +19e0
	.byte	0xe0, 0x20, 0x20, 0x20, 0x20, 0x20, 0x20, 0x20, 0x20, 0x20, 0x20, 0x20, 0x20, 0xe0, 0x00, 0x00	; +19f0
	.byte	0x7f, 0x40, 0x40, 0x40, 0x40, 0x40, 0x40, 0x40, 0x40, 0x40, 0x40, 0x40, 0x40, 0x7f, 0x00, 0x00	; +1a00
	.byte	0xe0, 0x20, 0x20, 0x20, 0x20, 0x20, 0x20, 0x20, 0x20, 0x20, 0x20, 0x20, 0x20, 0xe0, 0x00, 0x00	; +1a10
	.byte	0x7f, 0x40, 0x40, 0x40, 0x40, 0x40, 0x40, 0x40, 0x40, 0x40, 0x40, 0x40, 0x40, 0x7f, 0x00, 0x00	; +1a20
	.byte	0xe0, 0x20, 0x20, 0x20, 0x20, 0x20, 0x20, 0x20, 0x20, 0x20, 0x20, 0x20, 0x20, 0xe0, 0x00, 0x00	; +1a30
	.byte	0x7f, 0x40, 0x40, 0x40, 0x40, 0x40, 0x40, 0x40, 0x40, 0x40, 0x40, 0x40, 0x40, 0x7f, 0x00, 0x00	; +1a40
	.byte	0xe0, 0x20, 0x20, 0x20, 0x20, 0x20, 0x20, 0x20, 0x20, 0x20, 0x20, 0x20, 0x20, 0xe0, 0x00, 0x00	; +1a50
	.byte	0x7f, 0x40, 0x40, 0x40, 0x40, 0x40, 0x40, 0x40, 0x40, 0x40, 0x40, 0x40, 0x40, 0x7f, 0x00, 0x00	; +1a60
	.byte	0xe0, 0x20, 0x20, 0x20, 0x20, 0x20, 0x20, 0x20, 0x20, 0x20, 0x20, 0x20, 0x20, 0xe0, 0x00, 0x00	; +1a70
	.byte	0x7f, 0x40, 0x40, 0x40, 0x40, 0x40, 0x40, 0x40, 0x40, 0x40, 0x40, 0x40, 0x40, 0x7f, 0x00, 0x00	; +1a80
	.byte	0xe0, 0x20, 0x20, 0x20, 0x20, 0x20, 0x20, 0x20, 0x20, 0x20, 0x20, 0x20, 0x20, 0xe0, 0x00, 0x00	; +1a90
	.byte	0x7f, 0x40, 0x40, 0x40, 0x40, 0x40, 0x40, 0x40, 0x40, 0x40, 0x40, 0x40, 0x40, 0x7f, 0x00, 0x00	; +1aa0
	.byte	0xe0, 0x20, 0x20, 0x20, 0x20, 0x20, 0x20, 0x20, 0x20, 0x20, 0x20, 0x20, 0x20, 0xe0, 0x00, 0x00	; +1ab0
	.byte	0x7f, 0x40, 0x40, 0x40, 0x40, 0x40, 0x40, 0x40, 0x40, 0x40, 0x40, 0x40, 0x40, 0x7f, 0x00, 0x00	; +1ac0
	.byte	0xe0, 0x20, 0x20, 0x20, 0x20, 0x20, 0x20, 0x20, 0x20, 0x20, 0x20, 0x20, 0x20, 0xe0, 0x00, 0x00	; +1ad0
	.byte	0x00, 0x00, 0x00, 0x06, 0x06, 0x00, 0x3f, 0x3f, 0x00, 0x06, 0x06, 0x00, 0x00, 0x00, 0x00, 0x00	; +1ae0
	.byte	0x00, 0x00, 0x00, 0x00, 0x00, 0x00, 0xc0, 0xc0, 0x00, 0x00, 0x00, 0x00, 0x00, 0x00, 0x00, 0x00	; +1af0
	.byte	0x7f, 0x40, 0x40, 0x40, 0x40, 0x40, 0x40, 0x40, 0x40, 0x40, 0x40, 0x40, 0x40, 0x7f, 0x00, 0x00	; +1b00
	.byte	0xe0, 0x20, 0x20, 0x20, 0x20, 0x20, 0x20, 0x20, 0x20, 0x20, 0x20, 0x20, 0x20, 0xe0, 0x00, 0x00	; +1b10
	.byte	0x7f, 0x40, 0x40, 0x40, 0x40, 0x40, 0x40, 0x40, 0x40, 0x40, 0x40, 0x40, 0x40, 0x7f, 0x00, 0x00	; +1b20
	.byte	0xe0, 0x20, 0x20, 0x20, 0x20, 0x20, 0x20, 0x20, 0x20, 0x20, 0x20, 0x20, 0x20, 0xe0, 0x00, 0x00	; +1b30
	.byte	0x7f, 0x40, 0x40, 0x40, 0x40, 0x40, 0x40, 0x40, 0x40, 0x40, 0x40, 0x40, 0x40, 0x7f, 0x00, 0x00	; +1b40
	.byte	0xe0, 0x20, 0x20, 0x20, 0x20, 0x20, 0x20, 0x20, 0x20, 0x20, 0x20, 0x20, 0x20, 0xe0, 0x00, 0x00	; +1b50
	.byte	0x7f, 0x40, 0x40, 0x40, 0x40, 0x40, 0x40, 0x40, 0x40, 0x40, 0x40, 0x40, 0x40, 0x7f, 0x00, 0x00	; +1b60
	.byte	0xe0, 0x20, 0x20, 0x20, 0x20, 0x20, 0x20, 0x20, 0x20, 0x20, 0x20, 0x20, 0x20, 0xe0, 0x00, 0x00	; +1b70
	.byte	0x7f, 0x40, 0x40, 0x40, 0x40, 0x40, 0x40, 0x40, 0x40, 0x40, 0x40, 0x40, 0x40, 0x7f, 0x00, 0x00	; +1b80
	.byte	0xe0, 0x20, 0x20, 0x20, 0x20, 0x20, 0x20, 0x20, 0x20, 0x20, 0x20, 0x20, 0x20, 0xe0, 0x00, 0x00	; +1b90
	.byte	0x7f, 0x40, 0x40, 0x40, 0x40, 0x40, 0x40, 0x40, 0x40, 0x40, 0x40, 0x40, 0x40, 0x7f, 0x00, 0x00	; +1ba0
	.byte	0xe0, 0x20, 0x20, 0x20, 0x20, 0x20, 0x20, 0x20, 0x20, 0x20, 0x20, 0x20, 0x20, 0xe0, 0x00, 0x00	; +1bb0
	.byte	0x7f, 0x40, 0x40, 0x40, 0x40, 0x40, 0x40, 0x40, 0x40, 0x40, 0x40, 0x40, 0x40, 0x7f, 0x00, 0x00	; +1bc0
	.byte	0xe0, 0x20, 0x20, 0x20, 0x20, 0x20, 0x20, 0x20, 0x20, 0x20, 0x20, 0x20, 0x20, 0xe0, 0x00, 0x00	; +1bd0
	.byte	0x7f, 0x40, 0x40, 0x40, 0x40, 0x40, 0x40, 0x40, 0x40, 0x40, 0x40, 0x40, 0x40, 0x7f, 0x00, 0x00	; +1be0
	.byte	0xe0, 0x20, 0x20, 0x20, 0x20, 0x20, 0x20, 0x20, 0x20, 0x20, 0x20, 0x20, 0x20, 0xe0, 0x00, 0x00	; +1bf0
Font5_Glyphs:	; 224 variable-size glyphs, tiled per kern table
	.byte	0x00, 0x00, 0x00, 0x00, 0x00, 0x00, 0x00, 0x00, 0x00, 0x00, 0x00, 0x00, 0x00, 0x00, 0x00, 0x00	; +0000
	.byte	0x00, 0x00, 0x30, 0x30, 0x30, 0x30, 0x30, 0x30, 0x30, 0x00, 0x30, 0x30, 0x00, 0x00, 0x00, 0x00	; +0010
	.byte	0x00, 0x00, 0x6c, 0x6c, 0x24, 0x00, 0x00, 0x00, 0x00, 0x00, 0x00, 0x00, 0x00, 0x00, 0x00, 0x00	; +0020
	.byte	0x00, 0x00, 0x36, 0x36, 0x7f, 0x7f, 0x36, 0x36, 0x7f, 0x7f, 0x36, 0x36, 0x00, 0x00, 0x00, 0x00	; +0030
	.byte	0x00, 0x08, 0x3e, 0x7f, 0x6b, 0x68, 0x7e, 0x3f, 0x0b, 0x6b, 0x7f, 0x3e, 0x08, 0x00, 0x00, 0x00	; +0040
	.byte	0x00, 0x00, 0x00, 0x71, 0x53, 0x76, 0x0c, 0x18, 0x37, 0x65, 0x47, 0x00, 0x00, 0x00, 0x00, 0x00	; +0050
	.byte	0x00, 0x00, 0x1c, 0x36, 0x36, 0x3c, 0x18, 0x3d, 0x6f, 0x66, 0x6f, 0x3b, 0x00, 0x00, 0x00, 0x00	; +0060
	.byte	0x00, 0x00, 0x30, 0x30, 0x10, 0x00, 0x00, 0x00, 0x00, 0x00, 0x00, 0x00, 0x00, 0x00, 0x00, 0x00	; +0070
	.byte	0x00, 0x00, 0x0c, 0x18, 0x30, 0x30, 0x30, 0x30, 0x30, 0x30, 0x18, 0x0c, 0x00, 0x00, 0x00, 0x00	; +0080
	.byte	0x00, 0x00, 0x18, 0x0c, 0x06, 0x06, 0x06, 0x06, 0x06, 0x06, 0x0c, 0x18, 0x00, 0x00, 0x00, 0x00	; +0090
	.byte	0x00, 0x00, 0x00, 0x00, 0x08, 0x2a, 0x1c, 0x08, 0x1c, 0x2a, 0x08, 0x00, 0x00, 0x00, 0x00, 0x00	; +00a0
	.byte	0x00, 0x00, 0x00, 0x00, 0x18, 0x18, 0x7e, 0x7e, 0x18, 0x18, 0x00, 0x00, 0x00, 0x00, 0x00, 0x00	; +00b0
	.byte	0x00, 0x00, 0x00, 0x00, 0x00, 0x00, 0x00, 0x00, 0x00, 0x00, 0x30, 0x30, 0x10, 0x20, 0x00, 0x00	; +00c0
	.byte	0x00, 0x00, 0x00, 0x00, 0x00, 0x00, 0x7f, 0x7f, 0x00, 0x00, 0x00, 0x00, 0x00, 0x00, 0x00, 0x00	; +00d0
	.byte	0x00, 0x00, 0x00, 0x00, 0x00, 0x00, 0x00, 0x00, 0x00, 0x00, 0x30, 0x30, 0x00, 0x00, 0x00, 0x00	; +00e0
	.byte	0x00, 0x00, 0x00, 0x01, 0x03, 0x06, 0x0c, 0x18, 0x30, 0x60, 0x40, 0x00, 0x00, 0x00, 0x00, 0x00	; +00f0
	.byte	0x00, 0x00, 0x3e, 0x7f, 0x63, 0x63, 0x63, 0x63, 0x63, 0x63, 0x7f, 0x3e, 0x00, 0x00, 0x00, 0x00	; +0100
	.byte	0x00, 0x00, 0x18, 0x38, 0x38, 0x18, 0x18, 0x18, 0x18, 0x18, 0x3c, 0x3c, 0x00, 0x00, 0x00, 0x00	; +0110
	.byte	0x00, 0x00, 0x3e, 0x7f, 0x63, 0x03, 0x07, 0x0e, 0x1c, 0x38, 0x7f, 0x7f, 0x00, 0x00, 0x00, 0x00	; +0120
	.byte	0x00, 0x00, 0x3e, 0x7f, 0x63, 0x03, 0x0e, 0x0e, 0x03, 0x63, 0x7f, 0x3e, 0x00, 0x00, 0x00, 0x00	; +0130
	.byte	0x00, 0x00, 0x06, 0x0e, 0x1e, 0x1e, 0x36, 0x36, 0x7f, 0x7f, 0x06, 0x06, 0x00, 0x00, 0x00, 0x00	; +0140
	.byte	0x00, 0x00, 0x7f, 0x7f, 0x60, 0x60, 0x7e, 0x7f, 0x03, 0x63, 0x7f, 0x3e, 0x00, 0x00, 0x00, 0x00	; +0150
	.byte	0x00, 0x00, 0x3e, 0x7f, 0x63, 0x60, 0x7e, 0x7f, 0x63, 0x63, 0x7f, 0x3e, 0x00, 0x00, 0x00, 0x00	; +0160
	.byte	0x00, 0x00, 0x7f, 0x7f, 0x03, 0x07, 0x0e, 0x0c, 0x1c, 0x18, 0x18, 0x18, 0x00, 0x00, 0x00, 0x00	; +0170
	.byte	0x00, 0x00, 0x3e, 0x7f, 0x63, 0x63, 0x3e, 0x3e, 0x63, 0x63, 0x7f, 0x3e, 0x00, 0x00, 0x00, 0x00	; +0180
	.byte	0x00, 0x00, 0x3e, 0x7f, 0x63, 0x63, 0x7f, 0x3f, 0x03, 0x63, 0x7f, 0x3e, 0x00, 0x00, 0x00, 0x00	; +0190
	.byte	0x00, 0x00, 0x00, 0x00, 0x30, 0x30, 0x00, 0x00, 0x30, 0x30, 0x00, 0x00, 0x00, 0x00, 0x00, 0x00	; +01a0
	.byte	0x00, 0x00, 0x00, 0x00, 0x30, 0x30, 0x00, 0x00, 0x30, 0x30, 0x10, 0x20, 0x00, 0x00, 0x00, 0x00	; +01b0
	.byte	0x00, 0x00, 0x06, 0x0e, 0x1c, 0x38, 0x70, 0x70, 0x38, 0x1c, 0x0e, 0x06, 0x00, 0x00, 0x00, 0x00	; +01c0
	.byte	0x00, 0x00, 0x00, 0x00, 0x7f, 0x7f, 0x00, 0x00, 0x7f, 0x7f, 0x00, 0x00, 0x00, 0x00, 0x00, 0x00	; +01d0
	.byte	0x00, 0x00, 0x60, 0x70, 0x38, 0x1c, 0x0e, 0x0e, 0x1c, 0x38, 0x70, 0x60, 0x00, 0x00, 0x00, 0x00	; +01e0
	.byte	0x00, 0x00, 0x3e, 0x7f, 0x63, 0x03, 0x0f, 0x1e, 0x18, 0x00, 0x18, 0x18, 0x00, 0x00, 0x00, 0x00	; +01f0
	.byte	0x00, 0x00, 0x3e, 0x63, 0x5d, 0x65, 0x65, 0x65, 0x65, 0x5e, 0x60, 0x3e, 0x00, 0x00, 0x00, 0x00	; +0200
	.byte	0x00, 0x00, 0x1c, 0x3e, 0x77, 0x63, 0x63, 0x7f, 0x7f, 0x63, 0x63, 0x63, 0x00, 0x00, 0x00, 0x00	; +0210
	.byte	0x00, 0x00, 0x7e, 0x7f, 0x63, 0x63, 0x7e, 0x7e, 0x63, 0x63, 0x7f, 0x7e, 0x00, 0x00, 0x00, 0x00	; +0220
	.byte	0x00, 0x00, 0x3e, 0x7f, 0x63, 0x60, 0x60, 0x60, 0x60, 0x63, 0x7f, 0x3e, 0x00, 0x00, 0x00, 0x00	; +0230
	.byte	0x00, 0x00, 0x7c, 0x7e, 0x67, 0x63, 0x63, 0x63, 0x63, 0x67, 0x7e, 0x7c, 0x00, 0x00, 0x00, 0x00	; +0240
	.byte	0x00, 0x00, 0x7f, 0x7f, 0x60, 0x60, 0x7e, 0x7e, 0x60, 0x60, 0x7f, 0x7f, 0x00, 0x00, 0x00, 0x00	; +0250
	.byte	0x00, 0x00, 0x7f, 0x7f, 0x60, 0x60, 0x7e, 0x7e, 0x60, 0x60, 0x60, 0x60, 0x00, 0x00, 0x00, 0x00	; +0260
	.byte	0x00, 0x00, 0x3e, 0x7f, 0x63, 0x60, 0x6f, 0x6f, 0x63, 0x63, 0x7f, 0x3f, 0x00, 0x00, 0x00, 0x00	; +0270
	.byte	0x00, 0x00, 0x63, 0x63, 0x63, 0x63, 0x7f, 0x7f, 0x63, 0x63, 0x63, 0x63, 0x00, 0x00, 0x00, 0x00	; +0280
	.byte	0x00, 0x00, 0x3c, 0x3c, 0x18, 0x18, 0x18, 0x18, 0x18, 0x18, 0x3c, 0x3c, 0x00, 0x00, 0x00, 0x00	; +0290
	.byte	0x00, 0x00, 0x0f, 0x0f, 0x06, 0x06, 0x06, 0x06, 0x66, 0x66, 0x7e, 0x3c, 0x00, 0x00, 0x00, 0x00	; +02a0
	.byte	0x00, 0x00, 0x63, 0x67, 0x6e, 0x7c, 0x78, 0x78, 0x7c, 0x6e, 0x67, 0x63, 0x00, 0x00, 0x00, 0x00	; +02b0
	.byte	0x00, 0x00, 0x60, 0x60, 0x60, 0x60, 0x60, 0x60, 0x60, 0x60, 0x7f, 0x7f, 0x00, 0x00, 0x00, 0x00	; +02c0
	.byte	0x00, 0x00, 0x40, 0x60, 0x71, 0x7b, 0x7f, 0x7f, 0x6e, 0x64, 0x60, 0x60, 0x00, 0x00, 0x00, 0x00	; +02d0
	.byte	0x00, 0x00, 0x40, 0xc0, 0xc0, 0xc0, 0xc0, 0xc0, 0xc0, 0xc0, 0xc0, 0xc0, 0x00, 0x00, 0x00, 0x00	; +02e0
	.byte	0x00, 0x00, 0x43, 0x63, 0x73, 0x7b, 0x7f, 0x7f, 0x6f, 0x67, 0x63, 0x61, 0x00, 0x00, 0x00, 0x00	; +02f0
	.byte	0x00, 0x00, 0x3e, 0x7f, 0x63, 0x63, 0x63, 0x63, 0x63, 0x63, 0x7f, 0x3e, 0x00, 0x00, 0x00, 0x00	; +0300
	.byte	0x00, 0x00, 0x7e, 0x7f, 0x63, 0x63, 0x7f, 0x7e, 0x60, 0x60, 0x60, 0x60, 0x00, 0x00, 0x00, 0x00	; +0310
	.byte	0x00, 0x00, 0x3e, 0x7f, 0x63, 0x63, 0x63, 0x63, 0x6f, 0x67, 0x7e, 0x3b, 0x00, 0x00, 0x00, 0x00	; +0320
	.byte	0x00, 0x00, 0x7e, 0x7f, 0x63, 0x63, 0x7f, 0x7e, 0x7c, 0x6e, 0x67, 0x63, 0x00, 0x00, 0x00, 0x00	; +0330
	.byte	0x00, 0x00, 0x3e, 0x7f, 0x63, 0x60, 0x7e, 0x3f, 0x03, 0x63, 0x7f, 0x3e, 0x00, 0x00, 0x00, 0x00	; +0340
	.byte	0x00, 0x00, 0x7e, 0x7e, 0x18, 0x18, 0x18, 0x18, 0x18, 0x18, 0x18, 0x18, 0x00, 0x00, 0x00, 0x00	; +0350
	.byte	0x00, 0x00, 0x63, 0x63, 0x63, 0x63, 0x63, 0x63, 0x63, 0x63, 0x7f, 0x3e, 0x00, 0x00, 0x00, 0x00	; +0360
	.byte	0x00, 0x00, 0x63, 0x63, 0x63, 0x63, 0x63, 0x63, 0x77, 0x3e, 0x1c, 0x08, 0x00, 0x00, 0x00, 0x00	; +0370
	.byte	0x00, 0x00, 0x60, 0x60, 0x60, 0x64, 0x6e, 0x7f, 0x7f, 0x7b, 0x71, 0x20, 0x00, 0x00, 0x00, 0x00	; +0380
	.byte	0x00, 0x00, 0xc0, 0xc0, 0xc0, 0xc0, 0xc0, 0xc0, 0xc0, 0xc0, 0xc0, 0x80, 0x00, 0x00, 0x00, 0x00	; +0390
	.byte	0x00, 0x00, 0x63, 0x63, 0x77, 0x3e, 0x1c, 0x1c, 0x3e, 0x77, 0x63, 0x63, 0x00, 0x00, 0x00, 0x00	; +03a0
	.byte	0x00, 0x00, 0x66, 0x66, 0x66, 0x66, 0x7e, 0x3c, 0x18, 0x18, 0x18, 0x18, 0x00, 0x00, 0x00, 0x00	; +03b0
	.byte	0x00, 0x00, 0x7f, 0x7f, 0x03, 0x07, 0x0e, 0x1c, 0x38, 0x70, 0x7f, 0x7f, 0x00, 0x00, 0x00, 0x00	; +03c0
	.byte	0x00, 0x00, 0x3c, 0x30, 0x30, 0x30, 0x30, 0x30, 0x30, 0x30, 0x30, 0x3c, 0x00, 0x00, 0x00, 0x00	; +03d0
	.byte	0x00, 0x00, 0x00, 0x40, 0x60, 0x30, 0x18, 0x0c, 0x06, 0x03, 0x01, 0x00, 0x00, 0x00, 0x00, 0x00	; +03e0
	.byte	0x00, 0x00, 0x1e, 0x06, 0x06, 0x06, 0x06, 0x06, 0x06, 0x06, 0x06, 0x1e, 0x00, 0x00, 0x00, 0x00	; +03f0
	.byte	0x00, 0x00, 0x10, 0x38, 0x6c, 0x00, 0x00, 0x00, 0x00, 0x00, 0x00, 0x00, 0x00, 0x00, 0x00, 0x00	; +0400
	.byte	0x00, 0x00, 0x00, 0x00, 0x00, 0x00, 0x00, 0x00, 0x00, 0x00, 0x7f, 0x7f, 0x00, 0x00, 0x00, 0x00	; +0410
	.byte	0x00, 0x00, 0x60, 0x60, 0x40, 0x00, 0x00, 0x00, 0x00, 0x00, 0x00, 0x00, 0x00, 0x00, 0x00, 0x00	; +0420
	.byte	0x00, 0x00, 0x00, 0x00, 0x3e, 0x3f, 0x03, 0x3f, 0x7f, 0x63, 0x7f, 0x3f, 0x00, 0x00, 0x00, 0x00	; +0430
	.byte	0x00, 0x00, 0x60, 0x60, 0x60, 0x7e, 0x7f, 0x63, 0x63, 0x63, 0x7f, 0x7e, 0x00, 0x00, 0x00, 0x00	; +0440
	.byte	0x00, 0x00, 0x00, 0x00, 0x3e, 0x7f, 0x63, 0x60, 0x60, 0x63, 0x7f, 0x3e, 0x00, 0x00, 0x00, 0x00	; +0450
	.byte	0x00, 0x00, 0x03, 0x03, 0x03, 0x3f, 0x7f, 0x63, 0x63, 0x63, 0x7f, 0x3f, 0x00, 0x00, 0x00, 0x00	; +0460
	.byte	0x00, 0x00, 0x00, 0x00, 0x3e, 0x7f, 0x63, 0x7f, 0x7f, 0x60, 0x7e, 0x3e, 0x00, 0x00, 0x00, 0x00	; +0470
	.byte	0x00, 0x00, 0x0e, 0x1e, 0x18, 0x7e, 0x7e, 0x18, 0x18, 0x18, 0x18, 0x18, 0x00, 0x00, 0x00, 0x00	; +0480
	.byte	0x00, 0x00, 0x00, 0x00, 0x3f, 0x7f, 0x63, 0x63, 0x63, 0x63, 0x7f, 0x3f, 0x03, 0x3f, 0x3e, 0x00	; +0490
	.byte	0x00, 0x00, 0x60, 0x60, 0x60, 0x7e, 0x7f, 0x63, 0x63, 0x63, 0x63, 0x63, 0x00, 0x00, 0x00, 0x00	; +04a0
	.byte	0x00, 0x00, 0x30, 0x30, 0x00, 0x30, 0x30, 0x30, 0x30, 0x30, 0x30, 0x30, 0x00, 0x00, 0x00, 0x00	; +04b0
	.byte	0x00, 0x00, 0x06, 0x06, 0x00, 0x0e, 0x0e, 0x06, 0x06, 0x06, 0x06, 0x06, 0x66, 0x7e, 0x3c, 0x00	; +04c0
	.byte	0x00, 0x00, 0x60, 0x60, 0x63, 0x67, 0x6e, 0x7c, 0x7c, 0x6e, 0x67, 0x63, 0x00, 0x00, 0x00, 0x00	; +04d0
	.byte	0x00, 0x00, 0x30, 0x30, 0x30, 0x30, 0x30, 0x30, 0x30, 0x30, 0x38, 0x18, 0x00, 0x00, 0x00, 0x00	; +04e0
	.byte	0x00, 0x00, 0x00, 0x00, 0x7f, 0x7f, 0x6d, 0x6d, 0x6d, 0x6d, 0x6d, 0x6d, 0x00, 0x00, 0x00, 0x00	; +04f0
	.byte	0x00, 0x00, 0x00, 0x00, 0x00, 0x80, 0x80, 0x80, 0x80, 0x80, 0x80, 0x80, 0x00, 0x00, 0x00, 0x00	; +0500
	.byte	0x00, 0x00, 0x00, 0x00, 0x7e, 0x7f, 0x63, 0x63, 0x63, 0x63, 0x63, 0x63, 0x00, 0x00, 0x00, 0x00	; +0510
	.byte	0x00, 0x00, 0x00, 0x00, 0x3e, 0x7f, 0x63, 0x63, 0x63, 0x63, 0x7f, 0x3e, 0x00, 0x00, 0x00, 0x00	; +0520
	.byte	0x00, 0x00, 0x00, 0x00, 0x7e, 0x7f, 0x63, 0x63, 0x63, 0x63, 0x7f, 0x7e, 0x60, 0x60, 0x60, 0x00	; +0530
	.byte	0x00, 0x00, 0x00, 0x00, 0x3f, 0x7f, 0x63, 0x63, 0x63, 0x63, 0x7f, 0x3f, 0x03, 0x03, 0x03, 0x00	; +0540
	.byte	0x00, 0x00, 0x00, 0x00, 0x6e, 0x7f, 0x73, 0x60, 0x60, 0x60, 0x60, 0x60, 0x00, 0x00, 0x00, 0x00	; +0550
	.byte	0x00, 0x00, 0x00, 0x00, 0x3f, 0x7f, 0x60, 0x7e, 0x3f, 0x03, 0x7f, 0x7e, 0x00, 0x00, 0x00, 0x00	; +0560
	.byte	0x00, 0x00, 0x18, 0x18, 0x7e, 0x7e, 0x18, 0x18, 0x18, 0x18, 0x1c, 0x0c, 0x00, 0x00, 0x00, 0x00	; +0570
	.byte	0x00, 0x00, 0x00, 0x00, 0x63, 0x63, 0x63, 0x63, 0x63, 0x63, 0x7f, 0x3f, 0x00, 0x00, 0x00, 0x00	; +0580
	.byte	0x00, 0x00, 0x00, 0x00, 0x63, 0x63, 0x63, 0x63, 0x77, 0x3e, 0x1c, 0x08, 0x00, 0x00, 0x00, 0x00	; +0590
	.byte	0x00, 0x00, 0x00, 0x00, 0x60, 0x60, 0x64, 0x6e, 0x7f, 0x7b, 0x71, 0x20, 0x00, 0x00, 0x00, 0x00	; +05a0
	.byte	0x00, 0x00, 0x00, 0x00, 0xc0, 0xc0, 0xc0, 0xc0, 0xc0, 0xc0, 0xc0, 0x80, 0x00, 0x00, 0x00, 0x00	; +05b0
	.byte	0x00, 0x00, 0x00, 0x00, 0x63, 0x77, 0x3e, 0x1c, 0x1c, 0x3e, 0x77, 0x63, 0x00, 0x00, 0x00, 0x00	; +05c0
	.byte	0x00, 0x00, 0x00, 0x00, 0x63, 0x63, 0x63, 0x63, 0x63, 0x63, 0x77, 0x3e, 0x1c, 0x38, 0x70, 0x00	; +05d0
	.byte	0x00, 0x00, 0x00, 0x00, 0x7f, 0x7f, 0x06, 0x0c, 0x18, 0x30, 0x7f, 0x7f, 0x00, 0x00, 0x00, 0x00	; +05e0
	.byte	0x00, 0x00, 0x08, 0x10, 0x10, 0x10, 0x10, 0x20, 0x10, 0x10, 0x10, 0x10, 0x08, 0x00, 0x00, 0x00	; +05f0
	.byte	0x00, 0x00, 0x30, 0x30, 0x30, 0x30, 0x30, 0x30, 0x30, 0x30, 0x30, 0x30, 0x00, 0x00, 0x00, 0x00	; +0600
	.byte	0x00, 0x00, 0x10, 0x08, 0x08, 0x08, 0x08, 0x04, 0x08, 0x08, 0x08, 0x08, 0x10, 0x00, 0x00, 0x00	; +0610
	.byte	0x00, 0x00, 0x3b, 0x6e, 0x00, 0x00, 0x00, 0x00, 0x00, 0x00, 0x00, 0x00, 0x00, 0x00, 0x00, 0x00	; +0620
	.byte	0x7f, 0x41, 0x41, 0x41, 0x41, 0x41, 0x41, 0x41, 0x41, 0x41, 0x41, 0x7f, 0x00, 0x00, 0x00, 0x00	; +0630
	.byte	0x7f, 0x41, 0x41, 0x41, 0x41, 0x41, 0x41, 0x41, 0x41, 0x41, 0x41, 0x7f, 0x00, 0x00, 0x00, 0x00	; +0640
	.byte	0x7f, 0x41, 0x41, 0x41, 0x41, 0x41, 0x41, 0x41, 0x41, 0x41, 0x41, 0x7f, 0x00, 0x00, 0x00, 0x00	; +0650
	.byte	0x00, 0x00, 0x00, 0x00, 0x00, 0x00, 0x00, 0x00, 0x00, 0x00, 0x30, 0x30, 0x10, 0x20, 0x00, 0x00	; +0660
	.byte	0x00, 0x0e, 0x1e, 0x18, 0x18, 0x7e, 0x7e, 0x18, 0x30, 0x30, 0x30, 0x30, 0x70, 0x60, 0x60, 0x00	; +0670
	.byte	0x00, 0x00, 0x00, 0x00, 0x00, 0x00, 0x00, 0x00, 0x00, 0x00, 0x36, 0x36, 0x12, 0x24, 0x00, 0x00	; +0680
	.byte	0x00, 0x00, 0x00, 0x00, 0x00, 0x00, 0x00, 0x00, 0x00, 0x00, 0x36, 0x36, 0x00, 0x00, 0x00, 0x00	; +0690
	.byte	0x00, 0x00, 0x00, 0x00, 0x00, 0x00, 0x00, 0x00, 0x00, 0x00, 0xc0, 0xc0, 0x00, 0x00, 0x00, 0x00	; +06a0
	.byte	0x00, 0x00, 0x18, 0x18, 0x7e, 0x7e, 0x18, 0x18, 0x18, 0x18, 0x18, 0x18, 0x00, 0x00, 0x00, 0x00	; +06b0
	.byte	0x00, 0x00, 0x18, 0x18, 0x7e, 0x7e, 0x18, 0x18, 0x7e, 0x7e, 0x18, 0x18, 0x00, 0x00, 0x00, 0x00	; +06c0
	.byte	0x00, 0x00, 0x30, 0x48, 0x00, 0x00, 0x00, 0x00, 0x00, 0x00, 0x00, 0x00, 0x00, 0x00, 0x00, 0x00	; +06d0
	.byte	0x00, 0x00, 0x20, 0x50, 0x52, 0x24, 0x08, 0x10, 0x24, 0x4b, 0x0b, 0x04, 0x00, 0x00, 0x00, 0x00	; +06e0
	.byte	0x00, 0x00, 0x00, 0x00, 0x00, 0x00, 0x00, 0x00, 0x80, 0x40, 0x40, 0x80, 0x00, 0x00, 0x00, 0x00	; +06f0
	.byte	0x36, 0x1c, 0x3e, 0x7f, 0x63, 0x60, 0x7e, 0x3f, 0x03, 0x63, 0x7f, 0x3e, 0x00, 0x00, 0x00, 0x00	; +0700
	.byte	0x00, 0x00, 0x00, 0x00, 0x00, 0x00, 0x10, 0x20, 0x20, 0x40, 0x20, 0x20, 0x10, 0x00, 0x00, 0x00	; +0710
	.byte	0x00, 0x00, 0x37, 0x6f, 0x6c, 0x6c, 0x6f, 0x6f, 0x6c, 0x6c, 0x6f, 0x37, 0x00, 0x00, 0x00, 0x00	; +0720
	.byte	0x7f, 0x41, 0x41, 0x41, 0x41, 0x41, 0x41, 0x41, 0x41, 0x41, 0x41, 0x7f, 0x00, 0x00, 0x00, 0x00	; +0730
	.byte	0x7f, 0x41, 0x41, 0x41, 0x41, 0x41, 0x41, 0x41, 0x41, 0x41, 0x41, 0x7f, 0x00, 0x00, 0x00, 0x00	; +0740
	.byte	0x7f, 0x41, 0x41, 0x41, 0x41, 0x41, 0x41, 0x41, 0x41, 0x41, 0x41, 0x7f, 0x00, 0x00, 0x00, 0x00	; +0750
	.byte	0x7f, 0x41, 0x41, 0x41, 0x41, 0x41, 0x41, 0x41, 0x41, 0x41, 0x41, 0x7f, 0x00, 0x00, 0x00, 0x00	; +0760
	.byte	0x00, 0x00, 0x10, 0x20, 0x30, 0x30, 0x00, 0x00, 0x00, 0x00, 0x00, 0x00, 0x00, 0x00, 0x00, 0x00	; +0770
	.byte	0x00, 0x00, 0x30, 0x30, 0x10, 0x20, 0x00, 0x00, 0x00, 0x00, 0x00, 0x00, 0x00, 0x00, 0x00, 0x00	; +0780
	.byte	0x00, 0x00, 0x24, 0x48, 0x6c, 0x6c, 0x00, 0x00, 0x00, 0x00, 0x00, 0x00, 0x00, 0x00, 0x00, 0x00	; +0790
	.byte	0x00, 0x00, 0x6c, 0x6c, 0x24, 0x48, 0x00, 0x00, 0x00, 0x00, 0x00, 0x00, 0x00, 0x00, 0x00, 0x00	; +07a0
	.byte	0x00, 0x00, 0x00, 0x00, 0x00, 0x30, 0x78, 0x78, 0x30, 0x00, 0x00, 0x00, 0x00, 0x00, 0x00, 0x00	; +07b0
	.byte	0x00, 0x00, 0x00, 0x00, 0x00, 0x00, 0x00, 0x00, 0x00, 0x00, 0x7c, 0x7c, 0x00, 0x00, 0x00, 0x00	; +07c0
	.byte	0x00, 0x00, 0x00, 0x00, 0x00, 0x00, 0x00, 0x00, 0x00, 0x00, 0x7f, 0x7f, 0x00, 0x00, 0x00, 0x00	; +07d0
	.byte	0x00, 0x00, 0x00, 0x00, 0x00, 0x00, 0x00, 0x00, 0x00, 0x00, 0xc0, 0xc0, 0x00, 0x00, 0x00, 0x00	; +07e0
	.byte	0x00, 0x00, 0x34, 0x5c, 0x00, 0x00, 0x00, 0x00, 0x00, 0x00, 0x00, 0x00, 0x00, 0x00, 0x00, 0x00	; +07f0
	.byte	0x00, 0x00, 0xf1, 0x5b, 0x55, 0x51, 0x00, 0x00, 0x00, 0x00, 0x00, 0x00, 0x00, 0x00, 0x00, 0x00	; +0800
	.byte	0x00, 0x36, 0x1c, 0x00, 0x3f, 0x7f, 0x60, 0x7e, 0x3f, 0x03, 0x7f, 0x7e, 0x00, 0x00, 0x00, 0x00	; +0810
	.byte	0x00, 0x00, 0x00, 0x00, 0x00, 0x00, 0x40, 0x20, 0x20, 0x10, 0x20, 0x20, 0x40, 0x00, 0x00, 0x00	; +0820
	.byte	0x00, 0x00, 0x00, 0x00, 0x36, 0x6d, 0x6d, 0x6f, 0x6c, 0x6c, 0x6f, 0x36, 0x00, 0x00, 0x00, 0x00	; +0830
	.byte	0x7f, 0x41, 0x41, 0x41, 0x41, 0x41, 0x41, 0x41, 0x41, 0x41, 0x41, 0x7f, 0x00, 0x00, 0x00, 0x00	; +0840
	.byte	0x7f, 0x41, 0x41, 0x41, 0x41, 0x41, 0x41, 0x41, 0x41, 0x41, 0x41, 0x7f, 0x00, 0x00, 0x00, 0x00	; +0850
	.byte	0x66, 0x66, 0x00, 0x66, 0x66, 0x66, 0x7e, 0x3c, 0x18, 0x18, 0x18, 0x18, 0x00, 0x00, 0x00, 0x00	; +0860
	.byte	0x00, 0x00, 0x00, 0x00, 0x00, 0x00, 0x00, 0x00, 0x00, 0x00, 0x00, 0x00, 0x00, 0x00, 0x00, 0x00	; +0870
	.byte	0x00, 0x00, 0x60, 0x60, 0x00, 0x60, 0x60, 0x60, 0x60, 0x60, 0x60, 0x60, 0x00, 0x00, 0x00, 0x00	; +0880
	.byte	0x00, 0x01, 0x03, 0x02, 0x3e, 0x7f, 0x67, 0x68, 0x68, 0x73, 0x7f, 0x3e, 0x20, 0x60, 0x40, 0x00	; +0890
	.byte	0x00, 0x00, 0x1c, 0x3c, 0x30, 0x30, 0x7c, 0x7c, 0x30, 0x33, 0x7f, 0x7e, 0x00, 0x00, 0x00, 0x00	; +08a0
	.byte	0x00, 0x00, 0x00, 0x00, 0x00, 0x14, 0x3e, 0x63, 0x22, 0x63, 0x3e, 0x14, 0x00, 0x00, 0x00, 0x00	; +08b0
	.byte	0x00, 0x00, 0x66, 0x66, 0x24, 0x3c, 0x18, 0x7f, 0x18, 0x7f, 0x18, 0x18, 0x18, 0x00, 0x00, 0x00	; +08c0
	.byte	0x00, 0x60, 0x60, 0x60, 0x60, 0x60, 0x60, 0x00, 0x00, 0x60, 0x60, 0x60, 0x60, 0x60, 0x60, 0x00	; +08d0
	.byte	0x00, 0x00, 0x1c, 0x24, 0x20, 0x10, 0x28, 0x44, 0x42, 0x22, 0x14, 0x08, 0x04, 0x24, 0x38, 0x00	; +08e0
	.byte	0x00, 0x00, 0x6c, 0x6c, 0x00, 0x00, 0x00, 0x00, 0x00, 0x00, 0x00, 0x00, 0x00, 0x00, 0x00, 0x00	; +08f0
	.byte	0x00, 0x00, 0x3e, 0x63, 0x5d, 0x55, 0x51, 0x51, 0x55, 0x5d, 0x63, 0x3e, 0x00, 0x00, 0x00, 0x00	; +0900
	.byte	0x00, 0x00, 0x70, 0x10, 0x70, 0x50, 0x70, 0x00, 0x00, 0x00, 0x00, 0x00, 0x00, 0x00, 0x00, 0x00	; +0910
	.byte	0x00, 0x00, 0x00, 0x00, 0x00, 0x00, 0x12, 0x24, 0x24, 0x48, 0x24, 0x24, 0x12, 0x00, 0x00, 0x00	; +0920
	.byte	0x00, 0x00, 0x00, 0x00, 0x00, 0x00, 0x00, 0x7e, 0x7e, 0x06, 0x06, 0x06, 0x00, 0x00, 0x00, 0x00	; +0930
	.byte	0x00, 0x00, 0x00, 0x00, 0x00, 0x00, 0x00, 0x00, 0x78, 0x78, 0x00, 0x00, 0x00, 0x00, 0x00, 0x00	; +0940
	.byte	0x00, 0x00, 0x3e, 0x63, 0x5d, 0x55, 0x55, 0x5d, 0x59, 0x55, 0x63, 0x3e, 0x00, 0x00, 0x00, 0x00	; +0950
	.byte	0x00, 0x00, 0x7f, 0x7f, 0x00, 0x00, 0x00, 0x00, 0x00, 0x00, 0x00, 0x00, 0x00, 0x00, 0x00, 0x00	; +0960
	.byte	0x00, 0x30, 0x48, 0x48, 0x30, 0x00, 0x00, 0x00, 0x00, 0x00, 0x00, 0x00, 0x00, 0x00, 0x00, 0x00	; +0970
	.byte	0x00, 0x00, 0x18, 0x18, 0x7e, 0x7e, 0x18, 0x18, 0x00, 0x7e, 0x7e, 0x00, 0x00, 0x00, 0x00, 0x00	; +0980
	.byte	0x00, 0x30, 0x48, 0x08, 0x10, 0x20, 0x78, 0x00, 0x00, 0x00, 0x00, 0x00, 0x00, 0x00, 0x00, 0x00	; +0990
	.byte	0x00, 0x30, 0x48, 0x10, 0x08, 0x48, 0x30, 0x00, 0x00, 0x00, 0x00, 0x00, 0x00, 0x00, 0x00, 0x00	; +09a0
	.byte	0x00, 0x30, 0x60, 0x00, 0x00, 0x00, 0x00, 0x00, 0x00, 0x00, 0x00, 0x00, 0x00, 0x00, 0x00, 0x00	; +09b0
	.byte	0x00, 0x00, 0x66, 0x66, 0x66, 0x66, 0x66, 0x66, 0x6e, 0x7e, 0x7f, 0x77, 0x60, 0x60, 0x60, 0x00	; +09c0
	.byte	0x00, 0x00, 0x7f, 0xff, 0xf6, 0x76, 0x36, 0x36, 0x36, 0x36, 0x36, 0x36, 0x36, 0x36, 0x36, 0x00	; +09d0
	.byte	0x00, 0x00, 0x00, 0x00, 0x00, 0x00, 0x18, 0x18, 0x00, 0x00, 0x00, 0x00, 0x00, 0x00, 0x00, 0x00	; +09e0
	.byte	0x00, 0x00, 0x00, 0x00, 0x00, 0x00, 0x00, 0x00, 0x00, 0x00, 0x00, 0x38, 0x10, 0x60, 0x00, 0x00	; +09f0
	.byte	0x00, 0x20, 0x60, 0x20, 0x20, 0x20, 0x70, 0x00, 0x00, 0x00, 0x00, 0x00, 0x00, 0x00, 0x00, 0x00	; +0a00
	.byte	0x00, 0x30, 0x48, 0x48, 0x48, 0x48, 0x30, 0x00, 0x00, 0x00, 0x00, 0x00, 0x00, 0x00, 0x00, 0x00	; +0a10
	.byte	0x00, 0x00, 0x00, 0x00, 0x00, 0x00, 0x48, 0x24, 0x24, 0x12, 0x24, 0x24, 0x48, 0x00, 0x00, 0x00	; +0a20
	.byte	0x00, 0x00, 0x20, 0x60, 0x22, 0x24, 0x29, 0x13, 0x25, 0x45, 0x07, 0x01, 0x00, 0x00, 0x00, 0x00	; +0a30
	.byte	0x00, 0x00, 0x20, 0x60, 0x22, 0x24, 0x28, 0x12, 0x25, 0x41, 0x02, 0x07, 0x00, 0x00, 0x00, 0x00	; +0a40
	.byte	0x00, 0x00, 0x60, 0x10, 0x32, 0x14, 0x69, 0x13, 0x25, 0x45, 0x07, 0x01, 0x00, 0x00, 0x00, 0x00	; +0a50
	.byte	0x00, 0x00, 0x00, 0x00, 0x0c, 0x0c, 0x00, 0x0c, 0x0c, 0x3c, 0x78, 0x60, 0x63, 0x7f, 0x3e, 0x00	; +0a60
	.byte	0x18, 0x0c, 0x1c, 0x3e, 0x77, 0x63, 0x63, 0x7f, 0x7f, 0x63, 0x63, 0x63, 0x00, 0x00, 0x00, 0x00	; +0a70
	.byte	0x0c, 0x18, 0x1c, 0x3e, 0x77, 0x63, 0x63, 0x7f, 0x7f, 0x63, 0x63, 0x63, 0x00, 0x00, 0x00, 0x00	; +0a80
	.byte	0x1c, 0x22, 0x1c, 0x3e, 0x77, 0x63, 0x63, 0x7f, 0x7f, 0x63, 0x63, 0x63, 0x00, 0x00, 0x00, 0x00	; +0a90
	.byte	0x3b, 0x6e, 0x1c, 0x3e, 0x77, 0x63, 0x63, 0x7f, 0x7f, 0x63, 0x63, 0x63, 0x00, 0x00, 0x00, 0x00	; +0aa0
	.byte	0x36, 0x36, 0x1c, 0x3e, 0x77, 0x63, 0x63, 0x7f, 0x7f, 0x63, 0x63, 0x63, 0x00, 0x00, 0x00, 0x00	; +0ab0
	.byte	0x1c, 0x14, 0x1c, 0x3e, 0x77, 0x63, 0x63, 0x7f, 0x7f, 0x63, 0x63, 0x63, 0x00, 0x00, 0x00, 0x00	; +0ac0
	.byte	0x00, 0x00, 0x37, 0x7f, 0x6c, 0x6c, 0x7f, 0x7f, 0x6c, 0x6c, 0x6f, 0x67, 0x00, 0x00, 0x00, 0x00	; +0ad0
	.byte	0x00, 0x00, 0x3e, 0x7f, 0x63, 0x60, 0x60, 0x60, 0x60, 0x63, 0x7f, 0x3e, 0x0c, 0x06, 0x1e, 0x00	; +0ae0
	.byte	0x18, 0x0c, 0x7f, 0x7f, 0x60, 0x60, 0x7e, 0x7e, 0x60, 0x60, 0x7f, 0x7f, 0x00, 0x00, 0x00, 0x00	; +0af0
	.byte	0x0c, 0x18, 0x7f, 0x7f, 0x60, 0x60, 0x7e, 0x7e, 0x60, 0x60, 0x7f, 0x7f, 0x00, 0x00, 0x00, 0x00	; +0b00
	.byte	0x1c, 0x22, 0x7f, 0x7f, 0x60, 0x60, 0x7e, 0x7e, 0x60, 0x60, 0x7f, 0x7f, 0x00, 0x00, 0x00, 0x00	; +0b10
	.byte	0x36, 0x36, 0x7f, 0x7f, 0x60, 0x60, 0x7e, 0x7e, 0x60, 0x60, 0x7f, 0x7f, 0x00, 0x00, 0x00, 0x00	; +0b20
	.byte	0x30, 0x18, 0x3c, 0x3c, 0x18, 0x18, 0x18, 0x18, 0x18, 0x18, 0x3c, 0x3c, 0x00, 0x00, 0x00, 0x00	; +0b30
	.byte	0x0c, 0x18, 0x3c, 0x3c, 0x18, 0x18, 0x18, 0x18, 0x18, 0x18, 0x3c, 0x3c, 0x00, 0x00, 0x00, 0x00	; +0b40
	.byte	0x0c, 0x12, 0x1e, 0x1e, 0x0c, 0x0c, 0x0c, 0x0c, 0x0c, 0x0c, 0x1e, 0x1e, 0x00, 0x00, 0x00, 0x00	; +0b50
	.byte	0x66, 0x66, 0x3c, 0x3c, 0x18, 0x18, 0x18, 0x18, 0x18, 0x18, 0x3c, 0x3c, 0x00, 0x00, 0x00, 0x00	; +0b60
	.byte	0x00, 0x00, 0x7c, 0x7e, 0x67, 0x63, 0xfb, 0xfb, 0x63, 0x67, 0x7e, 0x7c, 0x00, 0x00, 0x00, 0x00	; +0b70
	.byte	0x3b, 0x6e, 0x43, 0x63, 0x73, 0x7b, 0x7f, 0x7f, 0x6f, 0x67, 0x63, 0x61, 0x00, 0x00, 0x00, 0x00	; +0b80
	.byte	0x18, 0x0c, 0x3e, 0x7f, 0x63, 0x63, 0x63, 0x63, 0x63, 0x63, 0x7f, 0x3e, 0x00, 0x00, 0x00, 0x00	; +0b90
	.byte	0x0c, 0x18, 0x3e, 0x7f, 0x63, 0x63, 0x63, 0x63, 0x63, 0x63, 0x7f, 0x3e, 0x00, 0x00, 0x00, 0x00	; +0ba0
	.byte	0x1c, 0x22, 0x3e, 0x7f, 0x63, 0x63, 0x63, 0x63, 0x63, 0x63, 0x7f, 0x3e, 0x00, 0x00, 0x00, 0x00	; +0bb0
	.byte	0x3b, 0x6e, 0x3e, 0x7f, 0x63, 0x63, 0x63, 0x63, 0x63, 0x63, 0x7f, 0x3e, 0x00, 0x00, 0x00, 0x00	; +0bc0
	.byte	0x36, 0x36, 0x3e, 0x7f, 0x63, 0x63, 0x63, 0x63, 0x63, 0x63, 0x7f, 0x3e, 0x00, 0x00, 0x00, 0x00	; +0bd0
	.byte	0x00, 0x00, 0x00, 0x00, 0x41, 0x22, 0x14, 0x08, 0x14, 0x22, 0x41, 0x00, 0x00, 0x00, 0x00, 0x00	; +0be0
	.byte	0x01, 0x03, 0x3e, 0x7f, 0x67, 0x6f, 0x6b, 0x6b, 0x7b, 0x73, 0x7f, 0x3e, 0x20, 0x60, 0x40, 0x00	; +0bf0
	.byte	0x18, 0x0c, 0x63, 0x63, 0x63, 0x63, 0x63, 0x63, 0x63, 0x63, 0x7f, 0x3e, 0x00, 0x00, 0x00, 0x00	; +0c00
	.byte	0x0c, 0x18, 0x63, 0x63, 0x63, 0x63, 0x63, 0x63, 0x63, 0x63, 0x7f, 0x3e, 0x00, 0x00, 0x00, 0x00	; +0c10
	.byte	0x1c, 0x22, 0x63, 0x63, 0x63, 0x63, 0x63, 0x63, 0x63, 0x63, 0x7f, 0x3e, 0x00, 0x00, 0x00, 0x00	; +0c20
	.byte	0x36, 0x36, 0x63, 0x63, 0x63, 0x63, 0x63, 0x63, 0x63, 0x63, 0x7f, 0x3e, 0x00, 0x00, 0x00, 0x00	; +0c30
	.byte	0x0c, 0x18, 0x66, 0x66, 0x66, 0x66, 0x7e, 0x3c, 0x18, 0x18, 0x18, 0x18, 0x00, 0x00, 0x00, 0x00	; +0c40
	.byte	0x00, 0x00, 0x60, 0x7e, 0x7f, 0x63, 0x63, 0x7f, 0x7e, 0x60, 0x60, 0x60, 0x00, 0x00, 0x00, 0x00	; +0c50
	.byte	0x00, 0x00, 0x7e, 0x7f, 0x63, 0x6e, 0x6f, 0x63, 0x63, 0x63, 0x6f, 0x6e, 0x00, 0x00, 0x00, 0x00	; +0c60
	.byte	0x00, 0x18, 0x0c, 0x00, 0x3e, 0x3f, 0x03, 0x3f, 0x7f, 0x63, 0x7f, 0x3f, 0x00, 0x00, 0x00, 0x00	; +0c70
	.byte	0x00, 0x0c, 0x18, 0x00, 0x3e, 0x3f, 0x03, 0x3f, 0x7f, 0x63, 0x7f, 0x3f, 0x00, 0x00, 0x00, 0x00	; +0c80
	.byte	0x00, 0x1c, 0x22, 0x00, 0x3e, 0x3f, 0x03, 0x3f, 0x7f, 0x63, 0x7f, 0x3f, 0x00, 0x00, 0x00, 0x00	; +0c90
	.byte	0x00, 0x3b, 0x6e, 0x00, 0x3e, 0x3f, 0x03, 0x3f, 0x7f, 0x63, 0x7f, 0x3f, 0x00, 0x00, 0x00, 0x00	; +0ca0
	.byte	0x00, 0x36, 0x36, 0x00, 0x3e, 0x3f, 0x03, 0x3f, 0x7f, 0x63, 0x7f, 0x3f, 0x00, 0x00, 0x00, 0x00	; +0cb0
	.byte	0x00, 0x1c, 0x14, 0x1c, 0x3e, 0x3f, 0x03, 0x3f, 0x7f, 0x63, 0x7f, 0x3f, 0x00, 0x00, 0x00, 0x00	; +0cc0
	.byte	0x00, 0x00, 0x00, 0x00, 0x3e, 0x4d, 0x0d, 0x3f, 0x6c, 0x6c, 0x6f, 0x36, 0x00, 0x00, 0x00, 0x00	; +0cd0
	.byte	0x00, 0x00, 0x00, 0x00, 0x3e, 0x7f, 0x63, 0x60, 0x60, 0x63, 0x7f, 0x3e, 0x0c, 0x06, 0x1e, 0x00	; +0ce0
	.byte	0x00, 0x18, 0x0c, 0x00, 0x3e, 0x7f, 0x63, 0x7f, 0x7f, 0x60, 0x7e, 0x3e, 0x00, 0x00, 0x00, 0x00	; +0cf0
	.byte	0x00, 0x0c, 0x18, 0x00, 0x3e, 0x7f, 0x63, 0x7f, 0x7f, 0x60, 0x7e, 0x3e, 0x00, 0x00, 0x00, 0x00	; +0d00
	.byte	0x00, 0x1c, 0x22, 0x00, 0x3e, 0x7f, 0x63, 0x7f, 0x7f, 0x60, 0x7e, 0x3e, 0x00, 0x00, 0x00, 0x00	; +0d10
	.byte	0x00, 0x36, 0x36, 0x00, 0x3e, 0x7f, 0x63, 0x7f, 0x7f, 0x60, 0x7e, 0x3e, 0x00, 0x00, 0x00, 0x00	; +0d20
	.byte	0x00, 0x00, 0x60, 0x30, 0x00, 0x30, 0x30, 0x30, 0x30, 0x30, 0x30, 0x30, 0x00, 0x00, 0x00, 0x00	; +0d30
	.byte	0x00, 0x00, 0x30, 0x60, 0x00, 0x60, 0x60, 0x60, 0x60, 0x60, 0x60, 0x60, 0x00, 0x00, 0x00, 0x00	; +0d40
	.byte	0x00, 0x00, 0x30, 0x48, 0x00, 0x30, 0x30, 0x30, 0x30, 0x30, 0x30, 0x30, 0x00, 0x00, 0x00, 0x00	; +0d50
	.byte	0x00, 0x00, 0x66, 0x66, 0x00, 0x18, 0x18, 0x18, 0x18, 0x18, 0x18, 0x18, 0x00, 0x00, 0x00, 0x00	; +0d60
	.byte	0x73, 0x73, 0x1e, 0x7f, 0x73, 0x3f, 0x7f, 0x63, 0x63, 0x63, 0x7f, 0x3f, 0x00, 0x00, 0x00, 0x00	; +0d70
	.byte	0x00, 0x3b, 0x6e, 0x00, 0x7e, 0x7f, 0x63, 0x63, 0x63, 0x63, 0x63, 0x63, 0x00, 0x00, 0x00, 0x00	; +0d80
	.byte	0x00, 0x18, 0x0c, 0x00, 0x3e, 0x7f, 0x63, 0x63, 0x63, 0x63, 0x7f, 0x3e, 0x00, 0x00, 0x00, 0x00	; +0d90
	.byte	0x00, 0x0c, 0x18, 0x00, 0x3e, 0x7f, 0x63, 0x63, 0x63, 0x63, 0x7f, 0x3e, 0x00, 0x00, 0x00, 0x00	; +0da0
	.byte	0x00, 0x1c, 0x22, 0x00, 0x3e, 0x7f, 0x63, 0x63, 0x63, 0x63, 0x7f, 0x3e, 0x00, 0x00, 0x00, 0x00	; +0db0
	.byte	0x00, 0x3b, 0x6e, 0x00, 0x3e, 0x7f, 0x63, 0x63, 0x63, 0x63, 0x7f, 0x3e, 0x00, 0x00, 0x00, 0x00	; +0dc0
	.byte	0x00, 0x36, 0x36, 0x00, 0x3e, 0x7f, 0x63, 0x63, 0x63, 0x63, 0x7f, 0x3e, 0x00, 0x00, 0x00, 0x00	; +0dd0
	.byte	0x00, 0x00, 0x00, 0x18, 0x18, 0x00, 0x7e, 0x7e, 0x00, 0x18, 0x18, 0x00, 0x00, 0x00, 0x00, 0x00	; +0de0
	.byte	0x00, 0x01, 0x03, 0x02, 0x3e, 0x7f, 0x67, 0x6b, 0x6b, 0x73, 0x7f, 0x3e, 0x20, 0x60, 0x40, 0x00	; +0df0
	.byte	0x00, 0x18, 0x0c, 0x00, 0x63, 0x63, 0x63, 0x63, 0x63, 0x63, 0x7f, 0x3f, 0x00, 0x00, 0x00, 0x00	; +0e00
	.byte	0x00, 0x0c, 0x18, 0x00, 0x63, 0x63, 0x63, 0x63, 0x63, 0x63, 0x7f, 0x3f, 0x00, 0x00, 0x00, 0x00	; +0e10
	.byte	0x00, 0x1c, 0x22, 0x00, 0x63, 0x63, 0x63, 0x63, 0x63, 0x63, 0x7f, 0x3f, 0x00, 0x00, 0x00, 0x00	; +0e20
	.byte	0x00, 0x36, 0x36, 0x00, 0x63, 0x63, 0x63, 0x63, 0x63, 0x63, 0x7f, 0x3f, 0x00, 0x00, 0x00, 0x00	; +0e30
	.byte	0x00, 0x0c, 0x18, 0x00, 0x63, 0x63, 0x63, 0x63, 0x63, 0x63, 0x77, 0x3e, 0x1c, 0x38, 0x70, 0x00	; +0e40
	.byte	0x00, 0x00, 0x60, 0x60, 0x7e, 0x7f, 0x63, 0x63, 0x63, 0x63, 0x7f, 0x7e, 0x60, 0x60, 0x60, 0x00	; +0e50
	.byte	0x00, 0x36, 0x36, 0x00, 0x63, 0x63, 0x63, 0x63, 0x63, 0x63, 0x77, 0x3e, 0x1c, 0x38, 0x70, 0x00	; +0e60

; -----------------------------------------------------------------------------
; Font 5 kern table: one {word char_width, word glyph_offset} pair per
; character 0x20-0xFF.  glyph_offset is relative to Font5_Glyphs; each glyph
; occupies ceil(char_width/8)*16 bytes and the 224 entries tile the bank
; exactly (offsets strictly ascending, no gaps).
; -----------------------------------------------------------------------------
Font5_KernTable:
	.short	8, 0x000	; 0x20 ' '
	.short	5, 0x010	; 0x21 '!'
	.short	8, 0x020	; 0x22 '"'
	.short	8, 0x030	; 0x23 '#'
	.short	8, 0x040	; 0x24 '$'
	.short	8, 0x050	; 0x25 '%'
	.short	8, 0x060	; 0x26 '&'
	.short	5, 0x070	; 0x27 apostrophe
	.short	8, 0x080	; 0x28 '('
	.short	8, 0x090	; 0x29 ')'
	.short	8, 0x0A0	; 0x2A '*'
	.short	8, 0x0B0	; 0x2B '+'
	.short	5, 0x0C0	; 0x2C ','
	.short	8, 0x0D0	; 0x2D '-'
	.short	5, 0x0E0	; 0x2E '.'
	.short	8, 0x0F0	; 0x2F '/'
	.short	8, 0x100	; 0x30 '0'
	.short	7, 0x110	; 0x31 '1'
	.short	8, 0x120	; 0x32 '2'
	.short	8, 0x130	; 0x33 '3'
	.short	8, 0x140	; 0x34 '4'
	.short	8, 0x150	; 0x35 '5'
	.short	8, 0x160	; 0x36 '6'
	.short	8, 0x170	; 0x37 '7'
	.short	8, 0x180	; 0x38 '8'
	.short	8, 0x190	; 0x39 '9'
	.short	5, 0x1A0	; 0x3A ':'
	.short	5, 0x1B0	; 0x3B ';'
	.short	7, 0x1C0	; 0x3C '<'
	.short	8, 0x1D0	; 0x3D '='
	.short	7, 0x1E0	; 0x3E '>'
	.short	8, 0x1F0	; 0x3F '?'
	.short	8, 0x200	; 0x40 '@'
	.short	8, 0x210	; 0x41 'A'
	.short	8, 0x220	; 0x42 'B'
	.short	8, 0x230	; 0x43 'C'
	.short	8, 0x240	; 0x44 'D'
	.short	8, 0x250	; 0x45 'E'
	.short	8, 0x260	; 0x46 'F'
	.short	8, 0x270	; 0x47 'G'
	.short	8, 0x280	; 0x48 'H'
	.short	7, 0x290	; 0x49 'I'
	.short	8, 0x2A0	; 0x4A 'J'
	.short	8, 0x2B0	; 0x4B 'K'
	.short	8, 0x2C0	; 0x4C 'L'
	.short	10, 0x2D0	; 0x4D 'M'
	.short	8, 0x2F0	; 0x4E 'N'
	.short	8, 0x300	; 0x4F 'O'
	.short	8, 0x310	; 0x50 'P'
	.short	8, 0x320	; 0x51 'Q'
	.short	8, 0x330	; 0x52 'R'
	.short	8, 0x340	; 0x53 'S'
	.short	7, 0x350	; 0x54 'T'
	.short	8, 0x360	; 0x55 'U'
	.short	8, 0x370	; 0x56 'V'
	.short	10, 0x380	; 0x57 'W'
	.short	8, 0x3A0	; 0x58 'X'
	.short	7, 0x3B0	; 0x59 'Y'
	.short	8, 0x3C0	; 0x5A 'Z'
	.short	8, 0x3D0	; 0x5B '['
	.short	8, 0x3E0	; 0x5C backslash
	.short	8, 0x3F0	; 0x5D ']'
	.short	7, 0x400	; 0x5E '^'
	.short	8, 0x410	; 0x5F '_'
	.short	5, 0x420	; 0x60 '`'
	.short	8, 0x430	; 0x61 'a'
	.short	8, 0x440	; 0x62 'b'
	.short	8, 0x450	; 0x63 'c'
	.short	8, 0x460	; 0x64 'd'
	.short	8, 0x470	; 0x65 'e'
	.short	7, 0x480	; 0x66 'f'
	.short	8, 0x490	; 0x67 'g'
	.short	8, 0x4A0	; 0x68 'h'
	.short	5, 0x4B0	; 0x69 'i'
	.short	8, 0x4C0	; 0x6A 'j'
	.short	8, 0x4D0	; 0x6B 'k'
	.short	6, 0x4E0	; 0x6C 'l'
	.short	9, 0x4F0	; 0x6D 'm'
	.short	8, 0x510	; 0x6E 'n'
	.short	8, 0x520	; 0x6F 'o'
	.short	8, 0x530	; 0x70 'p'
	.short	8, 0x540	; 0x71 'q'
	.short	8, 0x550	; 0x72 'r'
	.short	8, 0x560	; 0x73 's'
	.short	7, 0x570	; 0x74 't'
	.short	8, 0x580	; 0x75 'u'
	.short	8, 0x590	; 0x76 'v'
	.short	10, 0x5A0	; 0x77 'w'
	.short	8, 0x5C0	; 0x78 'x'
	.short	8, 0x5D0	; 0x79 'y'
	.short	8, 0x5E0	; 0x7A 'z'
	.short	8, 0x5F0	; 0x7B '{'
	.short	5, 0x600	; 0x7C '|'
	.short	8, 0x610	; 0x7D '}'
	.short	8, 0x620	; 0x7E '~'
	.short	8, 0x630	; 0x7F
	.short	8, 0x640	; 0x80
	.short	8, 0x650	; 0x81
	.short	5, 0x660	; 0x82
	.short	7, 0x670	; 0x83
	.short	8, 0x680	; 0x84
	.short	10, 0x690	; 0x85
	.short	8, 0x6B0	; 0x86
	.short	8, 0x6C0	; 0x87
	.short	5, 0x6D0	; 0x88
	.short	10, 0x6E0	; 0x89
	.short	8, 0x700	; 0x8A
	.short	4, 0x710	; 0x8B
	.short	8, 0x720	; 0x8C
	.short	8, 0x730	; 0x8D
	.short	8, 0x740	; 0x8E
	.short	8, 0x750	; 0x8F
	.short	8, 0x760	; 0x90
	.short	5, 0x770	; 0x91
	.short	5, 0x780	; 0x92
	.short	7, 0x790	; 0x93
	.short	7, 0x7A0	; 0x94
	.short	5, 0x7B0	; 0x95
	.short	6, 0x7C0	; 0x96
	.short	10, 0x7D0	; 0x97
	.short	6, 0x7F0	; 0x98
	.short	8, 0x800	; 0x99
	.short	8, 0x810	; 0x9A
	.short	4, 0x820	; 0x9B
	.short	8, 0x830	; 0x9C
	.short	8, 0x840	; 0x9D
	.short	8, 0x850	; 0x9E
	.short	7, 0x860	; 0x9F
	.short	8, 0x870	; 0xA0
	.short	3, 0x880	; 0xA1
	.short	8, 0x890	; 0xA2
	.short	8, 0x8A0	; 0xA3
	.short	8, 0x8B0	; 0xA4
	.short	8, 0x8C0	; 0xA5
	.short	3, 0x8D0	; 0xA6
	.short	8, 0x8E0	; 0xA7
	.short	6, 0x8F0	; 0xA8
	.short	8, 0x900	; 0xA9
	.short	8, 0x910	; 0xAA
	.short	8, 0x920	; 0xAB
	.short	8, 0x930	; 0xAC
	.short	5, 0x940	; 0xAD
	.short	8, 0x950	; 0xAE
	.short	8, 0x960	; 0xAF
	.short	5, 0x970	; 0xB0
	.short	8, 0x980	; 0xB1
	.short	5, 0x990	; 0xB2
	.short	5, 0x9A0	; 0xB3
	.short	4, 0x9B0	; 0xB4
	.short	8, 0x9C0	; 0xB5
	.short	8, 0x9D0	; 0xB6
	.short	8, 0x9E0	; 0xB7
	.short	5, 0x9F0	; 0xB8
	.short	4, 0xA00	; 0xB9
	.short	5, 0xA10	; 0xBA
	.short	8, 0xA20	; 0xBB
	.short	8, 0xA30	; 0xBC
	.short	8, 0xA40	; 0xBD
	.short	8, 0xA50	; 0xBE
	.short	8, 0xA60	; 0xBF
	.short	8, 0xA70	; 0xC0
	.short	8, 0xA80	; 0xC1
	.short	8, 0xA90	; 0xC2
	.short	8, 0xAA0	; 0xC3
	.short	8, 0xAB0	; 0xC4
	.short	8, 0xAC0	; 0xC5
	.short	8, 0xAD0	; 0xC6
	.short	8, 0xAE0	; 0xC7
	.short	8, 0xAF0	; 0xC8
	.short	8, 0xB00	; 0xC9
	.short	8, 0xB10	; 0xCA
	.short	8, 0xB20	; 0xCB
	.short	7, 0xB30	; 0xCC
	.short	7, 0xB40	; 0xCD
	.short	8, 0xB50	; 0xCE
	.short	7, 0xB60	; 0xCF
	.short	8, 0xB70	; 0xD0
	.short	8, 0xB80	; 0xD1
	.short	8, 0xB90	; 0xD2
	.short	8, 0xBA0	; 0xD3
	.short	8, 0xBB0	; 0xD4
	.short	8, 0xBC0	; 0xD5
	.short	8, 0xBD0	; 0xD6
	.short	8, 0xBE0	; 0xD7
	.short	8, 0xBF0	; 0xD8
	.short	8, 0xC00	; 0xD9
	.short	8, 0xC10	; 0xDA
	.short	8, 0xC20	; 0xDB
	.short	8, 0xC30	; 0xDC
	.short	7, 0xC40	; 0xDD
	.short	8, 0xC50	; 0xDE
	.short	8, 0xC60	; 0xDF
	.short	8, 0xC70	; 0xE0
	.short	8, 0xC80	; 0xE1
	.short	8, 0xC90	; 0xE2
	.short	8, 0xCA0	; 0xE3
	.short	8, 0xCB0	; 0xE4
	.short	8, 0xCC0	; 0xE5
	.short	8, 0xCD0	; 0xE6
	.short	8, 0xCE0	; 0xE7
	.short	8, 0xCF0	; 0xE8
	.short	8, 0xD00	; 0xE9
	.short	8, 0xD10	; 0xEA
	.short	8, 0xD20	; 0xEB
	.short	4, 0xD30	; 0xEC
	.short	4, 0xD40	; 0xED
	.short	5, 0xD50	; 0xEE
	.short	7, 0xD60	; 0xEF
	.short	8, 0xD70	; 0xF0
	.short	8, 0xD80	; 0xF1
	.short	8, 0xD90	; 0xF2
	.short	8, 0xDA0	; 0xF3
	.short	8, 0xDB0	; 0xF4
	.short	8, 0xDC0	; 0xF5
	.short	8, 0xDD0	; 0xF6
	.short	8, 0xDE0	; 0xF7
	.short	8, 0xDF0	; 0xF8
	.short	8, 0xE00	; 0xF9
	.short	8, 0xE10	; 0xFA
	.short	8, 0xE20	; 0xFB
	.short	8, 0xE30	; 0xFC
	.short	8, 0xE40	; 0xFD
	.short	8, 0xE50	; 0xFE
	.short	8, 0xE60	; 0xFF

; -----------------------------------------------------------------------------
; Glyph banks 6-9.  Font9's bank crosses 0x950000: chars 0xAD-0xFF occupy
; 0x950000-0x950A5F (see module header).
; -----------------------------------------------------------------------------
Font6_Glyphs:	; 224 x 10 B (8x10)
	.byte	0x00, 0x00, 0x00, 0x00, 0x00, 0x00, 0x00, 0x00, 0x00, 0x00, 0x18, 0x18, 0x18, 0x18, 0x18, 0x18	; +0000
	.byte	0x18, 0x00, 0x18, 0x18, 0x6c, 0x6c, 0x24, 0x00, 0x00, 0x00, 0x00, 0x00, 0x00, 0x00, 0x36, 0x36	; +0010
	.byte	0x7f, 0x7f, 0x36, 0x36, 0x7f, 0x7f, 0x36, 0x36, 0x3e, 0x7f, 0x6b, 0x68, 0x7e, 0x3f, 0x0b, 0x6b	; +0020
	.byte	0x7f, 0x3e, 0x00, 0x71, 0x53, 0x76, 0x0c, 0x18, 0x37, 0x65, 0x47, 0x00, 0x1c, 0x36, 0x36, 0x3c	; +0030
	.byte	0x18, 0x3d, 0x6f, 0x66, 0x6f, 0x3b, 0x30, 0x30, 0x10, 0x00, 0x00, 0x00, 0x00, 0x00, 0x00, 0x00	; +0040
	.byte	0x0c, 0x18, 0x30, 0x30, 0x30, 0x30, 0x30, 0x30, 0x18, 0x0c, 0x18, 0x0c, 0x06, 0x06, 0x06, 0x06	; +0050
	.byte	0x06, 0x06, 0x0c, 0x18, 0x00, 0x00, 0x08, 0x2a, 0x1c, 0x08, 0x1c, 0x2a, 0x08, 0x00, 0x00, 0x00	; +0060
	.byte	0x18, 0x18, 0x7e, 0x7e, 0x18, 0x18, 0x00, 0x00, 0x00, 0x00, 0x00, 0x00, 0x00, 0x00, 0x30, 0x30	; +0070
	.byte	0x10, 0x20, 0x00, 0x00, 0x00, 0x00, 0x7f, 0x7f, 0x00, 0x00, 0x00, 0x00, 0x00, 0x00, 0x00, 0x00	; +0080
	.byte	0x00, 0x00, 0x00, 0x00, 0x30, 0x30, 0x00, 0x01, 0x03, 0x06, 0x0c, 0x18, 0x30, 0x60, 0x40, 0x00	; +0090
	.byte	0x3e, 0x7f, 0x63, 0x63, 0x63, 0x63, 0x63, 0x63, 0x7f, 0x3e, 0x18, 0x38, 0x38, 0x18, 0x18, 0x18	; +00a0
	.byte	0x18, 0x18, 0x3c, 0x3c, 0x3e, 0x7f, 0x63, 0x03, 0x07, 0x0e, 0x1c, 0x38, 0x7f, 0x7f, 0x3e, 0x7f	; +00b0
	.byte	0x63, 0x03, 0x0e, 0x0e, 0x03, 0x63, 0x7f, 0x3e, 0x06, 0x0e, 0x1e, 0x1e, 0x36, 0x36, 0x7f, 0x7f	; +00c0
	.byte	0x06, 0x06, 0x7f, 0x7f, 0x60, 0x60, 0x7e, 0x7f, 0x03, 0x63, 0x7f, 0x3e, 0x3e, 0x7f, 0x63, 0x60	; +00d0
	.byte	0x7e, 0x7f, 0x63, 0x63, 0x7f, 0x3e, 0x7f, 0x7f, 0x03, 0x07, 0x0e, 0x0c, 0x1c, 0x18, 0x18, 0x18	; +00e0
	.byte	0x3e, 0x7f, 0x63, 0x63, 0x3e, 0x3e, 0x63, 0x63, 0x7f, 0x3e, 0x3e, 0x7f, 0x63, 0x63, 0x7f, 0x3f	; +00f0
	.byte	0x03, 0x63, 0x7f, 0x3e, 0x00, 0x00, 0x18, 0x18, 0x00, 0x00, 0x18, 0x18, 0x00, 0x00, 0x00, 0x00	; +0100
	.byte	0x18, 0x18, 0x00, 0x00, 0x18, 0x18, 0x08, 0x10, 0x06, 0x0e, 0x1c, 0x38, 0x70, 0x70, 0x38, 0x1c	; +0110
	.byte	0x0e, 0x06, 0x00, 0x00, 0x7f, 0x7f, 0x00, 0x00, 0x7f, 0x7f, 0x00, 0x00, 0x60, 0x70, 0x38, 0x1c	; +0120
	.byte	0x0e, 0x0e, 0x1c, 0x38, 0x70, 0x60, 0x3e, 0x7f, 0x63, 0x03, 0x0f, 0x1e, 0x18, 0x00, 0x18, 0x18	; +0130
	.byte	0x3e, 0x63, 0x5d, 0x65, 0x65, 0x65, 0x65, 0x5e, 0x60, 0x3e, 0x1c, 0x3e, 0x77, 0x63, 0x63, 0x7f	; +0140
	.byte	0x7f, 0x63, 0x63, 0x63, 0x7e, 0x7f, 0x63, 0x63, 0x7e, 0x7e, 0x63, 0x63, 0x7f, 0x7e, 0x3e, 0x7f	; +0150
	.byte	0x63, 0x60, 0x60, 0x60, 0x60, 0x63, 0x7f, 0x3e, 0x7c, 0x7e, 0x67, 0x63, 0x63, 0x63, 0x63, 0x67	; +0160
	.byte	0x7e, 0x7c, 0x7f, 0x7f, 0x60, 0x60, 0x7e, 0x7e, 0x60, 0x60, 0x7f, 0x7f, 0x7f, 0x7f, 0x60, 0x60	; +0170
	.byte	0x7e, 0x7e, 0x60, 0x60, 0x60, 0x60, 0x3e, 0x7f, 0x63, 0x60, 0x6f, 0x6f, 0x63, 0x63, 0x7f, 0x3f	; +0180
	.byte	0x63, 0x63, 0x63, 0x63, 0x7f, 0x7f, 0x63, 0x63, 0x63, 0x63, 0x1e, 0x1e, 0x0c, 0x0c, 0x0c, 0x0c	; +0190
	.byte	0x0c, 0x0c, 0x1e, 0x1e, 0x0f, 0x0f, 0x06, 0x06, 0x06, 0x06, 0x66, 0x66, 0x7e, 0x3c, 0x63, 0x67	; +01a0
	.byte	0x6e, 0x7c, 0x78, 0x78, 0x7c, 0x6e, 0x67, 0x63, 0x60, 0x60, 0x60, 0x60, 0x60, 0x60, 0x60, 0x60	; +01b0
	.byte	0x7f, 0x7f, 0x41, 0x63, 0x77, 0x7f, 0x7f, 0x6b, 0x63, 0x63, 0x63, 0x63, 0x43, 0x63, 0x73, 0x7b	; +01c0
	.byte	0x7f, 0x7f, 0x6f, 0x67, 0x63, 0x61, 0x3e, 0x7f, 0x63, 0x63, 0x63, 0x63, 0x63, 0x63, 0x7f, 0x3e	; +01d0
	.byte	0x7e, 0x7f, 0x63, 0x63, 0x7f, 0x7e, 0x60, 0x60, 0x60, 0x60, 0x3e, 0x7f, 0x63, 0x63, 0x63, 0x63	; +01e0
	.byte	0x6f, 0x67, 0x7e, 0x3b, 0x7e, 0x7f, 0x63, 0x63, 0x7f, 0x7e, 0x7c, 0x6e, 0x67, 0x63, 0x3e, 0x7f	; +01f0
	.byte	0x63, 0x60, 0x7e, 0x3f, 0x03, 0x63, 0x7f, 0x3e, 0x7e, 0x7e, 0x18, 0x18, 0x18, 0x18, 0x18, 0x18	; +0200
	.byte	0x18, 0x18, 0x63, 0x63, 0x63, 0x63, 0x63, 0x63, 0x63, 0x63, 0x7f, 0x3e, 0x63, 0x63, 0x63, 0x63	; +0210
	.byte	0x63, 0x63, 0x77, 0x3e, 0x1c, 0x08, 0x63, 0x63, 0x63, 0x6b, 0x6b, 0x7f, 0x7f, 0x77, 0x77, 0x22	; +0220
	.byte	0x63, 0x63, 0x77, 0x3e, 0x1c, 0x1c, 0x3e, 0x77, 0x63, 0x63, 0x66, 0x66, 0x66, 0x66, 0x7e, 0x3c	; +0230
	.byte	0x18, 0x18, 0x18, 0x18, 0x7f, 0x7f, 0x03, 0x07, 0x0e, 0x1c, 0x38, 0x70, 0x7f, 0x7f, 0x3c, 0x30	; +0240
	.byte	0x30, 0x30, 0x30, 0x30, 0x30, 0x30, 0x30, 0x3c, 0x00, 0x40, 0x60, 0x30, 0x18, 0x0c, 0x06, 0x03	; +0250
	.byte	0x01, 0x00, 0x1e, 0x06, 0x06, 0x06, 0x06, 0x06, 0x06, 0x06, 0x06, 0x1e, 0x10, 0x38, 0x6c, 0x00	; +0260
	.byte	0x00, 0x00, 0x00, 0x00, 0x00, 0x00, 0x00, 0x00, 0x00, 0x00, 0x00, 0x00, 0x00, 0x00, 0x7f, 0x7f	; +0270
	.byte	0x60, 0x60, 0x40, 0x00, 0x00, 0x00, 0x00, 0x00, 0x00, 0x00, 0x00, 0x00, 0x3e, 0x3f, 0x03, 0x3f	; +0280
	.byte	0x7f, 0x63, 0x7f, 0x3f, 0x60, 0x60, 0x60, 0x7e, 0x7f, 0x63, 0x63, 0x63, 0x7f, 0x7e, 0x00, 0x00	; +0290
	.byte	0x3e, 0x7f, 0x63, 0x60, 0x60, 0x63, 0x7f, 0x3e, 0x03, 0x03, 0x03, 0x3f, 0x7f, 0x63, 0x63, 0x63	; +02a0
	.byte	0x7f, 0x3f, 0x00, 0x00, 0x3e, 0x7f, 0x63, 0x7f, 0x7f, 0x60, 0x7e, 0x3e, 0x0e, 0x1e, 0x18, 0x7e	; +02b0
	.byte	0x7e, 0x18, 0x18, 0x18, 0x18, 0x18, 0x00, 0x3f, 0x7f, 0x63, 0x63, 0x7f, 0x3f, 0x03, 0x3f, 0x3e	; +02c0
	.byte	0x60, 0x60, 0x60, 0x7e, 0x7f, 0x63, 0x63, 0x63, 0x63, 0x63, 0x0c, 0x0c, 0x00, 0x0c, 0x0c, 0x0c	; +02d0
	.byte	0x0c, 0x0c, 0x0c, 0x0c, 0x06, 0x06, 0x00, 0x0e, 0x0e, 0x06, 0x06, 0x66, 0x7e, 0x3c, 0x60, 0x60	; +02e0
	.byte	0x63, 0x67, 0x6e, 0x7c, 0x7c, 0x6e, 0x67, 0x63, 0x0c, 0x0c, 0x0c, 0x0c, 0x0c, 0x0c, 0x0c, 0x0c	; +02f0
	.byte	0x0e, 0x06, 0x00, 0x00, 0x7e, 0x7f, 0x6b, 0x6b, 0x6b, 0x6b, 0x6b, 0x6b, 0x00, 0x00, 0x7e, 0x7f	; +0300
	.byte	0x63, 0x63, 0x63, 0x63, 0x63, 0x63, 0x00, 0x00, 0x3e, 0x7f, 0x63, 0x63, 0x63, 0x63, 0x7f, 0x3e	; +0310
	.byte	0x00, 0x00, 0x7e, 0x7f, 0x63, 0x63, 0x7f, 0x7e, 0x60, 0x60, 0x00, 0x00, 0x3f, 0x7f, 0x63, 0x63	; +0320
	.byte	0x7f, 0x3f, 0x03, 0x03, 0x00, 0x00, 0x6e, 0x7f, 0x73, 0x60, 0x60, 0x60, 0x60, 0x60, 0x00, 0x00	; +0330
	.byte	0x3f, 0x7f, 0x60, 0x7e, 0x3f, 0x03, 0x7f, 0x7e, 0x18, 0x18, 0x7e, 0x7e, 0x18, 0x18, 0x18, 0x18	; +0340
	.byte	0x1c, 0x0c, 0x00, 0x00, 0x63, 0x63, 0x63, 0x63, 0x63, 0x63, 0x7f, 0x3f, 0x00, 0x00, 0x63, 0x63	; +0350
	.byte	0x63, 0x63, 0x77, 0x3e, 0x1c, 0x08, 0x00, 0x00, 0x63, 0x63, 0x6b, 0x6b, 0x7f, 0x77, 0x77, 0x22	; +0360
	.byte	0x00, 0x00, 0x63, 0x77, 0x3e, 0x1c, 0x1c, 0x3e, 0x77, 0x63, 0x00, 0x00, 0x63, 0x63, 0x63, 0x77	; +0370
	.byte	0x3e, 0x1c, 0x38, 0x70, 0x00, 0x00, 0x7f, 0x7f, 0x06, 0x0c, 0x18, 0x30, 0x7f, 0x7f, 0x00, 0x08	; +0380
	.byte	0x10, 0x10, 0x10, 0x20, 0x10, 0x10, 0x10, 0x08, 0x18, 0x18, 0x18, 0x18, 0x18, 0x18, 0x18, 0x18	; +0390
	.byte	0x18, 0x18, 0x00, 0x10, 0x08, 0x08, 0x08, 0x04, 0x08, 0x08, 0x08, 0x10, 0x3b, 0x6e, 0x00, 0x00	; +03a0
	.byte	0x00, 0x00, 0x00, 0x00, 0x00, 0x00, 0x02, 0x06, 0x0e, 0x1e, 0x3e, 0x3e, 0x1e, 0x0e, 0x06, 0x02	; +03b0
	.byte	0x20, 0x30, 0x38, 0x3c, 0x3e, 0x3e, 0x3c, 0x38, 0x30, 0x20, 0x00, 0x00, 0x00, 0xff, 0xff, 0x7e	; +03c0
	.byte	0x3c, 0x18, 0x00, 0x00, 0x00, 0x00, 0x00, 0x00, 0x00, 0x00, 0x30, 0x30, 0x10, 0x20, 0x0e, 0x1e	; +03d0
	.byte	0x18, 0x7e, 0x7e, 0x18, 0x18, 0x30, 0x70, 0x60, 0x00, 0x00, 0x00, 0x00, 0x00, 0x00, 0x36, 0x36	; +03e0
	.byte	0x12, 0x24, 0x00, 0x00, 0x00, 0x18, 0x3c, 0x7e, 0xff, 0xff, 0x00, 0x00, 0x02, 0x06, 0x0a, 0x12	; +03f0
	.byte	0x22, 0x22, 0x12, 0x0a, 0x06, 0x02, 0x20, 0x30, 0x28, 0x24, 0x22, 0x22, 0x24, 0x28, 0x30, 0x20	; +0400
	.byte	0x00, 0x00, 0x00, 0xff, 0x81, 0x42, 0x24, 0x18, 0x00, 0x00, 0x00, 0x00, 0x00, 0x18, 0x24, 0x42	; +0410
	.byte	0x81, 0xff, 0x00, 0x00, 0x3e, 0x7f, 0x63, 0x60, 0x7e, 0x3f, 0x03, 0x63, 0x7f, 0x3e, 0x00, 0x00	; +0420
	.byte	0x00, 0x20, 0x60, 0xff, 0x60, 0x20, 0x00, 0x00, 0x37, 0x6f, 0x6c, 0x6c, 0x6f, 0x6f, 0x6c, 0x6c	; +0430
	.byte	0x6f, 0x37, 0x00, 0x00, 0x00, 0x04, 0x06, 0xff, 0x06, 0x04, 0x00, 0x00, 0x08, 0x08, 0x08, 0x08	; +0440
	.byte	0x08, 0x08, 0x08, 0x3e, 0x1c, 0x08, 0x08, 0x1c, 0x3e, 0x08, 0x08, 0x08, 0x08, 0x08, 0x08, 0x08	; +0450
	.byte	0x00, 0x00, 0x10, 0x30, 0x5f, 0x81, 0x5f, 0x30, 0x10, 0x00, 0x10, 0x20, 0x30, 0x30, 0x00, 0x00	; +0460
	.byte	0x00, 0x00, 0x00, 0x00, 0x30, 0x30, 0x10, 0x20, 0x00, 0x00, 0x00, 0x00, 0x00, 0x00, 0x12, 0x24	; +0470
	.byte	0x36, 0x36, 0x00, 0x00, 0x00, 0x00, 0x00, 0x00, 0x36, 0x36, 0x12, 0x24, 0x00, 0x00, 0x00, 0x00	; +0480
	.byte	0x00, 0x00, 0x00, 0x00, 0x08, 0x0c, 0xfa, 0x81, 0xfa, 0x0c, 0x08, 0x00, 0x00, 0x1c, 0x14, 0x14	; +0490
	.byte	0x14, 0x77, 0x22, 0x14, 0x08, 0x00, 0x00, 0x08, 0x14, 0x22, 0x77, 0x14, 0x14, 0x14, 0x1c, 0x00	; +04a0
	.byte	0x00, 0x00, 0x00, 0xc3, 0xe7, 0x7e, 0x3c, 0x18, 0x00, 0x00, 0xf1, 0x5b, 0x55, 0x51, 0x00, 0x00	; +04b0
	.byte	0x00, 0x00, 0x00, 0x00, 0x36, 0x1c, 0x3f, 0x7f, 0x60, 0x7e, 0x3f, 0x03, 0x7f, 0x7e, 0x00, 0x00	; +04c0
	.byte	0x00, 0x18, 0x3c, 0x7e, 0xe7, 0xc3, 0x00, 0x00, 0x00, 0x00, 0x36, 0x6d, 0x6d, 0x6f, 0x6c, 0x6c	; +04d0
	.byte	0x6f, 0x36, 0x00, 0x00, 0x1c, 0x22, 0x41, 0x41, 0x41, 0x22, 0x1c, 0x00, 0x04, 0x14, 0x16, 0x1c	; +04e0
	.byte	0x34, 0x16, 0x1c, 0x34, 0x14, 0x10, 0x66, 0x66, 0x66, 0x66, 0x7e, 0x3c, 0x18, 0x18, 0x18, 0x18	; +04f0
	.byte	0x20, 0x20, 0x20, 0x28, 0x34, 0x24, 0x24, 0x28, 0x30, 0x20, 0x00, 0x00, 0x00, 0x00, 0x3e, 0x6f	; +0500
	.byte	0xc7, 0xe3, 0xf6, 0x7c, 0x03, 0x02, 0x3e, 0x7f, 0x67, 0x68, 0x68, 0x73, 0x7f, 0x3e, 0x1c, 0x3c	; +0510
	.byte	0x30, 0x30, 0x7c, 0x7c, 0x30, 0x33, 0x7f, 0x7e, 0x18, 0x98, 0x58, 0x24, 0x34, 0x4a, 0x5b, 0x99	; +0520
	.byte	0xff, 0xff, 0x66, 0x66, 0x24, 0x3c, 0x18, 0x7e, 0x18, 0x7e, 0x18, 0x18, 0x08, 0x08, 0x08, 0x08	; +0530
	.byte	0x08, 0x78, 0x88, 0x88, 0x88, 0x70, 0x1c, 0x24, 0x20, 0x10, 0x28, 0x44, 0x42, 0x22, 0x14, 0x08	; +0540
	.byte	0x08, 0x08, 0x08, 0x08, 0x08, 0x08, 0x7b, 0xfb, 0xf8, 0x70, 0x3e, 0x63, 0x5d, 0x55, 0x51, 0x51	; +0550
	.byte	0x55, 0x5d, 0x63, 0x3e, 0x08, 0x08, 0x08, 0x08, 0x08, 0x08, 0x78, 0xf8, 0xf8, 0x70, 0x08, 0x0c	; +0560
	.byte	0x0e, 0x0f, 0x0b, 0x09, 0x79, 0xfa, 0xf8, 0x70, 0x08, 0x0c, 0x0e, 0x0b, 0x0d, 0x0f, 0x7b, 0xf9	; +0570
	.byte	0xf9, 0x72, 0x08, 0x0c, 0x0e, 0x0b, 0x0d, 0x0f, 0x7b, 0xfd, 0xff, 0x73, 0x3e, 0x63, 0x5d, 0x55	; +0580
	.byte	0x55, 0x5d, 0x59, 0x55, 0x63, 0x3e, 0x00, 0x00, 0x00, 0x00, 0x00, 0x7e, 0x3c, 0x3c, 0x00, 0x00	; +0590
	.byte	0x00, 0x00, 0x00, 0x00, 0x00, 0x3c, 0x3c, 0x7e, 0x00, 0x00, 0x18, 0x18, 0x7e, 0x7e, 0x18, 0x18	; +05a0
	.byte	0x00, 0x7e, 0x7e, 0x00, 0x08, 0x04, 0x0e, 0x1f, 0x3e, 0x7c, 0x38, 0x18, 0x08, 0x3c, 0x01, 0x33	; +05b0
	.byte	0x77, 0x3a, 0x02, 0x06, 0x04, 0x0c, 0x0c, 0x0c, 0x19, 0x3b, 0x1d, 0x03, 0x33, 0x76, 0x3a, 0x02	; +05c0
	.byte	0x06, 0x0c, 0x66, 0x66, 0x66, 0x66, 0x6e, 0x7e, 0x7e, 0x77, 0x67, 0x60, 0x19, 0x3b, 0x1c, 0x03	; +05d0
	.byte	0x33, 0x76, 0x3a, 0x06, 0x64, 0xec, 0x00, 0x00, 0x00, 0x00, 0x18, 0x18, 0x00, 0x00, 0x00, 0x00	; +05e0
	.byte	0x00, 0x00, 0x00, 0x3c, 0x66, 0x06, 0x1c, 0x06, 0x66, 0x3c, 0x00, 0x1c, 0x3e, 0x73, 0x61, 0x61	; +05f0
	.byte	0x73, 0x3e, 0x1c, 0x00, 0x00, 0x38, 0x7c, 0xce, 0x86, 0x86, 0xce, 0x7c, 0x38, 0x00, 0x06, 0x0e	; +0600
	.byte	0x0e, 0x06, 0x76, 0x76, 0x06, 0x06, 0x0f, 0x0f, 0x1e, 0x3f, 0x33, 0x03, 0xe7, 0xee, 0x1c, 0x38	; +0610
	.byte	0x3f, 0x3f, 0x01, 0x03, 0x03, 0x07, 0x7f, 0x1f, 0x0f, 0x0f, 0x1e, 0x1c, 0x00, 0x80, 0x80, 0xc0	; +0620
	.byte	0xfc, 0xf0, 0xe0, 0xe0, 0xf0, 0x70, 0x0c, 0x0c, 0x00, 0x0c, 0x3c, 0x78, 0x60, 0x63, 0x7f, 0x3e	; +0630
	.byte	0x7f, 0x41, 0x41, 0x41, 0x41, 0x41, 0x41, 0x41, 0x41, 0x7f, 0x7f, 0x41, 0x41, 0x41, 0x41, 0x41	; +0640
	.byte	0x41, 0x41, 0x41, 0x7f, 0x7f, 0x41, 0x41, 0x41, 0x41, 0x41, 0x41, 0x41, 0x41, 0x7f, 0x7f, 0x41	; +0650
	.byte	0x41, 0x41, 0x41, 0x41, 0x41, 0x41, 0x41, 0x7f, 0x7f, 0x41, 0x41, 0x41, 0x41, 0x41, 0x41, 0x41	; +0660
	.byte	0x41, 0x7f, 0x7f, 0x41, 0x41, 0x41, 0x41, 0x41, 0x41, 0x41, 0x41, 0x7f, 0x7f, 0x41, 0x41, 0x41	; +0670
	.byte	0x41, 0x41, 0x41, 0x41, 0x41, 0x7f, 0x7f, 0x41, 0x41, 0x41, 0x41, 0x41, 0x41, 0x41, 0x41, 0x7f	; +0680
	.byte	0x7f, 0x41, 0x41, 0x41, 0x41, 0x41, 0x41, 0x41, 0x41, 0x7f, 0x7f, 0x41, 0x41, 0x41, 0x41, 0x41	; +0690
	.byte	0x41, 0x41, 0x41, 0x7f, 0x7f, 0x41, 0x41, 0x41, 0x41, 0x41, 0x41, 0x41, 0x41, 0x7f, 0x7f, 0x41	; +06a0
	.byte	0x41, 0x41, 0x41, 0x41, 0x41, 0x41, 0x41, 0x7f, 0x7f, 0x41, 0x41, 0x41, 0x41, 0x41, 0x41, 0x41	; +06b0
	.byte	0x41, 0x7f, 0x7f, 0x41, 0x41, 0x41, 0x41, 0x41, 0x41, 0x41, 0x41, 0x7f, 0x7f, 0x41, 0x41, 0x41	; +06c0
	.byte	0x41, 0x41, 0x41, 0x41, 0x41, 0x7f, 0x7f, 0x41, 0x41, 0x41, 0x41, 0x41, 0x41, 0x41, 0x41, 0x7f	; +06d0
	.byte	0x7f, 0x41, 0x41, 0x41, 0x41, 0x41, 0x41, 0x41, 0x41, 0x7f, 0x7f, 0x41, 0x41, 0x41, 0x41, 0x41	; +06e0
	.byte	0x41, 0x41, 0x41, 0x7f, 0x7f, 0x41, 0x41, 0x41, 0x41, 0x41, 0x41, 0x41, 0x41, 0x7f, 0x7f, 0x41	; +06f0
	.byte	0x41, 0x41, 0x41, 0x41, 0x41, 0x41, 0x41, 0x7f, 0x7f, 0x41, 0x41, 0x41, 0x41, 0x41, 0x41, 0x41	; +0700
	.byte	0x41, 0x7f, 0x7f, 0x41, 0x41, 0x41, 0x41, 0x41, 0x41, 0x41, 0x41, 0x7f, 0x7f, 0x41, 0x41, 0x41	; +0710
	.byte	0x41, 0x41, 0x41, 0x41, 0x41, 0x7f, 0x00, 0x00, 0x41, 0x22, 0x14, 0x08, 0x14, 0x22, 0x41, 0x00	; +0720
	.byte	0x7f, 0x41, 0x41, 0x41, 0x41, 0x41, 0x41, 0x41, 0x41, 0x7f, 0x7f, 0x41, 0x41, 0x41, 0x41, 0x41	; +0730
	.byte	0x41, 0x41, 0x41, 0x7f, 0x7f, 0x41, 0x41, 0x41, 0x41, 0x41, 0x41, 0x41, 0x41, 0x7f, 0x7f, 0x41	; +0740
	.byte	0x41, 0x41, 0x41, 0x41, 0x41, 0x41, 0x41, 0x7f, 0x7f, 0x41, 0x41, 0x41, 0x41, 0x41, 0x41, 0x41	; +0750
	.byte	0x41, 0x7f, 0x7f, 0x41, 0x41, 0x41, 0x41, 0x41, 0x41, 0x41, 0x41, 0x7f, 0x7f, 0x41, 0x41, 0x41	; +0760
	.byte	0x41, 0x41, 0x41, 0x41, 0x41, 0x7f, 0x7f, 0x41, 0x41, 0x41, 0x41, 0x41, 0x41, 0x41, 0x41, 0x7f	; +0770
	.byte	0x7f, 0x41, 0x41, 0x41, 0x41, 0x41, 0x41, 0x41, 0x41, 0x7f, 0x7f, 0x41, 0x41, 0x41, 0x41, 0x41	; +0780
	.byte	0x41, 0x41, 0x41, 0x7f, 0x7f, 0x41, 0x41, 0x41, 0x41, 0x41, 0x41, 0x41, 0x41, 0x7f, 0x7f, 0x41	; +0790
	.byte	0x41, 0x41, 0x41, 0x41, 0x41, 0x41, 0x41, 0x7f, 0x7f, 0x41, 0x41, 0x41, 0x41, 0x41, 0x41, 0x41	; +07a0
	.byte	0x41, 0x7f, 0x7f, 0x41, 0x41, 0x41, 0x41, 0x41, 0x41, 0x41, 0x41, 0x7f, 0x7f, 0x41, 0x41, 0x41	; +07b0
	.byte	0x41, 0x41, 0x41, 0x41, 0x41, 0x7f, 0x7f, 0x41, 0x41, 0x41, 0x41, 0x41, 0x41, 0x41, 0x41, 0x7f	; +07c0
	.byte	0x7f, 0x41, 0x41, 0x41, 0x41, 0x41, 0x41, 0x41, 0x41, 0x7f, 0x7f, 0x41, 0x41, 0x41, 0x41, 0x41	; +07d0
	.byte	0x41, 0x41, 0x41, 0x7f, 0x7f, 0x41, 0x41, 0x41, 0x41, 0x41, 0x41, 0x41, 0x41, 0x7f, 0x7f, 0x41	; +07e0
	.byte	0x41, 0x41, 0x41, 0x41, 0x41, 0x41, 0x41, 0x7f, 0x7f, 0x41, 0x41, 0x41, 0x41, 0x41, 0x41, 0x41	; +07f0
	.byte	0x41, 0x7f, 0x7f, 0x41, 0x41, 0x41, 0x41, 0x41, 0x41, 0x41, 0x41, 0x7f, 0x7f, 0x41, 0x41, 0x41	; +0800
	.byte	0x41, 0x41, 0x41, 0x41, 0x41, 0x7f, 0x7f, 0x41, 0x41, 0x41, 0x41, 0x41, 0x41, 0x41, 0x41, 0x7f	; +0810
	.byte	0x7f, 0x41, 0x41, 0x41, 0x41, 0x41, 0x41, 0x41, 0x41, 0x7f, 0x7f, 0x41, 0x41, 0x41, 0x41, 0x41	; +0820
	.byte	0x41, 0x41, 0x41, 0x7f, 0x7f, 0x41, 0x41, 0x41, 0x41, 0x41, 0x41, 0x41, 0x41, 0x7f, 0x7f, 0x41	; +0830
	.byte	0x41, 0x41, 0x41, 0x41, 0x41, 0x41, 0x41, 0x7f, 0x7f, 0x41, 0x41, 0x41, 0x41, 0x41, 0x41, 0x41	; +0840
	.byte	0x41, 0x7f, 0x7f, 0x41, 0x41, 0x41, 0x41, 0x41, 0x41, 0x41, 0x41, 0x7f, 0x7f, 0x41, 0x41, 0x41	; +0850
	.byte	0x41, 0x41, 0x41, 0x41, 0x41, 0x7f, 0x00, 0x18, 0x18, 0x00, 0x7e, 0x7e, 0x00, 0x18, 0x18, 0x00	; +0860
	.byte	0x7f, 0x41, 0x41, 0x41, 0x41, 0x41, 0x41, 0x41, 0x41, 0x7f, 0x7f, 0x41, 0x41, 0x41, 0x41, 0x41	; +0870
	.byte	0x41, 0x41, 0x41, 0x7f, 0x7f, 0x41, 0x41, 0x41, 0x41, 0x41, 0x41, 0x41, 0x41, 0x7f, 0x7f, 0x41	; +0880
	.byte	0x41, 0x41, 0x41, 0x41, 0x41, 0x41, 0x41, 0x7f, 0x7f, 0x41, 0x41, 0x41, 0x41, 0x41, 0x41, 0x41	; +0890
	.byte	0x41, 0x7f, 0x7f, 0x41, 0x41, 0x41, 0x41, 0x41, 0x41, 0x41, 0x41, 0x7f, 0x7f, 0x41, 0x41, 0x41	; +08a0
	.byte	0x41, 0x41, 0x41, 0x41, 0x41, 0x7f, 0x7f, 0x41, 0x41, 0x41, 0x41, 0x41, 0x41, 0x41, 0x41, 0x7f	; +08b0
Font7_Glyphs:	; 224 x 16 B (8x16)
	.byte	0x00, 0x00, 0x00, 0x00, 0x00, 0x00, 0x00, 0x00, 0x00, 0x00, 0x00, 0x00, 0x00, 0x00, 0x00, 0x00	; +0000
	.byte	0x00, 0x00, 0x18, 0x18, 0x18, 0x18, 0x18, 0x18, 0x18, 0x00, 0x18, 0x18, 0x00, 0x00, 0x00, 0x00	; +0010
	.byte	0x00, 0x00, 0x6c, 0x6c, 0x24, 0x00, 0x00, 0x00, 0x00, 0x00, 0x00, 0x00, 0x00, 0x00, 0x00, 0x00	; +0020
	.byte	0x00, 0x00, 0x36, 0x36, 0x7f, 0x7f, 0x36, 0x36, 0x7f, 0x7f, 0x36, 0x36, 0x00, 0x00, 0x00, 0x00	; +0030
	.byte	0x00, 0x08, 0x3e, 0x7f, 0x6b, 0x68, 0x7e, 0x3f, 0x0b, 0x6b, 0x7f, 0x3e, 0x08, 0x00, 0x00, 0x00	; +0040
	.byte	0x00, 0x00, 0x00, 0x71, 0x53, 0x76, 0x0c, 0x18, 0x37, 0x65, 0x47, 0x00, 0x00, 0x00, 0x00, 0x00	; +0050
	.byte	0x00, 0x00, 0x1c, 0x36, 0x36, 0x3c, 0x18, 0x3d, 0x6f, 0x66, 0x6f, 0x3b, 0x00, 0x00, 0x00, 0x00	; +0060
	.byte	0x00, 0x00, 0x30, 0x30, 0x10, 0x00, 0x00, 0x00, 0x00, 0x00, 0x00, 0x00, 0x00, 0x00, 0x00, 0x00	; +0070
	.byte	0x00, 0x00, 0x0c, 0x18, 0x30, 0x30, 0x30, 0x30, 0x30, 0x30, 0x18, 0x0c, 0x00, 0x00, 0x00, 0x00	; +0080
	.byte	0x00, 0x00, 0x18, 0x0c, 0x06, 0x06, 0x06, 0x06, 0x06, 0x06, 0x0c, 0x18, 0x00, 0x00, 0x00, 0x00	; +0090
	.byte	0x00, 0x00, 0x00, 0x00, 0x08, 0x2a, 0x1c, 0x08, 0x1c, 0x2a, 0x08, 0x00, 0x00, 0x00, 0x00, 0x00	; +00a0
	.byte	0x00, 0x00, 0x00, 0x00, 0x18, 0x18, 0x7e, 0x7e, 0x18, 0x18, 0x00, 0x00, 0x00, 0x00, 0x00, 0x00	; +00b0
	.byte	0x00, 0x00, 0x00, 0x00, 0x00, 0x00, 0x00, 0x00, 0x00, 0x00, 0x30, 0x30, 0x10, 0x20, 0x00, 0x00	; +00c0
	.byte	0x00, 0x00, 0x00, 0x00, 0x00, 0x00, 0x7f, 0x7f, 0x00, 0x00, 0x00, 0x00, 0x00, 0x00, 0x00, 0x00	; +00d0
	.byte	0x00, 0x00, 0x00, 0x00, 0x00, 0x00, 0x00, 0x00, 0x00, 0x00, 0x30, 0x30, 0x00, 0x00, 0x00, 0x00	; +00e0
	.byte	0x00, 0x00, 0x00, 0x01, 0x03, 0x06, 0x0c, 0x18, 0x30, 0x60, 0x40, 0x00, 0x00, 0x00, 0x00, 0x00	; +00f0
	.byte	0x00, 0x00, 0x3e, 0x7f, 0x63, 0x63, 0x63, 0x63, 0x63, 0x63, 0x7f, 0x3e, 0x00, 0x00, 0x00, 0x00	; +0100
	.byte	0x00, 0x00, 0x18, 0x38, 0x38, 0x18, 0x18, 0x18, 0x18, 0x18, 0x3c, 0x3c, 0x00, 0x00, 0x00, 0x00	; +0110
	.byte	0x00, 0x00, 0x3e, 0x7f, 0x63, 0x03, 0x07, 0x0e, 0x1c, 0x38, 0x7f, 0x7f, 0x00, 0x00, 0x00, 0x00	; +0120
	.byte	0x00, 0x00, 0x3e, 0x7f, 0x63, 0x03, 0x0e, 0x0e, 0x03, 0x63, 0x7f, 0x3e, 0x00, 0x00, 0x00, 0x00	; +0130
	.byte	0x00, 0x00, 0x06, 0x0e, 0x1e, 0x1e, 0x36, 0x36, 0x7f, 0x7f, 0x06, 0x06, 0x00, 0x00, 0x00, 0x00	; +0140
	.byte	0x00, 0x00, 0x7f, 0x7f, 0x60, 0x60, 0x7e, 0x7f, 0x03, 0x63, 0x7f, 0x3e, 0x00, 0x00, 0x00, 0x00	; +0150
	.byte	0x00, 0x00, 0x3e, 0x7f, 0x63, 0x60, 0x7e, 0x7f, 0x63, 0x63, 0x7f, 0x3e, 0x00, 0x00, 0x00, 0x00	; +0160
	.byte	0x00, 0x00, 0x7f, 0x7f, 0x03, 0x07, 0x0e, 0x0c, 0x1c, 0x18, 0x18, 0x18, 0x00, 0x00, 0x00, 0x00	; +0170
	.byte	0x00, 0x00, 0x3e, 0x7f, 0x63, 0x63, 0x3e, 0x3e, 0x63, 0x63, 0x7f, 0x3e, 0x00, 0x00, 0x00, 0x00	; +0180
	.byte	0x00, 0x00, 0x3e, 0x7f, 0x63, 0x63, 0x7f, 0x3f, 0x03, 0x63, 0x7f, 0x3e, 0x00, 0x00, 0x00, 0x00	; +0190
	.byte	0x00, 0x00, 0x00, 0x00, 0x18, 0x18, 0x00, 0x00, 0x18, 0x18, 0x00, 0x00, 0x00, 0x00, 0x00, 0x00	; +01a0
	.byte	0x00, 0x00, 0x00, 0x00, 0x18, 0x18, 0x00, 0x00, 0x18, 0x18, 0x08, 0x10, 0x00, 0x00, 0x00, 0x00	; +01b0
	.byte	0x00, 0x00, 0x06, 0x0e, 0x1c, 0x38, 0x70, 0x70, 0x38, 0x1c, 0x0e, 0x06, 0x00, 0x00, 0x00, 0x00	; +01c0
	.byte	0x00, 0x00, 0x00, 0x00, 0x7f, 0x7f, 0x00, 0x00, 0x7f, 0x7f, 0x00, 0x00, 0x00, 0x00, 0x00, 0x00	; +01d0
	.byte	0x00, 0x00, 0x60, 0x70, 0x38, 0x1c, 0x0e, 0x0e, 0x1c, 0x38, 0x70, 0x60, 0x00, 0x00, 0x00, 0x00	; +01e0
	.byte	0x00, 0x00, 0x3e, 0x7f, 0x63, 0x03, 0x0f, 0x1e, 0x18, 0x00, 0x18, 0x18, 0x00, 0x00, 0x00, 0x00	; +01f0
	.byte	0x00, 0x00, 0x3e, 0x63, 0x5d, 0x65, 0x65, 0x65, 0x65, 0x5e, 0x60, 0x3e, 0x00, 0x00, 0x00, 0x00	; +0200
	.byte	0x00, 0x00, 0x1c, 0x3e, 0x77, 0x63, 0x63, 0x7f, 0x7f, 0x63, 0x63, 0x63, 0x00, 0x00, 0x00, 0x00	; +0210
	.byte	0x00, 0x00, 0x7e, 0x7f, 0x63, 0x63, 0x7e, 0x7e, 0x63, 0x63, 0x7f, 0x7e, 0x00, 0x00, 0x00, 0x00	; +0220
	.byte	0x00, 0x00, 0x3e, 0x7f, 0x63, 0x60, 0x60, 0x60, 0x60, 0x63, 0x7f, 0x3e, 0x00, 0x00, 0x00, 0x00	; +0230
	.byte	0x00, 0x00, 0x7c, 0x7e, 0x67, 0x63, 0x63, 0x63, 0x63, 0x67, 0x7e, 0x7c, 0x00, 0x00, 0x00, 0x00	; +0240
	.byte	0x00, 0x00, 0x7f, 0x7f, 0x60, 0x60, 0x7e, 0x7e, 0x60, 0x60, 0x7f, 0x7f, 0x00, 0x00, 0x00, 0x00	; +0250
	.byte	0x00, 0x00, 0x7f, 0x7f, 0x60, 0x60, 0x7e, 0x7e, 0x60, 0x60, 0x60, 0x60, 0x00, 0x00, 0x00, 0x00	; +0260
	.byte	0x00, 0x00, 0x3e, 0x7f, 0x63, 0x60, 0x6f, 0x6f, 0x63, 0x63, 0x7f, 0x3f, 0x00, 0x00, 0x00, 0x00	; +0270
	.byte	0x00, 0x00, 0x63, 0x63, 0x63, 0x63, 0x7f, 0x7f, 0x63, 0x63, 0x63, 0x63, 0x00, 0x00, 0x00, 0x00	; +0280
	.byte	0x00, 0x00, 0x1e, 0x1e, 0x0c, 0x0c, 0x0c, 0x0c, 0x0c, 0x0c, 0x1e, 0x1e, 0x00, 0x00, 0x00, 0x00	; +0290
	.byte	0x00, 0x00, 0x0f, 0x0f, 0x06, 0x06, 0x06, 0x06, 0x66, 0x66, 0x7e, 0x3c, 0x00, 0x00, 0x00, 0x00	; +02a0
	.byte	0x00, 0x00, 0x63, 0x67, 0x6e, 0x7c, 0x78, 0x78, 0x7c, 0x6e, 0x67, 0x63, 0x00, 0x00, 0x00, 0x00	; +02b0
	.byte	0x00, 0x00, 0x60, 0x60, 0x60, 0x60, 0x60, 0x60, 0x60, 0x60, 0x7f, 0x7f, 0x00, 0x00, 0x00, 0x00	; +02c0
	.byte	0x00, 0x00, 0x41, 0x63, 0x77, 0x7f, 0x7f, 0x6b, 0x63, 0x63, 0x63, 0x63, 0x00, 0x00, 0x00, 0x00	; +02d0
	.byte	0x00, 0x00, 0x43, 0x63, 0x73, 0x7b, 0x7f, 0x7f, 0x6f, 0x67, 0x63, 0x61, 0x00, 0x00, 0x00, 0x00	; +02e0
	.byte	0x00, 0x00, 0x3e, 0x7f, 0x63, 0x63, 0x63, 0x63, 0x63, 0x63, 0x7f, 0x3e, 0x00, 0x00, 0x00, 0x00	; +02f0
	.byte	0x00, 0x00, 0x7e, 0x7f, 0x63, 0x63, 0x7f, 0x7e, 0x60, 0x60, 0x60, 0x60, 0x00, 0x00, 0x00, 0x00	; +0300
	.byte	0x00, 0x00, 0x3e, 0x7f, 0x63, 0x63, 0x63, 0x63, 0x6f, 0x67, 0x7e, 0x3b, 0x00, 0x00, 0x00, 0x00	; +0310
	.byte	0x00, 0x00, 0x7e, 0x7f, 0x63, 0x63, 0x7f, 0x7e, 0x7c, 0x6e, 0x67, 0x63, 0x00, 0x00, 0x00, 0x00	; +0320
	.byte	0x00, 0x00, 0x3e, 0x7f, 0x63, 0x60, 0x7e, 0x3f, 0x03, 0x63, 0x7f, 0x3e, 0x00, 0x00, 0x00, 0x00	; +0330
	.byte	0x00, 0x00, 0x7e, 0x7e, 0x18, 0x18, 0x18, 0x18, 0x18, 0x18, 0x18, 0x18, 0x00, 0x00, 0x00, 0x00	; +0340
	.byte	0x00, 0x00, 0x63, 0x63, 0x63, 0x63, 0x63, 0x63, 0x63, 0x63, 0x7f, 0x3e, 0x00, 0x00, 0x00, 0x00	; +0350
	.byte	0x00, 0x00, 0x63, 0x63, 0x63, 0x63, 0x63, 0x63, 0x77, 0x3e, 0x1c, 0x08, 0x00, 0x00, 0x00, 0x00	; +0360
	.byte	0x00, 0x00, 0x63, 0x63, 0x63, 0x6b, 0x6b, 0x7f, 0x7f, 0x77, 0x77, 0x22, 0x00, 0x00, 0x00, 0x00	; +0370
	.byte	0x00, 0x00, 0x63, 0x63, 0x77, 0x3e, 0x1c, 0x1c, 0x3e, 0x77, 0x63, 0x63, 0x00, 0x00, 0x00, 0x00	; +0380
	.byte	0x00, 0x00, 0x66, 0x66, 0x66, 0x66, 0x7e, 0x3c, 0x18, 0x18, 0x18, 0x18, 0x00, 0x00, 0x00, 0x00	; +0390
	.byte	0x00, 0x00, 0x7f, 0x7f, 0x03, 0x07, 0x0e, 0x1c, 0x38, 0x70, 0x7f, 0x7f, 0x00, 0x00, 0x00, 0x00	; +03a0
	.byte	0x00, 0x00, 0x3c, 0x30, 0x30, 0x30, 0x30, 0x30, 0x30, 0x30, 0x30, 0x3c, 0x00, 0x00, 0x00, 0x00	; +03b0
	.byte	0x00, 0x00, 0x00, 0x40, 0x60, 0x30, 0x18, 0x0c, 0x06, 0x03, 0x01, 0x00, 0x00, 0x00, 0x00, 0x00	; +03c0
	.byte	0x00, 0x00, 0x1e, 0x06, 0x06, 0x06, 0x06, 0x06, 0x06, 0x06, 0x06, 0x1e, 0x00, 0x00, 0x00, 0x00	; +03d0
	.byte	0x00, 0x00, 0x10, 0x38, 0x6c, 0x00, 0x00, 0x00, 0x00, 0x00, 0x00, 0x00, 0x00, 0x00, 0x00, 0x00	; +03e0
	.byte	0x00, 0x00, 0x00, 0x00, 0x00, 0x00, 0x00, 0x00, 0x00, 0x00, 0x7f, 0x7f, 0x00, 0x00, 0x00, 0x00	; +03f0
	.byte	0x00, 0x00, 0x60, 0x60, 0x40, 0x00, 0x00, 0x00, 0x00, 0x00, 0x00, 0x00, 0x00, 0x00, 0x00, 0x00	; +0400
	.byte	0x00, 0x00, 0x00, 0x00, 0x3e, 0x3f, 0x03, 0x3f, 0x7f, 0x63, 0x7f, 0x3f, 0x00, 0x00, 0x00, 0x00	; +0410
	.byte	0x00, 0x00, 0x60, 0x60, 0x60, 0x7e, 0x7f, 0x63, 0x63, 0x63, 0x7f, 0x7e, 0x00, 0x00, 0x00, 0x00	; +0420
	.byte	0x00, 0x00, 0x00, 0x00, 0x3e, 0x7f, 0x63, 0x60, 0x60, 0x63, 0x7f, 0x3e, 0x00, 0x00, 0x00, 0x00	; +0430
	.byte	0x00, 0x00, 0x03, 0x03, 0x03, 0x3f, 0x7f, 0x63, 0x63, 0x63, 0x7f, 0x3f, 0x00, 0x00, 0x00, 0x00	; +0440
	.byte	0x00, 0x00, 0x00, 0x00, 0x3e, 0x7f, 0x63, 0x7f, 0x7f, 0x60, 0x7e, 0x3e, 0x00, 0x00, 0x00, 0x00	; +0450
	.byte	0x00, 0x00, 0x0e, 0x1e, 0x18, 0x7e, 0x7e, 0x18, 0x18, 0x18, 0x18, 0x18, 0x00, 0x00, 0x00, 0x00	; +0460
	.byte	0x00, 0x00, 0x00, 0x00, 0x3f, 0x7f, 0x63, 0x63, 0x63, 0x63, 0x7f, 0x3f, 0x03, 0x3f, 0x3e, 0x00	; +0470
	.byte	0x00, 0x00, 0x60, 0x60, 0x60, 0x7e, 0x7f, 0x63, 0x63, 0x63, 0x63, 0x63, 0x00, 0x00, 0x00, 0x00	; +0480
	.byte	0x00, 0x00, 0x0c, 0x0c, 0x00, 0x0c, 0x0c, 0x0c, 0x0c, 0x0c, 0x0c, 0x0c, 0x00, 0x00, 0x00, 0x00	; +0490
	.byte	0x00, 0x00, 0x06, 0x06, 0x00, 0x0e, 0x0e, 0x06, 0x06, 0x06, 0x06, 0x06, 0x66, 0x7e, 0x3c, 0x00	; +04a0
	.byte	0x00, 0x00, 0x60, 0x60, 0x63, 0x67, 0x6e, 0x7c, 0x7c, 0x6e, 0x67, 0x63, 0x00, 0x00, 0x00, 0x00	; +04b0
	.byte	0x00, 0x00, 0x0c, 0x0c, 0x0c, 0x0c, 0x0c, 0x0c, 0x0c, 0x0c, 0x0e, 0x06, 0x00, 0x00, 0x00, 0x00	; +04c0
	.byte	0x00, 0x00, 0x00, 0x00, 0x7e, 0x7f, 0x6b, 0x6b, 0x6b, 0x6b, 0x6b, 0x6b, 0x00, 0x00, 0x00, 0x00	; +04d0
	.byte	0x00, 0x00, 0x00, 0x00, 0x7e, 0x7f, 0x63, 0x63, 0x63, 0x63, 0x63, 0x63, 0x00, 0x00, 0x00, 0x00	; +04e0
	.byte	0x00, 0x00, 0x00, 0x00, 0x3e, 0x7f, 0x63, 0x63, 0x63, 0x63, 0x7f, 0x3e, 0x00, 0x00, 0x00, 0x00	; +04f0
	.byte	0x00, 0x00, 0x00, 0x00, 0x7e, 0x7f, 0x63, 0x63, 0x63, 0x63, 0x7f, 0x7e, 0x60, 0x60, 0x60, 0x00	; +0500
	.byte	0x00, 0x00, 0x00, 0x00, 0x3f, 0x7f, 0x63, 0x63, 0x63, 0x63, 0x7f, 0x3f, 0x03, 0x03, 0x03, 0x00	; +0510
	.byte	0x00, 0x00, 0x00, 0x00, 0x6e, 0x7f, 0x73, 0x60, 0x60, 0x60, 0x60, 0x60, 0x00, 0x00, 0x00, 0x00	; +0520
	.byte	0x00, 0x00, 0x00, 0x00, 0x3f, 0x7f, 0x60, 0x7e, 0x3f, 0x03, 0x7f, 0x7e, 0x00, 0x00, 0x00, 0x00	; +0530
	.byte	0x00, 0x00, 0x18, 0x18, 0x7e, 0x7e, 0x18, 0x18, 0x18, 0x18, 0x1c, 0x0c, 0x00, 0x00, 0x00, 0x00	; +0540
	.byte	0x00, 0x00, 0x00, 0x00, 0x63, 0x63, 0x63, 0x63, 0x63, 0x63, 0x7f, 0x3f, 0x00, 0x00, 0x00, 0x00	; +0550
	.byte	0x00, 0x00, 0x00, 0x00, 0x63, 0x63, 0x63, 0x63, 0x77, 0x3e, 0x1c, 0x08, 0x00, 0x00, 0x00, 0x00	; +0560
	.byte	0x00, 0x00, 0x00, 0x00, 0x63, 0x63, 0x6b, 0x6b, 0x7f, 0x77, 0x77, 0x22, 0x00, 0x00, 0x00, 0x00	; +0570
	.byte	0x00, 0x00, 0x00, 0x00, 0x63, 0x77, 0x3e, 0x1c, 0x1c, 0x3e, 0x77, 0x63, 0x00, 0x00, 0x00, 0x00	; +0580
	.byte	0x00, 0x00, 0x00, 0x00, 0x63, 0x63, 0x63, 0x63, 0x63, 0x63, 0x77, 0x3e, 0x1c, 0x38, 0x70, 0x00	; +0590
	.byte	0x00, 0x00, 0x00, 0x00, 0x7f, 0x7f, 0x06, 0x0c, 0x18, 0x30, 0x7f, 0x7f, 0x00, 0x00, 0x00, 0x00	; +05a0
	.byte	0x00, 0x00, 0x08, 0x10, 0x10, 0x10, 0x10, 0x20, 0x10, 0x10, 0x10, 0x10, 0x08, 0x00, 0x00, 0x00	; +05b0
	.byte	0x00, 0x00, 0x18, 0x18, 0x18, 0x18, 0x18, 0x18, 0x18, 0x18, 0x18, 0x18, 0x00, 0x00, 0x00, 0x00	; +05c0
	.byte	0x00, 0x00, 0x10, 0x08, 0x08, 0x08, 0x08, 0x04, 0x08, 0x08, 0x08, 0x08, 0x10, 0x00, 0x00, 0x00	; +05d0
	.byte	0x00, 0x00, 0x3b, 0x6e, 0x00, 0x00, 0x00, 0x00, 0x00, 0x00, 0x00, 0x00, 0x00, 0x00, 0x00, 0x00	; +05e0
	.byte	0x7f, 0x41, 0x41, 0x41, 0x41, 0x41, 0x41, 0x41, 0x41, 0x41, 0x41, 0x7f, 0x00, 0x00, 0x00, 0x00	; +05f0
	.byte	0x7f, 0x41, 0x41, 0x41, 0x41, 0x41, 0x41, 0x41, 0x41, 0x41, 0x41, 0x7f, 0x00, 0x00, 0x00, 0x00	; +0600
	.byte	0x7f, 0x41, 0x41, 0x41, 0x41, 0x41, 0x41, 0x41, 0x41, 0x41, 0x41, 0x7f, 0x00, 0x00, 0x00, 0x00	; +0610
	.byte	0x00, 0x00, 0x00, 0x00, 0x00, 0x00, 0x00, 0x00, 0x00, 0x00, 0x30, 0x30, 0x10, 0x20, 0x00, 0x00	; +0620
	.byte	0x00, 0x0e, 0x1e, 0x18, 0x18, 0x7e, 0x7e, 0x18, 0x30, 0x30, 0x30, 0x30, 0x70, 0x60, 0x60, 0x00	; +0630
	.byte	0x00, 0x00, 0x00, 0x00, 0x00, 0x00, 0x00, 0x00, 0x00, 0x00, 0x36, 0x36, 0x12, 0x24, 0x00, 0x00	; +0640
	.byte	0x00, 0x00, 0x00, 0x00, 0x00, 0x00, 0x00, 0x00, 0x00, 0x00, 0x33, 0x33, 0x00, 0x00, 0x00, 0x00	; +0650
	.byte	0x00, 0x00, 0x18, 0x18, 0x7e, 0x7e, 0x18, 0x18, 0x18, 0x18, 0x18, 0x18, 0x00, 0x00, 0x00, 0x00	; +0660
	.byte	0x00, 0x00, 0x18, 0x18, 0x7e, 0x7e, 0x18, 0x18, 0x7e, 0x7e, 0x18, 0x18, 0x00, 0x00, 0x00, 0x00	; +0670
	.byte	0x00, 0x00, 0x18, 0x24, 0x00, 0x00, 0x00, 0x00, 0x00, 0x00, 0x00, 0x00, 0x00, 0x00, 0x00, 0x00	; +0680
	.byte	0x00, 0x00, 0x20, 0x50, 0x52, 0x24, 0x08, 0x10, 0x2a, 0x55, 0x15, 0x0a, 0x00, 0x00, 0x00, 0x00	; +0690
	.byte	0x36, 0x1c, 0x3e, 0x7f, 0x63, 0x60, 0x7e, 0x3f, 0x03, 0x63, 0x7f, 0x3e, 0x00, 0x00, 0x00, 0x00	; +06a0
	.byte	0x00, 0x00, 0x00, 0x00, 0x00, 0x00, 0x08, 0x10, 0x10, 0x20, 0x10, 0x10, 0x08, 0x00, 0x00, 0x00	; +06b0
	.byte	0x00, 0x00, 0x37, 0x6f, 0x6c, 0x6c, 0x6f, 0x6f, 0x6c, 0x6c, 0x6f, 0x37, 0x00, 0x00, 0x00, 0x00	; +06c0
	.byte	0x7f, 0x41, 0x41, 0x41, 0x41, 0x41, 0x41, 0x41, 0x41, 0x41, 0x41, 0x7f, 0x00, 0x00, 0x00, 0x00	; +06d0
	.byte	0x7f, 0x41, 0x41, 0x41, 0x41, 0x41, 0x41, 0x41, 0x41, 0x41, 0x41, 0x7f, 0x00, 0x00, 0x00, 0x00	; +06e0
	.byte	0x7f, 0x41, 0x41, 0x41, 0x41, 0x41, 0x41, 0x41, 0x41, 0x41, 0x41, 0x7f, 0x00, 0x00, 0x00, 0x00	; +06f0
	.byte	0x7f, 0x41, 0x41, 0x41, 0x41, 0x41, 0x41, 0x41, 0x41, 0x41, 0x41, 0x7f, 0x00, 0x00, 0x00, 0x00	; +0700
	.byte	0x00, 0x00, 0x10, 0x20, 0x30, 0x30, 0x00, 0x00, 0x00, 0x00, 0x00, 0x00, 0x00, 0x00, 0x00, 0x00	; +0710
	.byte	0x00, 0x00, 0x30, 0x30, 0x10, 0x20, 0x00, 0x00, 0x00, 0x00, 0x00, 0x00, 0x00, 0x00, 0x00, 0x00	; +0720
	.byte	0x00, 0x00, 0x12, 0x24, 0x36, 0x36, 0x00, 0x00, 0x00, 0x00, 0x00, 0x00, 0x00, 0x00, 0x00, 0x00	; +0730
	.byte	0x00, 0x00, 0x36, 0x36, 0x12, 0x24, 0x00, 0x00, 0x00, 0x00, 0x00, 0x00, 0x00, 0x00, 0x00, 0x00	; +0740
	.byte	0x00, 0x00, 0x00, 0x00, 0x00, 0x18, 0x3c, 0x3c, 0x18, 0x00, 0x00, 0x00, 0x00, 0x00, 0x00, 0x00	; +0750
	.byte	0x00, 0x00, 0x00, 0x00, 0x00, 0x00, 0x00, 0x00, 0x00, 0x00, 0x7f, 0x7f, 0x00, 0x00, 0x00, 0x00	; +0760
	.byte	0x00, 0x00, 0x00, 0x00, 0x00, 0x00, 0x00, 0x00, 0x00, 0x00, 0x7f, 0x7f, 0x00, 0x00, 0x00, 0x00	; +0770
	.byte	0x00, 0x00, 0x34, 0x5c, 0x00, 0x00, 0x00, 0x00, 0x00, 0x00, 0x00, 0x00, 0x00, 0x00, 0x00, 0x00	; +0780
	.byte	0x00, 0x00, 0xf1, 0x5b, 0x55, 0x51, 0x00, 0x00, 0x00, 0x00, 0x00, 0x00, 0x00, 0x00, 0x00, 0x00	; +0790
	.byte	0x00, 0x36, 0x1c, 0x00, 0x3f, 0x7f, 0x60, 0x7e, 0x3f, 0x03, 0x7f, 0x7e, 0x00, 0x00, 0x00, 0x00	; +07a0
	.byte	0x00, 0x00, 0x00, 0x00, 0x00, 0x00, 0x10, 0x08, 0x08, 0x04, 0x08, 0x08, 0x10, 0x00, 0x00, 0x00	; +07b0
	.byte	0x00, 0x00, 0x00, 0x00, 0x36, 0x6d, 0x6d, 0x6f, 0x6c, 0x6c, 0x6f, 0x36, 0x00, 0x00, 0x00, 0x00	; +07c0
	.byte	0x7f, 0x41, 0x41, 0x41, 0x41, 0x41, 0x41, 0x41, 0x41, 0x41, 0x41, 0x7f, 0x00, 0x00, 0x00, 0x00	; +07d0
	.byte	0x7f, 0x41, 0x41, 0x41, 0x41, 0x41, 0x41, 0x41, 0x41, 0x41, 0x41, 0x7f, 0x00, 0x00, 0x00, 0x00	; +07e0
	.byte	0x66, 0x66, 0x00, 0x66, 0x66, 0x66, 0x7e, 0x3c, 0x18, 0x18, 0x18, 0x18, 0x00, 0x00, 0x00, 0x00	; +07f0
	.byte	0x00, 0x00, 0x00, 0x00, 0x00, 0x00, 0x00, 0x00, 0x00, 0x00, 0x00, 0x00, 0x00, 0x00, 0x00, 0x00	; +0800
	.byte	0x00, 0x00, 0x0c, 0x0c, 0x00, 0x0c, 0x0c, 0x0c, 0x0c, 0x0c, 0x0c, 0x0c, 0x00, 0x00, 0x00, 0x00	; +0810
	.byte	0x00, 0x01, 0x03, 0x02, 0x3e, 0x7f, 0x67, 0x68, 0x68, 0x73, 0x7f, 0x3e, 0x20, 0x60, 0x40, 0x00	; +0820
	.byte	0x00, 0x00, 0x1c, 0x3c, 0x30, 0x30, 0x7c, 0x7c, 0x30, 0x33, 0x7f, 0x7e, 0x00, 0x00, 0x00, 0x00	; +0830
	.byte	0x00, 0x00, 0x00, 0x00, 0x00, 0x14, 0x3e, 0x63, 0x22, 0x63, 0x3e, 0x14, 0x00, 0x00, 0x00, 0x00	; +0840
	.byte	0x00, 0x00, 0x66, 0x66, 0x24, 0x3c, 0x18, 0x7e, 0x18, 0x7e, 0x18, 0x18, 0x18, 0x00, 0x00, 0x00	; +0850
	.byte	0x00, 0x18, 0x18, 0x18, 0x18, 0x18, 0x18, 0x00, 0x00, 0x18, 0x18, 0x18, 0x18, 0x18, 0x18, 0x00	; +0860
	.byte	0x00, 0x00, 0x1c, 0x24, 0x20, 0x10, 0x28, 0x44, 0x42, 0x22, 0x14, 0x08, 0x04, 0x24, 0x38, 0x00	; +0870
	.byte	0x00, 0x00, 0x6c, 0x6c, 0x00, 0x00, 0x00, 0x00, 0x00, 0x00, 0x00, 0x00, 0x00, 0x00, 0x00, 0x00	; +0880
	.byte	0x00, 0x00, 0x3e, 0x63, 0x5d, 0x55, 0x51, 0x51, 0x55, 0x5d, 0x63, 0x3e, 0x00, 0x00, 0x00, 0x00	; +0890
	.byte	0x00, 0x00, 0x70, 0x10, 0x70, 0x50, 0x70, 0x00, 0x00, 0x00, 0x00, 0x00, 0x00, 0x00, 0x00, 0x00	; +08a0
	.byte	0x00, 0x00, 0x00, 0x00, 0x00, 0x00, 0x12, 0x24, 0x24, 0x48, 0x24, 0x24, 0x12, 0x00, 0x00, 0x00	; +08b0
	.byte	0x00, 0x00, 0x00, 0x00, 0x00, 0x00, 0x00, 0x7e, 0x7e, 0x06, 0x06, 0x06, 0x00, 0x00, 0x00, 0x00	; +08c0
	.byte	0x00, 0x00, 0x00, 0x00, 0x00, 0x00, 0x00, 0x00, 0x3c, 0x3c, 0x00, 0x00, 0x00, 0x00, 0x00, 0x00	; +08d0
	.byte	0x00, 0x00, 0x3e, 0x63, 0x5d, 0x55, 0x55, 0x5d, 0x59, 0x55, 0x63, 0x3e, 0x00, 0x00, 0x00, 0x00	; +08e0
	.byte	0x00, 0x00, 0x7f, 0x7f, 0x00, 0x00, 0x00, 0x00, 0x00, 0x00, 0x00, 0x00, 0x00, 0x00, 0x00, 0x00	; +08f0
	.byte	0x00, 0x30, 0x48, 0x48, 0x30, 0x00, 0x00, 0x00, 0x00, 0x00, 0x00, 0x00, 0x00, 0x00, 0x00, 0x00	; +0900
	.byte	0x00, 0x00, 0x18, 0x18, 0x7e, 0x7e, 0x18, 0x18, 0x00, 0x7e, 0x7e, 0x00, 0x00, 0x00, 0x00, 0x00	; +0910
	.byte	0x00, 0x30, 0x48, 0x08, 0x10, 0x20, 0x78, 0x00, 0x00, 0x00, 0x00, 0x00, 0x00, 0x00, 0x00, 0x00	; +0920
	.byte	0x00, 0x30, 0x48, 0x10, 0x08, 0x48, 0x30, 0x00, 0x00, 0x00, 0x00, 0x00, 0x00, 0x00, 0x00, 0x00	; +0930
	.byte	0x00, 0x18, 0x30, 0x00, 0x00, 0x00, 0x00, 0x00, 0x00, 0x00, 0x00, 0x00, 0x00, 0x00, 0x00, 0x00	; +0940
	.byte	0x00, 0x00, 0x66, 0x66, 0x66, 0x66, 0x66, 0x66, 0x6e, 0x7e, 0x7f, 0x77, 0x60, 0x60, 0x60, 0x00	; +0950
	.byte	0x00, 0x00, 0x7f, 0xff, 0xf6, 0x76, 0x36, 0x36, 0x36, 0x36, 0x36, 0x36, 0x36, 0x36, 0x36, 0x00	; +0960
	.byte	0x00, 0x00, 0x00, 0x00, 0x00, 0x00, 0x18, 0x18, 0x00, 0x00, 0x00, 0x00, 0x00, 0x00, 0x00, 0x00	; +0970
	.byte	0x00, 0x00, 0x00, 0x00, 0x00, 0x00, 0x00, 0x00, 0x00, 0x00, 0x00, 0x1c, 0x08, 0x30, 0x00, 0x00	; +0980
	.byte	0x00, 0x20, 0x60, 0x20, 0x20, 0x20, 0x70, 0x00, 0x00, 0x00, 0x00, 0x00, 0x00, 0x00, 0x00, 0x00	; +0990
	.byte	0x00, 0x30, 0x48, 0x48, 0x48, 0x48, 0x30, 0x00, 0x00, 0x00, 0x00, 0x00, 0x00, 0x00, 0x00, 0x00	; +09a0
	.byte	0x00, 0x00, 0x00, 0x00, 0x00, 0x00, 0x48, 0x24, 0x24, 0x12, 0x24, 0x24, 0x48, 0x00, 0x00, 0x00	; +09b0
	.byte	0x00, 0x00, 0x20, 0x60, 0x22, 0x24, 0x29, 0x13, 0x25, 0x45, 0x07, 0x01, 0x00, 0x00, 0x00, 0x00	; +09c0
	.byte	0x00, 0x00, 0x20, 0x60, 0x22, 0x24, 0x28, 0x12, 0x25, 0x41, 0x02, 0x07, 0x00, 0x00, 0x00, 0x00	; +09d0
	.byte	0x00, 0x00, 0x60, 0x10, 0x32, 0x14, 0x69, 0x13, 0x25, 0x45, 0x07, 0x01, 0x00, 0x00, 0x00, 0x00	; +09e0
	.byte	0x00, 0x00, 0x00, 0x00, 0x0c, 0x0c, 0x00, 0x0c, 0x0c, 0x3c, 0x78, 0x60, 0x63, 0x7f, 0x3e, 0x00	; +09f0
	.byte	0x18, 0x0c, 0x1c, 0x3e, 0x77, 0x63, 0x63, 0x7f, 0x7f, 0x63, 0x63, 0x63, 0x00, 0x00, 0x00, 0x00	; +0a00
	.byte	0x0c, 0x18, 0x1c, 0x3e, 0x77, 0x63, 0x63, 0x7f, 0x7f, 0x63, 0x63, 0x63, 0x00, 0x00, 0x00, 0x00	; +0a10
	.byte	0x1c, 0x22, 0x1c, 0x3e, 0x77, 0x63, 0x63, 0x7f, 0x7f, 0x63, 0x63, 0x63, 0x00, 0x00, 0x00, 0x00	; +0a20
	.byte	0x3b, 0x6e, 0x1c, 0x3e, 0x77, 0x63, 0x63, 0x7f, 0x7f, 0x63, 0x63, 0x63, 0x00, 0x00, 0x00, 0x00	; +0a30
	.byte	0x36, 0x36, 0x1c, 0x3e, 0x77, 0x63, 0x63, 0x7f, 0x7f, 0x63, 0x63, 0x63, 0x00, 0x00, 0x00, 0x00	; +0a40
	.byte	0x1c, 0x14, 0x1c, 0x3e, 0x77, 0x63, 0x63, 0x7f, 0x7f, 0x63, 0x63, 0x63, 0x00, 0x00, 0x00, 0x00	; +0a50
	.byte	0x00, 0x00, 0x37, 0x7f, 0x6c, 0x6c, 0x7f, 0x7f, 0x6c, 0x6c, 0x6f, 0x67, 0x00, 0x00, 0x00, 0x00	; +0a60
	.byte	0x00, 0x00, 0x3e, 0x7f, 0x63, 0x60, 0x60, 0x60, 0x60, 0x63, 0x7f, 0x3e, 0x0c, 0x06, 0x1e, 0x00	; +0a70
	.byte	0x18, 0x0c, 0x7f, 0x7f, 0x60, 0x60, 0x7e, 0x7e, 0x60, 0x60, 0x7f, 0x7f, 0x00, 0x00, 0x00, 0x00	; +0a80
	.byte	0x0c, 0x18, 0x7f, 0x7f, 0x60, 0x60, 0x7e, 0x7e, 0x60, 0x60, 0x7f, 0x7f, 0x00, 0x00, 0x00, 0x00	; +0a90
	.byte	0x1c, 0x22, 0x7f, 0x7f, 0x60, 0x60, 0x7e, 0x7e, 0x60, 0x60, 0x7f, 0x7f, 0x00, 0x00, 0x00, 0x00	; +0aa0
	.byte	0x36, 0x36, 0x7f, 0x7f, 0x60, 0x60, 0x7e, 0x7e, 0x60, 0x60, 0x7f, 0x7f, 0x00, 0x00, 0x00, 0x00	; +0ab0
	.byte	0x18, 0x0c, 0x1e, 0x1e, 0x0c, 0x0c, 0x0c, 0x0c, 0x0c, 0x0c, 0x1e, 0x1e, 0x00, 0x00, 0x00, 0x00	; +0ac0
	.byte	0x06, 0x0c, 0x1e, 0x1e, 0x0c, 0x0c, 0x0c, 0x0c, 0x0c, 0x0c, 0x1e, 0x1e, 0x00, 0x00, 0x00, 0x00	; +0ad0
	.byte	0x0c, 0x12, 0x1e, 0x1e, 0x0c, 0x0c, 0x0c, 0x0c, 0x0c, 0x0c, 0x1e, 0x1e, 0x00, 0x00, 0x00, 0x00	; +0ae0
	.byte	0x33, 0x33, 0x1e, 0x1e, 0x0c, 0x0c, 0x0c, 0x0c, 0x0c, 0x0c, 0x1e, 0x1e, 0x00, 0x00, 0x00, 0x00	; +0af0
	.byte	0x00, 0x00, 0x7c, 0x7e, 0x67, 0x63, 0xfb, 0xfb, 0x63, 0x67, 0x7e, 0x7c, 0x00, 0x00, 0x00, 0x00	; +0b00
	.byte	0x3b, 0x6e, 0x43, 0x63, 0x73, 0x7b, 0x7f, 0x7f, 0x6f, 0x67, 0x63, 0x61, 0x00, 0x00, 0x00, 0x00	; +0b10
	.byte	0x18, 0x0c, 0x3e, 0x7f, 0x63, 0x63, 0x63, 0x63, 0x63, 0x63, 0x7f, 0x3e, 0x00, 0x00, 0x00, 0x00	; +0b20
	.byte	0x0c, 0x18, 0x3e, 0x7f, 0x63, 0x63, 0x63, 0x63, 0x63, 0x63, 0x7f, 0x3e, 0x00, 0x00, 0x00, 0x00	; +0b30
	.byte	0x1c, 0x22, 0x3e, 0x7f, 0x63, 0x63, 0x63, 0x63, 0x63, 0x63, 0x7f, 0x3e, 0x00, 0x00, 0x00, 0x00	; +0b40
	.byte	0x3b, 0x6e, 0x3e, 0x7f, 0x63, 0x63, 0x63, 0x63, 0x63, 0x63, 0x7f, 0x3e, 0x00, 0x00, 0x00, 0x00	; +0b50
	.byte	0x36, 0x36, 0x3e, 0x7f, 0x63, 0x63, 0x63, 0x63, 0x63, 0x63, 0x7f, 0x3e, 0x00, 0x00, 0x00, 0x00	; +0b60
	.byte	0x00, 0x00, 0x00, 0x00, 0x41, 0x22, 0x14, 0x08, 0x14, 0x22, 0x41, 0x00, 0x00, 0x00, 0x00, 0x00	; +0b70
	.byte	0x01, 0x03, 0x3e, 0x7f, 0x67, 0x6f, 0x6b, 0x6b, 0x7b, 0x73, 0x7f, 0x3e, 0x20, 0x60, 0x40, 0x00	; +0b80
	.byte	0x18, 0x0c, 0x63, 0x63, 0x63, 0x63, 0x63, 0x63, 0x63, 0x63, 0x7f, 0x3e, 0x00, 0x00, 0x00, 0x00	; +0b90
	.byte	0x0c, 0x18, 0x63, 0x63, 0x63, 0x63, 0x63, 0x63, 0x63, 0x63, 0x7f, 0x3e, 0x00, 0x00, 0x00, 0x00	; +0ba0
	.byte	0x1c, 0x22, 0x63, 0x63, 0x63, 0x63, 0x63, 0x63, 0x63, 0x63, 0x7f, 0x3e, 0x00, 0x00, 0x00, 0x00	; +0bb0
	.byte	0x36, 0x36, 0x63, 0x63, 0x63, 0x63, 0x63, 0x63, 0x63, 0x63, 0x7f, 0x3e, 0x00, 0x00, 0x00, 0x00	; +0bc0
	.byte	0x0c, 0x18, 0x66, 0x66, 0x66, 0x66, 0x7e, 0x3c, 0x18, 0x18, 0x18, 0x18, 0x00, 0x00, 0x00, 0x00	; +0bd0
	.byte	0x00, 0x00, 0x60, 0x7e, 0x7f, 0x63, 0x63, 0x7f, 0x7e, 0x60, 0x60, 0x60, 0x00, 0x00, 0x00, 0x00	; +0be0
	.byte	0x00, 0x00, 0x7e, 0x7f, 0x63, 0x6e, 0x6f, 0x63, 0x63, 0x63, 0x6f, 0x6e, 0x00, 0x00, 0x00, 0x00	; +0bf0
	.byte	0x00, 0x18, 0x0c, 0x00, 0x3e, 0x3f, 0x03, 0x3f, 0x7f, 0x63, 0x7f, 0x3f, 0x00, 0x00, 0x00, 0x00	; +0c00
	.byte	0x00, 0x0c, 0x18, 0x00, 0x3e, 0x3f, 0x03, 0x3f, 0x7f, 0x63, 0x7f, 0x3f, 0x00, 0x00, 0x00, 0x00	; +0c10
	.byte	0x00, 0x1c, 0x22, 0x00, 0x3e, 0x3f, 0x03, 0x3f, 0x7f, 0x63, 0x7f, 0x3f, 0x00, 0x00, 0x00, 0x00	; +0c20
	.byte	0x00, 0x3b, 0x6e, 0x00, 0x3e, 0x3f, 0x03, 0x3f, 0x7f, 0x63, 0x7f, 0x3f, 0x00, 0x00, 0x00, 0x00	; +0c30
	.byte	0x00, 0x36, 0x36, 0x00, 0x3e, 0x3f, 0x03, 0x3f, 0x7f, 0x63, 0x7f, 0x3f, 0x00, 0x00, 0x00, 0x00	; +0c40
	.byte	0x00, 0x1c, 0x14, 0x1c, 0x3e, 0x3f, 0x03, 0x3f, 0x7f, 0x63, 0x7f, 0x3f, 0x00, 0x00, 0x00, 0x00	; +0c50
	.byte	0x00, 0x00, 0x00, 0x00, 0x3e, 0x4d, 0x0d, 0x3f, 0x6c, 0x6c, 0x6f, 0x36, 0x00, 0x00, 0x00, 0x00	; +0c60
	.byte	0x00, 0x00, 0x00, 0x00, 0x3e, 0x7f, 0x63, 0x60, 0x60, 0x63, 0x7f, 0x3e, 0x0c, 0x06, 0x1e, 0x00	; +0c70
	.byte	0x00, 0x18, 0x0c, 0x00, 0x3e, 0x7f, 0x63, 0x7f, 0x7f, 0x60, 0x7e, 0x3e, 0x00, 0x00, 0x00, 0x00	; +0c80
	.byte	0x00, 0x0c, 0x18, 0x00, 0x3e, 0x7f, 0x63, 0x7f, 0x7f, 0x60, 0x7e, 0x3e, 0x00, 0x00, 0x00, 0x00	; +0c90
	.byte	0x00, 0x1c, 0x22, 0x00, 0x3e, 0x7f, 0x63, 0x7f, 0x7f, 0x60, 0x7e, 0x3e, 0x00, 0x00, 0x00, 0x00	; +0ca0
	.byte	0x00, 0x36, 0x36, 0x00, 0x3e, 0x7f, 0x63, 0x7f, 0x7f, 0x60, 0x7e, 0x3e, 0x00, 0x00, 0x00, 0x00	; +0cb0
	.byte	0x00, 0x00, 0x18, 0x0c, 0x00, 0x0c, 0x0c, 0x0c, 0x0c, 0x0c, 0x0c, 0x0c, 0x00, 0x00, 0x00, 0x00	; +0cc0
	.byte	0x00, 0x00, 0x06, 0x0c, 0x00, 0x0c, 0x0c, 0x0c, 0x0c, 0x0c, 0x0c, 0x0c, 0x00, 0x00, 0x00, 0x00	; +0cd0
	.byte	0x00, 0x00, 0x0c, 0x12, 0x00, 0x0c, 0x0c, 0x0c, 0x0c, 0x0c, 0x0c, 0x0c, 0x00, 0x00, 0x00, 0x00	; +0ce0
	.byte	0x00, 0x00, 0x33, 0x33, 0x00, 0x0c, 0x0c, 0x0c, 0x0c, 0x0c, 0x0c, 0x0c, 0x00, 0x00, 0x00, 0x00	; +0cf0
	.byte	0x73, 0x73, 0x1e, 0x7f, 0x73, 0x3f, 0x7f, 0x63, 0x63, 0x63, 0x7f, 0x3f, 0x00, 0x00, 0x00, 0x00	; +0d00
	.byte	0x00, 0x3b, 0x6e, 0x00, 0x7e, 0x7f, 0x63, 0x63, 0x63, 0x63, 0x63, 0x63, 0x00, 0x00, 0x00, 0x00	; +0d10
	.byte	0x00, 0x18, 0x0c, 0x00, 0x3e, 0x7f, 0x63, 0x63, 0x63, 0x63, 0x7f, 0x3e, 0x00, 0x00, 0x00, 0x00	; +0d20
	.byte	0x00, 0x0c, 0x18, 0x00, 0x3e, 0x7f, 0x63, 0x63, 0x63, 0x63, 0x7f, 0x3e, 0x00, 0x00, 0x00, 0x00	; +0d30
	.byte	0x00, 0x1c, 0x22, 0x00, 0x3e, 0x7f, 0x63, 0x63, 0x63, 0x63, 0x7f, 0x3e, 0x00, 0x00, 0x00, 0x00	; +0d40
	.byte	0x00, 0x3b, 0x6e, 0x00, 0x3e, 0x7f, 0x63, 0x63, 0x63, 0x63, 0x7f, 0x3e, 0x00, 0x00, 0x00, 0x00	; +0d50
	.byte	0x00, 0x36, 0x36, 0x00, 0x3e, 0x7f, 0x63, 0x63, 0x63, 0x63, 0x7f, 0x3e, 0x00, 0x00, 0x00, 0x00	; +0d60
	.byte	0x00, 0x00, 0x00, 0x18, 0x18, 0x00, 0x7e, 0x7e, 0x00, 0x18, 0x18, 0x00, 0x00, 0x00, 0x00, 0x00	; +0d70
	.byte	0x00, 0x01, 0x03, 0x02, 0x3e, 0x7f, 0x67, 0x6b, 0x6b, 0x73, 0x7f, 0x3e, 0x20, 0x60, 0x40, 0x00	; +0d80
	.byte	0x00, 0x18, 0x0c, 0x00, 0x63, 0x63, 0x63, 0x63, 0x63, 0x63, 0x7f, 0x3f, 0x00, 0x00, 0x00, 0x00	; +0d90
	.byte	0x00, 0x0c, 0x18, 0x00, 0x63, 0x63, 0x63, 0x63, 0x63, 0x63, 0x7f, 0x3f, 0x00, 0x00, 0x00, 0x00	; +0da0
	.byte	0x00, 0x1c, 0x22, 0x00, 0x63, 0x63, 0x63, 0x63, 0x63, 0x63, 0x7f, 0x3f, 0x00, 0x00, 0x00, 0x00	; +0db0
	.byte	0x00, 0x36, 0x36, 0x00, 0x63, 0x63, 0x63, 0x63, 0x63, 0x63, 0x7f, 0x3f, 0x00, 0x00, 0x00, 0x00	; +0dc0
	.byte	0x00, 0x0c, 0x18, 0x00, 0x63, 0x63, 0x63, 0x63, 0x63, 0x63, 0x77, 0x3e, 0x1c, 0x38, 0x70, 0x00	; +0dd0
	.byte	0x00, 0x00, 0x60, 0x60, 0x7e, 0x7f, 0x63, 0x63, 0x63, 0x63, 0x7f, 0x7e, 0x60, 0x60, 0x60, 0x00	; +0de0
	.byte	0x00, 0x36, 0x36, 0x00, 0x63, 0x63, 0x63, 0x63, 0x63, 0x63, 0x77, 0x3e, 0x1c, 0x38, 0x70, 0x00	; +0df0
Font8_Glyphs:	; 224 x 16 B (8x16)
	.byte	0x00, 0x00, 0x00, 0x00, 0x00, 0x00, 0x00, 0x00, 0x00, 0x00, 0x00, 0x00, 0x00, 0x00, 0x00, 0x00	; +0000
	.byte	0x18, 0x18, 0x18, 0x18, 0x18, 0x18, 0x18, 0x18, 0x00, 0x00, 0x18, 0x18, 0x00, 0x00, 0x00, 0x00	; +0010
	.byte	0x36, 0x36, 0x12, 0x00, 0x00, 0x00, 0x00, 0x00, 0x00, 0x00, 0x00, 0x00, 0x00, 0x00, 0x00, 0x00	; +0020
	.byte	0x36, 0x36, 0x7f, 0x7f, 0x36, 0x36, 0x36, 0x36, 0x7f, 0x7f, 0x36, 0x36, 0x00, 0x00, 0x00, 0x00	; +0030
	.byte	0x3e, 0x7f, 0x6b, 0x68, 0x68, 0x7e, 0x3f, 0x0b, 0x0b, 0x6b, 0x7f, 0x3e, 0x00, 0x00, 0x00, 0x00	; +0040
	.byte	0x63, 0x93, 0x96, 0x64, 0x0c, 0x18, 0x18, 0x30, 0x26, 0x69, 0xc9, 0xc6, 0x00, 0x00, 0x00, 0x00	; +0050
	.byte	0x1c, 0x3e, 0x36, 0x36, 0x3e, 0x1c, 0x3d, 0x6f, 0x67, 0x66, 0x7f, 0x3b, 0x00, 0x00, 0x00, 0x00	; +0060
	.byte	0x30, 0x30, 0x10, 0x00, 0x00, 0x00, 0x00, 0x00, 0x00, 0x00, 0x00, 0x00, 0x00, 0x00, 0x00, 0x00	; +0070
	.byte	0x08, 0x10, 0x20, 0x20, 0x40, 0x40, 0x40, 0x40, 0x20, 0x20, 0x10, 0x08, 0x00, 0x00, 0x00, 0x00	; +0080
	.byte	0x10, 0x08, 0x04, 0x04, 0x02, 0x02, 0x02, 0x02, 0x04, 0x04, 0x08, 0x10, 0x00, 0x00, 0x00, 0x00	; +0090
	.byte	0x00, 0x00, 0x08, 0x49, 0x2a, 0x1c, 0x08, 0x1c, 0x2a, 0x49, 0x08, 0x00, 0x00, 0x00, 0x00, 0x00	; +00a0
	.byte	0x00, 0x00, 0x00, 0x18, 0x18, 0x7e, 0x7e, 0x18, 0x18, 0x00, 0x00, 0x00, 0x00, 0x00, 0x00, 0x00	; +00b0
	.byte	0x00, 0x00, 0x00, 0x00, 0x00, 0x00, 0x00, 0x00, 0x00, 0x00, 0x30, 0x30, 0x10, 0x20, 0x00, 0x00	; +00c0
	.byte	0x00, 0x00, 0x00, 0x00, 0x00, 0x7f, 0x7f, 0x00, 0x00, 0x00, 0x00, 0x00, 0x00, 0x00, 0x00, 0x00	; +00d0
	.byte	0x00, 0x00, 0x00, 0x00, 0x00, 0x00, 0x00, 0x00, 0x00, 0x00, 0x30, 0x30, 0x00, 0x00, 0x00, 0x00	; +00e0
	.byte	0x02, 0x02, 0x04, 0x04, 0x08, 0x08, 0x10, 0x10, 0x20, 0x20, 0x40, 0x40, 0x00, 0x00, 0x00, 0x00	; +00f0
	.byte	0x3e, 0x7f, 0x63, 0x63, 0x63, 0x63, 0x63, 0x63, 0x63, 0x63, 0x7f, 0x3e, 0x00, 0x00, 0x00, 0x00	; +0100
	.byte	0x18, 0x38, 0x38, 0x18, 0x18, 0x18, 0x18, 0x18, 0x18, 0x18, 0x3c, 0x3c, 0x00, 0x00, 0x00, 0x00	; +0110
	.byte	0x3e, 0x7f, 0x63, 0x63, 0x03, 0x07, 0x0e, 0x1c, 0x38, 0x70, 0x7f, 0x7f, 0x00, 0x00, 0x00, 0x00	; +0120
	.byte	0x3e, 0x7f, 0x63, 0x63, 0x03, 0x1e, 0x1e, 0x03, 0x03, 0x63, 0x7f, 0x3e, 0x00, 0x00, 0x00, 0x00	; +0130
	.byte	0x06, 0x0e, 0x0e, 0x1e, 0x1e, 0x36, 0x36, 0x66, 0x7f, 0x7f, 0x06, 0x06, 0x00, 0x00, 0x00, 0x00	; +0140
	.byte	0x7f, 0x7f, 0x60, 0x60, 0x60, 0x7e, 0x7f, 0x03, 0x03, 0x63, 0x7f, 0x3e, 0x00, 0x00, 0x00, 0x00	; +0150
	.byte	0x3e, 0x7f, 0x63, 0x60, 0x60, 0x7e, 0x7f, 0x63, 0x63, 0x63, 0x7f, 0x3e, 0x00, 0x00, 0x00, 0x00	; +0160
	.byte	0x7f, 0x7f, 0x03, 0x03, 0x06, 0x06, 0x0c, 0x0c, 0x18, 0x18, 0x18, 0x18, 0x00, 0x00, 0x00, 0x00	; +0170
	.byte	0x3e, 0x7f, 0x63, 0x63, 0x63, 0x3e, 0x3e, 0x63, 0x63, 0x63, 0x7f, 0x3e, 0x00, 0x00, 0x00, 0x00	; +0180
	.byte	0x3e, 0x7f, 0x63, 0x63, 0x63, 0x7f, 0x3f, 0x03, 0x03, 0x63, 0x7f, 0x3e, 0x00, 0x00, 0x00, 0x00	; +0190
	.byte	0x00, 0x00, 0x18, 0x18, 0x00, 0x00, 0x00, 0x18, 0x18, 0x00, 0x00, 0x00, 0x00, 0x00, 0x00, 0x00	; +01a0
	.byte	0x00, 0x00, 0x18, 0x18, 0x00, 0x00, 0x00, 0x18, 0x18, 0x08, 0x10, 0x00, 0x00, 0x00, 0x00, 0x00	; +01b0
	.byte	0x02, 0x06, 0x0c, 0x18, 0x30, 0x60, 0x60, 0x30, 0x18, 0x0c, 0x06, 0x02, 0x00, 0x00, 0x00, 0x00	; +01c0
	.byte	0x00, 0x00, 0x00, 0x7f, 0x7f, 0x00, 0x00, 0x7f, 0x7f, 0x00, 0x00, 0x00, 0x00, 0x00, 0x00, 0x00	; +01d0
	.byte	0x40, 0x60, 0x30, 0x18, 0x0c, 0x06, 0x06, 0x0c, 0x18, 0x30, 0x60, 0x40, 0x00, 0x00, 0x00, 0x00	; +01e0
	.byte	0x3e, 0x7f, 0x63, 0x63, 0x03, 0x07, 0x0e, 0x1c, 0x18, 0x00, 0x18, 0x18, 0x00, 0x00, 0x00, 0x00	; +01f0
	.byte	0x3e, 0x63, 0x41, 0x5d, 0x65, 0x65, 0x65, 0x65, 0x65, 0x65, 0x5e, 0x40, 0x3e, 0x00, 0x00, 0x00	; +0200
	.byte	0x1c, 0x3e, 0x77, 0x63, 0x63, 0x63, 0x7f, 0x7f, 0x63, 0x63, 0x63, 0x63, 0x00, 0x00, 0x00, 0x00	; +0210
	.byte	0x7e, 0x7f, 0x63, 0x63, 0x63, 0x7e, 0x7e, 0x63, 0x63, 0x63, 0x7f, 0x7e, 0x00, 0x00, 0x00, 0x00	; +0220
	.byte	0x3e, 0x7f, 0x63, 0x63, 0x60, 0x60, 0x60, 0x60, 0x63, 0x63, 0x7f, 0x3e, 0x00, 0x00, 0x00, 0x00	; +0230
	.byte	0x7c, 0x7e, 0x67, 0x63, 0x63, 0x63, 0x63, 0x63, 0x63, 0x67, 0x7e, 0x7c, 0x00, 0x00, 0x00, 0x00	; +0240
	.byte	0x7f, 0x7f, 0x60, 0x60, 0x60, 0x7e, 0x7e, 0x60, 0x60, 0x60, 0x7f, 0x7f, 0x00, 0x00, 0x00, 0x00	; +0250
	.byte	0x7f, 0x7f, 0x60, 0x60, 0x60, 0x7e, 0x7e, 0x60, 0x60, 0x60, 0x60, 0x60, 0x00, 0x00, 0x00, 0x00	; +0260
	.byte	0x3e, 0x7f, 0x63, 0x60, 0x60, 0x6f, 0x6f, 0x63, 0x63, 0x63, 0x7f, 0x3f, 0x00, 0x00, 0x00, 0x00	; +0270
	.byte	0x63, 0x63, 0x63, 0x63, 0x63, 0x7f, 0x7f, 0x63, 0x63, 0x63, 0x63, 0x63, 0x00, 0x00, 0x00, 0x00	; +0280
	.byte	0x1e, 0x1e, 0x0c, 0x0c, 0x0c, 0x0c, 0x0c, 0x0c, 0x0c, 0x0c, 0x1e, 0x1e, 0x00, 0x00, 0x00, 0x00	; +0290
	.byte	0x07, 0x07, 0x03, 0x03, 0x03, 0x03, 0x03, 0x03, 0x63, 0x63, 0x7f, 0x3e, 0x00, 0x00, 0x00, 0x00	; +02a0
	.byte	0x63, 0x67, 0x6e, 0x7c, 0x78, 0x70, 0x70, 0x78, 0x7c, 0x6e, 0x67, 0x63, 0x00, 0x00, 0x00, 0x00	; +02b0
	.byte	0x60, 0x60, 0x60, 0x60, 0x60, 0x60, 0x60, 0x60, 0x60, 0x60, 0x7f, 0x7f, 0x00, 0x00, 0x00, 0x00	; +02c0
	.byte	0x63, 0x77, 0x77, 0x7f, 0x7f, 0x7f, 0x6b, 0x6b, 0x63, 0x63, 0x63, 0x63, 0x00, 0x00, 0x00, 0x00	; +02d0
	.byte	0x63, 0x63, 0x73, 0x73, 0x7b, 0x7b, 0x6f, 0x6f, 0x67, 0x67, 0x63, 0x63, 0x00, 0x00, 0x00, 0x00	; +02e0
	.byte	0x3e, 0x7f, 0x63, 0x63, 0x63, 0x63, 0x63, 0x63, 0x63, 0x63, 0x7f, 0x3e, 0x00, 0x00, 0x00, 0x00	; +02f0
	.byte	0x7e, 0x7f, 0x63, 0x63, 0x63, 0x7f, 0x7e, 0x60, 0x60, 0x60, 0x60, 0x60, 0x00, 0x00, 0x00, 0x00	; +0300
	.byte	0x3e, 0x7f, 0x63, 0x63, 0x63, 0x63, 0x63, 0x63, 0x6f, 0x67, 0x7e, 0x3b, 0x00, 0x00, 0x00, 0x00	; +0310
	.byte	0x7e, 0x7f, 0x63, 0x63, 0x63, 0x7f, 0x7e, 0x78, 0x7c, 0x6e, 0x67, 0x63, 0x00, 0x00, 0x00, 0x00	; +0320
	.byte	0x3e, 0x7f, 0x63, 0x60, 0x60, 0x7e, 0x3f, 0x03, 0x03, 0x63, 0x7f, 0x3e, 0x00, 0x00, 0x00, 0x00	; +0330
	.byte	0x7e, 0x7e, 0x18, 0x18, 0x18, 0x18, 0x18, 0x18, 0x18, 0x18, 0x18, 0x18, 0x00, 0x00, 0x00, 0x00	; +0340
	.byte	0x63, 0x63, 0x63, 0x63, 0x63, 0x63, 0x63, 0x63, 0x63, 0x63, 0x7f, 0x3e, 0x00, 0x00, 0x00, 0x00	; +0350
	.byte	0x63, 0x63, 0x63, 0x63, 0x63, 0x63, 0x63, 0x63, 0x77, 0x3e, 0x1c, 0x08, 0x00, 0x00, 0x00, 0x00	; +0360
	.byte	0x63, 0x63, 0x63, 0x63, 0x6b, 0x6b, 0x6b, 0x7f, 0x7f, 0x77, 0x77, 0x22, 0x00, 0x00, 0x00, 0x00	; +0370
	.byte	0x63, 0x63, 0x77, 0x36, 0x3e, 0x1c, 0x1c, 0x3e, 0x36, 0x77, 0x63, 0x63, 0x00, 0x00, 0x00, 0x00	; +0380
	.byte	0x66, 0x66, 0x66, 0x66, 0x66, 0x7e, 0x3c, 0x18, 0x18, 0x18, 0x18, 0x18, 0x00, 0x00, 0x00, 0x00	; +0390
	.byte	0x7f, 0x7f, 0x03, 0x07, 0x0f, 0x1e, 0x3c, 0x78, 0x70, 0x60, 0x7f, 0x7f, 0x00, 0x00, 0x00, 0x00	; +03a0
	.byte	0x7c, 0x7c, 0x60, 0x60, 0x60, 0x60, 0x60, 0x60, 0x60, 0x60, 0x7c, 0x7c, 0x00, 0x00, 0x00, 0x00	; +03b0
	.byte	0x40, 0x40, 0x20, 0x20, 0x10, 0x10, 0x08, 0x08, 0x04, 0x04, 0x02, 0x02, 0x00, 0x00, 0x00, 0x00	; +03c0
	.byte	0x3e, 0x3e, 0x06, 0x06, 0x06, 0x06, 0x06, 0x06, 0x06, 0x06, 0x3e, 0x3e, 0x00, 0x00, 0x00, 0x00	; +03d0
	.byte	0x0c, 0x1e, 0x3f, 0x33, 0x00, 0x00, 0x00, 0x00, 0x00, 0x00, 0x00, 0x00, 0x00, 0x00, 0x00, 0x00	; +03e0
	.byte	0x00, 0x00, 0x00, 0x00, 0x00, 0x00, 0x00, 0x00, 0x00, 0x00, 0x7f, 0x7f, 0x00, 0x00, 0x00, 0x00	; +03f0
	.byte	0x30, 0x30, 0x20, 0x10, 0x00, 0x00, 0x00, 0x00, 0x00, 0x00, 0x00, 0x00, 0x00, 0x00, 0x00, 0x00	; +0400
	.byte	0x00, 0x00, 0x00, 0x3e, 0x3f, 0x03, 0x3f, 0x7f, 0x63, 0x63, 0x7f, 0x3f, 0x00, 0x00, 0x00, 0x00	; +0410
	.byte	0x60, 0x60, 0x60, 0x7e, 0x7f, 0x63, 0x63, 0x63, 0x63, 0x63, 0x7f, 0x7e, 0x00, 0x00, 0x00, 0x00	; +0420
	.byte	0x00, 0x00, 0x00, 0x3e, 0x7f, 0x63, 0x63, 0x60, 0x60, 0x63, 0x7f, 0x3e, 0x00, 0x00, 0x00, 0x00	; +0430
	.byte	0x03, 0x03, 0x03, 0x3f, 0x7f, 0x63, 0x63, 0x63, 0x63, 0x63, 0x7f, 0x3f, 0x00, 0x00, 0x00, 0x00	; +0440
	.byte	0x00, 0x00, 0x00, 0x3e, 0x7f, 0x63, 0x63, 0x7f, 0x7f, 0x60, 0x7e, 0x3e, 0x00, 0x00, 0x00, 0x00	; +0450
	.byte	0x0e, 0x1f, 0x1b, 0x18, 0x7e, 0x7e, 0x18, 0x18, 0x18, 0x18, 0x18, 0x18, 0x00, 0x00, 0x00, 0x00	; +0460
	.byte	0x00, 0x00, 0x00, 0x3f, 0x7f, 0x63, 0x63, 0x63, 0x63, 0x63, 0x7f, 0x3f, 0x03, 0x3f, 0x3e, 0x00	; +0470
	.byte	0x60, 0x60, 0x60, 0x7e, 0x7f, 0x63, 0x63, 0x63, 0x63, 0x63, 0x63, 0x63, 0x00, 0x00, 0x00, 0x00	; +0480
	.byte	0x0c, 0x0c, 0x00, 0x0c, 0x0c, 0x0c, 0x0c, 0x0c, 0x0c, 0x0c, 0x0c, 0x0c, 0x00, 0x00, 0x00, 0x00	; +0490
	.byte	0x06, 0x06, 0x00, 0x0e, 0x0e, 0x06, 0x06, 0x06, 0x06, 0x06, 0x06, 0x66, 0x66, 0x7e, 0x3c, 0x00	; +04a0
	.byte	0x60, 0x60, 0x60, 0x63, 0x67, 0x6e, 0x7c, 0x78, 0x78, 0x7c, 0x6e, 0x67, 0x00, 0x00, 0x00, 0x00	; +04b0
	.byte	0x0c, 0x0c, 0x0c, 0x0c, 0x0c, 0x0c, 0x0c, 0x0c, 0x0c, 0x0c, 0x0e, 0x06, 0x00, 0x00, 0x00, 0x00	; +04c0
	.byte	0x00, 0x00, 0x00, 0x7e, 0x7f, 0x6b, 0x6b, 0x6b, 0x6b, 0x6b, 0x6b, 0x6b, 0x00, 0x00, 0x00, 0x00	; +04d0
	.byte	0x00, 0x00, 0x00, 0x7e, 0x7f, 0x63, 0x63, 0x63, 0x63, 0x63, 0x63, 0x63, 0x00, 0x00, 0x00, 0x00	; +04e0
	.byte	0x00, 0x00, 0x00, 0x3e, 0x7f, 0x63, 0x63, 0x63, 0x63, 0x63, 0x7f, 0x3e, 0x00, 0x00, 0x00, 0x00	; +04f0
	.byte	0x00, 0x00, 0x00, 0x7e, 0x7f, 0x63, 0x63, 0x63, 0x63, 0x63, 0x7f, 0x7e, 0x60, 0x60, 0x60, 0x00	; +0500
	.byte	0x00, 0x00, 0x00, 0x3f, 0x7f, 0x63, 0x63, 0x63, 0x63, 0x63, 0x7f, 0x3f, 0x03, 0x03, 0x03, 0x00	; +0510
	.byte	0x00, 0x00, 0x00, 0x6e, 0x7f, 0x73, 0x60, 0x60, 0x60, 0x60, 0x60, 0x60, 0x00, 0x00, 0x00, 0x00	; +0520
	.byte	0x00, 0x00, 0x00, 0x3f, 0x7f, 0x60, 0x7e, 0x3f, 0x03, 0x03, 0x7f, 0x7e, 0x00, 0x00, 0x00, 0x00	; +0530
	.byte	0x00, 0x18, 0x18, 0x7e, 0x7e, 0x18, 0x18, 0x18, 0x18, 0x18, 0x1c, 0x0c, 0x00, 0x00, 0x00, 0x00	; +0540
	.byte	0x00, 0x00, 0x00, 0x63, 0x63, 0x63, 0x63, 0x63, 0x63, 0x63, 0x7f, 0x3f, 0x00, 0x00, 0x00, 0x00	; +0550
	.byte	0x00, 0x00, 0x00, 0x63, 0x63, 0x63, 0x63, 0x63, 0x77, 0x3e, 0x1c, 0x08, 0x00, 0x00, 0x00, 0x00	; +0560
	.byte	0x00, 0x00, 0x00, 0x63, 0x63, 0x63, 0x6b, 0x6b, 0x7f, 0x77, 0x77, 0x22, 0x00, 0x00, 0x00, 0x00	; +0570
	.byte	0x00, 0x00, 0x00, 0x63, 0x77, 0x3e, 0x1c, 0x1c, 0x1c, 0x3e, 0x77, 0x63, 0x00, 0x00, 0x00, 0x00	; +0580
	.byte	0x00, 0x00, 0x00, 0x63, 0x63, 0x63, 0x63, 0x63, 0x63, 0x63, 0x77, 0x3e, 0x1c, 0x38, 0x70, 0x00	; +0590
	.byte	0x00, 0x00, 0x00, 0x7f, 0x7f, 0x07, 0x0e, 0x1c, 0x38, 0x70, 0x7f, 0x7f, 0x00, 0x00, 0x00, 0x00	; +05a0
	.byte	0x00, 0x08, 0x10, 0x10, 0x10, 0x10, 0x20, 0x10, 0x10, 0x10, 0x10, 0x08, 0x00, 0x00, 0x00, 0x00	; +05b0
	.byte	0x18, 0x18, 0x18, 0x18, 0x18, 0x18, 0x18, 0x18, 0x18, 0x18, 0x18, 0x18, 0x00, 0x00, 0x00, 0x00	; +05c0
	.byte	0x00, 0x10, 0x08, 0x08, 0x08, 0x08, 0x04, 0x08, 0x08, 0x08, 0x08, 0x10, 0x00, 0x00, 0x00, 0x00	; +05d0
	.byte	0x3b, 0x6e, 0x00, 0x00, 0x00, 0x00, 0x00, 0x00, 0x00, 0x00, 0x00, 0x00, 0x00, 0x00, 0x00, 0x00	; +05e0
	.byte	0x7f, 0x41, 0x41, 0x41, 0x41, 0x41, 0x41, 0x41, 0x41, 0x41, 0x41, 0x7f, 0x00, 0x00, 0x00, 0x00	; +05f0
	.byte	0x7f, 0x41, 0x41, 0x41, 0x41, 0x41, 0x41, 0x41, 0x41, 0x41, 0x41, 0x7f, 0x00, 0x00, 0x00, 0x00	; +0600
	.byte	0x7f, 0x41, 0x41, 0x41, 0x41, 0x41, 0x41, 0x41, 0x41, 0x41, 0x41, 0x7f, 0x00, 0x00, 0x00, 0x00	; +0610
	.byte	0x00, 0x00, 0x00, 0x00, 0x00, 0x00, 0x00, 0x00, 0x00, 0x00, 0x30, 0x30, 0x10, 0x20, 0x00, 0x00	; +0620
	.byte	0x00, 0x0e, 0x1e, 0x18, 0x18, 0x7e, 0x7e, 0x18, 0x30, 0x30, 0x30, 0x30, 0x70, 0x60, 0x60, 0x00	; +0630
	.byte	0x00, 0x00, 0x00, 0x00, 0x00, 0x00, 0x00, 0x00, 0x00, 0x00, 0x36, 0x36, 0x12, 0x24, 0x00, 0x00	; +0640
	.byte	0x00, 0x00, 0x00, 0x00, 0x00, 0x00, 0x00, 0x00, 0x00, 0x00, 0x33, 0x33, 0x00, 0x00, 0x00, 0x00	; +0650
	.byte	0x18, 0x18, 0x18, 0x7e, 0x7e, 0x18, 0x18, 0x18, 0x18, 0x18, 0x18, 0x18, 0x00, 0x00, 0x00, 0x00	; +0660
	.byte	0x18, 0x18, 0x18, 0x7e, 0x7e, 0x18, 0x18, 0x7e, 0x7e, 0x18, 0x18, 0x18, 0x00, 0x00, 0x00, 0x00	; +0670
	.byte	0x18, 0x24, 0x00, 0x00, 0x00, 0x00, 0x00, 0x00, 0x00, 0x00, 0x00, 0x00, 0x00, 0x00, 0x00, 0x00	; +0680
	.byte	0x20, 0x50, 0x50, 0x52, 0x24, 0x08, 0x10, 0x2a, 0x55, 0x15, 0x15, 0x0a, 0x00, 0x00, 0x00, 0x00	; +0690
	.byte	0x36, 0x1c, 0x3e, 0x7f, 0x63, 0x60, 0x7e, 0x3f, 0x03, 0x63, 0x7f, 0x3e, 0x00, 0x00, 0x00, 0x00	; +06a0
	.byte	0x00, 0x00, 0x00, 0x00, 0x00, 0x08, 0x10, 0x10, 0x20, 0x10, 0x10, 0x08, 0x00, 0x00, 0x00, 0x00	; +06b0
	.byte	0x37, 0x6f, 0x6c, 0x6c, 0x6c, 0x6f, 0x6f, 0x6c, 0x6c, 0x6c, 0x6f, 0x37, 0x00, 0x00, 0x00, 0x00	; +06c0
	.byte	0x7f, 0x41, 0x41, 0x41, 0x41, 0x41, 0x41, 0x41, 0x41, 0x41, 0x41, 0x7f, 0x00, 0x00, 0x00, 0x00	; +06d0
	.byte	0x7f, 0x41, 0x41, 0x41, 0x41, 0x41, 0x41, 0x41, 0x41, 0x41, 0x41, 0x7f, 0x00, 0x00, 0x00, 0x00	; +06e0
	.byte	0x7f, 0x41, 0x41, 0x41, 0x41, 0x41, 0x41, 0x41, 0x41, 0x41, 0x41, 0x7f, 0x00, 0x00, 0x00, 0x00	; +06f0
	.byte	0x7f, 0x41, 0x41, 0x41, 0x41, 0x41, 0x41, 0x41, 0x41, 0x41, 0x41, 0x7f, 0x00, 0x00, 0x00, 0x00	; +0700
	.byte	0x10, 0x20, 0x30, 0x30, 0x00, 0x00, 0x00, 0x00, 0x00, 0x00, 0x00, 0x00, 0x00, 0x00, 0x00, 0x00	; +0710
	.byte	0x30, 0x30, 0x10, 0x20, 0x00, 0x00, 0x00, 0x00, 0x00, 0x00, 0x00, 0x00, 0x00, 0x00, 0x00, 0x00	; +0720
	.byte	0x12, 0x24, 0x36, 0x36, 0x00, 0x00, 0x00, 0x00, 0x00, 0x00, 0x00, 0x00, 0x00, 0x00, 0x00, 0x00	; +0730
	.byte	0x36, 0x36, 0x12, 0x24, 0x00, 0x00, 0x00, 0x00, 0x00, 0x00, 0x00, 0x00, 0x00, 0x00, 0x00, 0x00	; +0740
	.byte	0x00, 0x00, 0x00, 0x00, 0x18, 0x3c, 0x3c, 0x18, 0x00, 0x00, 0x00, 0x00, 0x00, 0x00, 0x00, 0x00	; +0750
	.byte	0x00, 0x00, 0x00, 0x00, 0x00, 0x00, 0x00, 0x00, 0x00, 0x00, 0x7f, 0x7f, 0x00, 0x00, 0x00, 0x00	; +0760
	.byte	0x00, 0x00, 0x00, 0x00, 0x00, 0x00, 0x00, 0x00, 0x00, 0x00, 0x7f, 0x7f, 0x00, 0x00, 0x00, 0x00	; +0770
	.byte	0x34, 0x5c, 0x00, 0x00, 0x00, 0x00, 0x00, 0x00, 0x00, 0x00, 0x00, 0x00, 0x00, 0x00, 0x00, 0x00	; +0780
	.byte	0xf1, 0x5b, 0x55, 0x51, 0x51, 0x00, 0x00, 0x00, 0x00, 0x00, 0x00, 0x00, 0x00, 0x00, 0x00, 0x00	; +0790
	.byte	0x36, 0x1c, 0x00, 0x3f, 0x7f, 0x60, 0x7e, 0x3f, 0x03, 0x03, 0x7f, 0x7e, 0x00, 0x00, 0x00, 0x00	; +07a0
	.byte	0x00, 0x00, 0x00, 0x00, 0x00, 0x10, 0x08, 0x08, 0x04, 0x08, 0x08, 0x10, 0x00, 0x00, 0x00, 0x00	; +07b0
	.byte	0x00, 0x00, 0x00, 0x36, 0x6d, 0x6d, 0x6d, 0x6f, 0x6c, 0x6c, 0x6f, 0x36, 0x00, 0x00, 0x00, 0x00	; +07c0
	.byte	0x7f, 0x41, 0x41, 0x41, 0x41, 0x41, 0x41, 0x41, 0x41, 0x41, 0x41, 0x7f, 0x00, 0x00, 0x00, 0x00	; +07d0
	.byte	0x7f, 0x41, 0x41, 0x41, 0x41, 0x41, 0x41, 0x41, 0x41, 0x41, 0x41, 0x7f, 0x00, 0x00, 0x00, 0x00	; +07e0
	.byte	0x66, 0x66, 0x00, 0x66, 0x66, 0x66, 0x7e, 0x3c, 0x18, 0x18, 0x18, 0x18, 0x00, 0x00, 0x00, 0x00	; +07f0
	.byte	0x00, 0x00, 0x00, 0x00, 0x00, 0x00, 0x00, 0x00, 0x00, 0x00, 0x00, 0x00, 0x00, 0x00, 0x00, 0x00	; +0800
	.byte	0x0c, 0x0c, 0x00, 0x0c, 0x0c, 0x0c, 0x0c, 0x0c, 0x0c, 0x0c, 0x0c, 0x0c, 0x00, 0x00, 0x00, 0x00	; +0810
	.byte	0x01, 0x03, 0x02, 0x3e, 0x7f, 0x67, 0x64, 0x68, 0x68, 0x73, 0x7f, 0x3e, 0x20, 0x60, 0x40, 0x00	; +0820
	.byte	0x1c, 0x3c, 0x30, 0x30, 0x30, 0x7c, 0x7c, 0x30, 0x30, 0x33, 0x7f, 0x7e, 0x00, 0x00, 0x00, 0x00	; +0830
	.byte	0x00, 0x00, 0x00, 0x00, 0x00, 0x14, 0x3e, 0x63, 0x22, 0x63, 0x3e, 0x14, 0x00, 0x00, 0x00, 0x00	; +0840
	.byte	0x66, 0x66, 0x66, 0x3c, 0x3c, 0x18, 0x7e, 0x18, 0x7e, 0x18, 0x18, 0x18, 0x00, 0x00, 0x00, 0x00	; +0850
	.byte	0x18, 0x18, 0x18, 0x18, 0x18, 0x18, 0x18, 0x00, 0x00, 0x18, 0x18, 0x18, 0x18, 0x18, 0x18, 0x18	; +0860
	.byte	0x00, 0x00, 0x1c, 0x24, 0x20, 0x10, 0x28, 0x44, 0x42, 0x22, 0x14, 0x08, 0x04, 0x24, 0x38, 0x00	; +0870
	.byte	0x6c, 0x6c, 0x00, 0x00, 0x00, 0x00, 0x00, 0x00, 0x00, 0x00, 0x00, 0x00, 0x00, 0x00, 0x00, 0x00	; +0880
	.byte	0x3e, 0x63, 0x5d, 0x55, 0x55, 0x51, 0x51, 0x55, 0x55, 0x5d, 0x63, 0x3e, 0x00, 0x00, 0x00, 0x00	; +0890
	.byte	0x70, 0x10, 0x70, 0x50, 0x70, 0x00, 0x00, 0x00, 0x00, 0x00, 0x00, 0x00, 0x00, 0x00, 0x00, 0x00	; +08a0
	.byte	0x00, 0x00, 0x00, 0x00, 0x00, 0x12, 0x24, 0x24, 0x48, 0x24, 0x24, 0x12, 0x00, 0x00, 0x00, 0x00	; +08b0
	.byte	0x00, 0x00, 0x00, 0x00, 0x00, 0x00, 0x7e, 0x7e, 0x06, 0x06, 0x06, 0x06, 0x00, 0x00, 0x00, 0x00	; +08c0
	.byte	0x00, 0x00, 0x00, 0x00, 0x00, 0x00, 0x00, 0x3c, 0x3c, 0x00, 0x00, 0x00, 0x00, 0x00, 0x00, 0x00	; +08d0
	.byte	0x3e, 0x63, 0x5d, 0x55, 0x55, 0x55, 0x5d, 0x59, 0x55, 0x55, 0x63, 0x3e, 0x00, 0x00, 0x00, 0x00	; +08e0
	.byte	0x7f, 0x7f, 0x00, 0x00, 0x00, 0x00, 0x00, 0x00, 0x00, 0x00, 0x00, 0x00, 0x00, 0x00, 0x00, 0x00	; +08f0
	.byte	0x30, 0x48, 0x48, 0x30, 0x00, 0x00, 0x00, 0x00, 0x00, 0x00, 0x00, 0x00, 0x00, 0x00, 0x00, 0x00	; +0900
	.byte	0x00, 0x00, 0x18, 0x18, 0x7e, 0x7e, 0x18, 0x18, 0x00, 0x7e, 0x7e, 0x00, 0x00, 0x00, 0x00, 0x00	; +0910
	.byte	0x30, 0x48, 0x08, 0x10, 0x20, 0x78, 0x00, 0x00, 0x00, 0x00, 0x00, 0x00, 0x00, 0x00, 0x00, 0x00	; +0920
	.byte	0x30, 0x48, 0x10, 0x08, 0x48, 0x30, 0x00, 0x00, 0x00, 0x00, 0x00, 0x00, 0x00, 0x00, 0x00, 0x00	; +0930
	.byte	0x18, 0x30, 0x00, 0x00, 0x00, 0x00, 0x00, 0x00, 0x00, 0x00, 0x00, 0x00, 0x00, 0x00, 0x00, 0x00	; +0940
	.byte	0x66, 0x66, 0x66, 0x66, 0x66, 0x66, 0x66, 0x6e, 0x7e, 0x7e, 0x77, 0x67, 0x60, 0x60, 0x60, 0x00	; +0950
	.byte	0x7f, 0xff, 0xf6, 0x76, 0x36, 0x36, 0x36, 0x36, 0x36, 0x36, 0x36, 0x36, 0x36, 0x36, 0x36, 0x00	; +0960
	.byte	0x00, 0x00, 0x00, 0x00, 0x00, 0x00, 0x18, 0x18, 0x00, 0x00, 0x00, 0x00, 0x00, 0x00, 0x00, 0x00	; +0970
	.byte	0x00, 0x00, 0x00, 0x00, 0x00, 0x00, 0x00, 0x00, 0x00, 0x00, 0x00, 0x1c, 0x08, 0x30, 0x00, 0x00	; +0980
	.byte	0x20, 0x60, 0x20, 0x20, 0x20, 0x70, 0x00, 0x00, 0x00, 0x00, 0x00, 0x00, 0x00, 0x00, 0x00, 0x00	; +0990
	.byte	0x30, 0x48, 0x48, 0x48, 0x48, 0x30, 0x00, 0x00, 0x00, 0x00, 0x00, 0x00, 0x00, 0x00, 0x00, 0x00	; +09a0
	.byte	0x00, 0x00, 0x00, 0x00, 0x00, 0x48, 0x24, 0x24, 0x12, 0x24, 0x24, 0x48, 0x00, 0x00, 0x00, 0x00	; +09b0
	.byte	0x00, 0x20, 0x60, 0x20, 0x22, 0x24, 0x09, 0x13, 0x25, 0x45, 0x07, 0x01, 0x00, 0x00, 0x00, 0x00	; +09c0
	.byte	0x00, 0x20, 0x60, 0x20, 0x22, 0x24, 0x08, 0x12, 0x25, 0x41, 0x02, 0x07, 0x00, 0x00, 0x00, 0x00	; +09d0
	.byte	0x00, 0x60, 0x10, 0x20, 0x12, 0x64, 0x09, 0x13, 0x25, 0x45, 0x07, 0x01, 0x00, 0x00, 0x00, 0x00	; +09e0
	.byte	0x00, 0x00, 0x0c, 0x0c, 0x00, 0x0c, 0x0c, 0x0c, 0x1c, 0x38, 0x70, 0x60, 0x63, 0x7f, 0x3e, 0x00	; +09f0
	.byte	0x18, 0x0c, 0x1c, 0x3e, 0x77, 0x63, 0x63, 0x7f, 0x7f, 0x63, 0x63, 0x63, 0x00, 0x00, 0x00, 0x00	; +0a00
	.byte	0x0c, 0x18, 0x1c, 0x3e, 0x77, 0x63, 0x63, 0x7f, 0x7f, 0x63, 0x63, 0x63, 0x00, 0x00, 0x00, 0x00	; +0a10
	.byte	0x1c, 0x22, 0x1c, 0x3e, 0x77, 0x63, 0x63, 0x7f, 0x7f, 0x63, 0x63, 0x63, 0x00, 0x00, 0x00, 0x00	; +0a20
	.byte	0x3b, 0x6e, 0x1c, 0x3e, 0x77, 0x63, 0x63, 0x7f, 0x7f, 0x63, 0x63, 0x63, 0x00, 0x00, 0x00, 0x00	; +0a30
	.byte	0x36, 0x36, 0x1c, 0x3e, 0x77, 0x63, 0x63, 0x7f, 0x7f, 0x63, 0x63, 0x63, 0x00, 0x00, 0x00, 0x00	; +0a40
	.byte	0x1c, 0x14, 0x1c, 0x3e, 0x77, 0x63, 0x63, 0x7f, 0x7f, 0x63, 0x63, 0x63, 0x00, 0x00, 0x00, 0x00	; +0a50
	.byte	0x37, 0x7f, 0x6c, 0x6c, 0x6c, 0x7f, 0x7f, 0x6c, 0x6c, 0x6c, 0x6f, 0x67, 0x00, 0x00, 0x00, 0x00	; +0a60
	.byte	0x3e, 0x7f, 0x63, 0x63, 0x60, 0x60, 0x60, 0x60, 0x63, 0x63, 0x7f, 0x3e, 0x0c, 0x06, 0x1e, 0x00	; +0a70
	.byte	0x18, 0x0c, 0x7f, 0x7f, 0x60, 0x60, 0x7e, 0x7e, 0x60, 0x60, 0x7f, 0x7f, 0x00, 0x00, 0x00, 0x00	; +0a80
	.byte	0x0c, 0x18, 0x7f, 0x7f, 0x60, 0x60, 0x7e, 0x7e, 0x60, 0x60, 0x7f, 0x7f, 0x00, 0x00, 0x00, 0x00	; +0a90
	.byte	0x1c, 0x22, 0x7f, 0x7f, 0x60, 0x60, 0x7e, 0x7e, 0x60, 0x60, 0x7f, 0x7f, 0x00, 0x00, 0x00, 0x00	; +0aa0
	.byte	0x36, 0x36, 0x7f, 0x7f, 0x60, 0x60, 0x7e, 0x7e, 0x60, 0x60, 0x7f, 0x7f, 0x00, 0x00, 0x00, 0x00	; +0ab0
	.byte	0x18, 0x0c, 0x1e, 0x1e, 0x0c, 0x0c, 0x0c, 0x0c, 0x0c, 0x0c, 0x1e, 0x1e, 0x00, 0x00, 0x00, 0x00	; +0ac0
	.byte	0x06, 0x0c, 0x1e, 0x1e, 0x0c, 0x0c, 0x0c, 0x0c, 0x0c, 0x0c, 0x1e, 0x1e, 0x00, 0x00, 0x00, 0x00	; +0ad0
	.byte	0x0c, 0x12, 0x1e, 0x1e, 0x0c, 0x0c, 0x0c, 0x0c, 0x0c, 0x0c, 0x1e, 0x1e, 0x00, 0x00, 0x00, 0x00	; +0ae0
	.byte	0x33, 0x33, 0x1e, 0x1e, 0x0c, 0x0c, 0x0c, 0x0c, 0x0c, 0x0c, 0x1e, 0x1e, 0x00, 0x00, 0x00, 0x00	; +0af0
	.byte	0x7c, 0x7e, 0x67, 0x63, 0x63, 0xfb, 0xfb, 0x63, 0x63, 0x67, 0x7e, 0x7c, 0x00, 0x00, 0x00, 0x00	; +0b00
	.byte	0x3b, 0x6e, 0x43, 0x63, 0x73, 0x7b, 0x7f, 0x7f, 0x6f, 0x67, 0x63, 0x61, 0x00, 0x00, 0x00, 0x00	; +0b10
	.byte	0x18, 0x0c, 0x3e, 0x7f, 0x63, 0x63, 0x63, 0x63, 0x63, 0x63, 0x7f, 0x3e, 0x00, 0x00, 0x00, 0x00	; +0b20
	.byte	0x0c, 0x18, 0x3e, 0x7f, 0x63, 0x63, 0x63, 0x63, 0x63, 0x63, 0x7f, 0x3e, 0x00, 0x00, 0x00, 0x00	; +0b30
	.byte	0x1c, 0x22, 0x3e, 0x7f, 0x63, 0x63, 0x63, 0x63, 0x63, 0x63, 0x7f, 0x3e, 0x00, 0x00, 0x00, 0x00	; +0b40
	.byte	0x3b, 0x6e, 0x3e, 0x7f, 0x63, 0x63, 0x63, 0x63, 0x63, 0x63, 0x7f, 0x3e, 0x00, 0x00, 0x00, 0x00	; +0b50
	.byte	0x36, 0x36, 0x3e, 0x7f, 0x63, 0x63, 0x63, 0x63, 0x63, 0x63, 0x7f, 0x3e, 0x00, 0x00, 0x00, 0x00	; +0b60
	.byte	0x00, 0x00, 0x00, 0x41, 0x22, 0x14, 0x08, 0x14, 0x22, 0x41, 0x00, 0x00, 0x00, 0x00, 0x00, 0x00	; +0b70
	.byte	0x01, 0x03, 0x3e, 0x7f, 0x67, 0x6f, 0x6b, 0x6b, 0x7b, 0x73, 0x7f, 0x3e, 0x20, 0x60, 0x40, 0x00	; +0b80
	.byte	0x18, 0x0c, 0x63, 0x63, 0x63, 0x63, 0x63, 0x63, 0x63, 0x63, 0x7f, 0x3e, 0x00, 0x00, 0x00, 0x00	; +0b90
	.byte	0x0c, 0x18, 0x63, 0x63, 0x63, 0x63, 0x63, 0x63, 0x63, 0x63, 0x7f, 0x3e, 0x00, 0x00, 0x00, 0x00	; +0ba0
	.byte	0x1c, 0x22, 0x63, 0x63, 0x63, 0x63, 0x63, 0x63, 0x63, 0x63, 0x7f, 0x3e, 0x00, 0x00, 0x00, 0x00	; +0bb0
	.byte	0x36, 0x36, 0x63, 0x63, 0x63, 0x63, 0x63, 0x63, 0x63, 0x63, 0x7f, 0x3e, 0x00, 0x00, 0x00, 0x00	; +0bc0
	.byte	0x0c, 0x18, 0x66, 0x66, 0x66, 0x66, 0x7e, 0x3c, 0x18, 0x18, 0x18, 0x18, 0x00, 0x00, 0x00, 0x00	; +0bd0
	.byte	0x60, 0x7e, 0x7f, 0x63, 0x63, 0x63, 0x63, 0x7f, 0x7e, 0x60, 0x60, 0x60, 0x00, 0x00, 0x00, 0x00	; +0be0
	.byte	0x7e, 0x7f, 0x63, 0x63, 0x6e, 0x6e, 0x63, 0x63, 0x63, 0x63, 0x6f, 0x6e, 0x00, 0x00, 0x00, 0x00	; +0bf0
	.byte	0x18, 0x0c, 0x00, 0x3e, 0x3f, 0x03, 0x3f, 0x7f, 0x63, 0x63, 0x7f, 0x3f, 0x00, 0x00, 0x00, 0x00	; +0c00
	.byte	0x0c, 0x18, 0x00, 0x3e, 0x3f, 0x03, 0x3f, 0x7f, 0x63, 0x63, 0x7f, 0x3f, 0x00, 0x00, 0x00, 0x00	; +0c10
	.byte	0x1c, 0x22, 0x00, 0x3e, 0x3f, 0x03, 0x3f, 0x7f, 0x63, 0x63, 0x7f, 0x3f, 0x00, 0x00, 0x00, 0x00	; +0c20
	.byte	0x3b, 0x6e, 0x00, 0x3e, 0x3f, 0x03, 0x3f, 0x7f, 0x63, 0x63, 0x7f, 0x3f, 0x00, 0x00, 0x00, 0x00	; +0c30
	.byte	0x36, 0x36, 0x00, 0x3e, 0x3f, 0x03, 0x3f, 0x7f, 0x63, 0x63, 0x7f, 0x3f, 0x00, 0x00, 0x00, 0x00	; +0c40
	.byte	0x1c, 0x14, 0x1c, 0x3e, 0x3f, 0x03, 0x3f, 0x7f, 0x63, 0x63, 0x7f, 0x3f, 0x00, 0x00, 0x00, 0x00	; +0c50
	.byte	0x00, 0x00, 0x00, 0x3e, 0x4d, 0x0d, 0x3f, 0x6c, 0x6c, 0x6c, 0x6f, 0x36, 0x00, 0x00, 0x00, 0x00	; +0c60
	.byte	0x00, 0x00, 0x00, 0x3e, 0x7f, 0x63, 0x60, 0x60, 0x60, 0x63, 0x7f, 0x3e, 0x0c, 0x06, 0x1e, 0x00	; +0c70
	.byte	0x18, 0x0c, 0x00, 0x3e, 0x7f, 0x63, 0x63, 0x7f, 0x7f, 0x60, 0x7e, 0x3e, 0x00, 0x00, 0x00, 0x00	; +0c80
	.byte	0x0c, 0x18, 0x00, 0x3e, 0x7f, 0x63, 0x63, 0x7f, 0x7f, 0x60, 0x7e, 0x3e, 0x00, 0x00, 0x00, 0x00	; +0c90
	.byte	0x1c, 0x22, 0x00, 0x3e, 0x7f, 0x63, 0x63, 0x7f, 0x7f, 0x60, 0x7e, 0x3e, 0x00, 0x00, 0x00, 0x00	; +0ca0
	.byte	0x36, 0x36, 0x00, 0x3e, 0x7f, 0x63, 0x63, 0x7f, 0x7f, 0x60, 0x7e, 0x3e, 0x00, 0x00, 0x00, 0x00	; +0cb0
	.byte	0x18, 0x0c, 0x00, 0x0c, 0x0c, 0x0c, 0x0c, 0x0c, 0x0c, 0x0c, 0x0c, 0x0c, 0x00, 0x00, 0x00, 0x00	; +0cc0
	.byte	0x06, 0x0c, 0x00, 0x0c, 0x0c, 0x0c, 0x0c, 0x0c, 0x0c, 0x0c, 0x0c, 0x0c, 0x00, 0x00, 0x00, 0x00	; +0cd0
	.byte	0x0c, 0x12, 0x00, 0x0c, 0x0c, 0x0c, 0x0c, 0x0c, 0x0c, 0x0c, 0x0c, 0x0c, 0x00, 0x00, 0x00, 0x00	; +0ce0
	.byte	0x33, 0x33, 0x00, 0x0c, 0x0c, 0x0c, 0x0c, 0x0c, 0x0c, 0x0c, 0x0c, 0x0c, 0x00, 0x00, 0x00, 0x00	; +0cf0
	.byte	0x73, 0x73, 0x1e, 0x7f, 0x73, 0x3f, 0x7f, 0x63, 0x63, 0x63, 0x7f, 0x3f, 0x00, 0x00, 0x00, 0x00	; +0d00
	.byte	0x3b, 0x6e, 0x00, 0x7e, 0x7f, 0x63, 0x63, 0x63, 0x63, 0x63, 0x63, 0x63, 0x00, 0x00, 0x00, 0x00	; +0d10
	.byte	0x18, 0x0c, 0x00, 0x3e, 0x7f, 0x63, 0x63, 0x63, 0x63, 0x63, 0x7f, 0x3e, 0x00, 0x00, 0x00, 0x00	; +0d20
	.byte	0x0c, 0x18, 0x00, 0x3e, 0x7f, 0x63, 0x63, 0x63, 0x63, 0x63, 0x7f, 0x3e, 0x00, 0x00, 0x00, 0x00	; +0d30
	.byte	0x1c, 0x22, 0x00, 0x3e, 0x7f, 0x63, 0x63, 0x63, 0x63, 0x63, 0x7f, 0x3e, 0x00, 0x00, 0x00, 0x00	; +0d40
	.byte	0x3b, 0x6e, 0x00, 0x3e, 0x7f, 0x63, 0x63, 0x63, 0x63, 0x63, 0x7f, 0x3e, 0x00, 0x00, 0x00, 0x00	; +0d50
	.byte	0x36, 0x36, 0x00, 0x3e, 0x7f, 0x63, 0x63, 0x63, 0x63, 0x63, 0x7f, 0x3e, 0x00, 0x00, 0x00, 0x00	; +0d60
	.byte	0x00, 0x00, 0x18, 0x18, 0x00, 0x7e, 0x7e, 0x00, 0x18, 0x18, 0x00, 0x00, 0x00, 0x00, 0x00, 0x00	; +0d70
	.byte	0x01, 0x03, 0x02, 0x3e, 0x7f, 0x67, 0x6b, 0x6b, 0x6b, 0x73, 0x7f, 0x3e, 0x20, 0x60, 0x40, 0x00	; +0d80
	.byte	0x18, 0x0c, 0x00, 0x63, 0x63, 0x63, 0x63, 0x63, 0x63, 0x63, 0x7f, 0x3f, 0x00, 0x00, 0x00, 0x00	; +0d90
	.byte	0x0c, 0x18, 0x00, 0x63, 0x63, 0x63, 0x63, 0x63, 0x63, 0x63, 0x7f, 0x3f, 0x00, 0x00, 0x00, 0x00	; +0da0
	.byte	0x1c, 0x22, 0x00, 0x63, 0x63, 0x63, 0x63, 0x63, 0x63, 0x63, 0x7f, 0x3f, 0x00, 0x00, 0x00, 0x00	; +0db0
	.byte	0x36, 0x36, 0x00, 0x63, 0x63, 0x63, 0x63, 0x63, 0x63, 0x63, 0x7f, 0x3f, 0x00, 0x00, 0x00, 0x00	; +0dc0
	.byte	0x0c, 0x18, 0x00, 0x63, 0x63, 0x63, 0x63, 0x63, 0x63, 0x63, 0x77, 0x3e, 0x1c, 0x38, 0x70, 0x00	; +0dd0
	.byte	0x60, 0x60, 0x60, 0x7e, 0x7f, 0x63, 0x63, 0x63, 0x63, 0x63, 0x7f, 0x7e, 0x60, 0x60, 0x60, 0x00	; +0de0
	.byte	0x36, 0x36, 0x00, 0x63, 0x63, 0x63, 0x63, 0x63, 0x63, 0x63, 0x77, 0x3e, 0x1c, 0x38, 0x70, 0x00	; +0df0
Font9_Glyphs:	; 224 x 32 B (11x16), ends 0x950A5F
	.byte	0x00, 0x00, 0x00, 0x00, 0x00, 0x00, 0x00, 0x00, 0x00, 0x00, 0x00, 0x00, 0x00, 0x00, 0x00, 0x00	; +0000
	.byte	0x00, 0x00, 0x00, 0x00, 0x00, 0x00, 0x00, 0x00, 0x00, 0x00, 0x00, 0x00, 0x00, 0x00, 0x00, 0x00	; +0010
	.byte	0x0e, 0x0e, 0x0e, 0x0e, 0x0e, 0x0e, 0x0e, 0x0e, 0x0e, 0x0e, 0x00, 0x00, 0x0e, 0x0e, 0x00, 0x00	; +0020
	.byte	0x00, 0x00, 0x00, 0x00, 0x00, 0x00, 0x00, 0x00, 0x00, 0x00, 0x00, 0x00, 0x00, 0x00, 0x00, 0x00	; +0030
	.byte	0x31, 0x7b, 0x7b, 0x31, 0x63, 0x00, 0x00, 0x00, 0x00, 0x00, 0x00, 0x00, 0x00, 0x00, 0x00, 0x00	; +0040
	.byte	0x80, 0xc0, 0xc0, 0x80, 0x00, 0x00, 0x00, 0x00, 0x00, 0x00, 0x00, 0x00, 0x00, 0x00, 0x00, 0x00	; +0050
	.byte	0x19, 0x19, 0x19, 0x7f, 0x7f, 0x19, 0x19, 0x19, 0x19, 0x7f, 0x7f, 0x19, 0x19, 0x19, 0x00, 0x00	; +0060
	.byte	0x80, 0x80, 0x80, 0xe0, 0xe0, 0x80, 0x80, 0x80, 0x80, 0xe0, 0xe0, 0x80, 0x80, 0x80, 0x00, 0x00	; +0070
	.byte	0x06, 0x1f, 0x3f, 0x7f, 0x76, 0x76, 0x7e, 0x3f, 0x1f, 0x07, 0x06, 0x76, 0x7f, 0x3f, 0x1f, 0x06	; +0080
	.byte	0x00, 0x80, 0xc0, 0xe0, 0xe0, 0x00, 0x00, 0x80, 0xc0, 0xe0, 0xe0, 0xe0, 0xe0, 0xc0, 0x80, 0x00	; +0090
	.byte	0x00, 0x00, 0x30, 0x48, 0x48, 0x49, 0x33, 0x07, 0x0e, 0x1c, 0x39, 0x71, 0x61, 0x40, 0x00, 0x00	; +00a0
	.byte	0x00, 0x00, 0x20, 0x60, 0xe0, 0xc0, 0x80, 0x00, 0x00, 0xc0, 0x20, 0x20, 0x20, 0xc0, 0x00, 0x00	; +00b0
	.byte	0x0e, 0x1f, 0x3b, 0x31, 0x31, 0x3b, 0x1f, 0x1e, 0x3f, 0x73, 0x61, 0x73, 0x7f, 0x3e, 0x00, 0x00	; +00c0
	.byte	0x00, 0x00, 0x80, 0x80, 0x80, 0x80, 0x00, 0x00, 0x60, 0xe0, 0xc0, 0xc0, 0xe0, 0x60, 0x00, 0x00	; +00d0
	.byte	0x30, 0x78, 0x78, 0x30, 0x60, 0x00, 0x00, 0x00, 0x00, 0x00, 0x00, 0x00, 0x00, 0x00, 0x00, 0x00	; +00e0
	.byte	0x00, 0x00, 0x00, 0x00, 0x00, 0x00, 0x00, 0x00, 0x00, 0x00, 0x00, 0x00, 0x00, 0x00, 0x00, 0x00	; +00f0
	.byte	0x07, 0x0e, 0x1c, 0x38, 0x30, 0x30, 0x30, 0x30, 0x30, 0x30, 0x38, 0x1c, 0x0e, 0x07, 0x00, 0x00	; +0100
	.byte	0x00, 0x00, 0x00, 0x00, 0x00, 0x00, 0x00, 0x00, 0x00, 0x00, 0x00, 0x00, 0x00, 0x00, 0x00, 0x00	; +0110
	.byte	0x0e, 0x07, 0x03, 0x01, 0x00, 0x00, 0x00, 0x00, 0x00, 0x00, 0x01, 0x03, 0x07, 0x0e, 0x00, 0x00	; +0120
	.byte	0x00, 0x00, 0x80, 0xc0, 0xc0, 0xc0, 0xc0, 0xc0, 0xc0, 0xc0, 0xc0, 0x80, 0x00, 0x00, 0x00, 0x00	; +0130
	.byte	0x00, 0x00, 0x06, 0x36, 0x3f, 0x1f, 0x0f, 0x06, 0x0f, 0x1f, 0x3f, 0x36, 0x06, 0x00, 0x00, 0x00	; +0140
	.byte	0x00, 0x00, 0x00, 0xc0, 0xc0, 0x80, 0x00, 0x00, 0x00, 0x80, 0xc0, 0xc0, 0x00, 0x00, 0x00, 0x00	; +0150
	.byte	0x00, 0x00, 0x00, 0x06, 0x06, 0x06, 0x3f, 0x3f, 0x06, 0x06, 0x06, 0x00, 0x00, 0x00, 0x00, 0x00	; +0160
	.byte	0x00, 0x00, 0x00, 0x00, 0x00, 0x00, 0xc0, 0xc0, 0x00, 0x00, 0x00, 0x00, 0x00, 0x00, 0x00, 0x00	; +0170
	.byte	0x00, 0x00, 0x00, 0x00, 0x00, 0x00, 0x00, 0x00, 0x00, 0x00, 0x30, 0x78, 0x78, 0x30, 0x60, 0x00	; +0180
	.byte	0x00, 0x00, 0x00, 0x00, 0x00, 0x00, 0x00, 0x00, 0x00, 0x00, 0x00, 0x00, 0x00, 0x00, 0x00, 0x00	; +0190
	.byte	0x00, 0x00, 0x00, 0x00, 0x00, 0x00, 0x3f, 0x3f, 0x00, 0x00, 0x00, 0x00, 0x00, 0x00, 0x00, 0x00	; +01a0
	.byte	0x00, 0x00, 0x00, 0x00, 0x00, 0x00, 0xc0, 0xc0, 0x00, 0x00, 0x00, 0x00, 0x00, 0x00, 0x00, 0x00	; +01b0
	.byte	0x00, 0x00, 0x00, 0x00, 0x00, 0x00, 0x00, 0x00, 0x00, 0x00, 0x30, 0x78, 0x78, 0x30, 0x00, 0x00	; +01c0
	.byte	0x00, 0x00, 0x00, 0x00, 0x00, 0x00, 0x00, 0x00, 0x00, 0x00, 0x00, 0x00, 0x00, 0x00, 0x00, 0x00	; +01d0
	.byte	0x00, 0x00, 0x00, 0x00, 0x01, 0x03, 0x07, 0x0e, 0x1c, 0x38, 0x70, 0x60, 0x40, 0x00, 0x00, 0x00	; +01e0
	.byte	0x00, 0x20, 0x60, 0xe0, 0xc0, 0x80, 0x00, 0x00, 0x00, 0x00, 0x00, 0x00, 0x00, 0x00, 0x00, 0x00	; +01f0
	.byte	0x1f, 0x3f, 0x79, 0x70, 0x70, 0x70, 0x70, 0x70, 0x70, 0x70, 0x70, 0x79, 0x3f, 0x1f, 0x00, 0x00	; +0200
	.byte	0x80, 0xc0, 0xe0, 0xe0, 0xe0, 0xe0, 0xe0, 0xe0, 0xe0, 0xe0, 0xe0, 0xe0, 0xc0, 0x80, 0x00, 0x00	; +0210
	.byte	0x06, 0x0e, 0x1e, 0x1e, 0x0e, 0x0e, 0x0e, 0x0e, 0x0e, 0x0e, 0x0e, 0x0e, 0x1f, 0x1f, 0x00, 0x00	; +0220
	.byte	0x00, 0x00, 0x00, 0x00, 0x00, 0x00, 0x00, 0x00, 0x00, 0x00, 0x00, 0x00, 0x00, 0x00, 0x00, 0x00	; +0230
	.byte	0x1f, 0x3f, 0x79, 0x70, 0x00, 0x01, 0x03, 0x07, 0x0f, 0x1e, 0x3c, 0x78, 0x7f, 0x7f, 0x00, 0x00	; +0240
	.byte	0x80, 0xc0, 0xe0, 0xe0, 0xe0, 0xe0, 0xc0, 0x80, 0x00, 0x00, 0x00, 0x00, 0xe0, 0xe0, 0x00, 0x00	; +0250
	.byte	0x1f, 0x3f, 0x79, 0x70, 0x00, 0x01, 0x0f, 0x0f, 0x01, 0x00, 0x70, 0x79, 0x3f, 0x1f, 0x00, 0x00	; +0260
	.byte	0x80, 0xc0, 0xe0, 0xe0, 0xe0, 0xe0, 0xc0, 0xc0, 0xe0, 0xe0, 0xe0, 0xe0, 0xc0, 0x80, 0x00, 0x00	; +0270
	.byte	0x03, 0x07, 0x0f, 0x0f, 0x1f, 0x1f, 0x3b, 0x33, 0x73, 0x73, 0x7f, 0x7f, 0x03, 0x03, 0x00, 0x00	; +0280
	.byte	0x80, 0x80, 0x80, 0x80, 0x80, 0x80, 0x80, 0x80, 0x80, 0x80, 0xe0, 0xe0, 0x80, 0x80, 0x00, 0x00	; +0290
	.byte	0x7f, 0x7f, 0x70, 0x70, 0x7f, 0x7f, 0x79, 0x70, 0x00, 0x00, 0x70, 0x79, 0x3f, 0x1f, 0x00, 0x00	; +02a0
	.byte	0xe0, 0xe0, 0x00, 0x00, 0x80, 0xc0, 0xe0, 0xe0, 0xe0, 0xe0, 0xe0, 0xe0, 0xc0, 0x80, 0x00, 0x00	; +02b0
	.byte	0x1f, 0x3f, 0x79, 0x70, 0x70, 0x7f, 0x7f, 0x79, 0x70, 0x70, 0x70, 0x79, 0x3f, 0x1f, 0x00, 0x00	; +02c0
	.byte	0x80, 0xc0, 0xe0, 0xe0, 0x00, 0x80, 0xc0, 0xe0, 0xe0, 0xe0, 0xe0, 0xe0, 0xc0, 0x80, 0x00, 0x00	; +02d0
	.byte	0x7f, 0x7f, 0x01, 0x01, 0x03, 0x07, 0x0f, 0x0e, 0x0e, 0x0e, 0x0e, 0x0e, 0x0e, 0x0e, 0x00, 0x00	; +02e0
	.byte	0xe0, 0xe0, 0xe0, 0xe0, 0xc0, 0x80, 0x00, 0x00, 0x00, 0x00, 0x00, 0x00, 0x00, 0x00, 0x00, 0x00	; +02f0
	.byte	0x1f, 0x3f, 0x79, 0x70, 0x70, 0x79, 0x3f, 0x3f, 0x79, 0x70, 0x70, 0x79, 0x3f, 0x1f, 0x00, 0x00	; +0300
	.byte	0x80, 0xc0, 0xe0, 0xe0, 0xe0, 0xe0, 0xc0, 0xc0, 0xe0, 0xe0, 0xe0, 0xe0, 0xc0, 0x80, 0x00, 0x00	; +0310
	.byte	0x1f, 0x3f, 0x79, 0x70, 0x70, 0x70, 0x79, 0x3f, 0x1f, 0x00, 0x70, 0x79, 0x3f, 0x1f, 0x00, 0x00	; +0320
	.byte	0x80, 0xc0, 0xe0, 0xe0, 0xe0, 0xe0, 0xe0, 0xe0, 0xe0, 0xe0, 0xe0, 0xe0, 0xc0, 0x80, 0x00, 0x00	; +0330
	.byte	0x00, 0x00, 0x06, 0x0f, 0x0f, 0x06, 0x00, 0x00, 0x06, 0x0f, 0x0f, 0x06, 0x00, 0x00, 0x00, 0x00	; +0340
	.byte	0x00, 0x00, 0x00, 0x00, 0x00, 0x00, 0x00, 0x00, 0x00, 0x00, 0x00, 0x00, 0x00, 0x00, 0x00, 0x00	; +0350
	.byte	0x00, 0x00, 0x06, 0x0f, 0x0f, 0x06, 0x00, 0x00, 0x06, 0x0f, 0x0f, 0x06, 0x0c, 0x00, 0x00, 0x00	; +0360
	.byte	0x00, 0x00, 0x00, 0x00, 0x00, 0x00, 0x00, 0x00, 0x00, 0x00, 0x00, 0x00, 0x00, 0x00, 0x00, 0x00	; +0370
	.byte	0x00, 0x01, 0x03, 0x07, 0x0e, 0x1c, 0x38, 0x38, 0x1c, 0x0e, 0x07, 0x03, 0x01, 0x00, 0x00, 0x00	; +0380
	.byte	0xc0, 0xc0, 0x80, 0x00, 0x00, 0x00, 0x00, 0x00, 0x00, 0x00, 0x00, 0x80, 0xc0, 0xc0, 0x00, 0x00	; +0390
	.byte	0x00, 0x00, 0x00, 0x00, 0x3f, 0x3f, 0x00, 0x00, 0x3f, 0x3f, 0x00, 0x00, 0x00, 0x00, 0x00, 0x00	; +03a0
	.byte	0x00, 0x00, 0x00, 0x00, 0xc0, 0xc0, 0x00, 0x00, 0xc0, 0xc0, 0x00, 0x00, 0x00, 0x00, 0x00, 0x00	; +03b0
	.byte	0x30, 0x38, 0x1c, 0x0e, 0x07, 0x03, 0x01, 0x01, 0x03, 0x07, 0x0e, 0x1c, 0x38, 0x30, 0x00, 0x00	; +03c0
	.byte	0x00, 0x00, 0x00, 0x00, 0x00, 0x80, 0xc0, 0xc0, 0x80, 0x00, 0x00, 0x00, 0x00, 0x00, 0x00, 0x00	; +03d0
	.byte	0x1f, 0x3f, 0x79, 0x70, 0x00, 0x01, 0x03, 0x07, 0x0f, 0x0e, 0x0e, 0x00, 0x0e, 0x0e, 0x00, 0x00	; +03e0
	.byte	0x80, 0xc0, 0xe0, 0xe0, 0xe0, 0xe0, 0xc0, 0x80, 0x00, 0x00, 0x00, 0x00, 0x00, 0x00, 0x00, 0x00	; +03f0
	.byte	0x1f, 0x3f, 0x70, 0x6e, 0x7f, 0x73, 0x73, 0x73, 0x73, 0x7f, 0x6f, 0x70, 0x3f, 0x1f, 0x00, 0x00	; +0400
	.byte	0x80, 0xc0, 0xe0, 0x60, 0x60, 0x60, 0x60, 0x60, 0x60, 0xc0, 0x80, 0x00, 0xc0, 0xc0, 0x00, 0x00	; +0410
	.byte	0x1f, 0x3f, 0x79, 0x70, 0x70, 0x70, 0x7f, 0x7f, 0x70, 0x70, 0x70, 0x70, 0x70, 0x70, 0x00, 0x00	; +0420
	.byte	0x80, 0xc0, 0xe0, 0xe0, 0xe0, 0xe0, 0xe0, 0xe0, 0xe0, 0xe0, 0xe0, 0xe0, 0xe0, 0xe0, 0x00, 0x00	; +0430
	.byte	0x7f, 0x7f, 0x71, 0x70, 0x70, 0x71, 0x7f, 0x7f, 0x71, 0x70, 0x70, 0x71, 0x7f, 0x7f, 0x00, 0x00	; +0440
	.byte	0x80, 0xc0, 0xe0, 0xe0, 0xe0, 0xe0, 0xc0, 0xc0, 0xe0, 0xe0, 0xe0, 0xe0, 0xc0, 0x80, 0x00, 0x00	; +0450
	.byte	0x1f, 0x3f, 0x79, 0x70, 0x70, 0x70, 0x70, 0x70, 0x70, 0x70, 0x70, 0x79, 0x3f, 0x1f, 0x00, 0x00	; +0460
	.byte	0x80, 0xc0, 0xe0, 0xe0, 0x00, 0x00, 0x00, 0x00, 0x00, 0x00, 0xe0, 0xe0, 0xc0, 0x80, 0x00, 0x00	; +0470
	.byte	0x7f, 0x7f, 0x71, 0x70, 0x70, 0x70, 0x70, 0x70, 0x70, 0x70, 0x70, 0x71, 0x7f, 0x7f, 0x00, 0x00	; +0480
	.byte	0x80, 0xc0, 0xe0, 0xe0, 0xe0, 0xe0, 0xe0, 0xe0, 0xe0, 0xe0, 0xe0, 0xe0, 0xc0, 0x80, 0x00, 0x00	; +0490
	.byte	0x7f, 0x7f, 0x70, 0x70, 0x70, 0x70, 0x7f, 0x7f, 0x70, 0x70, 0x70, 0x70, 0x7f, 0x7f, 0x00, 0x00	; +04a0
	.byte	0xe0, 0xe0, 0x00, 0x00, 0x00, 0x00, 0x80, 0x80, 0x00, 0x00, 0x00, 0x00, 0xe0, 0xe0, 0x00, 0x00	; +04b0
	.byte	0x7f, 0x7f, 0x70, 0x70, 0x70, 0x70, 0x7f, 0x7f, 0x70, 0x70, 0x70, 0x70, 0x70, 0x70, 0x00, 0x00	; +04c0
	.byte	0xe0, 0xe0, 0x00, 0x00, 0x00, 0x00, 0x80, 0x80, 0x00, 0x00, 0x00, 0x00, 0x00, 0x00, 0x00, 0x00	; +04d0
	.byte	0x1f, 0x3f, 0x79, 0x70, 0x70, 0x70, 0x77, 0x77, 0x70, 0x70, 0x70, 0x79, 0x3f, 0x1f, 0x00, 0x00	; +04e0
	.byte	0x80, 0xc0, 0xe0, 0xe0, 0x00, 0x00, 0xe0, 0xe0, 0xe0, 0xe0, 0xe0, 0xe0, 0xc0, 0x80, 0x00, 0x00	; +04f0
	.byte	0x70, 0x70, 0x70, 0x70, 0x70, 0x70, 0x7f, 0x7f, 0x70, 0x70, 0x70, 0x70, 0x70, 0x70, 0x00, 0x00	; +0500
	.byte	0xe0, 0xe0, 0xe0, 0xe0, 0xe0, 0xe0, 0xe0, 0xe0, 0xe0, 0xe0, 0xe0, 0xe0, 0xe0, 0xe0, 0x00, 0x00	; +0510
	.byte	0x1f, 0x1f, 0x0e, 0x0e, 0x0e, 0x0e, 0x0e, 0x0e, 0x0e, 0x0e, 0x0e, 0x0e, 0x1f, 0x1f, 0x00, 0x00	; +0520
	.byte	0x00, 0x00, 0x00, 0x00, 0x00, 0x00, 0x00, 0x00, 0x00, 0x00, 0x00, 0x00, 0x00, 0x00, 0x00, 0x00	; +0530
	.byte	0x00, 0x00, 0x00, 0x00, 0x00, 0x00, 0x00, 0x00, 0x00, 0x00, 0x70, 0x79, 0x3f, 0x1f, 0x00, 0x00	; +0540
	.byte	0xe0, 0xe0, 0xe0, 0xe0, 0xe0, 0xe0, 0xe0, 0xe0, 0xe0, 0xe0, 0xe0, 0xe0, 0xc0, 0x80, 0x00, 0x00	; +0550
	.byte	0x70, 0x71, 0x73, 0x77, 0x7f, 0x7e, 0x7c, 0x7c, 0x7e, 0x7f, 0x77, 0x73, 0x71, 0x70, 0x00, 0x00	; +0560
	.byte	0xe0, 0xe0, 0xc0, 0x80, 0x00, 0x00, 0x00, 0x00, 0x00, 0x00, 0x80, 0xc0, 0xe0, 0xe0, 0x00, 0x00	; +0570
	.byte	0x70, 0x70, 0x70, 0x70, 0x70, 0x70, 0x70, 0x70, 0x70, 0x70, 0x70, 0x70, 0x7f, 0x7f, 0x00, 0x00	; +0580
	.byte	0x00, 0x00, 0x00, 0x00, 0x00, 0x00, 0x00, 0x00, 0x00, 0x00, 0x00, 0x00, 0xe0, 0xe0, 0x00, 0x00	; +0590
	.byte	0x70, 0x79, 0x7f, 0x7f, 0x7f, 0x7f, 0x7f, 0x76, 0x76, 0x70, 0x70, 0x70, 0x70, 0x70, 0x00, 0x00	; +05a0
	.byte	0xe0, 0xe0, 0xe0, 0xe0, 0xe0, 0xe0, 0xe0, 0xe0, 0xe0, 0xe0, 0xe0, 0xe0, 0xe0, 0xe0, 0x00, 0x00	; +05b0
	.byte	0x70, 0x78, 0x78, 0x7c, 0x7c, 0x7e, 0x7f, 0x7f, 0x77, 0x73, 0x73, 0x71, 0x71, 0x70, 0x00, 0x00	; +05c0
	.byte	0xe0, 0xe0, 0xe0, 0xe0, 0xe0, 0xe0, 0xe0, 0xe0, 0xe0, 0xe0, 0xe0, 0xe0, 0xe0, 0xe0, 0x00, 0x00	; +05d0
	.byte	0x1f, 0x3f, 0x79, 0x70, 0x70, 0x70, 0x70, 0x70, 0x70, 0x70, 0x70, 0x79, 0x3f, 0x1f, 0x00, 0x00	; +05e0
	.byte	0x80, 0xc0, 0xe0, 0xe0, 0xe0, 0xe0, 0xe0, 0xe0, 0xe0, 0xe0, 0xe0, 0xe0, 0xc0, 0x80, 0x00, 0x00	; +05f0
	.byte	0x7f, 0x7f, 0x71, 0x70, 0x70, 0x71, 0x7f, 0x7f, 0x70, 0x70, 0x70, 0x70, 0x70, 0x70, 0x00, 0x00	; +0600
	.byte	0x80, 0xc0, 0xe0, 0xe0, 0xe0, 0xe0, 0xc0, 0x80, 0x00, 0x00, 0x00, 0x00, 0x00, 0x00, 0x00, 0x00	; +0610
	.byte	0x1f, 0x3f, 0x79, 0x70, 0x70, 0x70, 0x70, 0x70, 0x7c, 0x7e, 0x77, 0x7b, 0x3f, 0x1f, 0x00, 0x00	; +0620
	.byte	0x80, 0xc0, 0xe0, 0xe0, 0xe0, 0xe0, 0xe0, 0xe0, 0xe0, 0xe0, 0xc0, 0x80, 0xe0, 0xe0, 0x00, 0x00	; +0630
	.byte	0x7f, 0x7f, 0x71, 0x70, 0x70, 0x71, 0x7f, 0x7f, 0x7e, 0x7f, 0x77, 0x73, 0x71, 0x70, 0x00, 0x00	; +0640
	.byte	0x80, 0xc0, 0xe0, 0xe0, 0xe0, 0xe0, 0xc0, 0x80, 0x00, 0x00, 0x80, 0xc0, 0xe0, 0xe0, 0x00, 0x00	; +0650
	.byte	0x1f, 0x3f, 0x79, 0x70, 0x70, 0x78, 0x3f, 0x1f, 0x01, 0x00, 0x70, 0x79, 0x3f, 0x1f, 0x00, 0x00	; +0660
	.byte	0x80, 0xc0, 0xe0, 0xe0, 0x00, 0x00, 0x80, 0xc0, 0xe0, 0xe0, 0xe0, 0xe0, 0xc0, 0x80, 0x00, 0x00	; +0670
	.byte	0x7f, 0x7f, 0x0e, 0x0e, 0x0e, 0x0e, 0x0e, 0x0e, 0x0e, 0x0e, 0x0e, 0x0e, 0x0e, 0x0e, 0x00, 0x00	; +0680
	.byte	0xc0, 0xc0, 0x00, 0x00, 0x00, 0x00, 0x00, 0x00, 0x00, 0x00, 0x00, 0x00, 0x00, 0x00, 0x00, 0x00	; +0690
	.byte	0x70, 0x70, 0x70, 0x70, 0x70, 0x70, 0x70, 0x70, 0x70, 0x70, 0x70, 0x79, 0x3f, 0x1f, 0x00, 0x00	; +06a0
	.byte	0xe0, 0xe0, 0xe0, 0xe0, 0xe0, 0xe0, 0xe0, 0xe0, 0xe0, 0xe0, 0xe0, 0xe0, 0xc0, 0x80, 0x00, 0x00	; +06b0
	.byte	0x70, 0x70, 0x70, 0x70, 0x70, 0x70, 0x70, 0x70, 0x70, 0x79, 0x3f, 0x1f, 0x0f, 0x06, 0x00, 0x00	; +06c0
	.byte	0xe0, 0xe0, 0xe0, 0xe0, 0xe0, 0xe0, 0xe0, 0xe0, 0xe0, 0xe0, 0xc0, 0x80, 0x00, 0x00, 0x00, 0x00	; +06d0
	.byte	0x70, 0x70, 0x70, 0x70, 0x70, 0x70, 0x76, 0x76, 0x76, 0x76, 0x7f, 0x7f, 0x39, 0x10, 0x00, 0x00	; +06e0
	.byte	0xe0, 0xe0, 0xe0, 0xe0, 0xe0, 0xe0, 0xe0, 0xe0, 0xe0, 0xe0, 0xe0, 0xe0, 0xc0, 0x80, 0x00, 0x00	; +06f0
	.byte	0x70, 0x70, 0x70, 0x79, 0x3f, 0x1f, 0x0f, 0x0f, 0x1f, 0x3f, 0x79, 0x70, 0x70, 0x70, 0x00, 0x00	; +0700
	.byte	0xe0, 0xe0, 0xe0, 0xe0, 0xc0, 0x80, 0x00, 0x00, 0x80, 0xc0, 0xe0, 0xe0, 0xe0, 0xe0, 0x00, 0x00	; +0710
	.byte	0x71, 0x71, 0x71, 0x71, 0x71, 0x7b, 0x3f, 0x1f, 0x0e, 0x0e, 0x0e, 0x0e, 0x0e, 0x0e, 0x00, 0x00	; +0720
	.byte	0xc0, 0xc0, 0xc0, 0xc0, 0xc0, 0xc0, 0x80, 0x00, 0x00, 0x00, 0x00, 0x00, 0x00, 0x00, 0x00, 0x00	; +0730
	.byte	0x7f, 0x7f, 0x01, 0x01, 0x03, 0x07, 0x0f, 0x1f, 0x3e, 0x7c, 0x78, 0x78, 0x7f, 0x7f, 0x00, 0x00	; +0740
	.byte	0xe0, 0xe0, 0xe0, 0xe0, 0xe0, 0xc0, 0x80, 0x00, 0x00, 0x00, 0x00, 0x00, 0xe0, 0xe0, 0x00, 0x00	; +0750
	.byte	0x1f, 0x1f, 0x1c, 0x1c, 0x1c, 0x1c, 0x1c, 0x1c, 0x1c, 0x1c, 0x1c, 0x1c, 0x1f, 0x1f, 0x00, 0x00	; +0760
	.byte	0x80, 0x80, 0x00, 0x00, 0x00, 0x00, 0x00, 0x00, 0x00, 0x00, 0x00, 0x00, 0x80, 0x80, 0x00, 0x00	; +0770
	.byte	0x00, 0x40, 0x60, 0x70, 0x38, 0x1c, 0x0e, 0x07, 0x03, 0x01, 0x00, 0x00, 0x00, 0x00, 0x00, 0x00	; +0780
	.byte	0x00, 0x00, 0x00, 0x00, 0x00, 0x00, 0x00, 0x00, 0x80, 0xc0, 0xe0, 0x60, 0x20, 0x00, 0x00, 0x00	; +0790
	.byte	0x1f, 0x1f, 0x03, 0x03, 0x03, 0x03, 0x03, 0x03, 0x03, 0x03, 0x03, 0x03, 0x1f, 0x1f, 0x00, 0x00	; +07a0
	.byte	0x80, 0x80, 0x80, 0x80, 0x80, 0x80, 0x80, 0x80, 0x80, 0x80, 0x80, 0x80, 0x80, 0x80, 0x00, 0x00	; +07b0
	.byte	0x18, 0x3c, 0x66, 0x00, 0x00, 0x00, 0x00, 0x00, 0x00, 0x00, 0x00, 0x00, 0x00, 0x00, 0x00, 0x00	; +07c0
	.byte	0x00, 0x00, 0x00, 0x00, 0x00, 0x00, 0x00, 0x00, 0x00, 0x00, 0x00, 0x00, 0x00, 0x00, 0x00, 0x00	; +07d0
	.byte	0x00, 0x00, 0x00, 0x00, 0x00, 0x00, 0x00, 0x00, 0x00, 0x00, 0x00, 0x00, 0x7f, 0x7f, 0x00, 0x00	; +07e0
	.byte	0x00, 0x00, 0x00, 0x00, 0x00, 0x00, 0x00, 0x00, 0x00, 0x00, 0x00, 0x00, 0xe0, 0xe0, 0x00, 0x00	; +07f0
	.byte	0x30, 0x78, 0x78, 0x30, 0x18, 0x00, 0x00, 0x00, 0x00, 0x00, 0x00, 0x00, 0x00, 0x00, 0x00, 0x00	; +0800
	.byte	0x00, 0x00, 0x00, 0x00, 0x00, 0x00, 0x00, 0x00, 0x00, 0x00, 0x00, 0x00, 0x00, 0x00, 0x00, 0x00	; +0810
	.byte	0x00, 0x00, 0x00, 0x00, 0x1f, 0x1f, 0x00, 0x1f, 0x3f, 0x79, 0x70, 0x79, 0x3f, 0x1f, 0x00, 0x00	; +0820
	.byte	0x00, 0x00, 0x00, 0x00, 0x80, 0xc0, 0xe0, 0xe0, 0xe0, 0xe0, 0xe0, 0xe0, 0xe0, 0xe0, 0x00, 0x00	; +0830
	.byte	0x70, 0x70, 0x70, 0x70, 0x7f, 0x7f, 0x71, 0x70, 0x70, 0x70, 0x70, 0x71, 0x7f, 0x7f, 0x00, 0x00	; +0840
	.byte	0x00, 0x00, 0x00, 0x00, 0x80, 0xc0, 0xe0, 0xe0, 0xe0, 0xe0, 0xe0, 0xe0, 0xc0, 0x80, 0x00, 0x00	; +0850
	.byte	0x00, 0x00, 0x00, 0x00, 0x1f, 0x3f, 0x79, 0x70, 0x70, 0x70, 0x70, 0x79, 0x3f, 0x1f, 0x00, 0x00	; +0860
	.byte	0x00, 0x00, 0x00, 0x00, 0x80, 0xc0, 0xe0, 0xe0, 0x00, 0x00, 0xe0, 0xe0, 0xc0, 0x80, 0x00, 0x00	; +0870
	.byte	0x00, 0x00, 0x00, 0x00, 0x1f, 0x3f, 0x78, 0x70, 0x70, 0x70, 0x70, 0x78, 0x3f, 0x1f, 0x00, 0x00	; +0880
	.byte	0xe0, 0xe0, 0xe0, 0xe0, 0xe0, 0xe0, 0xe0, 0xe0, 0xe0, 0xe0, 0xe0, 0xe0, 0xe0, 0xe0, 0x00, 0x00	; +0890
	.byte	0x00, 0x00, 0x00, 0x00, 0x1f, 0x3f, 0x79, 0x70, 0x7f, 0x7f, 0x70, 0x78, 0x3f, 0x1f, 0x00, 0x00	; +08a0
	.byte	0x00, 0x00, 0x00, 0x00, 0x80, 0xc0, 0xe0, 0xe0, 0xe0, 0xe0, 0x00, 0x00, 0xc0, 0x80, 0x00, 0x00	; +08b0
	.byte	0x03, 0x07, 0x0f, 0x0e, 0x7f, 0x7f, 0x0e, 0x0e, 0x0e, 0x0e, 0x0e, 0x0e, 0x0e, 0x0e, 0x00, 0x00	; +08c0
	.byte	0xc0, 0xc0, 0x00, 0x00, 0xc0, 0xc0, 0x00, 0x00, 0x00, 0x00, 0x00, 0x00, 0x00, 0x00, 0x00, 0x00	; +08d0
	.byte	0x00, 0x00, 0x00, 0x00, 0x1f, 0x3f, 0x79, 0x70, 0x70, 0x79, 0x3f, 0x1f, 0x00, 0x71, 0x7f, 0x3f	; +08e0
	.byte	0x00, 0x00, 0x00, 0x00, 0xe0, 0xe0, 0xe0, 0xe0, 0xe0, 0xe0, 0xe0, 0xe0, 0xe0, 0xe0, 0xc0, 0x80	; +08f0
	.byte	0x70, 0x70, 0x70, 0x70, 0x7f, 0x7f, 0x71, 0x70, 0x70, 0x70, 0x70, 0x70, 0x70, 0x70, 0x00, 0x00	; +0900
	.byte	0x00, 0x00, 0x00, 0x00, 0x80, 0xc0, 0xe0, 0xe0, 0xe0, 0xe0, 0xe0, 0xe0, 0xe0, 0xe0, 0x00, 0x00	; +0910
	.byte	0x0e, 0x0e, 0x00, 0x00, 0x0e, 0x0e, 0x0e, 0x0e, 0x0e, 0x0e, 0x0e, 0x0e, 0x0e, 0x0e, 0x00, 0x00	; +0920
	.byte	0x00, 0x00, 0x00, 0x00, 0x00, 0x00, 0x00, 0x00, 0x00, 0x00, 0x00, 0x00, 0x00, 0x00, 0x00, 0x00	; +0930
	.byte	0x00, 0x00, 0x00, 0x00, 0x00, 0x00, 0x00, 0x00, 0x00, 0x00, 0x00, 0x00, 0x70, 0x79, 0x3f, 0x1f	; +0940
	.byte	0x00, 0x00, 0xe0, 0xe0, 0x00, 0xe0, 0xe0, 0xe0, 0xe0, 0xe0, 0xe0, 0xe0, 0xe0, 0xe0, 0xc0, 0x80	; +0950
	.byte	0x70, 0x70, 0x70, 0x70, 0x70, 0x71, 0x73, 0x77, 0x7f, 0x7f, 0x77, 0x73, 0x71, 0x70, 0x00, 0x00	; +0960
	.byte	0x00, 0x00, 0x00, 0x00, 0xe0, 0xe0, 0xc0, 0x80, 0x00, 0x00, 0x80, 0xc0, 0xe0, 0xe0, 0x00, 0x00	; +0970
	.byte	0x0e, 0x0e, 0x0e, 0x0e, 0x0e, 0x0e, 0x0e, 0x0e, 0x0e, 0x0e, 0x0e, 0x0e, 0x0f, 0x07, 0x00, 0x00	; +0980
	.byte	0x00, 0x00, 0x00, 0x00, 0x00, 0x00, 0x00, 0x00, 0x00, 0x00, 0x00, 0x00, 0x00, 0x00, 0x00, 0x00	; +0990
	.byte	0x00, 0x00, 0x00, 0x00, 0x7f, 0x7f, 0x76, 0x76, 0x76, 0x76, 0x76, 0x76, 0x76, 0x76, 0x00, 0x00	; +09a0
	.byte	0x00, 0x00, 0x00, 0x00, 0x80, 0xc0, 0xe0, 0xe0, 0xe0, 0xe0, 0xe0, 0xe0, 0xe0, 0xe0, 0x00, 0x00	; +09b0
	.byte	0x00, 0x00, 0x00, 0x00, 0x7f, 0x7f, 0x71, 0x70, 0x70, 0x70, 0x70, 0x70, 0x70, 0x70, 0x00, 0x00	; +09c0
	.byte	0x00, 0x00, 0x00, 0x00, 0x80, 0xc0, 0xe0, 0xe0, 0xe0, 0xe0, 0xe0, 0xe0, 0xe0, 0xe0, 0x00, 0x00	; +09d0
	.byte	0x00, 0x00, 0x00, 0x00, 0x1f, 0x3f, 0x79, 0x70, 0x70, 0x70, 0x70, 0x79, 0x3f, 0x1f, 0x00, 0x00	; +09e0
	.byte	0x00, 0x00, 0x00, 0x00, 0x80, 0xc0, 0xe0, 0xe0, 0xe0, 0xe0, 0xe0, 0xe0, 0xc0, 0x80, 0x00, 0x00	; +09f0
	.byte	0x00, 0x00, 0x00, 0x00, 0x7f, 0x7f, 0x71, 0x70, 0x70, 0x70, 0x71, 0x7f, 0x7f, 0x70, 0x70, 0x70	; +0a00
	.byte	0x00, 0x00, 0x00, 0x00, 0x80, 0xc0, 0xe0, 0xe0, 0xe0, 0xe0, 0xe0, 0xc0, 0x80, 0x00, 0x00, 0x00	; +0a10
	.byte	0x00, 0x00, 0x00, 0x00, 0x1f, 0x3f, 0x78, 0x70, 0x70, 0x70, 0x78, 0x3f, 0x1f, 0x00, 0x00, 0x00	; +0a20
	.byte	0x00, 0x00, 0x00, 0x00, 0xe0, 0xe0, 0xe0, 0xe0, 0xe0, 0xe0, 0xe0, 0xe0, 0xe0, 0xe0, 0xe0, 0xe0	; +0a30
	.byte	0x00, 0x00, 0x00, 0x00, 0x73, 0x77, 0x7e, 0x7c, 0x78, 0x70, 0x70, 0x70, 0x70, 0x70, 0x00, 0x00	; +0a40
	.byte	0x00, 0x00, 0x00, 0x00, 0x80, 0xc0, 0xe0, 0x60, 0x00, 0x00, 0x00, 0x00, 0x00, 0x00, 0x00, 0x00	; +0a50
	.byte	0x00, 0x00, 0x00, 0x00, 0x3f, 0x7f, 0x70, 0x70, 0x7f, 0x3f, 0x00, 0x70, 0x7f, 0x3f, 0x00, 0x00	; +0a60
	.byte	0x00, 0x00, 0x00, 0x00, 0xc0, 0xe0, 0xe0, 0x00, 0xc0, 0xe0, 0xe0, 0xe0, 0xe0, 0xc0, 0x00, 0x00	; +0a70
	.byte	0x0e, 0x0e, 0x0e, 0x0e, 0x7f, 0x7f, 0x0e, 0x0e, 0x0e, 0x0e, 0x0e, 0x0e, 0x0f, 0x07, 0x00, 0x00	; +0a80
	.byte	0x00, 0x00, 0x00, 0x00, 0xc0, 0xc0, 0x00, 0x00, 0x00, 0x00, 0x00, 0x00, 0x80, 0x80, 0x00, 0x00	; +0a90
	.byte	0x00, 0x00, 0x00, 0x00, 0x70, 0x70, 0x70, 0x70, 0x70, 0x70, 0x70, 0x78, 0x3f, 0x1f, 0x00, 0x00	; +0aa0
	.byte	0x00, 0x00, 0x00, 0x00, 0xe0, 0xe0, 0xe0, 0xe0, 0xe0, 0xe0, 0xe0, 0xe0, 0xe0, 0xe0, 0x00, 0x00	; +0ab0
	.byte	0x00, 0x00, 0x00, 0x00, 0x70, 0x70, 0x70, 0x70, 0x70, 0x79, 0x3f, 0x1f, 0x0f, 0x06, 0x00, 0x00	; +0ac0
	.byte	0x00, 0x00, 0x00, 0x00, 0xe0, 0xe0, 0xe0, 0xe0, 0xe0, 0xe0, 0xc0, 0x80, 0x00, 0x00, 0x00, 0x00	; +0ad0
	.byte	0x00, 0x00, 0x00, 0x00, 0x70, 0x70, 0x70, 0x76, 0x76, 0x76, 0x7f, 0x7f, 0x39, 0x10, 0x00, 0x00	; +0ae0
	.byte	0x00, 0x00, 0x00, 0x00, 0xe0, 0xe0, 0xe0, 0xe0, 0xe0, 0xe0, 0xe0, 0xe0, 0xc0, 0x80, 0x00, 0x00	; +0af0
	.byte	0x00, 0x00, 0x00, 0x00, 0x70, 0x70, 0x79, 0x3f, 0x0f, 0x0f, 0x3f, 0x79, 0x70, 0x70, 0x00, 0x00	; +0b00
	.byte	0x00, 0x00, 0x00, 0x00, 0xe0, 0xe0, 0xe0, 0xc0, 0x00, 0x00, 0xc0, 0xe0, 0xe0, 0xe0, 0x00, 0x00	; +0b10
	.byte	0x00, 0x00, 0x00, 0x00, 0x70, 0x70, 0x70, 0x70, 0x70, 0x79, 0x3f, 0x1f, 0x0f, 0x07, 0x7e, 0x7c	; +0b20
	.byte	0x00, 0x00, 0x00, 0x00, 0xe0, 0xe0, 0xe0, 0xe0, 0xe0, 0xe0, 0xe0, 0xc0, 0x80, 0x00, 0x00, 0x00	; +0b30
	.byte	0x00, 0x00, 0x00, 0x00, 0x7f, 0x7f, 0x01, 0x03, 0x07, 0x0f, 0x1e, 0x3c, 0x7f, 0x7f, 0x00, 0x00	; +0b40
	.byte	0x00, 0x00, 0x00, 0x00, 0xe0, 0xe0, 0xe0, 0xc0, 0x80, 0x00, 0x00, 0x00, 0xe0, 0xe0, 0x00, 0x00	; +0b50
	.byte	0x03, 0x07, 0x0e, 0x0c, 0x0c, 0x1c, 0x38, 0x38, 0x1c, 0x0c, 0x0c, 0x0e, 0x07, 0x03, 0x00, 0x00	; +0b60
	.byte	0x00, 0x00, 0x00, 0x00, 0x00, 0x00, 0x00, 0x00, 0x00, 0x00, 0x00, 0x00, 0x00, 0x00, 0x00, 0x00	; +0b70
	.byte	0x06, 0x06, 0x06, 0x06, 0x06, 0x06, 0x06, 0x06, 0x06, 0x06, 0x06, 0x06, 0x06, 0x06, 0x00, 0x00	; +0b80
	.byte	0x00, 0x00, 0x00, 0x00, 0x00, 0x00, 0x00, 0x00, 0x00, 0x00, 0x00, 0x00, 0x00, 0x00, 0x00, 0x00	; +0b90
	.byte	0x18, 0x1c, 0x0e, 0x06, 0x06, 0x07, 0x03, 0x03, 0x07, 0x06, 0x06, 0x0e, 0x1c, 0x18, 0x00, 0x00	; +0ba0
	.byte	0x00, 0x00, 0x00, 0x00, 0x00, 0x00, 0x80, 0x80, 0x00, 0x00, 0x00, 0x00, 0x00, 0x00, 0x00, 0x00	; +0bb0
	.byte	0x1c, 0x3e, 0x77, 0x63, 0x00, 0x00, 0x00, 0x00, 0x00, 0x00, 0x00, 0x00, 0x00, 0x00, 0x00, 0x00	; +0bc0
	.byte	0x60, 0xe0, 0xc0, 0x80, 0x00, 0x00, 0x00, 0x00, 0x00, 0x00, 0x00, 0x00, 0x00, 0x00, 0x00, 0x00	; +0bd0
	.byte	0x7f, 0x40, 0x40, 0x40, 0x40, 0x40, 0x40, 0x40, 0x40, 0x40, 0x40, 0x40, 0x40, 0x7f, 0x00, 0x00	; +0be0
	.byte	0xe0, 0x20, 0x20, 0x20, 0x20, 0x20, 0x20, 0x20, 0x20, 0x20, 0x20, 0x20, 0x20, 0xe0, 0x00, 0x00	; +0bf0
	.byte	0x7f, 0x40, 0x40, 0x40, 0x40, 0x40, 0x40, 0x40, 0x40, 0x40, 0x40, 0x40, 0x40, 0x7f, 0x00, 0x00	; +0c00
	.byte	0xe0, 0x20, 0x20, 0x20, 0x20, 0x20, 0x20, 0x20, 0x20, 0x20, 0x20, 0x20, 0x20, 0xe0, 0x00, 0x00	; +0c10
	.byte	0x7f, 0x40, 0x40, 0x40, 0x40, 0x40, 0x40, 0x40, 0x40, 0x40, 0x40, 0x40, 0x40, 0x7f, 0x00, 0x00	; +0c20
	.byte	0xe0, 0x20, 0x20, 0x20, 0x20, 0x20, 0x20, 0x20, 0x20, 0x20, 0x20, 0x20, 0x20, 0xe0, 0x00, 0x00	; +0c30
	.byte	0x00, 0x00, 0x00, 0x00, 0x00, 0x00, 0x00, 0x00, 0x00, 0x00, 0x30, 0x78, 0x78, 0x30, 0x60, 0x00	; +0c40
	.byte	0x00, 0x00, 0x00, 0x00, 0x00, 0x00, 0x00, 0x00, 0x00, 0x00, 0x00, 0x00, 0x00, 0x00, 0x00, 0x00	; +0c50
	.byte	0x03, 0x07, 0x07, 0x07, 0x7f, 0x7f, 0x0e, 0x0e, 0x1c, 0x1c, 0x1c, 0x3c, 0x78, 0x70, 0x70, 0x70	; +0c60
	.byte	0xc0, 0xc0, 0x00, 0x00, 0xc0, 0xc0, 0x00, 0x00, 0x00, 0x00, 0x00, 0x00, 0x00, 0x00, 0x00, 0x00	; +0c70
	.byte	0x00, 0x00, 0x00, 0x00, 0x00, 0x00, 0x00, 0x00, 0x00, 0x00, 0x31, 0x7b, 0x7b, 0x31, 0x63, 0x00	; +0c80
	.byte	0x00, 0x00, 0x00, 0x00, 0x00, 0x00, 0x00, 0x00, 0x00, 0x00, 0x80, 0xc0, 0xc0, 0x80, 0x00, 0x00	; +0c90
	.byte	0x00, 0x00, 0x00, 0x00, 0x00, 0x00, 0x00, 0x00, 0x00, 0x00, 0x31, 0x7b, 0x7b, 0x31, 0x00, 0x00	; +0ca0
	.byte	0x00, 0x00, 0x00, 0x00, 0x00, 0x00, 0x00, 0x00, 0x00, 0x00, 0x80, 0xc0, 0xc0, 0x80, 0x00, 0x00	; +0cb0
	.byte	0x0e, 0x0e, 0x0e, 0x7f, 0x7f, 0x0e, 0x0e, 0x0e, 0x0e, 0x0e, 0x0e, 0x0e, 0x0e, 0x0e, 0x00, 0x00	; +0cc0
	.byte	0x00, 0x00, 0x00, 0xc0, 0xc0, 0x00, 0x00, 0x00, 0x00, 0x00, 0x00, 0x00, 0x00, 0x00, 0x00, 0x00	; +0cd0
	.byte	0x0e, 0x0e, 0x0e, 0x7f, 0x7f, 0x0e, 0x0e, 0x0e, 0x0e, 0x7f, 0x7f, 0x0e, 0x0e, 0x0e, 0x00, 0x00	; +0ce0
	.byte	0x00, 0x00, 0x00, 0xc0, 0xc0, 0x00, 0x00, 0x00, 0x00, 0xc0, 0xc0, 0x00, 0x00, 0x00, 0x00, 0x00	; +0cf0
	.byte	0x0e, 0x1f, 0x11, 0x00, 0x00, 0x00, 0x00, 0x00, 0x00, 0x00, 0x00, 0x00, 0x00, 0x00, 0x00, 0x00	; +0d00
	.byte	0x00, 0x00, 0x00, 0x00, 0x00, 0x00, 0x00, 0x00, 0x00, 0x00, 0x00, 0x00, 0x00, 0x00, 0x00, 0x00	; +0d10
	.byte	0x20, 0x50, 0x50, 0x51, 0x23, 0x06, 0x0c, 0x18, 0x30, 0x64, 0x4a, 0x0a, 0x0a, 0x04, 0x00, 0x00	; +0d20
	.byte	0x00, 0x00, 0x00, 0x80, 0x00, 0x00, 0x00, 0x00, 0x00, 0x40, 0xa0, 0xa0, 0xa0, 0x40, 0x00, 0x00	; +0d30
	.byte	0x39, 0x0f, 0x1f, 0x3f, 0x79, 0x70, 0x78, 0x3f, 0x1f, 0x01, 0x70, 0x79, 0x3f, 0x1f, 0x00, 0x00	; +0d40
	.byte	0xc0, 0x00, 0x80, 0xc0, 0xe0, 0xe0, 0x00, 0x80, 0xc0, 0xe0, 0xe0, 0xe0, 0xc0, 0x80, 0x00, 0x00	; +0d50
	.byte	0x00, 0x00, 0x00, 0x00, 0x00, 0x06, 0x0c, 0x0c, 0x0c, 0x18, 0x0c, 0x0c, 0x0c, 0x06, 0x00, 0x00	; +0d60
	.byte	0x00, 0x00, 0x00, 0x00, 0x00, 0x00, 0x00, 0x00, 0x00, 0x00, 0x00, 0x00, 0x00, 0x00, 0x00, 0x00	; +0d70
	.byte	0x1d, 0x3f, 0x7b, 0x73, 0x73, 0x73, 0x73, 0x73, 0x73, 0x73, 0x73, 0x7b, 0x3f, 0x1d, 0x00, 0x00	; +0d80
	.byte	0xe0, 0xe0, 0x80, 0x80, 0x80, 0x80, 0xe0, 0xe0, 0x80, 0x80, 0x80, 0x80, 0xe0, 0xe0, 0x00, 0x00	; +0d90
	.byte	0x7f, 0x40, 0x40, 0x40, 0x40, 0x40, 0x40, 0x40, 0x40, 0x40, 0x40, 0x40, 0x40, 0x7f, 0x00, 0x00	; +0da0
	.byte	0xe0, 0x20, 0x20, 0x20, 0x20, 0x20, 0x20, 0x20, 0x20, 0x20, 0x20, 0x20, 0x20, 0xe0, 0x00, 0x00	; +0db0
	.byte	0x7f, 0x40, 0x40, 0x40, 0x40, 0x40, 0x40, 0x40, 0x40, 0x40, 0x40, 0x40, 0x40, 0x7f, 0x00, 0x00	; +0dc0
	.byte	0xe0, 0x20, 0x20, 0x20, 0x20, 0x20, 0x20, 0x20, 0x20, 0x20, 0x20, 0x20, 0x20, 0xe0, 0x00, 0x00	; +0dd0
	.byte	0x7f, 0x40, 0x40, 0x40, 0x40, 0x40, 0x40, 0x40, 0x40, 0x40, 0x40, 0x40, 0x40, 0x7f, 0x00, 0x00	; +0de0
	.byte	0xe0, 0x20, 0x20, 0x20, 0x20, 0x20, 0x20, 0x20, 0x20, 0x20, 0x20, 0x20, 0x20, 0xe0, 0x00, 0x00	; +0df0
	.byte	0x7f, 0x40, 0x40, 0x40, 0x40, 0x40, 0x40, 0x40, 0x40, 0x40, 0x40, 0x40, 0x40, 0x7f, 0x00, 0x00	; +0e00
	.byte	0xe0, 0x20, 0x20, 0x20, 0x20, 0x20, 0x20, 0x20, 0x20, 0x20, 0x20, 0x20, 0x20, 0xe0, 0x00, 0x00	; +0e10
	.byte	0x18, 0x30, 0x78, 0x78, 0x30, 0x00, 0x00, 0x00, 0x00, 0x00, 0x00, 0x00, 0x00, 0x00, 0x00, 0x00	; +0e20
	.byte	0x00, 0x00, 0x00, 0x00, 0x00, 0x00, 0x00, 0x00, 0x00, 0x00, 0x00, 0x00, 0x00, 0x00, 0x00, 0x00	; +0e30
	.byte	0x30, 0x78, 0x78, 0x30, 0x60, 0x00, 0x00, 0x00, 0x00, 0x00, 0x00, 0x00, 0x00, 0x00, 0x00, 0x00	; +0e40
	.byte	0x00, 0x00, 0x00, 0x00, 0x00, 0x00, 0x00, 0x00, 0x00, 0x00, 0x00, 0x00, 0x00, 0x00, 0x00, 0x00	; +0e50
	.byte	0x18, 0x31, 0x7b, 0x7b, 0x31, 0x00, 0x00, 0x00, 0x00, 0x00, 0x00, 0x00, 0x00, 0x00, 0x00, 0x00	; +0e60
	.byte	0xc0, 0x80, 0xc0, 0xc0, 0x80, 0x00, 0x00, 0x00, 0x00, 0x00, 0x00, 0x00, 0x00, 0x00, 0x00, 0x00	; +0e70
	.byte	0x31, 0x7b, 0x7b, 0x31, 0x63, 0x00, 0x00, 0x00, 0x00, 0x00, 0x00, 0x00, 0x00, 0x00, 0x00, 0x00	; +0e80
	.byte	0x80, 0xc0, 0xc0, 0x80, 0x00, 0x00, 0x00, 0x00, 0x00, 0x00, 0x00, 0x00, 0x00, 0x00, 0x00, 0x00	; +0e90
	.byte	0x00, 0x00, 0x00, 0x00, 0x00, 0x0e, 0x1f, 0x1f, 0x1f, 0x0e, 0x00, 0x00, 0x00, 0x00, 0x00, 0x00	; +0ea0
	.byte	0x00, 0x00, 0x00, 0x00, 0x00, 0x00, 0x00, 0x00, 0x00, 0x00, 0x00, 0x00, 0x00, 0x00, 0x00, 0x00	; +0eb0
	.byte	0x00, 0x00, 0x00, 0x00, 0x00, 0x00, 0x00, 0x00, 0x00, 0x00, 0x00, 0x00, 0x7f, 0x7f, 0x00, 0x00	; +0ec0
	.byte	0x00, 0x00, 0x00, 0x00, 0x00, 0x00, 0x00, 0x00, 0x00, 0x00, 0x00, 0x00, 0xe0, 0xe0, 0x00, 0x00	; +0ed0
	.byte	0x00, 0x00, 0x00, 0x00, 0x00, 0x00, 0x00, 0x00, 0x00, 0x00, 0x00, 0x00, 0x7f, 0x7f, 0x00, 0x00	; +0ee0
	.byte	0x00, 0x00, 0x00, 0x00, 0x00, 0x00, 0x00, 0x00, 0x00, 0x00, 0x00, 0x00, 0xe0, 0xe0, 0x00, 0x00	; +0ef0
	.byte	0x1d, 0x3d, 0x6f, 0x47, 0x00, 0x00, 0x00, 0x00, 0x00, 0x00, 0x00, 0x00, 0x00, 0x00, 0x00, 0x00	; +0f00
	.byte	0x80, 0x80, 0x80, 0x00, 0x00, 0x00, 0x00, 0x00, 0x00, 0x00, 0x00, 0x00, 0x00, 0x00, 0x00, 0x00	; +0f10
	.byte	0xfc, 0xfe, 0x6f, 0x6f, 0x6d, 0x6c, 0x6c, 0x00, 0x00, 0x00, 0x00, 0x00, 0x00, 0x00, 0x00, 0x00	; +0f20
	.byte	0x60, 0xe0, 0xe0, 0xe0, 0x60, 0x60, 0x60, 0x00, 0x00, 0x00, 0x00, 0x00, 0x00, 0x00, 0x00, 0x00	; +0f30
	.byte	0x00, 0x39, 0x0f, 0x00, 0x3f, 0x7f, 0x70, 0x70, 0x7f, 0x3f, 0x00, 0x70, 0x7f, 0x3f, 0x00, 0x00	; +0f40
	.byte	0x00, 0xc0, 0x00, 0x00, 0xc0, 0xe0, 0xe0, 0x00, 0xc0, 0xe0, 0xe0, 0xe0, 0xe0, 0xc0, 0x00, 0x00	; +0f50
	.byte	0x00, 0x00, 0x00, 0x00, 0x00, 0x0c, 0x06, 0x06, 0x06, 0x03, 0x06, 0x06, 0x06, 0x0c, 0x00, 0x00	; +0f60
	.byte	0x00, 0x00, 0x00, 0x00, 0x00, 0x00, 0x00, 0x00, 0x00, 0x00, 0x00, 0x00, 0x00, 0x00, 0x00, 0x00	; +0f70
	.byte	0x00, 0x00, 0x00, 0x00, 0x3b, 0x7f, 0x66, 0x66, 0x67, 0x67, 0x66, 0x66, 0x7f, 0x3b, 0x00, 0x00	; +0f80
	.byte	0x00, 0x00, 0x00, 0x00, 0xc0, 0xe0, 0x60, 0x60, 0xe0, 0xe0, 0x00, 0x00, 0xe0, 0xc0, 0x00, 0x00	; +0f90
	.byte	0x7f, 0x40, 0x40, 0x40, 0x40, 0x40, 0x40, 0x40, 0x40, 0x40, 0x40, 0x40, 0x40, 0x7f, 0x00, 0x00	; +0fa0
	.byte	0xe0, 0x20, 0x20, 0x20, 0x20, 0x20, 0x20, 0x20, 0x20, 0x20, 0x20, 0x20, 0x20, 0xe0, 0x00, 0x00	; +0fb0
	.byte	0x7f, 0x40, 0x40, 0x40, 0x40, 0x40, 0x40, 0x40, 0x40, 0x40, 0x40, 0x40, 0x40, 0x7f, 0x00, 0x00	; +0fc0
	.byte	0xe0, 0x20, 0x20, 0x20, 0x20, 0x20, 0x20, 0x20, 0x20, 0x20, 0x20, 0x20, 0x20, 0xe0, 0x00, 0x00	; +0fd0
	.byte	0x71, 0x71, 0x71, 0x71, 0x71, 0x7b, 0x3f, 0x1f, 0x0e, 0x0e, 0x0e, 0x0e, 0x0e, 0x0e, 0x00, 0x00	; +0fe0
	.byte	0xc0, 0xc0, 0xc0, 0xc0, 0xc0, 0xc0, 0x80, 0x00, 0x00, 0x00, 0x00, 0x00, 0x00, 0x00, 0x00, 0x00	; +0ff0
	.byte	0x00, 0x00, 0x00, 0x00, 0x00, 0x00, 0x00, 0x00, 0x00, 0x00, 0x00, 0x00, 0x00, 0x00, 0x00, 0x00	; +1000
	.byte	0x00, 0x00, 0x00, 0x00, 0x00, 0x00, 0x00, 0x00, 0x00, 0x00, 0x00, 0x00, 0x00, 0x00, 0x00, 0x00	; +1010
	.byte	0x0e, 0x0e, 0x00, 0x00, 0x0e, 0x0e, 0x0e, 0x0e, 0x0e, 0x0e, 0x0e, 0x0e, 0x0e, 0x0e, 0x00, 0x00	; +1020
	.byte	0x00, 0x00, 0x00, 0x00, 0x00, 0x00, 0x00, 0x00, 0x00, 0x00, 0x00, 0x00, 0x00, 0x00, 0x00, 0x00	; +1030
	.byte	0x00, 0x00, 0x01, 0x01, 0x1f, 0x3f, 0x7b, 0x77, 0x76, 0x76, 0x7e, 0x7d, 0x3f, 0x3f, 0x70, 0x60	; +1040
	.byte	0xc0, 0xc0, 0xc0, 0x80, 0x80, 0xc0, 0xe0, 0xe0, 0x00, 0x00, 0xe0, 0xe0, 0xc0, 0x80, 0x00, 0x00	; +1050
	.byte	0x1e, 0x3e, 0x38, 0x38, 0x38, 0x7e, 0x7e, 0x38, 0x38, 0x38, 0x38, 0x38, 0x7f, 0x7f, 0x00, 0x00	; +1060
	.byte	0x00, 0x00, 0x00, 0x00, 0x00, 0x00, 0x00, 0x00, 0x00, 0x00, 0x00, 0xe0, 0xe0, 0x80, 0x00, 0x00	; +1070
	.byte	0x00, 0x00, 0x00, 0x00, 0x11, 0x3f, 0x7f, 0x31, 0x31, 0x31, 0x31, 0x7f, 0x3f, 0x11, 0x00, 0x00	; +1080
	.byte	0x00, 0x00, 0x00, 0x00, 0x00, 0x80, 0xc0, 0x80, 0x80, 0x80, 0x80, 0xc0, 0x80, 0x00, 0x00, 0x00	; +1090
	.byte	0x71, 0x71, 0x3b, 0x1f, 0x0e, 0x7f, 0x7f, 0x0e, 0x0e, 0x7f, 0x7f, 0x0e, 0x0e, 0x0e, 0x00, 0x00	; +10a0
	.byte	0xc0, 0xc0, 0x80, 0x00, 0x00, 0xc0, 0xc0, 0x00, 0x00, 0xc0, 0xc0, 0x00, 0x00, 0x00, 0x00, 0x00	; +10b0
	.byte	0x0e, 0x0e, 0x0e, 0x0e, 0x0e, 0x0e, 0x0e, 0x00, 0x00, 0x0e, 0x0e, 0x0e, 0x0e, 0x0e, 0x0e, 0x0e	; +10c0
	.byte	0x00, 0x00, 0x00, 0x00, 0x00, 0x00, 0x00, 0x00, 0x00, 0x00, 0x00, 0x00, 0x00, 0x00, 0x00, 0x00	; +10d0
	.byte	0x03, 0x04, 0x08, 0x08, 0x3c, 0x42, 0x41, 0x20, 0x10, 0x08, 0x04, 0x03, 0x02, 0x02, 0x24, 0x38	; +10e0
	.byte	0x80, 0x80, 0x00, 0x00, 0x00, 0x00, 0x00, 0x80, 0x40, 0x40, 0x40, 0x80, 0x00, 0x00, 0x00, 0x00	; +10f0
	.byte	0x31, 0x7b, 0x7b, 0x31, 0x00, 0x00, 0x00, 0x00, 0x00, 0x00, 0x00, 0x00, 0x00, 0x00, 0x00, 0x00	; +1100
	.byte	0x80, 0xc0, 0xc0, 0x80, 0x00, 0x00, 0x00, 0x00, 0x00, 0x00, 0x00, 0x00, 0x00, 0x00, 0x00, 0x00	; +1110
	.byte	0x3f, 0x7f, 0xe0, 0xce, 0xdf, 0xd9, 0xd8, 0xd8, 0xd9, 0xdf, 0xce, 0xe0, 0x7f, 0x3f, 0x00, 0x00	; +1120
	.byte	0x80, 0xc0, 0xe0, 0x60, 0x60, 0x60, 0x60, 0x60, 0x60, 0x60, 0x60, 0xe0, 0xc0, 0x80, 0x00, 0x00	; +1130
	.byte	0x3c, 0x06, 0x1e, 0x36, 0x36, 0x36, 0x1e, 0x00, 0x00, 0x00, 0x00, 0x00, 0x00, 0x00, 0x00, 0x00	; +1140
	.byte	0x00, 0x00, 0x00, 0x00, 0x00, 0x00, 0x00, 0x00, 0x00, 0x00, 0x00, 0x00, 0x00, 0x00, 0x00, 0x00	; +1150
	.byte	0x00, 0x00, 0x00, 0x00, 0x00, 0x0c, 0x19, 0x19, 0x19, 0x33, 0x19, 0x19, 0x19, 0x0c, 0x00, 0x00	; +1160
	.byte	0x00, 0x00, 0x00, 0x00, 0x00, 0xc0, 0x80, 0x80, 0x80, 0x00, 0x80, 0x80, 0x80, 0xc0, 0x00, 0x00	; +1170
	.byte	0x00, 0x00, 0x00, 0x00, 0x00, 0x00, 0x00, 0x7f, 0x7f, 0x00, 0x00, 0x00, 0x00, 0x00, 0x00, 0x00	; +1180
	.byte	0x00, 0x00, 0x00, 0x00, 0x00, 0x00, 0x00, 0xc0, 0xc0, 0xc0, 0xc0, 0xc0, 0xc0, 0xc0, 0x00, 0x00	; +1190
	.byte	0x00, 0x00, 0x00, 0x00, 0x00, 0x00, 0x00, 0x00, 0x00, 0x1f, 0x1f, 0x00, 0x00, 0x00, 0x00, 0x00	; +11a0
	.byte	0x00, 0x00, 0x00, 0x00, 0x00, 0x00, 0x00, 0x00, 0x00, 0x00, 0x00, 0x00, 0x00, 0x00, 0x00, 0x00	; +11b0
	.byte	0x3f, 0x7f, 0xe0, 0xde, 0xdf, 0xdb, 0xdb, 0xde, 0xde, 0xdb, 0xdb, 0xe0, 0x7f, 0x3f, 0x00, 0x00	; +11c0
	.byte	0x80, 0xc0, 0xe0, 0x60, 0x60, 0x60, 0x60, 0x60, 0x60, 0x60, 0x60, 0xe0, 0xc0, 0x80, 0x00, 0x00	; +11d0
	.byte	0x7f, 0x7f, 0x00, 0x00, 0x00, 0x00, 0x00, 0x00, 0x00, 0x00, 0x00, 0x00, 0x00, 0x00, 0x00, 0x00	; +11e0
	.byte	0xe0, 0xe0, 0x00, 0x00, 0x00, 0x00, 0x00, 0x00, 0x00, 0x00, 0x00, 0x00, 0x00, 0x00, 0x00, 0x00	; +11f0
	.byte	0x30, 0x48, 0x48, 0x30, 0x00, 0x00, 0x00, 0x00, 0x00, 0x00, 0x00, 0x00, 0x00, 0x00, 0x00, 0x00	; +1200
	.byte	0x00, 0x00, 0x00, 0x00, 0x00, 0x00, 0x00, 0x00, 0x00, 0x00, 0x00, 0x00, 0x00, 0x00, 0x00, 0x00	; +1210
	.byte	0x00, 0x00, 0x06, 0x06, 0x06, 0x3f, 0x3f, 0x06, 0x06, 0x06, 0x00, 0x3f, 0x3f, 0x00, 0x00, 0x00	; +1220
	.byte	0x00, 0x00, 0x00, 0x00, 0x00, 0xc0, 0xc0, 0x00, 0x00, 0x00, 0x00, 0xc0, 0xc0, 0x00, 0x00, 0x00	; +1230
	.byte	0x30, 0x48, 0x08, 0x10, 0x20, 0x78, 0x00, 0x00, 0x00, 0x00, 0x00, 0x00, 0x00, 0x00, 0x00, 0x00	; +1240
	.byte	0x00, 0x00, 0x00, 0x00, 0x00, 0x00, 0x00, 0x00, 0x00, 0x00, 0x00, 0x00, 0x00, 0x00, 0x00, 0x00	; +1250
	.byte	0x30, 0x48, 0x10, 0x08, 0x48, 0x30, 0x00, 0x00, 0x00, 0x00, 0x00, 0x00, 0x00, 0x00, 0x00, 0x00	; +1260
	.byte	0x00, 0x00, 0x00, 0x00, 0x00, 0x00, 0x00, 0x00, 0x00, 0x00, 0x00, 0x00, 0x00, 0x00, 0x00, 0x00	; +1270
	.byte	0x0c, 0x18, 0x30, 0x00, 0x00, 0x00, 0x00, 0x00, 0x00, 0x00, 0x00, 0x00, 0x00, 0x00, 0x00, 0x00	; +1280
	.byte	0x00, 0x00, 0x00, 0x00, 0x00, 0x00, 0x00, 0x00, 0x00, 0x00, 0x00, 0x00, 0x00, 0x00, 0x00, 0x00	; +1290
	.byte	0x70, 0x70, 0x71, 0x71, 0x71, 0x71, 0x71, 0x71, 0x73, 0x73, 0x77, 0x7f, 0x7d, 0x79, 0x70, 0x70	; +12a0
	.byte	0x00, 0x00, 0xc0, 0xc0, 0xc0, 0xc0, 0xc0, 0xc0, 0xc0, 0xc0, 0xc0, 0xc0, 0xe0, 0xe0, 0x00, 0x00	; +12b0
	.byte	0x3f, 0x3f, 0x79, 0x79, 0x79, 0x39, 0x19, 0x19, 0x19, 0x19, 0x19, 0x19, 0x19, 0x19, 0x00, 0x00	; +12c0
	.byte	0xe0, 0xe0, 0x80, 0x80, 0x80, 0x80, 0x80, 0x80, 0x80, 0x80, 0x80, 0x80, 0x80, 0x80, 0x00, 0x00	; +12d0
	.byte	0x00, 0x00, 0x00, 0x00, 0x00, 0x06, 0x0f, 0x0f, 0x06, 0x00, 0x00, 0x00, 0x00, 0x00, 0x00, 0x00	; +12e0
	.byte	0x00, 0x00, 0x00, 0x00, 0x00, 0x00, 0x00, 0x00, 0x00, 0x00, 0x00, 0x00, 0x00, 0x00, 0x00, 0x00	; +12f0
	.byte	0x00, 0x00, 0x00, 0x00, 0x00, 0x00, 0x00, 0x00, 0x00, 0x00, 0x00, 0x00, 0x00, 0x0f, 0x03, 0x1e	; +1300
	.byte	0x00, 0x00, 0x00, 0x00, 0x00, 0x00, 0x00, 0x00, 0x00, 0x00, 0x00, 0x00, 0x00, 0x80, 0x00, 0x00	; +1310
	.byte	0x20, 0x60, 0x20, 0x20, 0x20, 0x70, 0x00, 0x00, 0x00, 0x00, 0x00, 0x00, 0x00, 0x00, 0x00, 0x00	; +1320
	.byte	0x00, 0x00, 0x00, 0x00, 0x00, 0x00, 0x00, 0x00, 0x00, 0x00, 0x00, 0x00, 0x00, 0x00, 0x00, 0x00	; +1330
	.byte	0x00, 0x30, 0x48, 0x48, 0x48, 0x48, 0x30, 0x00, 0x00, 0x00, 0x00, 0x00, 0x00, 0x00, 0x00, 0x00	; +1340
	.byte	0x00, 0x00, 0x00, 0x00, 0x00, 0x00, 0x00, 0x00, 0x00, 0x00, 0x00, 0x00, 0x00, 0x00, 0x00, 0x00	; +1350
	.byte	0x00, 0x00, 0x00, 0x00, 0x00, 0x33, 0x19, 0x19, 0x19, 0x0c, 0x19, 0x19, 0x19, 0x33, 0x00, 0x00	; +1360
	.byte	0x00, 0x00, 0x00, 0x00, 0x00, 0x00, 0x80, 0x80, 0x80, 0xc0, 0x80, 0x80, 0x80, 0x00, 0x00, 0x00	; +1370
	.byte	0x00, 0x20, 0x60, 0x20, 0x20, 0x20, 0x21, 0x02, 0x04, 0x08, 0x11, 0x21, 0x41, 0x00, 0x00, 0x00	; +1380
	.byte	0x00, 0x00, 0x00, 0x20, 0x40, 0x80, 0x00, 0x40, 0xc0, 0xc0, 0x40, 0x40, 0xe0, 0x40, 0x00, 0x00	; +1390
	.byte	0x00, 0x20, 0x60, 0x20, 0x20, 0x20, 0x21, 0x02, 0x04, 0x09, 0x10, 0x20, 0x40, 0x01, 0x00, 0x00	; +13a0
	.byte	0x00, 0x00, 0x00, 0x20, 0x40, 0x80, 0x00, 0x00, 0xc0, 0x20, 0x20, 0x40, 0x80, 0xe0, 0x00, 0x00	; +13b0
	.byte	0x00, 0x30, 0x48, 0x10, 0x08, 0x48, 0x31, 0x02, 0x04, 0x08, 0x11, 0x21, 0x41, 0x00, 0x00, 0x00	; +13c0
	.byte	0x00, 0x00, 0x00, 0x20, 0x40, 0x80, 0x00, 0x40, 0xc0, 0xc0, 0x40, 0x40, 0xe0, 0x40, 0x00, 0x00	; +13d0
	.byte	0x00, 0x00, 0x0e, 0x0e, 0x00, 0x0e, 0x0e, 0x0e, 0x1e, 0x3c, 0x78, 0x70, 0x70, 0x79, 0x3f, 0x1f	; +13e0
	.byte	0x00, 0x00, 0x00, 0x00, 0x00, 0x00, 0x00, 0x00, 0x00, 0x00, 0x00, 0x00, 0xe0, 0xe0, 0xc0, 0x80	; +13f0
	.byte	0x1c, 0x07, 0x1f, 0x3f, 0x79, 0x70, 0x70, 0x7f, 0x7f, 0x70, 0x70, 0x70, 0x70, 0x70, 0x00, 0x00	; +1400
	.byte	0x00, 0x00, 0x80, 0xc0, 0xe0, 0xe0, 0xe0, 0xe0, 0xe0, 0xe0, 0xe0, 0xe0, 0xe0, 0xe0, 0x00, 0x00	; +1410
	.byte	0x03, 0x0e, 0x1f, 0x3f, 0x79, 0x70, 0x70, 0x7f, 0x7f, 0x70, 0x70, 0x70, 0x70, 0x70, 0x00, 0x00	; +1420
	.byte	0x80, 0x00, 0x80, 0xc0, 0xe0, 0xe0, 0xe0, 0xe0, 0xe0, 0xe0, 0xe0, 0xe0, 0xe0, 0xe0, 0x00, 0x00	; +1430
	.byte	0x0f, 0x39, 0x1f, 0x3f, 0x79, 0x70, 0x70, 0x7f, 0x7f, 0x70, 0x70, 0x70, 0x70, 0x70, 0x00, 0x00	; +1440
	.byte	0x00, 0xc0, 0x80, 0xc0, 0xe0, 0xe0, 0xe0, 0xe0, 0xe0, 0xe0, 0xe0, 0xe0, 0xe0, 0xe0, 0x00, 0x00	; +1450
	.byte	0x0e, 0x3b, 0x1f, 0x3f, 0x79, 0x70, 0x70, 0x7f, 0x7f, 0x70, 0x70, 0x70, 0x70, 0x70, 0x00, 0x00	; +1460
	.byte	0xc0, 0x80, 0x80, 0xc0, 0xe0, 0xe0, 0xe0, 0xe0, 0xe0, 0xe0, 0xe0, 0xe0, 0xe0, 0xe0, 0x00, 0x00	; +1470
	.byte	0x39, 0x39, 0x1f, 0x3f, 0x79, 0x70, 0x70, 0x7f, 0x7f, 0x70, 0x70, 0x70, 0x70, 0x70, 0x00, 0x00	; +1480
	.byte	0xc0, 0xc0, 0x80, 0xc0, 0xe0, 0xe0, 0xe0, 0xe0, 0xe0, 0xe0, 0xe0, 0xe0, 0xe0, 0xe0, 0x00, 0x00	; +1490
	.byte	0x0f, 0x09, 0x1f, 0x3f, 0x79, 0x70, 0x70, 0x7f, 0x7f, 0x70, 0x70, 0x70, 0x70, 0x70, 0x00, 0x00	; +14a0
	.byte	0x00, 0x00, 0x80, 0xc0, 0xe0, 0xe0, 0xe0, 0xe0, 0xe0, 0xe0, 0xe0, 0xe0, 0xe0, 0xe0, 0x00, 0x00	; +14b0
	.byte	0x1d, 0x3f, 0x3b, 0x73, 0x73, 0x73, 0x7f, 0x7f, 0x73, 0x73, 0x73, 0x73, 0x73, 0x71, 0x00, 0x00	; +14c0
	.byte	0xe0, 0xe0, 0x00, 0x00, 0x00, 0x00, 0xe0, 0xe0, 0x00, 0x00, 0x00, 0x00, 0xe0, 0xe0, 0x00, 0x00	; +14d0
	.byte	0x1f, 0x3f, 0x79, 0x70, 0x70, 0x70, 0x70, 0x70, 0x70, 0x70, 0x79, 0x3f, 0x1f, 0x0f, 0x07, 0x3e	; +14e0
	.byte	0x80, 0xc0, 0xe0, 0xe0, 0x00, 0x00, 0x00, 0x00, 0x00, 0xe0, 0xe0, 0xc0, 0x80, 0x00, 0x00, 0x00	; +14f0
	.byte	0x1c, 0x07, 0x7f, 0x7f, 0x70, 0x70, 0x70, 0x7f, 0x7f, 0x70, 0x70, 0x70, 0x7f, 0x7f, 0x00, 0x00	; +1500
	.byte	0x00, 0x00, 0xe0, 0xe0, 0x00, 0x00, 0x00, 0xc0, 0xc0, 0x00, 0x00, 0x00, 0xe0, 0xe0, 0x00, 0x00	; +1510
	.byte	0x03, 0x0e, 0x7f, 0x7f, 0x70, 0x70, 0x70, 0x7f, 0x7f, 0x70, 0x70, 0x70, 0x7f, 0x7f, 0x00, 0x00	; +1520
	.byte	0x80, 0x00, 0xe0, 0xe0, 0x00, 0x00, 0x00, 0xc0, 0xc0, 0x00, 0x00, 0x00, 0xe0, 0xe0, 0x00, 0x00	; +1530
	.byte	0x0f, 0x39, 0x7f, 0x7f, 0x70, 0x70, 0x70, 0x7f, 0x7f, 0x70, 0x70, 0x70, 0x7f, 0x7f, 0x00, 0x00	; +1540
	.byte	0x00, 0xc0, 0xe0, 0xe0, 0x00, 0x00, 0x00, 0xc0, 0xc0, 0x00, 0x00, 0x00, 0xe0, 0xe0, 0x00, 0x00	; +1550
	.byte	0x39, 0x39, 0x7f, 0x7f, 0x70, 0x70, 0x70, 0x7f, 0x7f, 0x70, 0x70, 0x70, 0x7f, 0x7f, 0x00, 0x00	; +1560
	.byte	0xc0, 0xc0, 0xe0, 0xe0, 0x00, 0x00, 0x00, 0xc0, 0xc0, 0x00, 0x00, 0x00, 0xe0, 0xe0, 0x00, 0x00	; +1570
	.byte	0x38, 0x0e, 0x1f, 0x1f, 0x0e, 0x0e, 0x0e, 0x0e, 0x0e, 0x0e, 0x0e, 0x0e, 0x1f, 0x1f, 0x00, 0x00	; +1580
	.byte	0x00, 0x00, 0x00, 0x00, 0x00, 0x00, 0x00, 0x00, 0x00, 0x00, 0x00, 0x00, 0x00, 0x00, 0x00, 0x00	; +1590
	.byte	0x03, 0x0e, 0x1f, 0x1f, 0x0e, 0x0e, 0x0e, 0x0e, 0x0e, 0x0e, 0x0e, 0x0e, 0x1f, 0x1f, 0x00, 0x00	; +15a0
	.byte	0x80, 0x00, 0x00, 0x00, 0x00, 0x00, 0x00, 0x00, 0x00, 0x00, 0x00, 0x00, 0x00, 0x00, 0x00, 0x00	; +15b0
	.byte	0x0e, 0x3b, 0x1f, 0x1f, 0x0e, 0x0e, 0x0e, 0x0e, 0x0e, 0x0e, 0x0e, 0x0e, 0x1f, 0x1f, 0x00, 0x00	; +15c0
	.byte	0x00, 0x80, 0x00, 0x00, 0x00, 0x00, 0x00, 0x00, 0x00, 0x00, 0x00, 0x00, 0x00, 0x00, 0x00, 0x00	; +15d0
	.byte	0x3b, 0x3b, 0x1f, 0x1f, 0x0e, 0x0e, 0x0e, 0x0e, 0x0e, 0x0e, 0x0e, 0x0e, 0x1f, 0x1f, 0x00, 0x00	; +15e0
	.byte	0x80, 0x80, 0x00, 0x00, 0x00, 0x00, 0x00, 0x00, 0x00, 0x00, 0x00, 0x00, 0x00, 0x00, 0x00, 0x00	; +15f0
	.byte	0x3f, 0x3f, 0x39, 0x38, 0x38, 0x38, 0x7e, 0x7e, 0x38, 0x38, 0x38, 0x39, 0x3f, 0x3f, 0x00, 0x00	; +1600
	.byte	0x80, 0xc0, 0xe0, 0xe0, 0xe0, 0xe0, 0xe0, 0xe0, 0xe0, 0xe0, 0xe0, 0xe0, 0xc0, 0x80, 0x00, 0x00	; +1610
	.byte	0x0e, 0x3b, 0x60, 0x70, 0x78, 0x7c, 0x7e, 0x7f, 0x7f, 0x77, 0x73, 0x71, 0x70, 0x70, 0x00, 0x00	; +1620
	.byte	0xc0, 0x80, 0xe0, 0xe0, 0xe0, 0xe0, 0xe0, 0xe0, 0xe0, 0xe0, 0xe0, 0xe0, 0xe0, 0x60, 0x00, 0x00	; +1630
	.byte	0x1c, 0x07, 0x1f, 0x3f, 0x79, 0x70, 0x70, 0x70, 0x70, 0x70, 0x70, 0x79, 0x3f, 0x1f, 0x00, 0x00	; +1640
	.byte	0x00, 0x00, 0x80, 0xc0, 0xe0, 0xe0, 0xe0, 0xe0, 0xe0, 0xe0, 0xe0, 0xe0, 0xc0, 0x80, 0x00, 0x00	; +1650
	.byte	0x03, 0x0e, 0x1f, 0x3f, 0x79, 0x70, 0x70, 0x70, 0x70, 0x70, 0x70, 0x79, 0x3f, 0x1f, 0x00, 0x00	; +1660
	.byte	0x80, 0x00, 0x80, 0xc0, 0xe0, 0xe0, 0xe0, 0xe0, 0xe0, 0xe0, 0xe0, 0xe0, 0xc0, 0x80, 0x00, 0x00	; +1670
	.byte	0x0f, 0x39, 0x1f, 0x3f, 0x79, 0x70, 0x70, 0x70, 0x70, 0x70, 0x70, 0x79, 0x3f, 0x1f, 0x00, 0x00	; +1680
	.byte	0x00, 0xc0, 0x80, 0xc0, 0xe0, 0xe0, 0xe0, 0xe0, 0xe0, 0xe0, 0xe0, 0xe0, 0xc0, 0x80, 0x00, 0x00	; +1690
	.byte	0x0e, 0x3b, 0x1f, 0x3f, 0x79, 0x70, 0x70, 0x70, 0x70, 0x70, 0x70, 0x79, 0x3f, 0x1f, 0x00, 0x00	; +16a0
	.byte	0xc0, 0x80, 0x80, 0xc0, 0xe0, 0xe0, 0xe0, 0xe0, 0xe0, 0xe0, 0xe0, 0xe0, 0xc0, 0x80, 0x00, 0x00	; +16b0
	.byte	0x39, 0x39, 0x1f, 0x3f, 0x79, 0x70, 0x70, 0x70, 0x70, 0x70, 0x70, 0x79, 0x3f, 0x1f, 0x00, 0x00	; +16c0
	.byte	0xc0, 0xc0, 0x80, 0xc0, 0xe0, 0xe0, 0xe0, 0xe0, 0xe0, 0xe0, 0xe0, 0xe0, 0xc0, 0x80, 0x00, 0x00	; +16d0
	.byte	0x00, 0x00, 0x60, 0x70, 0x39, 0x1f, 0x0f, 0x0f, 0x1f, 0x39, 0x70, 0x60, 0x00, 0x00, 0x00, 0x00	; +16e0
	.byte	0x00, 0x00, 0x60, 0xe0, 0xc0, 0x80, 0x00, 0x00, 0x80, 0xc0, 0xe0, 0x60, 0x00, 0x00, 0x00, 0x00	; +16f0
	.byte	0x00, 0x00, 0x1f, 0x3f, 0x79, 0x73, 0x73, 0x76, 0x7e, 0x7c, 0x78, 0x79, 0x3f, 0x7f, 0xe0, 0xc0	; +1700
	.byte	0x60, 0xe0, 0xc0, 0xc0, 0xe0, 0xe0, 0xe0, 0xe0, 0xe0, 0xe0, 0xe0, 0xe0, 0xc0, 0x80, 0x00, 0x00	; +1710
	.byte	0x1c, 0x07, 0x70, 0x70, 0x70, 0x70, 0x70, 0x70, 0x70, 0x70, 0x70, 0x79, 0x3f, 0x1f, 0x00, 0x00	; +1720
	.byte	0x00, 0x00, 0xe0, 0xe0, 0xe0, 0xe0, 0xe0, 0xe0, 0xe0, 0xe0, 0xe0, 0xe0, 0xc0, 0x80, 0x00, 0x00	; +1730
	.byte	0x03, 0x0e, 0x70, 0x70, 0x70, 0x70, 0x70, 0x70, 0x70, 0x70, 0x70, 0x79, 0x3f, 0x1f, 0x00, 0x00	; +1740
	.byte	0x80, 0x00, 0xe0, 0xe0, 0xe0, 0xe0, 0xe0, 0xe0, 0xe0, 0xe0, 0xe0, 0xe0, 0xc0, 0x80, 0x00, 0x00	; +1750
	.byte	0x0f, 0x39, 0x70, 0x70, 0x70, 0x70, 0x70, 0x70, 0x70, 0x70, 0x70, 0x79, 0x3f, 0x1f, 0x00, 0x00	; +1760
	.byte	0x00, 0xc0, 0xe0, 0xe0, 0xe0, 0xe0, 0xe0, 0xe0, 0xe0, 0xe0, 0xe0, 0xe0, 0xc0, 0x80, 0x00, 0x00	; +1770
	.byte	0x39, 0x39, 0x70, 0x70, 0x70, 0x70, 0x70, 0x70, 0x70, 0x70, 0x70, 0x79, 0x3f, 0x1f, 0x00, 0x00	; +1780
	.byte	0xc0, 0xc0, 0xe0, 0xe0, 0xe0, 0xe0, 0xe0, 0xe0, 0xe0, 0xe0, 0xe0, 0xe0, 0xc0, 0x80, 0x00, 0x00	; +1790
	.byte	0x03, 0x0e, 0x71, 0x71, 0x71, 0x71, 0x71, 0x7b, 0x3f, 0x1f, 0x0e, 0x0e, 0x0e, 0x0e, 0x00, 0x00	; +17a0
	.byte	0x80, 0x00, 0xc0, 0xc0, 0xc0, 0xc0, 0xc0, 0xc0, 0x80, 0x00, 0x00, 0x00, 0x00, 0x00, 0x00, 0x00	; +17b0
	.byte	0x70, 0x7f, 0x7f, 0x71, 0x70, 0x70, 0x71, 0x7f, 0x7f, 0x70, 0x70, 0x70, 0x70, 0x70, 0x00, 0x00	; +17c0
	.byte	0x00, 0x80, 0xc0, 0xe0, 0xe0, 0xe0, 0xe0, 0xc0, 0x80, 0x00, 0x00, 0x00, 0x00, 0x00, 0x00, 0x00	; +17d0
	.byte	0x7f, 0x7f, 0x71, 0x70, 0x71, 0x77, 0x77, 0x71, 0x70, 0x70, 0x70, 0x71, 0x77, 0x77, 0x00, 0x00	; +17e0
	.byte	0x80, 0xc0, 0xe0, 0xe0, 0xe0, 0xc0, 0xc0, 0xe0, 0xe0, 0xe0, 0xe0, 0xe0, 0xc0, 0x80, 0x00, 0x00	; +17f0
	.byte	0x00, 0x1c, 0x07, 0x00, 0x1f, 0x1f, 0x00, 0x1f, 0x3f, 0x79, 0x70, 0x79, 0x3f, 0x1f, 0x00, 0x00	; +1800
	.byte	0x00, 0x00, 0x00, 0x00, 0x80, 0xc0, 0xe0, 0xe0, 0xe0, 0xe0, 0xe0, 0xe0, 0xe0, 0xe0, 0x00, 0x00	; +1810
	.byte	0x00, 0x03, 0x0e, 0x00, 0x1f, 0x1f, 0x00, 0x1f, 0x3f, 0x79, 0x70, 0x79, 0x3f, 0x1f, 0x00, 0x00	; +1820
	.byte	0x00, 0x80, 0x00, 0x00, 0x80, 0xc0, 0xe0, 0xe0, 0xe0, 0xe0, 0xe0, 0xe0, 0xe0, 0xe0, 0x00, 0x00	; +1830
	.byte	0x00, 0x0f, 0x39, 0x00, 0x1f, 0x1f, 0x00, 0x1f, 0x3f, 0x79, 0x70, 0x79, 0x3f, 0x1f, 0x00, 0x00	; +1840
	.byte	0x00, 0x00, 0xc0, 0x00, 0x80, 0xc0, 0xe0, 0xe0, 0xe0, 0xe0, 0xe0, 0xe0, 0xe0, 0xe0, 0x00, 0x00	; +1850
	.byte	0x00, 0x0e, 0x3b, 0x00, 0x1f, 0x1f, 0x00, 0x1f, 0x3f, 0x79, 0x70, 0x79, 0x3f, 0x1f, 0x00, 0x00	; +1860
	.byte	0x00, 0xc0, 0x80, 0x00, 0x80, 0xc0, 0xe0, 0xe0, 0xe0, 0xe0, 0xe0, 0xe0, 0xe0, 0xe0, 0x00, 0x00	; +1870
	.byte	0x00, 0x39, 0x39, 0x00, 0x1f, 0x1f, 0x00, 0x1f, 0x3f, 0x79, 0x70, 0x79, 0x3f, 0x1f, 0x00, 0x00	; +1880
	.byte	0x00, 0xc0, 0xc0, 0x00, 0x80, 0xc0, 0xe0, 0xe0, 0xe0, 0xe0, 0xe0, 0xe0, 0xe0, 0xe0, 0x00, 0x00	; +1890
	.byte	0x06, 0x09, 0x06, 0x00, 0x1f, 0x1f, 0x00, 0x1f, 0x3f, 0x79, 0x70, 0x79, 0x3f, 0x1f, 0x00, 0x00	; +18a0
	.byte	0x00, 0x00, 0x00, 0x00, 0x80, 0xc0, 0xe0, 0xe0, 0xe0, 0xe0, 0xe0, 0xe0, 0xe0, 0xe0, 0x00, 0x00	; +18b0
	.byte	0x00, 0x00, 0x00, 0x00, 0x3b, 0x3f, 0x0e, 0x06, 0x3f, 0x7f, 0x66, 0x66, 0x7f, 0x3b, 0x00, 0x00	; +18c0
	.byte	0x00, 0x00, 0x00, 0x00, 0xc0, 0xe0, 0x60, 0x60, 0xe0, 0xe0, 0x00, 0x00, 0xe0, 0xc0, 0x00, 0x00	; +18d0
	.byte	0x00, 0x00, 0x00, 0x00, 0x1f, 0x3f, 0x79, 0x70, 0x70, 0x70, 0x79, 0x3f, 0x1f, 0x0f, 0x07, 0x3e	; +18e0
	.byte	0x00, 0x00, 0x00, 0x00, 0x80, 0xc0, 0xe0, 0xe0, 0x00, 0xe0, 0xe0, 0xc0, 0x80, 0x00, 0x00, 0x00	; +18f0
	.byte	0x00, 0x1c, 0x07, 0x00, 0x1f, 0x3f, 0x79, 0x70, 0x7f, 0x7f, 0x70, 0x78, 0x3f, 0x1f, 0x00, 0x00	; +1900
	.byte	0x00, 0x00, 0x00, 0x00, 0x80, 0xc0, 0xe0, 0xe0, 0xe0, 0xe0, 0x00, 0x00, 0xc0, 0x80, 0x00, 0x00	; +1910
	.byte	0x00, 0x03, 0x0e, 0x00, 0x1f, 0x3f, 0x79, 0x70, 0x7f, 0x7f, 0x70, 0x78, 0x3f, 0x1f, 0x00, 0x00	; +1920
	.byte	0x00, 0x80, 0x00, 0x00, 0x80, 0xc0, 0xe0, 0xe0, 0xe0, 0xe0, 0x00, 0x00, 0xc0, 0x80, 0x00, 0x00	; +1930
	.byte	0x00, 0x0f, 0x39, 0x00, 0x1f, 0x3f, 0x79, 0x70, 0x7f, 0x7f, 0x70, 0x78, 0x3f, 0x1f, 0x00, 0x00	; +1940
	.byte	0x00, 0x00, 0xc0, 0x00, 0x80, 0xc0, 0xe0, 0xe0, 0xe0, 0xe0, 0x00, 0x00, 0xc0, 0x80, 0x00, 0x00	; +1950
	.byte	0x00, 0x39, 0x39, 0x00, 0x1f, 0x3f, 0x79, 0x70, 0x7f, 0x7f, 0x70, 0x78, 0x3f, 0x1f, 0x00, 0x00	; +1960
	.byte	0x00, 0xc0, 0xc0, 0x00, 0x80, 0xc0, 0xe0, 0xe0, 0xe0, 0xe0, 0x00, 0x00, 0xc0, 0x80, 0x00, 0x00	; +1970
	.byte	0x00, 0x38, 0x0e, 0x00, 0x0e, 0x0e, 0x0e, 0x0e, 0x0e, 0x0e, 0x0e, 0x0e, 0x0e, 0x0e, 0x00, 0x00	; +1980
	.byte	0x00, 0x00, 0x00, 0x00, 0x00, 0x00, 0x00, 0x00, 0x00, 0x00, 0x00, 0x00, 0x00, 0x00, 0x00, 0x00	; +1990
	.byte	0x00, 0x03, 0x0e, 0x00, 0x0e, 0x0e, 0x0e, 0x0e, 0x0e, 0x0e, 0x0e, 0x0e, 0x0e, 0x0e, 0x00, 0x00	; +19a0
	.byte	0x00, 0x80, 0x00, 0x00, 0x00, 0x00, 0x00, 0x00, 0x00, 0x00, 0x00, 0x00, 0x00, 0x00, 0x00, 0x00	; +19b0
	.byte	0x00, 0x0e, 0x3b, 0x00, 0x0e, 0x0e, 0x0e, 0x0e, 0x0e, 0x0e, 0x0e, 0x0e, 0x0e, 0x0e, 0x00, 0x00	; +19c0
	.byte	0x00, 0x00, 0x80, 0x00, 0x00, 0x00, 0x00, 0x00, 0x00, 0x00, 0x00, 0x00, 0x00, 0x00, 0x00, 0x00	; +19d0
	.byte	0x00, 0x3b, 0x3b, 0x00, 0x0e, 0x0e, 0x0e, 0x0e, 0x0e, 0x0e, 0x0e, 0x0e, 0x0e, 0x0e, 0x00, 0x00	; +19e0
	.byte	0x00, 0x80, 0x80, 0x00, 0x00, 0x00, 0x00, 0x00, 0x00, 0x00, 0x00, 0x00, 0x00, 0x00, 0x00, 0x00	; +19f0
	.byte	0x3d, 0x1f, 0x0f, 0x1f, 0x3f, 0x79, 0x7f, 0x3f, 0x78, 0x70, 0x70, 0x78, 0x3f, 0x1f, 0x00, 0x00	; +1a00
	.byte	0xe0, 0xe0, 0xc0, 0x80, 0xc0, 0xe0, 0xe0, 0xe0, 0xe0, 0xe0, 0xe0, 0xe0, 0xe0, 0xe0, 0x00, 0x00	; +1a10
	.byte	0x00, 0x0e, 0x3b, 0x00, 0x7f, 0x7f, 0x71, 0x70, 0x70, 0x70, 0x70, 0x70, 0x70, 0x70, 0x00, 0x00	; +1a20
	.byte	0x00, 0xc0, 0x80, 0x00, 0x80, 0xc0, 0xe0, 0xe0, 0xe0, 0xe0, 0xe0, 0xe0, 0xe0, 0xe0, 0x00, 0x00	; +1a30
	.byte	0x00, 0x1c, 0x07, 0x00, 0x1f, 0x3f, 0x79, 0x70, 0x70, 0x70, 0x70, 0x79, 0x3f, 0x1f, 0x00, 0x00	; +1a40
	.byte	0x00, 0x00, 0x00, 0x00, 0x80, 0xc0, 0xe0, 0xe0, 0xe0, 0xe0, 0xe0, 0xe0, 0xc0, 0x80, 0x00, 0x00	; +1a50
	.byte	0x00, 0x03, 0x0e, 0x00, 0x1f, 0x3f, 0x79, 0x70, 0x70, 0x70, 0x70, 0x79, 0x3f, 0x1f, 0x00, 0x00	; +1a60
	.byte	0x00, 0x80, 0x00, 0x00, 0x80, 0xc0, 0xe0, 0xe0, 0xe0, 0xe0, 0xe0, 0xe0, 0xc0, 0x80, 0x00, 0x00	; +1a70
	.byte	0x00, 0x0f, 0x39, 0x00, 0x1f, 0x3f, 0x79, 0x70, 0x70, 0x70, 0x70, 0x79, 0x3f, 0x1f, 0x00, 0x00	; +1a80
	.byte	0x00, 0x00, 0xc0, 0x00, 0x80, 0xc0, 0xe0, 0xe0, 0xe0, 0xe0, 0xe0, 0xe0, 0xc0, 0x80, 0x00, 0x00	; +1a90
	.byte	0x00, 0x0e, 0x3b, 0x00, 0x1f, 0x3f, 0x79, 0x70, 0x70, 0x70, 0x70, 0x79, 0x3f, 0x1f, 0x00, 0x00	; +1aa0
	.byte	0x00, 0xc0, 0x80, 0x00, 0x80, 0xc0, 0xe0, 0xe0, 0xe0, 0xe0, 0xe0, 0xe0, 0xc0, 0x80, 0x00, 0x00	; +1ab0
	.byte	0x00, 0x39, 0x39, 0x00, 0x1f, 0x3f, 0x79, 0x70, 0x70, 0x70, 0x70, 0x79, 0x3f, 0x1f, 0x00, 0x00	; +1ac0
	.byte	0x00, 0xc0, 0xc0, 0x00, 0x80, 0xc0, 0xe0, 0xe0, 0xe0, 0xe0, 0xe0, 0xe0, 0xc0, 0x80, 0x00, 0x00	; +1ad0
	.byte	0x00, 0x00, 0x00, 0x06, 0x06, 0x00, 0x3f, 0x3f, 0x00, 0x06, 0x06, 0x00, 0x00, 0x00, 0x00, 0x00	; +1ae0
	.byte	0x00, 0x00, 0x00, 0x00, 0x00, 0x00, 0xc0, 0xc0, 0x00, 0x00, 0x00, 0x00, 0x00, 0x00, 0x00, 0x00	; +1af0
	.byte	0x00, 0x00, 0x00, 0x00, 0x1f, 0x3f, 0x79, 0x73, 0x77, 0x7e, 0x7c, 0x79, 0x3f, 0x7f, 0xe0, 0xc0	; +1b00
	.byte	0x00, 0x60, 0x60, 0xc0, 0xc0, 0xc0, 0xe0, 0xe0, 0xe0, 0xe0, 0xe0, 0xe0, 0xc0, 0x80, 0x00, 0x00	; +1b10
	.byte	0x00, 0x1c, 0x07, 0x00, 0x70, 0x70, 0x70, 0x70, 0x70, 0x70, 0x70, 0x78, 0x3f, 0x1f, 0x00, 0x00	; +1b20
	.byte	0x00, 0x00, 0x00, 0x00, 0xe0, 0xe0, 0xe0, 0xe0, 0xe0, 0xe0, 0xe0, 0xe0, 0xe0, 0xe0, 0x00, 0x00	; +1b30
	.byte	0x00, 0x03, 0x0e, 0x00, 0x70, 0x70, 0x70, 0x70, 0x70, 0x70, 0x70, 0x78, 0x3f, 0x1f, 0x00, 0x00	; +1b40
	.byte	0x00, 0x80, 0x00, 0x00, 0xe0, 0xe0, 0xe0, 0xe0, 0xe0, 0xe0, 0xe0, 0xe0, 0xe0, 0xe0, 0x00, 0x00	; +1b50
	.byte	0x00, 0x0f, 0x39, 0x00, 0x70, 0x70, 0x70, 0x70, 0x70, 0x70, 0x70, 0x78, 0x3f, 0x1f, 0x00, 0x00	; +1b60
	.byte	0x00, 0x00, 0xc0, 0x00, 0xe0, 0xe0, 0xe0, 0xe0, 0xe0, 0xe0, 0xe0, 0xe0, 0xe0, 0xe0, 0x00, 0x00	; +1b70
	.byte	0x00, 0x39, 0x39, 0x00, 0x70, 0x70, 0x70, 0x70, 0x70, 0x70, 0x70, 0x78, 0x3f, 0x1f, 0x00, 0x00	; +1b80
	.byte	0x00, 0xc0, 0xc0, 0x00, 0xe0, 0xe0, 0xe0, 0xe0, 0xe0, 0xe0, 0xe0, 0xe0, 0xe0, 0xe0, 0x00, 0x00	; +1b90
	.byte	0x00, 0x03, 0x0e, 0x00, 0x70, 0x70, 0x70, 0x70, 0x70, 0x79, 0x3f, 0x1f, 0x0f, 0x07, 0x7e, 0x7c	; +1ba0
	.byte	0x00, 0x80, 0x00, 0x00, 0xe0, 0xe0, 0xe0, 0xe0, 0xe0, 0xe0, 0xe0, 0xc0, 0x80, 0x00, 0x00, 0x00	; +1bb0
	.byte	0x00, 0x00, 0x70, 0x70, 0x7f, 0x7f, 0x71, 0x70, 0x70, 0x70, 0x71, 0x7f, 0x7f, 0x70, 0x70, 0x70	; +1bc0
	.byte	0x00, 0x00, 0x00, 0x00, 0x80, 0xc0, 0xe0, 0xe0, 0xe0, 0xe0, 0xe0, 0xc0, 0x80, 0x00, 0x00, 0x00	; +1bd0
	.byte	0x00, 0x39, 0x39, 0x00, 0x70, 0x70, 0x70, 0x70, 0x70, 0x79, 0x3f, 0x1f, 0x0f, 0x07, 0x7e, 0x7c	; +1be0
	.byte	0x00, 0xc0, 0xc0, 0x00, 0xe0, 0xe0, 0xe0, 0xe0, 0xe0, 0xe0, 0xe0, 0xc0, 0x80, 0x00, 0x00, 0x00	; +1bf0

	; unused gap up to the style/preset record area at 0x951000
	.fill 1440, 1, 0xff	; 0x950A60-0x950FFF
