; =============================================================================
; MIDI Dispatch Handlers (11K lines)
; =============================================================================
;
; MIDI Control Change handlers (22 types), serial input parsing,
; file data validation, sound mode handlers, and arpeggiator queue.
; The main MIDI message routing and processing layer.
; =============================================================================



MidiSerial_RetStub:
	.byte 0x0e

MidiSerial_ProcessInput:
	bitda 4, 64848
	jr nz, MidiSerial_Return
	call SeqMain_SaveWritePos
	stdi16 37086, 0

MidiSerial_PumpLoop:
	ld xix, 0x1F37B
	ld wa, (xix - 10)
	cp wa, (xix - 6)
	jr z, MidiSerial_PumpDone
	anddi8 1064, 254
	call MidiSerial_WaitForData
	ldda8 a, 38452
	stda8 38484, a
	and a, 0x70
	srl a, 2
	ld xiz, 0xFCFA05
	ld_sril3 XIZ, 0x03, 0xF8, 0xE0
	call (xiz)
	jr MidiSerial_PumpLoop

MidiSerial_PumpDone:
	call MidiStream_LoadAllPresets
	ld xix, 0xBD3C
	ldda16 xhl, 37086
	stib_dri 0x07, 0xF0, 0xEC, 0xFF

MidiSerial_Return:
	ret

MidiSerial_StatusTable:
	.byte 0xff, 0xd5, 0xfa, 0xfc, 0x00, 0xd5, 0xfa, 0xfc
	.byte 0x00, 0xd5, 0xfa, 0xfc, 0x00, 0xd5, 0xfa, 0xfc
	.byte 0x00, 0xd5, 0xfa, 0xfc, 0x00, 0xd5, 0xfa, 0xfc
	.byte 0x00, 0xd5, 0xfa, 0xfc, 0x00, 0x4d, 0xfa, 0xfc
	.byte 0x00

MidiSerial_WaitForData:
	ld xiz, 0x1F37B
	ld xiy, 0x9634
	ld (xiy + 3), 0x0

MidiSerial_WaitLoop:
	call SeqMain_ReadData
	lda_dpi XSP, 0xF4
	ld hl, (xiz - 10)
	cp hl, (xiz - 6)
	jr z, MidiSerial_WaitDone
	ld_srib3 A, 0x07, 0xF8, 0xEC
	bit 7, a
	jr z, MidiSerial_WaitLoop

MidiSerial_WaitDone:
	ret

MidiSerial_ParseStatus_Data:
	.byte 0xc1, 0x34, 0x96, 0x27, 0xcf, 0xcc, 0x0f, 0xcf
	.byte 0xec, 0x02, 0xdb, 0x12, 0x46, 0x67, 0xfa, 0xfc
	.byte 0x00, 0xe3, 0x07, 0xf8, 0xec, 0x26, 0xb6, 0xe8
	.byte 0x0e, 0xff


MidiSerial_CmdJumpTable:
	.long MidiSerial_HandleDefault_Data
	.long MidiSerial_HandleDefault_Data
	.long MidiSerial_HandleSysReset_Data
	.long MidiSerial_HandleSysCommon_Data
	.long MidiSerial_HandleDefault_Data
	.long MidiSerial_HandleDefault_Data
	.long MidiSerial_HandleDefault_Data
	.long MidiSerial_HandleDefault_Data
	.long MidiSerial_HandleDefault_Data
	.long MidiSerial_HandleDefault_Data
	.long MidiSerial_HandleDefault_Data
	.long MidiSerial_HandleDefault_Data
	.long MidiSerial_HandleDefault_Data
	.long MidiSerial_HandleDefault_Data
	.long MidiSerial_HandleDefault_Data
	.long MidiSerial_HandleDefault_Data
MidiSerial_HandleSysReset_Data:
	.byte 0xd1, 0x35, 0x96, 0x20, 0xf1, 0x2d, 0x04, 0x41
	.byte 0xf1, 0x52, 0xfd, 0xca, 0x66, 0x03, 0xc8, 0x31
	.byte 0x07, 0xf1, 0x2e, 0x04, 0x40, 0x0e
MidiSerial_HandleSysCommon_Data:
	.byte 0xc1, 0x35, 0x96, 0x21, 0xf1, 0x51, 0xfd, 0xcb
	.byte 0x66, 0x03, 0xc9, 0x31, 0x07, 0xf1, 0x2c, 0x04
	.byte 0x41, 0x0e
MidiSerial_HandleDefault_Data:
	.byte 0xc1, 0x28, 0x04, 0x3e, 0x01, 0x0e, 0xc1, 0x34
	.byte 0x96, 0x21, 0xc9, 0xcc, 0x0f, 0x43, 0xf4, 0x94
	.byte 0x00, 0x00, 0xc3, 0x03, 0xec, 0xe0, 0x21, 0xc9
	.byte 0xcf, 0xff, 0x66, 0x50, 0xf1, 0x68, 0x96, 0x41
	.byte 0x43, 0x14, 0x95, 0x00, 0x00, 0xc3, 0x03, 0xec
	.byte 0xe0, 0x21, 0xc9, 0xd8, 0x66, 0x3e, 0xf1, 0x69
	.byte 0x96, 0x41, 0xf1, 0x6b, 0x96, 0x41, 0xc1, 0x68
	.byte 0x96, 0x61, 0xce, 0xd6, 0xc1, 0x68, 0x96, 0x27
	.byte 0x44, 0x14, 0x95, 0x00, 0x00, 0xc3, 0x07, 0xf0
	.byte 0xec, 0x21, 0xf1, 0x6a, 0x96, 0x41, 0xce, 0xd6
	.byte 0xc1, 0x34, 0x96, 0x27, 0xcf, 0xcc, 0x70, 0xdb
	.byte 0xef, 0x02, 0x44, 0x3d, 0xfb, 0xfc, 0x00, 0xe3
	.byte 0x07, 0xf0, 0xec, 0x24, 0xb4, 0xe8, 0xc1, 0x6b
	.byte 0x96, 0x69, 0x6e, 0xca, 0x0e, 0xff


MidiCC_LowRange_Table:
	.long MidiCC_Handler_SimpleParamStore
	.long MidiCC_Handler_SimpleParamStore
	.long MidiCC_Handler_SimpleParamStore
	.long MidiCC_Handler_CC3_TableLookup
	.long MidiCC_Handler_CC4_VoiceParam
	.long MidiCC_Handler_CC5_VoiceParam
	.long MidiCC_Handler_CC6_VoiceParam
	.long MidiCC_Handler_SimpleParamStore
MidiCC_Handler_SimpleParamStore:
	.byte 0xc1, 0x28, 0x04, 0x3e, 0x01, 0x0e
MidiCC_Handler_CC3_TableLookup:
	.byte 0x44, 0x67, 0x0e, 0xfd, 0x00, 0xc1, 0x35, 0x96
	.byte 0x27, 0xc3, 0x03, 0xf0, 0xec, 0x21, 0xf1, 0x57
	.byte 0x96, 0x41, 0xc9, 0xcf, 0xff, 0x66, 0x38, 0xd8
	.byte 0x12, 0xc9, 0xee, 0x01, 0x44, 0xe7, 0x0e, 0xfd
	.byte 0x00, 0xd3, 0x07, 0xf0, 0xe0, 0x20, 0xd8, 0xcf
	.byte 0xff, 0xff, 0x66, 0x0e, 0x44, 0x57, 0xfd, 0x00
	.byte 0x00, 0xc3, 0x03, 0xf0, 0xe1, 0x23, 0xc9, 0xc3
	.byte 0x66, 0x15, 0xd8, 0x12, 0xc1, 0x57, 0x96, 0x21
	.byte 0xd8, 0xec, 0x02, 0x44, 0xb3, 0xfb, 0xfc, 0x00
	.byte 0xe3, 0x07, 0xf0, 0xe0, 0x24, 0xb4, 0xe8, 0x0e


MidiCC_ExtendedRange_Table:
	.long MidiCC_VoiceParam_0
	.long MidiCC_VoiceParam_3
	.long MidiCC_VoiceParam_4
	.long MidiCC_VoiceParam_5
	.long MidiCC_VoiceParam_6
	.long MidiCC_VoiceParam_7
	.long MidiCC_VoiceParam_8
	.long MidiCC_VoiceParam_9
	.long MidiCC_VoiceParam_1
	.long MidiCC_VoiceParam_2
	.long MidiCC_StubHandler_A
	.long MidiCC_StubHandler_B
	.long MidiCC_VoiceParam_10
	.long MidiCC_VoiceParam_11
	.long MidiCC_VoiceParam_12
	.long MidiCC_VoiceParam_13
	.long MidiCC_Handler_RangeCheck
	.long MidiCC_Handler_ChannelMapping
	.long MidiCC_Handler_BitManipulation
	.long MidiCC_NullHandlerBlock
	.long MidiCC_NullHandlerBlock
	.long MidiCC_NullHandlerBlock
	.long MidiCC_NullHandlerBlock
	.long MidiCC_NullHandlerBlock
	.long MidiCC_Handler_PairedParamB
	.long MidiCC_Handler_PairedParamA
	.long MidiCC_NullHandlerBlock
	.long MidiCC_NullHandlerBlock
	.long MidiCC_NullHandlerBlock
	.long MidiCC_NullHandlerBlock
	.long MidiCC_NullHandlerBlock
	.long MidiCC_NullHandlerBlock
	.long MidiCC_Handler_BankModeSelect
	.long MidiCC_Handler_ExpressionParam
	.long MidiCC_Handler_DirectStoreA
	.long MidiCC_Handler_DirectStoreB
	.long MidiCC_NullHandlerBlock
	.long MidiCC_NullHandlerBlock
	.long MidiCC_NullHandlerBlock
	.long MidiCC_NullHandlerBlock
	.long MidiCC_Handler_ParamDispatch
	.long MidiCC_Handler_TableDispatch
	.long MidiCC_NullHandlerBlock
	.long MidiCC_NullHandlerBlock
	.long MidiCC_NullHandlerBlock
	.long MidiCC_NullHandlerBlock
	.long MidiCC_NullHandlerBlock
	.long MidiCC_NullHandlerBlock
MidiCC_NullHandlerBlock:
	.byte 0x0e
MidiCC_Handler_BitManipulation:
	.byte 0xf1, 0x51, 0xfd, 0xca, 0x66, 0x3d, 0xc1, 0x6a
	.byte 0x96, 0x21, 0xc9, 0xcf, 0x19, 0x6e, 0x34, 0xc1
	.byte 0x57, 0x96, 0x3f, 0x12, 0x6e, 0x2d, 0xcd, 0xd5
	.byte 0xc1, 0x36, 0x96, 0x21, 0xc9, 0xda, 0x6b, 0x0a
	.byte 0x44, 0xb9, 0xfc, 0xfc, 0x00, 0xc3, 0x03, 0xf0
	.byte 0xe0, 0x25, 0x31, 0x98, 0x0b, 0x24, 0xc0, 0xc1
	.byte 0x37, 0x96, 0x21, 0xf1, 0x48, 0x96, 0x41, 0xf1
	.byte 0x44, 0x96, 0x51, 0xf1, 0x46, 0x96, 0x52, 0x1d
	.byte 0x47, 0xc5, 0xfc, 0x0e, 0xff, 0x00, 0x80, 0x40
MidiCC_Handler_PairedParamA:
	.byte 0xdb, 0x12, 0xc1, 0x6a, 0x96, 0x27, 0xcf, 0xcf
	.byte 0x1f, 0x6b, 0x32, 0xf1, 0x57, 0xfd, 0xcc, 0x66
	.byte 0x2c, 0xdb, 0xee, 0x01, 0x44, 0xa7, 0x16, 0xfd
	.byte 0x00, 0xd3, 0x07, 0xf0, 0xec, 0x21, 0xcb, 0xcf
	.byte 0xff, 0x66, 0x1a, 0xc1, 0x36, 0x96, 0x25, 0x24
	.byte 0xff, 0xc1, 0x37, 0x96, 0x21, 0xf1, 0x48, 0x96
	.byte 0x41, 0xf1, 0x44, 0x96, 0x51, 0xf1, 0x46, 0x96
	.byte 0x52, 0x1d, 0xb4, 0xcd, 0xfc, 0x0e
MidiCC_Handler_PairedParamB:
	.byte 0xdb, 0x12, 0xc1, 0x6a, 0x96, 0x27, 0xcf, 0xcf
	.byte 0x1f, 0x6b, 0x32, 0xf1, 0x57, 0xfd, 0xcc, 0x66
	.byte 0x2c, 0xdb, 0xee, 0x01, 0x44, 0xa7, 0x16, 0xfd
	.byte 0x00, 0xd3, 0x07, 0xf0, 0xec, 0x21, 0xcb, 0xcf
	.byte 0xff, 0x66, 0x1a, 0xc1, 0x36, 0x96, 0x24, 0x25
	.byte 0xff, 0xc1, 0x37, 0x96, 0x21, 0xf1, 0x48, 0x96
	.byte 0x41, 0xf1, 0x44, 0x96, 0x51, 0xf1, 0x46, 0x96
	.byte 0x52, 0x1d, 0xb4, 0xcd, 0xfc, 0x0e
MidiCC_Handler_RangeCheck:
	.byte 0xc1, 0x6a, 0x96, 0x21, 0xc9, 0xcf, 0x10, 0x6e
	.byte 0x34, 0xc1, 0x57, 0x96, 0x3f, 0x10, 0x6e, 0x2d
	.byte 0xcd, 0xd5, 0xc1, 0x36, 0x96, 0x21, 0xc9, 0xdb
	.byte 0x6b, 0x0a, 0x44, 0x77, 0xfd, 0xfc, 0x00, 0xc3
	.byte 0x03, 0xf0, 0xe0, 0x25, 0x31, 0x48, 0x03, 0x24
	.byte 0x07, 0xc1, 0x37, 0x96, 0x21, 0xf1, 0x48, 0x96
	.byte 0x41, 0xf1, 0x44, 0x96, 0x51, 0xf1, 0x46, 0x96
	.byte 0x52, 0x1d, 0x83, 0xc5, 0xfc, 0x0e, 0xff, 0x00
	.byte 0x02, 0x01, 0x03
MidiCC_Handler_ChannelMapping:
	.byte 0xc1, 0x6a, 0x96, 0x21, 0xc9, 0xcf, 0x14, 0x6e
	.byte 0x56, 0xc1, 0x57, 0x96, 0x3f, 0x11, 0x6e, 0x4f
	.byte 0x22, 0x05, 0x32, 0x00, 0xfc, 0xc1, 0x36, 0x96
	.byte 0x21, 0xc9, 0xcf, 0x0b, 0x6b, 0x16, 0xd8, 0x12
	.byte 0xd8, 0xee, 0x02, 0x44, 0xdb, 0xfd, 0xfc, 0x00
	.byte 0xd3, 0x07, 0xf0, 0xe0, 0x21, 0xd8, 0x62, 0xd3
	.byte 0x07, 0xf0, 0xe0, 0x22, 0x29, 0x2a, 0xf1, 0x89
	.byte 0x34, 0x42, 0xf1, 0x7c, 0x34, 0x45, 0xf1, 0x7d
	.byte 0x34, 0x44, 0x1d, 0xe8, 0x9a, 0xf5, 0x4a, 0x49
	.byte 0xcd, 0xd8, 0x6e, 0x13, 0xca, 0x61, 0xf1, 0x89
	.byte 0x34, 0x42, 0xf1, 0x7c, 0x34, 0x45, 0xf1, 0x7d
	.byte 0x34, 0x00, 0x04, 0x1d, 0xe8, 0x9a, 0xf5, 0x0e
	.byte 0x48, 0x05, 0x00, 0xfc, 0x48, 0x05, 0x40, 0x40
	.byte 0x48, 0x05, 0x10, 0x10, 0x48, 0x05, 0x04, 0x04
	.byte 0x48, 0x05, 0x00, 0xfc, 0x48, 0x05, 0x80, 0x80
	.byte 0x48, 0x05, 0x20, 0x20, 0x48, 0x05, 0x08, 0x08
	.byte 0x48, 0x05, 0x00, 0xfc, 0x48, 0x05, 0x00, 0xfc
	.byte 0x48, 0x05, 0x00, 0xfc, 0x48, 0x06, 0x04, 0x04
MidiCC_VoiceParam_0:
	.byte 0xc1, 0x6a, 0x96, 0x21, 0xc9, 0xcf, 0x1f, 0x6b
	.byte 0x36, 0xc8, 0xd0, 0xd8, 0x8b, 0xd8, 0xee, 0x01
	.byte 0xd8, 0x83, 0x44, 0x47, 0x0f, 0xfd, 0x00, 0xd3
	.byte 0x07, 0xf0, 0xec, 0x21, 0xcb, 0xcf, 0xff, 0x66
	.byte 0x1e, 0xec, 0x62, 0xc3, 0x07, 0xf0, 0xec, 0x24
	.byte 0xc1, 0x36, 0x96, 0x25, 0xc1, 0x37, 0x96, 0x21
	.byte 0xf1, 0x48, 0x96, 0x41, 0xf1, 0x44, 0x96, 0x51
	.byte 0xf1, 0x46, 0x96, 0x52, 0x1e, 0x21, 0x05, 0x0e
MidiCC_VoiceParam_1:
	.byte 0xc1, 0x6a, 0x96, 0x21, 0xc9, 0xcf, 0x1f, 0x6b
	.byte 0x37, 0xc8, 0xd0, 0xd8, 0x8b, 0xd8, 0xee, 0x01
	.byte 0xd8, 0x83, 0x44, 0xa7, 0x0f, 0xfd, 0x00, 0xd3
	.byte 0x07, 0xf0, 0xec, 0x21, 0xcb, 0xcf, 0xff, 0x66
	.byte 0x1f, 0xec, 0x62, 0xc3, 0x07, 0xf0, 0xec, 0x24
	.byte 0xc1, 0x36, 0x96, 0x25, 0xc1, 0x37, 0x96, 0x21
	.byte 0xf1, 0x48, 0x96, 0x41, 0xf1, 0x44, 0x96, 0x51
	.byte 0xf1, 0x46, 0x96, 0x52, 0x1d, 0x65, 0xc6, 0xfc
	.byte 0x0e
MidiCC_VoiceParam_2:
	.byte 0xc1, 0x6a, 0x96, 0x21, 0xc9, 0xcf, 0x1f, 0x6b
	.byte 0x37, 0xc8, 0xd0, 0xd8, 0x8b, 0xd8, 0xee, 0x01
	.byte 0xd8, 0x83, 0x44, 0x07, 0x10, 0xfd, 0x00, 0xd3
	.byte 0x07, 0xf0, 0xec, 0x21, 0xcb, 0xcf, 0xff, 0x66
	.byte 0x1f, 0xec, 0x62, 0xc3, 0x07, 0xf0, 0xec, 0x24
	.byte 0xc1, 0x36, 0x96, 0x25, 0xc1, 0x37, 0x96, 0x21
	.byte 0xf1, 0x48, 0x96, 0x41, 0xf1, 0x44, 0x96, 0x51
	.byte 0xf1, 0x46, 0x96, 0x52, 0x1d, 0x65, 0xc6, 0xfc
	.byte 0x0e
MidiCC_VoiceParam_3:
	.byte 0xc1, 0x6a, 0x96, 0x21, 0xc9, 0xcf, 0x1f, 0x6b
	.byte 0x37, 0xc8, 0xd0, 0xd8, 0x8b, 0xd8, 0xee, 0x01
	.byte 0xd8, 0x83, 0x44, 0x67, 0x10, 0xfd, 0x00, 0xd3
	.byte 0x07, 0xf0, 0xec, 0x21, 0xcb, 0xcf, 0xff, 0x66
	.byte 0x1f, 0xec, 0x62, 0xc3, 0x07, 0xf0, 0xec, 0x24
	.byte 0xc1, 0x36, 0x96, 0x25, 0xc1, 0x37, 0x96, 0x21
	.byte 0xf1, 0x48, 0x96, 0x41, 0xf1, 0x44, 0x96, 0x51
	.byte 0xf1, 0x46, 0x96, 0x52, 0x1d, 0x34, 0xc6, 0xfc
	.byte 0x0e
MidiCC_VoiceParam_4:
	.byte 0xc1, 0x6a, 0x96, 0x21, 0xc9, 0xcf, 0x1f, 0x6b
	.byte 0x37, 0xc8, 0xd0, 0xd8, 0x8b, 0xd8, 0xee, 0x01
	.byte 0xd8, 0x83, 0x44, 0xc7, 0x10, 0xfd, 0x00, 0xd3
	.byte 0x07, 0xf0, 0xec, 0x21, 0xcb, 0xcf, 0xff, 0x66
	.byte 0x1f, 0xec, 0x62, 0xc3, 0x07, 0xf0, 0xec, 0x24
	.byte 0xc1, 0x36, 0x96, 0x25, 0xc1, 0x37, 0x96, 0x21
	.byte 0xf1, 0x48, 0x96, 0x41, 0xf1, 0x44, 0x96, 0x51
	.byte 0xf1, 0x46, 0x96, 0x52, 0x1d, 0xc9, 0xc5, 0xfc
	.byte 0x0e
MidiCC_VoiceParam_5:
	.byte 0xc1, 0x6a, 0x96, 0x21, 0xc9, 0xcf, 0x1f, 0x6b
	.byte 0x37, 0xc8, 0xd0, 0xd8, 0x8b, 0xd8, 0xee, 0x01
	.byte 0xd8, 0x83, 0x44, 0x27, 0x11, 0xfd, 0x00, 0xd3
	.byte 0x07, 0xf0, 0xec, 0x21, 0xcb, 0xcf, 0xff, 0x66
	.byte 0xde, 0xec, 0x62, 0xc3, 0x07, 0xf0, 0xec, 0x24
	.byte 0xc1, 0x36, 0x96, 0x25, 0xc1, 0x37, 0x96, 0x21
	.byte 0xf1, 0x48, 0x96, 0x41, 0xf1, 0x44, 0x96, 0x51
	.byte 0xf1, 0x46, 0x96, 0x52, 0x1d, 0xf5, 0xc5, 0xfc
	.byte 0x0e
MidiCC_VoiceParam_6:
	.byte 0xc1, 0x6a, 0x96, 0x21, 0xc9, 0xcf, 0x1f, 0x6b
	.byte 0x37, 0xc8, 0xd0, 0xd8, 0x8b, 0xd8, 0xee, 0x01
	.byte 0xd8, 0x83, 0x44, 0x87, 0x11, 0xfd, 0x00, 0xd3
	.byte 0x07, 0xf0, 0xec, 0x21, 0xcb, 0xcf, 0xff, 0x66
	.byte 0x9d, 0xec, 0x62, 0xc3, 0x07, 0xf0, 0xec, 0x24
	.byte 0xc1, 0x36, 0x96, 0x25, 0xc1, 0x37, 0x96, 0x21
	.byte 0xf1, 0x48, 0x96, 0x41, 0xf1, 0x44, 0x96, 0x51
	.byte 0xf1, 0x46, 0x96, 0x52, 0x1d, 0x44, 0xc7, 0xfc
	.byte 0x0e
MidiCC_VoiceParam_7:
	.byte 0xc1, 0x6a, 0x96, 0x21, 0xc9, 0xcf, 0x1f, 0x6b
	.byte 0x37, 0xc8, 0xd0, 0xd8, 0x8b, 0xd8, 0xee, 0x01
	.byte 0xd8, 0x83, 0x44, 0xe7, 0x11, 0xfd, 0x00, 0xd3
	.byte 0x07, 0xf0, 0xec, 0x21, 0xcb, 0xcf, 0xff, 0x66
	.byte 0x1f, 0xec, 0x62, 0xc3, 0x07, 0xf0, 0xec, 0x24
	.byte 0xc1, 0x36, 0x96, 0x25, 0xc1, 0x37, 0x96, 0x21
	.byte 0xf1, 0x48, 0x96, 0x41, 0xf1, 0x44, 0x96, 0x51
	.byte 0xf1, 0x46, 0x96, 0x52, 0x1d, 0x44, 0xc7, 0xfc
	.byte 0x0e
MidiCC_VoiceParam_8:
	.byte 0xc1, 0x6a, 0x96, 0x21, 0xc9, 0xcf, 0x1f, 0x6b
	.byte 0x36, 0xc8, 0xd0, 0xd8, 0x8b, 0xd8, 0xee, 0x01
	.byte 0xd8, 0x83, 0x44, 0x47, 0x12, 0xfd, 0x00, 0xd3
	.byte 0x07, 0xf0, 0xec, 0x21, 0xcb, 0xcf, 0xff, 0x66
	.byte 0x1e, 0xec, 0x62, 0xc3, 0x07, 0xf0, 0xec, 0x24
	.byte 0xc1, 0x36, 0x96, 0x25, 0xc1, 0x37, 0x96, 0x21
	.byte 0xf1, 0x48, 0x96, 0x41, 0xf1, 0x44, 0x96, 0x51
	.byte 0xf1, 0x46, 0x96, 0x52, 0x1e, 0x1a, 0x03, 0x0e
MidiCC_VoiceParam_9:
	.byte 0xc1, 0x6a, 0x96, 0x21, 0xc9, 0xcf, 0x1f, 0x6b
	.byte 0x41, 0xc8, 0xd0, 0xd8, 0x8b, 0xd8, 0xee, 0x01
	.byte 0xd8, 0x83, 0x44, 0xa7, 0x12, 0xfd, 0x00, 0xd3
	.byte 0x07, 0xf0, 0xec, 0x21, 0xcb, 0xcf, 0xff, 0x66
	.byte 0x29, 0xec, 0x62, 0xc3, 0x07, 0xf0, 0xec, 0x24
	.byte 0xc1, 0x36, 0x96, 0x25, 0xc1, 0x37, 0x96, 0x21
	.byte 0xf1, 0x48, 0x96, 0x41, 0xf1, 0x44, 0x96, 0x51
	.byte 0xf1, 0x46, 0x96, 0x52, 0xcb, 0xcf, 0x60, 0x66
	.byte 0x06, 0x1d, 0x44, 0xc7, 0xfc, 0x68, 0x03, 0x1e
	.byte 0xcf, 0x02, 0x0e
MidiCC_StubHandler_A:
	.byte 0x0e
MidiCC_StubHandler_B:
	.byte 0x0e
MidiCC_VoiceParam_10:
	.byte 0xc1, 0x6a, 0x96, 0x21, 0xc9, 0xcf, 0x1f, 0x6b
	.byte 0x37, 0xc8, 0xd0, 0xd8, 0x8b, 0xd8, 0xee, 0x01
	.byte 0xd8, 0x83, 0x44, 0xc7, 0x13, 0xfd, 0x00, 0xd3
	.byte 0x07, 0xf0, 0xec, 0x21, 0xcb, 0xcf, 0xff, 0x66
	.byte 0x1f, 0xec, 0x62, 0xc3, 0x07, 0xf0, 0xec, 0x24
	.byte 0xc1, 0x36, 0x96, 0x25, 0xc1, 0x37, 0x96, 0x21
	.byte 0xf1, 0x48, 0x96, 0x41, 0xf1, 0x44, 0x96, 0x51
	.byte 0xf1, 0x46, 0x96, 0x52, 0x1d, 0x83, 0xc6, 0xfc
	.byte 0x0e
MidiCC_VoiceParam_11:
	.byte 0xc1, 0x6a, 0x96, 0x21, 0xc9, 0xcf, 0x1f, 0x6b
	.byte 0x37, 0xc8, 0xd0
MidiCC_VoiceParam_11_MidEntry:
	.byte 0xd8, 0x8b, 0xd8, 0xee, 0x01
	.byte 0xd8, 0x83, 0x44, 0x27, 0x14, 0xfd, 0x00, 0xd3
	.byte 0x07, 0xf0, 0xec, 0x21, 0xcb, 0xcf, 0xff, 0x66
	.byte 0x1f, 0xec, 0x62, 0xc3, 0x07, 0xf0, 0xec, 0x24
	.byte 0xc1, 0x36, 0x96, 0x25, 0xc1, 0x37, 0x96, 0x21
	.byte 0xf1, 0x48, 0x96, 0x41, 0xf1, 0x44, 0x96, 0x51
	.byte 0xf1, 0x46, 0x96, 0x52, 0x1d, 0x83, 0xc6, 0xfc
	.byte 0x0e
MidiCC_VoiceParam_12:
	.byte 0xc1, 0x6a, 0x96, 0x21, 0xc9, 0xcf, 0x1f, 0x6b
	.byte 0x37, 0xc8, 0xd0, 0xd8, 0x8b, 0xd8, 0xee, 0x01
	.byte 0xd8, 0x83, 0x44, 0x87, 0x14, 0xfd, 0x00, 0xd3
	.byte 0x07, 0xf0, 0xec, 0x21, 0xcb, 0xcf, 0xff, 0x66
	.byte 0x1f, 0xec, 0x62, 0xc3, 0x07, 0xf0, 0xec, 0x24
	.byte 0xc1, 0x36, 0x96, 0x25, 0xc1, 0x37, 0x96, 0x21
	.byte 0xf1, 0x48, 0x96, 0x41, 0xf1, 0x44, 0x96, 0x51
	.byte 0xf1, 0x46, 0x96, 0x52, 0x1d, 0x83, 0xc6, 0xfc
	.byte 0x0e
MidiCC_VoiceParam_13:
	.byte 0xc1, 0x6a, 0x96, 0x21, 0xc9, 0xcf, 0x1f, 0x6b
	.byte 0x37, 0xc8, 0xd0, 0xd8, 0x8b, 0xd8, 0xee, 0x01
	.byte 0xd8, 0x83, 0x44, 0xe7, 0x14, 0xfd, 0x00, 0xd3
	.byte 0x07, 0xf0, 0xec, 0x21, 0xcb, 0xcf, 0xff, 0x66
	.byte 0x1f, 0xec, 0x62, 0xc3, 0x07, 0xf0, 0xec, 0x24
	.byte 0xc1, 0x36, 0x96, 0x25, 0xc1, 0x37, 0x96, 0x21
	.byte 0xf1, 0x48, 0x96, 0x41, 0xf1, 0x44, 0x96, 0x51
	.byte 0xf1, 0x46, 0x96, 0x52, 0x1d, 0x83, 0xc6, 0xfc
	.byte 0x0e
MidiCC_Handler_BankModeSelect:
	.byte 0xc1, 0x6a, 0x96, 0x27, 0xcf, 0xcf, 0x1f, 0x7b
	.byte 0x86, 0x00, 0xdb, 0x12, 0x44, 0x87, 0x16, 0xfd
	.byte 0x00, 0xc3, 0x07, 0xf0, 0xec, 0x23, 0xcb, 0xcf
	.byte 0xff, 0x66, 0x75, 0xdb, 0xee, 0x01, 0x44, 0x74
	.byte 0x96, 0x00, 0x00, 0xd3, 0x07, 0xf0, 0xec, 0x20
	.byte 0xd8, 0xcf, 0x80, 0x80, 0x66, 0x0e, 0xd8, 0xcf
	.byte 0x81, 0x80, 0x66, 0x1d, 0xd8, 0xcf, 0x82, 0x80
	.byte 0x66, 0x2a, 0x68, 0x54, 0xf1, 0x57, 0xfd, 0xc8
	.byte 0x66, 0x4e, 0x22, 0x0b, 0xc1, 0x36, 0x96, 0x25
	.byte 0xcd, 0xcf, 0x0c, 0x6b, 0x43, 0x24, 0x7f, 0x68
	.byte 0x2b, 0xf1, 0x57, 0xfd, 0xc9, 0x66, 0x39, 0x22
	.byte 0x0a, 0xc1, 0x36, 0x96, 0x25, 0xcd, 0xee, 0x01
	.byte 0x24, 0xff, 0x68, 0x18, 0xf1, 0x57, 0xfd, 0xc9
	.byte 0x66, 0x26, 0x22, 0x09, 0xc1, 0x36, 0x96, 0x25
	.byte 0xcd, 0xcf, 0x4c, 0x6b, 0x1b, 0xcd, 0xcf, 0x34
	.byte 0x67, 0x16, 0x24, 0x7f, 0xc1, 0x37, 0x96, 0x21
	.byte 0xf1, 0x48, 0x96, 0x41, 0xf1, 0x44, 0x96, 0x51
	.byte 0xf1, 0x46, 0x96, 0x52, 0x1d, 0x4b, 0xc6, 0xfc
	.byte 0x0e
MidiCC_Handler_ExpressionParam:
	.byte 0xc1, 0x6a, 0x96, 0x27, 0xcf, 0xcf, 0x1f, 0x6b
	.byte 0x61, 0xdb, 0x12, 0x44, 0x87, 0x16, 0xfd, 0x00
	.byte 0xc3, 0x07, 0xf0, 0xec, 0x23, 0xcb, 0xcf, 0xff
	.byte 0x66, 0x50, 0xdb, 0xee, 0x01, 0x44, 0x74, 0x96
	.byte 0x00, 0x00, 0xd3, 0x07, 0xf0, 0xec, 0x3f, 0x81
	.byte 0x80, 0x6e, 0x3f, 0xf1, 0x57, 0xfd, 0xc9, 0x66
	.byte 0x39, 0x22, 0x0a, 0xe1, 0xf2, 0x90, 0x24, 0xdb
	.byte 0x12, 0xc1, 0x6a, 0x96, 0x27, 0xdb, 0xee, 0x02
	.byte 0xe3, 0x07, 0xf0, 0xec, 0x24, 0x8c, 0x0a, 0x21
	.byte 0xc9, 0x30, 0x00, 0xc1, 0x36, 0x96, 0x25, 0xcd
	.byte 0xef, 0x06, 0xc9, 0xe5, 0x24, 0xff, 0xc1, 0x37
	.byte 0x96, 0x21, 0xf1, 0x48, 0x96, 0x41, 0xf1, 0x44
	.byte 0x96, 0x51, 0xf1, 0x46, 0x96, 0x52, 0x1d, 0x4b
	.byte 0xc6, 0xfc, 0x0e
MidiCC_Handler_DirectStoreA:
	.byte 0xc1, 0x36, 0x96, 0x21, 0xc9, 0x31, 0x07, 0xdb
	.byte 0x12, 0xc1, 0x6a, 0x96, 0x27, 0xdb, 0xee, 0x01
	.byte 0x44, 0x75, 0x96, 0x00, 0x00, 0xf3, 0x07, 0xf0
	.byte 0xec, 0x41, 0xec, 0x69, 0xc3, 0x07, 0xf0, 0xec
	.byte 0x20, 0xd8, 0xcf, 0xff, 0xff, 0x6e, 0x07, 0xf3
	.byte 0x07, 0xf0, 0xec, 0x02, 0x7f, 0x7f, 0x0e
MidiCC_Handler_DirectStoreB:
	.byte 0xc1, 0x36, 0x96, 0x21, 0xc9, 0x31, 0x07, 0xdb
	.byte 0x12, 0xc1, 0x6a, 0x96, 0x27, 0xdb, 0xee, 0x01
	.byte 0x44, 0x74, 0x96, 0x00, 0x00, 0xf3, 0x07, 0xf0
	.byte 0xec, 0x41, 0xec, 0x61, 0xc3, 0x07, 0xf0, 0xec
	.byte 0x20, 0xd8, 0xcf, 0xff, 0xff, 0x6e, 0x09, 0xec
	.byte 0x69, 0xf3, 0x07, 0xf0, 0xec, 0x02, 0x7f, 0x7f
	.byte 0x0e
MidiCC_Handler_ParamDispatch:
	.byte 0xc1, 0x6a, 0x96, 0x21, 0xc9, 0xcf, 0x1f, 0x6b
	.byte 0x2c, 0xc9, 0xee, 0x01, 0x44, 0x47, 0x15, 0xfd
	.byte 0x00, 0xd3, 0x03, 0xf0, 0xe0, 0x21, 0xcb, 0xcf
	.byte 0xff, 0x66, 0x1a, 0xc1, 0x36, 0x96, 0x25, 0x24
	.byte 0x7f, 0xc1, 0x37, 0x96, 0x21, 0xf1, 0x48, 0x96
	.byte 0x41, 0xf1, 0x44, 0x96, 0x51, 0xf1, 0x46, 0x96
	.byte 0x52, 0x1d, 0xa1, 0xc6, 0xfc, 0x0e
MidiCC_Handler_TableDispatch:
	; --- Subroutine 1: table-indexed dispatch via XIX+A (54 bytes) ---
	ldda8	a, 38506
	cp a, 0x1f
	jr ugt, MidiCC_Handler_TableDispatch_Ret
	sll	a, 1
	ld xix, 0x00FD1587
	.byte 0xd3, 0x03, 0xf0, 0xe0, 0x21		; ld bc, (xix+a)  [register-indexed]
	cp c, 0xff
	jr z, MidiCC_Handler_TableDispatch_Ret
	ldda8	e, 38454
	ldb d, 0x7f
	ldda8	a, 38455
	stda8	38472, a
	stda16	38468, bc
	stda16	38470, de
	call 0xFCC726
MidiCC_Handler_TableDispatch_Ret:
	ret
MidiCC_Helper_ConditionalESetup:
	; --- Subroutine 2: conditional E setup from D (26 bytes) ---
	ldda8	a, 38454
	ldda16	de, 38470
	xor e, e
	cp a, 0x40
	jr c, MidiCC_Helper_ConditionalESetup_Store
	ld e, d
MidiCC_Helper_ConditionalESetup_Store:
	stda16	38470, de
	call 0xFCC5B7
	ret
MidiCC_Helper_EntryWithEqA:
	; --- Subroutine 3: entry variant with E=A (23 bytes) ---
	ld e, a
	ldda8	a, 38455
	stda8	38472, a
	stda16	38468, bc
	stda16	38470, de
	call 0xFCC744
	ret


MidiCC_Handler_CC4_VoiceParam:
	.byte 0xc1, 0x6a, 0x96, 0x21, 0xc9, 0xcf, 0x1f, 0x6b
	.byte 0x32, 0xf1, 0x57, 0xfd, 0xcc, 0x66, 0x2c, 0xc9
	.byte 0xee, 0x01, 0x44, 0xc7, 0x15, 0xfd, 0x00, 0xd3
	.byte 0x03, 0xf0, 0xe0, 0x21, 0xcb, 0xcf, 0xff, 0x66
	.byte 0x1a, 0xc1, 0x35, 0x96, 0x25, 0x24, 0xff, 0xc1
	.byte 0x37, 0x96, 0x21, 0xf1, 0x48, 0x96, 0x41, 0xf1
	.byte 0x44, 0x96, 0x51, 0xf1, 0x46, 0x96, 0x52, 0x1d
	.byte 0x1d, 0xcb, 0xfc, 0x0e
MidiCC_Handler_CC6_VoiceParam:
	.byte 0xc1, 0x6a, 0x96, 0x21, 0xc9, 0xcf, 0x1f, 0x6b
	.byte 0x34, 0xf1, 0x57, 0xfd, 0xce, 0x66, 0x2e, 0xc9
	.byte 0xee, 0x01, 0x44, 0x07, 0x16, 0xfd, 0x00, 0xd3
	.byte 0x03, 0xf0, 0xe0, 0x21, 0xcb, 0xcf, 0xff, 0x66
	.byte 0x1c, 0xc1, 0x35, 0x96, 0x25, 0xc1, 0x36, 0x96
	.byte 0x24, 0xc1, 0x37, 0x96, 0x21, 0xf1, 0x48, 0x96
	.byte 0x41, 0xf1, 0x44, 0x96, 0x51, 0xf1, 0x46, 0x96
	.byte 0x52, 0x1d, 0x1a, 0xc6, 0xfc, 0x0e
MidiCC_Handler_CC5_VoiceParam:
	.byte 0xc1, 0x6a, 0x96, 0x21, 0xc9, 0xcf, 0x1f, 0x6b
	.byte 0x32, 0xf1, 0x57, 0xfd, 0xcd, 0x66, 0x2c, 0xc9
	.byte 0xee, 0x01, 0x44, 0x47, 0x16, 0xfd, 0x00, 0xd3
	.byte 0x03, 0xf0, 0xe0, 0x21, 0xcb, 0xcf, 0xff, 0x66
	.byte 0x1a, 0xc1, 0x35, 0x96, 0x25, 0x24, 0x7f, 0xc1
	.byte 0x37, 0x96, 0x21, 0xf1, 0x48, 0x96, 0x41, 0xf1
	.byte 0x44, 0x96, 0x51, 0xf1, 0x46, 0x96, 0x52, 0x1d
	.byte 0x83, 0xc6, 0xfc, 0x0e
; ============================================================================
; UIState_ProcessDisplayUpdate - Process a display update event in UI state
; ============================================================================
; Input:  Display update event data
; Output: None
; Handles display refresh events within the UI state machine, updating
; screen elements that need to be redrawn.
; ============================================================================
UIState_ProcessDisplayUpdate:
	.byte 0xc1, 0x7d, 0xc0, 0x3f
	.byte 0x0d, 0x6e, 0x0d, 0xc1, 0x7f, 0xc0, 0x21, 0xc9
	.byte 0xcc, 0xff, 0x66, 0x04, 0xf1, 0x6c, 0x96, 0xb8
	.byte 0x0e
LABEL_FD0467:
	.byte 0xf1, 0x6c, 0x96, 0xc8, 0x66, 0x18, 0xf1
	.byte 0x6c, 0x96, 0xb0, 0xf1, 0x6d, 0x96, 0x00, 0x80
	.byte 0x1e, 0x0d, 0x00, 0xf1, 0x6d, 0x96, 0x00, 0x40
	.byte 0x1e, 0x05, 0x00, 0x1d, 0x29, 0x9e, 0xfc, 0x0e
	.byte 0x44, 0xf4, 0x94, 0x00, 0x00, 0xc1, 0x6d, 0x96
	.byte 0x3f, 0x80, 0x66, 0x05, 0x44, 0x94, 0x95, 0x00
	.byte 0x00, 0x30, 0xff, 0xff, 0x31, 0x10, 0x00, 0xf5
	.byte 0xf1, 0x50, 0xd9, 0x1c, 0xfa, 0x44, 0x14, 0x95
	.byte 0x00, 0x00, 0xc1, 0x6d, 0x96, 0x3f, 0x80, 0x66
	.byte 0x05, 0x44, 0xb4, 0x95, 0x00, 0x00, 0xd8, 0xd0
	.byte 0x31, 0x40, 0x00, 0xf5, 0xf1, 0x50, 0xd9, 0x1c
	.byte 0xfa, 0x44, 0xf4, 0x94, 0x00, 0x00, 0x45, 0x14
	.byte 0x95, 0x00, 0x00, 0xc1, 0x6d, 0x96, 0x3f, 0x80
	.byte 0x66, 0x0a, 0x44, 0x94, 0x95, 0x00, 0x00, 0x45
	.byte 0xb4, 0x95, 0x00, 0x00, 0xf1, 0x64, 0x96, 0x65
	.byte 0xf1, 0x6e, 0x96, 0x00, 0x00, 0x20, 0x00, 0xeb
	.byte 0xa9, 0xf1, 0x6f, 0x96, 0x00, 0x00, 0xf1, 0x70
	.byte 0x96, 0x00, 0x00, 0xe1, 0xf2, 0x90, 0x26, 0xcc
	.byte 0xd4, 0xc1, 0x70, 0x96, 0x25, 0xda, 0xee, 0x02
	.byte 0xe3, 0x07, 0xf8, 0xe8, 0x26, 0xee, 0xcf, 0xff
	.byte 0xff, 0xff, 0xff, 0x66, 0x21, 0x8e, 0x0d, 0x21
	.byte 0x28, 0xc1, 0x6d, 0x96, 0xc1, 0x48, 0x6e, 0x16
	.byte 0xc9, 0xcc, 0x1f, 0xc8, 0xf1, 0x6e, 0x0f, 0xc1
	.byte 0x70, 0x96, 0x24, 0xf3, 0x07, 0xf4, 0xec, 0x44
	.byte 0xeb, 0x61, 0xc1, 0x6f, 0x96, 0x61, 0xc1, 0x70
	.byte 0x96, 0x61, 0xc1, 0x70, 0x96, 0x3f, 0x20, 0x6e
	.byte 0xba, 0xc1, 0x6f, 0x96, 0x3f, 0x00, 0x66, 0x10
	.byte 0xc1, 0x6f, 0x96, 0x25, 0xb5, 0x45, 0xed, 0x8a
	.byte 0xe1, 0x64, 0x96, 0xa2, 0xb4, 0x45, 0xeb, 0x85
	.byte 0xec, 0x61, 0xc8, 0x61, 0xc1, 0x6e, 0x96, 0x61
	.byte 0xc1, 0x6e, 0x96, 0x3f, 0x20, 0x6e, 0x88, 0x0e
MIDI_DispatchCC:
	bitda 0, 47079
	jr nz, MidiCC_DispatchCleanupRet
	bitda 4, 64848
	jr nz, MidiCC_DispatchCleanupRet
	stda16 38476, xbc
	stda16 38478, xde
	cp c, 0xBF
	jr ugt, MidiCC_DispatchCleanupRet
	ld l, c
	extz hl
	sll hl, 2
	ld xix, 0xFD175E
	ld_sril3 XIX, 0x07, 0xF0, 0xEC
	call (xix)

MidiCC_DispatchCleanupRet:
	resda 7, 37093
	ret

LABEL_FD058F:
	ret

LABEL_FD0590:
	bitda 7, 37093
	jr nz, LABEL_FD059C
	bitda 6, 63939
	jr nz, LABEL_FD05A6

LABEL_FD059C:
	ld xiy, 0xFD0609
	ldb a, 0xF
	calr PanelEvent_DispatchByIndex

LABEL_FD05A6:
	ret

LABEL_FD05A7:
	bitda 7, 37093
	jr nz, LABEL_FD05B3
	bitda 6, 63965
	jr nz, LABEL_FD05BD

LABEL_FD05B3:
	ld xiy, 0xFD0609
	ldb a, 0xF
	calr PanelEvent_DispatchByIndex

LABEL_FD05BD:
	ret

LABEL_FD05BE:
	bitda 7, 37093
	jr nz, LABEL_FD05CA
	bitda 6, 63991
	jr nz, LABEL_FD05D4

LABEL_FD05CA:
	ld xiy, 0xFD0609
	ldb a, 0xF
	calr PanelEvent_DispatchByIndex

LABEL_FD05D4:
	ret

LABEL_FD05D5:
	ld xiy, 0xFD0609
	ldb a, 0xF
	calr PanelEvent_DispatchByIndex
	ret

LABEL_FD05E0:
	bitda 6, 64851
	jr z, LABEL_FD05F0
	ld xiy, 0xFD0609
	ldb a, 0xF
	calr PanelEvent_DispatchByIndex

LABEL_FD05F0:
	ret

LABEL_FD05F1:
	cpdi8 38477, 0
	jr LABEL_FD05FE
	bitda 6, 64848
	jr z, LABEL_FD0608

LABEL_FD05FE:
	ld xiy, 0xFD0609
	ldb a, 0xF
	calr PanelEvent_DispatchByIndex

LABEL_FD0608:
	ret


LABEL_FD0609:
	.long LABEL_FD0649
	.long MidiCC_NullHandlerBlock
	.long MidiCC_NullHandlerBlock
	.long LABEL_FD0699
	.long LABEL_FD16E7
	.long LABEL_FD06D2
	.long LABEL_FD070B
	.long LABEL_FD070C
	.long LABEL_FD0745
	.long LABEL_FD077E
	.long LABEL_FD07B9
	.long LABEL_FD07FA
	.long MidiCC_NullHandlerBlock
	.long MidiCC_NullHandlerBlock
	.long MidiCC_NullHandlerBlock
	.long LABEL_FD0835
LABEL_FD0649:
	.byte 0xc1, 0x4c, 0x96, 0x27, 0xcf, 0xcf, 0x1f, 0x6b
	.byte 0x46, 0x44, 0x8e, 0x1a, 0xfd, 0x00, 0xdb, 0x12
	.byte 0xcf, 0xee, 0x02, 0xe3, 0x07, 0xf0, 0xec, 0x24
	.byte 0xec, 0xcf, 0xff, 0xff, 0xff, 0xff, 0x66, 0x2f
	.byte 0xf1, 0x57, 0xfd, 0xcc, 0x66, 0x29, 0xc1, 0xe5
	.byte 0x90, 0x21, 0xf1, 0xe5, 0x90, 0xcf, 0x6e, 0x07
	.byte 0x84, 0x21, 0xc9, 0x33, 0x06, 0x6e, 0x18, 0x32
	.byte 0x00, 0x02, 0xf1, 0x3f, 0x96, 0x52, 0xc9, 0xcc
	.byte 0x0f, 0xc9, 0xce, 0xc0, 0xc1, 0x4e, 0x96, 0x20
	.byte 0xf1, 0x3c, 0x96, 0x50, 0x1e, 0x56, 0x07, 0x0e
LABEL_FD0699:
	.byte 0xc1, 0x4f, 0x96, 0x21, 0xc9, 0xcc, 0x7f, 0x66
	.byte 0x2f, 0xc1, 0x4c, 0x96, 0x27, 0xcf, 0xcf, 0x1f
	.byte 0x6b, 0x26, 0x44, 0x0e, 0x1b, 0xfd, 0x00, 0xdb
	.byte 0x12, 0xcf, 0xee, 0x02, 0xe3, 0x07, 0xf0, 0xec
	.byte 0x24, 0xec, 0xcf, 0xff, 0xff, 0xff, 0xff, 0x66
	.byte 0x0f, 0xf1, 0x58, 0xfd, 0xca, 0x66, 0x09, 0xc1
	.byte 0x4e, 0x96, 0x25, 0x20, 0x02, 0x1e, 0x42, 0x06
	.byte 0x0e
LABEL_FD06D2:
	.byte 0xc1, 0x4f, 0x96, 0x21, 0xc9, 0xcc, 0x7f, 0x66
	.byte 0x2f, 0xc1, 0x4c, 0x96, 0x27, 0xcf, 0xcf, 0x1f
	.byte 0x6b, 0x26, 0x44, 0x8e, 0x1b, 0xfd, 0x00, 0xdb
	.byte 0x12, 0xcf, 0xee, 0x02, 0xe3, 0x07, 0xf0, 0xec
	.byte 0x24, 0xec, 0xcf, 0xff, 0xff, 0xff, 0xff, 0x66
	.byte 0x0f, 0xf1, 0x58, 0xfd, 0xcd, 0x66, 0x09, 0xc1
	.byte 0x4e, 0x96, 0x25, 0x20, 0x05, 0x1e, 0x09, 0x06
	.byte 0x0e
LABEL_FD070B:
	.byte 0x0e
LABEL_FD070C:
	.byte 0xc1, 0x4f, 0x96, 0x21, 0xc9, 0xcc, 0x7f, 0x66
	.byte 0x2f, 0xc1, 0x4c, 0x96, 0x27, 0xcf, 0xcf, 0x1f
	.byte 0x6b, 0x26, 0x44, 0x8e, 0x1c, 0xfd, 0x00, 0xdb
	.byte 0x12, 0xcf, 0xee, 0x02, 0xe3, 0x07, 0xf0, 0xec
	.byte 0x24, 0xec, 0xcf, 0xff, 0xff, 0xff, 0xff, 0x66
	.byte 0x0f, 0xf1, 0x58, 0xfd, 0xcd, 0x66, 0x09, 0xc1
	.byte 0x4e, 0x96, 0x25, 0x20, 0x07, 0x1e, 0xcf, 0x05
	.byte 0x0e
LABEL_FD0745:
	.byte 0xc1, 0x4f, 0x96, 0x21, 0xc9, 0xcc, 0x7f, 0x66
	.byte 0x2f, 0xc1, 0x4c, 0x96, 0x27, 0xcf, 0xcf, 0x1f
	.byte 0x6b, 0x26, 0x44, 0x0f, 0x1d, 0xfd, 0x00, 0xdb
	.byte 0x12, 0xcf, 0xee, 0x02, 0xe3, 0x07, 0xf0, 0xec
	.byte 0x24, 0xec, 0xcf, 0xff, 0xff, 0xff, 0xff, 0x66
	.byte 0x0f, 0xf1, 0x58, 0xfd, 0xcc, 0x66, 0x09, 0xc1
	.byte 0x4e, 0x96, 0x25, 0x20, 0x04, 0x1e, 0x96, 0x05
	.byte 0x0e
LABEL_FD077E:
	.byte 0xc1, 0x4f, 0x96, 0x21, 0xc9, 0xcc, 0x7f, 0x66
	.byte 0x31, 0xc1, 0x4c, 0x96, 0x27, 0xcf, 0xcf, 0x1f
	.byte 0x6b, 0x28, 0x44, 0x8f, 0x1d, 0xfd, 0x00, 0xdb
	.byte 0x12, 0xcf, 0xee, 0x02, 0xe3, 0x07, 0xf0, 0xec
	.byte 0x24, 0xec, 0xcf, 0xff, 0xff, 0xff, 0xff, 0x66
	.byte 0x11, 0xf1, 0x57, 0xfd, 0xc9, 0x66, 0x0b, 0xd9
	.byte 0xaa, 0xc1, 0x4e, 0x96, 0x24, 0xcd, 0xd5, 0x1e
	.byte 0x9d, 0x05, 0x0e
LABEL_FD07B9:
	.byte 0xc1, 0x4f, 0x96, 0x21, 0xc9, 0xcc, 0xff, 0x66
	.byte 0x37, 0xc1, 0x4c, 0x96, 0x27, 0xcf, 0xcf, 0x1f
	.byte 0x6b, 0x2e, 0x44, 0x0f, 0x1e, 0xfd, 0x00, 0xdb
	.byte 0x12, 0xcf, 0xee, 0x02, 0xe3, 0x07, 0xf0, 0xec
	.byte 0x24, 0xec, 0xcf, 0xff, 0xff, 0xff, 0xff, 0x66
	.byte 0x17, 0xf1, 0x57, 0xfd, 0xc9, 0x66, 0x11, 0xd9
	.byte 0xa9, 0xc1, 0x4e, 0x96, 0x24, 0xcd, 0xd5, 0xda
	.byte 0xef, 0x01, 0xcd, 0xef, 0x01, 0x1e, 0x5c, 0x05
	.byte 0x0e
LABEL_FD07FA:
	.byte 0xc1, 0x4f, 0x96, 0x21, 0xc9, 0xcc, 0x7f, 0x66
	.byte 0x31, 0xc1, 0x4c, 0x96, 0x27, 0xcf, 0xcf, 0x1f
	.byte 0x6b, 0x28, 0x44, 0x8f, 0x1e, 0xfd, 0x00, 0xdb
	.byte 0x12, 0xcf, 0xee, 0x02, 0xe3, 0x07, 0xf0, 0xec
	.byte 0x24, 0xec, 0xcf, 0xff, 0xff, 0xff, 0xff, 0x66
	.byte 0x11, 0xf1, 0x57, 0xfd, 0xc8, 0x66, 0x0b, 0xd9
	.byte 0xa8, 0xc1, 0x4e, 0x96, 0x24, 0xcd, 0xd5, 0x1e
	.byte 0x21, 0x05, 0x0e
LABEL_FD0835:
	.byte 0xc1, 0x4c, 0x96, 0x27, 0xcf, 0xcf, 0x1f, 0x6b
	.byte 0x2c, 0x44, 0x8e, 0x1a, 0xfd, 0x00, 0xdb, 0x12
	.byte 0xcf, 0xee, 0x02, 0xe3, 0x07, 0xf0, 0xec, 0x24
	.byte 0xec, 0xcf, 0xff, 0xff, 0xff, 0xff, 0x66, 0x15
	.byte 0xda, 0x12, 0xc1, 0x4e, 0x96, 0x25, 0xcd, 0x33
	.byte 0x07, 0x66, 0x06, 0xcc, 0x31, 0x00, 0xcd, 0x30
	.byte 0x07, 0x1d, 0xa3, 0x0d, 0xfd, 0x0e

LABEL_FD086B:
	ld xiy, 0xFD0877
	ldb a, 0x6
	calr PanelEvent_DispatchByIndex
	ret

LABEL_FD0876:
	.byte 0xff, 0x49, 0x06, 0xfd, 0x00, 0x73, 0xfc, 0xfc
	.byte 0x00, 0x73, 0xfc, 0xfc, 0x00, 0x93, 0x08, 0xfd
	.byte 0x00, 0x73, 0xfc, 0xfc, 0x00, 0xc7, 0x08, 0xfd
	.byte 0x00, 0xc7, 0x08, 0xfd, 0x00, 0xc1, 0x4f, 0x96
	.byte 0x21, 0xc9, 0xcc, 0x07
	.ascii "f!Dc"
	.byte 0xfb, 0x00, 0x00, 0xf1, 0x59, 0xfd, 0xcd, 0x66
	.byte 0x16, 0xc1, 0x4e, 0x96, 0x25, 0xcd, 0xcc, 0x07
	.byte 0x45, 0xbf, 0x08, 0xfd, 0x00, 0xc3, 0x03, 0xf4
	.byte 0xe8, 0x25, 0x20, 0x10, 0x1e, 0x56, 0x04, 0x0e
	.byte 0xff, 0x00, 0x02, 0x01, 0x03, 0x00, 0x00, 0x00
	.byte 0x00, 0xf1, 0x59, 0xfd, 0xce, 0x66, 0x54, 0xcd
	.byte 0x8e, 0xce, 0x06, 0xcc, 0xc6, 0xcc, 0xc5, 0x27
	.byte 0xfc, 0xc1, 0x4d, 0x96, 0x3f, 0x05, 0x66, 0x02
	.byte 0x27, 0x04, 0xcf, 0xc6, 0x66, 0x10, 0x44, 0xcb
	.byte 0xfb, 0x00, 0x00, 0x20, 0x11, 0xcd, 0xd5, 0x2b
	.byte 0x2a, 0x1e, 0x21, 0x04, 0x4a, 0x4b, 0xcf, 0xc5
	.byte 0x66, 0x29, 0x44, 0xcb, 0xfb, 0x00, 0x00, 0x20
	.byte 0x11, 0x45, 0x22, 0x09, 0xfd, 0x00, 0xc1, 0x4d
	.byte 0x96, 0x3f, 0x05, 0x66, 0x05, 0x45, 0x2b, 0x09
	.byte 0xfd, 0x00, 0xc9, 0xd1, 0xc9, 0x61, 0xcd, 0xef
	.byte 0x01, 0x6f, 0xf9, 0xc3, 0x03, 0xf4, 0xe0, 0x25
	.byte 0x1e, 0xf2, 0x03, 0x0e, 0x00, 0x00, 0x00, 0x03
	.byte 0x07, 0x02, 0x06, 0x01, 0x05, 0x00, 0x00, 0x00
	.byte 0x0b, 0x00, 0x00, 0x00, 0x00, 0x00

LABEL_FD0934:
	ld xiy, 0xFD093F
	ldb a, 0x3
	calr PanelEvent_DispatchByIndex
	ret

LABEL_FD093F:
	.byte 0x73, 0xfc, 0xfc, 0x00, 0x4f, 0x09, 0xfd, 0x00
	.byte 0x73, 0xfc, 0xfc, 0x00, 0x73, 0xfc, 0xfc, 0x00
	.byte 0xf1, 0x4f, 0x96, 0xcf, 0x66, 0x2e, 0x27, 0x19
	.byte 0x44, 0x8e, 0x1c, 0xfd, 0x00, 0xdb, 0x12, 0xcf
	.byte 0xee, 0x02, 0xe3, 0x07, 0xf0, 0xec, 0x24, 0xec
	.byte 0xcf, 0xff, 0xff, 0xff, 0xff, 0x66, 0x15, 0xf1
	.byte 0x58, 0xfd, 0xcd, 0x66, 0x0f, 0x25, 0x00, 0xf1
	.byte 0x4e, 0x96, 0xcf, 0x66, 0x02, 0x25, 0x7f, 0x20
	.byte 0x07, 0x1e, 0x90, 0x03, 0x0e

LABEL_FD0984:
	ld xiy, 0xFD098F
	ldb a, 0x3
	calr PanelEvent_DispatchByIndex
	ret

LABEL_FD098F:
	.byte 0x73, 0xfc, 0xfc, 0x00, 0x73, 0xfc, 0xfc, 0x00
	.byte 0x73, 0xfc, 0xfc, 0x00, 0x73, 0xfc, 0xfc, 0x00

LABEL_FD099F:
	ld xiy, 0xFD09AB
	ldb a, 0xB
	calr PanelEvent_DispatchByIndex
	ret

LABEL_FD09AA:
	.byte 0xff, 0x73, 0xfc, 0xfc, 0x00, 0x73, 0xfc, 0xfc
	.byte 0x00, 0x73, 0xfc, 0xfc, 0x00, 0x73, 0xfc, 0xfc
	.byte 0x00, 0x73, 0xfc, 0xfc, 0x00, 0x73, 0xfc, 0xfc
	.byte 0x00, 0x73, 0xfc, 0xfc, 0x00, 0x73, 0xfc, 0xfc
	.byte 0x00, 0x73, 0xfc, 0xfc, 0x00, 0x73, 0xfc, 0xfc
	.byte 0x00, 0x73, 0xfc, 0xfc, 0x00, 0xdb, 0x09, 0xfd
	.byte 0x00, 0xc1, 0x4f, 0x96, 0x21, 0xc9, 0xcc, 0xc0
	.byte 0x66, 0x24, 0x44, 0x19, 0xfc, 0x00, 0x00, 0xf1
	.byte 0x51, 0xfd, 0xca, 0x66, 0x19, 0xc1, 0x4e, 0x96
	.byte 0x25, 0xcd, 0xcc, 0xc0, 0xcd, 0xef, 0x06, 0x45
	.byte 0x09, 0x0a, 0xfd, 0x00, 0xc3, 0x03, 0xf4, 0xe8
	.byte 0x25, 0x20, 0x12, 0x1e, 0x0b, 0x03, 0x0e, 0x00
	.byte 0x02, 0x01, 0x00

PanelEvent_DispatchByIndex:
	ldda8 l, 38477
	cp l, a
	jr ugt, LABEL_FD0A21
	extz hl
	sll hl, 2
	ld_sril3 XHL, 0x07, 0xF4, 0xEC
	call (xhl)

LABEL_FD0A21:
	ret

LABEL_FD0A22:
	ld xix, 0xFD1A8E
	ldda8 l, 38477
	extz hl
	sll l, 2
	ld_sril3 XIX, 0x07, 0xF0, 0xEC
	cp xix, 0xFFFFFFFF
	jr z, LABEL_FD0A45
	ldda16 xde, 38478
	call LABEL_FD0DA3

LABEL_FD0A45:
	ret

LABEL_FD0A46:
	ldda8 l, 38477
	cp l, 0x1F
	jr ugt, BitMask_Ctrl40_ConfigExit
	ld xix, 0xFD1F0F
	extz hl
	sll l, 2
	ld_sril3 XIX, 0x07, 0xF0, 0xEC
	cp xix, 0xFFFFFFFF
	jr z, BitMask_Ctrl40_ConfigExit
	bitda 0, 64857
	jr z, BitMask_Ctrl40_ConfigExit
	xor e, e
	ldb w, 0x28
	calr MidiChannel_ConfigureController

BitMask_Ctrl40_ConfigExit:
	ret

LABEL_FD0A74:
	ldda8 l, 38477
	cp l, 0x1F
	jr ugt, LABEL_FD0A9B
	ld xix, 0xFD1F8F
	extz hl
	sll l, 2
	ld_sril3 XIX, 0x07, 0xF0, 0xEC
	cp xix, 0xFFFFFFFF
	jr z, LABEL_FD0A9B
	xor e, e
	ldb w, 0x29
	calr MidiChannel_ConfigureController

LABEL_FD0A9B:
	ret

LABEL_FD0A9C:
	ldda8 l, 38477
	cps l, 1
	jr nz, LABEL_FD0AB8
	ld xix, 0xFC19
	bitda 3, 64856
	jr z, LABEL_FD0AB8
	ldda8 e, 38478
	ldb w, 0x3
	calr MidiChannel_ConfigureController

LABEL_FD0AB8:
	ret

LABEL_FD0AB9:
	ldda8 l, 38477
	cp l, 0x1F
	jr ugt, PanelEvent_NullRet
	ld xix, 0xFD200F
	extz hl
	sll l, 2
	ld_sril3 XIX, 0x07, 0xF0, 0xEC
	cp xix, 0xFFFFFFFF
	jr z, PanelEvent_NullRet
	bitda 6, 64855
	jr z, PanelEvent_NullRet
	ldda8 a, 37093
	bitda 7, 37093
	jr nz, LABEL_FD0AF0
	ld a, (xix)
	bit 6, a
	jr nz, PanelEvent_NullRet

LABEL_FD0AF0:
	ldw de, 0x300
	stda16 38463, xde
	and a, 0xF
	or a, 0xE0
	ldda8 w, 38478
	stda16 38460, xwa
	ldda8 a, 38479
	stda8 38462, a
	calr FileData_ValidateAndDispatch

PanelEvent_NullRet:
	ret

LABEL_FD0B11:
	ldda8 l, 38477
	cp l, 0x1F
	jr ugt, BitMask_Ctrl1_ConfigExit
	ld xix, 0xFD208F
	extz hl
	sll l, 2
	ld_sril3 XIX, 0x07, 0xF0, 0xEC
	cp xix, 0xFFFFFFFF
	jr z, BitMask_Ctrl1_ConfigExit
	bitda 1, 64856
	jr z, BitMask_Ctrl1_ConfigExit
	ldda8 e, 38478
	ldb w, 0x1
	calr MidiChannel_ConfigureController

BitMask_Ctrl1_ConfigExit:
	ret

LABEL_FD0B41:
	ldda8 l, 38477
	cp l, 0x1F
	jr ugt, BitMask_Ctrl3_ConfigExit
	ld xix, 0xFD210F
	extz hl
	sll l, 2
	ld_sril3 XIX, 0x07, 0xF0, 0xEC
	cp xix, 0xFFFFFFFF
	jr z, BitMask_Ctrl3_ConfigExit
	bitda 3, 64856
	jr z, BitMask_Ctrl3_ConfigExit
	ldda8 e, 38478
	ldb w, 0x3
	calr MidiChannel_ConfigureController

BitMask_Ctrl3_ConfigExit:
	ret

LABEL_FD0B71:
	ldda8 l, 38477
	cp l, 0x1F
	jr ugt, PanelEvent_NullRet2
	ld xix, 0xFD218F
	extz hl
	sll l, 2
	ld_sril3 XIX, 0x07, 0xF0, 0xEC
	cp xix, 0xFFFFFFFF
	jr z, PanelEvent_NullRet2
	bitda 5, 64855
	jr z, PanelEvent_NullRet2
	ldda8 a, 37093
	bitda 7, 37093
	jr nz, LABEL_FD0BA8
	ld a, (xix)
	bit 6, a
	jr nz, PanelEvent_NullRet2

LABEL_FD0BA8:
	ldw de, 0x200
	stda16 38463, xde
	and a, 0xF
	or a, 0xD0
	ldda8 w, 38478
	stda16 38460, xwa
	calr FileData_ValidateAndDispatch

PanelEvent_NullRet2:
	ret

LABEL_FD0BC1:
	ldda8 l, 38477
	cp l, 0x1F
	jr ugt, BitMask_Ctrl0_ConfigExit
	ld xix, 0xFD220F
	extz hl
	sll l, 2
	ld_sril3 XIX, 0x07, 0xF0, 0xEC
	cp xix, 0xFFFFFFFF
	jr z, BitMask_Ctrl0_ConfigExit
	bitda 0, 64856
	jr z, BitMask_Ctrl0_ConfigExit
	ldda8 e, 38478
	ldb w, 0x0
	calr MidiChannel_ConfigureController

BitMask_Ctrl0_ConfigExit:
	ret

LABEL_FD0BF1:
	.byte 0xc1, 0x4d, 0x96, 0x27, 0xcf, 0xcf, 0x1f, 0x6b
	.byte 0x26, 0x44, 0x8f, 0x22, 0xfd, 0x00, 0xdb, 0x12
	.byte 0xcf, 0xee, 0x02, 0xe3, 0x07, 0xf0, 0xec, 0x24
	.byte 0xec, 0xcf, 0xff, 0xff, 0xff, 0xff, 0x66, 0x0f
	.byte 0xf1, 0x59, 0xfd, 0xc9, 0x66, 0x09, 0xc1, 0x4e
	.byte 0x96, 0x25, 0x20, 0x09, 0x1e, 0xf3, 0x00, 0x0e
	.byte 0xc1, 0x4d, 0x96, 0x27, 0xcf, 0xcf, 0x1f, 0x6b
	.byte 0x26, 0x44, 0x0f, 0x23, 0xfd, 0x00, 0xdb, 0x12
	.byte 0xcf, 0xee, 0x02, 0xe3, 0x07, 0xf0, 0xec, 0x24
	.byte 0xec, 0xcf, 0xff, 0xff, 0xff, 0xff, 0x66, 0x0f
	.byte 0xf1, 0x59, 0xfd, 0xca, 0x66, 0x09, 0xc1, 0x4e
	.byte 0x96, 0x25, 0x20, 0x08, 0x1e, 0xc3, 0x00, 0x0e
	.byte 0xc1, 0x4d, 0x96, 0x27, 0xcf, 0xcf, 0x1f, 0x6b
	.byte 0x26, 0x44, 0x8f, 0x23, 0xfd, 0x00, 0xdb, 0x12
	.byte 0xcf, 0xee, 0x02, 0xe3, 0x07, 0xf0, 0xec, 0x24
	.byte 0xec, 0xcf, 0xff, 0xff, 0xff, 0xff, 0x66, 0x0f
	.byte 0xf1, 0x59, 0xfd, 0xcb, 0x66, 0x09, 0xc1, 0x4e
	.byte 0x96, 0x25, 0x20, 0x0c, 0x1e, 0x93, 0x00, 0x0e
	.byte 0xc1, 0x4d, 0x96, 0x27, 0xcf, 0xcf, 0x1f, 0x6b
	.byte 0x26, 0x44, 0x0f, 0x24, 0xfd, 0x00, 0xdb, 0x12
	.byte 0xcf, 0xee, 0x02, 0xe3, 0x07, 0xf0, 0xec, 0x24
	.byte 0xec, 0xcf, 0xff, 0xff, 0xff, 0xff, 0x66, 0x0f
	.byte 0xf1, 0x59, 0xfd, 0xcb, 0x66, 0x09, 0xc1, 0x4e
	.byte 0x96, 0x25, 0x20, 0x0d, 0x1e, 0x63, 0x00, 0x0e
	.byte 0xc1, 0x4d, 0x96, 0x27, 0xcf, 0xcf, 0x1f, 0x6b
	.byte 0x26, 0x44, 0x8f, 0x24, 0xfd, 0x00, 0xdb, 0x12
	.byte 0xcf, 0xee, 0x02, 0xe3, 0x07, 0xf0, 0xec, 0x24
	.byte 0xec, 0xcf, 0xff, 0xff, 0xff, 0xff, 0x66, 0x0f
	.byte 0xf1, 0x59, 0xfd, 0xcc, 0x66, 0x09, 0xc1, 0x4e
	.byte 0x96, 0x25, 0x20, 0x0e, 0x1e, 0x33, 0x00, 0x0e
	.byte 0xc1, 0x4d, 0x96, 0x27, 0xcf, 0xcf, 0x1f, 0x6b
	.byte 0x26, 0x44, 0x0f, 0x25, 0xfd, 0x00, 0xdb, 0x12
	.byte 0xcf, 0xee, 0x02, 0xe3, 0x07, 0xf0, 0xec, 0x24
	.byte 0xec, 0xcf, 0xff, 0xff, 0xff, 0xff, 0x66, 0x0f
	.byte 0xf1, 0x59, 0xfd, 0xcc, 0x66, 0x09, 0xc1, 0x4e
	.byte 0x96, 0x25, 0x20, 0x0f, 0x1e, 0x03, 0x00, 0x0e
	.byte 0x0e, 0x0e

MidiChannel_ConfigureController:
	pushw bc
	ldda8 a, 37093
	bitda 7, 37093
	jr nz, LABEL_FD0D25
	ld a, (xix)
	bit 6, a
	jr nz, MidiChannel_ConfigureExit

LABEL_FD0D25:
	ld xiy, 0x963C
	ldw bc, 0x300
	ld (xiy + 3), bc
	and a, 0xF
	or a, 0xB0
	cp w, 0x2F
	jr ugt, MidiChannel_ConfigureExit
	ld xiz, 0xFD1A5E
	ld_srib3 W, 0x03, 0xF8, 0xE1
	cp w, 0xFF
	jr z, MidiChannel_ConfigureExit
	ld (xiy + 256), wa
	ld (xiy + 2), e
	calr FileData_ValidateAndDispatch

MidiChannel_ConfigureExit:
	popw bc
	ret

LABEL_FD0D55:
	.byte 0xc1, 0xe5, 0x90, 0x21, 0xf1, 0xe5, 0x90, 0xcf
	.byte 0x6e, 0x07, 0x84, 0x21, 0xc9, 0x33, 0x06, 0x6e
	.byte 0x3c, 0x45, 0x3c, 0x96, 0x00, 0x00, 0x29, 0x31
	.byte 0x00, 0x03, 0xbd, 0x03, 0x51, 0x49, 0xc9, 0xcc
	.byte 0x0f, 0xc9, 0xce, 0xb0, 0x20, 0x64, 0xbd, 0x00
	.byte 0x50, 0xbd, 0x02, 0x43, 0x1e, 0x6a, 0x00, 0x21
	.byte 0x65, 0xca, 0x88, 0xbd, 0x01, 0x50, 0x1e, 0x60
	.byte 0x00, 0x21, 0x06, 0xcc, 0x88, 0xbd, 0x01, 0x50
	.byte 0x1e, 0x56, 0x00, 0x21, 0x26, 0xcd, 0x88, 0xbd
	.byte 0x01, 0x50, 0x1e, 0x4c, 0x00, 0x0e

LABEL_FD0DA3:
	bitda 4, 64855
	jr z, FileData_DispatchExit
	bitda 7, 64856
	jr z, FileData_DispatchExit
	ldda8 a, 37093
	bitda 7, 37093
	jr nz, LABEL_FD0DC0
	ld a, (xix)
	bit 6, a
	jr nz, FileData_DispatchExit

LABEL_FD0DC0:
	ld xiy, 0x963C
	ldw bc, 0x300
	ld (xiy + 3), bc
	and a, 0xF
	or a, 0xB0
	ldb w, 0x0
	ld (xiy + 256), wa
	res 7, d
	ld (xiy + 2), d
	calr FileData_ValidateAndDispatch
	ldb w, 0x20
	ld (xiy + 1), w
	res 7, e
	ld (xiy + 2), e
	calr FileData_ValidateAndDispatch

FileData_DispatchExit:
	ret

FileData_ValidateAndDispatch:
	push xix
	push xiy
	push xiz
	push xwa
	push xbc
	push xde
	push xhl
	ld xix, 0x963C
	ld c, (xix + 4)
	ld w, (xix + 256)
	ld xiy, 0xFDB773
	ld xiz, 0x424
	pushw wa
	ld a, w
	extz wa
	calr FileData_ValidateFormat
	popw wa
	cp hl, 0xFFFF
	jr z, FileData_DispatchHandler
	inc 1, xix
	dec 1, c

; File data dispatch handler
FileData_DispatchHandler:	; FD0E1D
	push xix
	ld wa, bc
	extz wa
	pushw wa
	ei 6
	call (xiy)
	ei 0
	inc 6, xsp
	pop xhl
	pop xde
	pop xbc
	pop xwa
	pop xiz
	pop xiy
	pop xix
	ret

LABEL_FD0E33:
	.byte 0xf1, 0x24, 0x04, 0x41, 0xd8, 0x12, 0x28, 0x06
	.byte 0x06, 0x1d, 0x1b, 0x28, 0xef, 0x06, 0x00, 0xef
	jr	le, 0x0e

Periodic_TimestampCheck:
	calr LABEL_FD0E49
	ret

LABEL_FD0E49:
	pushw wa
	pushw de
	ldda16 xwa, 1033
	ld de, wa
	subda16 xwa, 47075
	cp wa, 0x96
	jr c, LABEL_FD0E64
	stda16 47075, xde
	stdi8 1060, 0

LABEL_FD0E64:
	popw de
	popw wa
	ret

LABEL_FD0E67:
	.byte 0x18, 0x01, 0xff, 0xff, 0xff, 0xff, 0x20, 0x02
	.byte 0xff, 0xff, 0x04, 0x03, 0xff, 0xff, 0xff, 0xff
	.fill 8, 1, 0xff
	.fill 8, 1, 0xff
	.byte 0x19, 0xff, 0xff, 0xff, 0xff, 0xff, 0x21, 0xff
	.fill 8, 1, 0xff
	.fill 8, 1, 0xff
	.fill 8, 1, 0xff
	.byte 0x00, 0xff, 0xff, 0xff, 0xff, 0xff, 0xff, 0xff
	.fill 8, 1, 0xff
	.byte 0x10, 0xff, 0x11, 0x12, 0xff, 0xff, 0xff, 0xff
	.byte 0xff, 0xff, 0xff, 0x07, 0xff, 0x05, 0x06, 0xff
	.byte 0xff, 0xff, 0xff, 0xff, 0x23, 0x22, 0xff, 0xff
	.fill 8, 1, 0xff
	.fill 8, 1, 0xff
	.byte 0x29, 0x28, 0xff, 0xff, 0xff, 0xff, 0xff, 0xff
	.byte 0x01, 0x01, 0x02, 0x01, 0x04, 0x01, 0x08, 0x01
	.byte 0x10, 0x01, 0x20, 0x01, 0x20, 0x01, 0x20, 0x01
	.byte 0x04, 0x02, 0x02, 0x02, 0x40, 0x01, 0x80, 0x02
	.byte 0x08, 0x02, 0x08, 0x02, 0x10, 0x02, 0x10, 0x02
	.byte 0x20, 0x02, 0x40, 0x02, 0xff, 0xff, 0xff, 0xff
	.fill 8, 1, 0xff
	.byte 0x80, 0x01, 0x80, 0x01, 0xff, 0xff, 0xff, 0xff
	.fill 8, 1, 0xff
	.fill 8, 1, 0xff
	.fill 8, 1, 0xff
	.byte 0x01, 0x02, 0xff, 0xff, 0xff, 0xff, 0xff, 0xff
	.fill 8, 1, 0xff
	.byte 0x00, 0x04, 0x08, 0x01, 0x04, 0x08, 0x02, 0x04
	.byte 0x08, 0x03, 0x04, 0x08, 0x04, 0x04, 0x08, 0x05
	.byte 0x04, 0x08, 0x06, 0x04, 0x08, 0x07, 0x04, 0x08
	.byte 0x08, 0x04, 0x08, 0x09, 0x04, 0x08, 0x0a, 0x04
	.byte 0x08, 0x0b, 0x04, 0x08, 0x0c, 0x04, 0x08, 0x0d
	.byte 0x04, 0x08, 0x0e, 0x04, 0x08, 0xff, 0xff, 0xff
	.byte 0x10, 0x04, 0x08, 0x11, 0x04, 0x08, 0x12, 0x04
	.byte 0x08, 0x13, 0x04, 0x08, 0xff, 0xff, 0xff, 0xff
	.byte 0xff, 0xff, 0xff, 0xff, 0xff, 0x17, 0x04, 0x08
	.fill 8, 1, 0xff
	.fill 8, 1, 0xff
	.fill 8, 1, 0xff
	.byte 0xb7, 0x00, 0x7f, 0xb7, 0x01, 0x7f, 0xb7, 0x02
	.byte 0x7f, 0xb7, 0x03, 0x7f, 0xb7, 0x04, 0x7f, 0xb7
	.byte 0x05, 0x7f, 0xb7, 0x06, 0x7f, 0xb7, 0x07, 0x7f
	.byte 0xb7, 0x08, 0x7f, 0xb7, 0x09, 0x7f, 0xb7, 0x0a
	.byte 0x7f, 0xb7, 0x0b, 0x7f, 0xb7, 0x0c, 0x7f, 0xb7
	.byte 0x0d, 0x7f, 0xb7, 0x0e, 0x7f, 0xff, 0xff, 0xff
	.byte 0xb7, 0x10, 0x7f, 0xb7, 0x11, 0x7f, 0xb7, 0x12
	.byte 0x7f, 0xb7, 0x13, 0x7f, 0xff, 0xff, 0xff, 0xb7
	.byte 0x15, 0x7f, 0xff, 0xff, 0xff, 0xb7, 0x17, 0x7f
	.byte 0xb7, 0x18, 0x7f, 0xff, 0xff, 0xff, 0xff, 0xff
	.fill 8, 1, 0xff
	.fill 8, 1, 0xff
	.byte 0xb6, 0x00, 0x7f, 0xb6, 0x01, 0x7f, 0xb6, 0x02
	.byte 0x7f, 0xb6, 0x03, 0x7f, 0xb6, 0x04, 0x7f, 0xb6
	.byte 0x05, 0x7f, 0xb6, 0x06, 0x7f, 0xb6, 0x07, 0x7f
	.byte 0xb6, 0x08, 0x7f, 0xb6, 0x09, 0x7f, 0xb6, 0x0a
	.byte 0x7f, 0xb6, 0x0b, 0x7f, 0xb6, 0x0c, 0x7f, 0xb6
	.byte 0x0d, 0x7f, 0xb6, 0x0e, 0x7f, 0xff, 0xff, 0xff
	.byte 0xb6, 0x10, 0x7f, 0xb6, 0x11, 0x7f, 0xb6, 0x12
	.byte 0x7f, 0xb6, 0x13, 0x7f, 0xff, 0xff, 0xff, 0xb6
	.byte 0x15, 0x7f, 0xff, 0xff, 0xff, 0xb6, 0x17, 0x7f
	.byte 0xb6, 0x18, 0x7f, 0xff, 0xff, 0xff, 0xff, 0xff
	.fill 8, 1, 0xff
	.fill 8, 1, 0xff
	.byte 0xb2, 0x00, 0x7f, 0xb2, 0x01, 0x7f, 0xb2, 0x02
	.byte 0x7f, 0xb2, 0x03, 0x7f, 0xb2, 0x04, 0x7f, 0xb2
	.byte 0x05, 0x7f, 0xb2, 0x06, 0x7f, 0xb2, 0x07, 0x7f
	.byte 0xb2, 0x08, 0x7f, 0xb2, 0x09, 0x7f, 0xb2, 0x0a
	.byte 0x7f, 0xb2, 0x0b, 0x7f, 0xb2, 0x0c, 0x7f, 0xb2
	.byte 0x0d, 0x7f, 0xb2, 0x0e, 0x7f, 0xff, 0xff, 0xff
	.byte 0xb2, 0x10, 0x7f, 0xb2, 0x11, 0x7f, 0xb2, 0x12
	.byte 0x7f, 0xb2, 0x13, 0x7f, 0xff, 0xff, 0xff, 0xb2
	.byte 0x15, 0x7f, 0xff, 0xff, 0xff, 0xb2, 0x17, 0x7f
	.fill 8, 1, 0xff
	.fill 8, 1, 0xff
	.fill 8, 1, 0xff
	.byte 0x00, 0x03, 0x7f, 0x01, 0x03, 0x7f, 0x02, 0x03
	.byte 0x7f, 0x03, 0x03, 0x7f, 0x04, 0x03, 0x7f, 0x05
	.byte 0x03, 0x7f, 0x06, 0x03, 0x7f, 0x07, 0x03, 0x7f
	.byte 0x08, 0x03, 0x7f, 0x09, 0x03, 0x7f, 0x0a, 0x03
	.byte 0x7f, 0x0b, 0x03, 0x7f, 0x0c, 0x03, 0x7f, 0x0d
	.byte 0x03, 0x7f, 0x0e, 0x03, 0x7f, 0x0f, 0x03, 0x7f
	.byte 0x10, 0x03, 0x7f, 0x11, 0x03, 0x7f, 0x12, 0x03
	.byte 0x7f, 0x13, 0x03, 0x7f, 0x14, 0x03, 0x7f, 0x15
	.byte 0x03, 0x7f, 0xff, 0xff, 0xff, 0x17, 0x03, 0x7f
	.fill 8, 1, 0xff
	.fill 8, 1, 0xff
	.fill 8, 1, 0xff
	.byte 0xb3, 0x00, 0x7f, 0xb3, 0x01, 0x7f, 0xb3, 0x02
	.byte 0x7f, 0xb3, 0x03, 0x7f, 0xb3, 0x04, 0x7f, 0xb3
	.byte 0x05, 0x7f, 0xb3, 0x06, 0x7f, 0xb3, 0x07, 0x7f
	.byte 0xb3, 0x08, 0x7f, 0xb3, 0x09, 0x7f, 0xb3, 0x0a
	.byte 0x7f, 0xb3, 0x0b, 0x7f, 0xb3, 0x0c, 0x7f, 0xb3
	.byte 0x0d, 0x7f, 0xb3, 0x0e, 0x7f, 0xb3, 0x0f, 0x7f
	.byte 0xb3, 0x10, 0x7f, 0xb3, 0x11, 0x7f, 0xb3, 0x12
	.byte 0x7f, 0xb3, 0x13, 0x7f, 0xff, 0xff, 0xff, 0xff
	.byte 0xff, 0xff, 0xff, 0xff, 0xff, 0xb3, 0x17, 0x7f
	.byte 0xff, 0xff, 0xff, 0xb0, 0x01, 0x7f, 0xff, 0xff
	.fill 8, 1, 0xff
	.fill 8, 1, 0xff
	.byte 0x00, 0x08, 0x7f, 0x01, 0x08, 0x7f, 0x02, 0x08
	.byte 0x7f, 0x03, 0x08, 0x7f, 0x04, 0x08, 0x7f, 0x05
	.byte 0x08, 0x7f, 0x06, 0x08, 0x7f, 0x07, 0x08, 0x7f
	.byte 0x08, 0x08, 0x7f, 0x09, 0x08, 0x7f, 0x0a, 0x08
	.byte 0x7f, 0x0b, 0x08, 0x7f, 0x0c, 0x08, 0x7f, 0x0d
	.byte 0x08, 0x7f, 0x0e, 0x08, 0x7f, 0xff, 0xff, 0xff
	.byte 0x10, 0x08, 0x7f, 0x11, 0x08, 0x7f, 0x12, 0x08
	.byte 0x7f, 0x13, 0x08, 0x7f, 0xff, 0xff, 0xff, 0xff
	.byte 0xff, 0xff, 0xff, 0xff, 0xff, 0x17, 0x08, 0x7f
	.fill 8, 1, 0xff
	.fill 8, 1, 0xff
	.fill 8, 1, 0xff
	.byte 0x00, 0x05, 0x7f, 0x01, 0x05, 0x7f, 0x02, 0x05
	.byte 0x7f, 0x03, 0x05, 0x7f, 0x04, 0x05, 0x7f, 0x05
	.byte 0x05, 0x7f, 0x06, 0x05, 0x7f, 0x07, 0x05, 0x7f
	.byte 0x08, 0x05, 0x7f, 0x09, 0x05, 0x7f, 0x0a, 0x05
	.byte 0x7f, 0x0b, 0x05, 0x7f, 0x0c, 0x05, 0x7f, 0x0d
	.byte 0x05, 0x7f, 0x0e, 0x05, 0x7f, 0x0f, 0x05, 0x7f
	.fill 8, 1, 0xff
	.fill 8, 1, 0xff
	.fill 8, 1, 0xff
	.fill 8, 1, 0xff
	.fill 8, 1, 0xff
	.fill 8, 1, 0xff
	.byte 0x00, 0x04, 0x40, 0x01, 0x04, 0x40, 0x02, 0x04
	.byte 0x40, 0x03, 0x04, 0x40, 0x04, 0x04, 0x40, 0x05
	.byte 0x04, 0x40, 0x06, 0x04, 0x40, 0x07, 0x04, 0x40
	.byte 0x08, 0x04, 0x40, 0x09, 0x04, 0x40, 0x0a, 0x04
	.byte 0x40, 0x0b, 0x04, 0x40, 0x0c, 0x04, 0x40, 0x0d
	.byte 0x04, 0x40, 0x0e, 0x04, 0x40, 0xff, 0xff, 0xff
	.byte 0x10, 0x04, 0x40, 0x11, 0x04, 0x40, 0x12, 0x04
	.byte 0x40, 0x13, 0x04, 0x40, 0xff, 0xff, 0xff, 0x15
	.byte 0x04, 0x40, 0xff, 0xff, 0xff, 0x17, 0x04, 0x40
	.fill 8, 1, 0xff
	.fill 8, 1, 0xff
	.fill 8, 1, 0xff
	.byte 0x00, 0x07, 0x7f, 0x01, 0x07, 0x7f, 0x02, 0x07
	.byte 0x7f, 0x03, 0x07, 0x7f, 0x04, 0x07, 0x7f, 0x05
	.byte 0x07, 0x7f, 0x06, 0x07, 0x7f, 0x07, 0x07, 0x7f
	.byte 0x08, 0x07, 0x7f, 0x09, 0x07, 0x7f, 0x0a, 0x07
	.byte 0x7f, 0x0b, 0x07, 0x7f, 0x0c, 0x07, 0x7f, 0x0d
	.byte 0x07, 0x7f, 0x0e, 0x07, 0x7f, 0x0f, 0x07, 0x7f
	.byte 0x10, 0x07, 0x7f, 0x11, 0x07, 0x7f, 0x12, 0x07
	.byte 0x7f, 0x13, 0x07, 0x7f, 0x14, 0x07, 0x7f, 0x15
	.byte 0x07, 0x7f, 0xff, 0xff, 0xff, 0x17, 0x07, 0x7f
	.byte 0xff, 0xff, 0xff, 0x60, 0x01, 0x80, 0xff, 0xff
	.fill 8, 1, 0xff
	.fill 8, 1, 0xff
	.byte 0xbc, 0x00, 0x7f, 0xbc, 0x01, 0x7f, 0xbc, 0x02
	.byte 0x7f, 0xbc, 0x03, 0x7f, 0xbc, 0x04, 0x7f, 0xbc
	.byte 0x05, 0x7f, 0xbc, 0x06, 0x7f, 0xbc, 0x07, 0x7f
	.byte 0xbc, 0x08, 0x7f, 0xbc, 0x09, 0x7f, 0xbc, 0x0a
	.byte 0x7f, 0xbc, 0x0b, 0x7f, 0xbc, 0x0c, 0x7f, 0xbc
	.byte 0x0d, 0x7f, 0xbc, 0x0e, 0x7f, 0xbc, 0x0f, 0x7f
	.byte 0xbc, 0x10, 0x7f, 0xbc, 0x11, 0x7f, 0xbc, 0x12
	.byte 0x7f, 0xbc, 0x13, 0x7f, 0xbc, 0x14, 0x7f, 0xbc
	.byte 0x15, 0x7f, 0xff, 0xff, 0xff, 0xbc, 0x17, 0x7f
	.byte 0xbc, 0x18, 0x7f, 0xff, 0xff, 0xff, 0xff, 0xff
	.fill 8, 1, 0xff
	.fill 8, 1, 0xff
	.byte 0xbd, 0x00, 0x7f, 0xbd, 0x01, 0x7f, 0xbd, 0x02
	.byte 0x7f, 0xbd, 0x03, 0x7f, 0xbd, 0x04, 0x7f, 0xbd
	.byte 0x05, 0x7f, 0xbd, 0x06, 0x7f, 0xbd, 0x07, 0x7f
	.byte 0xbd, 0x08, 0x7f, 0xbd, 0x09, 0x7f, 0xbd, 0x0a
	.byte 0x7f, 0xbd, 0x0b, 0x7f, 0xbd, 0x0c, 0x7f, 0xbd
	.byte 0x0d, 0x7f, 0xbd, 0x0e, 0x7f, 0xbd, 0x0f, 0x7f
	.byte 0xbd, 0x10, 0x7f, 0xbd, 0x11, 0x7f, 0xbd, 0x12
	.byte 0x7f, 0xbd, 0x13, 0x7f, 0xbd, 0x14, 0x7f, 0xbd
	.byte 0x15, 0x7f, 0xff, 0xff, 0xff, 0xbd, 0x17, 0x7f
	.byte 0xbd, 0x18, 0x7f, 0xff, 0xff, 0xff, 0xff, 0xff
	.fill 8, 1, 0xff
	.fill 8, 1, 0xff
	.byte 0xb8, 0x00, 0x7f, 0xb8, 0x01, 0x7f, 0xb8, 0x02
	.byte 0x7f, 0xb8, 0x03, 0x7f, 0xb8, 0x04, 0x7f, 0xb8
	.byte 0x05, 0x7f, 0xb8, 0x06, 0x7f, 0xb8, 0x07, 0x7f
	.byte 0xb8, 0x08, 0x7f, 0xb8, 0x09, 0x7f, 0xb8, 0x0a
	.byte 0x7f, 0xb8, 0x0b, 0x7f, 0xb8, 0x0c, 0x7f, 0xb8
	.byte 0x0d, 0x7f, 0xb8, 0x0e, 0x7f, 0xb8, 0x0f, 0x7f
	.byte 0xb8, 0x10, 0x7f, 0xb8, 0x11, 0x7f, 0xb8, 0x12
	.byte 0x7f, 0xb8, 0x13, 0x7f, 0xb8, 0x14, 0x7f, 0xb8
	.byte 0x15, 0x7f, 0xff, 0xff, 0xff, 0xb8, 0x17, 0x7f
	.byte 0xb8, 0x18, 0x7f, 0xff, 0xff, 0xff, 0xff, 0xff
	.fill 8, 1, 0xff
	.fill 8, 1, 0xff
	.byte 0xb9, 0x00, 0x7f, 0xb9, 0x01, 0x7f, 0xb9, 0x02
	.byte 0x7f, 0xb9, 0x03, 0x7f, 0xb9, 0x04, 0x7f, 0xb9
	.byte 0x05, 0x7f, 0xb9, 0x06, 0x7f, 0xb9, 0x07, 0x7f
	.byte 0xb9, 0x08, 0x7f, 0xb9, 0x09, 0x7f, 0xb9, 0x0a
	.byte 0x7f, 0xb9, 0x0b, 0x7f, 0xb9, 0x0c, 0x7f, 0xb9
	.byte 0x0d, 0x7f, 0xb9, 0x0e, 0x7f, 0xb9, 0x0f, 0x7f
	.byte 0xb9, 0x10, 0x7f, 0xb9, 0x11, 0x7f, 0xb9, 0x12
	.byte 0x7f, 0xb9, 0x13, 0x7f, 0xb9, 0x14, 0x7f, 0xb9
	.byte 0x15, 0x7f, 0xff, 0xff, 0xff, 0xb9, 0x17, 0x7f
	.byte 0xb9, 0x18, 0x7f, 0xff, 0xff, 0xff, 0xff, 0xff
	.fill 8, 1, 0xff
	.fill 8, 1, 0xff
	.byte 0xba, 0x00, 0x7f, 0xba, 0x01, 0x7f, 0xba, 0x02
	.byte 0x7f, 0xba, 0x03, 0x7f, 0xba, 0x04, 0x7f, 0xba
	.byte 0x05, 0x7f, 0xba, 0x06, 0x7f, 0xba, 0x07, 0x7f
	.byte 0xba, 0x08, 0x7f, 0xba, 0x09, 0x7f, 0xba, 0x0a
	.byte 0x7f, 0xba, 0x0b, 0x7f, 0xba, 0x0c, 0x7f, 0xba
	.byte 0x0d, 0x7f, 0xba, 0x0e, 0x7f, 0xba, 0x0f, 0x7f
	.byte 0xba, 0x10, 0x7f, 0xba, 0x11, 0x7f, 0xba, 0x12
	.byte 0x7f, 0xba, 0x13, 0x7f, 0xba, 0x14, 0x7f, 0xba
	.byte 0x15, 0x7f, 0xff, 0xff, 0xff, 0xba, 0x17, 0x7f
	.byte 0xba, 0x18, 0x7f, 0xff, 0xff, 0xff, 0xff, 0xff
	.fill 8, 1, 0xff
	.fill 8, 1, 0xff
	.byte 0xbb, 0x00, 0x7f, 0xbb, 0x01, 0x7f, 0xbb, 0x02
	.byte 0x7f, 0xbb, 0x03, 0x7f, 0xbb, 0x04, 0x7f, 0xbb
	.byte 0x05, 0x7f, 0xbb, 0x06, 0x7f, 0xbb, 0x07, 0x7f
	.byte 0xbb, 0x08, 0x7f, 0xbb, 0x09, 0x7f, 0xbb, 0x0a
	.byte 0x7f, 0xbb, 0x0b, 0x7f, 0xbb, 0x0c, 0x7f, 0xbb
	.byte 0x0d, 0x7f, 0xbb, 0x0e, 0x7f, 0xbb, 0x0f, 0x7f
	.byte 0xbb, 0x10, 0x7f, 0xbb, 0x11, 0x7f, 0xbb, 0x12
	.byte 0x7f, 0xbb, 0x13, 0x7f, 0xbb, 0x14, 0x7f, 0xbb
	.byte 0x15, 0x7f, 0xff, 0xff, 0xff, 0xbb, 0x17, 0x7f
	.byte 0xbb, 0x18, 0x7f, 0xff, 0xff, 0xff, 0xff, 0xff
	.fill 8, 1, 0xff
	.fill 8, 1, 0xff
	.byte 0xad, 0x00, 0xad, 0x01, 0xad, 0x02, 0xad, 0x03
	.byte 0xad, 0x04, 0xad, 0x05, 0xad, 0x06, 0xad, 0x07
	.byte 0xad, 0x08, 0xad, 0x09, 0xad, 0x0a, 0xad, 0x0b
	.byte 0xad, 0x0c, 0xad, 0x0d, 0xad, 0x0e, 0xad, 0x0f
	.byte 0xad, 0x10, 0xad, 0x11, 0xad, 0x12, 0xad, 0x13
	.byte 0xad, 0x14, 0xad, 0x15, 0xff, 0xff, 0xff, 0xff
	.fill 8, 1, 0xff
	.fill 8, 1, 0xff
	.byte 0xae, 0x00, 0xae, 0x01, 0xae, 0x02, 0xae, 0x03
	.byte 0xae, 0x04, 0xae, 0x05, 0xae, 0x06, 0xae, 0x07
	.byte 0xae, 0x08, 0xae, 0x09, 0xae, 0x0a, 0xae, 0x0b
	.byte 0xae, 0x0c, 0xae, 0x0d, 0xae, 0x0e, 0xae, 0x0f
	.byte 0xae, 0x10, 0xae, 0x11, 0xae, 0x12, 0xae, 0x13
	.byte 0xae, 0x14, 0xae, 0x15, 0xff, 0xff, 0xff, 0xff
	.fill 8, 1, 0xff
	.fill 8, 1, 0xff
	.byte 0x00, 0x00, 0x01, 0x00, 0x02, 0x00, 0x03, 0x00
	.byte 0x04, 0x00, 0x05, 0x00, 0x06, 0x00, 0x07, 0x00
	.byte 0x08, 0x00, 0x09, 0x00, 0x0a, 0x00, 0x0b, 0x00
	.byte 0x0c, 0x00, 0x0d, 0x00, 0x0e, 0x00, 0x0f, 0x00
	.byte 0x10, 0x00, 0x11, 0x00, 0x12, 0x00, 0x13, 0x00
	.byte 0x14, 0x00, 0x15, 0x00, 0xff, 0xff, 0x17, 0x00
	.fill 8, 1, 0xff
	.fill 8, 1, 0xff
	.byte 0xb1, 0x00, 0xb1, 0x01, 0xb1, 0x02, 0xb1, 0x03
	.byte 0xb1, 0x04, 0xb1, 0x05, 0xb1, 0x06, 0xb1, 0x07
	.byte 0xb1, 0x08, 0xb1, 0x09, 0xb1, 0x0a, 0xb1, 0x0b
	.byte 0xb1, 0x0c, 0xb1, 0x0d, 0xb1, 0x0e, 0xff, 0xff
	.byte 0xb1, 0x10, 0xb1, 0x11, 0xb1, 0x12, 0xb1, 0x13
	.byte 0xff, 0xff, 0xb1, 0x15, 0xff, 0xff, 0xb1, 0x17
	.fill 8, 1, 0xff
	.fill 8, 1, 0xff
	.byte 0xb4, 0x00, 0xb4, 0x01, 0xb4, 0x02, 0xb4, 0x03
	.byte 0xb4, 0x04, 0xb4, 0x05, 0xb4, 0x06, 0xb4, 0x07
	.byte 0xb4, 0x08, 0xb4, 0x09, 0xb4, 0x0a, 0xb4, 0x0b
	.byte 0xb4, 0x0c, 0xb4, 0x0d, 0xb4, 0x0e, 0xff, 0xff
	.fill 8, 1, 0xff
	.fill 8, 1, 0xff
	.fill 8, 1, 0xff
	.fill 8, 1, 0xff
	.byte 0x00, 0x01, 0x02, 0x03, 0x04, 0x05, 0x06, 0x07
	.byte 0x08, 0x09, 0x0a, 0x0b, 0x0c, 0x0d, 0x0e, 0xff
	.fill 8, 1, 0xff
	.fill 8, 1, 0xff
	.byte 0x00, 0x00, 0x01, 0x00, 0x02, 0x00, 0x03, 0x00
	.byte 0x04, 0x00, 0x05, 0x00, 0x06, 0x00, 0x07, 0x00
	.byte 0x08, 0x00, 0x09, 0x00, 0x0a, 0x00, 0x0b, 0x00
	.byte 0x0c, 0x00, 0x0d, 0x00, 0x0e, 0x00, 0x0f, 0x00
	.byte 0x10, 0x00, 0x11, 0x00, 0x12, 0x00, 0x13, 0x00
	.byte 0x14, 0x00, 0x15, 0x00, 0xff, 0x00, 0x17, 0x00
	.fill 8, 1, 0xff
	.fill 8, 1, 0xff
LABEL_FD16E7:
	.byte 0xf1, 0x4f, 0x96, 0xcb, 0x66, 0x35, 0xc1, 0x4c
	.byte 0x96, 0x27, 0xcf, 0xcf, 0x1f, 0x6b, 0x2c, 0x44
	.byte 0x0e, 0x1c, 0xfd, 0x00, 0xdb, 0x12, 0xcf, 0xee
	.byte 0x02, 0xe3, 0x07, 0xf0, 0xec, 0x24, 0xec, 0xcf
	.byte 0xff, 0xff, 0xff, 0xff, 0x66, 0x15, 0xf1, 0x58
	.byte 0xfd, 0xc8, 0x66, 0x0f, 0x25, 0x00, 0xf1, 0x4e
	.byte 0x96, 0xcb, 0x66, 0x02, 0x25, 0x7f, 0x20, 0x00
	.byte 0x1e, 0xf1, 0xf5, 0xf1, 0x4f, 0x96, 0xce, 0x66
	.byte 0x35, 0xc1, 0x4c, 0x96, 0x27, 0xcf, 0xcf, 0x1f
	.byte 0x6b, 0x2c, 0x44, 0x0e, 0x1c, 0xfd, 0x00, 0xdb
	.byte 0x12, 0xcf, 0xee, 0x02, 0xe3, 0x07, 0xf0, 0xec
	.byte 0x24, 0xec, 0xcf, 0xff, 0xff, 0xff, 0xff, 0x66
	.byte 0x15, 0xf1, 0x58, 0xfd, 0xcd, 0x66, 0x0f, 0x25
	.byte 0x00, 0xf1, 0x4e, 0x96, 0xce, 0x66, 0x02, 0x25
	.byte 0x7f, 0x20, 0x06, 0x1e, 0xb6, 0xf5, 0x0e, 0x90
	.byte 0x05, 0xfd, 0x00, 0xa7, 0x05, 0xfd, 0x00, 0xbe
	.byte 0x05, 0xfd, 0x00, 0xd5, 0x05, 0xfd, 0x00, 0xd5
	.byte 0x05, 0xfd, 0x00, 0xd5, 0x05, 0xfd, 0x00, 0xd5
	.byte 0x05, 0xfd, 0x00, 0xd5, 0x05, 0xfd, 0x00, 0xd5
	.byte 0x05, 0xfd, 0x00, 0xd5, 0x05, 0xfd, 0x00, 0xd5
	.byte 0x05, 0xfd, 0x00, 0xd5, 0x05, 0xfd, 0x00, 0xd5
	.byte 0x05, 0xfd, 0x00, 0xd5, 0x05, 0xfd, 0x00, 0xd5
	.byte 0x05, 0xfd, 0x00, 0xd5, 0x05, 0xfd, 0x00, 0xe0
	.byte 0x05, 0xfd, 0x00, 0xe0, 0x05, 0xfd, 0x00, 0xe0
	.byte 0x05, 0xfd, 0x00, 0xe0, 0x05, 0xfd, 0x00, 0xf1
	.byte 0x05, 0xfd, 0x00, 0xe0, 0x05, 0xfd, 0x00, 0x8f
	.byte 0x05, 0xfd, 0x00, 0x8f, 0x05, 0xfd, 0x00, 0x8f
	.byte 0x05, 0xfd, 0x00, 0x8f, 0x05, 0xfd, 0x00, 0x8f
	.byte 0x05, 0xfd, 0x00, 0x8f, 0x05, 0xfd, 0x00, 0x8f
	.byte 0x05, 0xfd, 0x00, 0x8f, 0x05, 0xfd, 0x00, 0x8f
	.byte 0x05, 0xfd, 0x00, 0x8f, 0x05, 0xfd, 0x00, 0x8f
	.byte 0x05, 0xfd, 0x00, 0x8f, 0x05, 0xfd, 0x00, 0x8f
	.byte 0x05, 0xfd, 0x00, 0x8f, 0x05, 0xfd, 0x00, 0x8f
	.byte 0x05, 0xfd, 0x00, 0x8f, 0x05, 0xfd, 0x00, 0x8f
	.byte 0x05, 0xfd, 0x00, 0x8f, 0x05, 0xfd, 0x00, 0x8f
	.byte 0x05, 0xfd, 0x00, 0x8f, 0x05, 0xfd, 0x00, 0x8f
	.byte 0x05, 0xfd, 0x00, 0x8f, 0x05, 0xfd, 0x00, 0x8f
	.byte 0x05, 0xfd, 0x00, 0x8f, 0x05, 0xfd, 0x00, 0x8f
	.byte 0x05, 0xfd, 0x00, 0x8f, 0x05, 0xfd, 0x00, 0x8f
	.byte 0x05, 0xfd, 0x00, 0x8f, 0x05, 0xfd, 0x00, 0x8f
	.byte 0x05, 0xfd, 0x00, 0x8f, 0x05, 0xfd, 0x00, 0x8f
	.byte 0x05, 0xfd, 0x00, 0x8f, 0x05, 0xfd, 0x00, 0x8f
	.byte 0x05, 0xfd, 0x00, 0x8f, 0x05, 0xfd, 0x00, 0x8f
	.byte 0x05, 0xfd, 0x00, 0x8f, 0x05, 0xfd, 0x00, 0x8f
	.byte 0x05, 0xfd, 0x00, 0x8f, 0x05, 0xfd, 0x00, 0x8f
	.byte 0x05, 0xfd, 0x00, 0x8f, 0x05, 0xfd, 0x00, 0x8f
	.byte 0x05, 0xfd, 0x00, 0x8f, 0x05, 0xfd, 0x00, 0x8f
	.byte 0x05, 0xfd, 0x00, 0x8f, 0x05, 0xfd, 0x00, 0x8f
	.byte 0x05, 0xfd, 0x00, 0x8f, 0x05, 0xfd, 0x00, 0x8f
	.byte 0x05, 0xfd, 0x00, 0x8f, 0x05, 0xfd, 0x00, 0x8f
	.byte 0x05, 0xfd, 0x00, 0x8f, 0x05, 0xfd, 0x00, 0x6b
	.byte 0x08, 0xfd, 0x00, 0x8f, 0x05, 0xfd, 0x00, 0x8f
	.byte 0x05, 0xfd, 0x00, 0x8f, 0x05, 0xfd, 0x00, 0x8f
	.byte 0x05, 0xfd, 0x00, 0x8f, 0x05, 0xfd, 0x00, 0x8f
	.byte 0x05, 0xfd, 0x00, 0x8f, 0x05, 0xfd, 0x00, 0x8f
	.byte 0x05, 0xfd, 0x00, 0x8f, 0x05, 0xfd, 0x00, 0x8f
	.byte 0x05, 0xfd, 0x00, 0x8f, 0x05, 0xfd, 0x00, 0x8f
	.byte 0x05, 0xfd, 0x00, 0x8f, 0x05, 0xfd, 0x00, 0x8f
	.byte 0x05, 0xfd, 0x00, 0x8f, 0x05, 0xfd, 0x00, 0x8f
	.byte 0x05, 0xfd, 0x00, 0x8f, 0x05, 0xfd, 0x00, 0x8f
	.byte 0x05, 0xfd, 0x00, 0x8f, 0x05, 0xfd, 0x00, 0x8f
	.byte 0x05, 0xfd, 0x00, 0x8f, 0x05, 0xfd, 0x00, 0x8f
	.byte 0x05, 0xfd, 0x00, 0x8f, 0x05, 0xfd, 0x00, 0x34
	.byte 0x09, 0xfd, 0x00, 0x8f, 0x05, 0xfd, 0x00, 0x8f
	.byte 0x05, 0xfd, 0x00, 0x8f, 0x05, 0xfd, 0x00, 0x8f
	.byte 0x05, 0xfd, 0x00, 0x8f, 0x05, 0xfd, 0x00, 0x8f
	.byte 0x05, 0xfd, 0x00, 0x8f, 0x05, 0xfd, 0x00, 0x8f
	.byte 0x05, 0xfd, 0x00, 0x8f, 0x05, 0xfd, 0x00, 0x8f
	.byte 0x05, 0xfd, 0x00, 0x8f, 0x05, 0xfd, 0x00, 0x8f
	.byte 0x05, 0xfd, 0x00, 0x8f, 0x05, 0xfd, 0x00, 0x8f
	.byte 0x05, 0xfd, 0x00, 0x8f, 0x05, 0xfd, 0x00, 0x84
	.byte 0x09, 0xfd, 0x00, 0x8f, 0x05, 0xfd, 0x00, 0x8f
	.byte 0x05, 0xfd, 0x00, 0x8f, 0x05, 0xfd, 0x00, 0x8f
	.byte 0x05, 0xfd, 0x00, 0x8f, 0x05, 0xfd, 0x00, 0x8f
	.byte 0x05, 0xfd, 0x00, 0x8f, 0x05, 0xfd, 0x00, 0x8f
	.byte 0x05, 0xfd, 0x00, 0x8f, 0x05, 0xfd, 0x00, 0x8f
	.byte 0x05, 0xfd, 0x00, 0x8f, 0x05, 0xfd, 0x00, 0x8f
	.byte 0x05, 0xfd, 0x00, 0x8f, 0x05, 0xfd, 0x00, 0x8f
	.byte 0x05, 0xfd, 0x00, 0x8f, 0x05, 0xfd, 0x00, 0x8f
	.byte 0x05, 0xfd, 0x00, 0x22, 0x0a, 0xfd, 0x00, 0x8f
	.byte 0x05, 0xfd, 0x00, 0x8f, 0x05, 0xfd, 0x00, 0x8f
	.byte 0x05, 0xfd, 0x00, 0x8f, 0x05, 0xfd, 0x00, 0x8f
	.byte 0x05, 0xfd, 0x00, 0x8f, 0x05, 0xfd, 0x00, 0x8f
	.byte 0x05, 0xfd, 0x00, 0x8f, 0x05, 0xfd, 0x00, 0x8f
	.byte 0x05, 0xfd, 0x00, 0x8f, 0x05, 0xfd, 0x00, 0x8f
	.byte 0x05, 0xfd, 0x00, 0x8f, 0x05, 0xfd, 0x00, 0x8f
	.byte 0x05, 0xfd, 0x00, 0x8f, 0x05, 0xfd, 0x00, 0x8f
	.byte 0x05, 0xfd, 0x00, 0x8f, 0x05, 0xfd, 0x00, 0x8f
	.byte 0x05, 0xfd, 0x00, 0x8f, 0x05, 0xfd, 0x00, 0x8f
	.byte 0x05, 0xfd, 0x00, 0x8f, 0x05, 0xfd, 0x00, 0x8f
	.byte 0x05, 0xfd, 0x00, 0x8f, 0x05, 0xfd, 0x00, 0x9f
	.byte 0x09, 0xfd, 0x00, 0x8f, 0x05, 0xfd, 0x00, 0x8f
	.byte 0x05, 0xfd, 0x00, 0x8f, 0x05, 0xfd, 0x00, 0x8f
	.byte 0x05, 0xfd, 0x00, 0x8f, 0x05, 0xfd, 0x00, 0x8f
	.byte 0x05, 0xfd, 0x00, 0x8f, 0x05, 0xfd, 0x00, 0x8f
	.byte 0x05, 0xfd, 0x00, 0x8f, 0x05, 0xfd, 0x00, 0x8f
	.byte 0x05, 0xfd, 0x00, 0x8f, 0x05, 0xfd, 0x00, 0x8f
	.byte 0x05, 0xfd, 0x00, 0x8f, 0x05, 0xfd, 0x00, 0x8f
	.byte 0x05, 0xfd, 0x00, 0x8f, 0x05, 0xfd, 0x00, 0x8f
	.byte 0x05, 0xfd, 0x00, 0x8f, 0x05, 0xfd, 0x00, 0x8f
	.byte 0x05, 0xfd, 0x00, 0x8f, 0x05, 0xfd, 0x00, 0x8f
	.byte 0x05, 0xfd, 0x00, 0x46, 0x0a, 0xfd, 0x00, 0x74
	.byte 0x0a, 0xfd, 0x00, 0x8f, 0x05, 0xfd, 0x00, 0x9c
	.byte 0x0a, 0xfd, 0x00, 0xb9, 0x0a, 0xfd, 0x00, 0x11
	.byte 0x0b, 0xfd, 0x00, 0x41, 0x0b, 0xfd, 0x00, 0x71
	.byte 0x0b, 0xfd, 0x00, 0xc1, 0x0b, 0xfd, 0x00, 0x8f
	.byte 0x05, 0xfd, 0x00, 0x8f, 0x05, 0xfd, 0x00, 0x8f
	.byte 0x05, 0xfd, 0x00, 0x8f, 0x05, 0xfd, 0x00, 0x8f
	.byte 0x05, 0xfd, 0x00, 0x8f, 0x05, 0xfd, 0x00, 0x8f
	.byte 0x05, 0xfd, 0x00, 0x8f, 0x05, 0xfd, 0x00, 0x8f
	.byte 0x05, 0xfd, 0x00, 0x8f, 0x05, 0xfd, 0x00, 0x40
	.byte 0x01, 0x07, 0x0b, 0x0a, 0x5d, 0x5e, 0x5b, 0xff
	.byte 0xff, 0xff, 0xff, 0xff, 0xff, 0xff, 0xff, 0x50
	.byte 0x52, 0x53, 0xff, 0xff, 0xff, 0xff, 0xff, 0x00
	.byte 0x20, 0xff, 0xff, 0xff, 0xff, 0xff, 0xff, 0x06
	.byte 0x26, 0x65, 0x64, 0xff, 0xff, 0xff, 0xff, 0x79
	.byte 0x78, 0xff, 0xff, 0xff, 0xff, 0xff, 0xff, 0xc3
	.byte 0xf9, 0x00, 0x00, 0xdd, 0xf9, 0x00, 0x00, 0xf7
	.byte 0xf9, 0x00, 0x00, 0x11, 0xfa, 0x00, 0x00, 0x2b
	.byte 0xfa, 0x00, 0x00, 0x45, 0xfa, 0x00, 0x00, 0x5f
	.byte 0xfa, 0x00, 0x00, 0x79, 0xfa, 0x00, 0x00, 0x93
	.byte 0xfa, 0x00, 0x00, 0xad, 0xfa, 0x00, 0x00, 0xc7
	.byte 0xfa, 0x00, 0x00, 0xe1, 0xfa, 0x00, 0x00, 0xfb
	.byte 0xfa, 0x00, 0x00, 0x15, 0xfb, 0x00, 0x00, 0x2f
	.byte 0xfb, 0x00, 0x00, 0x49, 0xfb, 0x00, 0x00, 0x63
	.byte 0xfb, 0x00, 0x00, 0x7d, 0xfb, 0x00, 0x00, 0x97
	.byte 0xfb, 0x00, 0x00, 0xb1, 0xfb, 0x00, 0x00, 0xcb
	.byte 0xfb, 0x00, 0x00, 0xe5, 0xfb, 0x00, 0x00, 0xff
	.fill 8, 1, 0xff
	.fill 8, 1, 0xff
	.fill 8, 1, 0xff
	.fill 8, 1, 0xff
	.byte 0xff, 0xff, 0xff, 0xff, 0xff, 0xff, 0xff, 0xc3
	.byte 0xf9, 0x00, 0x00, 0xdd, 0xf9, 0x00, 0x00, 0xf7
	.byte 0xf9, 0x00, 0x00, 0x11, 0xfa, 0x00, 0x00, 0x2b
	.byte 0xfa, 0x00, 0x00, 0x45, 0xfa, 0x00, 0x00, 0x5f
	.byte 0xfa, 0x00, 0x00, 0x79, 0xfa, 0x00, 0x00, 0x93
	.byte 0xfa, 0x00, 0x00, 0xad, 0xfa, 0x00, 0x00, 0xc7
	.byte 0xfa, 0x00, 0x00, 0xe1, 0xfa, 0x00, 0x00, 0xfb
	.byte 0xfa, 0x00, 0x00, 0x15, 0xfb, 0x00, 0x00, 0x2f
	.byte 0xfb, 0x00, 0x00, 0x49, 0xfb, 0x00, 0x00, 0x63
	.byte 0xfb, 0x00, 0x00, 0x7d, 0xfb, 0x00, 0x00, 0x97
	.byte 0xfb, 0x00, 0x00, 0xb1, 0xfb, 0x00, 0x00, 0xcb
	.byte 0xfb, 0x00, 0x00, 0xe5, 0xfb, 0x00, 0x00, 0xff
	.fill 8, 1, 0xff
	.fill 8, 1, 0xff
	.fill 8, 1, 0xff
	.fill 8, 1, 0xff
	.byte 0xff, 0xff, 0xff, 0xff, 0xff, 0xff, 0xff, 0xc3
	.byte 0xf9, 0x00, 0x00, 0xdd, 0xf9, 0x00, 0x00, 0xf7
	.byte 0xf9, 0x00, 0x00, 0x11, 0xfa, 0x00, 0x00, 0x2b
	.byte 0xfa, 0x00, 0x00, 0x45, 0xfa, 0x00, 0x00, 0x5f
	.byte 0xfa, 0x00, 0x00, 0x79, 0xfa, 0x00, 0x00, 0x93
	.byte 0xfa, 0x00, 0x00, 0xad, 0xfa, 0x00, 0x00, 0xc7
	.byte 0xfa, 0x00, 0x00, 0xe1, 0xfa, 0x00, 0x00, 0xfb
	.byte 0xfa, 0x00, 0x00, 0x15, 0xfb, 0x00, 0x00, 0x2f
	.byte 0xfb, 0x00, 0x00, 0x49, 0xfb, 0x00, 0x00, 0xff
	.fill 8, 1, 0xff
	.fill 8, 1, 0xff
	.fill 8, 1, 0xff
	.fill 8, 1, 0xff
	.fill 8, 1, 0xff
	.fill 8, 1, 0xff
	.fill 8, 1, 0xff
	.byte 0xff, 0xff, 0xff, 0xff, 0xff, 0xff, 0xff, 0xc3
	.byte 0xf9, 0x00, 0x00, 0xdd, 0xf9, 0x00, 0x00, 0xf7
	.byte 0xf9, 0x00, 0x00, 0x11, 0xfa, 0x00, 0x00, 0x2b
	.byte 0xfa, 0x00, 0x00, 0x45, 0xfa, 0x00, 0x00, 0x5f
	.byte 0xfa, 0x00, 0x00, 0x79, 0xfa, 0x00, 0x00, 0x93
	.byte 0xfa, 0x00, 0x00, 0xad, 0xfa, 0x00, 0x00, 0xc7
	.byte 0xfa, 0x00, 0x00, 0xe1, 0xfa, 0x00, 0x00, 0xfb
	.byte 0xfa, 0x00, 0x00, 0x15, 0xfb, 0x00, 0x00, 0x2f
	.byte 0xfb, 0x00, 0x00, 0xff, 0xff, 0xff, 0xff, 0x63
	.byte 0xfb, 0x00, 0x00, 0x7d, 0xfb, 0x00, 0x00, 0x97
	.byte 0xfb, 0x00, 0x00, 0xb1, 0xfb, 0x00, 0x00, 0xff
	.byte 0xff, 0xff, 0xff, 0xe5, 0xfb, 0x00, 0x00, 0xff
	.fill 8, 1, 0xff
	.fill 8, 1, 0xff
	.fill 8, 1, 0xff
	.fill 8, 1, 0xff
	.byte 0xff, 0xff, 0xff, 0xff, 0xff, 0xff, 0xff, 0xc3
	.byte 0xf9, 0x00, 0x00, 0xdd, 0xf9, 0x00, 0x00, 0xf7
	.byte 0xf9, 0x00, 0x00, 0x11, 0xfa, 0x00, 0x00, 0x2b
	.byte 0xfa, 0x00, 0x00, 0x45, 0xfa, 0x00, 0x00, 0x5f
	.byte 0xfa, 0x00, 0x00, 0x79, 0xfa, 0x00, 0x00, 0x93
	.byte 0xfa, 0x00, 0x00, 0xad, 0xfa, 0x00, 0x00, 0xc7
	.byte 0xfa, 0x00, 0x00, 0xe1, 0xfa, 0x00, 0x00, 0xfb
	.byte 0xfa, 0x00, 0x00, 0x15, 0xfb, 0x00, 0x00, 0x2f
	.byte 0xfb, 0x00, 0x00, 0x49, 0xfb, 0x00, 0x00, 0x63
	.byte 0xfb, 0x00, 0x00, 0x7d, 0xfb, 0x00, 0x00, 0x97
	.byte 0xfb, 0x00, 0x00, 0xb1, 0xfb, 0x00, 0x00, 0xcb
	.byte 0xfb, 0x00, 0x00, 0xe5, 0xfb, 0x00, 0x00, 0xff
	.fill 8, 1, 0xff
	.byte 0xff, 0xff, 0xff, 0x19, 0xfc, 0x00, 0x00, 0xff
	.fill 8, 1, 0xff
	.fill 8, 1, 0xff
	.fill 8, 1, 0xff
	.byte 0xc3, 0xf9, 0x00, 0x00, 0xdd, 0xf9, 0x00, 0x00
	.byte 0xf7, 0xf9, 0x00, 0x00, 0x11, 0xfa, 0x00, 0x00
	.byte 0x2b, 0xfa, 0x00, 0x00, 0x45, 0xfa, 0x00, 0x00
	.byte 0x5f, 0xfa, 0x00, 0x00, 0x79, 0xfa, 0x00, 0x00
	.byte 0x93, 0xfa, 0x00, 0x00, 0xad, 0xfa, 0x00, 0x00
	.byte 0xc7, 0xfa, 0x00, 0x00, 0xe1, 0xfa, 0x00, 0x00
	.byte 0xfb, 0xfa, 0x00, 0x00, 0x15, 0xfb, 0x00, 0x00
	.byte 0x2f, 0xfb, 0x00, 0x00, 0xff, 0xff, 0xff, 0xff
	.byte 0x63, 0xfb, 0x00, 0x00, 0x7d, 0xfb, 0x00, 0x00
	.byte 0x97, 0xfb, 0x00, 0x00, 0xb1, 0xfb, 0x00, 0x00
	.fill 8, 1, 0xff
	.fill 8, 1, 0xff
	.fill 8, 1, 0xff
	.fill 8, 1, 0xff
	.fill 8, 1, 0xff
	.fill 8, 1, 0xff
	.byte 0xc3, 0xf9, 0x00, 0x00, 0xdd, 0xf9, 0x00, 0x00
	.byte 0xf7, 0xf9, 0x00, 0x00, 0x11, 0xfa, 0x00, 0x00
	.byte 0x2b, 0xfa, 0x00, 0x00, 0x45, 0xfa, 0x00, 0x00
	.byte 0x5f, 0xfa, 0x00, 0x00, 0x79, 0xfa, 0x00, 0x00
	.byte 0x93, 0xfa, 0x00, 0x00, 0xad, 0xfa, 0x00, 0x00
	.byte 0xc7, 0xfa, 0x00, 0x00, 0xe1, 0xfa, 0x00, 0x00
	.byte 0xfb, 0xfa, 0x00, 0x00, 0x15, 0xfb, 0x00, 0x00
	.byte 0x2f, 0xfb, 0x00, 0x00, 0xff, 0xff, 0xff, 0xff
	.fill 8, 1, 0xff
	.fill 8, 1, 0xff
	.fill 8, 1, 0xff
	.fill 8, 1, 0xff
	.fill 8, 1, 0xff
	.fill 8, 1, 0xff
	.fill 8, 1, 0xff
	.fill 8, 1, 0xff
	.byte 0xc3, 0xf9, 0x00, 0x00, 0xdd, 0xf9, 0x00, 0x00
	.byte 0xf7, 0xf9, 0x00, 0x00, 0x11, 0xfa, 0x00, 0x00
	.byte 0x2b, 0xfa, 0x00, 0x00, 0x45, 0xfa, 0x00, 0x00
	.byte 0x5f, 0xfa, 0x00, 0x00, 0x79, 0xfa, 0x00, 0x00
	.byte 0x93, 0xfa, 0x00, 0x00, 0xad, 0xfa, 0x00, 0x00
	.byte 0xc7, 0xfa, 0x00, 0x00, 0xe1, 0xfa, 0x00, 0x00
	.byte 0xfb, 0xfa, 0x00, 0x00, 0x15, 0xfb, 0x00, 0x00
	.byte 0x2f, 0xfb, 0x00, 0x00, 0xff, 0xff, 0xff, 0xff
	.fill 8, 1, 0xff
	.fill 8, 1, 0xff
	.fill 8, 1, 0xff
	.fill 8, 1, 0xff
	.fill 8, 1, 0xff
	.fill 8, 1, 0xff
	.fill 8, 1, 0xff
	.fill 8, 1, 0xff
	.byte 0xc3, 0xf9, 0x00, 0x00, 0xdd, 0xf9, 0x00, 0x00
	.byte 0xf7, 0xf9, 0x00, 0x00, 0x11, 0xfa, 0x00, 0x00
	.byte 0x2b, 0xfa, 0x00, 0x00, 0x45, 0xfa, 0x00, 0x00
	.byte 0x5f, 0xfa, 0x00, 0x00, 0x79, 0xfa, 0x00, 0x00
	.byte 0x93, 0xfa, 0x00, 0x00, 0xad, 0xfa, 0x00, 0x00
	.byte 0xc7, 0xfa, 0x00, 0x00, 0xe1, 0xfa, 0x00, 0x00
	.byte 0xfb, 0xfa, 0x00, 0x00, 0x15, 0xfb, 0x00, 0x00
	.byte 0x2f, 0xfb, 0x00, 0x00, 0xff, 0xff, 0xff, 0xff
	.fill 8, 1, 0xff
	.fill 8, 1, 0xff
	.fill 8, 1, 0xff
	.fill 8, 1, 0xff
	.fill 8, 1, 0xff
	.fill 8, 1, 0xff
	.fill 8, 1, 0xff
	.fill 8, 1, 0xff
	.byte 0xc3, 0xf9, 0x00, 0x00, 0xdd, 0xf9, 0x00, 0x00
	.byte 0xf7, 0xf9, 0x00, 0x00, 0x11, 0xfa, 0x00, 0x00
	.byte 0x2b, 0xfa, 0x00, 0x00, 0x45, 0xfa, 0x00, 0x00
	.byte 0x5f, 0xfa, 0x00, 0x00, 0x79, 0xfa, 0x00, 0x00
	.byte 0x93, 0xfa, 0x00, 0x00, 0xad, 0xfa, 0x00, 0x00
	.byte 0xc7, 0xfa, 0x00, 0x00, 0xe1, 0xfa, 0x00, 0x00
	.byte 0xfb, 0xfa, 0x00, 0x00, 0x15, 0xfb, 0x00, 0x00
	.byte 0x2f, 0xfb, 0x00, 0x00, 0x49, 0xfb, 0x00, 0x00
	.fill 8, 1, 0xff
	.fill 8, 1, 0xff
	.fill 8, 1, 0xff
	.fill 8, 1, 0xff
	.fill 8, 1, 0xff
	.fill 8, 1, 0xff
	.fill 8, 1, 0xff
	.fill 8, 1, 0xff
	.byte 0xc3, 0xf9, 0x00, 0x00, 0xdd, 0xf9, 0x00, 0x00
	.byte 0xf7, 0xf9, 0x00, 0x00, 0x11, 0xfa, 0x00, 0x00
	.byte 0x2b, 0xfa, 0x00, 0x00, 0x45, 0xfa, 0x00, 0x00
	.byte 0x5f, 0xfa, 0x00, 0x00, 0x79, 0xfa, 0x00, 0x00
	.byte 0x93, 0xfa, 0x00, 0x00, 0xad, 0xfa, 0x00, 0x00
	.byte 0xc7, 0xfa, 0x00, 0x00, 0xe1, 0xfa, 0x00, 0x00
	.byte 0xfb, 0xfa, 0x00, 0x00, 0x15, 0xfb, 0x00, 0x00
	.byte 0x2f, 0xfb, 0x00, 0x00, 0x49, 0xfb, 0x00, 0x00
	.fill 8, 1, 0xff
	.fill 8, 1, 0xff
	.fill 8, 1, 0xff
	.fill 8, 1, 0xff
	.fill 8, 1, 0xff
	.fill 8, 1, 0xff
	.fill 8, 1, 0xff
	.fill 8, 1, 0xff
	.byte 0xc3, 0xf9, 0x00, 0x00, 0xdd, 0xf9, 0x00, 0x00
	.byte 0xf7, 0xf9, 0x00, 0x00, 0x11, 0xfa, 0x00, 0x00
	.byte 0x2b, 0xfa, 0x00, 0x00, 0x45, 0xfa, 0x00, 0x00
	.byte 0x5f, 0xfa, 0x00, 0x00, 0x79, 0xfa, 0x00, 0x00
	.byte 0x93, 0xfa, 0x00, 0x00, 0xad, 0xfa, 0x00, 0x00
	.byte 0xc7, 0xfa, 0x00, 0x00, 0xe1, 0xfa, 0x00, 0x00
	.byte 0xfb, 0xfa, 0x00, 0x00, 0x15, 0xfb, 0x00, 0x00
	.byte 0x2f, 0xfb, 0x00, 0x00, 0xff, 0xff, 0xff, 0xff
	.byte 0x63, 0xfb, 0x00, 0x00, 0x7d, 0xfb, 0x00, 0x00
	.byte 0x97, 0xfb, 0x00, 0x00, 0xb1, 0xfb, 0x00, 0x00
	.byte 0xff, 0xff, 0xff, 0xff, 0xe5, 0xfb, 0x00, 0x00
	.fill 8, 1, 0xff
	.fill 8, 1, 0xff
	.fill 8, 1, 0xff
	.fill 8, 1, 0xff
	.fill 8, 1, 0xff
	.byte 0xc3, 0xf9, 0x00, 0x00, 0xdd, 0xf9, 0x00, 0x00
	.byte 0xf7, 0xf9, 0x00, 0x00, 0x11, 0xfa, 0x00, 0x00
	.byte 0x2b, 0xfa, 0x00, 0x00, 0x45, 0xfa, 0x00, 0x00
	.byte 0x5f, 0xfa, 0x00, 0x00, 0x79, 0xfa, 0x00, 0x00
	.byte 0x93, 0xfa, 0x00, 0x00, 0xad, 0xfa, 0x00, 0x00
	.byte 0xc7, 0xfa, 0x00, 0x00, 0xe1, 0xfa, 0x00, 0x00
	.byte 0xfb, 0xfa, 0x00, 0x00, 0x15, 0xfb, 0x00, 0x00
	.byte 0x2f, 0xfb, 0x00, 0x00, 0xff, 0xff, 0xff, 0xff
	.byte 0x63, 0xfb, 0x00, 0x00, 0x7d, 0xfb, 0x00, 0x00
	.byte 0x97, 0xfb, 0x00, 0x00, 0xb1, 0xfb, 0x00, 0x00
	.byte 0xff, 0xff, 0xff, 0xff, 0xe5, 0xfb, 0x00, 0x00
	.fill 8, 1, 0xff
	.fill 8, 1, 0xff
	.fill 8, 1, 0xff
	.fill 8, 1, 0xff
	.fill 8, 1, 0xff
	.byte 0xc3, 0xf9, 0x00, 0x00, 0xdd, 0xf9, 0x00, 0x00
	.byte 0xf7, 0xf9, 0x00, 0x00, 0x11, 0xfa, 0x00, 0x00
	.byte 0x2b, 0xfa, 0x00, 0x00, 0x45, 0xfa, 0x00, 0x00
	.byte 0x5f, 0xfa, 0x00, 0x00, 0x79, 0xfa, 0x00, 0x00
	.byte 0x93, 0xfa, 0x00, 0x00, 0xad, 0xfa, 0x00, 0x00
	.byte 0xc7, 0xfa, 0x00, 0x00, 0xe1, 0xfa, 0x00, 0x00
	.byte 0xfb, 0xfa, 0x00, 0x00, 0x15, 0xfb, 0x00, 0x00
	.byte 0x2f, 0xfb, 0x00, 0x00, 0x49, 0xfb, 0x00, 0x00
	.byte 0x63, 0xfb, 0x00, 0x00, 0x7d, 0xfb, 0x00, 0x00
	.byte 0x97, 0xfb, 0x00, 0x00, 0xb1, 0xfb, 0x00, 0x00
	.fill 8, 1, 0xff
	.fill 8, 1, 0xff
	.byte 0xff, 0xff, 0xff, 0xff, 0x19, 0xfc, 0x00, 0x00
	.fill 8, 1, 0xff
	.fill 8, 1, 0xff
	.fill 8, 1, 0xff
	.byte 0xc3, 0xf9, 0x00, 0x00, 0xdd, 0xf9, 0x00, 0x00
	.byte 0xf7, 0xf9, 0x00, 0x00, 0x11, 0xfa, 0x00, 0x00
	.byte 0x2b, 0xfa, 0x00, 0x00, 0x45, 0xfa, 0x00, 0x00
	.byte 0x5f, 0xfa, 0x00, 0x00, 0x79, 0xfa, 0x00, 0x00
	.byte 0x93, 0xfa, 0x00, 0x00, 0xad, 0xfa, 0x00, 0x00
	.byte 0xc7, 0xfa, 0x00, 0x00, 0xe1, 0xfa, 0x00, 0x00
	.byte 0xfb, 0xfa, 0x00, 0x00, 0x15, 0xfb, 0x00, 0x00
	.byte 0x2f, 0xfb, 0x00, 0x00, 0xff, 0xff, 0xff, 0xff
	.fill 8, 1, 0xff
	.fill 8, 1, 0xff
	.fill 8, 1, 0xff
	.fill 8, 1, 0xff
	.fill 8, 1, 0xff
	.fill 8, 1, 0xff
	.fill 8, 1, 0xff
	.fill 8, 1, 0xff
	.byte 0xc3, 0xf9, 0x00, 0x00, 0xdd, 0xf9, 0x00, 0x00
	.byte 0xf7, 0xf9, 0x00, 0x00, 0x11, 0xfa, 0x00, 0x00
	.byte 0x2b, 0xfa, 0x00, 0x00, 0x45, 0xfa, 0x00, 0x00
	.byte 0x5f, 0xfa, 0x00, 0x00, 0x79, 0xfa, 0x00, 0x00
	.byte 0x93, 0xfa, 0x00, 0x00, 0xad, 0xfa, 0x00, 0x00
	.byte 0xc7, 0xfa, 0x00, 0x00, 0xe1, 0xfa, 0x00, 0x00
	.byte 0xfb, 0xfa, 0x00, 0x00, 0x15, 0xfb, 0x00, 0x00
	.byte 0x2f, 0xfb, 0x00, 0x00, 0xff, 0xff, 0xff, 0xff
	.byte 0x63, 0xfb, 0x00, 0x00, 0x7d, 0xfb, 0x00, 0x00
	.byte 0x97, 0xfb, 0x00, 0x00, 0xb1, 0xfb, 0x00, 0x00
	.byte 0xff, 0xff, 0xff, 0xff, 0xe5, 0xfb, 0x00, 0x00
	.fill 8, 1, 0xff
	.fill 8, 1, 0xff
	.fill 8, 1, 0xff
	.fill 8, 1, 0xff
	.fill 8, 1, 0xff
	.byte 0xc3, 0xf9, 0x00, 0x00, 0xdd, 0xf9, 0x00, 0x00
	.byte 0xf7, 0xf9, 0x00, 0x00, 0x11, 0xfa, 0x00, 0x00
	.byte 0x2b, 0xfa, 0x00, 0x00, 0x45, 0xfa, 0x00, 0x00
	.byte 0x5f, 0xfa, 0x00, 0x00, 0x79, 0xfa, 0x00, 0x00
	.byte 0x93, 0xfa, 0x00, 0x00, 0xad, 0xfa, 0x00, 0x00
	.byte 0xc7, 0xfa, 0x00, 0x00, 0xe1, 0xfa, 0x00, 0x00
	.byte 0xfb, 0xfa, 0x00, 0x00, 0x15, 0xfb, 0x00, 0x00
	.byte 0x2f, 0xfb, 0x00, 0x00, 0xff, 0xff, 0xff, 0xff
	.byte 0x63, 0xfb, 0x00, 0x00, 0x7d, 0xfb, 0x00, 0x00
	.byte 0x97, 0xfb, 0x00, 0x00, 0xb1, 0xfb, 0x00, 0x00
	.byte 0xff, 0xff, 0xff, 0xff, 0xe5, 0xfb, 0x00, 0x00
	.fill 8, 1, 0xff
	.fill 8, 1, 0xff
	.fill 8, 1, 0xff
	.fill 8, 1, 0xff
	.fill 8, 1, 0xff
	.byte 0xc3, 0xf9, 0x00, 0x00, 0xdd, 0xf9, 0x00, 0x00
	.byte 0xf7, 0xf9, 0x00, 0x00, 0x11, 0xfa, 0x00, 0x00
	.byte 0x2b, 0xfa, 0x00, 0x00, 0x45, 0xfa, 0x00, 0x00
	.byte 0x5f, 0xfa, 0x00, 0x00, 0x79, 0xfa, 0x00, 0x00
	.byte 0x93, 0xfa, 0x00, 0x00, 0xad, 0xfa, 0x00, 0x00
	.byte 0xc7, 0xfa, 0x00, 0x00, 0xe1, 0xfa, 0x00, 0x00
	.byte 0xfb, 0xfa, 0x00, 0x00, 0x15, 0xfb, 0x00, 0x00
	.byte 0x2f, 0xfb, 0x00, 0x00, 0xff, 0xff, 0xff, 0xff
	.byte 0x63, 0xfb, 0x00, 0x00, 0x7d, 0xfb, 0x00, 0x00
	.byte 0x97, 0xfb, 0x00, 0x00, 0xb1, 0xfb, 0x00, 0x00
	.byte 0xff, 0xff, 0xff, 0xff, 0xe5, 0xfb, 0x00, 0x00
	.fill 8, 1, 0xff
	.fill 8, 1, 0xff
	.fill 8, 1, 0xff
	.fill 8, 1, 0xff
	.fill 8, 1, 0xff
	.byte 0xc3, 0xf9, 0x00, 0x00, 0xdd, 0xf9, 0x00, 0x00
	.byte 0xf7, 0xf9, 0x00, 0x00, 0x11, 0xfa, 0x00, 0x00
	.byte 0x2b, 0xfa, 0x00, 0x00, 0x45, 0xfa, 0x00, 0x00
	.byte 0x5f, 0xfa, 0x00, 0x00, 0x79, 0xfa, 0x00, 0x00
	.byte 0x93, 0xfa, 0x00, 0x00, 0xad, 0xfa, 0x00, 0x00
	.byte 0xc7, 0xfa, 0x00, 0x00, 0xe1, 0xfa, 0x00, 0x00
	.byte 0xfb, 0xfa, 0x00, 0x00, 0x15, 0xfb, 0x00, 0x00
	.byte 0x2f, 0xfb, 0x00, 0x00, 0xff, 0xff, 0xff, 0xff
	.byte 0x63, 0xfb, 0x00, 0x00, 0x7d, 0xfb, 0x00, 0x00
	.byte 0x97, 0xfb, 0x00, 0x00, 0xb1, 0xfb, 0x00, 0x00
	.byte 0xff, 0xff, 0xff, 0xff, 0xe5, 0xfb, 0x00, 0x00
	.byte 0xff, 0xff, 0xff, 0xff, 0x6f, 0xfd, 0x00, 0x00
	.byte 0x89, 0xfd, 0x00, 0x00, 0xff, 0xff, 0xff, 0xff
	.fill 8, 1, 0xff
	.fill 8, 1, 0xff
	.fill 8, 1, 0xff
	.byte 0xc3, 0xf9, 0x00, 0x00, 0xdd, 0xf9, 0x00, 0x00
	.byte 0xf7, 0xf9, 0x00, 0x00, 0x11, 0xfa, 0x00, 0x00
	.byte 0x2b, 0xfa, 0x00, 0x00, 0x45, 0xfa, 0x00, 0x00
	.byte 0x5f, 0xfa, 0x00, 0x00, 0x79, 0xfa, 0x00, 0x00
	.byte 0x93, 0xfa, 0x00, 0x00, 0xad, 0xfa, 0x00, 0x00
	.byte 0xc7, 0xfa, 0x00, 0x00, 0xe1, 0xfa, 0x00, 0x00
	.byte 0xfb, 0xfa, 0x00, 0x00, 0x15, 0xfb, 0x00, 0x00
	.byte 0x2f, 0xfb, 0x00, 0x00, 0xff, 0xff, 0xff, 0xff
	.byte 0x63, 0xfb, 0x00, 0x00, 0x7d, 0xfb, 0x00, 0x00
	.byte 0x97, 0xfb, 0x00, 0x00, 0xb1, 0xfb, 0x00, 0x00
	.byte 0xff, 0xff, 0xff, 0xff, 0xe5, 0xfb, 0x00, 0x00
	.byte 0xff, 0xff, 0xff, 0xff, 0x6f, 0xfd, 0x00, 0x00
	.byte 0x89, 0xfd, 0x00, 0x00, 0xff, 0xff, 0xff, 0xff
	.fill 8, 1, 0xff
	.fill 8, 1, 0xff
	.fill 8, 1, 0xff
	.byte 0xc3, 0xf9, 0x00, 0x00, 0xdd, 0xf9, 0x00, 0x00
	.byte 0xf7, 0xf9, 0x00, 0x00, 0x11, 0xfa, 0x00, 0x00
	.byte 0x2b, 0xfa, 0x00, 0x00, 0x45, 0xfa, 0x00, 0x00
	.byte 0x5f, 0xfa, 0x00, 0x00, 0x79, 0xfa, 0x00, 0x00
	.byte 0x93, 0xfa, 0x00, 0x00, 0xad, 0xfa, 0x00, 0x00
	.byte 0xc7, 0xfa, 0x00, 0x00, 0xe1, 0xfa, 0x00, 0x00
	.byte 0xfb, 0xfa, 0x00, 0x00, 0x15, 0xfb, 0x00, 0x00
	.byte 0x2f, 0xfb, 0x00, 0x00, 0xff, 0xff, 0xff, 0xff
	.byte 0x63, 0xfb, 0x00, 0x00, 0x7d, 0xfb, 0x00, 0x00
	.byte 0x97, 0xfb, 0x00, 0x00, 0xb1, 0xfb, 0x00, 0x00
	.byte 0xff, 0xff, 0xff, 0xff, 0xe5, 0xfb, 0x00, 0x00
	.byte 0xff, 0xff, 0xff, 0xff, 0x6f, 0xfd, 0x00, 0x00
	.byte 0x89, 0xfd, 0x00, 0x00, 0xff, 0xff, 0xff, 0xff
	.fill 8, 1, 0xff
	.fill 8, 1, 0xff
	.fill 8, 1, 0xff
	.byte 0xc3, 0xf9, 0x00, 0x00, 0xdd, 0xf9, 0x00, 0x00
	.byte 0xf7, 0xf9, 0x00, 0x00, 0x11, 0xfa, 0x00, 0x00
	.byte 0x2b, 0xfa, 0x00, 0x00, 0x45, 0xfa, 0x00, 0x00
	.byte 0x5f, 0xfa, 0x00, 0x00, 0x79, 0xfa, 0x00, 0x00
	.byte 0x93, 0xfa, 0x00, 0x00, 0xad, 0xfa, 0x00, 0x00
	.byte 0xc7, 0xfa, 0x00, 0x00, 0xe1, 0xfa, 0x00, 0x00
	.byte 0xfb, 0xfa, 0x00, 0x00, 0x15, 0xfb, 0x00, 0x00
	.byte 0x2f, 0xfb, 0x00, 0x00, 0xff, 0xff, 0xff, 0xff
	.byte 0x63, 0xfb, 0x00, 0x00, 0x7d, 0xfb, 0x00, 0x00
	.byte 0x97, 0xfb, 0x00, 0x00, 0xb1, 0xfb, 0x00, 0x00
	.byte 0xff, 0xff, 0xff, 0xff, 0xe5, 0xfb, 0x00, 0x00
	.byte 0xff, 0xff, 0xff, 0xff, 0x6f, 0xfd, 0x00, 0x00
	.byte 0x89, 0xfd, 0x00, 0x00, 0xff, 0xff, 0xff, 0xff
	.fill 8, 1, 0xff
	.fill 8, 1, 0xff
	.fill 8, 1, 0xff
	.byte 0xc3, 0xf9, 0x00, 0x00, 0xdd, 0xf9, 0x00, 0x00
	.byte 0xf7, 0xf9, 0x00, 0x00, 0x11, 0xfa, 0x00, 0x00
	.byte 0x2b, 0xfa, 0x00, 0x00, 0x45, 0xfa, 0x00, 0x00
	.byte 0x5f, 0xfa, 0x00, 0x00, 0x79, 0xfa, 0x00, 0x00
	.byte 0x93, 0xfa, 0x00, 0x00, 0xad, 0xfa, 0x00, 0x00
	.byte 0xc7, 0xfa, 0x00, 0x00, 0xe1, 0xfa, 0x00, 0x00
	.byte 0xfb, 0xfa, 0x00, 0x00, 0x15, 0xfb, 0x00, 0x00
	.byte 0x2f, 0xfb, 0x00, 0x00, 0xff, 0xff, 0xff, 0xff
	.byte 0x63, 0xfb, 0x00, 0x00, 0x7d, 0xfb, 0x00, 0x00
	.byte 0x97, 0xfb, 0x00, 0x00, 0xb1, 0xfb, 0x00, 0x00
	.byte 0xff, 0xff, 0xff, 0xff, 0xe5, 0xfb, 0x00, 0x00
	.byte 0xff, 0xff, 0xff, 0xff, 0x6f, 0xfd, 0x00, 0x00
	.byte 0x89, 0xfd, 0x00, 0x00, 0xff, 0xff, 0xff, 0xff
	.fill 8, 1, 0xff
	.fill 8, 1, 0xff
	.fill 8, 1, 0xff
	.byte 0xc3, 0xf9, 0x00, 0x00, 0xdd, 0xf9, 0x00, 0x00
	.byte 0xf7, 0xf9, 0x00, 0x00, 0x11, 0xfa, 0x00, 0x00
	.byte 0x2b, 0xfa, 0x00, 0x00, 0x45, 0xfa, 0x00, 0x00
	.byte 0x5f, 0xfa, 0x00, 0x00, 0x79, 0xfa, 0x00, 0x00
	.byte 0x93, 0xfa, 0x00, 0x00, 0xad, 0xfa, 0x00, 0x00
	.byte 0xc7, 0xfa, 0x00, 0x00, 0xe1, 0xfa, 0x00, 0x00
	.byte 0xfb, 0xfa, 0x00, 0x00, 0x15, 0xfb, 0x00, 0x00
	.byte 0x2f, 0xfb, 0x00, 0x00, 0xff, 0xff, 0xff, 0xff
	.byte 0x63, 0xfb, 0x00, 0x00, 0x7d, 0xfb, 0x00, 0x00
	.byte 0x97, 0xfb, 0x00, 0x00, 0xb1, 0xfb, 0x00, 0x00
	.byte 0xff, 0xff, 0xff, 0xff, 0xe5, 0xfb, 0x00, 0x00
	.byte 0xff, 0xff, 0xff, 0xff, 0x6f, 0xfd, 0x00, 0x00
	.byte 0x89, 0xfd, 0x00, 0x00, 0xff, 0xff, 0xff, 0xff
	.fill 8, 1, 0xff
	.fill 8, 1, 0xff
	.fill 8, 1, 0xff

FileData_ValidateFormat:
	pushw wa
	dec 2, xsp
	ld (xsp), a
	call SeqState_GetFlags
	and hl, 0xF
	jr z, FileData_ValidateFormat_CheckMatch
	ldw hl, 0xFFFF
	jr FileData_ValidateFormat_Return

FileData_ValidateFormat_CheckMatch:
	ldda8 a, 1060
	cp a, (xsp)
	jr z, FileData_ValidateFormat_Match
	mrib4 0x87, 0x19, 0x24, 0x04
	ldw hl, 0xFFFF
	jr FileData_ValidateFormat_Return

FileData_ValidateFormat_Match:
	ld l, (xsp)
	extz hl

FileData_ValidateFormat_Return:
	inc 2, xsp
	popw wa
	ret

; --- FileData_LoadAndParse: Allocate buffer, load file, dispatch by format ---
; Allocates 32-byte buffer via malloc (0xFF3E80). On failure returns 0xFF38.
; Reads data into buffer via (0xF89A74), then dispatches based on format type:
;   type 1: calls local handler (+108 bytes)
;   type 2: calls local handler (+557 bytes), chains to secondary (+7610)
;   type 3: calls local handler (+7252 bytes), chains to secondary (+7610)
; On any sub-handler failure (negative result), returns error.
; Frees buffer via (0xFF3AF2) before returning status in HL.
FileData_AllocLoadAndParse:
	dec	4, xsp
	pushw	iz
	pushw	32
	call	16715392
	inc	2, xsp
	ld	(xsp+2), xhl
	ld	xwa, (xsp+2)
	or	xwa, xwa
	jr	nz, 5
	ldw	hl, 65336
	jr	87
	ld	xwa, (xsp+2)
	ld	xbc, 32
	call	16289140
	ld	iz, hl
	cps	iz, 0
	jr	lt, 57
	ld	xwa, (xsp+2)
	calr	11187
	stda16	47082, hl
	cps	hl, 3
	jr	z, 24
	cps	hl, 2
	jr	z, 4
	cps	hl, 1
	jr	nz, 32
	calr	108
	ld	iz, hl
	cps	iz, 0
	jr	lt, 26
	calr	557
	ld	iz, hl
	jr	19
	calr	7252
	ld	iz, hl
	cps	iz, 0
	jr	lt, 10
	calr	7610
	ld	iz, hl
	jr	3
	ldw	iz, 65434
	ld	xwa, (xsp+2)
	push	xwa
	call	16714482
	inc	4, xsp
	ld	hl, iz
	popw	iz
	inc	4, xsp
	ret

FileData_LoadFromSlot:
	dec 2, xsp
	ld (xsp), a
	ld c, (xsp)
	extz bc
	sla bc, 11
	lda_24 xwa, 0x0ab000
	st_dri3b W, 0x07, 0xE0, 0xE4
	calr DataBuf_CheckSubFormat
	stda16 47082, xhl
	ld a, (xsp)
	extz wa
	cps hl, 3
	jr z, FileData_LoadFromSlot_Type3
	cps hl, 2
	jr z, FileData_LoadFromSlot_Type1or2
	cps hl, 1
	jr nz, FileData_LoadFromSlot_UnknownFormat

FileData_LoadFromSlot_Type1or2:
	calr DataBuf_AllocAndLoadFormatted
	jr FileData_LoadFromSlot_Return

FileData_LoadFromSlot_Type3:
	calr FileData_LoadAndParseType3
	jr FileData_LoadFromSlot_Return

FileData_LoadFromSlot_UnknownFormat:
	ldw hl, 0xFF9A

FileData_LoadFromSlot_Return:
	inc 2, xsp
	ret

FileData_RawDataBlock:
	.byte 0xbf, 0xf6, 0x37, 0x3e, 0x1d, 0x34, 0xb4, 0xfd
	.byte 0x1e, 0x8b, 0x2b, 0xf1, 0x80, 0xf9, 0x30, 0xbf
	.byte 0x06, 0x60, 0x0b, 0x80, 0x06, 0x1d, 0x80, 0x0e
	.byte 0xff, 0xef, 0x62, 0xbf, 0x0a, 0x63, 0xaf, 0x0a
	.byte 0x20, 0xe8, 0xe0, 0x6e, 0x06, 0x33, 0x38, 0xff
	.byte 0x78, 0x9a, 0x01, 0xaf, 0x0a, 0x20, 0xe8, 0xc8
	.byte 0x20, 0x00, 0x00, 0x00, 0x41, 0x60, 0x06, 0x00
	.byte 0x00, 0x1d, 0x74, 0x8d, 0xf8, 0xdb, 0x8e, 0xde
	.byte 0xd8, 0x69, 0x0f, 0xaf, 0x0a, 0x20, 0x38, 0x1d
	.byte 0xf2, 0x0a, 0xff, 0xef, 0x64, 0xde, 0x8b, 0x78
	.byte 0x73, 0x01, 0xbf, 0x04, 0x02, 0x00, 0x00, 0x9f
	.byte 0x04, 0x20, 0xe8, 0x12, 0xe8, 0x89, 0xe9, 0xee
	.byte 0x05, 0xe9, 0xc8, 0x20, 0x00, 0x00, 0x00, 0xe9
	.byte 0x8e, 0xaf, 0x0a, 0x86, 0x41, 0x1a, 0x00, 0x00
	.byte 0x00, 0x1d, 0x5c, 0x0a, 0xff, 0xeb, 0xc8, 0x34
	.byte 0x00, 0x00, 0x00, 0xaf, 0x06, 0x83, 0xee, 0x88
	.byte 0xeb, 0x89, 0x1e, 0x47, 0x05, 0x9f, 0x04, 0x61
	.byte 0x9f, 0x04, 0x3f, 0x18, 0x00, 0x67, 0xc8, 0xbf
	.byte 0x04, 0x02, 0x00, 0x00, 0x9f, 0x04, 0x20, 0xe8
	.byte 0x12, 0xe8, 0x89, 0xe9, 0x81, 0xe8, 0x81, 0xe9
	.byte 0xee, 0x02, 0xe9, 0x88, 0xe8, 0xc8, 0x20, 0x03
	.byte 0x00, 0x00, 0xaf, 0x0a, 0x80, 0xe9, 0xc8, 0xa4
	.byte 0x02, 0x00, 0x00, 0xaf, 0x06, 0x81, 0x1e, 0x4d
	.byte 0x07, 0x9f, 0x04, 0x61, 0x9f, 0x04, 0x3f, 0x03
	.byte 0x00, 0x67, 0xd1, 0xaf, 0x0a, 0x20, 0xf3, 0xe1
	.byte 0x44, 0x03, 0x30, 0xaf, 0x06, 0x21, 0xf3, 0xe5
	.byte 0xd8, 0x02, 0x31, 0x1e, 0x11, 0x08, 0xaf, 0x0a
	.byte 0x20, 0xf3, 0xe1, 0x54, 0x03, 0x30, 0xaf, 0x06
	.byte 0x21, 0xf3, 0xe5, 0xe4, 0x02, 0x31, 0x1e, 0x69
	.byte 0x09, 0xaf, 0x0a, 0x20, 0xf3, 0xe1, 0x5c, 0x03
	.byte 0x30, 0xaf, 0x06, 0x21, 0xf3, 0xe5, 0xec, 0x02
	.byte 0x31, 0x1e, 0xe9, 0x09, 0xbf, 0x04, 0x02, 0x00
	.byte 0x00, 0x9f, 0x04, 0x20, 0xe8, 0x12, 0xe8, 0x89
	.byte 0xe9, 0xee, 0x05, 0xe9, 0xc8, 0x6a, 0x03, 0x00
	.byte 0x00, 0xe9, 0x8e, 0xaf, 0x0a, 0x86, 0x41, 0x1a
	.byte 0x00, 0x00, 0x00, 0x1d, 0x5c, 0x0a, 0xff, 0xeb
	.byte 0xc8, 0xf2, 0x02, 0x00, 0x00, 0xaf, 0x06, 0x83
	.byte 0xee, 0x88, 0xeb, 0x89, 0x1e, 0xc3, 0x09, 0x9f
	.byte 0x04, 0x61, 0x9f, 0x04, 0x3f, 0x02, 0x00, 0x67
	.byte 0xc8, 0xaf, 0x0a, 0x20, 0xf3, 0xe1, 0xaa, 0x03
	.byte 0x30, 0xaf, 0x06, 0x21, 0xf3, 0xe5, 0x80, 0x03
	.byte 0x31, 0x1e, 0x21, 0x0c, 0xaf, 0x0a, 0x20, 0xf3
	.byte 0xe1, 0xb8, 0x03, 0x30, 0xaf, 0x06, 0x21, 0xf3
	.byte 0xe5, 0x8a, 0x03, 0x31, 0x1e, 0x80, 0x0c, 0xaf
	.byte 0x0a, 0x20, 0xf3, 0xe1, 0xc8, 0x03, 0x30, 0xaf
	.byte 0x06, 0x21, 0xf3, 0xe5, 0x9a, 0x03, 0x31, 0x1e
	.byte 0x1c, 0x0d, 0xaf, 0x0a, 0x20, 0xf3, 0xe1, 0xd8
	.byte 0x03, 0x30, 0xaf, 0x06, 0x21, 0xf3, 0xe5, 0xaa
	.byte 0x03, 0x31, 0x1e, 0x79, 0x0d, 0xaf, 0x0a, 0x20
	.byte 0xf3, 0xe1, 0xde, 0x03, 0x30, 0xaf, 0x06, 0x21
	.byte 0xf3, 0xe5, 0xce, 0x03, 0x31, 0x1e, 0x73, 0x0d
	.byte 0xaf, 0x0a, 0x20, 0xaf, 0x06, 0x21, 0x1e, 0xee
	.byte 0x0f, 0xaf, 0x0a, 0x20, 0xaf, 0x06, 0x21, 0x1e
	.byte 0xe7, 0x0f, 0xaf, 0x0a, 0x20, 0xaf, 0x06, 0x21
	.byte 0x1e, 0x63, 0x14, 0xd8, 0xa8, 0x1d, 0x3b, 0xb4
	.byte 0xfd, 0xaf, 0x0a, 0x20, 0x38, 0x1d, 0xf2, 0x0a
	.byte 0xff, 0xef, 0x64, 0xdb, 0xa8, 0x5e, 0xbf, 0x0a
	.byte 0x37, 0x0e, 0xbf, 0xf2, 0x37, 0x3e, 0xd1, 0xea
	.byte 0xb7, 0x20, 0xd8, 0xd9, 0x66, 0x77, 0xd8, 0xda
	.byte 0x6e, 0x7a, 0xbf, 0x0c, 0x02, 0x0a, 0x00, 0x1d
	.byte 0x90, 0xb4, 0xfd, 0x9f, 0x0c, 0x20, 0x1e, 0x0d
	.byte 0x2a, 0xbf, 0x08, 0x02, 0x00, 0x00, 0x9f, 0x0c
	.byte 0x20, 0xd8, 0xef, 0x03, 0xd8, 0xd8, 0x63, 0x14
	.byte 0x9f, 0x08, 0x20, 0x1e, 0xea, 0x2a, 0x9f, 0x08
	.byte 0x61, 0x9f, 0x0c, 0x20, 0xd8, 0xef, 0x03, 0x9f
	.byte 0x08, 0xf8, 0x67, 0xec, 0x0b, 0x00, 0x03, 0x1d
	.byte 0x80, 0x0e, 0xff, 0xef, 0x62, 0xbf, 0x0e, 0x63
	.byte 0xaf, 0x0e, 0x20, 0xe8, 0xe0, 0x66, 0x35, 0xbf
	.byte 0x0a, 0x02, 0x00, 0x00, 0x9f, 0x0c, 0x3f, 0x00
	.byte 0x00, 0x73, 0xab, 0x01, 0xaf, 0x0e, 0x20, 0x41
	.byte 0x00, 0x03, 0x00, 0x00, 0x1d, 0x74, 0x8d, 0xf8
	.byte 0xdb, 0x8e, 0xde, 0xd8, 0x69, 0x1c, 0xaf, 0x0e
	.byte 0x20, 0x38, 0x1d, 0xf2, 0x0a, 0xff, 0xef, 0x64
	.byte 0xde, 0x8b, 0x78, 0x9c, 0x01, 0xbf, 0x0c, 0x02
	.byte 0x18, 0x00, 0x68, 0x8b, 0x33, 0x38, 0xff, 0x78
	.byte 0x8f, 0x01, 0x9f, 0x0a, 0x20, 0xe8, 0x12, 0xe8
	.byte 0x89, 0xe9, 0xee, 0x04, 0xe8, 0xa1, 0xe9, 0xee
	.byte 0x06, 0xf2, 0x00, 0xd4, 0x1e, 0x30, 0xe9, 0x80
	.byte 0xbf, 0x04, 0x60, 0xbf, 0x08, 0x02, 0x00, 0x00
	.byte 0x9f, 0x08, 0x20, 0xe8, 0x12, 0xe8, 0x89, 0xe9
	.byte 0x81, 0xe8, 0x81, 0xe9, 0xee, 0x03, 0xe9, 0x8e
	.byte 0xaf, 0x0e, 0x86, 0x41, 0x1a, 0x00, 0x00, 0x00
	.byte 0x1d, 0x5c, 0x0a, 0xff, 0xeb, 0xc8, 0x14, 0x00
	.byte 0x00, 0x00, 0xaf, 0x04, 0x83, 0xee, 0x88, 0xeb
	.byte 0x89, 0x1e, 0x28, 0x03, 0x9f, 0x08, 0x61, 0x9f
	.byte 0x08, 0x3f, 0x18, 0x00, 0x67, 0xca, 0xbf, 0x08
	.byte 0x02, 0x00, 0x00, 0x9f, 0x08, 0x20, 0xe8, 0x12
	.byte 0xe8, 0x89, 0xe9, 0x81, 0xe8, 0x81, 0xe9, 0xee
	.byte 0x02, 0xe9, 0x88, 0xe8, 0xc8, 0x40, 0x02, 0x00
	.byte 0x00, 0xaf, 0x0e, 0x80, 0xe9, 0xc8, 0x84, 0x02
	.byte 0x00, 0x00, 0xaf, 0x04, 0x81, 0x1e, 0x2e, 0x05
	.byte 0x9f, 0x08, 0x61, 0x9f, 0x08, 0x3f, 0x03, 0x00
	.byte 0x67, 0xd1, 0xaf, 0x0e, 0x20, 0xf3, 0xe1, 0x64
	.byte 0x02, 0x30, 0xaf, 0x04, 0x21, 0xf3, 0xe5, 0xb8
	.byte 0x02, 0x31, 0x1e, 0xf2, 0x05, 0xaf, 0x0e, 0x20
	.byte 0xf3, 0xe1, 0x70, 0x02, 0x30, 0xaf, 0x04, 0x21
	.byte 0xf3, 0xe5, 0xc4, 0x02, 0x31, 0x1e, 0x4a, 0x07
	.byte 0xaf, 0x0e, 0x20, 0xf3, 0xe1, 0x77, 0x02, 0x30
	.byte 0xaf, 0x04, 0x21, 0xf3, 0xe5, 0xcc, 0x02, 0x31
	.byte 0x1e, 0xca, 0x07, 0xbf, 0x08, 0x02, 0x00, 0x00
	.byte 0x9f, 0x08, 0x20, 0xe8, 0x12, 0xe8, 0x89, 0xe9
	.byte 0xee, 0x05, 0xe9, 0xc8, 0x85, 0x02, 0x00, 0x00
	.byte 0xe9, 0x8e, 0xaf, 0x0e, 0x86, 0x41, 0x1a, 0x00
	.byte 0x00, 0x00, 0x1d, 0x5c, 0x0a, 0xff, 0xeb, 0xc8
	.byte 0xd2, 0x02, 0x00, 0x00, 0xaf, 0x04, 0x83, 0xee
	.byte 0x88, 0xeb, 0x89, 0x1e, 0xa4, 0x07, 0x9f, 0x08
	.byte 0x61, 0x9f, 0x08, 0x3f, 0x02, 0x00, 0x67, 0xc8
	.byte 0xaf, 0x0e, 0x20, 0xf3, 0xe1, 0xc5, 0x02, 0x30
	.byte 0xaf, 0x04, 0x21, 0xf3, 0xe5, 0x60, 0x03, 0x31
	.byte 0x1e, 0x02, 0x0a, 0xaf, 0x0e, 0x20, 0xf3, 0xe1
	.byte 0xcc, 0x02, 0x30, 0xaf, 0x04, 0x21, 0xf3, 0xe5
	.byte 0x6a, 0x03, 0x31, 0x1e, 0x61, 0x0a, 0xaf, 0x0e
	.byte 0x20, 0xf3, 0xe1, 0xdc, 0x02, 0x30, 0xaf, 0x04
	.byte 0x21, 0xf3, 0xe5, 0x7a, 0x03, 0x31, 0x1e, 0xfd
	.byte 0x0a, 0xaf, 0x0e, 0x20, 0xf3, 0xe1, 0xec, 0x02
	.byte 0x30, 0xaf, 0x04, 0x21, 0xf3, 0xe5, 0x8a, 0x03
	.byte 0x31, 0x1e, 0x5a, 0x0b, 0xaf, 0x0e, 0x20, 0xf3
	.byte 0xe1, 0xf2, 0x02, 0x30, 0xaf, 0x04, 0x21, 0xf3
	.byte 0xe5, 0xae, 0x03, 0x31, 0x1e, 0x54, 0x0b, 0xaf
	.byte 0x0e, 0x20, 0xaf, 0x04, 0x21, 0x1e, 0xd0, 0x0d
	.byte 0x40, 0x80, 0xf9, 0x00, 0x00, 0xaf, 0x04, 0x21
	.byte 0x1e, 0x43, 0x0f, 0x9f, 0x0a, 0x61, 0x9f, 0x0a
	.byte 0x20, 0x9f, 0x0c, 0xf0, 0x77, 0x55, 0xfe, 0xd8
	.byte 0xa8, 0x1d, 0x91, 0xb4, 0xfd, 0xaf, 0x0e, 0x20
	.byte 0x38, 0x1d, 0xf2, 0x0a, 0xff, 0xef, 0x64, 0xdb
	.byte 0xa8, 0x5e, 0xbf, 0x0e, 0x37, 0x0e

DataBuf_AllocAndLoadFormatted:
	lda xsp, (xsp - 16)
	push xiz
	ld (xsp + 18), a
	pushw 0x800
	call Malloc
	inc 2, xsp
	ld (xsp + 6), xhl
	ld xwa, (xsp + 6)
	or xwa, xwa
	jr nz, DataBuf_AllocAndLoadFormatted_AllocOk
	ldw hl, 0xFF38
	jrl DataBuf_AllocAndLoadFormatted_Return

DataBuf_AllocAndLoadFormatted_AllocOk:
	pushw 0x800
	ld c, (xsp + 20)
	extz bc
	sla bc, 11
	lda_24 xwa, 0x0ab000
	st_dri3b W, 0x07, 0xE0, 0xE4
	push xwa
	ld xwa, (xsp + 12)
	push xwa
	call Mem_Copy
	lda xsp, (xsp + 10)
	ld xwa, (xsp + 6)
	st_dri3b W, 0xE1, 0xE0, 0x02
	ld (xsp + 10), xwa
	ld a, (xsp + 18)
	extz wa
	inc 1, wa
	calr DataBuf_InitSlotFromPreset
	ld c, (xsp + 18)
	extz bc
	sla bc, 11
	lda_24 xwa, 0x0ab000
	st_dri3b W, 0x07, 0xE0, 0xE4
	ld (xsp + 14), xwa
	ld xwa, 0x2E0
	add (xsp + 14), xwa
	ldw (xsp + 4), 0x0

DataBuf_TransferVoiceParams_Loop:
	ld wa, (xsp + 4)
	extz xwa
	ld xbc, xwa
	sll xbc, 5
	add xbc, 0x20
	ld xiz, xbc
	add xiz, (xsp + 10)
	ld xbc, 0x1A
	call Math_MultiplyAccumulate
	add xhl, 0x34
	add xhl, (xsp + 14)
	ld xwa, xiz
	ld xbc, xhl
	calr DataBuf_CopyVoiceBlock24
	incm 1, (xsp + 4)
	cpw (xsp + 4), 0x18
	jr c, DataBuf_TransferVoiceParams_Loop
	ldw (xsp + 4), 0x0

DataBuf_TransferEffectParams_Loop:
	ld wa, (xsp + 4)
	extz xwa
	ld xbc, xwa
	add xbc, xbc
	add xbc, xwa
	sll xbc, 2
	ld xwa, xbc
	add xwa, 0x320
	add xwa, (xsp + 10)
	add xbc, 0x2A4
	add xbc, (xsp + 14)
	calr DataBuf_CopyEffectBlock12
	incm 1, (xsp + 4)
	cpw (xsp + 4), 0x3
	jr c, DataBuf_TransferEffectParams_Loop
	ld xwa, (xsp + 10)
	st_dri3b W, 0xE1, 0x44, 0x03
	ld xbc, (xsp + 14)
	st_dri3b A, 0xE5, 0xD8, 0x02
	calr DataBuf_CopyFilterBlock12
	ld xwa, (xsp + 10)
	st_dri3b W, 0xE1, 0x54, 0x03
	ld xbc, (xsp + 14)
	st_dri3b A, 0xE5, 0xE4, 0x02
	calr DataBuf_CopyReverbBlock6
	ld xwa, (xsp + 10)
	st_dri3b W, 0xE1, 0x5C, 0x03
	ld xbc, (xsp + 14)
	st_dri3b A, 0xE5, 0xEC, 0x02
	calr DataBuf_CopySimpleBlock4
	ldw (xsp + 4), 0x0

DataBuf_TransferAuxParams_Loop:
	ld wa, (xsp + 4)
	extz xwa
	ld xbc, xwa
	sll xbc, 5
	add xbc, 0x36A
	ld xiz, xbc
	add xiz, (xsp + 10)
	ld xbc, 0x1A
	call Math_MultiplyAccumulate
	add xhl, 0x2F2
	add xhl, (xsp + 14)
	ld xwa, xiz
	ld xbc, xhl
	calr DataBuf_LoadAndDispatchFormat2
	incm 1, (xsp + 4)
	cpw (xsp + 4), 0x2
	jr c, DataBuf_TransferAuxParams_Loop
	ld xwa, (xsp + 10)
	st_dri3b W, 0xE1, 0xAA, 0x03
	ld xbc, (xsp + 14)
	st_dri3b A, 0xE5, 0x80, 0x03
	calr DataBuf_CopyEQBlock7
	ld xwa, (xsp + 10)
	st_dri3b W, 0xE1, 0xB8, 0x03
	ld xbc, (xsp + 14)
	st_dri3b A, 0xE5, 0x8A, 0x03
	calr DataBuf_CopyChorusBlock16
	ld xwa, (xsp + 10)
	st_dri3b W, 0xE1, 0xC8, 0x03
	ld xbc, (xsp + 14)
	st_dri3b A, 0xE5, 0x9A, 0x03
	calr DataBuf_CopyCompressorBlock16
	ld xwa, (xsp + 10)
	st_dri3b W, 0xE1, 0xD8, 0x03
	ld xbc, (xsp + 14)
	st_dri3b A, 0xE5, 0xAA, 0x03
	calr DataBuf_CopyDelayBit2
	ld xwa, (xsp + 10)
	st_dri3b W, 0xE1, 0xDE, 0x03
	ld xbc, (xsp + 14)
	st_dri3b A, 0xE5, 0xCE, 0x03
	calr DataBuf_CopyMixerBlock12
	ld xwa, (xsp + 10)
	ld xbc, (xsp + 14)
	calr DataBuf_CopyBulkBitfields_Nop
	ld xwa, 0xF980
	ld xbc, (xsp + 14)
	calr DataBuf_CopyBulkBitfields_F980
	ld xwa, (xsp + 6)
	push xwa
	call Free
	inc 4, xsp
	lds hl, 0

DataBuf_AllocAndLoadFormatted_Return:
	pop xiz
	lda xsp, (xsp + 16)
	ret

DataBuf_CopyVoiceBlock24:
	ld xde, xwa
	ld a, (xde + 2)
	ld (xbc + 2), a
	ld a, (xde + 3)
	and a, 0x7F
	andmi8 (xbc + 3), 0x80
	or (xbc + 3), a
	ld a, (xde + 4)
	and a, 0x7F
	andmi8 (xbc + 4), 0x80
	or (xbc + 4), a
	lda xix, (xbc + 5)
	lda xhl, (xde + 5)
	ldcfm 7, (xhl)
	scc8 c, a
	and a, 0x1
	sla a, 7
	andmi8 (xix), 0x7F
	or (xix), a
	ld a, (xhl)
	and a, 0x7F
	andmi8 (xix), 0x80
	or (xix), a
	lda xix, (xbc + 6)
	lda xhl, (xde + 6)
	ldcfm 7, (xhl)
	scc8 c, a
	and a, 0x1
	sla a, 7
	andmi8 (xix), 0x7F
	or (xix), a
	ldcfm 6, (xhl)
	scc8 c, a
	and a, 0x1
	sla a, 6
	andmi8 (xix), 0xBF
	or (xix), a
	ldcfm 4, (xhl)
	scc8 c, a
	and a, 0x1
	sla a, 4
	andmi8 (xix), 0xEF
	or (xix), a
	ldcfm 3, (xhl)
	scc8 c, a
	and a, 0x1
	sla a, 3
	andmi8 (xix), 0xF7
	or (xix), a
	ld a, (xhl)
	and a, 0x7
	andmi8 (xix), 0xF8
	or (xix), a
	ld a, (xde + 7)
	and a, 0x7F
	andmi8 (xbc + 7), 0x80
	or (xbc + 7), a
	lda xix, (xbc + 8)
	lda xhl, (xde + 8)
	ldcfm 7, (xhl)
	scc8 c, a
	and a, 0x1
	sla a, 7
	andmi8 (xix), 0x7F
	or (xix), a
	ld a, (xhl)
	and a, 0x7F
	andmi8 (xix), 0x80
	or (xix), a
	ld a, (xde + 9)
	and a, 0x7F
	andmi8 (xbc + 9), 0x80
	or (xbc + 9), a
	ld a, (xde + 10)
	and a, 0x7F
	andmi8 (xbc + 10), 0x80
	or (xbc + 10), a
	ld a, (xde + 11)
	and a, 0x7F
	andmi8 (xbc + 11), 0x80
	or (xbc + 11), a
	ld a, (xde + 12)
	ld (xbc + 12), a
	ld a, (xde + 13)
	and a, 0x7F
	andmi8 (xbc + 13), 0x80
	or (xbc + 13), a
	lda xix, (xbc + 14)
	lda xhl, (xde + 14)
	ld a, (xhl)
	srl a, 6
	and a, 0x3
	sla a, 6
	andmi8 (xix), 0x3F
	or (xix), a
	ldcfm 5, (xhl)
	scc8 c, a
	and a, 0x1
	sla a, 5
	andmi8 (xix), 0xDF
	or (xix), a
	ldcfm 4, (xhl)
	scc8 c, a
	and a, 0x1
	sla a, 4
	andmi8 (xix), 0xEF
	or (xix), a
	ldcfm 3, (xhl)
	scc8 c, a
	and a, 0x1
	sla a, 3
	andmi8 (xix), 0xF7
	or (xix), a
	ld a, (xhl)
	and a, 0x7
	andmi8 (xix), 0xF8
	or (xix), a
	lda xix, (xbc + 15)
	lda xhl, (xde + 15)
	ldcfm 7, (xhl)
	scc8 c, a
	and a, 0x1
	sla a, 7
	andmi8 (xix), 0x7F
	or (xix), a
	ldcfm 6, (xhl)
	scc8 c, a
	and a, 0x1
	sla a, 6
	andmi8 (xix), 0xBF
	or (xix), a
	ldcfm 5, (xhl)
	scc8 c, a
	and a, 0x1
	sla a, 5
	andmi8 (xix), 0xDF
	or (xix), a
	ldcfm 4, (xhl)
	scc8 c, a
	and a, 0x1
	sla a, 4
	andmi8 (xix), 0xEF
	or (xix), a
	ld a, (xhl)
	and a, 0xF
	andmi8 (xix), 0xF0
	or (xix), a
	lda xix, (xbc + 16)
	lda xhl, (xde + 16)
	ldcfm 7, (xhl)
	scc8 c, a
	and a, 0x1
	sla a, 7
	andmi8 (xix), 0x7F
	or (xix), a
	ld a, (xhl)
	and a, 0x7F
	andmi8 (xix), 0x80
	or (xix), a
	ld a, (xde + 17)
	ld (xbc + 17), a
	ld a, (xde + 18)
	ld (xbc + 18), a
	lda xix, (xbc + 19)
	lda xhl, (xde + 19)
	ldcfm 7, (xhl)
	scc8 c, a
	and a, 0x1
	sla a, 7
	andmi8 (xix), 0x7F
	or (xix), a
	ld a, (xhl)
	and a, 0x7F
	andmi8 (xix), 0x80
	or (xix), a
	lda xix, (xbc + 20)
	lda xhl, (xde + 20)
	ldcfm 7, (xhl)
	scc8 c, a
	and a, 0x1
	sla a, 7
	andmi8 (xix), 0x7F
	or (xix), a
	ld a, (xhl)
	and a, 0x7F
	andmi8 (xix), 0x80
	or (xix), a
	lda xix, (xbc + 21)
	lda xhl, (xde + 21)
	ldcfm 7, (xhl)
	scc8 c, a
	and a, 0x1
	sla a, 7
	andmi8 (xix), 0x7F
	or (xix), a
	ld a, (xhl)
	and a, 0x7F
	andmi8 (xix), 0x80
	or (xix), a
	lda xix, (xbc + 22)
	lda xhl, (xde + 22)
	ldcfm 7, (xhl)
	scc8 c, a
	and a, 0x1
	sla a, 7
	andmi8 (xix), 0x7F
	or (xix), a
	ld a, (xhl)
	and a, 0x7F
	andmi8 (xix), 0x80
	or (xix), a
	ld a, (xde + 23)
	ld (xbc + 23), a
	ret

DataBuf_CopyEffectBlock12:
	ld xde, xwa
	ld a, (xde + 2)
	ld (xbc + 2), a
	lda xix, (xbc + 3)
	lda xhl, (xde + 3)
	ld a, (xhl)
	srl a, 4
	and a, 0xF
	sla a, 4
	andmi8 (xix), 0xF
	or (xix), a
	ld a, (xhl)
	and a, 0xF
	andmi8 (xix), 0xF0
	or (xix), a
	lda xix, (xbc + 4)
	lda xhl, (xde + 4)
	ld a, (xhl)
	srl a, 4
	and a, 0xF
	sla a, 4
	andmi8 (xix), 0xF
	or (xix), a
	ld a, (xhl)
	and a, 0xF
	andmi8 (xix), 0xF0
	or (xix), a
	lda xix, (xbc + 5)
	lda xhl, (xde + 5)
	ld a, (xhl)
	srl a, 4
	and a, 0xF
	sla a, 4
	andmi8 (xix), 0xF
	or (xix), a
	ld a, (xhl)
	and a, 0xF
	andmi8 (xix), 0xF0
	or (xix), a
	lda xix, (xbc + 6)
	lda xhl, (xde + 6)
	ld a, (xhl)
	srl a, 4
	and a, 0xF
	sla a, 4
	andmi8 (xix), 0xF
	or (xix), a
	ld a, (xhl)
	and a, 0xF
	andmi8 (xix), 0xF0
	or (xix), a
	lda xix, (xbc + 7)
	lda xhl, (xde + 7)
	ld a, (xhl)
	srl a, 4
	and a, 0xF
	sla a, 4
	andmi8 (xix), 0xF
	or (xix), a
	ld a, (xhl)
	and a, 0xF
	andmi8 (xix), 0xF0
	or (xix), a
	lda xix, (xbc + 8)
	lda xhl, (xde + 8)
	ld a, (xhl)
	srl a, 4
	and a, 0xF
	sla a, 4
	andmi8 (xix), 0xF
	or (xix), a
	ld a, (xhl)
	and a, 0xF
	andmi8 (xix), 0xF0
	or (xix), a
	lda xbc, (xbc + 9)
	lda xwa, (xde + 9)
	ldcfm 5, (xwa)
	stcfm 5, (xbc)
	ldcfm 4, (xwa)
	stcfm 4, (xbc)
	ld a, (xwa)
	and a, 0xF
	andmi8 (xbc), 0xF0
	or (xbc), a
	ret

DataBuf_CopyFilterBlock12:
	ld xde, xwa
	ld a, (xde + 2)
	ld (xbc + 2), a
	ld a, (xde + 3)
	and a, 0x7F
	andmi8 (xbc + 3), 0x80
	or (xbc + 3), a
	ld a, (xde + 4)
	res 7, a
	ld (xbc + 4), a
	lda xix, (xbc + 5)
	lda xhl, (xde + 5)
	ldcfm 3, (xhl)
	scc8 c, a
	and a, 0x1
	sla a, 3
	andmi8 (xix), 0xF7
	or (xix), a
	ld a, (xhl)
	and a, 0x7
	andmi8 (xix), 0xF8
	or (xix), a
	lda xix, (xbc + 6)
	lda xhl, (xde + 6)
	ldcfm 7, (xhl)
	scc8 c, a
	and a, 0x1
	sla a, 7
	andmi8 (xix), 0x7F
	or (xix), a
	ldcfm 6, (xhl)
	scc8 c, a
	and a, 0x1
	sla a, 6
	andmi8 (xix), 0xBF
	or (xix), a
	ldcfm 5, (xhl)
	scc8 c, a
	and a, 0x1
	sla a, 5
	andmi8 (xix), 0xDF
	or (xix), a
	ldcfm 4, (xhl)
	scc8 c, a
	and a, 0x1
	sla a, 4
	andmi8 (xix), 0xEF
	or (xix), a
	ld a, (xhl)
	and a, 0x7
	andmi8 (xix), 0xF8
	or (xix), a
	lda xix, (xbc + 7)
	lda xhl, (xde + 7)
	ldcfm 7, (xhl)
	scc8 c, a
	and a, 0x1
	sla a, 7
	andmi8 (xix), 0x7F
	or (xix), a
	ldcfm 6, (xhl)
	scc8 c, a
	and a, 0x1
	sla a, 6
	andmi8 (xix), 0xBF
	or (xix), a
	ldcfm 5, (xhl)
	scc8 c, a
	and a, 0x1
	sla a, 5
	andmi8 (xix), 0xDF
	or (xix), a
	ldcfm 4, (xhl)
	scc8 c, a
	and a, 0x1
	sla a, 4
	andmi8 (xix), 0xEF
	or (xix), a
	ldcfm 3, (xhl)
	scc8 c, a
	and a, 0x1
	sla a, 3
	andmi8 (xix), 0xF7
	or (xix), a
	ldcfm 2, (xhl)
	scc8 c, a
	and a, 0x1
	sla a, 2
	andmi8 (xix), 0xFB
	or (xix), a
	ldcfm 1, (xhl)
	scc8 c, a
	and a, 0x1
	sla a, 1
	andmi8 (xix), 0xFD
	or (xix), a
	ldcfm 0, (xhl)
	stcfm 0, (xix)
	lda xix, (xbc + 8)
	lda xhl, (xde + 8)
	ldcfm 7, (xhl)
	scc8 c, a
	and a, 0x1
	sla a, 7
	andmi8 (xix), 0x7F
	or (xix), a
	ldcfm 6, (xhl)
	scc8 c, a
	and a, 0x1
	sla a, 6
	andmi8 (xix), 0xBF
	or (xix), a
	ldcfm 5, (xhl)
	scc8 c, a
	and a, 0x1
	sla a, 5
	andmi8 (xix), 0xDF
	or (xix), a
	ldcfm 4, (xhl)
	scc8 c, a
	and a, 0x1
	sla a, 4
	andmi8 (xix), 0xEF
	or (xix), a
	ldcfm 3, (xhl)
	scc8 c, a
	and a, 0x1
	sla a, 3
	andmi8 (xix), 0xF7
	or (xix), a
	ldcfm 2, (xhl)
	stcfm 2, (xix)
	ld a, (xde + 9)
	and a, 0x30
	andmi8 (xbc + 9), 0xCF
	or (xbc + 9), a
	ld a, (xde + 10)
	ld (xbc + 10), a
	ldcfm 0, (xde + 11)
	stcfm 0, (xbc + 11)
	ret

DataBuf_CopyReverbBlock6:
	ld xde, xwa
	lda xix, (xbc + 2)
	lda xhl, (xde + 2)
	ldcfm 1, (xhl)
	scc8 c, a
	and a, 0x1
	sla a, 1
	andmi8 (xix), 0xFD
	or (xix), a
	ldcfm 0, (xhl)
	stcfm 0, (xix)
	ldcfm 1, (xde + 3)
	stcfm 1, (xbc + 3)
	lda xix, (xbc + 4)
	lda xhl, (xde + 4)
	ldcfm 6, (xhl)
	scc8 c, a
	and a, 0x1
	sla a, 6
	andmi8 (xix), 0xBF
	or (xix), a
	ldcfm 5, (xhl)
	scc8 c, a
	and a, 0x1
	sla a, 5
	andmi8 (xix), 0xDF
	or (xix), a
	ldcfm 4, (xhl)
	scc8 c, a
	and a, 0x1
	sla a, 4
	andmi8 (xix), 0xEF
	or (xix), a
	ldcfm 3, (xhl)
	scc8 c, a
	and a, 0x1
	sla a, 3
	andmi8 (xix), 0xF7
	or (xix), a
	ldcfm 2, (xhl)
	scc8 c, a
	and a, 0x1
	sla a, 2
	andmi8 (xix), 0xFB
	or (xix), a
	ldcfm 1, (xhl)
	scc8 c, a
	and a, 0x1
	sla a, 1
	andmi8 (xix), 0xFD
	or (xix), a
	ldcfm 0, (xhl)
	stcfm 0, (xix)
	inc 5, xbc
	lda xwa, (xde + 5)
	ldcfm 1, (xwa)
	stcfm 1, (xbc)
	ldcfm 0, (xwa)
	stcfm 0, (xbc)
	ret

DataBuf_CopySimpleBlock4:
	ld e, (xwa + 2)
	ld (xbc + 2), e
	ldcfm 7, (xwa + 3)
	stcfm 7, (xbc + 3)
	ret

DataBuf_LoadAndDispatchFormat2:
	dec 6, xsp
	push xiz
	ld (xsp + 6), xbc
	ldda16 xhl, 47082
	lda xbc, (xwa + 2)
	ld xwa, (xsp + 6)
	lda xde, (xwa + 2)
	ld a, (xwa + 1)
	extz wa
	cps hl, 2
	jrl z, DataBuf_Format2_FormatType2
	cps hl, 1
	jrl nz, DataBuf_LoadAndDispatchFormat2_Return
	pushw wa
	push xbc
	push xde
	call Mem_Copy
	lda xsp, (xsp + 10)
	ld xwa, (xsp + 6)
	inc 2, xwa
	call DSPCfg_ApplyParamStruct
	cps hl, 0
	jrl ge, DataBuf_LoadAndDispatchFormat2_Return
	ld xwa, (xsp + 6)
	ld c, (xwa)
	lda xde, (xwa + 2)
	cp c, 0x63
	jrl z, DataBuf_Format2_Type63
	cp c, 0x61
	jrl nz, DataBuf_LoadAndDispatchFormat2_Return
	ld xwa, 0x4900
	lds bc, 1
	call DSPCfg_WriteParamSimple
	ld xbc, (xsp + 6)
	ld a, (xbc + 1)
	dec 1, a
	extz wa
	pushw wa
	pushw 0x0
	lda xwa, (xbc + 3)
	push xwa
	call Memset
	inc 8, xsp
	ldada xbc, 64628
	ld a, (xbc)
	ld (xsp + 4), a
	ld xwa, (xsp + 6)
	ld a, (xwa + 2)
	ld (xbc), a
	ld xwa, 0x4904
	call DSPCfg_ReadParam_Map0
	ldfr_werp HL, 0xFA
	cpi_werp 0xFA, 0
	jr lt, DataBuf_Format2_Type61_RestoreSlotId
	lds iz, 0
	cpi_werp 0xFA, 0
	jr le, DataBuf_Format2_Type61_RestoreSlotId

DataBuf_Format2_Type61_UpdateLoop:
	ld wa, iz
	exts xwa
	add xwa, 0x4910
	call DSPCfg_ReadParam_Map1
	ld bc, hl
	ld wa, iz
	exts xwa
	add xwa, 0x4910
	ld xde, (xsp + 6)
	inc 2, xde
	call DSPCfg_WriteParamSimple
	inc 1, iz
	cp_werp IZ, 0xFA
	jr lt, DataBuf_Format2_Type61_UpdateLoop

DataBuf_Format2_Type61_RestoreSlotId:
	ld a, (xsp + 4)
	jrl DataBuf_StoreSlotId_Return

DataBuf_Format2_Type63:
	ld xwa, 0x4B00
	ldw bc, 0x14
	call DSPCfg_WriteParamSimple
	ld xbc, (xsp + 6)
	ld a, (xbc + 1)
	dec 1, a
	extz wa
	pushw wa
	pushw 0x0
	lda xwa, (xbc + 3)
	push xwa
	call Memset
	inc 8, xsp
	ldada xbc, 64654
	ld a, (xbc)
	ld (xsp + 4), a
	ld xwa, (xsp + 6)
	ld a, (xwa + 2)
	ld (xbc), a
	ld xwa, 0x4B04
	call DSPCfg_ReadParam_Map0
	ldfr_werp HL, 0xFA
	cpi_werp 0xFA, 0
	jr lt, DataBuf_Format2_Type63_RestoreSlotId
	lds iz, 0
	cpi_werp 0xFA, 0
	jr le, DataBuf_Format2_Type63_RestoreSlotId

DataBuf_Format2_Type63_UpdateLoop:
	ld wa, iz
	exts xwa
	add xwa, 0x4B10
	call DSPCfg_ReadParam_Map1
	ld bc, hl
	ld wa, iz
	exts xwa
	add xwa, 0x4B10
	ld xde, (xsp + 6)
	inc 2, xde
	call DSPCfg_WriteParamSimple
	inc 1, iz
	cp_werp IZ, 0xFA
	jr lt, DataBuf_Format2_Type63_UpdateLoop

DataBuf_Format2_Type63_RestoreSlotId:
	ld a, (xsp + 4)
	jrl DataBuf_StoreSlotId63_Return

DataBuf_Format2_FormatType2:
	pushw wa
	push xbc
	push xde
	call Mem_Copy
	lda xsp, (xsp + 10)
	ld xwa, (xsp + 6)
	inc 2, xwa
	call DSPCfg_ApplyParamStructFull
	cps hl, 0
	jrl ge, DataBuf_LoadAndDispatchFormat2_Return
	ld xbc, (xsp + 6)
	ld a, (xbc)
	cp a, 0x63
	jrl z, DataBuf_FormatType2_Type63
	cp a, 0x61
	jrl nz, DataBuf_LoadAndDispatchFormat2_Return
	lda xde, (xbc + 2)
	ld xwa, 0x4900
	lds bc, 1
	call DSPCfg_WriteParamSimple
	ld xbc, (xsp + 6)
	ld a, (xbc + 1)
	dec 1, a
	extz wa
	pushw wa
	pushw 0x0
	lda xwa, (xbc + 3)
	push xwa
	call Memset
	inc 8, xsp
	ldada xbc, 64628
	ld a, (xbc)
	ld (xsp + 4), a
	ld xwa, (xsp + 6)
	ld a, (xwa + 2)
	ld (xbc), a
	ld xwa, 0x4904
	call DSPCfg_ReadParam_Map0
	ldfr_werp HL, 0xFA
	cpi_werp 0xFA, 0
	jr lt, DataBuf_FormatType2_RestoreSlotId
	lds iz, 0
	cpi_werp 0xFA, 0
	jr le, DataBuf_FormatType2_RestoreSlotId

DataBuf_FormatType2_Type61_UpdateLoop:
	ld wa, iz
	exts xwa
	add xwa, 0x4910
	call DSPCfg_ReadParam_Map1
	ld bc, hl
	ld wa, iz
	exts xwa
	add xwa, 0x4910
	ld xde, (xsp + 6)
	inc 2, xde
	call DSPCfg_WriteParamSimple
	inc 1, iz
	cp_werp IZ, 0xFA
	jr lt, DataBuf_FormatType2_Type61_UpdateLoop

DataBuf_FormatType2_RestoreSlotId:
	ld a, (xsp + 4)

DataBuf_StoreSlotId_Return:
	stda8 64628, a
	jrl DataBuf_LoadAndDispatchFormat2_Return

DataBuf_FormatType2_Type63:
	ld xwa, (xsp + 6)
	lda xde, (xwa + 2)
	ld xwa, 0x4B00
	ldw bc, 0x14
	call DSPCfg_WriteParamSimple
	ld xbc, (xsp + 6)
	ld a, (xbc + 1)
	dec 1, a
	extz wa
	pushw wa
	pushw 0x0
	lda xwa, (xbc + 3)
	push xwa
	call Memset
	inc 8, xsp
	ldada xbc, 64654
	ld a, (xbc)
	ld (xsp + 4), a
	ld xwa, (xsp + 6)
	ld a, (xwa + 2)
	ld (xbc), a
	ld xwa, 0x4B04
	call DSPCfg_ReadParam_Map0
	ldfr_werp HL, 0xFA
	cpi_werp 0xFA, 0
	jr lt, DataBuf_FormatType2_Type63_RestoreSlotId
	lds iz, 0
	cpi_werp 0xFA, 0
	jr le, DataBuf_FormatType2_Type63_RestoreSlotId

DataBuf_FormatType2_Type63_UpdateLoop:
	ld wa, iz
	exts xwa
	add xwa, 0x4B10
	call DSPCfg_ReadParam_Map1
	ld bc, hl
	ld wa, iz
	exts xwa
	add xwa, 0x4B10
	ld xde, (xsp + 6)
	inc 2, xde
	call DSPCfg_WriteParamSimple
	inc 1, iz
	cp_werp IZ, 0xFA
	jr lt, DataBuf_FormatType2_Type63_UpdateLoop

DataBuf_FormatType2_Type63_RestoreSlotId:
	ld a, (xsp + 4)

DataBuf_StoreSlotId63_Return:
	stda8 64654, a

DataBuf_LoadAndDispatchFormat2_Return:
	pop xiz
	inc 6, xsp
	ret

DataBuf_CopyEQBlock7:
	ld xde, xwa
	lda xix, (xbc + 2)
	lda xhl, (xde + 2)
	ld a, (xhl)
	and a, 0x30
	srl a, 4
	and a, 0x3
	sla a, 4
	andmi8 (xix), 0xCF
	or (xix), a
	ldcfm 3, (xhl)
	scc8 c, a
	and a, 0x1
	sla a, 3
	andmi8 (xix), 0xF7
	or (xix), a
	ldcfm 2, (xhl)
	scc8 c, a
	and a, 0x1
	sla a, 2
	andmi8 (xix), 0xFB
	or (xix), a
	ld a, (xhl)
	and a, 0x3
	andmi8 (xix), 0xFC
	or (xix), a
	ld a, (xde + 3)
	and a, 0x7F
	andmi8 (xbc + 3), 0x80
	or (xbc + 3), a
	ld a, (xde + 4)
	ld (xbc + 4), a
	ld a, (xde + 6)
	and a, 0xF
	andmi8 (xbc + 6), 0xF0
	or (xbc + 6), a
	cpdi16 47082, 2
	ret nz
	ld a, (xde + 5)
	ld (xbc + 5), a
	ret

DataBuf_CopyChorusBlock16:
	ld e, (xwa + 2)
	ld (xbc + 2), e
	ld e, (xwa + 3)
	and e, 0x7F
	andmi8 (xbc + 3), 0x80
	or (xbc + 3), e
	ld e, (xwa + 4)
	res 7, e
	ld (xbc + 4), e
	ld e, (xwa + 5)
	and e, 0x7F
	andmi8 (xbc + 5), 0x80
	or (xbc + 5), e
	ldcfm 6, (xwa + 6)
	stcfm 6, (xbc + 6)
	ld e, (xwa + 7)
	and e, 0x7F
	andmi8 (xbc + 7), 0x80
	or (xbc + 7), e
	ld e, (xwa + 8)
	ld (xbc + 8), e
	ld e, (xwa + 9)
	and e, 0x7F
	andmi8 (xbc + 9), 0x80
	or (xbc + 9), e
	lda xde, (xbc + 10)
	ldcfm 7, (xwa + 11)
	stcfm 7, (xde)
	ld l, (xwa + 11)
	and l, 0x7F
	andmi8 (xde), 0x80
	or (xde), l
	lda xde, (xbc + 11)
	ldcfm 7, (xwa + 12)
	stcfm 7, (xde)
	ld l, (xwa + 12)
	and l, 0x7F
	andmi8 (xde), 0x80
	or (xde), l
	lda xde, (xbc + 12)
	ldcfm 7, (xwa + 13)
	stcfm 7, (xde)
	ld l, (xwa + 13)
	and l, 0x7F
	andmi8 (xde), 0x80
	or (xde), l
	lda xde, (xbc + 13)
	ldcfm 7, (xwa + 14)
	stcfm 7, (xde)
	ld l, (xwa + 14)
	and l, 0x7F
	andmi8 (xde), 0x80
	or (xde), l
	lda xbc, (xbc + 14)
	ldcfm 7, (xwa + 15)
	stcfm 7, (xbc)
	ld a, (xwa + 15)
	and a, 0x7F
	andmi8 (xbc), 0x80
	or (xbc), a
	ret

DataBuf_CopyCompressorBlock16:
	ld xde, xbc
	ld c, (xwa + 2)
	ld (xde + 2), c
	lda xix, (xde + 3)
	lda xhl, (xwa + 3)
	ldcfm 7, (xhl)
	scc8 c, c
	and c, 0x1
	sla c, 7
	andmi8 (xix), 0x7F
	or (xix), c
	ld c, (xhl)
	and c, 0xF
	andmi8 (xix), 0xF0
	or (xix), c
	ld c, (xwa + 4)
	ld (xde + 4), c
	ld c, (xwa + 5)
	ld (xde + 5), c
	ld c, (xwa + 6)
	ld (xde + 6), c
	ld c, (xwa + 7)
	ld (xde + 7), c
	ld c, (xwa + 8)
	ld (xde + 8), c
	ld c, (xwa + 9)
	ld (xde + 9), c
	ld c, (xwa + 10)
	ld (xde + 10), c
	ld c, (xwa + 11)
	ld (xde + 11), c
	ld c, (xwa + 12)
	ld (xde + 12), c
	ld c, (xwa + 13)
	ld (xde + 13), c
	ld c, (xwa + 14)
	ld (xde + 14), c
	ld a, (xwa + 15)
	ld (xde + 15), a
	ret

DataBuf_CopyDelayBit2:
	inc 2, xbc
	inc 2, xwa
	ldcfm 1, (xwa)
	stcfm 1, (xbc)
	ldcfm 0, (xwa)
	stcfm 0, (xbc)
	ret

DataBuf_CopyMixerBlock12:
	ld xde, xwa
	lda xix, (xbc + 2)
	lda xhl, (xde + 2)
	ldcfm 6, (xhl)
	scc8 c, a
	and a, 0x1
	sla a, 6
	andmi8 (xix), 0xBF
	or (xix), a
	ldcfm 5, (xhl)
	scc8 c, a
	and a, 0x1
	sla a, 5
	andmi8 (xix), 0xDF
	or (xix), a
	ldcfm 4, (xhl)
	scc8 c, a
	and a, 0x1
	sla a, 4
	andmi8 (xix), 0xEF
	or (xix), a
	ldcfm 3, (xhl)
	scc8 c, a
	and a, 0x1
	sla a, 3
	andmi8 (xix), 0xF7
	or (xix), a
	ldcfm 2, (xhl)
	scc8 c, a
	and a, 0x1
	sla a, 2
	andmi8 (xix), 0xFB
	or (xix), a
	ld a, (xhl)
	and a, 0x3
	andmi8 (xix), 0xFC
	or (xix), a
	ldcfm 3, (xde + 3)
	stcfm 3, (xbc + 3)
	lda xix, (xbc + 4)
	lda xhl, (xde + 4)
	ld a, (xhl)
	and a, 0x18
	srl a, 3
	and a, 0x3
	sla a, 3
	andmi8 (xix), 0xE7
	or (xix), a
	ldcfm 2, (xhl)
	stcfm 2, (xix)
	lda xix, (xbc + 5)
	lda xhl, (xde + 5)
	ldcfm 7, (xhl)
	scc8 c, a
	and a, 0x1
	sla a, 7
	andmi8 (xix), 0x7F
	or (xix), a
	ldcfm 6, (xhl)
	scc8 c, a
	and a, 0x1
	sla a, 6
	andmi8 (xix), 0xBF
	or (xix), a
	ldcfm 2, (xhl)
	scc8 c, a
	and a, 0x1
	sla a, 2
	andmi8 (xix), 0xFB
	or (xix), a
	ldcfm 0, (xhl)
	stcfm 0, (xix)
	lda xix, (xbc + 6)
	lda xhl, (xde + 6)
	ldcfm 5, (xhl)
	scc8 c, a
	and a, 0x1
	sla a, 5
	andmi8 (xix), 0xDF
	or (xix), a
	ld a, (xhl)
	and a, 0x1F
	andmi8 (xix), 0xE0
	or (xix), a
	lda xix, (xbc + 7)
	lda xhl, (xde + 7)
	ldcfm 5, (xhl)
	scc8 c, a
	and a, 0x1
	sla a, 5
	andmi8 (xix), 0xDF
	or (xix), a
	ldcfm 4, (xhl)
	scc8 c, a
	and a, 0x1
	sla a, 4
	andmi8 (xix), 0xEF
	or (xix), a
	ld a, (xhl)
	and a, 0xF
	andmi8 (xix), 0xF0
	or (xix), a
	lda xix, (xbc + 8)
	lda xhl, (xde + 8)
	ldcfm 7, (xhl)
	scc8 c, a
	and a, 0x1
	sla a, 7
	andmi8 (xix), 0x7F
	or (xix), a
	ldcfm 6, (xhl)
	scc8 c, a
	and a, 0x1
	sla a, 6
	andmi8 (xix), 0xBF
	or (xix), a
	ldcfm 5, (xhl)
	scc8 c, a
	and a, 0x1
	sla a, 5
	andmi8 (xix), 0xDF
	or (xix), a
	ldcfm 4, (xhl)
	scc8 c, a
	and a, 0x1
	sla a, 4
	andmi8 (xix), 0xEF
	or (xix), a
	ldcfm 3, (xhl)
	scc8 c, a
	and a, 0x1
	sla a, 3
	andmi8 (xix), 0xF7
	or (xix), a
	ldcfm 2, (xhl)
	scc8 c, a
	and a, 0x1
	sla a, 2
	andmi8 (xix), 0xFB
	or (xix), a
	ldcfm 1, (xhl)
	scc8 c, a
	and a, 0x1
	sla a, 1
	andmi8 (xix), 0xFD
	or (xix), a
	ldcfm 0, (xhl)
	stcfm 0, (xix)
	lda xix, (xbc + 9)
	lda xhl, (xde + 9)
	ldcfm 7, (xhl)
	scc8 c, a
	and a, 0x1
	sla a, 7
	andmi8 (xix), 0x7F
	or (xix), a
	ldcfm 6, (xhl)
	scc8 c, a
	and a, 0x1
	sla a, 6
	andmi8 (xix), 0xBF
	or (xix), a
	ldcfm 5, (xhl)
	scc8 c, a
	and a, 0x1
	sla a, 5
	andmi8 (xix), 0xDF
	or (xix), a
	ldcfm 4, (xhl)
	scc8 c, a
	and a, 0x1
	sla a, 4
	andmi8 (xix), 0xEF
	or (xix), a
	ldcfm 3, (xhl)
	scc8 c, a
	and a, 0x1
	sla a, 3
	andmi8 (xix), 0xF7
	or (xix), a
	ldcfm 2, (xhl)
	scc8 c, a
	and a, 0x1
	sla a, 2
	andmi8 (xix), 0xFB
	or (xix), a
	ldcfm 1, (xhl)
	scc8 c, a
	and a, 0x1
	sla a, 1
	andmi8 (xix), 0xFD
	or (xix), a
	ldcfm 0, (xhl)
	stcfm 0, (xix)
	lda xix, (xbc + 10)
	lda xhl, (xde + 10)
	ldcfm 7, (xhl)
	scc8 c, a
	and a, 0x1
	sla a, 7
	andmi8 (xix), 0x7F
	or (xix), a
	ldcfm 6, (xhl)
	scc8 c, a
	and a, 0x1
	sla a, 6
	andmi8 (xix), 0xBF
	or (xix), a
	ldcfm 5, (xhl)
	scc8 c, a
	and a, 0x1
	sla a, 5
	andmi8 (xix), 0xDF
	or (xix), a
	ldcfm 4, (xhl)
	scc8 c, a
	and a, 0x1
	sla a, 4
	andmi8 (xix), 0xEF
	or (xix), a
	ldcfm 3, (xhl)
	scc8 c, a
	and a, 0x1
	sla a, 3
	andmi8 (xix), 0xF7
	or (xix), a
	ldcfm 2, (xhl)
	scc8 c, a
	and a, 0x1
	sla a, 2
	andmi8 (xix), 0xFB
	or (xix), a
	ldcfm 1, (xhl)
	scc8 c, a
	and a, 0x1
	sla a, 1
	andmi8 (xix), 0xFD
	or (xix), a
	ldcfm 0, (xhl)
	stcfm 0, (xix)
	lda xbc, (xbc + 11)
	lda xwa, (xde + 11)
	ldcfm 7, (xwa)
	stcfm 7, (xbc)
	ldcfm 6, (xwa)
	stcfm 6, (xbc)
	ldcfm 5, (xwa)
	stcfm 5, (xbc)
	ldcfm 4, (xwa)
	stcfm 4, (xbc)
	ldcfm 3, (xwa)
	stcfm 3, (xbc)
	ldcfm 2, (xwa)
	stcfm 2, (xbc)
	ldcfm 1, (xwa)
	stcfm 1, (xbc)
	ldcfm 0, (xwa)
	stcfm 0, (xbc)
	ret

DataBuf_CopyBulkBitfields_Nop:
	ret

DataBuf_CopyBulkBitfields_Stub:
	; --- Stub (1 byte) ---
	ret
DataBuf_CopyBulkBitfields_944:
	; --- Bit-field + byte copy subroutine 1 (FD38FF-FD3A7B) ---
	ld xde, xwa
	lda xhl, (xbc + 944)
	lda xix, (xde + 1090)
	ldcfm 7, (xix)
	scc8 c, a
	and a, 0x01
	sla a, 7
	andmi8 (xhl), 0x7F
	or (xhl), a
	ldcfm 6, (xix)
	scc8 c, a
	and a, 0x01
	sla a, 6
	andmi8 (xhl), 0xBF
	or (xhl), a
	ldcfm 5, (xix)
	scc8 c, a
	and a, 0x01
	sla a, 5
	andmi8 (xhl), 0xDF
	or (xhl), a
	ldcfm 4, (xix)
	scc8 c, a
	and a, 0x01
	sla a, 4
	andmi8 (xhl), 0xEF
	or (xhl), a
	ldcfm 3, (xix)
	scc8 c, a
	and a, 0x01
	sla a, 3
	andmi8 (xhl), 0xF7
	or (xhl), a
	ldcfm 2, (xix)
	scc8 c, a
	and a, 0x01
	sla a, 2
	andmi8 (xhl), 0xFB
	or (xhl), a
	ldcfm 1, (xix)
	scc8 c, a
	and a, 0x01
	sla a, 1
	andmi8 (xhl), 0xFD
	or (xhl), a
	ldcfm 0, (xix)
	stcfm 0, (xhl)
	lda xhl, (xbc + 945)
	lda xix, (xde + 1091)
	ldcfm 3, (xix)
	scc8 c, a
	and a, 0x01
	sla a, 3
	andmi8 (xhl), 0xF7
	or (xhl), a
	ldcfm 2, (xix)
	scc8 c, a
	and a, 0x01
	sla a, 2
	andmi8 (xhl), 0xFB
	or (xhl), a
	ldcfm 1, (xix)
	scc8 c, a
	and a, 0x01
	sla a, 1
	andmi8 (xhl), 0xFD
	or (xhl), a
	ldcfm 0, (xix)
	stcfm 0, (xhl)
	.byte 0xc3, 0xe9, 0x45, 0x04, 0x21	; ld a, (xde + 0x0445)
	ld (xbc + 947), a
	.byte 0xc3, 0xe9, 0x46, 0x04, 0x21	; ld a, (xde + 0x0446)
	ld (xbc + 948), a
	.byte 0xc3, 0xe9, 0x47, 0x04, 0x21	; ld a, (xde + 0x0447)
	ld (xbc + 949), a
	.byte 0xc3, 0xe9, 0x4c, 0x04, 0x21	; ld a, (xde + 0x044C)
	ld (xbc + 954), a
	.byte 0xc3, 0xe9, 0x4d, 0x04, 0x21	; ld a, (xde + 0x044D)
	ld (xbc + 955), a
	.byte 0xc3, 0xe9, 0x4e, 0x04, 0x21	; ld a, (xde + 0x044E)
	ld (xbc + 956), a
	.byte 0xc3, 0xe9, 0x4f, 0x04, 0x21	; ld a, (xde + 0x044F)
	ld (xbc + 957), a
	.byte 0xc3, 0xe9, 0x50, 0x04, 0x21	; ld a, (xde + 0x0450)
	ld (xbc + 958), a
	.byte 0xc3, 0xe9, 0x51, 0x04, 0x21	; ld a, (xde + 0x0451)
	ld (xbc + 959), a
	.byte 0xc3, 0xe9, 0x52, 0x04, 0x21	; ld a, (xde + 0x0452)
	ld (xbc + 960), a
	.byte 0xc3, 0xe9, 0x53, 0x04, 0x21	; ld a, (xde + 0x0453)
	ld (xbc + 961), a
	.byte 0xc3, 0xe9, 0x54, 0x04, 0x21	; ld a, (xde + 0x0454)
	ld (xbc + 962), a
	.byte 0xc3, 0xe9, 0x55, 0x04, 0x21	; ld a, (xde + 0x0455)
	ld (xbc + 963), a
	.byte 0xc3, 0xe9, 0x56, 0x04, 0x21	; ld a, (xde + 0x0456)
	ld (xbc + 964), a
	.byte 0xc3, 0xe9, 0x57, 0x04, 0x21	; ld a, (xde + 0x0457)
	ld (xbc + 965), a
	.byte 0xc3, 0xe9, 0x58, 0x04, 0x21	; ld a, (xde + 0x0458)
	ld (xbc + 966), a
	.byte 0xc3, 0xe9, 0x59, 0x04, 0x21	; ld a, (xde + 0x0459)
	ld (xbc + 967), a
	.byte 0xc3, 0xe9, 0x5a, 0x04, 0x21	; ld a, (xde + 0x045A)
	ld (xbc + 968), a
	.byte 0xc3, 0xe9, 0x5b, 0x04, 0x21	; ld a, (xde + 0x045B)
	ld (xbc + 969), a
	.byte 0xc3, 0xe9, 0x5c, 0x04, 0x21	; ld a, (xde + 0x045C)
	ld (xbc + 970), a
	ret
DataBuf_CopyBulkBitfields_960:
	; --- Bit-field + byte copy subroutine 2 (FD3A7C-FD3BF8) ---
	ld xde, xwa
	lda xhl, (xbc + 912)
	lda xix, (xde + 944)
	ldcfm 7, (xix)
	scc8 c, a
	and a, 0x01
	sla a, 7
	andmi8 (xhl), 0x7F
	or (xhl), a
	ldcfm 6, (xix)
	scc8 c, a
	and a, 0x01
	sla a, 6
	andmi8 (xhl), 0xBF
	or (xhl), a
	ldcfm 5, (xix)
	scc8 c, a
	and a, 0x01
	sla a, 5
	andmi8 (xhl), 0xDF
	or (xhl), a
	ldcfm 4, (xix)
	scc8 c, a
	and a, 0x01
	sla a, 4
	andmi8 (xhl), 0xEF
	or (xhl), a
	ldcfm 3, (xix)
	scc8 c, a
	and a, 0x01
	sla a, 3
	andmi8 (xhl), 0xF7
	or (xhl), a
	ldcfm 2, (xix)
	scc8 c, a
	and a, 0x01
	sla a, 2
	andmi8 (xhl), 0xFB
	or (xhl), a
	ldcfm 1, (xix)
	scc8 c, a
	and a, 0x01
	sla a, 1
	andmi8 (xhl), 0xFD
	or (xhl), a
	ldcfm 0, (xix)
	stcfm 0, (xhl)
	lda xhl, (xbc + 913)
	lda xix, (xde + 945)
	ldcfm 3, (xix)
	scc8 c, a
	and a, 0x01
	sla a, 3
	andmi8 (xhl), 0xF7
	or (xhl), a
	ldcfm 2, (xix)
	scc8 c, a
	and a, 0x01
	sla a, 2
	andmi8 (xhl), 0xFB
	or (xhl), a
	ldcfm 1, (xix)
	scc8 c, a
	and a, 0x01
	sla a, 1
	andmi8 (xhl), 0xFD
	or (xhl), a
	ldcfm 0, (xix)
	stcfm 0, (xhl)
	.byte 0xc3, 0xe9, 0xb3, 0x03, 0x21	; ld a, (xde + 0x03B3)
	ld (xbc + 915), a
	.byte 0xc3, 0xe9, 0xb4, 0x03, 0x21	; ld a, (xde + 0x03B4)
	ld (xbc + 916), a
	.byte 0xc3, 0xe9, 0xb5, 0x03, 0x21	; ld a, (xde + 0x03B5)
	ld (xbc + 917), a
	.byte 0xc3, 0xe9, 0xba, 0x03, 0x21	; ld a, (xde + 0x03BA)
	ld (xbc + 922), a
	.byte 0xc3, 0xe9, 0xbb, 0x03, 0x21	; ld a, (xde + 0x03BB)
	ld (xbc + 923), a
	.byte 0xc3, 0xe9, 0xbc, 0x03, 0x21	; ld a, (xde + 0x03BC)
	ld (xbc + 924), a
	.byte 0xc3, 0xe9, 0xbd, 0x03, 0x21	; ld a, (xde + 0x03BD)
	ld (xbc + 925), a
	.byte 0xc3, 0xe9, 0xbe, 0x03, 0x21	; ld a, (xde + 0x03BE)
	ld (xbc + 926), a
	.byte 0xc3, 0xe9, 0xbf, 0x03, 0x21	; ld a, (xde + 0x03BF)
	ld (xbc + 927), a
	.byte 0xc3, 0xe9, 0xc0, 0x03, 0x21	; ld a, (xde + 0x03C0)
	ld (xbc + 928), a
	.byte 0xc3, 0xe9, 0xc1, 0x03, 0x21	; ld a, (xde + 0x03C1)
	ld (xbc + 929), a
	.byte 0xc3, 0xe9, 0xc2, 0x03, 0x21	; ld a, (xde + 0x03C2)
	ld (xbc + 930), a
	.byte 0xc3, 0xe9, 0xc3, 0x03, 0x21	; ld a, (xde + 0x03C3)
	ld (xbc + 931), a
	.byte 0xc3, 0xe9, 0xc4, 0x03, 0x21	; ld a, (xde + 0x03C4)
	ld (xbc + 932), a
	.byte 0xc3, 0xe9, 0xc5, 0x03, 0x21	; ld a, (xde + 0x03C5)
	ld (xbc + 933), a
	.byte 0xc3, 0xe9, 0xc6, 0x03, 0x21	; ld a, (xde + 0x03C6)
	ld (xbc + 934), a
	.byte 0xc3, 0xe9, 0xc7, 0x03, 0x21	; ld a, (xde + 0x03C7)
	ld (xbc + 935), a
	.byte 0xc3, 0xe9, 0xc8, 0x03, 0x21	; ld a, (xde + 0x03C8)
	ld (xbc + 936), a
	.byte 0xc3, 0xe9, 0xc9, 0x03, 0x21	; ld a, (xde + 0x03C9)
	ld (xbc + 937), a
	.byte 0xc3, 0xe9, 0xca, 0x03, 0x21	; ld a, (xde + 0x03CA)
	ld (xbc + 938), a
	ret


DataBuf_CopyBulkBitfields_F980:
	ld xde, xbc
	st_dri3b D, 0xE9, 0xB0, 0x03
	st_dri3b C, 0xE1, 0xB0, 0x03
	ldcfm 7, (xhl)
	scc8 c, c
	and c, 0x1
	sla c, 7
	andmi8 (xix), 0x7F
	or (xix), c
	ldcfm 6, (xhl)
	scc8 c, c
	and c, 0x1
	sla c, 6
	andmi8 (xix), 0xBF
	or (xix), c
	ldcfm 5, (xhl)
	scc8 c, c
	and c, 0x1
	sla c, 5
	andmi8 (xix), 0xDF
	or (xix), c
	ldcfm 4, (xhl)
	scc8 c, c
	and c, 0x1
	sla c, 4
	andmi8 (xix), 0xEF
	or (xix), c
	ldcfm 3, (xhl)
	scc8 c, c
	and c, 0x1
	sla c, 3
	andmi8 (xix), 0xF7
	or (xix), c
	ldcfm 2, (xhl)
	scc8 c, c
	and c, 0x1
	sla c, 2
	andmi8 (xix), 0xFB
	or (xix), c
	ldcfm 1, (xhl)
	scc8 c, c
	and c, 0x1
	sla c, 1
	andmi8 (xix), 0xFD
	or (xix), c
	ldcfm 0, (xhl)
	stcfm 0, (xix)
	st_dri3b D, 0xE9, 0xB1, 0x03
	st_dri3b C, 0xE1, 0xB1, 0x03
	ldcfm 3, (xhl)
	scc8 c, c
	and c, 0x1
	sla c, 3
	andmi8 (xix), 0xF7
	or (xix), c
	ldcf_dri 2, 0xE1, 0xB1, 0x03
	scc8 c, c
	and c, 0x1
	sla c, 2
	andmi8 (xix), 0xFB
	or (xix), c
	ldcfm 1, (xhl)
	stcfm 1, (xix)
	ldcf_dri 0, 0xE1, 0xB1, 0x03
	stcfm 0, (xix)
	ld_srib C, (xwa + 0x03b3)
	lda_dri3 XHL, 0xE9, 0xB3, 0x03
	ld_srib C, (xwa + 0x03b4)
	lda_dri3 XHL, 0xE9, 0xB4, 0x03
	ld_srib C, (xwa + 0x03b5)
	lda_dri3 XHL, 0xE9, 0xB5, 0x03
	ld_srib C, (xwa + 0x03ba)
	lda_dri3 XHL, 0xE9, 0xBA, 0x03
	ld_srib C, (xwa + 0x03bb)
	lda_dri3 XHL, 0xE9, 0xBB, 0x03
	ld_srib C, (xwa + 0x03bc)
	lda_dri3 XHL, 0xE9, 0xBC, 0x03
	ld_srib C, (xwa + 0x03bd)
	lda_dri3 XHL, 0xE9, 0xBD, 0x03
	ld_srib C, (xwa + 0x03be)
	lda_dri3 XHL, 0xE9, 0xBE, 0x03
	ld_srib C, (xwa + 0x03bf)
	lda_dri3 XHL, 0xE9, 0xBF, 0x03
	ld_srib C, (xwa + 0x03c0)
	lda_dri3 XHL, 0xE9, 0xC0, 0x03
	ld_srib C, (xwa + 0x03c1)
	lda_dri3 XHL, 0xE9, 0xC1, 0x03
	ld_srib C, (xwa + 0x03c2)
	lda_dri3 XHL, 0xE9, 0xC2, 0x03
	ld_srib C, (xwa + 0x03c3)
	lda_dri3 XHL, 0xE9, 0xC3, 0x03
	ld_srib C, (xwa + 0x03c4)
	lda_dri3 XHL, 0xE9, 0xC4, 0x03
	ld_srib C, (xwa + 0x03c5)
	lda_dri3 XHL, 0xE9, 0xC5, 0x03
	ld_srib C, (xwa + 0x03c6)
	lda_dri3 XHL, 0xE9, 0xC6, 0x03
	ld_srib C, (xwa + 0x03c7)
	lda_dri3 XHL, 0xE9, 0xC7, 0x03
	ld_srib C, (xwa + 0x03c8)
	lda_dri3 XHL, 0xE9, 0xC8, 0x03
	ld_srib C, (xwa + 0x03c9)
	lda_dri3 XHL, 0xE9, 0xC9, 0x03
	ld_srib C, (xwa + 0x03ca)
	lda_dri3 XHL, 0xE9, 0xCA, 0x03
	ld_srib A, (xwa + 0x0417)
	and a, 0x7F
	and_srib_im 0xE9, 0x17, 0x04, 0x80
	or_srib_mr A, 0xE9, 0x17, 0x04
	ret

DataBuf_CopyBulkBitfields_Large:
	.byte 0xbf, 0xf6, 0x37, 0x3e, 0xbf, 0x06, 0x61, 0xbf
	.byte 0x0a, 0x60, 0xbf, 0x04, 0x02, 0x00, 0x00, 0x9f
	.byte 0x04, 0x20, 0xe8, 0x12, 0xe8, 0x89, 0xe9, 0xee
	.byte 0x05, 0xe9, 0xc8, 0xf0, 0x03, 0x00, 0x00, 0xe9
	.byte 0x8e, 0xaf, 0x0a, 0x86, 0x41, 0x1a, 0x00, 0x00
	.byte 0x00, 0x1d, 0x5c, 0x0a, 0xff, 0xeb, 0xc8, 0xe0
	.byte 0x03, 0x00, 0x00, 0xaf, 0x06, 0x83, 0xee, 0x88
	.byte 0xeb, 0x89, 0x1e, 0x79, 0xef, 0x9f, 0x04, 0x61
	.byte 0x9f, 0x04, 0x3f, 0x02, 0x00, 0x67, 0xc8, 0xaf
	.byte 0x06, 0x25, 0xf3, 0xf5, 0x16, 0x04, 0x31, 0xaf
	.byte 0x0a, 0x24, 0xc3, 0xf1, 0x32, 0x04, 0x21, 0xc9
	.byte 0xcc, 0x0f, 0x81, 0x3c, 0xf0, 0x81, 0xe9, 0xf3
	.byte 0xf5, 0x17, 0x04, 0x32, 0xf3, 0xf1, 0x33, 0x04
	.byte 0x30, 0xb0, 0x9f, 0xb2, 0xa7, 0xb0, 0x9e, 0xb1
	.byte 0xa6, 0x80, 0x21, 0xc9, 0xcc, 0x3f, 0x82, 0x3c
	.byte 0x80, 0x82, 0xe9, 0xf3, 0xf1, 0x34, 0x04, 0x9f
	.byte 0xcb, 0x77, 0xcb, 0xcc, 0x01, 0xcb, 0xec, 0x07
	.byte 0xc3, 0xf5, 0x18, 0x04, 0x3c, 0x7f, 0xc3, 0xf5
	.byte 0x18, 0x04, 0xeb, 0xed, 0x8b, 0xf3, 0xed, 0x19
	.byte 0x04, 0x31, 0xf3, 0xf1, 0x35, 0x04, 0x30, 0x80
	.byte 0x25, 0xcd, 0xcc, 0x70, 0x81, 0x3c, 0x8f, 0x81
	.byte 0xed, 0xb0, 0x98, 0xb1, 0xa0, 0xc3, 0xf1, 0x36
	.byte 0x04, 0x23, 0xcb, 0x30, 0x07, 0xcb, 0x30, 0x07
	.byte 0xc3, 0xed, 0x1a, 0x04, 0x3c, 0x80, 0xc3, 0xed
	.byte 0x1a, 0x04, 0xeb, 0xc3, 0xf1, 0x37, 0x04, 0x23
	.byte 0xcb, 0xef, 0x04, 0xcb, 0xcc, 0x0f, 0xcb, 0xec
	.byte 0x04, 0xc3, 0xed, 0x1b, 0x04, 0x3c, 0x0f, 0xc3
	.byte 0xed, 0x1b, 0x04, 0xeb, 0xf3, 0xf1, 0x38, 0x04
	.byte 0x98, 0xcb, 0x77, 0xcb, 0xcc, 0x01, 0xc3, 0xed
	.byte 0x1c, 0x04, 0x3c, 0xfe, 0xc3, 0xed, 0x1c, 0x04
	.byte 0xeb, 0xf3, 0xed, 0x1d, 0x04, 0x31, 0xf3, 0xf1
	.byte 0x39, 0x04, 0x30, 0xb0, 0x9f, 0xb1, 0xa7, 0xb0
	.byte 0x9e, 0xb1, 0xa6, 0xb0, 0x9d, 0xb1, 0xa5, 0xb0
	.byte 0x9c, 0xb1, 0xa4, 0xb0, 0x9b, 0xb1, 0xa3, 0xb0
	.byte 0x9a, 0xb1, 0xa2, 0xb0, 0x99, 0xb1, 0xa1, 0xb0
	.byte 0x98, 0xb1, 0xa0, 0xf3, 0xed, 0x1e, 0x04, 0x31
	.byte 0xf3, 0xf1, 0x3a, 0x04, 0x30, 0xb0, 0x9a, 0xb1
	.byte 0xa2, 0xb0, 0x99, 0xb1, 0xa1, 0xb0, 0x98, 0xb1
	.byte 0xa0, 0xc3, 0xf1, 0x3b, 0x04, 0x23, 0xf3, 0xed
	.byte 0x20, 0x04, 0x43, 0xc3, 0xf1, 0x62, 0x04, 0x23
	.byte 0xf3, 0xed, 0x2a, 0x04, 0x43, 0xc3, 0xf1, 0x63
	.byte 0x04, 0x23, 0xf3, 0xed, 0x2b, 0x04, 0x43, 0xc3
	.byte 0xf1, 0x64, 0x04, 0x23, 0xf3, 0xed, 0x2c, 0x04
	.byte 0x43, 0xf3, 0xed, 0x2d, 0x04, 0x31, 0xf3, 0xf1
	.byte 0x65, 0x04, 0x30, 0xb0, 0x9a, 0xb1, 0xa2, 0xb0
	.byte 0x99, 0xb1, 0xa1, 0xb0, 0x98, 0xb1, 0xa0, 0xf3
	.byte 0xed, 0x36, 0x04, 0x31, 0xf3, 0xf1, 0x72, 0x04
	.byte 0x30, 0x80, 0x25, 0xcd, 0xcc, 0xf0, 0x81, 0x3c
	.byte 0x0f, 0x81, 0xed, 0x80, 0x21, 0xc9, 0xcc, 0x0f
	.byte 0x81, 0x3c, 0xf0, 0x81, 0xe9, 0xf3, 0xed, 0x37
	.byte 0x04, 0x31, 0xf3, 0xf1, 0x73, 0x04, 0x30, 0x80
	.byte 0x25, 0xcd, 0xcc, 0xf0, 0x81, 0x3c, 0x0f, 0x81
	.byte 0xed, 0x80, 0x21, 0xc9, 0xcc, 0x0f, 0x81, 0x3c
	.byte 0xf0, 0x81, 0xe9, 0xc3, 0xf1, 0x74, 0x04, 0x23
	.byte 0xcb, 0x30, 0x07, 0xcb, 0x30, 0x07, 0xc3, 0xed
	.byte 0x38, 0x04, 0x3c, 0x80, 0xc3, 0xed, 0x38, 0x04
	.byte 0xeb, 0xc3, 0xf1, 0x75, 0x04, 0x23, 0xcb, 0x30
	.byte 0x07, 0xcb, 0x30, 0x07, 0xc3, 0xed, 0x39, 0x04
	.byte 0x3c, 0x80, 0xc3, 0xed, 0x39, 0x04, 0xeb, 0xc3
	.byte 0xf1, 0x76, 0x04, 0x23, 0xcb, 0xcc, 0x0f, 0xcb
	.byte 0xcc, 0x0f, 0xc3, 0xed, 0x3a, 0x04, 0x3c, 0xf0
	.byte 0xc3, 0xed, 0x3a, 0x04, 0xeb, 0xc3, 0xf1, 0x77
	.byte 0x04, 0x23, 0xf3, 0xed, 0x3b, 0x04, 0x43, 0xc3
	.byte 0xf1, 0x78, 0x04, 0x23, 0xcb, 0x30, 0x07, 0xcb
	.byte 0x30, 0x07, 0xc3, 0xed, 0x3c, 0x04, 0x3c, 0x80
	.byte 0xc3, 0xed, 0x3c, 0x04, 0xeb, 0xc3, 0xf1, 0x79
	.byte 0x04, 0x23, 0xf3, 0xed, 0x3d, 0x04, 0x43, 0xc3
	.byte 0xf1, 0x7a, 0x04, 0x23, 0xcb, 0x30, 0x07, 0xcb
	.byte 0x30, 0x07, 0xc3, 0xed, 0x3e, 0x04, 0x3c, 0x80
	.byte 0xc3, 0xed, 0x3e, 0x04, 0xeb, 0xf3, 0xed, 0x3f
	.byte 0x04, 0x31, 0xf3, 0xf1, 0x7b, 0x04, 0x30, 0x80
	.byte 0x25, 0xcd, 0xcc, 0xf0, 0x81, 0x3c, 0x0f, 0x81
	.byte 0xed, 0x80, 0x21, 0xc9, 0xcc, 0x0f, 0x81, 0x3c
	.byte 0xf0, 0x81, 0xe9, 0xf3, 0xed, 0x40, 0x04, 0x31
	.byte 0xf3, 0xf1, 0x7c, 0x04, 0x30, 0x80, 0x25, 0xcd
	.byte 0xcc, 0xf0, 0x81, 0x3c, 0x0f, 0x81, 0xed, 0x80
	.byte 0x21, 0xc9, 0xcc, 0x0f, 0x81, 0x3c, 0xf0, 0x81
	.byte 0xe9, 0xf3, 0xed, 0x41, 0x04, 0x31, 0xf3, 0xf1
	.byte 0x7d, 0x04, 0x30, 0x80, 0x25, 0xcd, 0xcc, 0xf0
	.byte 0x81, 0x3c, 0x0f, 0x81, 0xed, 0x80, 0x21, 0xc9
	.byte 0xcc, 0x0f, 0x81, 0x3c, 0xf0, 0x81, 0xe9, 0xf3
	.byte 0xed, 0x42, 0x04, 0x31, 0xf3, 0xf1, 0x7e, 0x04
	.byte 0x30, 0x80, 0x25, 0xcd, 0xcc, 0xf0, 0x81, 0x3c
	.byte 0x0f, 0x81, 0xed, 0x80, 0x21, 0xc9, 0xcc, 0x0f
	.byte 0x81, 0x3c, 0xf0, 0x81, 0xe9, 0xf3, 0xed, 0x43
	.byte 0x04, 0x31, 0xf3, 0xf1, 0x7f, 0x04, 0x30, 0x80
	.byte 0x25, 0xcd, 0xcc, 0xf0, 0x81, 0x3c, 0x0f, 0x81
	.byte 0xed, 0x80, 0x21, 0xc9, 0xcc, 0x0f, 0x81, 0x3c
	.byte 0xf0, 0x81, 0xe9, 0xf3, 0xed, 0x44, 0x04, 0x31
	.byte 0xf3, 0xf1, 0x80, 0x04, 0x30, 0x80, 0x25, 0xcd
	.byte 0xcc, 0xf0, 0x81, 0x3c, 0x0f, 0x81, 0xed, 0x80
	.byte 0x21, 0xc9, 0xcc, 0x0f, 0x81, 0x3c, 0xf0, 0x81
	.byte 0xe9, 0xf3, 0xed, 0x45, 0x04, 0x31, 0xf3, 0xf1
	.byte 0x81, 0x04, 0x30, 0x80, 0x25, 0xcd, 0xcc, 0xf0
	.byte 0x81, 0x3c, 0x0f, 0x81, 0xed, 0x80, 0x21, 0xc9
	.byte 0xcc, 0x0f, 0x81, 0x3c, 0xf0, 0x81, 0xe9, 0xf3
	.byte 0xed, 0x46, 0x04, 0x31, 0xf3, 0xf1, 0x82, 0x04
	.byte 0x30, 0x80, 0x25, 0xcd, 0xcc, 0xf0, 0x81, 0x3c
	.byte 0x0f, 0x81, 0xed, 0x80, 0x21, 0xc9, 0xcc, 0x0f
	.byte 0x81, 0x3c, 0xf0, 0x81, 0xe9, 0xf3, 0xed, 0x47
	.byte 0x04, 0x31, 0xf3, 0xf1, 0x83, 0x04, 0x30, 0x80
	.byte 0x25, 0xcd, 0xcc, 0xf0, 0x81, 0x3c, 0x0f, 0x81
	.byte 0xed, 0x80, 0x21, 0xc9, 0xcc, 0x0f, 0x81, 0x3c
	.byte 0xf0, 0x81, 0xe9, 0xf3, 0xed, 0x48, 0x04, 0x31
	.byte 0xf3, 0xf1, 0x84, 0x04, 0x30, 0x80, 0x25, 0xcd
	.byte 0xcc, 0xf0, 0x81, 0x3c, 0x0f, 0x81, 0xed, 0x80
	.byte 0x21, 0xc9, 0xcc, 0x0f, 0x81, 0x3c, 0xf0, 0x81
	.byte 0xe9, 0xf3, 0xed, 0x49, 0x04, 0x31, 0xf3, 0xf1
	.byte 0x85, 0x04, 0x30, 0x80, 0x25, 0xcd, 0xcc, 0xf0
	.byte 0x81, 0x3c, 0x0f, 0x81, 0xed, 0x80, 0x21, 0xc9
	.byte 0xcc, 0x0f, 0x81, 0x3c, 0xf0, 0x81, 0xe9, 0xf3
	.byte 0xed, 0x4a, 0x04, 0x31, 0xf3, 0xf1, 0x86, 0x04
	.byte 0x30, 0x80, 0x25, 0xcd, 0xcc, 0xf0, 0x81, 0x3c
	.byte 0x0f, 0x81, 0xed, 0x80, 0x21, 0xc9, 0xcc, 0x0f
	.byte 0x81, 0x3c, 0xf0, 0x81, 0xe9, 0xf3, 0xed, 0x4b
	.byte 0x04, 0x31, 0xf3, 0xf1, 0x87, 0x04, 0x30, 0x80
	.byte 0x25, 0xcd, 0xcc, 0xf0, 0x81, 0x3c, 0x0f, 0x81
	.byte 0xed, 0x80, 0x21, 0xc9, 0xcc, 0x0f, 0x81, 0x3c
	.byte 0xf0, 0x81, 0xe9, 0xf3, 0xed, 0x4c, 0x04, 0x31
	.byte 0xf3, 0xf1, 0x88, 0x04, 0x30, 0x80, 0x25, 0xcd
	.byte 0xcc, 0xf0, 0x81, 0x3c, 0x0f, 0x81, 0xed, 0x80
	.byte 0x21, 0xc9, 0xcc, 0x0f, 0x81, 0x3c, 0xf0, 0x81
	.byte 0xe9, 0xf3, 0xed, 0x4d, 0x04, 0x31, 0xf3, 0xf1
	.byte 0x89, 0x04, 0x30, 0x80, 0x25, 0xcd, 0xcc, 0xf0
	.byte 0x81, 0x3c, 0x0f, 0x81, 0xed, 0x80, 0x21, 0xc9
	.byte 0xcc, 0x0f, 0x81, 0x3c, 0xf0, 0x81, 0xe9, 0xf3
	.byte 0xed, 0x4e, 0x04, 0x31, 0xf3, 0xf1, 0x8a, 0x04
	.byte 0x30, 0x80, 0x25, 0xcd, 0xcc, 0xf0, 0x81, 0x3c
	.byte 0x0f, 0x81, 0xed, 0x80, 0x21, 0xc9, 0xcc, 0x0f
	.byte 0x81, 0x3c, 0xf0, 0x81, 0xe9, 0xf3, 0xed, 0x4f
	.byte 0x04, 0x31, 0xf3, 0xf1, 0x8b, 0x04, 0x30, 0x80
	.byte 0x25, 0xcd, 0xcc, 0xc0, 0x81, 0x3c, 0x3f, 0x81
	.byte 0xed, 0x80, 0x25, 0xcd, 0xcc, 0x30, 0x81, 0x3c
	.byte 0xcf, 0x81, 0xed, 0x80, 0x25, 0xcd, 0xcc, 0x0c
	.byte 0x81, 0x3c, 0xf3, 0x81, 0xed, 0x80, 0x21, 0xc9
	.byte 0xcc, 0x03, 0x81, 0x3c, 0xfc, 0x81, 0xe9, 0xf3
	.byte 0xed, 0x50, 0x04, 0x31, 0xf3, 0xf1, 0x8c, 0x04
	.byte 0x30, 0x80, 0x25, 0xcd, 0xcc, 0xc0, 0x81, 0x3c
	.byte 0x3f, 0x81, 0xed, 0x80, 0x25, 0xcd, 0xcc, 0x30
	.byte 0x81, 0x3c, 0xcf, 0x81, 0xed, 0x80, 0x25, 0xcd
	.byte 0xcc, 0x0c, 0x81, 0x3c, 0xf3, 0x81, 0xed, 0x80
	.byte 0x21, 0xc9, 0xcc, 0x03, 0x81, 0x3c, 0xfc, 0x81
	.byte 0xe9, 0xf3, 0xed, 0x51, 0x04, 0x31, 0xf3, 0xf1
	.byte 0x8d, 0x04, 0x30, 0x80, 0x25, 0xcd, 0xcc, 0xc0
	.byte 0x81, 0x3c, 0x3f, 0x81, 0xed, 0x80, 0x25, 0xcd
	.byte 0xcc, 0x30, 0x81, 0x3c, 0xcf, 0x81, 0xed, 0x80
	.byte 0x25, 0xcd, 0xcc, 0x0c, 0x81, 0x3c, 0xf3, 0x81
	.byte 0xed, 0x80, 0x21, 0xc9, 0xcc, 0x03, 0x81, 0x3c
	.byte 0xfc, 0x81, 0xe9, 0xf3, 0xed, 0x52, 0x04, 0x31
	.byte 0xf3, 0xf1, 0x8e, 0x04, 0x30, 0x80, 0x25, 0xcd
	.byte 0xcc, 0xc0, 0x81, 0x3c, 0x3f, 0x81, 0xed, 0x80
	.byte 0x25, 0xcd, 0xcc, 0x30, 0x81, 0x3c, 0xcf, 0x81
	.byte 0xed, 0x80, 0x25, 0xcd, 0xcc, 0x0c, 0x81, 0x3c
	.byte 0xf3, 0x81, 0xed, 0x80, 0x21, 0xc9, 0xcc, 0x03
	.byte 0x81, 0x3c, 0xfc, 0x81, 0xe9, 0xf3, 0xed, 0x53
	.byte 0x04, 0x31, 0xf3, 0xf1, 0x8f, 0x04, 0x30, 0x80
	.byte 0x25, 0xcd, 0xcc, 0xc0, 0x81, 0x3c, 0x3f, 0x81
	.byte 0xed, 0x80, 0x25, 0xcd, 0xcc, 0x30, 0x81, 0x3c
	.byte 0xcf, 0x81, 0xed, 0x80, 0x25, 0xcd, 0xcc, 0x0c
	.byte 0x81, 0x3c, 0xf3, 0x81, 0xed, 0x80, 0x21, 0xc9
	.byte 0xcc, 0x03, 0x81, 0x3c, 0xfc, 0x81, 0xe9, 0xf3
	.byte 0xed, 0x54, 0x04, 0x31, 0xf3, 0xf1, 0x90, 0x04
	.byte 0x30, 0x80, 0x25, 0xcd, 0xcc, 0xc0, 0x81, 0x3c
	.byte 0x3f, 0x81, 0xed, 0x80, 0x25, 0xcd, 0xcc, 0x30
	.byte 0x81, 0x3c, 0xcf, 0x81, 0xed, 0x80, 0x25, 0xcd
	.byte 0xcc, 0x0c, 0x81, 0x3c, 0xf3, 0x81, 0xed, 0x80
	.byte 0x21, 0xc9, 0xcc, 0x03, 0x81, 0x3c, 0xfc, 0x81
	.byte 0xe9, 0xc3, 0xf1, 0x66, 0x06, 0x23, 0xf3, 0xed
	.byte 0x28, 0x06, 0x43, 0xec, 0x88, 0xc3, 0xe1, 0x67
	.byte 0x06, 0x23, 0xeb, 0x8a, 0xf3, 0xe9, 0x29, 0x06
	.byte 0x43, 0xc3, 0xe1, 0x68, 0x06, 0x23, 0xf3, 0xe9
	.byte 0x2a, 0x06, 0x43, 0xc3, 0xe1, 0x69, 0x06, 0x23
	.byte 0xf3, 0xe9, 0x2b, 0x06, 0x43, 0xc3, 0xe1, 0x6a
	.byte 0x06, 0x23, 0xf3, 0xe9, 0x2c, 0x06, 0x43, 0xc3
	.byte 0xe1, 0x6b, 0x06, 0x23, 0xf3, 0xe9, 0x2d, 0x06
	.byte 0x43, 0xc3, 0xe1, 0x6c, 0x06, 0x23, 0xf3, 0xe9
	.byte 0x2e, 0x06, 0x43, 0xc3, 0xe1, 0x6d, 0x06, 0x23
	.byte 0xf3, 0xe9, 0x2f, 0x06, 0x43, 0xc3, 0xe1, 0x6e
	.byte 0x06, 0x23, 0xf3, 0xe9, 0x30, 0x06, 0x43, 0xc3
	.byte 0xe1, 0x6f, 0x06, 0x23, 0xf3, 0xe9, 0x31, 0x06
	.byte 0x43, 0xc3, 0xe1, 0x70, 0x06, 0x23, 0xf3, 0xe9
	.byte 0x32, 0x06, 0x43, 0xc3, 0xe1, 0x71, 0x06, 0x23
	.byte 0xf3, 0xe9, 0x33, 0x06, 0x43, 0xc3, 0xe1, 0x72
	.byte 0x06, 0x23, 0xf3, 0xe9, 0x34, 0x06, 0x43, 0xc3
	.byte 0xe1, 0x73, 0x06, 0x23, 0xf3, 0xe9, 0x35, 0x06
	.byte 0x43, 0xc3, 0xe1, 0x74, 0x06, 0x23, 0xf3, 0xe9
	.byte 0x36, 0x06, 0x43, 0xc3, 0xe1, 0x75, 0x06, 0x23
	.byte 0xf3, 0xe9, 0x37, 0x06, 0x43, 0x5e, 0xbf, 0x0a
	.byte 0x37, 0x0e, 0xbf, 0xf6, 0x37, 0x3e, 0x1d, 0x34
	.byte 0xb4, 0xfd, 0x1e, 0x93, 0x0f, 0xf1, 0x80, 0xf9
	.byte 0x30, 0xbf, 0x06, 0x60, 0x0b, 0x40, 0x04, 0x1d
	.byte 0x80, 0x0e, 0xff, 0xef, 0x62, 0xbf, 0x0a, 0x63
	.byte 0xaf, 0x0a, 0x20, 0xe8, 0xe0, 0x6e, 0x06, 0x33
	.byte 0x38, 0xff, 0x78, 0x3f, 0x01, 0xaf, 0x0a, 0x20
	.byte 0xe8, 0xc8, 0x20, 0x00, 0x00, 0x00, 0x41, 0x20
	.byte 0x04, 0x00, 0x00, 0x1d, 0x74, 0x8d, 0xf8, 0xdb
	.byte 0x8e, 0xde, 0xd8, 0x69, 0x0f, 0xaf, 0x0a, 0x20
	.byte 0x38, 0x1d, 0xf2, 0x0a, 0xff, 0xef, 0x64, 0xde
	.byte 0x8b, 0x78, 0x18, 0x01, 0xbf, 0x04, 0x02, 0x00
	.byte 0x00, 0x9f, 0x04, 0x20, 0xe8, 0x12, 0xe8, 0x89
	.byte 0xe9, 0x81, 0xe8, 0x81, 0xe9, 0xee, 0x02, 0xe9
	.byte 0xc8, 0x20, 0x00, 0x00, 0x00, 0xe9, 0x8e, 0xaf
	.byte 0x0a, 0x86, 0x41, 0x1a, 0x00, 0x00, 0x00, 0x1d
	.byte 0x5c, 0x0a, 0xff, 0xeb, 0xc8, 0x34, 0x00, 0x00
	.byte 0x00, 0xaf, 0x06, 0x83, 0xee, 0x88, 0xeb, 0x89
	.byte 0x1e, 0x75, 0x03, 0x9f, 0x04, 0x61, 0x9f, 0x04
	.byte 0x3f, 0x17, 0x00, 0x67, 0xc4, 0xbf, 0x04, 0x02
	.byte 0x00, 0x00, 0x9f, 0x04, 0x21, 0xe9, 0x12, 0x40
	.byte 0x84, 0x15, 0xee, 0x00
	.byte 0xe9, 0x80, 0x80, 0x21
	.byte 0xd8, 0x12, 0xd8, 0xec, 0x02, 0xd8, 0x8a, 0xda
	.byte 0xc8, 0x9e, 0x01, 0xaf, 0x0a, 0x20, 0xf3, 0x07
	.byte 0xe0, 0xe8, 0x36, 0xe9, 0x88, 0x41, 0x1a, 0x00
	.byte 0x00, 0x00, 0x1d, 0x5c, 0x0a, 0xff, 0xeb, 0xc8
	.byte 0x34, 0x00, 0x00, 0x00, 0xaf, 0x06, 0x83, 0xee
	.byte 0x88, 0xeb, 0x89, 0x1e, 0x83, 0x05, 0x9f, 0x04
	.byte 0x61, 0x9f, 0x04, 0x3f, 0x18, 0x00, 0x67, 0xba
	.byte 0xaf, 0x0a, 0x20, 0xf3, 0xe1, 0x34, 0x01, 0x30
	.byte 0xaf, 0x06, 0x21, 0xf3, 0xe5, 0xd8, 0x02, 0x31
	.byte 0x1e, 0xcd, 0x03, 0xaf, 0x0a, 0x20, 0xf3, 0xe1
	.byte 0x46, 0x01, 0x30, 0xaf, 0x06, 0x21, 0xf3, 0xe5
	.byte 0xe4, 0x02, 0x31, 0x1e, 0xab, 0x04, 0xaf, 0x0a
	.byte 0x20, 0xf3, 0xe1, 0x4e, 0x01, 0x30, 0xaf, 0x06
	.byte 0x21, 0xf3, 0xe5, 0x80, 0x03, 0x31, 0x1e, 0xc4
	.byte 0x04, 0xaf, 0x0a, 0x20, 0xf3, 0xe1, 0x60, 0x01
	.byte 0x30, 0xaf, 0x06, 0x21, 0xf3, 0xe5, 0xaa, 0x03
	.byte 0x31, 0x1e, 0xdf, 0x04, 0xaf, 0x0a, 0x20, 0xf3
	.byte 0xe1, 0x66, 0x01, 0x30, 0xaf, 0x06, 0x21, 0xf3
	.byte 0xe5, 0x8a, 0x03, 0x31, 0x1e, 0xd9, 0x04, 0xaf
	.byte 0x0a, 0x20, 0xaf, 0x06, 0x21, 0x1e, 0x60, 0x07
	.byte 0xaf, 0x0a, 0x20, 0xaf, 0x06, 0x21, 0x1e, 0x0d
	.byte 0x09, 0xaf, 0x0a, 0x20, 0xaf, 0x06, 0x21, 0x1e
	.byte 0xaf, 0x09, 0xd8, 0xa8, 0x1d, 0x3b, 0xb4, 0xfd
	.byte 0xaf, 0x0a, 0x20, 0x38, 0x1d, 0xf2, 0x0a, 0xff
	.byte 0xef, 0x64, 0xdb, 0xa8, 0x5e, 0xbf, 0x0a, 0x37
	.byte 0x0e, 0xbf, 0xf2, 0x37, 0x2e, 0x1d, 0x90, 0xb4
	.byte 0xfd, 0x30, 0x18, 0x00, 0x1e, 0x81, 0x0e, 0xde
	.byte 0xa8, 0xde, 0x88, 0x1e, 0x6c, 0x0f, 0xde, 0x61
	.byte 0xde, 0xdb, 0x67, 0xf5, 0x0b, 0x50, 0x01, 0x1d
	.byte 0x80, 0x0e, 0xff, 0xef, 0x62, 0xbf, 0x08, 0x63
	.byte 0xaf, 0x08, 0x20, 0xe8, 0xe0, 0x6e, 0x06, 0x33
	.byte 0x38, 0xff, 0x78, 0x17, 0x01, 0xbf, 0x06, 0x02
	.byte 0x00, 0x00, 0xaf, 0x08, 0x20, 0x41, 0x50, 0x01
	.byte 0x00, 0x00, 0x1d, 0x74, 0x8d, 0xf8, 0xdb, 0x8e
	.byte 0xde, 0xd8, 0x69, 0x0f, 0xaf, 0x08, 0x20, 0x38
	.byte 0x1d, 0xf2, 0x0a, 0xff, 0xef, 0x64, 0xde, 0x8b
	.byte 0x78, 0xf1, 0x00, 0x9f, 0x06, 0x20, 0xe8, 0x12
	.byte 0xe8, 0x89, 0xe9, 0xee, 0x04, 0xe8, 0xa1, 0xe9
	.byte 0xee, 0x06, 0xf2, 0x00, 0xd4, 0x1e, 0x30, 0xe9
	.byte 0x80, 0xbf, 0x02, 0x60, 0xde, 0xa8, 0xde, 0x89
	.byte 0xe9, 0x12, 0xe9, 0x88, 0xe8, 0x80, 0xe9, 0x80
	.byte 0xe8, 0xee, 0x02, 0xbf, 0x0c, 0x60, 0xaf, 0x08
	.byte 0x20, 0xaf, 0x0c, 0x88, 0xe9, 0x88, 0x41, 0x1a
	.byte 0x00, 0x00, 0x00, 0x1d, 0x5c, 0x0a, 0xff, 0xeb
	.byte 0xc8, 0x14, 0x00, 0x00, 0x00, 0xaf, 0x02, 0x83
	.byte 0xaf, 0x0c, 0x20, 0xeb, 0x89, 0x1e, 0xe8, 0x01
	.byte 0xde, 0x61, 0xde, 0xcf, 0x17, 0x00, 0x67, 0xc6
	.byte 0xaf, 0x08, 0x20, 0xf3, 0xe1, 0x14, 0x01, 0x30
	.byte 0xaf, 0x02, 0x21, 0xf3, 0xe5, 0xb8, 0x02, 0x31
	.byte 0x1e, 0x8d, 0x02, 0xaf, 0x08, 0x20, 0xf3, 0xe1
	.byte 0x26, 0x01, 0x30, 0xaf, 0x02, 0x21, 0xf3, 0xe5
	.byte 0xc4, 0x02, 0x31, 0x1e, 0x6b, 0x03, 0xaf, 0x08
	.byte 0x20, 0xf3, 0xe1, 0x2e, 0x01, 0x30, 0xaf, 0x02
	.byte 0x21, 0xf3, 0xe5, 0x60, 0x03, 0x31, 0x1e, 0x84
	.byte 0x03, 0xaf, 0x08, 0x20, 0xf3, 0xe1, 0x40, 0x01
	.byte 0x30, 0xaf, 0x02, 0x21, 0xf3, 0xe5, 0x8a, 0x03
	.byte 0x31, 0x1e, 0x9f, 0x03, 0xaf, 0x08, 0x20, 0xf3
	.byte 0xe1, 0x46, 0x01, 0x30, 0xaf, 0x02, 0x21, 0xf3
	.byte 0xe5, 0x6a, 0x03, 0x31, 0x1e, 0x99, 0x03, 0xaf
	.byte 0x08, 0x20, 0xe8, 0xca, 0x20, 0x00, 0x00, 0x00
	.byte 0xaf, 0x02, 0x21, 0xe9, 0xca, 0x20, 0x00, 0x00
	.byte 0x00, 0x1e, 0x14, 0x06, 0x40, 0x80, 0xf9, 0x00
	.byte 0x00, 0xaf, 0x02, 0x21, 0x1e, 0xd5, 0x0b, 0x9f
	.byte 0x06, 0x61, 0x9f, 0x06, 0x3f, 0x18, 0x00, 0x77
	.byte 0x00, 0xff, 0xd8, 0xa8, 0x1d, 0x91, 0xb4, 0xfd
	.byte 0xaf, 0x08, 0x20, 0x38, 0x1d, 0xf2, 0x0a, 0xff
	.byte 0xef, 0x64, 0xdb, 0xa8, 0x4e, 0xbf, 0x0e, 0x37
	.byte 0x0e

FileData_LoadAndParseType3:
	lda xsp, (xsp - 16)
	push xiz
	ld (xsp + 18), a
	pushw 0x800
	call Malloc
	inc 2, xsp
	ld (xsp + 6), xhl
	ld xwa, (xsp + 6)
	or xwa, xwa
	jr nz, FileData_LoadAndParseType3_Continue
	push xwa
	call Free
	inc 4, xsp
	ldw hl, 0xFF38
	jrl LABEL_FD475F

FileData_LoadAndParseType3_Continue:
	pushw 0x800
	ld c, (xsp + 20)
	extz bc
	sla bc, 11
	lda_24 xwa, 0x0ab000
	st_dri3b W, 0x07, 0xE0, 0xE4
	push xwa
	ld xwa, (xsp + 12)
	push xwa
	call Mem_Copy
	lda xsp, (xsp + 10)
	ld xwa, (xsp + 6)
	st_dri3b W, 0xE1, 0x00, 0x01
	ld (xsp + 10), xwa
	ld a, (xsp + 18)
	extz wa
	inc 1, wa
	calr DataBuf_InitSlotFromPreset
	ld c, (xsp + 18)
	extz bc
	sla bc, 11
	lda_24 xwa, 0x0ab000
	st_dri3b W, 0x07, 0xE0, 0xE4
	ld (xsp + 14), xwa
	ld xwa, 0x2E0
	add (xsp + 14), xwa
	ldw (xsp + 4), 0x0

FileData_LoadAndParseType3_Error:
	ld wa, (xsp + 4)
	extz xwa
	ld xbc, xwa
	add xbc, xbc
	add xbc, xwa
	sll xbc, 2
	add xbc, 0x20
	ld xiz, xbc
	add xiz, (xsp + 10)
	ld xbc, 0x1A
	call Math_MultiplyAccumulate
	add xhl, 0x34
	add xhl, (xsp + 14)
	ld xwa, xiz
	ld xbc, xhl
	calr LABEL_FD4764
	incm 1, (xsp + 4)
	cpw (xsp + 4), 0x18
	jr c, FileData_LoadAndParseType3_Error
	ld xwa, (xsp + 10)
	st_dri3b W, 0xE1, 0x34, 0x01
	ld xbc, (xsp + 14)
	st_dri3b A, 0xE5, 0xD8, 0x02
	calr LABEL_FD4824
	ld xwa, (xsp + 10)
	st_dri3b W, 0xE1, 0x46, 0x01
	ld xbc, (xsp + 14)
	st_dri3b A, 0xE5, 0xE4, 0x02
	calr LABEL_FD4915
	ld xwa, (xsp + 10)
	st_dri3b W, 0xE1, 0x4E, 0x01
	ld xbc, (xsp + 14)
	st_dri3b A, 0xE5, 0x80, 0x03
	calr LABEL_FD4941
	ld xwa, (xsp + 10)
	st_dri3b W, 0xE1, 0x60, 0x01
	ld xbc, (xsp + 14)
	st_dri3b A, 0xE5, 0xAA, 0x03
	calr LABEL_FD496F
	ld xwa, (xsp + 10)
	st_dri3b W, 0xE1, 0x66, 0x01
	ld xbc, (xsp + 14)
	st_dri3b A, 0xE5, 0x8A, 0x03
	calr LABEL_FD497C
	ld xwa, (xsp + 10)
	ld xbc, (xsp + 14)
	calr LABEL_FD4C0C
	ld xwa, 0xF980
	ld xbc, (xsp + 14)
	calr DataBuf_TransferSlotBitfields
	ld xwa, (xsp + 6)
	push xwa
	call Free
	inc 4, xsp
	lds hl, 0

LABEL_FD475F:
	pop xiz
	lda xsp, (xsp + 16)
	ret

LABEL_FD4764:
	ld xde, xbc
	ld c, (xwa + 2)
	ld (xde + 2), c
	lda xix, (xwa + 6)
	ld c, (xix)
	and c, 0xF
	andmi8 (xde + 3), 0x80
	or (xde + 3), c
	ld c, (xwa + 3)
	and c, 0x7F
	andmi8 (xde + 5), 0x80
	or (xde + 5), c
	lda xiy, (xde + 6)
	lda xhl, (xwa + 4)
	ldcfm 7, (xhl)
	scc8 c, c
	and c, 0x1
	sla c, 7
	andmi8 (xiy), 0x7F
	or (xiy), c
	ldcfm 6, (xhl)
	scc8 c, c
	and c, 0x1
	sla c, 6
	andmi8 (xiy), 0xBF
	or (xiy), c
	ldcfm 3, (xhl)
	scc8 c, c
	and c, 0x1
	sla c, 3
	andmi8 (xiy), 0xF7
	or (xiy), c
	ld c, (xhl)
	and c, 0x7
	and c, 0x7
	andmi8 (xiy), 0xF8
	or (xiy), c
	lda xbc, (xde + 7)
	bitm 5, (xhl)
	jr z, LABEL_FD47DB
	ld l, (xbc)
	and l, 0x80
	or l, 0x50
	ld (xbc), l
	jr LABEL_FD47DE

LABEL_FD47DB:
	andmi8 (xbc), 0x80

LABEL_FD47DE:
	lda xhl, (xde + 9)
	bitm 7, (xwa + 5)
	jr z, LABEL_FD47F2
	ld c, (xhl)
	and c, 0x80
	or c, 0x5A
	ld (xhl), c
	jr LABEL_FD47F5

LABEL_FD47F2:
	andmi8 (xhl), 0x80

LABEL_FD47F5:
	ldcfm 5, (xwa + 9)
	stcfm 5, (xde + 14)
	lda xiy, (xde + 16)
	lda xhl, (xwa + 8)
	ld c, (xhl)
	res 7, c
	res 7, c
	andmi8 (xiy), 0x80
	or (xiy), c
	ldcfm 7, (xhl)
	stcfm 7, (xiy)
	ld a, (xwa + 11)
	ld (xde + 17), a
	lda xwa, (xde + 15)
	ldcfm 6, (xix)
	stcfm 6, (xwa)
	ldcfm 5, (xix)
	stcfm 5, (xwa)
	ret

LABEL_FD4824:
	ld xde, xbc
	ld c, (xwa + 2)
	ld (xde + 2), c
	lda xiy, (xwa + 12)
	ld c, (xiy)
	and c, 0xF
	andmi8 (xde + 3), 0x80
	or (xde + 3), c
	lda xix, (xde + 5)
	lda xhl, (xwa + 4)
	ld c, (xhl)
	and c, 0x3
	and c, 0x7
	andmi8 (xix), 0xF8
	or (xix), c
	ldcfm 2, (xhl)
	stcfm 3, (xix)
	lda xix, (xde + 6)
	lda xhl, (xwa + 6)
	ld c, (xhl)
	and c, 0x3
	and c, 0x7
	andmi8 (xix), 0xF8
	or (xix), c
	ldcfm 6, (xhl)
	stcfm 6, (xix)
	lda xix, (xde + 7)
	lda xhl, (xwa + 7)
	ldcfm 0, (xhl)
	scc8 c, c
	and c, 0x1
	andmi8 (xix), 0xFE
	or (xix), c
	ldcfm 1, (xhl)
	scc8 c, c
	and c, 0x1
	sla c, 1
	andmi8 (xix), 0xFD
	or (xix), c
	ldcfm 2, (xhl)
	scc8 c, c
	and c, 0x1
	sla c, 2
	andmi8 (xix), 0xFB
	or (xix), c
	ldcfm 3, (xhl)
	scc8 c, c
	and c, 0x1
	sla c, 3
	andmi8 (xix), 0xF7
	or (xix), c
	ldcfm 4, (xhl)
	scc8 c, c
	and c, 0x1
	sla c, 4
	andmi8 (xix), 0xEF
	or (xix), c
	ldcfm 5, (xhl)
	scc8 c, c
	and c, 0x1
	sla c, 5
	andmi8 (xix), 0xDF
	or (xix), c
	ldcfm 6, (xhl)
	scc8 c, c
	and c, 0x1
	sla c, 6
	andmi8 (xix), 0xBF
	or (xix), c
	ldcfm 7, (xhl)
	stcfm 7, (xix)
	lda xbc, (xde + 9)
	bitm 4, (xiy)
	jr z, LABEL_FD48EC
	ld l, (xbc)
	and l, 0xCF
	set 5, l
	ld (xbc), l
	jr LABEL_FD48EF

LABEL_FD48EC:
	andmi8 (xbc), 0xCF

LABEL_FD48EF:
	ldcfm 0, (xwa + 15)
	scc8 c, h
	lda xbc, (xwa + 14)
	ld l, (xbc)
	ld a, l
	add a, l
	add a, h
	ld (xde + 10), a
	ld a, (xbc)
	srl a, 7
	and a, 0x1
	and a, 0x1
	andmi8 (xde + 11), 0xFE
	or (xde + 11), a
	ret

LABEL_FD4915:
	ld xde, xbc
	lda xix, (xde + 2)
	lda xhl, (xwa + 2)
	ldcfm 0, (xhl)
	scc8 c, c
	and c, 0x1
	andmi8 (xix), 0xFE
	or (xix), c
	ldcfm 1, (xhl)
	stcfm 1, (xix)
	ldcfm 1, (xwa + 3)
	stcfm 1, (xde + 3)
	lda xbc, (xde + 5)
	inc 7, xwa
	ldcfm 0, (xwa)
	stcfm 0, (xbc)
	ldcfm 1, (xwa)
	stcfm 1, (xbc)
	ret

LABEL_FD4941:
	ld e, (xwa + 2)
	and e, 0x3
	andmi8 (xbc + 2), 0xFC
	or (xbc + 2), e
	ld e, (xwa + 3)
	ld (xbc + 4), e
	ld e, (xwa + 5)
	and e, 0xF
	andmi8 (xbc + 6), 0xF0
	or (xbc + 6), e
	ld a, (xwa + 17)
	res 7, a
	andmi8 (xbc + 3), 0x80
	or (xbc + 3), a
	ret

LABEL_FD496F:
	inc 2, xbc
	inc 2, xwa
	ldcfm 1, (xwa)
	stcfm 1, (xbc)
	ldcfm 0, (xwa)
	stcfm 0, (xbc)
	ret

LABEL_FD497C:
	ld e, (xwa + 2)
	and e, 0x7F
	andmi8 (xbc + 10), 0x80
	or (xbc + 10), e
	ld e, (xwa + 3)
	and e, 0x7F
	andmi8 (xbc + 11), 0x80
	or (xbc + 11), e
	ld e, (xwa + 4)
	and e, 0x7F
	andmi8 (xbc + 12), 0x80
	or (xbc + 12), e
	ld e, (xwa + 5)
	ld (xbc + 2), e
	ld e, (xwa + 6)
	and e, 0x7F
	andmi8 (xbc + 5), 0x80
	or (xbc + 5), e
	ldcfm 6, (xwa + 7)
	stcfm 6, (xbc + 6)
	ret

LABEL_FD49BD:
	.byte 0xb9, 0x0f, 0x32, 0x80, 0x27, 0xcf, 0xcc, 0x0f
	.byte 0x82, 0x3c, 0xf0, 0x82, 0xef, 0xb0, 0x9d, 0xb2
	.byte 0xa5, 0xb0, 0x9e, 0xb2, 0xa6, 0xb0, 0x9e, 0xb2
	.byte 0xa7, 0x88, 0x01, 0x21, 0xc9, 0xcc, 0x07, 0x89
	.byte 0x0e, 0x3c, 0xf8, 0x89, 0x0e, 0xe9, 0x0e, 0xe8
	.byte 0x8a, 0xb9, 0x02, 0x34, 0xba, 0x02, 0x33, 0x83
	.byte 0x21, 0xc9, 0xcc, 0x03, 0xc9, 0xcc, 0x03, 0x84
	.byte 0x3c, 0xfc, 0x84, 0xe9, 0xb3, 0x9a, 0xc9, 0x77
	.byte 0xc9, 0xcc, 0x01, 0xc9, 0xec, 0x02, 0x84, 0x3c
	.byte 0xfb, 0x84, 0xe9, 0xb3, 0x9b, 0xc9, 0x77, 0xc9
	.byte 0xcc, 0x01, 0xc9, 0xec, 0x03, 0x84, 0x3c, 0xf7
	.byte 0x84, 0xe9, 0xb3, 0x9c, 0xc9, 0x77, 0xc9, 0xcc
	.byte 0x01, 0xc9, 0xec, 0x04, 0x84, 0x3c, 0xef, 0x84
	.byte 0xe9, 0xb3, 0x9d, 0xc9, 0x77, 0xc9, 0xcc, 0x01
	.byte 0xc9, 0xec, 0x05, 0x84, 0x3c, 0xdf, 0x84, 0xe9
	.byte 0xb3, 0x9e, 0xb4, 0xa6, 0xba, 0x03, 0x9b, 0xb9
	.byte 0x03, 0xa3, 0xb9, 0x04, 0x34, 0xba, 0x04, 0x33
	.byte 0xb3, 0x9a, 0xc9, 0x77, 0xc9, 0xcc, 0x01, 0xc9
	.byte 0xec, 0x02, 0x84, 0x3c, 0xfb, 0x84, 0xe9, 0x83
	.byte 0x21, 0xc9, 0xcc, 0x18, 0x84, 0x3c, 0xe7, 0x84
	.byte 0xe9, 0xb9, 0x05, 0x34, 0xba, 0x05, 0x33, 0xb3
	.byte 0x98, 0xc9, 0x77, 0xc9, 0xcc, 0x01, 0x84, 0x3c
	.byte 0xfe, 0x84, 0xe9, 0xb3, 0x9a, 0xc9, 0x77, 0xc9
	.byte 0xcc, 0x01, 0xc9, 0xec, 0x02, 0x84, 0x3c, 0xfb
	.byte 0x84, 0xe9, 0xb3, 0x9e, 0xc9, 0x77, 0xc9, 0xcc
	.byte 0x01, 0xc9, 0xec, 0x06, 0x84, 0x3c, 0xbf, 0x84
	.byte 0xe9, 0xb3, 0x9f, 0xb4, 0xa7, 0xb9, 0x07, 0x34
	.byte 0xba, 0x07, 0x33, 0x83, 0x21, 0xc9, 0xcc, 0x0f
	.byte 0xc9, 0xcc, 0x0f, 0x84, 0x3c, 0xf0, 0x84, 0xe9
	.byte 0xb3, 0x9c, 0xc9, 0x77, 0xc9, 0xcc, 0x01, 0xc9
	.byte 0xec, 0x04, 0x84, 0x3c, 0xef, 0x84, 0xe9, 0xb3
	.byte 0x9d, 0xb4, 0xa5, 0xb9, 0x08, 0x34, 0xba, 0x08
	.byte 0x33, 0xb3, 0x98, 0xc9, 0x77, 0xc9, 0xcc, 0x01
	.byte 0x84, 0x3c, 0xfe, 0x84, 0xe9, 0xb3, 0x99, 0xc9
	.byte 0x77, 0xc9, 0xcc, 0x01, 0xc9, 0xec, 0x01, 0x84
	.byte 0x3c, 0xfd, 0x84, 0xe9, 0xb3, 0x9a, 0xc9, 0x77
	.byte 0xc9, 0xcc, 0x01, 0xc9, 0xec, 0x02, 0x84, 0x3c
	.byte 0xfb, 0x84, 0xe9, 0xb3, 0x9b, 0xc9, 0x77, 0xc9
	.byte 0xcc, 0x01, 0xc9, 0xec, 0x03, 0x84, 0x3c, 0xf7
	.byte 0x84, 0xe9, 0xb3, 0x9c, 0xc9, 0x77, 0xc9, 0xcc
	.byte 0x01, 0xc9, 0xec, 0x04, 0x84, 0x3c, 0xef, 0x84
	.byte 0xe9, 0xb3, 0x9d, 0xc9, 0x77, 0xc9, 0xcc, 0x01
	.byte 0xc9, 0xec, 0x05, 0x84, 0x3c, 0xdf, 0x84, 0xe9
	.byte 0xb3, 0x9e, 0xc9, 0x77, 0xc9, 0xcc, 0x01, 0xc9
	.byte 0xec, 0x06, 0x84, 0x3c, 0xbf, 0x84, 0xe9, 0xb3
	.byte 0x9f, 0xb4, 0xa7, 0xb9, 0x09, 0x34, 0xba, 0x09
	.byte 0x33, 0xb3, 0x98, 0xc9, 0x77, 0xc9, 0xcc, 0x01
	.byte 0x84, 0x3c, 0xfe, 0x84, 0xe9, 0xb3, 0x99, 0xc9
	.byte 0x77, 0xc9, 0xcc, 0x01, 0xc9, 0xec, 0x01, 0x84
	.byte 0x3c, 0xfd, 0x84, 0xe9, 0xb3, 0x9a, 0xc9, 0x77
	.byte 0xc9, 0xcc, 0x01, 0xc9, 0xec, 0x02, 0x84, 0x3c
	.byte 0xfb, 0x84, 0xe9, 0xb3, 0x9b, 0xc9, 0x77, 0xc9
	.byte 0xcc, 0x01, 0xc9, 0xec, 0x03, 0x84, 0x3c, 0xf7
	.byte 0x84, 0xe9, 0xb3, 0x9c, 0xc9, 0x77, 0xc9, 0xcc
	.byte 0x01, 0xc9, 0xec, 0x04, 0x84, 0x3c, 0xef, 0x84
	.byte 0xe9, 0xb3, 0x9d, 0xc9, 0x77, 0xc9, 0xcc, 0x01
	.byte 0xc9, 0xec, 0x05, 0x84, 0x3c, 0xdf, 0x84, 0xe9
	.byte 0xb3, 0x9e, 0xc9, 0x77, 0xc9, 0xcc, 0x01, 0xc9
	.byte 0xec, 0x06, 0x84, 0x3c, 0xbf, 0x84, 0xe9, 0xb3
	.byte 0x9f, 0xb4, 0xa7, 0xb9, 0x0a, 0x34, 0xba, 0x0a
	.byte 0x33, 0xb3, 0x98, 0xc9, 0x77, 0xc9, 0xcc, 0x01
	.byte 0x84, 0x3c, 0xfe, 0x84, 0xe9, 0xb3, 0x99, 0xc9
	.byte 0x77, 0xc9, 0xcc, 0x01, 0xc9, 0xec, 0x01, 0x84
	.byte 0x3c, 0xfd, 0x84, 0xe9, 0xb3, 0x9a, 0xc9, 0x77
	.byte 0xc9, 0xcc, 0x01, 0xc9, 0xec, 0x02, 0x84, 0x3c
	.byte 0xfb, 0x84, 0xe9, 0xb3, 0x9b, 0xc9, 0x77, 0xc9
	.byte 0xcc, 0x01, 0xc9, 0xec, 0x03, 0x84, 0x3c, 0xf7
	.byte 0x84, 0xe9, 0xb3, 0x9c, 0xc9, 0x77, 0xc9, 0xcc
	.byte 0x01, 0xc9, 0xec, 0x04, 0x84, 0x3c, 0xef, 0x84
	.byte 0xe9, 0xb3, 0x9d, 0xc9, 0x77, 0xc9, 0xcc, 0x01
	.byte 0xc9, 0xec, 0x05, 0x84, 0x3c, 0xdf, 0x84, 0xe9
	.byte 0xb3, 0x9f, 0xb4, 0xa7, 0xb9, 0x0b, 0x31, 0xba
	.byte 0x0b, 0x30, 0xb0, 0x98, 0xb1, 0xa0, 0xb0, 0x9d
	.byte 0xb1, 0xa5, 0xb0, 0x9e, 0xb1, 0xa6, 0x0e

LABEL_FD4C0C:
	lda xsp, (xsp - 10)
	push xiz
	ld (xsp + 6), xbc
	ld (xsp + 10), xwa
	ld xwa, (xsp + 10)
	ldcf_dri 7, 0xE1, 0x53, 0x01
	scc8 c, c
	ld xde, (xsp + 6)
	and c, 0x1
	sla c, 7
	and_srib_im 0xE9, 0xEF, 0x02, 0x7F
	or_srib_mr C, 0xE9, 0xEF, 0x02
	ld_srib A, (xwa + 0x0155)
	and a, 0xF
	extz wa
	lda_24 xbc, 0xee159c
	ld_srib3 C, 0x07, 0xE4, 0xE0
	extz bc
	st_dri3b B, 0xE9, 0xF4, 0x02
	ld xwa, 0x4900
	call DSPCfg_WriteParamSimple
	cps hl, 0
	jr lt, LABEL_FD4CD7
	ld xbc, (xsp + 6)
	ld_srib A, (xbc + 0x02f3)
	dec 1, a
	extz wa
	pushw wa
	pushw 0x0
	st_dri3b W, 0xE5, 0xF5, 0x02
	push xwa
	call Memset
	inc 8, xsp
	ldada xbc, 64628
	ld a, (xbc)
	ld (xsp + 4), a
	ld xwa, (xsp + 6)
	ld_srib A, (xwa + 0x02f4)
	ld (xbc), a
	ld xwa, 0x4904
	call DSPCfg_ReadParam_Map0
	ldfr_werp HL, 0xFA
	cpi_werp 0xFA, 0
	jr lt, LABEL_FD4CD0
	lds iz, 0
	cpi_werp 0xFA, 0
	jr le, LABEL_FD4CD0

LABEL_FD4CA3:
	ld wa, iz
	exts xwa
	add xwa, 0x4910
	call DSPCfg_ReadParam_Map1
	ld bc, hl
	ld wa, iz
	exts xwa
	add xwa, 0x4910
	ld xde, (xsp + 6)
	st_dri3b B, 0xE9, 0xF4, 0x02
	call DSPCfg_WriteParamSimple
	inc 1, iz
	cp_werp IZ, 0xFA
	jr lt, LABEL_FD4CA3

LABEL_FD4CD0:
	ld a, (xsp + 4)
	stda8 64628, a

LABEL_FD4CD7:
	ld xwa, (xsp + 10)
	ld_srib A, (xwa + 0x0152)
	srl a, 4
	extz wa
	lda_24 xbc, 0xee15ac
	ld_srib3 C, 0x07, 0xE4, 0xE0
	extz bc
	ld xwa, (xsp + 6)
	st_dri3b B, 0xE1, 0x0E, 0x03
	ld xwa, 0x4B00
	call DSPCfg_WriteParamSimple
	cps hl, 0
	jrl lt, LABEL_FD4DBD
	ld xbc, (xsp + 6)
	ld_srib A, (xbc + 0x030d)
	dec 1, a
	extz wa
	pushw wa
	pushw 0x0
	st_dri3b W, 0xE5, 0x0F, 0x03
	push xwa
	call Memset
	inc 8, xsp
	ldada xbc, 64654
	ld a, (xbc)
	ld (xsp + 4), a
	ld xwa, (xsp + 6)
	ld_srib A, (xwa + 0x030e)
	ld (xbc), a
	ld xwa, 0x4B04
	call DSPCfg_ReadParam_Map0
	ldfr_werp HL, 0xFA
	cpi_werp 0xFA, 0
	jr lt, LABEL_FD4DB6
	lds iz, 0
	cpi_werp 0xFA, 0
	jr le, LABEL_FD4DB6

LABEL_FD4D4D:
	ld wa, iz
	exts xwa
	add xwa, 0x4B10
	call DSPCfg_ResolveAndExtract
	ld wa, iz
	exts xwa
	add xwa, 0x4B10
	cps hl, 1
	jr z, LABEL_FD4D6D
	cps hl, 2
	jr nz, LABEL_FD4D93

LABEL_FD4D6D:
	ld xbc, (xsp + 10)
	ld_srib C, (xbc + 0x0152)
	and c, 0xF
	srl c, 1
	extz bc
	lda_24 xde, 0xee15bc
	ld_srib3 C, 0x07, 0xE8, 0xE4
	extz bc
	ld xde, (xsp + 6)
	st_dri3b B, 0xE9, 0x0E, 0x03
	jr LABEL_FD4DAB

LABEL_FD4D93:
	call DSPCfg_ReadParam_Map1
	ld bc, hl
	ld wa, iz
	exts xwa
	add xwa, 0x4B10
	ld xde, (xsp + 6)
	st_dri3b B, 0xE9, 0x0E, 0x03

LABEL_FD4DAB:
	call DSPCfg_WriteParamSimple
	inc 1, iz
	cp_werp IZ, 0xFA
	jr lt, LABEL_FD4D4D

LABEL_FD4DB6:
	ld a, (xsp + 4)
	stda8 64654, a

LABEL_FD4DBD:
	pop xiz
	lda xsp, (xsp + 10)
	ret

LABEL_FD4DC2:
	.byte 0xe8, 0x8a, 0xf3, 0xe9, 0x75, 0x01, 0x33, 0x83
	.byte 0x21, 0xc9, 0xcc, 0x07, 0x66, 0x13, 0x83, 0x21
	.byte 0xc9, 0xee, 0x04, 0xc9, 0xcc, 0x30, 0xc3, 0xe5
	.byte 0xe1, 0x02, 0x3c, 0xcf, 0xc3, 0xe5, 0xe1, 0x02
	.byte 0xe9, 0xf3, 0xe9, 0xee, 0x03, 0x30, 0xe8, 0x8b
	.byte 0xb9, 0x40, 0x34, 0xb8, 0x10, 0x35, 0x8b, 0xdc
	.byte 0x21, 0xc9, 0x30, 0x07, 0x8c, 0xfe, 0x3c, 0x80
	.byte 0x8c, 0xfe, 0xe9, 0x8b, 0xee, 0x21, 0xc9, 0x30
	.byte 0x07, 0x8c, 0x01, 0x3c, 0x80, 0x8c, 0x01, 0xe9
	.byte 0x8b, 0x12, 0x21, 0xc9, 0x30, 0x07, 0x8c, 0xff
	.byte 0x3c, 0x80, 0x8c, 0xff, 0xe9, 0xc5, 0xec, 0x21
	.byte 0xb4, 0x41, 0xbc, 0x1a, 0x34, 0xed, 0xf3, 0x67
	.byte 0xcd, 0xc3, 0xe9, 0x85, 0x01, 0x21, 0xd8, 0x12
	.byte 0xf2, 0xcc, 0x15, 0xee, 0x33, 0xc3, 0x07, 0xec
	.byte 0xe0, 0x21, 0xf3, 0xe5, 0xb4, 0x03, 0x41, 0xc3
	.byte 0xe9, 0x86, 0x01, 0x21, 0xd8, 0x12, 0xc3, 0x07
	.byte 0xec, 0xe0, 0x21, 0xf3, 0xe5, 0xb5, 0x03, 0x41
	.byte 0xc3, 0xe9, 0x8a, 0x01, 0x21, 0xd8, 0x12, 0xc3
	.byte 0x07, 0xec, 0xe0, 0x21, 0xf3, 0xe5, 0xca, 0x03
	.byte 0x41, 0xc3, 0xe9, 0x8b, 0x01, 0x21, 0xd8, 0x12
	.byte 0xc3, 0x07, 0xec, 0xe0, 0x21, 0xf3, 0xe5, 0xc9
	.byte 0x03, 0x41, 0x0e, 0xe8, 0x8a, 0xf3, 0xe9, 0x73
	.byte 0x01, 0x30, 0x80, 0x27, 0xcf, 0xcc, 0x1f, 0xc3
	.byte 0xe5, 0x17, 0x04, 0x3c, 0x80, 0xc3, 0xe5, 0x17
	.byte 0x04, 0xef, 0xb0, 0x9e, 0xf3, 0xe5, 0x16, 0x04
	.byte 0xa6, 0xf3, 0xe5, 0x19, 0x04, 0x34, 0xf3, 0xe9
	.byte 0x75, 0x01, 0x33, 0x83, 0x21, 0xc9, 0xcc, 0x70
	.byte 0xc9, 0xef, 0x04, 0xc9, 0xcc, 0x07, 0xc9, 0xec
	.byte 0x04, 0x84, 0x3c, 0x8f, 0x84, 0xe9, 0x83, 0x21
	.byte 0xc9, 0xcc, 0x07, 0x66, 0x02, 0xb4, 0xb8, 0xc3
	.byte 0xe9, 0x76, 0x01, 0x21, 0xc9, 0xcc, 0x7f, 0xc3
	.byte 0xe5, 0x1a, 0x04, 0x3c, 0x80, 0xc3, 0xe5, 0x1a
	.byte 0x04, 0xe9, 0xc3, 0xe9, 0x00, 0x02, 0x21, 0xf3
	.byte 0xe5, 0x2a, 0x04, 0x41, 0xc3, 0xe9, 0x01, 0x02
	.byte 0x21, 0xf3, 0xe5, 0x2c, 0x04, 0x41, 0xc3, 0xe9
	.byte 0x0e, 0x02, 0x21, 0xc9, 0xcc, 0x0f, 0xc3, 0xe5
	.byte 0x36, 0x04, 0x3c, 0xf0, 0xc3, 0xe5, 0x36, 0x04
	.byte 0xe9, 0xc3, 0xe9, 0x10, 0x02, 0x21, 0xc9, 0xcc
	.byte 0x0f, 0xc3, 0xe5, 0x3a, 0x04, 0x3c, 0xf0, 0xc3
	.byte 0xe5, 0x3a, 0x04, 0xe9, 0xc3, 0xe9, 0x04, 0x02
	.byte 0x21, 0xc9, 0xcc, 0x0f, 0xc3, 0xe5, 0x3f, 0x04
	.byte 0x3c, 0xf0, 0xc3, 0xe5, 0x3f, 0x04, 0xe9, 0xf3
	.byte 0xe5, 0x40, 0x04, 0x34, 0xf3, 0xe9, 0x05, 0x02
	.byte 0x33, 0x83, 0x21, 0xc9, 0xef, 0x04, 0xc9, 0xcc
	.byte 0x0f, 0xc9, 0xec, 0x04, 0x84, 0x3c, 0x0f, 0x84
	.byte 0xe9, 0x83, 0x21, 0xc9, 0xcc, 0x0f, 0x84, 0x3c
	.byte 0xf0, 0x84, 0xe9, 0xf3, 0xe5, 0x41, 0x04, 0x34
	.byte 0xf3, 0xe9, 0x06, 0x02, 0x33, 0x83, 0x21, 0xc9
	.byte 0xef, 0x04, 0xc9, 0xcc, 0x0f, 0xc9, 0xec, 0x04
	.byte 0x84, 0x3c, 0x0f, 0x84, 0xe9, 0x83, 0x21, 0xc9
	.byte 0xcc, 0x0f, 0x84, 0x3c, 0xf0, 0x84, 0xe9, 0xf3
	.byte 0xe5, 0x42, 0x04, 0x34, 0xf3, 0xe9, 0x07, 0x02
	.byte 0x33, 0x83, 0x21, 0xc9, 0xef, 0x04, 0xc9, 0xcc
	.byte 0x0f, 0xc9, 0xec, 0x04, 0x84, 0x3c, 0x0f, 0x84
	.byte 0xe9, 0x83, 0x21, 0xc9, 0xcc, 0x0f, 0x84, 0x3c
	.byte 0xf0, 0x84, 0xe9, 0xf3, 0xe5, 0x43, 0x04, 0x34
	.byte 0xf3, 0xe9, 0x08, 0x02, 0x33, 0x83, 0x21, 0xc9
	.byte 0xef, 0x04, 0xc9, 0xcc, 0x0f, 0xc9, 0xec, 0x04
	.byte 0x84, 0x3c, 0x0f, 0x84, 0xe9, 0x83, 0x21, 0xc9
	.byte 0xcc, 0x0f, 0x84, 0x3c, 0xf0, 0x84, 0xe9, 0xf3
	.byte 0xe5, 0x44, 0x04, 0x34, 0xf3, 0xe9, 0x09, 0x02
	.byte 0x33, 0x83, 0x21, 0xc9, 0xef, 0x04, 0xc9, 0xcc
	.byte 0x0f, 0xc9, 0xec, 0x04, 0x84, 0x3c, 0x0f, 0x84
	.byte 0xe9, 0x83, 0x21, 0xc9, 0xcc, 0x0f, 0x84, 0x3c
	.byte 0xf0, 0x84, 0xe9, 0xf3, 0xe5, 0x45, 0x04, 0x34
	.byte 0xf3, 0xe9, 0x0a, 0x02, 0x33, 0x83, 0x21, 0xc9
	.byte 0xef, 0x04, 0xc9, 0xcc, 0x0f, 0xc9, 0xec, 0x04
	.byte 0x84, 0x3c, 0x0f, 0x84, 0xe9, 0x83, 0x21, 0xc9
	.byte 0xcc, 0x0f, 0x84, 0x3c, 0xf0, 0x84, 0xe9, 0xf3
	.byte 0xe5, 0x46, 0x04, 0x34, 0xf3, 0xe9, 0x0b, 0x02
	.byte 0x33, 0x83, 0x21, 0xc9, 0xef, 0x04, 0xc9, 0xcc
	.byte 0x0f, 0xc9, 0xec, 0x04, 0x84, 0x3c, 0x0f, 0x84
	.byte 0xe9, 0x83, 0x21, 0xc9, 0xcc, 0x0f, 0x84, 0x3c
	.byte 0xf0, 0x84, 0xe9, 0xf3, 0xe5, 0x47, 0x04, 0x34
	.byte 0xf3, 0xe9, 0x0c, 0x02, 0x33, 0x83, 0x21, 0xc9
	.byte 0xef, 0x04, 0xc9, 0xcc, 0x0f, 0xc9, 0xec, 0x04
	.byte 0x84, 0x3c, 0x0f, 0x84, 0xe9, 0x83, 0x21, 0xc9
	.byte 0xcc, 0x0f, 0x84, 0x3c, 0xf0, 0x84, 0xe9, 0xf3
	.byte 0xe5, 0x48, 0x04, 0x34, 0xf3, 0xe9, 0x0d, 0x02
	.byte 0x33, 0x83, 0x21, 0xc9, 0xef, 0x04, 0xc9, 0xcc
	.byte 0x0f, 0xc9, 0xec, 0x04, 0x84, 0x3c, 0x0f, 0x84
	.byte 0xe9, 0x83, 0x21, 0xc9, 0xcc, 0x0f, 0x84, 0x3c
	.byte 0xf0, 0x84, 0xe9, 0xf3, 0xe5, 0x49, 0x04, 0x34
	.byte 0xf3, 0xe9, 0x11, 0x02, 0x33, 0x83, 0x21, 0xc9
	.byte 0xef, 0x04, 0xc9, 0xcc, 0x0f, 0xc9, 0xec, 0x04
	.byte 0x84, 0x3c, 0x0f, 0x84, 0xe9, 0x83, 0x21, 0xc9
	.byte 0xcc, 0x0f, 0x84, 0x3c, 0xf0, 0x84, 0xe9, 0xf3
	.byte 0xe5, 0x4a, 0x04, 0x34, 0xf3, 0xe9, 0x12, 0x02
	.byte 0x33, 0x83, 0x21, 0xc9, 0xef, 0x04, 0xc9, 0xcc
	.byte 0x0f, 0xc9, 0xec, 0x04, 0x84, 0x3c, 0x0f, 0x84
	.byte 0xe9, 0x83, 0x21, 0xc9, 0xcc, 0x0f, 0x84, 0x3c
	.byte 0xf0, 0x84, 0xe9, 0xf3, 0xe5, 0x4b, 0x04, 0x34
	.byte 0xf3, 0xe9, 0x13, 0x02, 0x33, 0x83, 0x21, 0xc9
	.byte 0xef, 0x04, 0xc9, 0xcc, 0x0f, 0xc9, 0xec, 0x04
	.byte 0x84, 0x3c, 0x0f, 0x84, 0xe9, 0x83, 0x21, 0xc9
	.byte 0xcc, 0x0f, 0x84, 0x3c, 0xf0, 0x84, 0xe9, 0xf3
	.byte 0xe5, 0x4c, 0x04, 0x34, 0xf3, 0xe9, 0x14, 0x02
	.byte 0x33, 0x83, 0x21, 0xc9, 0xef, 0x04, 0xc9, 0xcc
	.byte 0x0f, 0xc9, 0xec, 0x04, 0x84, 0x3c, 0x0f, 0x84
	.byte 0xe9, 0x83, 0x21, 0xc9, 0xcc, 0x0f, 0x84, 0x3c
	.byte 0xf0, 0x84, 0xe9, 0xf3, 0xe5, 0x4d, 0x04, 0x34
	.byte 0xf3, 0xe9, 0x15, 0x02, 0x33, 0x83, 0x21, 0xc9
	.byte 0xef, 0x04, 0xc9, 0xcc, 0x0f, 0xc9, 0xec, 0x04
	.byte 0x84, 0x3c, 0x0f, 0x84, 0xe9, 0x83, 0x21, 0xc9
	.byte 0xcc, 0x0f, 0x84, 0x3c, 0xf0, 0x84, 0xe9, 0xf3
	.byte 0xe5, 0x4e, 0x04, 0x34, 0xf3, 0xe9, 0x16, 0x02
	.byte 0x33, 0x83, 0x21, 0xc9, 0xef, 0x04, 0xc9, 0xcc
	.byte 0x0f, 0xc9, 0xec, 0x04, 0x84, 0x3c, 0x0f, 0x84
	.byte 0xe9, 0x83, 0x21, 0xc9, 0xcc, 0x0f, 0x84, 0x3c
	.byte 0xf0, 0x84, 0xe9, 0xf3, 0xe9, 0x97, 0x01, 0x9f
	.byte 0xf3, 0xe5, 0x2d, 0x04, 0xa2, 0xc3, 0xe9, 0x20
	.byte 0x04, 0x21, 0xf3, 0xe5, 0x28, 0x06, 0x41, 0xc3
	.byte 0xe9, 0x21, 0x04, 0x21, 0xf3, 0xe5, 0x29, 0x06
	.byte 0x41, 0xc3, 0xe9, 0x22, 0x04, 0x21, 0xf3, 0xe5
	.byte 0x2a, 0x06, 0x41, 0xc3, 0xe9, 0x23, 0x04, 0x21
	.byte 0xf3, 0xe5, 0x2b, 0x06, 0x41, 0xc3, 0xe9, 0x24
	.byte 0x04, 0x21, 0xf3, 0xe5, 0x2c, 0x06, 0x41, 0xc3
	.byte 0xe9, 0x25, 0x04, 0x21, 0xf3, 0xe5, 0x2d, 0x06
	.byte 0x41, 0xc3, 0xe9, 0x26, 0x04, 0x21, 0xf3, 0xe5
	.byte 0x2e, 0x06, 0x41, 0xc3, 0xe9, 0x27, 0x04, 0x21
	.byte 0xf3, 0xe5, 0x2f, 0x06, 0x41, 0xc3, 0xe9, 0x28
	.byte 0x04, 0x21, 0xf3, 0xe5, 0x30, 0x06, 0x41, 0xc3
	.byte 0xe9, 0x29, 0x04, 0x21, 0xf3, 0xe5, 0x31, 0x06
	.byte 0x41, 0xc3, 0xe9, 0x2a, 0x04, 0x21, 0xf3, 0xe5
	.byte 0x32, 0x06, 0x41, 0xc3, 0xe9, 0x2b, 0x04, 0x21
	.byte 0xf3, 0xe5, 0x33, 0x06, 0x41, 0xc3, 0xe9, 0x2c
	.byte 0x04, 0x21, 0xf3, 0xe5, 0x34, 0x06, 0x41, 0xc3
	.byte 0xe9, 0x2d, 0x04, 0x21, 0xf3, 0xe5, 0x35, 0x06
	.byte 0x41, 0xc3, 0xe9, 0x2e, 0x04, 0x21, 0xf3, 0xe5
	.byte 0x36, 0x06, 0x41, 0xc3, 0xe9, 0x2f, 0x04, 0x21
	.byte 0xf3, 0xe5, 0x37, 0x06, 0x41, 0x0e, 0xc3, 0xe1
	.byte 0xe1, 0x02, 0x25, 0xcd, 0xcc, 0x30, 0xc3, 0xe5
	.byte 0xc1, 0x02, 0x3c, 0xcf, 0xc3, 0xe5, 0xc1, 0x02
	.byte 0xed, 0xb8, 0x40, 0x32, 0xea, 0x88, 0xb9, 0x20
	.byte 0x31, 0xf3, 0xe9, 0xa0, 0x01, 0x32, 0x88, 0xfe
	.byte 0x27, 0xcf, 0xcc, 0x7f, 0x89, 0xfe, 0x3c, 0x80
	.byte 0x89, 0xfe, 0xef, 0x88, 0x01, 0x27, 0xcf, 0xcc
	.byte 0x7f, 0x89, 0x01, 0x3c, 0x80, 0x89, 0x01, 0xef
	.byte 0x88, 0xff, 0x27, 0xcf, 0xcc, 0x7f, 0x89, 0xff
	.byte 0x3c, 0x80, 0x89, 0xff, 0xef, 0x80, 0x27, 0xb1
	.byte 0x47, 0xb9, 0x1a, 0x31, 0xb8, 0x1a, 0x30, 0xea
	.byte 0xf0, 0x67, 0xcb, 0x0e

DataBuf_TransferSlotBitfields:
	ld xde, xbc
	ld_srib C, (xwa + 0x02e1)
	and c, 0x30
	and_srib_im 0xE9, 0xE1, 0x02, 0xCF
	or_srib_mr C, 0xE9, 0xE1, 0x02
	lda xbc, (xwa + 64)
	ld xhl, xbc
	lda xix, (xde + 64)
	st_dri3b E, 0xE5, 0xA0, 0x01

DataBuf_TransferSlotBitfields_Loop:
	ld c, (xhl - 2)
	res 7, c
	res 7, c
	andmi8 (xix - 2), 0x80
	or (xix - 2), c
	ld c, (xhl + 1)
	res 7, c
	res 7, c
	andmi8 (xix + 1), 0x80
	or (xix + 1), c
	ld c, (xhl - 1)
	res 7, c
	res 7, c
	andmi8 (xix - 1), 0x80
	or (xix - 1), c
	ld c, (xhl)
	ld (xix), c
	lda xix, (xix + 26)
	lda xhl, (xhl + 26)
	cp xhl, xiy
	jr c, DataBuf_TransferSlotBitfields_Loop
	ld_srib A, (xwa + 0x0417)
	and a, 0x7F
	and_srib_im 0xE9, 0x17, 0x04, 0x80
	or_srib_mr A, 0xE9, 0x17, 0x04
	ret

DataBuf_CheckFormatPair:
	; --- Multi-branch lookup: C=(XWA+4), check pairs, return HL=1/2/3/0xFFFF (52 bytes) ---
	ld c, (xwa+4)
	inc 5, xwa
	cp c, 0x4d
	jr nz, DataBuf_CheckFormatPair_NotM34
	ld e, (xwa)
	cp e, 0x34
	jr nz, DataBuf_CheckFormatPair_NotM34
	lds	hl, 1
	ret
DataBuf_CheckFormatPair_NotM34:
	ld a, (xwa)
	cp c, 0x4d
	jr nz, DataBuf_CheckFormatPair_NotM36
	cp a, 0x36
	jr nz, DataBuf_CheckFormatPair_NotM36
	lds	hl, 2
	ret
DataBuf_CheckFormatPair_NotM36:
	cp c, 0x4e
	jr nz, DataBuf_CheckFormatPair_NotN4E
	cp a, 0x4e
	jr nz, DataBuf_CheckFormatPair_NotN4E
	lds	hl, 3
	ret
DataBuf_CheckFormatPair_NotN4E:
	ldw hl, 0xFFFF
	ret


DataBuf_CheckSubFormat:
	lda xbc, (xwa + 6)
	ld a, (xwa + 5)
	cps a, 1
	jr nz, DataBuf_CheckSubFormat_Not6
	cp (xbc), 0x6
	jr nz, DataBuf_CheckSubFormat_Not6
	lds hl, 1
	ret

DataBuf_CheckSubFormat_Not6:
	cps a, 1
	jr nz, DataBuf_CheckSubFormat_Not7
	cp (xbc), 0x7
	jr nz, DataBuf_CheckSubFormat_Not7
	lds hl, 2
	ret

DataBuf_CheckSubFormat_Not7:
	cps a, 1
	jr nz, DataBuf_CheckSubFormat_Not3
	cp (xbc), 0x3
	jr nz, DataBuf_CheckSubFormat_Not3
	lds hl, 3
	ret

DataBuf_CheckSubFormat_Not3:
	ldw hl, 0xFFFF
	ret

DataBuf_Data_FormatDispatch:
	.byte 0xbf, 0xe4, 0x37, 0x0b, 0x04, 0x00, 0x0b, 0x00
	.byte 0x00, 0x0b, 0x54, 0xfc, 0xbf, 0x1e, 0x30, 0x38
	.byte 0x1d, 0x99, 0x0d, 0xff, 0x0b, 0x18, 0x00, 0x0b
	.byte 0x00, 0x00, 0x0b, 0xdc, 0xfc, 0xbf, 0x10, 0x30
	.byte 0x38, 0x1d, 0x99, 0x0d, 0xff, 0xf1, 0xa0, 0xf9
	.byte 0x30, 0x0b, 0x20, 0x06, 0x0b, 0xed, 0x00, 0x0b
	.byte 0xfc, 0xb3, 0x38, 0x1d, 0x99, 0x0d, 0xff, 0xbf
	.byte 0x1e, 0x37, 0x0b, 0x04, 0x00, 0xbf, 0x1a, 0x30
	.byte 0x38, 0x0b, 0x00, 0x00, 0x0b, 0x54, 0xfc, 0x1d
	.byte 0x99, 0x0d, 0xff, 0x0b, 0x18, 0x00, 0xbf, 0x0c
	.byte 0x30, 0x38, 0x0b, 0x00, 0x00, 0x0b, 0xdc, 0xfc
	.byte 0x1d, 0x99, 0x0d, 0xff, 0xbf, 0x30, 0x37, 0x0e
	.byte 0xef, 0x6e, 0x2e, 0xbf, 0x06, 0x50, 0xf2, 0xfc
	.byte 0xb3, 0xed, 0x30, 0xbf, 0x02, 0x60, 0xde, 0xa8
	.byte 0x9f, 0x06, 0x3f, 0x00, 0x00, 0x63, 0x2b, 0xde
	.byte 0x88, 0xe8, 0x12, 0xe8, 0x89, 0xe9, 0xee, 0x04
	.byte 0xe8, 0xa1, 0xe9, 0xee, 0x06, 0x42, 0x00, 0xd4
	.byte 0x1e, 0x00, 0xe9, 0x82, 0x0b, 0xc0, 0x03, 0xaf
	.byte 0x04, 0x20, 0x38, 0x3a, 0x1d, 0x99, 0x0d, 0xff
	.byte 0xbf, 0x0a, 0x37, 0xde, 0x61, 0x9f, 0x06, 0xf6
	.byte 0x67, 0xd5, 0x4e, 0xef, 0x66, 0x0e

DataBuf_InitSlotFromPreset:
	pushw iz
	ld iz, wa
	lda_24 xwa, 0xedb3dc
	cps iz, 0
	jr nz, DataBuf_InitSlotFromPreset_Alt
	lda_24 xbc, 0x00f180
	add xbc, 0x2E0
	pushw 0x20
	push xwa
	push xbc
	call Mem_Copy
	lda_24 xbc, 0x00f180
	add xbc, 0x300
	ldada xwa, 64930
	sub xwa, 0xF9A0
	pushw wa
	pushw 0xED
	pushw 0xB3FC
	push xbc
	call Mem_Copy
	lda xsp, (xsp + 20)
	jr LABEL_FD543E

DataBuf_InitSlotFromPreset_Alt:
	ld bc, iz
	dec 1, bc
	extz xbc
	sll xbc, 11
	ld xde, 0xAB000
	add xde, xbc
	add xde, 0x2E0
	pushw 0x20
	push xwa
	push xde
	call Mem_Copy
	ld wa, iz
	dec 1, wa
	extz xwa
	sll xwa, 11
	ld xbc, 0xAB000
	add xbc, xwa
	add xbc, 0x300
	ldada xwa, 64930
	sub xwa, 0xF9A0
	pushw wa
	pushw 0xED
	pushw 0xB3FC
	push xbc
	call Mem_Copy
	lda xsp, (xsp + 20)

LABEL_FD543E:
	popw iz
	ret

LABEL_FD5440:
	; --- Routine 1: saturation clamp C = max(0, C-0x7F+A), return L (22 bytes) ---
	cps	a, 0
	jr z, LABEL_FD5453
	cps	c, 0
	jr z, LABEL_FD5453
	sub c, 0x7f
	add	c, a
	ld l, c
	cps	l, 0
	ret ge
LABEL_FD5453:
	ldb l, 0x00
	ret
LABEL_FD5456:
	; --- Routine 2: table dispatch via 0x1ED360 + WA*16 (32 bytes) ---
	cp wa, 0x0009
	ret ugt
	lda_24	xbc, 2020192
	sll	wa, 4
	extz xwa
	add xbc, xwa
	pushw	16
	pushw	32
	push xbc
	call Memset
	inc 8, xsp
	ret


SndParam_ApplyAndSync:
	push_werp 0xFA
	ldda8 a, 47084
	bit 7, a
	jr z, LABEL_FD5489
	stdi8 47088, 1
	jr LABEL_FD549A

LABEL_FD5489:
	bit 6, a
	jr z, LABEL_FD5495
	stdi8 47088, 0
	jr LABEL_FD549A

LABEL_FD5495:
	stdi8 47088, 2

LABEL_FD549A:
	ldda8 a, 47084
	and a, 0x3F
	ldfr_berp A, 0xFB
	stda8 47084, a
	cpdi8 47088, 0
	jr nz, LABEL_FD54D3
	ld xwa, 0xC0
	lds bc, 0
	lds de, 1
	call SoundParam_NotifyChange
	push xde
	push xhl
	push xix
	push xiz
	call SwbtWr_ReinitBothBanks
	pop xiz
	pop xix
	pop xhl
	pop xde
	ldto_berp A, 0xFB
	stda8 47084, a
	stda8 47088, a

LABEL_FD54D3:
	ldda8 a, 47084
	cp a, 0x19
	jr c, LABEL_FD54E6
	cp a, 0x1B
	jr c, SoundParam_UpdateCleanupRet
	cp a, 0x1D
	jr ugt, SoundParam_UpdateCleanupRet

LABEL_FD54E6:
	cps a, 0
	jr z, LABEL_FD54F6
	push xde
	push xhl
	push xix
	push xiz
	call SndParam_SyncDisplayBitmap
	pop xiz
	pop xix
	pop xhl
	pop xde

LABEL_FD54F6:
	ldda8 a, 47084
	extz wa
	calr LABEL_FD556B
	ldda8 a, 47084
	extz wa
	calr LABEL_FD5539
	ldda8 a, 47084
	extz wa
	calr LABEL_FD559A
	bitda 0, 47086
	jr nz, SoundParam_UpdateCleanupRet
	lds wa, 3
	call BitMapOut_GetRenderMode_CheckBit3
	push xde
	push xhl
	push xix
	push xiz
	call SoundParam_NotifyMultipleChanges
	call SwbtWr_ReinitBothBanks
	call SwbtWr_CallProcessAll
	call SwbtWr_ReinitBothBanks
	pop xiz
	pop xix
	pop xhl
	pop xde

SoundParam_UpdateCleanupRet:
	pop_werp 0xFA
	ret

LABEL_FD5539:
	extz wa
	calr SndParam_GetBlockPointer
	or xhl, xhl
	ret z
	st_dri3b W, 0xED, 0x8A, 0x00
	ld xbc, xwa
	lda xde, (xwa + 96)

LABEL_FD554C:
	ld xhl, xbc
	ld xix, (xbc)
	or xix, xix
	jr z, LABEL_FD5564
	ld a, (xhl + 4)
	cpl a
	and a, (xix)
	ld w, a
	ld a, (xhl + 5)
	or a, w
	ld (xix), a

LABEL_FD5564:
	inc 6, xbc
	cp xbc, xde
	jr c, LABEL_FD554C
	ret

LABEL_FD556B:
	extz wa
	calr SndParam_GetBlockPointer
	or xhl, xhl
	ret z
	ld xbc, xhl
	st_dri3b B, 0xED, 0x8A, 0x00

LABEL_FD557B:
	ld xhl, xbc
	ld xix, (xbc)
	or xix, xix
	jr z, LABEL_FD5593
	ld a, (xix)
	and a, 0xF8
	or a, (xhl + 4)
	lda_dpi XBC, 0xF0
	ld a, (xhl + 5)
	ld (xix), a

LABEL_FD5593:
	inc 6, xbc
	cp xbc, xde
	jr c, LABEL_FD557B
	ret

LABEL_FD559A:
	ldda8 c, 47088
	cps c, 2
	ret z
	ldada xwa, 64941
	cps c, 0
	jr z, LABEL_FD55BB
	cps c, 1
	ret nz
	ld c, (xwa)
	and c, 0xF8
	ld (xwa), c
	set 2, c
	ld (xwa), c
	ret

LABEL_FD55BB:
	andmi8 (xwa), 0xF8
	ret

LABEL_FD55BF:
	dec 2, xsp
	push xiz
	ld (xsp + 4), a
	pushw 0xEA
	call Malloc
	inc 2, xsp
	ld xiz, xhl
	or xiz, xiz
	jrl z, SoundData_FreeSoundPtr
	cp (xsp + 4), 0x3
	jrl nc, SoundData_FreeSoundPtr
	pushw 0xEA
	pushw 0xEE
	pushw 0x15FE
	push xiz
	call Mem_Copy
	lda xsp, (xsp + 10)
	lda xwa, (xiz + 5)
	ld xbc, xwa
	st_dri3b B, 0xE1, 0x8A, 0x00

LABEL_FD55F7:
	ld xhl, (xbc - 5)
	ld_spib A, 0xEC
	and a, 0x7
	ld (xbc - 1), a
	ld a, (xhl)
	ld (xbc), a
	inc 6, xbc
	cp xbc, xde
	jr c, LABEL_FD55F7
	st_dri3b W, 0xF9, 0x8F, 0x00
	ld xbc, xwa
	lda xde, (xwa + 96)

LABEL_FD5617:
	ld xhl, (xbc - 5)
	ld a, (xbc - 1)
	and a, (xhl)
	ld (xbc), a
	inc 6, xbc
	cp xbc, xde
	jr c, LABEL_FD5617
	call LABEL_F765D0
	cps l, 0
	jr nz, LABEL_FD5636
	lds32 xwa, 0
	st_dri3l XWA, 0xF9, 0xD8, 0x00

LABEL_FD5636:
	cp (xsp + 4), 0x2
	jr z, LABEL_FD5666
	cp (xsp + 4), 0x1
	jr z, LABEL_FD5657
	cp (xsp + 4), 0x0
	jr nz, SoundData_FreeSoundPtr
	ld xwa, 0x3D3010
	push xwa
	lds wa, 1
	ld xbc, xiz
	ldw de, 0xEA
	jr LABEL_FD5673

LABEL_FD5657:
	ld xwa, 0x3D3110
	push xwa
	lds wa, 1
	ld xbc, xiz
	ldw de, 0xEA
	jr LABEL_FD5673

LABEL_FD5666:
	ld xwa, 0x3D3210
	push xwa
	lds wa, 1
	ld xbc, xiz
	ldw de, 0xEA

LABEL_FD5673:
	call FlashWrite_Entry

SoundData_FreeSoundPtr:
	push xiz
	call Free
	inc 4, xsp
	pop xiz
	inc 2, xsp
	ret

SndParam_GetBlockPointer:
	cp a, 0x19
	jr nc, LABEL_FD5698
	extz wa
	muls wa, 0xEA
	lda_24 xbc, 0xee15fe
	st_dri3b C, 0x07, 0xE4, 0xE0
	ret

LABEL_FD5698:
	cp a, 0x1D
	jr z, LABEL_FD56B6
	cp a, 0x1C
	jr z, LABEL_FD56B0
	cp a, 0x1B
	jr z, LABEL_FD56AA
	lds32 xhl, 0
	ret

LABEL_FD56AA:
	ld xhl, 0x3D3010
	ret

LABEL_FD56B0:
	ld xhl, 0x3D3110
	ret

LABEL_FD56B6:
	ld xhl, 0x3D3210
	ret

LABEL_FD56BC:
	dec 4, xsp
	push xiz
	ld (xsp + 4), xwa
	extz bc
	ld wa, bc
	calr SndParam_GetBlockPointer
	or xhl, xhl
	jr z, LABEL_FD5725
	st_dri3b A, 0xED, 0x8A, 0x00
	ld xde, xbc
	lda xiy, (xbc + 96)

LABEL_FD56D7:
	ld xiz, xde
	ld xix, (xde)
	or xix, xix
	jr z, LABEL_FD56F8
	sub xix, 0xF980
	add xix, (xsp + 4)
	ld a, (xiz + 4)
	cpl a
	and a, (xix)
	ld w, a
	ld a, (xiz + 5)
	or a, w
	ld (xix), a

LABEL_FD56F8:
	inc 6, xde
	cp xde, xiy
	jr c, LABEL_FD56D7

LABEL_FD56FE:
	ld xde, xhl
	ld xix, (xhl)
	or xix, xix
	jr z, LABEL_FD571F
	sub xix, 0xF980
	add xix, (xsp + 4)
	ld a, (xix)
	and a, 0xF8
	or a, (xde + 4)
	lda_dpi XBC, 0xF0
	ld a, (xde + 5)
	ld (xix), a

LABEL_FD571F:
	inc 6, xhl
	cp xhl, xbc
	jr c, LABEL_FD56FE

LABEL_FD5725:
	pop xiz
	inc 4, xsp
	ret

SndParam_UpdateChannels:
	dec 2, xsp
	pushw iz
	ld (xsp + 2), c
	cp a, 0xA
	jr nc, LABEL_FD5740
	extz wa
	ld c, (xsp + 2)
	extz bc
	calr LABEL_FD5760
	jr LABEL_FD575C

LABEL_FD5740:
	cp a, 0xA
	jr nz, LABEL_FD575C
	lds iz, 0

LABEL_FD5747:
	ldto_berp A, 0xF8
	extz wa
	ld c, (xsp + 2)
	extz bc
	calr LABEL_FD5760
	inc 1, iz
	cp iz, 0xA
	jr c, LABEL_FD5747

LABEL_FD575C:
	popw iz
	inc 2, xsp
	ret

LABEL_FD5760:
	dec 8, xsp
	ld (xsp + 4), c
	ld (xsp + 6), a
	setda 0, 47086
	push xde
	push xhl
	push xix
	push xiz
	call SndParam_SyncDisplayBitmap
	pop xiz
	pop xix
	pop xhl
	pop xde
	cp (xsp + 4), 0x3
	jr z, LABEL_FD5794
	cp (xsp + 4), 0x2
	jr z, LABEL_FD578A
	ld (xsp + 4), 0x16
	jr LABEL_FD578E

LABEL_FD578A:
	ld (xsp + 4), 0x17

LABEL_FD578E:
	call SoundMode_RenderWithNotify
	jr LABEL_FD579C

LABEL_FD5794:
	ld (xsp + 4), 0x0
	call SoundMode_FullRenderUpdate

LABEL_FD579C:
	lds32 xbc, 0
	ld c, (xsp + 6)
	sll xbc, 11
	lda_24 xwa, 0x0ab000
	add xwa, xbc
	ld (xsp), xwa
	ld xwa, 0x2E0
	add (xsp), xwa
	ldada xbc, 63872
	ldada xwa, 64930
	sub xwa, xbc
	pushw wa
	push xbc
	ld xwa, (xsp + 6)
	push xwa
	call Mem_Copy
	ldada xbc, 63904
	ldada xwa, 65472
	sub xwa, xbc
	pushw wa
	pushw 0x3
	pushw 0xC8E4
	push xbc
	call Mem_Copy
	lda xsp, (xsp + 20)
	resda 0, 47086
	ld c, (xsp + 4)
	extz bc
	ld xwa, (xsp)
	calr LABEL_FD56BC
	inc 8, xsp
	ret

LABEL_FD57F2:
	dec 2, xsp
	push xiz
	ld xwa, 0x2203
	call SndParam_LookupReadOnly
	cps hl, 0
	jrl nz, LABEL_FD5BD9
	pushw 0xE
	call Malloc
	inc 2, xsp
	ld xiz, xhl
	or xiz, xiz
	jrl z, LABEL_FD5BD9
	call GET_COMPUTER_INTERFACE_SELECTION
	ld (xsp + 4), l
	ld xwa, 0x2D03
	call SndParam_LookupReadOnly
	cps hl, 0
	jr z, LABEL_FD5869
	pushw 0xE
	pushw 0xEE
	pushw 0x2CD8
	push xiz
	call Mem_Copy
	lda xsp, (xsp + 10)
	ld xwa, 0x2D00
	call SndParam_LookupReadOnly
	ld (xiz + 4), l
	ld (xiz + 9), 0x20
	ld (xiz + 12), 0x3
	cp (xsp + 4), 0x0
	jr nz, LABEL_FD585E
	push xiz
	pushw 0xE
	call SeqOut_WriteTimedBytes
	inc 6, xsp
	jr LABEL_FD5869

LABEL_FD585E:
	lds wa, 4
	ldw bc, 0xE
	ld xde, xiz
	call sendCOMM

LABEL_FD5869:
	ld xwa, 0x2D01
	call SndParam_LookupReadOnly
	cps hl, 0
	jr z, LABEL_FD58DF
	pushw 0xE
	pushw 0xEE
	pushw 0x2CD8
	push xiz
	call Mem_Copy
	lda xsp, (xsp + 10)
	ldmi16 (xiz + 4), 0xB7F2
	ld (xiz + 9), 0x11
	ld xwa, 0x2D00
	call SndParam_LookupReadOnly
	ld (xiz + 12), l
	cp (xsp + 4), 0x0
	jr nz, LABEL_FD58AE
	push xiz
	pushw 0xE
	call SeqOut_WriteTimedBytes
	inc 6, xsp
	jr LABEL_FD58B9

LABEL_FD58AE:
	lds wa, 4
	ldw bc, 0xE
	ld xde, xiz
	call sendCOMM

LABEL_FD58B9:
	ld (xiz + 9), 0x12
	cp (xsp + 4), 0x0
	jr nz, LABEL_FD58CF
	push xiz
	pushw 0xE
	call SeqOut_WriteTimedBytes
	inc 6, xsp
	jr LABEL_FD58DA

LABEL_FD58CF:
	lds wa, 4
	ldw bc, 0xE
	ld xde, xiz
	call sendCOMM

LABEL_FD58DA:
	mrdb5 0x8E, 0x0C, 0x19, 0xF2, 0xB7

LABEL_FD58DF:
	ld xwa, 0x2D03
	call SndParam_LookupReadOnly
	cps hl, 0
	jr z, LABEL_FD5936
	pushw 0x2
	pushw 0xEE
	pushw 0x2CEA
	push xiz
	call Mem_Copy
	lda xsp, (xsp + 10)
	ld xwa, 0x2D00
	call SndParam_LookupReadOnly
	cp hl, 0xF
	jr gt, LABEL_FD590E
	or (xiz), l

LABEL_FD590E:
	ld xwa, 0x2D02
	call SndParam_LookupReadOnly
	ld (xiz + 1), l
	cp (xsp + 4), 0x0
	jr nz, LABEL_FD592C
	push xiz
	pushw 0x2
	call SeqOut_WriteTimedBytes
	inc 6, xsp
	jr LABEL_FD5936

LABEL_FD592C:
	lds wa, 4
	lds bc, 2
	ld xde, xiz
	call sendCOMM

LABEL_FD5936:
	ld xwa, 0x2D05
	call SndParam_LookupReadOnly
	cps hl, 0
	jr z, LABEL_FD598D
	pushw 0x3
	pushw 0xEE
	pushw 0x2CE6
	push xiz
	call Mem_Copy
	lda xsp, (xsp + 10)
	ld xwa, 0x2D00
	call SndParam_LookupReadOnly
	cp hl, 0xF
	jr gt, LABEL_FD5965
	or (xiz), l

LABEL_FD5965:
	ld xwa, 0x2D04
	call SndParam_LookupReadOnly
	ld (xiz + 2), l
	cp (xsp + 4), 0x0
	jr nz, LABEL_FD5983
	push xiz
	pushw 0x3
	call SeqOut_WriteTimedBytes
	inc 6, xsp
	jr LABEL_FD598D

LABEL_FD5983:
	lds wa, 4
	lds bc, 3
	ld xde, xiz
	call sendCOMM

LABEL_FD598D:
	ld xwa, 0x2D07
	call SndParam_LookupReadOnly
	cps hl, 0
	jr z, LABEL_FD59E8
	pushw 0x3
	pushw 0xEE
	pushw 0x2CE6
	push xiz
	call Mem_Copy
	lda xsp, (xsp + 10)
	ld xwa, 0x2D00
	call SndParam_LookupReadOnly
	cp hl, 0xF
	jr gt, LABEL_FD59BC
	or (xiz), l

LABEL_FD59BC:
	ld xwa, 0x2D06
	call SndParam_LookupReadOnly
	add hl, 0x3C
	ld (xiz + 2), l
	cp (xsp + 4), 0x0
	jr nz, LABEL_FD59DE
	push xiz
	pushw 0x3
	call SeqOut_WriteTimedBytes
	inc 6, xsp
	jr LABEL_FD59E8

LABEL_FD59DE:
	lds wa, 4
	lds bc, 3
	ld xde, xiz
	call sendCOMM

LABEL_FD59E8:
	call LABEL_F7438C
	cps l, 1
	jr nz, LABEL_FD59F7
	ldw wa, 0x32
	call TaskSched_DelayTicks

LABEL_FD59F7:
	ld xwa, 0x2D09
	call SndParam_LookupReadOnly
	cps hl, 0
	jr z, LABEL_FD5A4E
	pushw 0xE
	pushw 0xEE
	pushw 0x2CD8
	push xiz
	call Mem_Copy
	lda xsp, (xsp + 10)
	ld xwa, 0x2D00
	call SndParam_LookupReadOnly
	ld (xiz + 4), l
	ld (xiz + 9), 0x20
	ld xwa, 0x2D08
	call SndParam_LookupReadOnly
	ld (xiz + 12), l
	cp (xsp + 4), 0x0
	jr nz, LABEL_FD5A43
	push xiz
	pushw 0xE
	call SeqOut_WriteTimedBytes
	inc 6, xsp
	jr LABEL_FD5A4E

LABEL_FD5A43:
	lds wa, 4
	ldw bc, 0xE
	ld xde, xiz
	call sendCOMM

LABEL_FD5A4E:
	ld xwa, 0x2D0B
	call SndParam_LookupReadOnly
	cps hl, 0
	jr z, LABEL_FD5ACA
	pushw 0xE
	pushw 0xEE
	pushw 0x2CD8
	push xiz
	call Mem_Copy
	lda xsp, (xsp + 10)
	ld xwa, 0x2D00
	call SndParam_LookupReadOnly
	ld (xiz + 4), l
	ld (xiz + 9), 0x16
	ld (xiz + 12), 0x0
	cp (xsp + 4), 0x0
	jr nz, LABEL_FD5A92
	push xiz
	pushw 0xE
	call SeqOut_WriteTimedBytes
	inc 6, xsp
	jr LABEL_FD5A9D

LABEL_FD5A92:
	lds wa, 4
	ldw bc, 0xE
	ld xde, xiz
	call sendCOMM

LABEL_FD5A9D:
	ld (xiz + 9), 0x17
	ld xwa, 0x2D0A
	call SndParam_LookupReadOnly
	ld (xiz + 12), l
	cp (xsp + 4), 0x0
	jr nz, LABEL_FD5ABF
	push xiz
	pushw 0xE
	call SeqOut_WriteTimedBytes
	inc 6, xsp
	jr LABEL_FD5ACA

LABEL_FD5ABF:
	lds wa, 4
	ldw bc, 0xE
	ld xde, xiz
	call sendCOMM

LABEL_FD5ACA:
	ld xwa, 0x2D0F
	call SndParam_LookupReadOnly
	cps hl, 0
	jr z, LABEL_FD5B4E
	pushw 0xE
	pushw 0xEE
	pushw 0x2CD8
	push xiz
	call Mem_Copy
	lda xsp, (xsp + 10)
	ld xwa, 0x2D00
	call SndParam_LookupReadOnly
	ld (xiz + 4), l
	ld (xiz + 9), 0x28
	ld xwa, 0x2D0E
	call SndParam_LookupReadOnly
	ld (xiz + 12), l
	cp (xsp + 4), 0x0
	jr nz, LABEL_FD5B16
	push xiz
	pushw 0xE
	call SeqOut_WriteTimedBytes
	inc 6, xsp
	jr LABEL_FD5B21

LABEL_FD5B16:
	lds wa, 4
	ldw bc, 0xE
	ld xde, xiz
	call sendCOMM

LABEL_FD5B21:
	ld (xiz + 9), 0x29
	ld xwa, 0x2D0D
	call SndParam_LookupReadOnly
	ld (xiz + 12), l
	cp (xsp + 4), 0x0
	jr nz, LABEL_FD5B43
	push xiz
	pushw 0xE
	call SeqOut_WriteTimedBytes
	inc 6, xsp
	jr LABEL_FD5B4E

LABEL_FD5B43:
	lds wa, 4
	ldw bc, 0xE
	ld xde, xiz
	call sendCOMM

LABEL_FD5B4E:
	ld xwa, 0x2D13
	call SndParam_LookupReadOnly
	cps hl, 0
	jr z, LABEL_FD5BD2
	pushw 0xE
	pushw 0xEE
	pushw 0x2CD8
	push xiz
	call Mem_Copy
	lda xsp, (xsp + 10)
	ld xwa, 0x2D00
	call SndParam_LookupReadOnly
	ld (xiz + 4), l
	ld (xiz + 9), 0x1B
	ld xwa, 0x2D12
	call SndParam_LookupReadOnly
	ld (xiz + 12), l
	cp (xsp + 4), 0x0
	jr nz, LABEL_FD5B9A
	push xiz
	pushw 0xE
	call SeqOut_WriteTimedBytes
	inc 6, xsp
	jr LABEL_FD5BA5

LABEL_FD5B9A:
	lds wa, 4
	ldw bc, 0xE
	ld xde, xiz
	call sendCOMM

LABEL_FD5BA5:
	ld (xiz + 9), 0x1C
	ld xwa, 0x2D11
	call SndParam_LookupReadOnly
	ld (xiz + 12), l
	cp (xsp + 4), 0x0
	jr nz, LABEL_FD5BC7
	push xiz
	pushw 0xE
	call SeqOut_WriteTimedBytes
	inc 6, xsp
	jr LABEL_FD5BD2

LABEL_FD5BC7:
	lds wa, 4
	ldw bc, 0xE
	ld xde, xiz
	call sendCOMM

LABEL_FD5BD2:
	push xiz
	call Free
	inc 4, xsp

LABEL_FD5BD9:
	pop xiz
	inc 2, xsp
	ret

LABEL_FD5BDD:
	; --- Routine 1: stack-frame loop, XIZ alloc + 16 iterations (93 bytes) ---
	dec 2, xsp
	push xiz
	pushw	14
	call Malloc
	inc 2, xsp
	ld xiz, xhl
	or xiz, xiz
	jr z, LABEL_FD5C36
	.byte 0xbf, 0x04, 0x02, 0x00, 0x00		; ld (xsp+4), 0x0000  [5-byte form]
LABEL_FD5BF4:
	pushw	14
	pushw	238
	pushw	11500
	push xiz
	call Mem_Copy
	lda	xsp, (xsp+10)
	ld	wa, (xsp+4)
	ld (xiz+4), a
	ld (xiz+9), 0x12
	ld xwa, 0x00002D00
	call SndParam_LookupReadOnly
	ld (xiz+0x0c), l
	push xiz
	pushw	14
	call SeqOut_WriteTimedBytes
	inc 6, xsp
	incm	1, (xsp+4)
	cpw (xsp+4), 0x0010
	jr c, LABEL_FD5BF4
	push xiz
	call Free
	inc 4, xsp
LABEL_FD5C36:
	pop xiz
	inc 2, xsp
	ret
LABEL_FD5C3A:
	; --- Routine 2: sla+lda helper, push args + call FF0D99 (32 bytes) ---
	extz wa
	sla	wa, 3
	lda_24 xbc, 0xEE2CFA
	exts xwa
	add xwa, xbc
	pushw	8
	push xwa
	pushw	0
	pushw	64586
	call Mem_Copy
	lda	xsp, (xsp+10)
	ret


LABEL_FD5C5A:
	ld xbc, 0xBD26
	ld (xbc), a
	ld (xbc + 1), w
	ld xwa, xbc
	call MidiPkt_EnqueueControl_335E
	ret

LABEL_FD5C6B:
	push xde
	push xhl
	push xix
	push xiz
	ldda8 l, 48422
	ldda8 h, 48423
	call LABEL_F6DCB1
	pop xiz
	pop xix
	pop xhl
	pop xde
	ret

LABEL_FD5C80:
	push xde
	push xhl
	push xix
	push xiz
	ldb c, 0x48
	ldb b, 0x3
	ldda8 e, 48422
	ldb d, 0x7
	call MidiStream_ApplyPendingParams
	pop xiz
	pop xix
	pop xhl
	pop xde
	ret

LABEL_FD5C97:
	push xde
	push xhl
	push xix
	push xiz
	call AccWrap_ReplaySavedExpr
	pop xiz
	pop xix
	pop xhl
	pop xde
	ret

LABEL_FD5CA4:
	.byte 0x3e, 0x1d, 0x5d, 0xa7, 0xfc, 0x5e, 0x0e

LABEL_FD5CAB:
	ret

AccWrap_ReturnZero:
	lds hl, 0
	ret

LABEL_FD5CAF:
	ret

LABEL_FD5CB0:
	.byte 0xd7, 0xfa, 0x04, 0xf1, 0x18, 0xbd, 0xcf, 0x66
	.byte 0x38, 0xc7, 0xfb, 0xa8, 0x1e, 0x3c, 0x00, 0xe1
	.byte 0xac, 0xbc, 0x20, 0x80, 0x3f, 0x01, 0x66, 0x2f
	.byte 0x80, 0x3f, 0x06, 0x6e, 0x06, 0xb8, 0x04, 0x00
	.byte 0x20, 0x68, 0x24, 0xe1, 0x60, 0xbc, 0x20, 0x1e
	.byte 0xd5, 0x0e, 0xc7, 0xfb, 0x61, 0xc7, 0xfb, 0xdb
	.byte 0x67, 0xda, 0xc7, 0xfb, 0xdb, 0x67, 0x10, 0xe1
	.byte 0xac, 0xbc, 0x20, 0xb8, 0x04, 0x00, 0x18, 0x68
	.byte 0x06, 0x1e, 0x18, 0x00, 0x1e, 0xfd, 0x13, 0xd7
	.byte 0xfa, 0x05, 0x0e

SeqAlt_ProcessAndFinalize:
	call LABEL_FD83F4
	calr LABEL_FD5D0C
	calr LABEL_FD5D22
	calr SeqData_InitPlaybackFromField
	jp SeqAlt_CheckInitBuffer

LABEL_FD5D0C:
	pushw iz
	ldw iz, 0xFFFE

LABEL_FD5D10:
	call SeqBuf_MidiOut_CheckEmpty
	cps hl, 0
	jr z, LABEL_FD5D20
	ld wa, iz
	dec 1, iz
	cps wa, 0
	jr nz, LABEL_FD5D10

LABEL_FD5D20:
	popw iz
	ret

LABEL_FD5D22:
	push xiz
	ldi_berp 0xFB, 0
	resda 5, 48408
	ldda16 xiz, 1033
	jrl LABEL_FD5DC8

LABEL_FD5D31:
	ldda32 xwa, 48300
	lds bc, 4
	calr SeqData_ReadFieldByIndex
	cps l, 0
	jrl nz, LABEL_FD5DCF
	call SeqBuf2_ReadByte
	cp hl, 0xFFFF
	jr z, MIDI_ProcessChannelPair
	ldda16 xiz, 1033
	ld c, l
	extz bc
	ldda32 xwa, 48300
	cpi_berp 0xFB, 1
	jr z, LABEL_FD5D71
	cpi_berp 0xFB, 0
	jr nz, LABEL_FD5D83
	cp l, 0xF0
	jr nz, LABEL_FD5D6B
	ldi_berp 0xFB, 1
	ld wa, bc
	jr LABEL_FD5D94

LABEL_FD5D6B:
	lds bc, 4
	lds de, 1
	jr LABEL_FD5DB9

LABEL_FD5D71:
	cp l, 0x50
	jr nz, LABEL_FD5D7D
	ldi_berp 0xFB, 2
	ld wa, bc
	jr LABEL_FD5D94

LABEL_FD5D7D:
	lds bc, 4
	lds de, 2
	jr LABEL_FD5DB9

LABEL_FD5D83:
	bit 7, l
	jr nz, LABEL_FD5DA2
	ldda32 xde, 48212
	cpw (xde), 0xFF
	jr nc, LABEL_FD5D99
	ld wa, bc

LABEL_FD5D94:
	calr VoiceQueue_Append
	jr MIDI_ProcessChannelPair

LABEL_FD5D99:
	lds bc, 4
	lds de, 6
	calr MIDI_ReadChannelParam
	jr MIDI_ProcessChannelPair

LABEL_FD5DA2:
	cp l, 0xF7
	jr nz, LABEL_FD5DB5
	ldi_berp 0xFB, 0
	ld wa, bc
	calr VoiceQueue_Append
	setda 5, 48408
	jr MIDI_ProcessChannelPair

LABEL_FD5DB5:
	lds bc, 4
	lds de, 3

LABEL_FD5DB9:
	calr MIDI_ReadChannelParam
	setda 5, 1074

MIDI_ProcessChannelPair:
	calr LABEL_FD709F
	ld wa, iz
	calr LABEL_FD70C1

LABEL_FD5DC8:
	bitda 5, 48408
	jrl z, LABEL_FD5D31

LABEL_FD5DCF:
	pop xiz
	ret

VoiceQueue_Append:
	ldda32 xbc, 48212
	lda xde, (xbc + 10)
	ld xbc, (xde)
	st_dpib C, 0xE4
	ld (xde), xbc
	ld (xhl), a
	ldda32 xbc, 48212
	ld xbc, (xbc + 10)
	ld (xbc), 0xFF
	ldda32 xbc, 48212
	cp a, 0xF0
	jr nz, LABEL_FD5DF9
	ldw (xbc), 0x1
	ret

LABEL_FD5DF9:
	incm 1, (xbc)
	ret

MidiChan_DequeueVoiceEntry:
	ldb l, 0xFF
	lda xbc, (xwa + 2)
	ld xwa, (xbc)
	cp (xwa), 0xFF
	ret z
	st_dpib B, 0xE0
	ld (xbc), xwa
	ld l, (xde)
	ret

LABEL_FD5E10:
	.byte 0xda, 0x8b, 0xe8, 0x8a, 0xdb, 0x88, 0xdb, 0x69
	.byte 0xd8, 0xd8, 0x66, 0x17, 0xba, 0x0a, 0x34, 0xa4
	.byte 0x20, 0xf5, 0xe0, 0x35, 0xb4, 0x60, 0xc5, 0xe4
	.byte 0x21, 0xb5, 0x41, 0xdb, 0x88, 0xdb, 0x69, 0xd8
	.byte 0xd8, 0x6e, 0xec, 0xaa, 0x0a, 0x20, 0xb0, 0x00
	.byte 0xff, 0x0e

MIDI_ReadChannelParam:
	extz bc
	cps bc, 0
	ret mi
	cp bc, 0xF
	ret gt
	add bc, bc
	lda_24 xix, 0xee2d2a
	ld_sriw3 BC, 0x07, 0xF0, 0xE4
	lda_24 xix, 0xfd5e5c
	jp_dri 8, 0x07, 0xF0, 0xE4
; MIDI channel parameter read dispatch
MidiChan_ParamDispatch:	; FD5E5C
	.byte 0xb0, 0x45, 0x0e, 0xe9, 0xa9, 0x68, 0x4e, 0xe9
	.byte 0xaa, 0x68, 0x4a, 0xe9, 0xab, 0x68, 0x46, 0xe9
	.byte 0xac, 0x68, 0x42, 0xe9, 0xad, 0x68, 0x3e, 0xe9
	.byte 0xae, 0x68, 0x3a, 0xe9, 0xaf, 0x68, 0x36, 0x41
	.byte 0x08, 0x00, 0x00, 0x00, 0x68, 0x2f, 0x41, 0x09
	.byte 0x00, 0x00, 0x00, 0x68, 0x28, 0x41, 0x0a, 0x00
	.byte 0x00, 0x00, 0x68, 0x21, 0x41, 0x0b, 0x00, 0x00
	.byte 0x00, 0x68, 0x1a, 0x41, 0x0c, 0x00, 0x00, 0x00
	.byte 0x68, 0x13, 0x41, 0x0d, 0x00, 0x00, 0x00, 0x68
	.byte 0x0c, 0x41, 0x0e, 0x00, 0x00, 0x00, 0x68, 0x05
	.byte 0x41, 0x0f, 0x00, 0x00, 0x00, 0xe9, 0x80, 0xb0
	.byte 0x45, 0x0e

; ============================================================================
; SeqData_ReadFieldByIndex - Read a field from sequencer data by index
; ============================================================================
; Input:  Index parameter identifying which field to read
; Output: Field value
; Indexed accessor for sequencer data structures. Reads a specific field
; from the current sequencer data block based on the given index.
; ============================================================================
SeqData_ReadFieldByIndex:
	extz bc
	cps bc, 0
	jr mi, LABEL_FD5F34
	cp bc, 0xF
	jr gt, LABEL_FD5F34
	add bc, bc
	lda_24 xix, 0xee2d4a
	ld_sriw3 BC, 0x07, 0xF0, 0xE4
	lda_24 xix, 0xfd5ed8
	jp_dri 8, 0x07, 0xF0, 0xE4
; Sequence data field read dispatch
SeqData_FieldDispatch:	; FD5ED8
	ld	l, (xwa)
	jr	90
	lds32	xbc, 1
	jr	78
	lds32	xbc, 2
	jr	74
	lds32	xbc, 3
	jr	70
	lds32	xbc, 4
	jr	66
	lds32	xbc, 5
	jr	62
	lds32	xbc, 6
	jr	58
	lds32	xbc, 7
	jr	54
	ld	xbc, 8
	jr	47
	ld	xbc, 9
	jr	40
	ld	xbc, 10
	jr	33
	ld	xbc, 11
	jr	26
	ld	xbc, 12
	jr	19
	ld	xbc, 13
	jr	12
	ld	xbc, 14
	jr	5
	ld	xbc, 15
	add	xwa, xbc
	ld	l, (xwa)
	jr	2

LABEL_FD5F34:
	ldb l, 0x0
	ret

SeqData_InitPlaybackFromField:
	ldda32 xwa, 48300
	lds bc, 4
	calr SeqData_ReadFieldByIndex
	cps l, 0
	ret nz
	calr LABEL_FD5F57
	calr LABEL_FD5CAF
	calr LABEL_FD67A0
	calr LABEL_FD67A1
	calr LABEL_FD68B8
	calr LABEL_FD6959
	ret

LABEL_FD5F57:
	dec 4, xsp
	push_werp 0xFA
	ldda32 xbc, 48212
	lds32 xwa, 2
	add (xbc + 2), xwa
	ldda32 xwa, 48212
	calr MidiChan_DequeueVoiceEntry
	ldi_berp 0xFB, 0
	lda_24 xbc, 0xee493e

LABEL_FD5F74:
	ldto_berp A, 0xFB
	extz wa
	muls wa, 0x6
	exts xwa
	add xwa, xbc
	cp (xwa), 0xFF
	jr nz, LABEL_FD5F91
	ldda32 xwa, 48300
	lds bc, 4
	lds de, 7
	jrl MidiSeq_ChannelWriteEpilog

LABEL_FD5F91:
	cp (xwa), l
	jr z, LABEL_FD5F9A
	cp (xwa), 0xFE
	jr nz, LABEL_FD6012

LABEL_FD5F9A:
	extz hl
	ldda32 xwa, 48300
	lds bc, 5
	ld de, hl
	calr MIDI_ReadChannelParam
	ldto_berp A, 0xFB
	extz wa
	muls wa, 0x6
	lda_24 xbc, 0xee493e
	exts xwa
	add xwa, xbc
	ld e, (xwa + 1)
	cps e, 0
	jr z, LABEL_FD600A
	ldda32 xwa, 48300
	lds bc, 0
	calr MIDI_ReadChannelParam
	ldto_berp A, 0xFB
	extz wa
	muls wa, 0x6
	ld bc, wa
	lda_24 xwa, 0xee4940
	ld_sril3 XWA, 0x07, 0xE0, 0xE4
	ld e, (xwa)
	ldda32 xwa, 48300
	lds bc, 1
	calr MIDI_ReadChannelParam
	ldto_berp A, 0xFB
	extz wa
	muls wa, 0x6
	ld bc, wa
	lda_24 xwa, 0xee4940
	ld_sril3 XWA, 0x07, 0xE0, 0xE4
	ld e, (xwa + 1)
	ldda32 xwa, 48300
	lds bc, 2
	jrl MidiSeq_ChannelWriteEpilog

LABEL_FD600A:
	ld xwa, (xwa + 2)
	ld (xsp + 2), xwa
	jr LABEL_FD601C

LABEL_FD6012:
	inc1_berp 0xFB
	cp_erpb 0xFB, 0x10
	jrl c, LABEL_FD5F74

LABEL_FD601C:
	ldda32 xwa, 48212
	calr MidiChan_DequeueVoiceEntry
	ldi_berp 0xFB, 0

LABEL_FD6026:
	ldto_berp A, 0xFB
	extz wa
	muls wa, 0x6
	ld bc, wa
	ld xwa, (xsp + 2)
	st_dri3b W, 0x07, 0xE0, 0xE4
	cp (xwa), 0xFF
	jr nz, LABEL_FD604A
	ldda32 xwa, 48300
	lds bc, 4
	ldw de, 0x8
	jrl MidiSeq_ChannelWriteEpilog

LABEL_FD604A:
	cp l, (xwa)
	jr z, LABEL_FD6054
	cp (xwa), 0xFE
	jrl nz, LABEL_FD611A

LABEL_FD6054:
	extz hl
	ldda32 xwa, 48300
	lds bc, 6
	ld de, hl
	calr MIDI_ReadChannelParam
	ldto_berp A, 0xFB
	extz wa
	muls wa, 0x6
	ld bc, wa
	ld xwa, (xsp + 2)
	st_dri3b W, 0x07, 0xE0, 0xE4
	ld e, (xwa + 1)
	ldda32 xwa, 48300
	lds bc, 0
	calr MIDI_ReadChannelParam
	ldto_berp A, 0xFB
	extz wa
	muls wa, 0x6
	ld bc, wa
	ld xwa, (xsp + 2)
	st_dri3b W, 0x07, 0xE0, 0xE4
	ld e, (xwa + 1)
	cps e, 0
	jr z, LABEL_FD60E6
	ldda32 xwa, 48300
	lds bc, 0
	calr MIDI_ReadChannelParam
	ldto_berp A, 0xFB
	extz wa
	muls wa, 0x6
	ld bc, wa
	ld xwa, (xsp + 2)
	st_dri3b W, 0x07, 0xE0, 0xE4
	ld xwa, (xwa + 2)
	ld e, (xwa)
	ldda32 xwa, 48300
	lds bc, 1
	calr MIDI_ReadChannelParam
	ldto_berp A, 0xFB
	extz wa
	muls wa, 0x6
	ld bc, wa
	ld xwa, (xsp + 2)
	st_dri3b W, 0x07, 0xE0, 0xE4
	ld xwa, (xwa + 2)
	ld e, (xwa + 1)
	ldda32 xwa, 48300
	lds bc, 2
	jrl MidiSeq_ChannelWriteEpilog

LABEL_FD60E6:
	ld xwa, (xwa + 2)
	ld (xsp + 2), xwa
	ldda32 xwa, 48212
	calr MidiChan_DequeueVoiceEntry
	ldi_berp 0xFB, 0

LABEL_FD60F6:
	ldto_berp A, 0xFB
	extz wa
	muls wa, 0x6
	ld bc, wa
	ld xwa, (xsp + 2)
	st_dri3b W, 0x07, 0xE0, 0xE4
	cp (xwa), 0xFF
	jr nz, LABEL_FD6120
	ldda32 xwa, 48300
	lds bc, 4
	ldw de, 0x9
	jrl MidiSeq_ChannelWriteEpilog

LABEL_FD611A:
	inc1_berp 0xFB
	jrl LABEL_FD6026

LABEL_FD6120:
	cp l, (xwa)
	jr z, LABEL_FD612A
	cp (xwa), 0xFE
	jrl nz, LABEL_FD61F0

LABEL_FD612A:
	extz hl
	ldda32 xwa, 48300
	lds bc, 7
	ld de, hl
	calr MIDI_ReadChannelParam
	ldto_berp A, 0xFB
	extz wa
	muls wa, 0x6
	ld bc, wa
	ld xwa, (xsp + 2)
	st_dri3b W, 0x07, 0xE0, 0xE4
	ld e, (xwa + 1)
	ldda32 xwa, 48300
	lds bc, 0
	calr MIDI_ReadChannelParam
	ldto_berp A, 0xFB
	extz wa
	muls wa, 0x6
	ld bc, wa
	ld xwa, (xsp + 2)
	st_dri3b W, 0x07, 0xE0, 0xE4
	ld e, (xwa + 1)
	cps e, 0
	jr z, LABEL_FD61BC
	ldda32 xwa, 48300
	lds bc, 0
	calr MIDI_ReadChannelParam
	ldto_berp A, 0xFB
	extz wa
	muls wa, 0x6
	ld bc, wa
	ld xwa, (xsp + 2)
	st_dri3b W, 0x07, 0xE0, 0xE4
	ld xwa, (xwa + 2)
	ld e, (xwa)
	ldda32 xwa, 48300
	lds bc, 1
	calr MIDI_ReadChannelParam
	ldto_berp A, 0xFB
	extz wa
	muls wa, 0x6
	ld bc, wa
	ld xwa, (xsp + 2)
	st_dri3b W, 0x07, 0xE0, 0xE4
	ld xwa, (xwa + 2)
	ld e, (xwa + 1)
	ldda32 xwa, 48300
	lds bc, 2
	jrl MidiSeq_ChannelWriteEpilog

LABEL_FD61BC:
	ld xwa, (xwa + 2)
	ld (xsp + 2), xwa
	ldda32 xwa, 48212
	calr MidiChan_DequeueVoiceEntry
	ldi_berp 0xFB, 0

LABEL_FD61CC:
	ldto_berp A, 0xFB
	extz wa
	muls wa, 0x6
	ld bc, wa
	ld xwa, (xsp + 2)
	st_dri3b W, 0x07, 0xE0, 0xE4
	cp (xwa), 0xFF
	jr nz, LABEL_FD61F6
	ldda32 xwa, 48300
	lds bc, 4
	ldw de, 0xA
	jrl MidiSeq_ChannelWriteEpilog

LABEL_FD61F0:
	inc1_berp 0xFB
	jrl LABEL_FD60F6

LABEL_FD61F6:
	cp l, (xwa)
	jr z, LABEL_FD6200
	cp (xwa), 0xFE
	jrl nz, LABEL_FD62C7

LABEL_FD6200:
	extz hl
	ldda32 xwa, 48300
	ldw bc, 0x8
	ld de, hl
	calr MIDI_ReadChannelParam
	ldto_berp A, 0xFB
	extz wa
	muls wa, 0x6
	ld bc, wa
	ld xwa, (xsp + 2)
	st_dri3b W, 0x07, 0xE0, 0xE4
	ld e, (xwa + 1)
	ldda32 xwa, 48300
	lds bc, 0
	calr MIDI_ReadChannelParam
	ldto_berp A, 0xFB
	extz wa
	muls wa, 0x6
	ld bc, wa
	ld xwa, (xsp + 2)
	st_dri3b W, 0x07, 0xE0, 0xE4
	ld e, (xwa + 1)
	cps e, 0
	jr z, LABEL_FD6293
	ldda32 xwa, 48300
	lds bc, 0
	calr MIDI_ReadChannelParam
	ldto_berp A, 0xFB
	extz wa
	muls wa, 0x6
	ld bc, wa
	ld xwa, (xsp + 2)
	st_dri3b W, 0x07, 0xE0, 0xE4
	ld xwa, (xwa + 2)
	ld e, (xwa)
	ldda32 xwa, 48300
	lds bc, 1
	calr MIDI_ReadChannelParam
	ldto_berp A, 0xFB
	extz wa
	muls wa, 0x6
	ld bc, wa
	ld xwa, (xsp + 2)
	st_dri3b W, 0x07, 0xE0, 0xE4
	ld xwa, (xwa + 2)
	ld e, (xwa + 1)
	ldda32 xwa, 48300
	lds bc, 2
	jrl MidiSeq_ChannelWriteEpilog

LABEL_FD6293:
	ld xwa, (xwa + 2)
	ld (xsp + 2), xwa
	ldda32 xwa, 48212
	calr MidiChan_DequeueVoiceEntry
	ldi_berp 0xFB, 0

LABEL_FD62A3:
	ldto_berp A, 0xFB
	extz wa
	muls wa, 0x6
	ld bc, wa
	ld xwa, (xsp + 2)
	st_dri3b W, 0x07, 0xE0, 0xE4
	cp (xwa), 0xFF
	jr nz, LABEL_FD62CD
	ldda32 xwa, 48300
	lds bc, 4
	ldw de, 0xB
	jrl MidiSeq_ChannelWriteEpilog

LABEL_FD62C7:
	inc1_berp 0xFB
	jrl LABEL_FD61CC

LABEL_FD62CD:
	cp l, (xwa)
	jr z, LABEL_FD62D7
	cp (xwa), 0xFE
	jrl nz, LABEL_FD639E

LABEL_FD62D7:
	extz hl
	ldda32 xwa, 48300
	ldw bc, 0x9
	ld de, hl
	calr MIDI_ReadChannelParam
	ldto_berp A, 0xFB
	extz wa
	muls wa, 0x6
	ld bc, wa
	ld xwa, (xsp + 2)
	st_dri3b W, 0x07, 0xE0, 0xE4
	ld e, (xwa + 1)
	ldda32 xwa, 48300
	lds bc, 0
	calr MIDI_ReadChannelParam
	ldto_berp A, 0xFB
	extz wa
	muls wa, 0x6
	ld bc, wa
	ld xwa, (xsp + 2)
	st_dri3b W, 0x07, 0xE0, 0xE4
	ld e, (xwa + 1)
	cps e, 0
	jr z, LABEL_FD636A
	ldda32 xwa, 48300
	lds bc, 0
	calr MIDI_ReadChannelParam
	ldto_berp A, 0xFB
	extz wa
	muls wa, 0x6
	ld bc, wa
	ld xwa, (xsp + 2)
	st_dri3b W, 0x07, 0xE0, 0xE4
	ld xwa, (xwa + 2)
	ld e, (xwa)
	ldda32 xwa, 48300
	lds bc, 1
	calr MIDI_ReadChannelParam
	ldto_berp A, 0xFB
	extz wa
	muls wa, 0x6
	ld bc, wa
	ld xwa, (xsp + 2)
	st_dri3b W, 0x07, 0xE0, 0xE4
	ld xwa, (xwa + 2)
	ld e, (xwa + 1)
	ldda32 xwa, 48300
	lds bc, 2
	jrl MidiSeq_ChannelWriteEpilog

LABEL_FD636A:
	ld xwa, (xwa + 2)
	ld (xsp + 2), xwa
	ldda32 xwa, 48212
	calr MidiChan_DequeueVoiceEntry
	ldi_berp 0xFB, 0

LABEL_FD637A:
	ldto_berp A, 0xFB
	extz wa
	muls wa, 0x6
	ld bc, wa
	ld xwa, (xsp + 2)
	st_dri3b W, 0x07, 0xE0, 0xE4
	cp (xwa), 0xFF
	jr nz, LABEL_FD63A4
	ldda32 xwa, 48300
	lds bc, 4
	ldw de, 0xC
	jrl MidiSeq_ChannelWriteEpilog

LABEL_FD639E:
	inc1_berp 0xFB
	jrl LABEL_FD62A3

LABEL_FD63A4:
	cp l, (xwa)
	jr z, LABEL_FD63AE
	cp (xwa), 0xFE
	jrl nz, LABEL_FD6475

LABEL_FD63AE:
	extz hl
	ldda32 xwa, 48300
	ldw bc, 0xA
	ld de, hl
	calr MIDI_ReadChannelParam
	ldto_berp A, 0xFB
	extz wa
	muls wa, 0x6
	ld bc, wa
	ld xwa, (xsp + 2)
	st_dri3b W, 0x07, 0xE0, 0xE4
	ld e, (xwa + 1)
	ldda32 xwa, 48300
	lds bc, 0
	calr MIDI_ReadChannelParam
	ldto_berp A, 0xFB
	extz wa
	muls wa, 0x6
	ld bc, wa
	ld xwa, (xsp + 2)
	st_dri3b W, 0x07, 0xE0, 0xE4
	ld e, (xwa + 1)
	cps e, 0
	jr z, LABEL_FD6441
	ldda32 xwa, 48300
	lds bc, 0
	calr MIDI_ReadChannelParam
	ldto_berp A, 0xFB
	extz wa
	muls wa, 0x6
	ld bc, wa
	ld xwa, (xsp + 2)
	st_dri3b W, 0x07, 0xE0, 0xE4
	ld xwa, (xwa + 2)
	ld e, (xwa)
	ldda32 xwa, 48300
	lds bc, 1
	calr MIDI_ReadChannelParam
	ldto_berp A, 0xFB
	extz wa
	muls wa, 0x6
	ld bc, wa
	ld xwa, (xsp + 2)
	st_dri3b W, 0x07, 0xE0, 0xE4
	ld xwa, (xwa + 2)
	ld e, (xwa + 1)
	ldda32 xwa, 48300
	lds bc, 2
	jrl MidiSeq_ChannelWriteEpilog

LABEL_FD6441:
	ld xwa, (xwa + 2)
	ld (xsp + 2), xwa
	ldda32 xwa, 48212
	calr MidiChan_DequeueVoiceEntry
	ldi_berp 0xFB, 0

LABEL_FD6451:
	ldto_berp A, 0xFB
	extz wa
	muls wa, 0x6
	ld bc, wa
	ld xwa, (xsp + 2)
	st_dri3b W, 0x07, 0xE0, 0xE4
	cp (xwa), 0xFF
	jr nz, LABEL_FD647B
	ldda32 xwa, 48300
	lds bc, 4
	ldw de, 0xD
	jrl MidiSeq_ChannelWriteEpilog

LABEL_FD6475:
	inc1_berp 0xFB
	jrl LABEL_FD637A

LABEL_FD647B:
	cp l, (xwa)
	jr z, LABEL_FD6485
	cp (xwa), 0xFE
	jrl nz, LABEL_FD654C

LABEL_FD6485:
	extz hl
	ldda32 xwa, 48300
	ldw bc, 0xB
	ld de, hl
	calr MIDI_ReadChannelParam
	ldto_berp A, 0xFB
	extz wa
	muls wa, 0x6
	ld bc, wa
	ld xwa, (xsp + 2)
	st_dri3b W, 0x07, 0xE0, 0xE4
	ld e, (xwa + 1)
	ldda32 xwa, 48300
	lds bc, 0
	calr MIDI_ReadChannelParam
	ldto_berp A, 0xFB
	extz wa
	muls wa, 0x6
	ld bc, wa
	ld xwa, (xsp + 2)
	st_dri3b W, 0x07, 0xE0, 0xE4
	ld e, (xwa + 1)
	cps e, 0
	jr z, LABEL_FD6518
	ldda32 xwa, 48300
	lds bc, 0
	calr MIDI_ReadChannelParam
	ldto_berp A, 0xFB
	extz wa
	muls wa, 0x6
	ld bc, wa
	ld xwa, (xsp + 2)
	st_dri3b W, 0x07, 0xE0, 0xE4
	ld xwa, (xwa + 2)
	ld e, (xwa)
	ldda32 xwa, 48300
	lds bc, 1
	calr MIDI_ReadChannelParam
	ldto_berp A, 0xFB
	extz wa
	muls wa, 0x6
	ld bc, wa
	ld xwa, (xsp + 2)
	st_dri3b W, 0x07, 0xE0, 0xE4
	ld xwa, (xwa + 2)
	ld e, (xwa + 1)
	ldda32 xwa, 48300
	lds bc, 2
	jrl MidiSeq_ChannelWriteEpilog

LABEL_FD6518:
	ld xwa, (xwa + 2)
	ld (xsp + 2), xwa
	ldda32 xwa, 48212
	calr MidiChan_DequeueVoiceEntry
	ldi_berp 0xFB, 0

LABEL_FD6528:
	ldto_berp A, 0xFB
	extz wa
	muls wa, 0x6
	ld bc, wa
	ld xwa, (xsp + 2)
	st_dri3b W, 0x07, 0xE0, 0xE4
	cp (xwa), 0xFF
	jr nz, LABEL_FD6552
	ldda32 xwa, 48300
	lds bc, 4
	ldw de, 0xE
	jrl MidiSeq_ChannelWriteEpilog

LABEL_FD654C:
	inc1_berp 0xFB
	jrl LABEL_FD6451

LABEL_FD6552:
	cp l, (xwa)
	jr z, LABEL_FD655C
	cp (xwa), 0xFE
	jrl nz, LABEL_FD6622

LABEL_FD655C:
	extz hl
	ldda32 xwa, 48300
	ldw bc, 0xC
	ld de, hl
	calr MIDI_ReadChannelParam
	ldto_berp A, 0xFB
	extz wa
	muls wa, 0x6
	ld bc, wa
	ld xwa, (xsp + 2)
	st_dri3b W, 0x07, 0xE0, 0xE4
	ld e, (xwa + 1)
	ldda32 xwa, 48300
	lds bc, 0
	calr MIDI_ReadChannelParam
	ldto_berp A, 0xFB
	extz wa
	muls wa, 0x6
	ld bc, wa
	ld xwa, (xsp + 2)
	st_dri3b W, 0x07, 0xE0, 0xE4
	ld e, (xwa + 1)
	cps e, 0
	jr z, LABEL_FD65EF
	ldda32 xwa, 48300
	lds bc, 0
	calr MIDI_ReadChannelParam
	ldto_berp A, 0xFB
	extz wa
	muls wa, 0x6
	ld bc, wa
	ld xwa, (xsp + 2)
	st_dri3b W, 0x07, 0xE0, 0xE4
	ld xwa, (xwa + 2)
	ld e, (xwa)
	ldda32 xwa, 48300
	lds bc, 1
	calr MIDI_ReadChannelParam
	ldto_berp A, 0xFB
	extz wa
	muls wa, 0x6
	ld bc, wa
	ld xwa, (xsp + 2)
	st_dri3b W, 0x07, 0xE0, 0xE4
	ld xwa, (xwa + 2)
	ld e, (xwa + 1)
	ldda32 xwa, 48300
	lds bc, 2
	jrl MidiSeq_ChannelWriteEpilog

LABEL_FD65EF:
	ld xwa, (xwa + 2)
	ld (xsp + 2), xwa
	ldda32 xwa, 48212
	calr MidiChan_DequeueVoiceEntry
	ldi_berp 0xFB, 0

LABEL_FD65FF:
	ldto_berp A, 0xFB
	extz wa
	muls wa, 0x6
	ld bc, wa
	ld xwa, (xsp + 2)
	exts xbc
	add xbc, xwa
	ldda32 xwa, 48300
	cp (xbc), 0xFF
	jr nz, LABEL_FD6628
	lds bc, 4
	ldw de, 0xF
	jrl MidiSeq_ChannelWriteEpilog

LABEL_FD6622:
	inc1_berp 0xFB
	jrl LABEL_FD6528

LABEL_FD6628:
	cp l, (xbc)
	jr z, LABEL_FD6632
	cp (xbc), 0xFE
	jrl nz, LABEL_FD66F5

LABEL_FD6632:
	extz hl
	ldw bc, 0xD
	ld de, hl
	calr MIDI_ReadChannelParam
	ldto_berp A, 0xFB
	extz wa
	muls wa, 0x6
	ld bc, wa
	ld xwa, (xsp + 2)
	st_dri3b W, 0x07, 0xE0, 0xE4
	ld e, (xwa + 1)
	ldda32 xwa, 48300
	lds bc, 0
	calr MIDI_ReadChannelParam
	ldto_berp A, 0xFB
	extz wa
	muls wa, 0x6
	ld bc, wa
	ld xwa, (xsp + 2)
	st_dri3b W, 0x07, 0xE0, 0xE4
	ld e, (xwa + 1)
	cps e, 0
	jr z, LABEL_FD66C1
	ldda32 xwa, 48300
	lds bc, 0
	calr MIDI_ReadChannelParam
	ldto_berp A, 0xFB
	extz wa
	muls wa, 0x6
	ld bc, wa
	ld xwa, (xsp + 2)
	st_dri3b W, 0x07, 0xE0, 0xE4
	ld xwa, (xwa + 2)
	ld e, (xwa)
	ldda32 xwa, 48300
	lds bc, 1
	calr MIDI_ReadChannelParam
	ldto_berp A, 0xFB
	extz wa
	muls wa, 0x6
	ld bc, wa
	ld xwa, (xsp + 2)
	st_dri3b W, 0x07, 0xE0, 0xE4
	ld xwa, (xwa + 2)
	ld e, (xwa + 1)
	ldda32 xwa, 48300
	lds bc, 2
	jrl MidiSeq_ChannelWriteEpilog

LABEL_FD66C1:
	ld xwa, (xwa + 2)
	ld (xsp + 2), xwa
	ldda32 xwa, 48212
	calr MidiChan_DequeueVoiceEntry
	ldi_berp 0xFB, 0
	ldda32 xwa, 48300

LABEL_FD66D5:
	ldto_berp C, 0xFB
	extz bc
	muls bc, 0x6
	ld de, bc
	ld xbc, (xsp + 2)
	st_dri3b A, 0x07, 0xE4, 0xE8
	cp (xbc), 0xFF
	jr nz, LABEL_FD66FB
	lds bc, 4
	ldw de, 0x10
	jrl MidiSeq_ChannelWriteEpilog

LABEL_FD66F5:
	inc1_berp 0xFB
	jrl LABEL_FD65FF

LABEL_FD66FB:
	cp l, (xbc)
	jr z, LABEL_FD6705
	cp (xbc), 0xFE
	jrl nz, LABEL_FD679A

LABEL_FD6705:
	extz hl
	ldw bc, 0xE
	ld de, hl
	calr MIDI_ReadChannelParam
	ldto_berp A, 0xFB
	extz wa
	muls wa, 0x6
	ld bc, wa
	ld xwa, (xsp + 2)
	st_dri3b W, 0x07, 0xE0, 0xE4
	ld e, (xwa + 1)
	ldda32 xwa, 48300
	lds bc, 0
	calr MIDI_ReadChannelParam
	ldto_berp A, 0xFB
	extz wa
	muls wa, 0x6
	ld bc, wa
	ld xwa, (xsp + 2)
	st_dri3b W, 0x07, 0xE0, 0xE4
	ld e, (xwa + 1)
	cps e, 0
	jr z, LABEL_FD6794
	ldda32 xwa, 48300
	lds bc, 0
	calr MIDI_ReadChannelParam
	ldto_berp A, 0xFB
	extz wa
	muls wa, 0x6
	ld bc, wa
	ld xwa, (xsp + 2)
	st_dri3b W, 0x07, 0xE0, 0xE4
	ld xwa, (xwa + 2)
	ld e, (xwa)
	ldda32 xwa, 48300
	lds bc, 1
	calr MIDI_ReadChannelParam
	ldto_berp A, 0xFB
	extz wa
	muls wa, 0x6
	ld bc, wa
	ld xwa, (xsp + 2)
	st_dri3b W, 0x07, 0xE0, 0xE4
	ld xwa, (xwa + 2)
	ld e, (xwa + 1)
	ldda32 xwa, 48300
	lds bc, 2

MidiSeq_ChannelWriteEpilog:
	calr MIDI_ReadChannelParam

LABEL_FD6794:
	pop_werp 0xFA
	inc 4, xsp
	ret

LABEL_FD679A:
	inc1_berp 0xFB
	jrl LABEL_FD66D5

LABEL_FD67A0:
	ret

LABEL_FD67A1:
	push xiz
	ldda32 xwa, 48300
	lds bc, 4
	calr SeqData_ReadFieldByIndex
	cps l, 0
	jrl nz, MidiSeq_PopIzRet
	ldda32 xwa, 48300
	lds bc, 0
	calr SeqData_ReadFieldByIndex
	ldfr_berp L, 0xFB
	cp_erpb 0xFB, 0x11
	jr z, LABEL_FD67CF
	cp_erpb 0xFB, 0x14
	jr z, LABEL_FD67CF
	cp_erpb 0xFB, 0x19
	jrl nz, LABEL_FD6862

LABEL_FD67CF:
	ldda32 xwa, 48212
	calr MidiChan_DequeueVoiceEntry
	ldfr_berp L, 0xF8
	ldda32 xwa, 48212
	calr MidiChan_DequeueVoiceEntry
	ldfr_berp L, 0xF9
	ldda32 xwa, 48212
	calr MidiChan_DequeueVoiceEntry
	ldfr_berp L, 0xFA
	lds32 xde, 0
	ldto_berp E, 0xFA
	lds32 xwa, 0
	ldto_berp A, 0xF9
	sll xwa, 7
	or xde, xwa
	lds32 xwa, 0
	ldto_berp A, 0xF8
	sll xwa, 14
	or xde, xwa
	cp_erpb 0xFB, 0x14
	jr z, LABEL_FD6826
	cp_erpb 0xFB, 0x19
	jr z, LABEL_FD681F
	cp_erpb 0xFB, 0x11
	jr nz, LABEL_FD6826
	ld xbc, 0x15440
	jr LABEL_FD682B

LABEL_FD681F:
	ld xbc, 0x3900
	jr LABEL_FD682B

LABEL_FD6826:
	ld xbc, 0x4D800

LABEL_FD682B:
	ldda32 xwa, 48300
	cp xde, xbc
	jr ugt, LABEL_FD685B
	ldto_berp E, 0xF8
	extz de
	ldw bc, 0xC
	calr MIDI_ReadChannelParam
	ldto_berp E, 0xF9
	extz de
	ldda32 xwa, 48300
	ldw bc, 0xD
	calr MIDI_ReadChannelParam
	ldto_berp E, 0xFA
	extz de
	ldda32 xwa, 48300
	ldw bc, 0xE
	jr LABEL_FD68B3

LABEL_FD685B:
	lds bc, 4
	ldw de, 0x16
	jr LABEL_FD68B3

LABEL_FD6862:
	cp_erpb 0xFB, 0x1B
	jr z, LABEL_FD686E
	cp_erpb 0xFB, 0x1D
	jr nz, MidiSeq_PopIzRet

LABEL_FD686E:
	ldda32 xwa, 48300
	ldw bc, 0xC
	calr SeqData_ReadFieldByIndex
	cp l, 0xFF
	jr nz, MidiSeq_PopIzRet
	ldda32 xwa, 48212
	calr MidiChan_DequeueVoiceEntry
	ldfr_berp L, 0xF8
	ldda32 xwa, 48212
	calr MidiChan_DequeueVoiceEntry
	ldto_berp A, 0xF8
	or a, l
	ldfr_berp A, 0xF8
	ldda32 xwa, 48212
	calr MidiChan_DequeueVoiceEntry
	ldto_berp A, 0xF8
	or a, l
	ldfr_berp A, 0xF8
	cpi_berp 0xF8, 1
	jr z, MidiSeq_PopIzRet
	ldda32 xwa, 48300
	lds bc, 4
	ldw de, 0xE

LABEL_FD68B3:
	calr MIDI_ReadChannelParam

MidiSeq_PopIzRet:
	pop xiz
	ret

LABEL_FD68B8:
	push_werp 0xFA
	ldda32 xwa, 48300
	lds bc, 4
	calr SeqData_ReadFieldByIndex
	cps l, 0
	jrl nz, MidiSeq_PopRetFA
	ldda32 xwa, 48300
	ldw bc, 0xC
	calr SeqData_ReadFieldByIndex
	ldfr_berp L, 0xFB
	ldda32 xwa, 48300
	ldw bc, 0xD
	calr SeqData_ReadFieldByIndex
	ldto_berp A, 0xFB
	or a, l
	ldfr_berp A, 0xFB
	ldda32 xwa, 48300
	ldw bc, 0xE
	calr SeqData_ReadFieldByIndex
	ldto_berp A, 0xFB
	or a, l
	ldfr_berp A, 0xFB
	and a, 0xFF
	jr z, MidiSeq_PopRetFA
	ldda32 xwa, 48300
	lds bc, 5
	calr SeqData_ReadFieldByIndex
	ldfr_berp L, 0xFB
	cp_erpb 0xFB, 0x7E
	jr z, LABEL_FD691D
	cp_erpb 0xFB, 0x2D
	jr z, LABEL_FD691D
	cp_erpb 0xFB, 0x2C
	jr nz, MidiSeq_PopRetFA

LABEL_FD691D:
	ldda32 xbc, 48212
	ld xde, (xbc + 10)
	dec 3, xde
	ld xwa, (xbc + 2)
	ld (xbc + 6), xwa
	ldda32 xbc, 48212
	inc 2, xbc
	cp (xbc), xde
	jr nc, LABEL_FD6940
	ld xhl, xbc

LABEL_FD6938:
	lds32 xwa, 2
	add (xhl), xwa
	cp (xbc), xde
	jr c, LABEL_FD6938

LABEL_FD6940:
	ldda32 xwa, 48212
	cp (xwa + 2), xde
	jr z, MidiSeq_PopRetFA
	ldda32 xwa, 48300
	lds bc, 4
	ldw de, 0x11
	calr MIDI_ReadChannelParam

MidiSeq_PopRetFA:
	pop_werp 0xFA
	ret

LABEL_FD6959:
	push_werp 0xFA
	ldi_berp 0xFB, 0
	ldda32 xwa, 48300
	lds bc, 4
	calr SeqData_ReadFieldByIndex
	cps l, 0
	jr nz, MidiChan_DequeueExit
	ldda32 xwa, 48300
	lds bc, 5
	calr SeqData_ReadFieldByIndex
	cp l, 0x7E
	jr z, SeqData_ParseFieldAndDequeue
	cp l, 0x2D
	jr z, SeqData_ParseFieldAndDequeue
	cp l, 0x2C
	jr z, SeqData_ParseFieldAndDequeue
	cp l, 0x2B
	jr nz, MidiChan_DequeueExit

SeqData_ParseFieldAndDequeue:
	ldda32 xwa, 48212
	calr MidiChan_DequeueVoiceEntry
	ldda32 xwa, 48300
	cps l, 0
	jr z, LABEL_FD699C
	cps l, 1
	jr nz, LABEL_FD69E2

LABEL_FD699C:
	extz hl
	ldw bc, 0xF
	ld de, hl
	calr MIDI_ReadChannelParam
	ldda32 xwa, 48212
	lda xbc, (xwa + 15)
	ld xhl, xbc
	ld xde, (xwa + 2)
	cp xbc, xde
	jr z, LABEL_FD69C3

LABEL_FD69B6:
	ldto_berp C, 0xFB
	add_spib C, 0xEC
	ldfr_berp C, 0xFB
	cp xhl, xde
	jr nz, LABEL_FD69B6

LABEL_FD69C3:
	ldto_berp C, 0xFB
	neg c
	ldfr_berp C, 0xFB
	res_erpb 0xFB, 0x07
	calr MidiChan_DequeueVoiceEntry
	cp_berp L, 0xFB
	jr z, MidiChan_DequeueExit
	ldda32 xwa, 48300
	lds bc, 4
	ldw de, 0x14
	jr LABEL_FD69E7

LABEL_FD69E2:
	lds bc, 4
	ldw de, 0x12

LABEL_FD69E7:
	calr MIDI_ReadChannelParam

MidiChan_DequeueExit:
	pop_werp 0xFA
	ret

SeqBuf_FlushNoteOffs:
	ld de, bc
	dec 1, bc
	cps de, 0
	jr z, LABEL_FD6A13
	ldda32 xhl, 48220
	lda xix, (xhl + 10)

LABEL_FD69FD:
	ld xde, (xix)
	st_dpib E, 0xE8
	ld (xix), xde
	ld_spib E, 0xE0
	ld (xiy), e
	incm 1, (xhl)
	ld de, bc
	dec 1, bc
	cps de, 0
	jr nz, LABEL_FD69FD

LABEL_FD6A13:
	ldda32 xwa, 48220
	ld xwa, (xwa + 10)
	ld (xwa), 0xFF
	ldda32 xwa, 48220
	ld xbc, (xwa + 10)
	cp (xbc - 1), 0xF7
	ret nz

	calr LABEL_FD6BAF
	call LABEL_FD73A1
	call ArpQueue_SwapBuffers
	ret

LABEL_FD6A36:
	dec	4, xsp
	lda	xwa, (xsp)
	ldada	xde, 48340
	ld	xbc, (xde)
	srl	xbc, 14
	res	7, c
	ld	(xwa), c
	ld	xbc, (xde)
	srl	xbc, 7
	res	7, c
	ld	(xwa+1), c
	ld	xbc, (xde)
	res	7, c
	ld	(xwa+2), c
	lds	bc, 3
	calr	3
	inc	4, xsp
	ret

ArpQueue_Enqueue:
	ld de, bc
	dec 1, bc
	cps de, 0
	jr z, LABEL_FD6A88
	ldda32 xhl, 48220
	lda xix, (xhl + 10)

LABEL_FD6A72:
	ld xde, (xix)
	st_dpib E, 0xE8
	ld (xix), xde
	ld_spib E, 0xE0
	ld (xiy), e
	incm 1, (xhl)
	ld de, bc
	dec 1, bc
	cps de, 0
	jr nz, LABEL_FD6A72

LABEL_FD6A88:
	ldda32 xwa, 48220
	ld xwa, (xwa + 10)
	ld (xwa), 0xFF
	ret

LABEL_FD6A93:
	.byte 0xe1, 0xac, 0xbc, 0x20, 0x88, 0x04, 0x3f, 0x00
	.byte 0xb0, 0xfe, 0xe1, 0xac, 0xbc, 0x20, 0x88, 0x04
	.byte 0x3f, 0x00, 0xb0, 0xfe, 0x1d, 0x0f, 0x76, 0xfd
	.byte 0x1e, 0x24, 0x00, 0x1e, 0x36, 0x00, 0x1e, 0x81
	.byte 0x00, 0x1e, 0xc3, 0x00, 0xe1, 0x5c, 0xbc, 0x20
	.byte 0x1e, 0xf1, 0x00, 0x1d, 0xa1, 0x73, 0xfd, 0x1d
	.byte 0x28, 0x84, 0xfd, 0x1e, 0xe7, 0xf1, 0xe1, 0xd4
	.byte 0xbc, 0x20, 0xe8, 0xe0, 0x6e, 0xcc, 0x0e, 0xe1
	.byte 0xb8, 0xbc, 0x20, 0x88, 0x0f, 0x3f, 0x01, 0xb0
	.byte 0xfe, 0x40, 0xb8, 0x35, 0xee, 0x00, 0xd9, 0xab
	.byte 0x1e, 0x08, 0xff, 0x0e, 0xef, 0x6a, 0xe1, 0xd4
	.byte 0xbc, 0x20, 0xe8, 0xe0, 0x66, 0x41, 0xb7, 0x30
	.byte 0xb8, 0x01, 0x32, 0xf1, 0xcc, 0xbc, 0x33, 0xa3
	.byte 0x21, 0xf5, 0xe4, 0x34, 0xb3, 0x61, 0x84, 0x23
	.byte 0xb2, 0x43, 0xb0, 0x43, 0xcb, 0xef, 0x04, 0xb0
	.byte 0x43, 0x82, 0x3c, 0x0f, 0xd9, 0xaa, 0x1e, 0x4f
	.byte 0xff, 0xe8, 0xa9, 0xe1, 0xc4, 0xbc, 0xa8, 0xf1
	.byte 0xd4, 0xbc, 0x31, 0xa1, 0x20, 0xe8, 0x69, 0xb1
	.byte 0x60, 0xe8, 0xe0, 0x66, 0x0a, 0xe1, 0x5c, 0xbc
	.byte 0x20, 0x90, 0x3f, 0xfc, 0x00, 0x67, 0xbf, 0xef
	.byte 0x62, 0x0e, 0xef, 0x6a, 0xb7, 0x00, 0x01, 0xe1
	.byte 0xd4, 0xbc, 0x20, 0xe8, 0xe0, 0x6e, 0x03, 0xb7
	.byte 0x00, 0x00, 0xb7, 0x30, 0xd9, 0xa9, 0x1e, 0x17
	.byte 0xff, 0x87, 0x25, 0xda, 0x12, 0xe1, 0xb4, 0xbc
	.byte 0x20, 0x31, 0x0f, 0x00, 0x1e, 0xe0, 0xf2, 0xef
	.byte 0x62, 0x0e, 0xef, 0x6a, 0xb7, 0x00, 0x01, 0xb7
	.byte 0x30, 0xd9, 0xa9, 0x1e, 0xfa, 0xfe, 0x87, 0x25
	.byte 0xda, 0x12, 0xe1, 0xb4, 0xbc, 0x20, 0x31, 0x0f
	.byte 0x00, 0x1e, 0xc3, 0xf2, 0xef, 0x62, 0x0e

ArpQueue_ComputeAndEnqueue:
	dec 2, xsp
	ldb e, 0x0
	ld xiy, 0xEE2D6A
	ld xix, xsp
	ldiw
	ldda32 xwa, 48220
	lda xbc, (xwa + 15)
	ld xhl, xbc
	ld xwa, (xwa + 10)
	cp xbc, xwa
	jr z, LABEL_FD6B9E

LABEL_FD6B97:
	add_spib E, 0xEC
	cp xhl, xwa
	jr nz, LABEL_FD6B97

LABEL_FD6B9E:
	lda xwa, (xsp)
	neg e
	res 7, e
	ld (xwa), e
	lds bc, 2
	calr ArpQueue_Enqueue
	inc 2, xsp
	ret

LABEL_FD6BAF:
	dec 2, xsp
	push xiz
	ld xiz, xwa
	ld wa, (xiz)
	ld (xsp + 4), wa
	stdi8 1060, 240
	ld xwa, xiz
	calr LABEL_FD5CAB
	lda xiz, (xiz + 14)
	cpw (xsp + 4), 0x20
	jr ule, LABEL_FD6BEA

LABEL_FD6BCD:
	ei 6
	push xiz
	pushw 0x20
	call SeqOut_WriteTimedBytes
	inc 6, xsp
	ei 0
	submi16 (xsp + 4), 0x20
	lda xiz, (xiz + 32)
	cpw (xsp + 4), 0x20
	jr ugt, LABEL_FD6BCD

LABEL_FD6BEA:
	ei 6
	push xiz
	pushm (xsp + 8)
	call SeqOut_WriteTimedBytes
	inc 6, xsp
	ei 0
	pop xiz
	inc 2, xsp
	ret

SeqOut_FlushTimedBuffer:
	dec 2, xsp
	push xiz
	ld xiz, xwa
	ld wa, (xiz)
	ld (xsp + 4), wa
	stdi8 1060, 240
	ld xwa, xiz
	calr LABEL_FD5CAB
	lda xiz, (xiz + 14)
	cpw (xsp + 4), 0x20
	jr ule, LABEL_FD6C37

LABEL_FD6C1A:
	ei 6
	push xiz
	pushw 0x20
	call SeqOut_WriteTimedBytes
	inc 6, xsp
	ei 0
	submi16 (xsp + 4), 0x20
	lda xiz, (xiz + 32)
	cpw (xsp + 4), 0x20
	jr ugt, LABEL_FD6C1A

LABEL_FD6C37:
	ei 6
	push xiz
	pushm (xsp + 8)
	call SeqOut_WriteTimedBytes
	inc 6, xsp
	ei 0
	pop xiz
	inc 2, xsp
	ret

LABEL_FD6C49:
	.byte 0xe8, 0x8a, 0x82, 0x21, 0xf5, 0xe4, 0x41, 0x8a
	.byte 0x01, 0x21, 0xf5, 0xe4, 0x41, 0x8a, 0x02, 0x21
	.byte 0xf5, 0xe4, 0x41, 0x8a, 0x03, 0x21, 0xf5, 0xe4
	ld	xbc, 0x0eff00b1

LABEL_FD6C66:
	dec 4, xsp
	lda xbc, (xsp)
	ld xde, (xsp + 8)
	ld_spib A, 0xE8
	ld (xbc), a
	cp a, 0xFF
	jr z, LABEL_FD6C88
	ld_spib A, 0xE8
	ld (xbc + 1), a
	ld_spib A, 0xE8
	ld (xbc + 2), a
	ld a, (xde)
	ld (xbc + 3), a

LABEL_FD6C88:
	ld xhl, (xsp)
	inc 4, xsp
	ret

LABEL_FD6C8D:
	.byte 0xbf, 0xf4, 0x37, 0x3e, 0xe1, 0x54, 0xbc, 0x26
	.byte 0x96, 0x3f, 0x00, 0x00, 0x66, 0x72, 0xbe, 0x06
	.byte 0x31, 0xe9, 0x8c, 0xe9, 0x8b, 0xf1, 0xec, 0xbc
	.byte 0x35, 0xed, 0x8a, 0xf1, 0xe4, 0xbc, 0x30, 0xbf
	.byte 0x04, 0x60, 0xed, 0x60, 0xbf, 0x08, 0x61, 0xbe
	.byte 0x0a, 0x30, 0xbf, 0x0c, 0x60, 0xa4, 0x20, 0xf5
	.byte 0xe0, 0x31, 0xb4, 0x60, 0x81, 0x23, 0xcb, 0xee
	.byte 0x04, 0xa3, 0x20, 0xf5, 0xe0, 0x36, 0xb3, 0x60
	.byte 0x86, 0x20, 0xc8, 0xcc, 0x0f, 0xc8, 0xd3, 0xa2
	.byte 0x20, 0xf5, 0xe0, 0x36, 0xb2, 0x60, 0xb6, 0x43
	.byte 0xaf, 0x04, 0x20, 0xe9, 0xa9, 0xa0, 0xa9, 0xa5
	.byte 0x21, 0xe9, 0x69, 0xb5, 0x61, 0xaf, 0x0c, 0x20
	.byte 0xa0, 0x20, 0xb8, 0xfd, 0x36, 0xaf, 0x08, 0x20
	.byte 0xa0, 0xfe, 0x67, 0x04, 0xdb, 0xa8, 0x68, 0x13
	.byte 0xe9, 0xe1, 0x6e, 0xb9, 0xe1, 0xac, 0xbc, 0x20
	.byte 0xd9, 0xac, 0x32, 0x16, 0x00, 0x1e, 0x2d, 0xf1
	.byte 0x33, 0xff, 0xff, 0x5e, 0xbf, 0x0c, 0x37, 0x0e
	.byte 0x3e, 0xe1, 0xac, 0xbc, 0x20, 0x31, 0x0c, 0x00
	.byte 0x1e, 0x96, 0xf1, 0xee, 0xa8, 0xc7, 0xf8, 0x9f
	.byte 0xee, 0xee, 0x0e, 0xe1, 0xac, 0xbc, 0x20, 0x31
	.byte 0x0d, 0x00, 0x1e, 0x84, 0xf1, 0x26, 0x00, 0xeb
	.byte 0x12, 0xeb, 0xee, 0x07, 0xeb, 0xe6, 0xe1, 0xac
	.byte 0xbc, 0x20, 0x31, 0x0e, 0x00, 0x1e, 0x71, 0xf1
	.byte 0x26, 0x00, 0xeb, 0x12, 0xeb, 0xe6, 0xf1, 0xdc
	.byte 0xbc, 0x30, 0xa0, 0x21, 0xee, 0x81, 0xb8, 0x04
	.byte 0x61, 0xb8, 0x08, 0x66, 0xf1, 0xec, 0xbc, 0x30
	.byte 0xa0, 0x21, 0xee, 0x81, 0xb8, 0x04, 0x61, 0xb8
	.byte 0x08, 0x66, 0x5e, 0x0e, 0xef, 0x6c, 0x3e, 0xe8
	.byte 0x8e, 0xf1, 0x80, 0xf9, 0x30, 0xb6, 0x60, 0x1e
	.byte 0xfb, 0x02, 0xbf, 0x04, 0x63, 0x1e, 0x0b, 0x03
	.byte 0xf1, 0xbe, 0xff, 0x30, 0xe8, 0xca, 0x80, 0xf9
	.byte 0x00, 0x00, 0xe8, 0xc8, 0xb2, 0x2c, 0x01, 0x00
	.byte 0xeb, 0x80, 0xaf, 0x04, 0x80, 0xe8, 0xc8, 0x00
	.byte 0x58, 0x00, 0x00, 0xae, 0x08, 0x88, 0xd8, 0xa9
	.byte 0x1e, 0x0c, 0xef, 0xdb, 0xcf, 0xff, 0xff, 0x66
	.byte 0x08, 0x40, 0xaa, 0x72, 0x00, 0x00, 0xae, 0x08
	.byte 0x88, 0xd8, 0xab, 0x1e, 0xf9, 0xee, 0xdb, 0xcf
	.byte 0xff, 0xff, 0x66, 0x06, 0x1e, 0x9f, 0x02, 0xae
	.byte 0x08, 0x8b, 0xae, 0x08, 0x20, 0xa6, 0x80, 0xbe
	.byte 0x04, 0x60, 0x5e, 0xef, 0x64, 0x0e, 0xf1, 0x80
	.byte 0xf9, 0x32, 0xb0, 0x62, 0xf1, 0xbe, 0xff, 0x31
	.byte 0xea, 0xa1, 0xe9, 0x8a, 0xea, 0xc8, 0xb2, 0x2c
	.byte 0x01, 0x00, 0xa0, 0x21, 0xea, 0x8b, 0xe9, 0x83
	.byte 0xb8, 0x04, 0x63, 0xb8, 0x08, 0x62, 0x0e, 0xf1
	.byte 0x80, 0xf9, 0x32, 0xb0, 0x62, 0xf1, 0xbe, 0xff
	.byte 0x31, 0xea, 0xa1, 0xe9, 0x62, 0xe9, 0x8b, 0xea
	.byte 0x83, 0xb8, 0x04, 0x63, 0xb8, 0x08, 0x61, 0x0e
	.byte 0xf2, 0x50, 0xd3, 0x1e, 0x31, 0xb0, 0x61, 0xe9
	.byte 0xc8, 0xb0, 0x2c, 0x01, 0x00, 0xb8, 0x04, 0x61
	.byte 0x41, 0xb0, 0x2c, 0x01, 0x00, 0xb8, 0x08, 0x61
	.byte 0x0e, 0xf2, 0x00, 0x00, 0x1e, 0x31, 0xb0, 0x61
	.byte 0x41, 0xaa, 0x72, 0x00, 0x00, 0xb8, 0x08, 0x61
	.byte 0xa0, 0x21, 0xf3, 0xe5, 0xaa, 0x72, 0x31, 0xb8
	.byte 0x04, 0x61, 0x0e, 0xf2, 0x00, 0x00, 0x1e, 0x31
	.byte 0xb0, 0x61, 0x41, 0x10, 0x00, 0x00, 0x00, 0xb8
	.byte 0x08, 0x61, 0xa0, 0x21, 0xb9, 0x10, 0x31, 0xb8
	.byte 0x04, 0x61, 0x0e, 0xf2, 0x00, 0x00, 0x1e, 0x31
	.byte 0xe9, 0xc8, 0x10, 0x00, 0x00, 0x00, 0xb0, 0x61
	.byte 0x41, 0x9a, 0x72, 0x00, 0x00, 0xb8, 0x08, 0x61
	.byte 0xa0, 0x21, 0xf3, 0xe5, 0x9a, 0x72, 0x31, 0xb8
	.byte 0x04, 0x61, 0x0e, 0x3e, 0xe8, 0x8e, 0xf2, 0x00
	.byte 0x48, 0x09, 0x30, 0xb6, 0x60, 0xe8, 0xc8, 0x00
	.byte 0x68, 0x01, 0x00, 0xbe, 0x04, 0x60, 0x40, 0x00
	.byte 0x68, 0x01, 0x00, 0xbe, 0x08, 0x60, 0xf1, 0x18
	.byte 0xbd, 0xce, 0x66, 0x0d, 0x1e, 0xc7, 0x01, 0xa6
	.byte 0x20, 0xeb, 0x80, 0xbe, 0x04, 0x60, 0xbe, 0x08
	.byte 0x63, 0x5e, 0x0e, 0xf2, 0x00, 0x48, 0x09, 0x32
	.byte 0xb0, 0x62, 0xf2, 0x60, 0x48, 0x09, 0x31, 0xea
	.byte 0xa1, 0xe9, 0x82, 0xb8, 0x04, 0x62, 0xb8, 0x08
	.byte 0x61, 0x0e, 0xf2, 0x60, 0x48, 0x09, 0x32, 0xb0
	.byte 0x62, 0xf2, 0xc0, 0x5b, 0x09, 0x31, 0xea, 0xa1
	.byte 0xe9, 0x82, 0xb8, 0x04, 0x62, 0xb8, 0x08, 0x61
	.byte 0x0e, 0x3e, 0xe8, 0x8e, 0xf2, 0xc0, 0x5b, 0x09
	.byte 0x30, 0xb6, 0x60, 0xe8, 0xc8, 0x40, 0x54, 0x01
	.byte 0x00, 0xbe, 0x04
	.byte 0x60, 0x40, 0x40, 0x54
	.byte 0x01
	.byte 0x00, 0xbe, 0x08, 0x60, 0xf1, 0x18, 0xbd, 0xce
	.byte 0x66, 0x26, 0x1e, 0x69, 0x01, 0xf2, 0x60, 0x48
	.byte 0x09, 0x32, 0xf2, 0xc0, 0x5b, 0x09, 0x31, 0xea
	.byte 0xa1, 0xf2, 0x00, 0x48, 0x09, 0x34, 0xec, 0xa2
	.byte 0xe9, 0x82, 0xa6, 0x21, 0xeb, 0x81, 0xea, 0xa1
	.byte 0xbe, 0x04, 0x61, 0xea, 0xa3, 0xbe, 0x08, 0x63
	.byte 0x5e, 0x0e, 0x3e, 0xe8, 0x8e, 0xf1, 0x80, 0xf1
	.byte 0x30, 0xb6, 0x60, 0xe8, 0xc8, 0x00, 0x30, 0x05
	.byte 0x00, 0xbe, 0x04, 0x60, 0x40, 0x00, 0x30, 0x05
	.byte 0x00, 0xbe, 0x08, 0x60, 0xf1, 0x18, 0xbd, 0xce
	.byte 0x66, 0x17, 0x1e, 0x38, 0x01, 0xf3, 0xed, 0x00
	.byte 0x58, 0x30, 0xa6, 0x80, 0xbe, 0x04, 0x60, 0x40
	.byte 0x00, 0x58, 0x00, 0x00, 0xeb, 0x80, 0xbe, 0x08
	.byte 0x60, 0x5e, 0x0e, 0xf1, 0x80, 0xf1, 0x31, 0xb0
	.byte 0x61, 0xf3, 0xe5, 0x00
	.byte 0x08, 0x31, 0xb8, 0x04
	.byte 0x61, 0x41, 0x00, 0x08, 0x00, 0x00, 0xb8, 0x08
	.byte 0x61, 0x0e, 0xf2, 0x00, 0xb0, 0x0a, 0x31, 0xb0
	.byte 0x61, 0xf3, 0xe5, 0x00
	.byte 0x50, 0x31, 0xb8, 0x04
	.byte 0x61, 0x41, 0x00, 0x50, 0x00, 0x00, 0xb8, 0x08
	.byte 0x61, 0x0e, 0x3e, 0xe8, 0x8e, 0xf2, 0x00, 0x00
	.byte 0x0b, 0x30, 0xb6, 0x60, 0xe8, 0xc8, 0x00, 0xd8
	.byte 0x04, 0x00, 0xbe, 0x04, 0x60, 0x40, 0x00, 0xd8
	.byte 0x04, 0x00, 0xbe, 0x08, 0x60, 0xf1, 0x18, 0xbd
	.byte 0xce, 0x66, 0x0d, 0x1e, 0xcf, 0x00, 0xa6, 0x20
	.byte 0xeb, 0x80, 0xbe, 0x04, 0x60, 0xbe, 0x08, 0x63
	.byte 0x5e, 0x0e, 0x0e, 0x0e, 0x0e, 0x3e, 0xe8, 0x8e
	.byte 0xf2, 0x00, 0x88, 0x1e, 0x30, 0xb6, 0x60, 0xf3
	.byte 0xe1, 0x00, 0x3c, 0x30, 0xbe, 0x04, 0x60, 0x40
	.byte 0x00, 0x3c, 0x00, 0x00, 0xbe, 0x08, 0x60, 0xf1
	.byte 0x18, 0xbd, 0xce, 0x66, 0x0d, 0x1e, 0xb3, 0x00
	.byte 0xa6, 0x20, 0xeb, 0x80, 0xbe, 0x04, 0x60, 0xbe
	.byte 0x08, 0x63, 0x5e, 0x0e, 0xf2, 0x00, 0x88, 0x1e
	.byte 0x32, 0xb0, 0x62, 0xf2, 0x20, 0x88, 0x1e, 0x31
	.byte 0xea, 0xa1, 0xe9, 0x8b, 0xea, 0x83, 0xb8, 0x04
	.byte 0x63, 0xb8, 0x08, 0x61, 0x0e, 0xf2, 0x20, 0x88
	.byte 0x1e, 0x32, 0xb0, 0x62, 0xf2, 0x00, 0x8b, 0x1e
	.byte 0x31, 0xea, 0xa1, 0xe9, 0x8b, 0xea, 0x83, 0xb8
	.byte 0x04, 0x63, 0xb8, 0x08, 0x61, 0x0e, 0x3e, 0xe8
	.byte 0x8e, 0xf2, 0x00, 0x8b, 0x1e, 0x30, 0xb6, 0x60
	.byte 0xf3, 0xe1, 0x00, 0x39, 0x30, 0xbe, 0x04, 0x60
	.byte 0x40, 0x00, 0x39, 0x00, 0x00, 0xbe, 0x08, 0x60
	.byte 0xf1, 0x18, 0xbd, 0xce, 0x66, 0x26, 0x1e, 0x52
	.byte 0x00, 0xf2, 0x20, 0x88, 0x1e, 0x32, 0xf2, 0x00
	.byte 0x8b, 0x1e, 0x31, 0xea, 0xa1, 0xf2, 0x00, 0x88
	.byte 0x1e, 0x34, 0xec, 0xa2, 0xe9, 0x82, 0xa6, 0x21
	.byte 0xeb, 0x81, 0xea, 0xa1, 0xbe, 0x04, 0x61, 0xea
	.byte 0xa3, 0xbe, 0x08, 0x63, 0x5e, 0x0e, 0x3a, 0x3b
	.byte 0x3c, 0x3e, 0x1d, 0x6f, 0xe9, 0xf5, 0x5e, 0x5c
	.byte 0x5b, 0x5a, 0xd2, 0x2e, 0x48, 0x09, 0x23, 0xeb
	.byte 0x12, 0xeb, 0xee, 0x04, 0x0e, 0x3a, 0x3b, 0x3c
	.byte 0x3e, 0x1d, 0x5f, 0xea, 0xf4, 0x5e, 0x5c, 0x5b
	.byte 0x5a, 0xd1, 0xce, 0xf1, 0x23, 0xeb, 0x12, 0xeb
	.byte 0xee, 0x04, 0x0e
	.byte 0x3a, 0x3b, 0x3c, 0x3e
	.byte 0x1d
	.byte 0xa3, 0xf0, 0xf6
	.byte 0x5e, 0x5c, 0x5b, 0x5a
	.byte 0xd2
	.byte 0x1c, 0x88, 0x1e, 0x23, 0xeb, 0x12, 0xeb, 0xee
	.byte 0x04, 0x0e

LABEL_FD709F:
	ei 6
	ldda8 a, 1063
	and a, 0x2C
	jr z, LABEL_FD70BE
	call LABEL_FD833E
	ldda32 xwa, 48300
	lds bc, 4
	lds de, 4
	calr MIDI_ReadChannelParam
	anddi8 1063, 211

LABEL_FD70BE:
	ei 0
	ret

LABEL_FD70C1:
	ldw de, 0x9C4
	bitda 2, 48408
	jr z, LABEL_FD70CD
	ldw de, 0x3E8

LABEL_FD70CD:
	ldda16 xbc, 1033
	sub bc, wa
	cp bc, de
	ret le
	ldda32 xwa, 48300
	lds bc, 4
	lds de, 5
	calr MIDI_ReadChannelParam
	ret

LABEL_FD70E3:	.ascii ":;<>"
	call	16534750
	call	16535941
	pop	xiz
	pop	xix
	pop	xhl
	pop	xde
	ret
	ldda16	de, 1033
	ld	wa, de
	ldda16	bc, 1033
	sub	bc, wa
	cp	bc, 25
	jr	lt, -14
	ret

LABEL_FD7107:
	ldda32 xbc, 37106
	extz wa
	sla wa, 2
	ld_sril3 XHL, 0x07, 0xE4, 0xE0
	ret

MIDI_PackNibbleParam:
	lda xbc, (xwa + 6)
	ld xwa, (xbc)
	st_dpib B, 0xE0
	ld (xbc), xwa
	ld l, (xde)
	sll l, 4
	st_dpib B, 0xE0
	ld (xbc), xwa
	ld a, (xde)
	and a, 0xF
	or l, a
	ret

MidiTG_WriteRegByDescriptor:
	dec 2, xsp
	push xiz
	ld xiz, xwa
	ldw (xsp + 4), 0x0
	ld a, (xiz)
	extz wa
	calr LABEL_FD7107
	cp xhl, 0xFFFFFFFF
	jr z, LABEL_FD7175
	lda xde, (xiz + 2)
	lda xix, (xiz + 3)
	ld a, (xix)
	and (xde), a
	lda xbc, (xiz + 1)
	ld a, (xbc)
	ldfr_berp A, 0xF4
	extz iy
	ld a, (xix)
	cpl a
	and_srib_mr A, 0x07, 0xEC, 0xF4
	ld c, (xbc)
	extz bc
	ld a, (xde)
	or_srib_mr A, 0x07, 0xEC, 0xE4
	jr LABEL_FD717A

LABEL_FD7175:
	ldw (xsp + 4), 0xFFFF

LABEL_FD717A:
	ld hl, (xsp + 4)
	pop xiz
	inc 2, xsp
	ret

AssSwb_ApplyBitDescriptor:
	dec 2, xsp
	push xiz
	ld xiz, xwa
	ldw (xsp + 4), 0x0
	ld a, (xiz)
	extz wa
	calr LABEL_FD7107
	cp xhl, 0xFFFFFFFF
	jr z, LABEL_FD71DF
	lda xde, (xiz + 2)
	lda xix, (xiz + 3)
	ld a, (xix)
	and (xde), a
	lda xbc, (xiz + 1)
	ld a, (xbc)
	ldfr_berp A, 0xF4
	extz iy
	ld a, (xix)
	cpl a
	and_srib_mr A, 0x07, 0xEC, 0xF4
	ld a, (xbc)
	ldfr_berp A, 0xF4
	extz iy
	ld a, (xde)
	or_srib_mr A, 0x07, 0xEC, 0xF4
	ld a, (xiz)
	extz wa
	ld c, (xbc)
	extz bc
	ld_srib3 E, 0x07, 0xEC, 0xE4
	extz de
	ld l, (xix)
	extz hl
	pushw hl
	call AssswbWr
	jr LABEL_FD71E4

LABEL_FD71DF:
	ldw (xsp + 4), 0xFFFF

LABEL_FD71E4:
	ld hl, (xsp + 4)
	pop xiz
	inc 2, xsp
	ret

LABEL_FD71EB:
	.byte 0xef, 0x6e, 0x3e, 0xe8, 0x8e, 0xbf, 0x04, 0x02
	.byte 0x00, 0x00, 0x86, 0x21, 0xd8, 0x12, 0x1e, 0x0b
	.byte 0xff, 0xbf, 0x06, 0x63, 0xaf, 0x06, 0x21, 0xe9
	.byte 0xcf, 0xff, 0xff, 0xff, 0xff, 0x76, 0x96, 0x00
	.byte 0xbe, 0x02, 0x34, 0xbe, 0x04, 0x33, 0x93, 0x20
	.byte 0x94, 0xc8, 0xbe, 0x01, 0x32, 0x82, 0x21, 0xc7
	.byte 0xf4, 0x99, 0xdd, 0x12, 0x93, 0x20, 0xc9, 0x06
	.byte 0xc3, 0x07, 0xe4, 0xf4, 0xc9, 0x82, 0x21, 0xc7
	.byte 0xf4, 0x99, 0xdd, 0x12, 0x94, 0x20, 0xc3, 0x07
	.byte 0xe4, 0xf4, 0xe9, 0x82, 0x21, 0xd8, 0x12, 0xd8
	.byte 0x8d, 0xdd, 0x61, 0x93, 0x20, 0xd8, 0xef, 0x08
	.byte 0xc9, 0x06, 0xc3, 0x07, 0xe4, 0xf4, 0xc9, 0x82
	.byte 0x21, 0xd8, 0x12, 0xd8, 0x8d, 0xdd, 0x61, 0x94
	.byte 0x20, 0xd8, 0xef, 0x08, 0xaf, 0x06, 0x24, 0xc3
	.byte 0x07, 0xf0, 0xf4, 0xe9, 0x86, 0x21, 0xd8, 0x12
	.byte 0x82, 0x23, 0xd9, 0x12, 0xc3, 0x07, 0xf0, 0xe4
	.byte 0x25, 0xda, 0x12, 0x93, 0x23, 0xdb, 0x12, 0x2b
	.byte 0x1d, 0xf3, 0xb1, 0xfd, 0x86, 0x21, 0xd8, 0x12
	.byte 0x8e, 0x01, 0x27, 0xcf, 0x8b, 0xcb, 0x61, 0xd9
	.byte 0x12, 0xdb, 0x12, 0xdb, 0x61, 0xaf, 0x06, 0x22
	.byte 0xc3, 0x07, 0xe8, 0xec, 0x25, 0xda, 0x12, 0x9e
	.byte 0x04, 0x23, 0xdb, 0xef, 0x08, 0xdb, 0x12, 0x2b
	.byte 0x1d, 0xf3, 0xb1, 0xfd, 0x68, 0x05, 0xbf, 0x04
	.byte 0x02, 0xff, 0xff, 0x9f, 0x04, 0x23, 0x5e, 0xef
	jr	z, 0x0e

Part_LookupTableEntry:
	ldda32 xde, 37106
	extz wa
	sla wa, 2
	ld_sril3 XWA, 0x07, 0xE8, 0xE0
	cp xwa, 0xFFFFFFFF
	jr z, LABEL_FD72CB
	extz bc
	ld_srib3 L, 0x07, 0xE0, 0xE4
	ret

LABEL_FD72CB:
	ldb l, 0x0
	ret

LABEL_FD72CE:
	.byte 0xe8, 0x8b, 0xd9, 0x88, 0xd9, 0x69, 0xd8, 0xd8
	.byte 0xb0, 0xf6, 0xc5, 0xec, 0x21, 0xf5, 0xe8, 0x41
	.byte 0xd9, 0x88, 0xd9, 0x69, 0xd8, 0xd8, 0x6e, 0xf2
	.byte 0x0e, 0xe8, 0x61, 0x27, 0x00, 0xd9, 0x69, 0xd9
	.byte 0x8a, 0xd9, 0x69, 0xda, 0xd8, 0x66, 0x0b, 0xc5
	.byte 0xe0, 0x87, 0xd9, 0x8a, 0xd9, 0x69, 0xda, 0xd8
	.byte 0x6e, 0xf5, 0xcf, 0x07, 0xcf, 0x30, 0x07, 0x0e
	.byte 0x1e, 0x5a, 0xf7, 0xe1, 0x5c, 0xbc, 0x20, 0x1e
	.byte 0x9f, 0xf8, 0x1b, 0x28, 0x84, 0xfd, 0x0e, 0x0e
	.byte 0x0e

MidiChan_ClearAllStates:
	stdi8 48384, 0
	stdi8 48386, 0
	stdi8 48388, 0
	stdi8 48390, 0
	stdi8 48392, 0
	stdi8 48394, 0
	stdi8 48396, 0
	stdi8 48398, 0
	stdi8 48400, 0
	stdi8 48402, 0
	stdi8 48404, 0
	stdi8 48406, 0
	stdi8 48438, 0
	stdi8 48440, 0
	calr LABEL_FD7366
	calr LABEL_FD738F
	jrl LABEL_FD75BE

LABEL_FD7366:
	bitda 6, 48408
	jr z, LABEL_FD7375
	stdi8 48438, 1
	ldb a, 0x1
	jr LABEL_FD737E

LABEL_FD7375:
	stdi8 48438, 2
	ldda8 a, 48438

LABEL_FD737E:
	cpda8 a, 48440
	ret z
	setda 6, 48412
	ldmm8 48440, 48438
	ret

LABEL_FD738F:
	bitda 6, 48408
	jr z, LABEL_FD739B
	stdi8 48384, 128
	ret

LABEL_FD739B:
	stdi8 48396, 128
	ret

LABEL_FD73A1:
	ldda32 xwa, 48300
	lds bc, 4
	call SeqData_ReadFieldByIndex
	cps l, 0
	ret nz
	calr LABEL_FD73C6
	calr LABEL_FD740A
	calr LABEL_FD7464
	calr LABEL_FD749F
	calr LABEL_FD7517
	calr LABEL_FD75BE
	call MainTitle_PrepareAndDispatch
	ret

LABEL_FD73C6:
	bitda 6, 48408
	jr z, LABEL_FD73EB
	resda 7, 48384
	ldmm8 48386, 48384
	resda 7, 48388
	ldmm8 48390, 48388
	resda 7, 48392
	ldmm8 48394, 48392
	ret

LABEL_FD73EB:
	resda 7, 48396
	ldmm8 48398, 48396
	resda 7, 48400
	ldmm8 48402, 48400
	resda 7, 48404
	ldmm8 48406, 48404
	ret

LABEL_FD740A:
	bitda 6, 48408
	jr z, LABEL_FD743A
	ldda32 xwa, 48308
	lds bc, 3
	call SeqData_ReadFieldByIndex
	extz hl
	lda_24 xbc, 0xee499e
	ld_srib3 C, 0x07, 0xE4, 0xEC
	ld a, c
	stda8 48384, c
	cpda8 c, 48386
	ret z
	set 7, a
	stda8 48384, a
	ret

LABEL_FD743A:
	ldda32 xwa, 48300
	lds bc, 3
	call SeqData_ReadFieldByIndex
	extz hl
	lda_24 xbc, 0xee499e
	ld_srib3 C, 0x07, 0xE4, 0xEC
	ld a, c
	stda8 48396, c
	cpda8 c, 48398
	ret z
	set 7, a
	stda8 48396, a
	ret

LABEL_FD7464:
	ldada xwa, 48412
	bitm 7, (xwa)
	ret nz
	bitda 6, 48408
	jr z, LABEL_FD7486
	ldada xbc, 48316
	ld xde, (xbc + 8)
	srl xde, 5
	ld (xbc + 12), xde
	stdi8 48388, 160
	jr LABEL_FD7498

LABEL_FD7486:
	ldada xbc, 48348
	ld xde, (xbc + 8)
	srl xde, 5
	ld (xbc + 12), xde
	stdi8 48400, 160

LABEL_FD7498:
	or xde, xde
	ret z
	setm 7, (xwa)
	ret

LABEL_FD749F:
	bitda 6, 48408
	jr z, LABEL_FD74DE
	ldada xwa, 48316
	ld xde, (xwa + 8)
	ld xbc, (xwa + 12)
	or xde, xde
	ret z
	or xbc, xbc
	ret z
	ld xwa, xde
	call Math_DivideU32
	sub xhl, 0x20
	cpl hl
	cpl_werp 0xEE
	inc 1, xhl
	ld a, l
	stda8 48392, l
	cpda8 l, 48394
	ret z
	set 7, a
	stda8 48392, a
	ret

LABEL_FD74DE:
	ldada xwa, 48348
	ld xde, (xwa + 8)
	ld xbc, (xwa + 12)
	or xde, xde
	ret z
	or xbc, xbc
	ret z
	ld xwa, xde
	call Math_DivideU32
	sub xhl, 0x20
	cpl hl
	cpl_werp 0xEE
	inc 1, xhl
	ld a, l
	stda8 48404, l
	cpda8 l, 48406
	ret z
	set 7, a
	stda8 48404, a
	ret

LABEL_FD7517:
	ldada xbc, 48412
	bitda 6, 48408
	jr z, LABEL_FD7540
	ldda8 a, 48384
	cpda8 a, 48386
	jr nz, DSP_Init_ErrorFlagSet
	ldda8 a, 48388
	cpda8 a, 48390
	jr nz, DSP_Init_ErrorFlagSet
	ldda8 a, 48392
	cpda8 a, 48394
	jr nz, DSP_Init_ErrorFlagSet
	ret

LABEL_FD7540:
	ldda8 a, 48396
	cpda8 a, 48398
	jr nz, DSP_Init_ErrorFlagSet
	ldda8 a, 48400
	cpda8 a, 48402
	jr nz, DSP_Init_ErrorFlagSet
	ldda8 a, 48404
	cpda8 a, 48406
	ret z

DSP_Init_ErrorFlagSet:
	setm 6, (xbc)
	ret

LABEL_FD7561:
	.byte 0xd8, 0xa8, 0x1d, 0x00, 0x6c, 0xf7, 0xe1, 0xac
	.byte 0xbc, 0x20, 0xd9, 0xac, 0x1d, 0xb6, 0x5e, 0xfd
	.byte 0xcf, 0xcf, 0x22, 0x66, 0x09, 0xcf, 0xd8, 0x6e
	.byte 0x0a, 0x1e, 0x15, 0x00, 0x68, 0x08, 0x1e, 0x1c
	.byte 0x00, 0x68, 0x03, 0x1e, 0x18, 0x00, 0xf1, 0x18
	.byte 0xbd, 0xc9, 0xb0, 0xf6, 0x1d, 0x77, 0xe7, 0xf4
	.byte 0x0e, 0xf1, 0x42, 0x7f, 0x00, 0x23, 0x30, 0xee
	.byte 0x00, 0x1b, 0xbd, 0x94, 0xf9, 0x0e, 0xe1, 0xac
	.byte 0xbc, 0x20, 0xd9, 0xac, 0x1d, 0xb6, 0x5e, 0xfd
	.byte 0xdb, 0x12, 0xf2, 0xb4, 0x49, 0xee, 0x31, 0xc3
	.byte 0x07, 0xe4, 0xec, 0x19, 0x42, 0x7f, 0x30, 0xee
	.byte 0x00, 0x1b, 0xbd, 0x94, 0xf9

LABEL_FD75BE:
	bitda 6, 48412
	ret z
	bitda 6, 48408
	jr z, LABEL_FD75EB
	ldda8 a, 48384
	res 7, a
	extz wa
	ldda8 c, 48388
	res 7, c
	extz bc
	ldda8 e, 48392
	res 7, e
	extz de
	call LABEL_F768AF
	jr LABEL_FD760A

LABEL_FD75EB:
	ldda8 a, 48396
	res 7, a
	extz wa
	ldda8 c, 48400
	res 7, c
	extz bc
	ldda8 e, 48404
	res 7, e
	extz de
	call LABEL_F76A52

LABEL_FD760A:
	resda 6, 48412
	ret

LABEL_FD760F:
	.byte 0x0e, 0x30, 0xee, 0x00
	.byte 0x1b, 0xbd, 0x94, 0xf9
	.byte 0xf1, 0x18, 0xbd, 0xbb, 0x40, 0xbc, 0xbc, 0x00
	.byte 0x00, 0x1d, 0x69, 0x6d, 0xfd, 0x1e, 0xe6, 0x00
	.byte 0xf1, 0x18, 0xbd, 0xb3, 0x0e, 0x40, 0xbc, 0xbc
	.byte 0x00, 0x00, 0x1d, 0x70, 0x6e, 0xfd, 0x78, 0xd3
	.byte 0x01, 0x40, 0xbc, 0xbc, 0x00, 0x00, 0x1d, 0x17
	.byte 0x6f, 0xfd, 0x78, 0x82, 0x02, 0x40, 0xbc, 0xbc
	.byte 0x00, 0x00, 0x1d, 0x1e, 0x6e, 0xfd, 0x78, 0x3d
	.byte 0x01, 0x40, 0xbc, 0xbc, 0x00, 0x00, 0x1d, 0xcb
	.byte 0x6d, 0xfd, 0x78, 0xc0, 0x00, 0x0e, 0x40, 0xbc
	.byte 0xbc, 0x00, 0x00, 0x1d, 0xb2, 0x6f, 0xfd, 0x78
	.byte 0x1c, 0x03

LABEL_FD7669:
	push_werp 0xFA
	resda 7, 48408
	ldi_berp 0xFB, 0

LABEL_FD7673:
	ld xwa, 0xEE35BC
	lds bc, 7
	call SeqBuf_FlushNoteOffs
	setda 2, 48408
	call SeqAlt_ProcessAndFinalize
	ldda32 xwa, 48300
	lds bc, 0
	call SeqData_ReadFieldByIndex
	cp l, 0x8
	jr z, LABEL_FD769D
	inc1_berp 0xFB
	cpi_berp 0xFB, 3
	jr c, LABEL_FD7673

LABEL_FD769D:
	ldda32 xwa, 48300
	cpi_berp 0xFB, 3
	jr nz, LABEL_FD76B0
	lds bc, 4
	lds de, 0
	call MIDI_ReadChannelParam
	jr LABEL_FD7709

LABEL_FD76B0:
	lds bc, 6
	call SeqData_ReadFieldByIndex
	stda8 48228, l
	ldda32 xwa, 48300
	lds bc, 7
	call SeqData_ReadFieldByIndex
	stda8 48229, l
	ldda32 xwa, 48300
	ldw bc, 0x8
	call SeqData_ReadFieldByIndex
	stda8 48230, l
	ldi_berp 0xFB, 0

LABEL_FD76DA:
	ld xwa, 0xEE35C4
	lds bc, 7
	call SeqBuf_FlushNoteOffs
	setda 2, 48408
	call SeqAlt_ProcessAndFinalize
	ldda32 xwa, 48300
	lds bc, 0
	call SeqData_ReadFieldByIndex
	cps l, 1
	jr nz, LABEL_FD7701
	setda 7, 48408
	jr LABEL_FD7709

LABEL_FD7701:
	inc1_berp 0xFB
	cpi_berp 0xFB, 3
	jr c, LABEL_FD76DA

LABEL_FD7709:
	pop_werp 0xFA
	ret

LABEL_FD770D:
	calr	12
	calr	122
	calr	623
	calr	242
	jrl	426
	calr	6
	calr	55
	jrl	783
	ldda32	xwa, 48300
	lds	bc, 4
	call	16604854
	cps	l, 0
	ret	nz
	ldda32	xwa, 48308
	lds	bc, 3
	lds	de, 1
	call	16604730
	ld	xwa, 48332
	call	16608748
	ld	xwa, 15611362
	ldw	bc, 12
	call	16607726
	call	16607891
	ret
	ldda32	xwa, 48300
	lds	bc, 4
	call	16604854
	cps	l, 0
	ret	nz
	ldda32	xwa, 48308
	lds	bc, 3
	lds	de, 2
	call	16604730
	ld	xwa, 48332
	call	16608773
	ld	xwa, 15611374
	ldw	bc, 12
	call	16607726
	call	16607891
	ret
	lds	wa, 1
	call	16604332
	cp	hl, 65535
	ret	z
	calr	7
	calr	56
	calr	658
	ret
	ldda32	xwa, 48300
	lds	bc, 4
	call	16604854
	cps	l, 0
	ret	nz
	ldda32	xwa, 48308
	lds	bc, 3
	lds	de, 4
	call	16604730
	ld	xwa, 48332
	call	16608824
	ld	xwa, 15611386
	ldw	bc, 12
	call	16607726
	call	16607891
	ret
	ldda32	xwa, 48300
	lds	bc, 4
	call	16604854
	cps	l, 0
	ret	nz
	ldda32	xwa, 48308
	lds	bc, 3
	lds	de, 5
	call	16604730
	ld	xwa, 48332
	call	16608848
	ld	xwa, 15611398
	ldw	bc, 12
	call	16607726
	call	16607891
	ret
	lds	wa, 3
	call	16604332
	cp	hl, 65535
	ret	z
	calr	10
	calr	59
	calr	109
	calr	529
	ret
	ldda32	xwa, 48300
	lds	bc, 4
	call	16604854
	cps	l, 0
	ret	nz
	ldda32	xwa, 48308
	lds	bc, 3
	lds	de, 7
	call	16604730
	ld	xwa, 48332
	call	16608928
	ld	xwa, 15611410
	ldw	bc, 12
	call	16607726
	call	16607891
	ret
	ldda32	xwa, 48300
	lds	bc, 4
	call	16604854
	cps	l, 0
	ret	nz
	ldda32	xwa, 48308
	lds	bc, 3
	ldw	de, 8
	call	16604730
	ld	xwa, 48332
	call	16608951
	ld	xwa, 15611422
	ldw	bc, 12
	call	16607726
	call	16607891
	ret
	ldda32	xwa, 48300
	lds	bc, 4
	call	16604854
	cps	l, 0
	ret	nz
	ldda32	xwa, 48308
	lds	bc, 3
	ldw	de, 9
	call	16604730
	ld	xwa, 48332
	call	16608974
	ld	xwa, 15611434
	ldw	bc, 9
	call	16607726
	call	16607798
	call	16607891
	ret
	lds	wa, 4
	call	16604332
	cp	hl, 65535
	ret	z
	calr	10
	calr	60
	calr	110
	calr	342
	ret
	ldda32	xwa, 48300
	lds	bc, 4
	call	16604854
	cps	l, 0
	ret	nz
	ldda32	xwa, 48308
	lds	bc, 3
	ldw	de, 11
	call	16604730
	ld	xwa, 48332
	call	16609104
	ld	xwa, 15611444
	ldw	bc, 12
	call	16607726
	call	16607891
	ret
	ldda32	xwa, 48300
	lds	bc, 4
	call	16604854
	cps	l, 0
	ret	nz
	ldda32	xwa, 48308
	lds	bc, 3
	ldw	de, 12
	call	16604730
	ld	xwa, 48332
	call	16609127
	ld	xwa, 15611456
	ldw	bc, 12
	call	16607726
	call	16607891
	ret
	ldda32	xwa, 48300
	lds	bc, 4
	call	16604854
	cps	l, 0
	ret	nz
	ldda32	xwa, 48308
	lds	bc, 3
	ldw	de, 13
	call	16604730
	ld	xwa, 48332
	call	16609151
	ld	xwa, 15611468
	ldw	bc, 9
	call	16607726
	call	16607798
	call	16607891
	ret
	ret
	ret
	ret
	calr	9
	calr	59
	calr	109
	jrl	163
	ldda32	xwa, 48300
	lds	bc, 4
	call	16604854
	cps	l, 0
	ret	nz
	ldda32	xwa, 48308
	lds	bc, 3
	ldw	de, 18
	call	16604730
	ld	xwa, 48332
	call	16609249
	ld	xwa, 15611478
	ldw	bc, 12
	call	16607726
	call	16607891
	ret
	ldda32	xwa, 48300
	lds	bc, 4
	call	16604854
	cps	l, 0
	ret	nz
	ldda32	xwa, 48308
	lds	bc, 3
	ldw	de, 19
	call	16604730
	ld	xwa, 48332
	call	16609274
	ld	xwa, 15611490
	ldw	bc, 12
	call	16607726
	call	16607891
	ret
	ldda32	xwa, 48300
	lds	bc, 4
	call	16604854
	cps	l, 0
	ret	nz
	ldda32	xwa, 48308
	lds	bc, 3
	ldw	de, 20
	call	16604730
	ld	xwa, 48332
	call	16609299
	ld	xwa, 15611502
	ldw	bc, 9
	call	16607726
	call	16607798
	call	16607891
	ret
	ldda32	xwa, 48300
	lds	bc, 4
	call	16604854
	cps	l, 0
	ret	nz
	ldda32	xwa, 48308
	incm8	1, (xwa+3)
	ld	xwa, 15611296
	lds	bc, 5
	call	16607726
	call	16604336
	ret
	ldda32	xwa, 48300
	lds	bc, 4
	call	16604854
	cps	l, 0
	jr	nz, 39
	ld	xwa, 15611302
	lds	bc, 5
	call	16607726
	call	16604336
	ldda32	xwa, 48300
	lds	bc, 4
	call	16604854
	cp	l, 24
	ret	nz
	ld	xwa, 15611308
	lds	bc, 5
	jr	22
	ldda32	xwa, 48300
	lds	bc, 4
	call	16604854
	cp	l, 24
	ret	nz
	ld	xwa, 15611308
	lds	bc, 5
	call	16607726
	ret
MidiPkt_ArpChordHandler:
	; --- Main: guard check, loop with bit 4 flag, multiple calls (76 bytes) ---
	.byte 0xc1, 0x36, 0x8d, 0x3f, 0x57		; cp (0x8D36), 0x57  [C1 prefix]
	jr nz, LABEL_FD7AF0
	ldda32	xwa, 48300
	lds	bc, 0
	call SeqData_ReadFieldByIndex
	cps	l, 7
	jr c, LABEL_FD7AF0
	.byte 0xf1, 0x18, 0xbd, 0xbc			; set 4, (0xBD18)  [F1 prefix]
	call MidiChan_ClearAllStates
	jr t, LABEL_FD7AE0
LABEL_FD7AC8:
	ldda32	xwa, 48300
	lds	bc, 4
	call SeqData_ReadFieldByIndex
	cps	l, 0
	jr z, LABEL_FD7ADC
	.byte 0xf1, 0x18, 0xbd, 0xb4			; res 4, (0xBD18)  [F1 prefix]
	jr t, LABEL_FD7AE9
LABEL_FD7ADC:
	call SeqAlt_ProcessAndFinalize
LABEL_FD7AE0:
	calr MidiTable_DispatchHelper
	.byte 0xf1, 0x18, 0xbd, 0xcc			; bit 4, (0xBD18)  [F1 prefix]
	jr nz, LABEL_FD7AC8
LABEL_FD7AE9:
	calr	1913
	call LABEL_FD7561
LABEL_FD7AF0:
	.byte 0xf1, 0x18, 0xbd, 0xb4			; res 4, (0xBD18)  [F1 prefix]
	ret
; MIDI table dispatch helper
MidiTable_DispatchHelper:	; FD7AF5
	; --- Helper 1: table dispatch via (XBC+WA) with guard checks (58 bytes) ---
	ldda32	xwa, 48300
	lds	bc, 4
	call SeqData_ReadFieldByIndex
	cps	l, 0
	ret nz
	call LABEL_FD760F
	ldda32	xwa, 48300
	cp (xwa), 0x27
	ret nc
	ld a, (xwa)
	extz wa
	sla	wa, 2
	lda_24 xbc, 0xEE2D6C
	.byte 0xe3, 0x07, 0xe4, 0xe0, 0x23		; ld xhl, (xbc+wa)  [register-indexed]
	call	(xhl)
	calr LABEL_FD7B2F
	call LABEL_FD73A1
	call 0xFD7316
	ret
LABEL_FD7B2F:
	; --- Helper 2: conditional A-based 3-way pointer selection (56 bytes) ---
	.byte 0xf1, 0x18, 0xbd, 0xcf			; bit 7, (0xBD18)  [F1 prefix]
	ret z
	call ArpQueue_SwapBuffers
	ldda32	xwa, 48300
	ld a, (xwa+4)
	cps	a, 0
	jr nz, LABEL_FD7B4D
	ld xwa, 0x00EE3594
	lds	bc, 5
	jr t, LABEL_FD7B62
LABEL_FD7B4D:
	cp a, 0x16
	jr nz, LABEL_FD7B5B
	ld xwa, 0x00EE35B2
	lds	bc, 5
	jr t, LABEL_FD7B62
LABEL_FD7B5B:
	ld xwa, 0x00EE359A
	lds	bc, 5
LABEL_FD7B62:
	call SeqBuf_FlushNoteOffs
	ret


LABEL_FD7B67:
	.byte 0xc1, 0x20, 0xbd, 0x3f, 0x00, 0xb0
	.byte 0xfe, 0xf1, 0x20, 0xbd, 0x00, 0x01, 0x40, 0xc4
	.byte 0x35, 0xee, 0x00, 0xd9, 0xaf, 0x1d, 0xee, 0x69
	.byte 0xfd, 0x0e
LABEL_FD7B7F:
	; --- Two-path: 3x field extraction or single store (73 bytes) ---
	.byte 0xc1, 0x20, 0xbd, 0x3f, 0x01		; cp (0xBD20), 0x01  [C1 prefix]
	jr nz, LABEL_FD7BBB
	ldda32	xwa, 48300
	lds	bc, 6
	call SeqData_ReadFieldByIndex
	stda8	48232, l
	ldda32	xwa, 48300
	lds	bc, 7
	call SeqData_ReadFieldByIndex
	stda8	48233, l
	ldda32	xwa, 48300
	ldw bc, 0x0008
	call SeqData_ReadFieldByIndex
	stda8	48234, l
	.byte 0xf1, 0x18, 0xbd, 0xbf			; set 7, (0xBD18)  [F1 prefix]
	stdi8	48416, 2
	ret
LABEL_FD7BBB:
	ldda32	xwa, 48300
	ld (xwa+4), 0x18
	.byte 0xf1, 0x18, 0xbd, 0xb4			; res 4, (0xBD18)  [F1 prefix]
	ret


LABEL_FD7BC8:
	ldda32	xwa, 48304
	lds	bc, 3
	call	16604854
	cps	l, 0
	jr	nz, 25
	call	16609507
	ld	xwa, 48348
	call	16608715
	ld	xwa, 48364
	call	16608748
	jrl	591
	ldda32	xwa, 48300
	lds	bc, 4
	ldw	de, 25
	jp	16604730
LABEL_FD7BFC:
	.byte 0xe1
	.byte 0xb0, 0xbc, 0x20, 0xd9, 0xab, 0x1d, 0xb6, 0x5e
	.byte 0xfd, 0xcf, 0xda, 0x6e, 0x0c, 0x40, 0xec, 0xbc
	.byte 0x00, 0x00, 0x1d, 0x05, 0x6e, 0xfd, 0x78, 0x54
	.byte 0x02, 0xe1, 0xac, 0xbc, 0x20, 0xd9, 0xac, 0x32
	.byte 0x19, 0x00, 0x1b, 0x3a, 0x5e, 0xfd
LABEL_FD7C23:
	.byte 0xe1, 0xb0
	.byte 0xbc, 0x20, 0xd9, 0xab, 0x1d, 0xb6, 0x5e, 0xfd
	.byte 0xcf, 0xd8, 0x6e, 0x15, 0x40, 0xdc, 0xbc, 0x00
	.byte 0x00, 0x1d, 0x1e, 0x6e, 0xfd, 0x40, 0xec, 0xbc
	.byte 0x00, 0x00, 0x1d, 0x38, 0x6e, 0xfd, 0x78, 0x50
	.byte 0x02, 0xe1, 0xac, 0xbc, 0x20, 0xd9, 0xac, 0x32
	.byte 0x1a, 0x00, 0x1b, 0x3a, 0x5e, 0xfd
LABEL_FD7C53:
	.byte 0xe1, 0xb0
	.byte 0xbc, 0x20, 0xd9, 0xab, 0x1d, 0xb6, 0x5e, 0xfd
	.byte 0xcf, 0xdd, 0x6e, 0x0c, 0x40, 0xec, 0xbc, 0x00
	.byte 0x00, 0x1d, 0x50, 0x6e, 0xfd, 0x78, 0x55, 0x02
	.byte 0xe1, 0xac, 0xbc, 0x20, 0xd9, 0xac, 0x32, 0x19
	.byte 0x00, 0x1b, 0x3a, 0x5e, 0xfd
LABEL_FD7C7A:
	.byte 0xe1, 0xb0, 0xbc
	.byte 0x20, 0xd9, 0xab, 0x1d, 0xb6, 0x5e, 0xfd, 0xcf
	.byte 0xd8, 0x6e, 0x19, 0x1d, 0xe2, 0x82, 0xfd, 0x40
	.byte 0xdc, 0xbc, 0x00, 0x00, 0x1d, 0x70, 0x6e, 0xfd
	.byte 0x40, 0xec, 0xbc, 0x00, 0x00, 0x1d, 0xa0, 0x6e
	.byte 0xfd, 0x78, 0x51, 0x02, 0xe1, 0xac, 0xbc, 0x20
	.byte 0xd9, 0xac, 0x32, 0x1b, 0x00, 0x1b, 0x3a, 0x5e
	.byte 0xfd
LABEL_FD7CAE:
	.byte 0xe1, 0xb0, 0xbc, 0x20, 0xd9, 0xab, 0x1d
	.byte 0xb6, 0x5e, 0xfd, 0xcf, 0xcf, 0x08, 0x6e, 0x0c
	.byte 0x40, 0xec, 0xbc, 0x00, 0x00, 0x1d, 0xb7, 0x6e
	.byte 0xfd, 0x78, 0x56, 0x02, 0xe1, 0xac, 0xbc, 0x20
	.byte 0xd9, 0xac, 0x32, 0x1b, 0x00, 0x1b, 0x3a, 0x5e
	.byte 0xfd
LABEL_FD7CD6:
	ldda32	xwa, 48304
	lds	bc, 3
	call	16604854
	cp	l, 9
	jr	nz, 16
	ld	xwa, 48364
	call	16608974
	call	16608533
	jrl	600
	ldda32	xwa, 48300
	lds	bc, 4
	ldw	de, 27
	jp	16604730
LABEL_FD7D02:
	.byte 0xe1, 0xb0, 0xbc
	.byte 0x20, 0xd9, 0xab, 0x1d, 0xb6, 0x5e, 0xfd, 0xcf
	.byte 0xd8, 0x6e, 0x19, 0x1d, 0x14, 0x83, 0xfd, 0x40
	.byte 0xdc, 0xbc, 0x00, 0x00, 0x1d, 0xb2, 0x6f, 0xfd
	.byte 0x40, 0xec, 0xbc, 0x00, 0x00, 0x1d, 0xe1, 0x6f
	.byte 0xfd, 0x78, 0x52, 0x02, 0xe1, 0xac, 0xbc, 0x20
	.byte 0xd9, 0xac, 0x32, 0x1e, 0x00, 0x1b, 0x3a, 0x5e
	.byte 0xfd
LABEL_FD7D36:
	.byte 0xe1, 0xb0, 0xbc, 0x20, 0xd9, 0xab, 0x1d
	.byte 0xb6, 0x5e, 0xfd, 0xcf, 0xcf, 0x13, 0x6e, 0x0c
	.byte 0x40, 0xec, 0xbc, 0x00, 0x00, 0x1d, 0xfa, 0x6f
	.byte 0xfd, 0x78, 0x58, 0x02, 0xe1, 0xac, 0xbc, 0x20
	.byte 0xd9, 0xac, 0x32, 0x1e, 0x00, 0x1b, 0x3a, 0x5e
	.byte 0xfd
LABEL_FD7D5E:
	ldda32	xwa, 48304
	lds	bc, 3
	call	16604854
	cp	l, 20
	jr	nz, 16
	ld	xwa, 48364
	call	16609299
	call	16608533
	jrl	602
	ldda32	xwa, 48300
	lds	bc, 4
	ldw	de, 30
	jp	16604730
LABEL_FD7D8A:
	ldda32	xwa, 48304
	lds	bc, 3
	call	16604854
	cps	l, 0
	jr	nz, 21
	ld	xwa, 48348
	call	16609047
	ld	xwa, 48364
	call	16609104
	jrl	600
	ldda32	xwa, 48300
	lds	bc, 4
	ldw	de, 28
	jp	16604730
LABEL_FD7DBA:
	ldda32	xwa, 48304
	lds	bc, 3
	call	16604854
	cp	l, 12
	jr	nz, 12
	ld	xwa, 48364
	call	16609127
	jrl	617
	ldda32	xwa, 48300
	lds	bc, 4
	ldw	de, 28
	jp	16604730
LABEL_FD7DE2:
	.byte 0xe1, 0xb0, 0xbc
	.byte 0x20, 0xd9, 0xab, 0x1d, 0xb6, 0x5e, 0xfd, 0xcf
	.byte 0xcf, 0x0d, 0x6e, 0x10, 0x40, 0xec, 0xbc, 0x00
	.byte 0x00, 0x1d, 0x7f, 0x6f, 0xfd, 0x1d, 0x15, 0x6d
	.byte 0xfd, 0x78, 0x76, 0x02, 0xe1, 0xac, 0xbc, 0x20
	.byte 0xd9, 0xac, 0x32, 0x1c, 0x00, 0x1b, 0x3a, 0x5e
	.byte 0xfd
LABEL_FD7E0E:
	.byte 0x0e
LABEL_FD7E0F:
	.byte 0x0e
LABEL_FD7E10:
	.byte 0xe1, 0xb0, 0xbc, 0x20, 0xd9
	.byte 0xab, 0x1d, 0xb6, 0x5e, 0xfd, 0xcf, 0xcf, 0x16
	.byte 0xb0, 0xff, 0xdb, 0x12, 0xdb, 0xec, 0x02, 0xf2
	.byte 0x08, 0x2e, 0xee, 0x31, 0xe3, 0x07, 0xe4, 0xec
	.byte 0x23, 0xb3, 0xe8, 0x0e
SeqChan_ProcessStepCmd:
	.byte 0xe1, 0xac, 0xbc, 0x20
	.byte 0xd9, 0xac, 0x32, 0x13, 0x00, 0x1b, 0x3a, 0x5e
	.byte 0xfd
LABEL_FD7E3E:
	ldda32	xwa, 48300
	lds	bc, 3
	lds	de, 1
	call	16604730
	call	16608397
	ldda32	xwa, 48300
	ldw	bc, 15
	call	16604854
	cps	l, 0
	ret	nz
	ldda32	xwa, 48300
	lds	bc, 3
	lds	de, 2
	call	16604730
	ret
LABEL_FD7E6A:
	ldda32	xwa, 48300
	lds	bc, 3
	lds	de, 2
	call	16604730
	call	16608397
	ldda32	xwa, 48300
	ldw	bc, 15
	call	16604854
	cps	l, 0
	ret	nz
	ldda32	xwa, 48300
	lds	bc, 3
	lds	de, 3
	call	16604730
	.byte 0x0e
LABEL_FD7E96:
	ldda32	xwa, 48300
	lds	bc, 3
	lds	de, 4
	call	16604730
	call	16608397
	ldda32	xwa, 48300
	ldw	bc, 15
	call	16604854
	cps	l, 0
	ret	nz
	ldda32	xwa, 48300
	lds	bc, 3
	lds	de, 5
	call	16604730
	ret
LABEL_FD7EC2:
	ldda32	xwa, 48300
	lds	bc, 3
	lds	de, 5
	call	16604730
	call	16608397
	call	16713580
	ldda32	xwa, 48300
	ldw	bc, 15
	call	16604854
	cps	l, 0
	ret	nz
	ldda32	xwa, 48300
	lds	bc, 3
	lds	de, 6
	call	16604730
	ret
LABEL_FD7EF2:
	.byte 0xe1, 0xac, 0xbc
	.byte 0x20, 0xd9, 0xab, 0xda, 0xaf, 0x1d, 0x3a, 0x5e
	.byte 0xfd, 0x1d, 0x8d, 0x6c, 0xfd, 0xe1, 0xac, 0xbc
	.byte 0x20, 0x31, 0x0f, 0x00, 0x1d, 0xb6, 0x5e, 0xfd
	.byte 0xcf, 0xd8, 0xb0, 0xfe, 0xe1, 0xac, 0xbc, 0x20
	.byte 0xd9, 0xab, 0x32, 0x08, 0x00, 0x1d, 0x3a, 0x5e
	.byte 0xfd, 0x0e
LABEL_FD7F1F:
	ldda32	xwa, 48300
	lds	bc, 3
	ldw	de, 8
	call	16604730
	call	16608397
	ldda32	xwa, 48300
	ldw	bc, 15
	call	16604854
	cps	l, 0
	ret	nz
	ldda32	xwa, 48300
	lds	bc, 3
	ldw	de, 9
	call	16604730
	ret
LABEL_FD7F4D:
	ldda32	xwa, 48300
	lds	bc, 3
	ldw	de, 9
	call	16604730
	call	16608397
	ldda32	xwa, 48300
	ldw	bc, 15
	call	16604854
	cps	l, 0
	ret	nz
	ldda32	xwa, 48300
	lds	bc, 3
	ldw	de, 10
	call	16604730
	ret
LABEL_FD7F7B:
	.byte 0xe1, 0xac
	.byte 0xbc, 0x20, 0xd9, 0xab, 0x32, 0x12, 0x00, 0x1d
	.byte 0x3a, 0x5e, 0xfd, 0x1d, 0x8d, 0x6c, 0xfd, 0xe1
	.byte 0xac, 0xbc, 0x20, 0x31, 0x0f, 0x00, 0x1d, 0xb6
	.byte 0x5e, 0xfd, 0xcf, 0xd8, 0xb0, 0xfe, 0xe1, 0xac
	.byte 0xbc, 0x20, 0xd9, 0xab, 0x32, 0x13, 0x00, 0x1d
	.byte 0x3a, 0x5e, 0xfd, 0x0e
LABEL_FD7FA9:
	.byte 0xe1, 0xac, 0xbc, 0x20
	.byte 0xd9, 0xab, 0x32, 0x13, 0x00, 0x1d, 0x3a, 0x5e
	.byte 0xfd, 0x1d, 0x8d, 0x6c, 0xfd, 0xe1, 0xac, 0xbc
	.byte 0x20, 0x31, 0x0f, 0x00, 0x1d, 0xb6, 0x5e, 0xfd
	.byte 0xcf, 0xd8, 0xb0, 0xfe, 0xe1, 0xac, 0xbc, 0x20
	.byte 0xd9, 0xab, 0x32, 0x14, 0x00, 0x1d, 0x3a, 0x5e
	.byte 0xfd, 0x0e
LABEL_FD7FD7:
	ldda32	xwa, 48300
	lds	bc, 3
	ldw	de, 20
	call	16604730
	call	16608397
	ldda32	xwa, 48300
	ldw	bc, 15
	call	16604854
	cps	l, 0
	ret	nz
	ldda32	xwa, 48300
	lds	bc, 3
	ldw	de, 21
	call	16604730
	ret
LABEL_FD8005:
	.byte 0xe1, 0xac, 0xbc, 0x20, 0xd9, 0xab, 0x32, 0x0b
	.byte 0x00, 0x1d, 0x3a, 0x5e, 0xfd, 0xd8, 0xac, 0x1d
	.byte 0xac, 0x5c, 0xfd, 0xdb, 0xcf, 0xff, 0xff, 0xf2
	.byte 0x8d, 0x6c, 0xfd, 0xee, 0xe1, 0xac, 0xbc, 0x20
	.byte 0x31, 0x0f, 0x00, 0x1d, 0xb6, 0x5e, 0xfd, 0xcf
	.byte 0xd8, 0xb0, 0xfe, 0xe1, 0xac, 0xbc, 0x20, 0xd9
	.byte 0xab, 0x32, 0x0c, 0x00, 0x1d, 0x3a, 0x5e, 0xfd
	.byte 0x0e
LABEL_FD803E:
	.byte 0xe1, 0xac, 0xbc, 0x20, 0xd9, 0xab, 0x32
	.byte 0x0c, 0x00, 0x1d, 0x3a, 0x5e, 0xfd, 0xd8, 0xac
	.byte 0x1d, 0xac, 0x5c, 0xfd, 0xdb, 0xcf, 0xff, 0xff
	.byte 0xf2, 0x8d, 0x6c, 0xfd, 0xee, 0xe1, 0xac, 0xbc
	.byte 0x20, 0x31, 0x0f, 0x00, 0x1d, 0xb6, 0x5e, 0xfd
	.byte 0xcf, 0xd8, 0xb0, 0xfe, 0xe1, 0xac, 0xbc, 0x20
	.byte 0xd9, 0xab, 0x32, 0x0d, 0x00, 0x1d, 0x3a, 0x5e
	.byte 0xfd, 0x0e
LABEL_FD8077:
	; --- Section 1: load XWA, setup BC/DE, call, then compare HL ---
	ldda32	xwa, 48300
	lds	bc, 3
	ldw de, 0x000D
	call MIDI_ReadChannelParam
	lds	wa, 4
	call AccWrap_ReturnZero
	cp hl, 0xFFFF
	.byte 0xf2, 0x8d, 0x6c, 0xfd, 0xee		; call nz, 0xFD6C8D  [conditional call]
	; --- Section 2: reload XWA, setup BC, call, check L ---
	ldda32	xwa, 48300
	ldw bc, 0x000F
	call SeqData_ReadFieldByIndex
	cps	l, 0
	ret nz
	; --- Section 3: reload XWA, setup BC/DE, call ---
	ldda32	xwa, 48300
	lds	bc, 3
	ldw de, 0x000E
	call MIDI_ReadChannelParam
	ret


LABEL_FD80B0:
	.byte 0x0e
LABEL_FD80B1:
	.byte 0x0e
LABEL_FD80B2:
	.byte 0xe1, 0xb0, 0xbc
	.byte 0x20, 0x88, 0x03, 0x21, 0xc9, 0xcf, 0x16, 0xb0
	.byte 0xff, 0xd8, 0x12, 0xd8, 0xec, 0x02, 0xf2, 0x60
	.byte 0x2e, 0xee, 0x31, 0xe3, 0x07, 0xe4, 0xe0, 0x23
	.byte 0xb3, 0xe8, 0xf1, 0x1c, 0xbd, 0xb7, 0x0e
SeqChan_DefaultHandler:
	.byte 0xe1
	.byte 0xac, 0xbc, 0x20, 0xd9, 0xac, 0x32, 0x1f, 0x00
	.byte 0x1b, 0x3a, 0x5e, 0xfd
LABEL_FD80E1:
	.byte 0xe1, 0xac, 0xbc, 0x20
	.byte 0xd9, 0xab, 0xda, 0xa8, 0x1d, 0x3a, 0x5e, 0xfd
	.byte 0xf1, 0x1a, 0xbd, 0xbf, 0x0e
LABEL_FD80F2:
	.byte 0xe1, 0xac, 0xbc
	.byte 0x20, 0xd9, 0xab, 0xda, 0xa8, 0x1d, 0x3a, 0x5e
	.byte 0xfd, 0xf1, 0x1a, 0xbd, 0xbe, 0x0e
LABEL_FD8103:
	.byte 0xe1, 0xac
	.byte 0xbc, 0x20, 0xd9, 0xab, 0xda, 0xa8, 0x1d, 0x3a
	.byte 0x5e, 0xfd, 0xf1, 0x1a, 0xbd, 0xbd, 0x0e
LABEL_FD8114:
	.byte 0xe1
	.byte 0xac, 0xbc, 0x20, 0xd9, 0xab, 0xda, 0xa8, 0x1d
	.byte 0x3a, 0x5e, 0xfd, 0xf1, 0x1a, 0xbd, 0xbc, 0x0e
LABEL_FD8125:
	.byte 0x0e
LABEL_FD8126:
	.byte 0xe1, 0xac, 0xbc, 0x20, 0xd9, 0xab, 0xda
	.byte 0xa8, 0x1d, 0x3a, 0x5e, 0xfd, 0xf1, 0x1a, 0xbd
	.byte 0xba, 0x0e
; MIDI SysEx processing block with dispatch
MidiSysEx_ProcessBlock:	; FD8137
	.byte 0xe1, 0xac, 0xbc, 0x20, 0xd9, 0xab
	.byte 0xda, 0xa8, 0x1d, 0x3a, 0x5e, 0xfd, 0xf1, 0x18
	.byte 0xbd, 0xb4, 0x1e, 0x6f, 0x00, 0x1e, 0xa1, 0x00
	.byte 0x1e, 0xbb, 0x00, 0x1e, 0xd3, 0x00, 0x1e, 0xf3
	.byte 0x00, 0x78, 0xf1, 0x00
	.byte 0x3a, 0x3b, 0x3c, 0x3e
	.byte 0x1d, 0xde, 0x4c, 0xfc, 0x1d, 0xa5, 0x4c, 0xfc
	.byte 0x1d, 0xeb, 0x4c, 0xfc, 0x1d, 0x90, 0xa3, 0xfc
	.byte 0xd8, 0xab, 0x1d, 0x28, 0x60, 0xfb, 0x5e, 0x5c
	.byte 0x5b, 0x5a, 0x0e
	.byte 0x3a, 0x3b, 0x3c, 0x3e
	.byte 0x1d
	.byte 0x0f, 0x52, 0xfc
	.byte 0x5e, 0x5c, 0x5b, 0x5a
	.byte 0x0e
	push	xde
	push	xhl
	push	xix
	push	xiz
	call	15668467
	call	16626307
	pop	xiz
	pop	xix
	pop	xhl
	pop	xde
	.byte 0x0e
	.byte 0x3a, 0x3b, 0x3c, 0x3e
	.byte 0x1d, 0xf3, 0x14
	.byte 0xef, 0xf1, 0xea, 0x10, 0xb0, 0xd8, 0xab, 0x1d
	.byte 0x31, 0x60, 0xfb, 0xf1, 0xf9, 0x90, 0xbc, 0x1d
	.byte 0x18, 0xa3, 0xfc, 0xf1, 0xf9, 0x90, 0xb4, 0x5e
	.byte 0x5c, 0x5b, 0x5a, 0x0e, 0xf1, 0x1a, 0xbd, 0xcf
	.byte 0xb0, 0xf6, 0x1e, 0x97, 0xff, 0x1e, 0x11, 0x00
	.byte 0x1e, 0xb0, 0xff, 0x1e, 0x0b, 0x00, 0x1e, 0xb7
	.byte 0xff, 0x1e, 0x05, 0x00, 0xf1, 0x1a, 0xbd, 0xb7
	.byte 0x0e, 0xf1, 0x1a, 0xbd, 0xcc, 0xb0, 0xf6, 0xf1
	.byte 0xea, 0x10, 0xb8, 0x0e
	.byte 0x3a, 0x3b, 0x3c, 0x3e
	.byte 0x1d, 0xed, 0xbe, 0xfe
	.byte 0x5e, 0x5c, 0x5b, 0x5a
	.byte 0x0e, 0xef, 0x6e, 0x45, 0xb8, 0x2e, 0xee, 0x00
	.byte 0xef, 0x8c, 0xd9, 0xab, 0x95, 0x11, 0xf1, 0x1a
	.byte 0xbd, 0xce, 0x66, 0x07, 0x1e, 0xdd, 0xff, 0xf1
	.byte 0x1a, 0xbd, 0xb6, 0xef, 0x66, 0x0e, 0xf1, 0x1a
	.byte 0xbd, 0xcd, 0xb0, 0xf6, 0xf1, 0xf3, 0x32, 0xb0
	.byte 0x3a, 0x3b, 0x3c, 0x3e
	.byte 0x1d, 0x66, 0xe9, 0xf5
	.byte 0x5e, 0x5c, 0x5b, 0x5a
	.byte 0xf1, 0x1a, 0xbd, 0xb5
	.byte 0x0e, 0xf1, 0x1a, 0xbd, 0xcc, 0xb0, 0xf6, 0x3a
	.byte 0x3b, 0x3c, 0x3e, 0x1d, 0xe4, 0x4c, 0xfc, 0x1d
	.byte 0xeb, 0x4c, 0xfc, 0x1d, 0xad, 0xea, 0xf4, 0x5e
	.byte 0x5c, 0x5b, 0x5a, 0xf1, 0x18, 0xbd, 0xb9, 0xf1
	.byte 0x1a, 0xbd, 0xb4, 0x0e, 0x0e, 0xf1, 0x1a, 0xbd
	.byte 0xca, 0xb0, 0xf6
	.byte 0x3a, 0x3b, 0x3c, 0x3e
	.byte 0x1d
	cp	iz, (xix-16)
	.byte 0x5e, 0x5c, 0x5b, 0x5a
	.byte 0xf1
	.byte 0x1a, 0xbd, 0xb2, 0x0e, 0x0e, 0x0e, 0x0e, 0x0e
	.byte 0xe1, 0xac, 0xbc, 0x20, 0x88, 0x04, 0x3f, 0x00
	.byte 0xb0, 0xf6, 0x1e, 0x0b, 0x00, 0x0e, 0xe1, 0xac
	.byte 0xbc, 0x20, 0xb8, 0x04, 0x00, 0x17, 0x68, 0x00
	.byte 0xe1, 0xb0, 0xbc, 0x20, 0x88, 0x03, 0x21, 0xc9
	.byte 0xcf, 0x16, 0xb0, 0xff, 0xd8, 0x12, 0xd8, 0xec
	.byte 0x02, 0xf2, 0xbe, 0x2e, 0xee, 0x31, 0xe3, 0x07
	.byte 0xe4, 0xe0, 0x23, 0xb3, 0xe8, 0x0e, 0x0e, 0x1b
	.byte 0xb1, 0x82, 0xfd, 0x1b, 0xd1, 0x82, 0xfd, 0x1b
	.byte 0xf3, 0x82, 0xfd, 0x1b, 0x04, 0x83, 0xfd, 0x0e
	.byte 0x1b, 0x21, 0x83, 0xfd, 0xf1, 0xf9, 0x90, 0xbc
	.byte 0x3a, 0x3b, 0x3c, 0x3e
	.byte 0xe2, 0xec, 0xb2, 0xed
	.byte 0x23, 0xb3, 0xe8, 0x1d, 0x46, 0x81, 0xfc, 0x1d
	.byte 0x18, 0xa3, 0xfc
	.byte 0x5e, 0x5c, 0x5b, 0x5a
	.byte 0xf1
	.byte 0xf9, 0x90, 0xb4, 0x0e
	.byte 0x3a, 0x3b, 0x3c, 0x3e
	.byte 0x1d, 0x9e, 0xf9, 0xfe, 0x1d, 0xed, 0xbe, 0xfe
	.byte 0x5e, 0x5c, 0x5b, 0x5a
	.byte 0x0e, 0x3a, 0x3b, 0x3c
	.byte 0x3e, 0x1d, 0x5a, 0xe9, 0xf5, 0xf1, 0xf3, 0x32
	.byte 0xb0
	.byte 0x5e, 0x5c, 0x5b, 0x5a
	.byte 0x0e, 0x3a, 0x3b
	.byte 0x3c, 0x3e, 0x1d, 0x31, 0xe9, 0xf5, 0xf1, 0xf3
	.byte 0x32, 0xb0
	.byte 0x5e, 0x5c, 0x5b, 0x5a
	.byte 0x0e, 0x3a
	.byte 0x3b, 0x3c, 0x3e, 0xe2, 0x3e, 0x46, 0xe4, 0x23
	call	(xhl)
	.byte 0x5e, 0x5c, 0x5b, 0x5a
	.byte 0x0e, 0x3a
	.byte 0x3b, 0x3c, 0x3e, 0x1d, 0xaa, 0xf0, 0xf6, 0x5e
	.byte 0x5c, 0x5b, 0x5a, 0x0e
	.byte 0x3a, 0x3b, 0x3c, 0x3e
	.byte 0x1d, 0x95, 0xf0, 0xf6
	.byte 0x5e, 0x5c, 0x5b, 0x5a
	.byte 0x0e

SeqAlt_CheckInitBuffer:
	cpdi8 36150, 87
	ret nz
	ei 6
	call SeqMain_InitBuffer
	ei 0
	ret

LABEL_FD833E:
	ei 6
	call SeqBuf2_Init
	ei 0
	ret

LABEL_FD8347:
	.byte 0x06, 0x06, 0x1d, 0x6b, 0x28, 0xef, 0x06, 0x00
	.byte 0x0e

LABEL_FD8350:
	ldada xwa, 48232
	ld (xwa), 0xFF
	ld (xwa + 1), 0xFF
	ld (xwa + 2), 0xFF
	ldada xwa, 48228
	ld (xwa), 0xFF
	ld (xwa + 1), 0xFF
	ld (xwa + 2), 0xFF
	ret

LABEL_FD836F:
	ldada xwa, 47092
	stda32 48212, xwa
	ldada xbc, 48236
	stda32 48300, xbc
	ldada xde, 47372
	stda32 48216, xde
	ldada xde, 48252
	stda32 48304, xde
	ldada xde, 47652
	stda32 48220, xde
	ldada xde, 48268
	stda32 48308, xde
	ldada xde, 47932
	stda32 48224, xde
	ldada xde, 48284
	stda32 48312, xde
	calr ArpQueue_InitBuffer
	ldda32 xwa, 48216
	ldda32 xbc, 48304
	calr ArpQueue_InitBuffer
	ldda32 xwa, 48220
	ldda32 xbc, 48308
	calr ArpQueue_InitBuffer
	ldda32 xwa, 48224
	ldda32 xbc, 48312
	jr __jrt_nop_FD83D2
__jrt_nop_FD83D2:

ArpQueue_InitBuffer:
	ld xde, xbc
	ldw (xwa), 0x0
	lda xbc, (xwa + 14)
	ld (xwa + 2), xbc
	ld (xwa + 6), xbc
	ld (xwa + 10), xbc
	ld (xbc), 0xFF
	ld xiy, 0xEE49D8
	ld xix, xde
	ldw bc, 0x8
	ldirw
	ret

LABEL_FD83F4:
	ldda32 xbc, 48300
	cp (xbc + 4), 0x0
	jr nz, LABEL_FD8426
	ldda32 xwa, 48212
	lda xde, (xwa + 14)
	cp xde, (xwa + 10)
	jr z, LABEL_FD8426
	ldda32 xwa, 48304
	stda32 48304, xbc
	stda32 48300, xwa
	ldda32 xbc, 48216
	ldda32 xwa, 48212
	stda32 48216, xwa
	stda32 48212, xbc

LABEL_FD8426:
	jr LABEL_FD846E

ArpQueue_SwapBuffers:
	ldda32 xbc, 48308
	cp (xbc + 4), 0x0
	jr nz, LABEL_FD846C
	ldda32 xwa, 48220
	lda xde, (xwa + 14)
	cp xde, (xwa + 10)
	jr z, LABEL_FD846C
	ldda32 xwa, 48312
	stda32 48312, xbc
	stda32 48308, xwa
	ldda32 xbc, 48224
	ldda32 xwa, 48220
	stda32 48224, xwa
	stda32 48220, xbc
	calr LABEL_FD8479
	ldda32 xbc, 48308
	ldda32 xwa, 48312
	ld a, (xwa + 3)
	ld (xbc + 3), a
	ret

LABEL_FD846C:
	jr LABEL_FD8479

LABEL_FD846E:
	ldda32 xwa, 48212
	ldda32 xbc, 48300
	jrl ArpQueue_InitBuffer

LABEL_FD8479:
	ldda32 xwa, 48220
	ldda32 xbc, 48308
	jrl ArpQueue_InitBuffer

LABEL_FD8484:
	ld xiy, 0xEE2F16
	ld xix, 0xBCBC
	ldw bc, 0x8
	ldirw
	ld xiy, 0xEE2F16
	ld xix, 0xBCCC
	ldw bc, 0x8
	ldirw
	ld xiy, 0xEE2F16
	ld xix, 0xBCDC
	ldw bc, 0x8
	ldirw
	ld xiy, 0xEE2F16
	ld xix, 0xBCEC
	ldw bc, 0x8
	ldirw
	ret

SoundMode_ResetAllParams:
	calr LABEL_FD836F
	calr LABEL_FD8350
	calr LABEL_FD8484
	stdi8 48408, 0
	stdi8 48410, 0
	stdi8 48412, 0
	stdi8 48414, 0
	stdi8 48416, 0
	stdi8 48380, 0
	stdi8 48384, 0
	ret

LABEL_FD84EE:
	jr SoundMode_ResetAllParams

LABEL_FD84F0:
	jr LABEL_FD84EE

LABEL_FD84F2:
	ret

LABEL_FD84F3:
	ret

LABEL_FD84F4:
	ret

LABEL_FD84F5:
	ret

LABEL_FD84F6:
	lds wa, 2
	ld xbc, 0xF980
	call SysEx_ApplyVoiceParam_49
	lds wa, 4
	ld xbc, 0xF980
	call SysEx_ApplyVoiceParam_4B
	ldada xbc, 37261
	ld xwa, xbc
	lda xbc, (xbc + 31)

LABEL_FD8515:
	stib_dpi 0xE0, 0x23
	cp xwa, xbc
	jr ule, LABEL_FD8515
	ret

LABEL_FD851E:
	ret

LABEL_FD851F:
	ret

LABEL_FD8520:
	ret

LABEL_FD8521:
	ret

LABEL_FD8522:
	.byte 0xf1, 0x50, 0xfd, 0xcc, 0xb0, 0xfe, 0xd8, 0xcc
	.byte 0xff, 0x01, 0xf1, 0x5a, 0xfc, 0x31, 0xc9, 0x8f
	.byte 0xb9, 0x08, 0x47, 0xb9, 0x09, 0x32, 0x82, 0x23
	.byte 0xcb, 0x30, 0x00, 0xb2, 0x43, 0xd8, 0xef, 0x08
	.byte 0xc9, 0xe3, 0xb2, 0x43, 0xf1, 0x27, 0x91, 0x00
	.byte 0x48, 0xf1, 0x28, 0x91, 0x00, 0x08, 0xf1, 0x29
	.byte 0x91, 0x47, 0xf1, 0x2a, 0x91, 0x00, 0xff, 0x3a
	.byte 0x3b, 0x3c, 0x3e, 0x1d, 0xa5, 0x96, 0xfc, 0x5e
	.byte 0x5c, 0x5b, 0x5a, 0xf1, 0xf9, 0x90, 0xbc, 0x3a
	.byte 0x3b, 0x3c, 0x3e, 0x1d, 0x18, 0xa3, 0xfc, 0x5e
	.byte 0x5c, 0x5b, 0x5a, 0xf1, 0xf9, 0x90, 0xb4, 0x0e

LABEL_FD857A:
	dec 2, xsp
	ld (xsp), a
	setda 0, 47086
	push xde
	push xhl
	push xix
	push xiz
	call SndParam_SyncDisplayBitmap
	pop xiz
	pop xix
	pop xhl
	pop xde
	cp (xsp), 0x2
	jr z, LABEL_FD85A2
	cp (xsp), 0x1
	jr z, LABEL_FD859D
	calr SoundMode_RenderWithNotify
	jr LABEL_FD85A5

LABEL_FD859D:
	calr SoundMode_FullRenderUpdate
	jr LABEL_FD85A5

LABEL_FD85A2:
	calr LABEL_FD866D

LABEL_FD85A5:
	call BitMapOut_ComputeRegionDelta
	lda_24 xde, 0x03c8e4
	ldada xbc, 63904
	ld xhl, xbc
	ldada xwa, 65470
	sub xwa, xbc
	inc 2, xwa
	ld xbc, xwa
	srl xbc, 1
	ld xwa, xbc
	dec 1, xbc
	or xwa, xwa
	jr z, LABEL_FD85D7

LABEL_FD85C9:
	ld_spiw WA, 0xE9
	st_dpiw WA, 0xED
	ld xwa, xbc
	dec 1, xbc
	or xwa, xwa
	jr nz, LABEL_FD85C9

LABEL_FD85D7:
	resda 0, 47086
	inc 2, xsp
	ret

SoundMode_FullRenderUpdate:
	push xde
	push xhl
	push xix
	push xiz
	call Display_SetupAndPrepareRender
	pop xiz
	pop xix
	pop xhl
	pop xde
	calr LABEL_FD84F5
	calr LABEL_FD87DC
	calr LABEL_FD8520
	calr LABEL_FD88A0
	calr LABEL_FD88C6
	calr LABEL_FD88EC
	calr LABEL_FD8912
	calr LABEL_FD8938
	calr LABEL_FD8939
	calr LABEL_FD895F
	calr LABEL_FD8985
	calr LABEL_FD89AB
	calr LABEL_FD89D1
	calr LABEL_FD89F7
	calr LABEL_FD8A4E
	calr SoundParam_ApplyBit15Toggle
	calr LABEL_FD8AA3
	calr LABEL_FD84F6
	jrl VoiceData_SyncAllToHardware

SoundMode_RenderWithNotify:
	push xde
	push xhl
	push xix
	push xiz
	call Display_SetupAndPrepareRender
	ldda8 a, 36150
	cp a, 0x76
	jr z, SoundMode_NotifyActiveVoices
	cp a, 0x72
	jr z, SoundMode_NotifyActiveVoices
	cp a, 0x73
	jr z, SoundMode_NotifyActiveVoices
	cp a, 0x6F
	jr nz, LABEL_FD865D

SoundMode_NotifyActiveVoices:
	ld xwa, 0x2201
	lds bc, 1
	lds de, 0
	call SoundParam_NotifyChange
	ld xwa, 0x2205
	lds bc, 1
	lds de, 0
	call SoundParam_NotifyChange

LABEL_FD865D:
	pop xiz
	pop xix
	pop xhl
	pop xde
	calr LABEL_FD8A26
	calr LABEL_FD8521
	calr LABEL_FD8AA1
	jrl VoiceData_SyncAllToHardware

LABEL_FD866D:
	push xde
	push xhl
	push xix
	push xiz
	call Display_SetupAndPrepareRender
	pop xiz
	pop xix
	pop xhl
	pop xde
	calr LABEL_FD84F5
	calr LABEL_FD883E
	calr LABEL_FD8521
	calr LABEL_FD88A0
	calr LABEL_FD88C6
	calr LABEL_FD88EC
	calr LABEL_FD8912
	calr LABEL_FD8938
	calr LABEL_FD8939
	calr LABEL_FD895F
	calr LABEL_FD8985
	calr LABEL_FD89AB
	calr LABEL_FD89D1
	calr LABEL_FD8A4E
	calr SoundParam_ApplyBit15Toggle
	calr LABEL_FD84F6
	jrl VoiceData_SyncAllToHardware
LABEL_FD86AC:
	cpdi8 49277, 3
	ret nz
	ldda8 a, 49279
	bit 2, a
	jr z, LABEL_FD86FF
	ldda8 a, 47086
	bit 0, a
	ret nz
	set 0, a
	stda8 47086, a
	ldda16 xwa, 4597
	bit 15, wa
	jr nz, LABEL_FD86E5
	push xde
	push xhl
	push xix
	push xiz
	call AccWrap_PlayModeDispatch
	call AccompSeq_StopSequence
	pop xiz
	pop xix
	pop xhl
	pop xde

LABEL_FD86E5:
	ldda8 a, 49278
	extz wa
	calr LABEL_FD8BE9
	ldda8 a, 49278
	extz wa
	calr LABEL_FD8BFA
	calr LABEL_FD870E
	resda 0, 47086
	ret

LABEL_FD86FF:
	cpdi8 49278, 4
	ret nz
	cps a, 0
	ret nz
	calr SwbtWr_InitAndWriteAllBlocks
	ret

LABEL_FD870E:
	push_werp 0xFA
	push xde
	push xhl
	push xix
	push xiz
	call ToneGen_DSPCfg_Initialize
	call SndParam_SyncDisplayBitmap
	pop xiz
	pop xix
	pop xhl
	pop xde
	ldda8 a, 64607
	ldfr_berp A, 0xFB
	bitda 2, 49278
	jr z, LABEL_FD874E
	calr LABEL_FD851E
	calr SoundMode_FullRenderUpdate
	bitda 0, 4330
	jr nz, SoundMode_ProcessToneAndParams
	ldda8 a, 36150
	cp a, 0x76
	jr ugt, LABEL_FD8748
	cp a, 0x6C
	jr nc, SoundMode_ProcessToneAndParams

LABEL_FD8748:
	call BitMapOut_ComputeRegionDelta
	jr SoundMode_ProcessToneAndParams

LABEL_FD874E:
	calr SoundMode_RenderWithNotify
	calr LABEL_FD851F

SoundMode_ProcessToneAndParams:
	calr LABEL_FD87C7
	push xde
	push xhl
	push xix
	push xiz
	call ToneGen_DSPCfg_Initialize
	call ToneGen_Config_InitAllEntries
	call Voice_InitAllChannelEntries
	call ToneGen_DispatchByMode
	lds wa, 3
	call BitMapOut_GetRenderMode_CheckBit3
	call SoundParam_NotifyMultipleChanges
	call SwbtWr_ReinitOutputBank
	call SwbtWr_CallProcessAll
	lds wa, 3
	call BitMapOut_GetRenderMode_Return
	setda 4, 37113
	call SeqTimer_UpdateTempoReg
	resda 4, 37113
	pop xiz
	pop xix
	pop xhl
	pop xde
	calr LABEL_FD8AC8
	calr LABEL_FD8AF8
	calr LABEL_FD8AF9
	calr SwbtWr_InitAndWriteAllBlocks
	calr LABEL_FD8B59
	calr LABEL_FD8B5A
	calr LABEL_FD8B5B
	calr LABEL_FD8B5C
	calr LABEL_FD8BA9
	ldada xde, 64607
	ld c, (xde)
	res 0, c
	ld (xde), c
	ldto_berp A, 0xFB
	and a, 0x1
	or c, a
	ld (xde), c
	pop_werp 0xFA
	ret

LABEL_FD87C7:
	ldada xwa, 63926
	sub xwa, 0xF9B4
	lda_24 xbc, 0x03c8e4
	add xwa, xbc
	ld (xwa), 0xFF
	ret

LABEL_FD87DC:
	dec 4, xsp
	ld (xsp + 256), 0x0
	jr LABEL_FD8806

LABEL_FD87E4:
	ld (xbc), 0x0
	ld (xde), 0x0
	ld (xhl), 0xFF
	call MidiTG_WriteRegByDescriptor
	lda xwa, (xsp)
	ld (xwa + 1), 0x1
	ld (xwa + 2), 0x0
	ld (xwa + 3), 0x7F
	call MidiTG_WriteRegByDescriptor
	incm8 1, (xsp + 256)

LABEL_FD8806:
	lda xwa, (xsp)
	lda xbc, (xwa + 1)
	lda xde, (xwa + 2)
	lda xhl, (xwa + 3)
	cp (xwa), 0xF
	jr ule, LABEL_FD87E4
	ld (xwa), 0xF
	ld (xbc), 0x0
	ld (xde), 0x0
	ld (xhl), 0xFF
	call MidiTG_WriteRegByDescriptor
	lda xwa, (xsp)
	ld (xwa), 0xF
	ld (xwa + 1), 0x1
	ld (xwa + 2), 0x78
	ld (xwa + 3), 0x7F
	call MidiTG_WriteRegByDescriptor
	inc 4, xsp
	ret

LABEL_FD883E:
	dec 4, xsp
	ld (xsp + 256), 0x0
	jr LABEL_FD8868

LABEL_FD8846:
	ld (xbc), 0x0
	ld (xde), 0x0
	ld (xhl), 0xFF
	call MidiTG_WriteRegByDescriptor
	lda xwa, (xsp)
	ld (xwa + 1), 0x1
	ld (xwa + 2), 0x0
	ld (xwa + 3), 0x7F
	call MidiTG_WriteRegByDescriptor
	incm8 1, (xsp + 256)

LABEL_FD8868:
	lda xwa, (xsp)
	lda xbc, (xwa + 1)
	lda xde, (xwa + 2)
	lda xhl, (xwa + 3)
	cp (xwa), 0xF
	jr ule, LABEL_FD8846
	ld (xwa), 0xF
	ld (xbc), 0x0
	ld (xde), 0xF0
	ld (xhl), 0xFF
	call MidiTG_WriteRegByDescriptor
	lda xwa, (xsp)
	ld (xwa), 0xF
	ld (xwa + 1), 0x1
	ld (xwa + 2), 0x0
	ld (xwa + 3), 0x7F
	call MidiTG_WriteRegByDescriptor
	inc 4, xsp
	ret

LABEL_FD88A0:
	dec 4, xsp
	lda xwa, (xsp)
	ld (xwa + 1), 0x3
	ld (xwa + 2), 0x64
	ld (xwa + 3), 0x7F
	ld (xwa), 0x0
	jr LABEL_FD88BC

LABEL_FD88B5:
	call MidiTG_WriteRegByDescriptor
	incm8 1, (xsp + 256)

LABEL_FD88BC:
	lda xwa, (xsp)
	cp (xwa), 0xF
	jr ule, LABEL_FD88B5
	inc 4, xsp
	ret

LABEL_FD88C6:
	dec 4, xsp
	lda xwa, (xsp)
	ld (xwa + 1), 0x4
	ld (xwa + 2), 0x0
	ld (xwa + 3), 0x8
	ld (xwa), 0x0
	jr LABEL_FD88E2

LABEL_FD88DB:
	call MidiTG_WriteRegByDescriptor
	incm8 1, (xsp + 256)

LABEL_FD88E2:
	lda xwa, (xsp)
	cp (xwa), 0xF
	jr ule, LABEL_FD88DB
	inc 4, xsp
	ret

LABEL_FD88EC:
	dec 4, xsp
	lda xwa, (xsp)
	ld (xwa + 1), 0x5
	ld (xwa + 2), 0x0
	ld (xwa + 3), 0x7F
	ld (xwa), 0x0
	jr LABEL_FD8908

LABEL_FD8901:
	call MidiTG_WriteRegByDescriptor
	incm8 1, (xsp + 256)

LABEL_FD8908:
	lda xwa, (xsp)
	cp (xwa), 0xF
	jr ule, LABEL_FD8901
	inc 4, xsp
	ret

LABEL_FD8912:
	dec 4, xsp
	lda xwa, (xsp)
	ld (xwa + 1), 0x4
	ld (xwa + 2), 0x0
	ld (xwa + 3), 0x40
	ld (xwa), 0x0
	jr LABEL_FD892E

LABEL_FD8927:
	call MidiTG_WriteRegByDescriptor
	incm8 1, (xsp + 256)

LABEL_FD892E:
	lda xwa, (xsp)
	cp (xwa), 0xF
	jr ule, LABEL_FD8927
	inc 4, xsp
	ret

LABEL_FD8938:
	ret

LABEL_FD8939:
	dec 4, xsp
	lda xwa, (xsp)
	ld (xwa + 1), 0x7
	ld (xwa + 2), 0x28
	ld (xwa + 3), 0x7F
	ld (xwa), 0x0
	jr LABEL_FD8955

LABEL_FD894E:
	call MidiTG_WriteRegByDescriptor
	incm8 1, (xsp + 256)

LABEL_FD8955:
	lda xwa, (xsp)
	cp (xwa), 0xF
	jr ule, LABEL_FD894E
	inc 4, xsp
	ret

LABEL_FD895F:
	dec 4, xsp
	lda xwa, (xsp)
	ld (xwa + 1), 0x8
	ld (xwa + 2), 0x40
	ld (xwa + 3), 0x7F
	ld (xwa), 0x0
	jr LABEL_FD897B

LABEL_FD8974:
	call MidiTG_WriteRegByDescriptor
	incm8 1, (xsp + 256)

LABEL_FD897B:
	lda xwa, (xsp)
	cp (xwa), 0xF
	jr ule, LABEL_FD8974
	inc 4, xsp
	ret

LABEL_FD8985:
	dec 4, xsp
	lda xwa, (xsp)
	ld (xwa + 1), 0x9
	ld (xwa + 2), 0x40
	ld (xwa + 3), 0x7F
	ld (xwa), 0x0
	jr LABEL_FD89A1

LABEL_FD899A:
	call MidiTG_WriteRegByDescriptor
	incm8 1, (xsp + 256)

LABEL_FD89A1:
	lda xwa, (xsp)
	cp (xwa), 0xF
	jr ule, LABEL_FD899A
	inc 4, xsp
	ret

LABEL_FD89AB:
	dec 4, xsp
	lda xwa, (xsp)
	ld (xwa + 1), 0xA
	ld (xwa + 2), 0x80
	ld (xwa + 3), 0xFF
	ld (xwa), 0x0
	jr LABEL_FD89C7

LABEL_FD89C0:
	call MidiTG_WriteRegByDescriptor
	incm8 1, (xsp + 256)

LABEL_FD89C7:
	lda xwa, (xsp)
	cp (xwa), 0xF
	jr ule, LABEL_FD89C0
	inc 4, xsp
	ret

LABEL_FD89D1:
	dec 4, xsp
	lda xwa, (xsp)
	ld (xwa + 1), 0xB
	ld (xwa + 2), 0x2
	ld (xwa + 3), 0x7F
	ld (xwa), 0x0
	jr LABEL_FD89ED

LABEL_FD89E6:
	call MidiTG_WriteRegByDescriptor
	incm8 1, (xsp + 256)

LABEL_FD89ED:
	lda xwa, (xsp)
	cp (xwa), 0xF
	jr ule, LABEL_FD89E6
	inc 4, xsp
	ret

LABEL_FD89F7:
	ld8_24 a, 0x0340f8
	cps a, 3
	jr z, LABEL_FD8A1D
	cps a, 2
	jr z, LABEL_FD8A16
	cps a, 1
	jr z, LABEL_FD8A0F
	stdi8 47084, 128
	jr SoundParam_SyncAndReturn

LABEL_FD8A0F:
	stdi8 47084, 155
	jr SoundParam_SyncAndReturn

LABEL_FD8A16:
	stdi8 47084, 156
	jr SoundParam_SyncAndReturn

LABEL_FD8A1D:
	stdi8 47084, 157

SoundParam_SyncAndReturn:
	jp SndParam_ApplyAndSync

LABEL_FD8A26:
	ld8_24 a, 0x0340f9
	cps a, 3
	jr z, LABEL_FD8A45
	cps a, 2
	jr z, LABEL_FD8A3E
	cps a, 1
	ret nz
	stdi8 47084, 91
	jr LABEL_FD8A4A

LABEL_FD8A3E:
	stdi8 47084, 92
	jr LABEL_FD8A4A

LABEL_FD8A45:
	stdi8 47084, 93

LABEL_FD8A4A:
	jp SndParam_ApplyAndSync

LABEL_FD8A4E:
	lda_24 xbc, 0xee2f36
	ld xwa, xbc
	lda xbc, (xbc + 64)

LABEL_FD8A58:
	ld xhl, (xwa)
	ld d, (xhl - 1)
	ld e, d
	dec 1, d
	cps e, 0
	jr z, LABEL_FD8A71

LABEL_FD8A65:
	stib_dpi 0xEC, 0x00
	ld e, d
	dec 1, d
	cps e, 0
	jr nz, LABEL_FD8A65

LABEL_FD8A71:
	inc 4, xwa
	cp xwa, xbc
	jr c, LABEL_FD8A58
	ret

SoundParam_ApplyBit15Toggle:
	ldda16 xwa, 4597
	bit 15, wa
	ret z
	ldada xbc, 64602
	ld (xbc + 8), a
	lda xde, (xbc + 9)
	ld c, (xde)
	res 0, c
	ld (xde), c
	ldda16 xwa, 4597
	srl wa, 8
	and a, 0x1
	or c, a
	ld (xde), c
	ret

LABEL_FD8AA1:
	jr SoundParam_ApplyBit15Toggle

LABEL_FD8AA3:
	dec 4, xsp
	ld (xsp + 256), 0x0
	jr LABEL_FD8ABE

LABEL_FD8AAB:
	ld (xwa + 1), 0xC
	ld (xwa + 2), 0x0
	ld (xwa + 3), 0x10
	call MidiTG_WriteRegByDescriptor
	incm8 1, (xsp + 256)

LABEL_FD8ABE:
	lda xwa, (xsp)
	cp (xwa), 0xF
	jr ule, LABEL_FD8AAB
	inc 4, xsp
	ret

LABEL_FD8AC8:
	stdi8 37159, 177
	stdi8 37161, 0
	stdi8 37160, 0

LABEL_FD8AD7:
	stdi8 37162, 64
	push xde
	push xhl
	push xix
	push xiz
	call SwbtWr_WriteParamBlock
	pop xiz
	pop xix
	pop xhl
	pop xde
	ldda8 a, 37160
	inc 1, a
	stda8 37160, a
	cp a, 0xF
	jr ule, LABEL_FD8AD7
	ret

LABEL_FD8AF8:
	ret

LABEL_FD8AF9:
	stdi8 37159, 178
	stdi8 37161, 0
	stdi8 37160, 0

LABEL_FD8B08:
	stdi8 37162, 127
	push xde
	push xhl
	push xix
	push xiz
	call SwbtWr_WriteParamBlock
	pop xiz
	pop xix
	pop xhl
	pop xde
	ldda8 a, 37160
	inc 1, a
	stda8 37160, a
	cp a, 0xF
	jr ule, LABEL_FD8B08
	ret

SwbtWr_InitAndWriteAllBlocks:
	stdi8 37159, 179
	stdi8 37161, 127
	stdi8 37160, 0

LABEL_FD8B38:
	stdi8 37162, 127
	push xde
	push xhl
	push xix
	push xiz
	call SwbtWr_WriteParamBlock
	pop xiz
	pop xix
	pop xhl
	pop xde
	ldda8 a, 37160
	inc 1, a
	stda8 37160, a
	cp a, 0xF
	jr ule, LABEL_FD8B38
	ret

LABEL_FD8B59:
	ret

LABEL_FD8B5A:
	ret

LABEL_FD8B5B:
	ret

LABEL_FD8B5C:
	stdi8 37159, 176
	stdi8 37160, 0
	ldda8 a, 36582
	res 7, a
	stda8 37161, a
	stdi8 37162, 127
	push xde
	push xhl
	push xix
	push xiz
	call SwbtWr_WriteParamBlock
	pop xiz
	pop xix
	pop xhl
	pop xde
	stdi8 37159, 176
	stdi8 37160, 1
	ldda8 a, 36580
	res 7, a
	stda8 37161, a
	stdi8 37162, 127
	push xde
	push xhl
	push xix
	push xiz
	call SwbtWr_WriteParamBlock
	pop xiz
	pop xix
	pop xhl
	pop xde
	ret

LABEL_FD8BA9:
	ldada xbc, 38516
	ld xde, xbc
	ldada xwa, 38579
	sub xwa, xbc
	inc 1, xwa
	ld c, a
	dec 1, c
	cps a, 0
	ret z

LABEL_FD8BBF:
	stib_dpi 0xE8, 0x7F
	ld a, c
	dec 1, c
	cps a, 0
	jr nz, LABEL_FD8BBF
	ret

LABEL_FD8BCC:
	.byte 0xf1, 0xee, 0xb7, 0xc8, 0xb0, 0xfe, 0xc1, 0x7d
	.byte 0xc0, 0x3f, 0x03, 0xb0, 0xfe, 0xf1, 0x7f, 0xc0
	.byte 0xca, 0xb0, 0xf6, 0xc1, 0x7e, 0xc0, 0x21, 0xd8
	.byte 0x12, 0x1e, 0x01, 0x00, 0x0e

LABEL_FD8BE9:
	ldb c, 0x0
	bit 2, a
	jr z, LABEL_FD8BF2
	ldb c, 0x1

LABEL_FD8BF2:
	extz bc
	ld wa, bc
	jp LABEL_FEBDD2

LABEL_FD8BFA:
	dec 4, xsp
	ld c, a
	ldda8 a, 37113
	bit 7, a
	jr nz, LABEL_FD8C28
	lda xwa, (xsp)
	ld (xwa), 0xB0
	ld (xwa + 2), 0x0
	ld (xwa + 3), 0x7F
	lda xde, (xwa + 1)
	ld (xde), 0x11
	bit 2, c
	jr nz, LABEL_FD8C22
	ld (xde), 0x10

LABEL_FD8C22:
	call MidiPkt_DispatchSpecialType
	jr LABEL_FD8C2F

LABEL_FD8C28:
	res 7, a
	stda8 37113, a

LABEL_FD8C2F:
	inc 4, xsp
	ret

VoiceData_SyncAllToHardware:
	pushw iz
	lds iz, 0

LABEL_FD8C35:
	ld wa, iz
	extz xwa
	ld xbc, 0xEE2F76
	add xbc, xwa
	ld a, (xbc)
	call VoiceData_LookupPtrByIndex
	ld c, (xhl - 1)
	ld xwa, xhl
	sub xwa, 0xF9A0
	lda_24 xde, 0x03c8e4
	add xde, xwa
	extz bc
	pushw bc
	push xde
	push xhl
	call Mem_Copy
	lda xsp, (xsp + 10)
	inc 1, iz
	cps iz, 7
	jr c, LABEL_FD8C35
	ldada xbc, 64919
	ld a, (xbc)
	and a, 0x80
	ld (xbc), a
	ldda8 e, 36466
	res 7, e
	or a, e
	ld (xbc), a
	ldada xwa, 64623
	cpdi8 36468, 0
	jr z, LABEL_FD8C8F
	setm 5, (xwa)
	jr LABEL_FD8C91

LABEL_FD8C8F:
	resm 5, (xwa)

LABEL_FD8C91:
	popw iz
	ret

LABEL_FD8C93:
	calr LABEL_FD8AC8
	calr LABEL_FD8AF8
	calr LABEL_FD8AF9
	calr SwbtWr_InitAndWriteAllBlocks
	calr LABEL_FD8B59
	calr LABEL_FD8B5A
	calr LABEL_FD8B5B
	calr LABEL_FD8B5C
	jrl LABEL_FD8BA9

SysEx_InitiateSend:
	set 7, a
	stda8 48380, a
	bit 7, a
	jr z, LABEL_FD8CFD
	setda 6, 48408
	call SeqAlt_CheckInitBuffer
	call MidiChan_ClearAllStates
	call LABEL_FD7669
	ldda8 a, 48380
	and a, 0x7
	extz wa
	cps wa, 0
	ret mi
	cps wa, 6
	ret gt
	add wa, wa
	lda_24 xix, 0xee2f7e
	ld_sriw3 WA, 0x07, 0xF0, 0xE0
	lda_24 xix, 0xfd8cf1
	jp_dri 8, 0x07, 0xF0, 0xE0

; SysEx send dispatch
SysEx_SendDispatch:	; FD8CF1
	.byte 0x1d, 0x17, 0x76, 0xfd, 0x1d, 0x59, 0x7a, 0xfd
	.byte 0x1d, 0x61, 0x75, 0xfd

LABEL_FD8CFD:
	stdi8 48408, 0
	jp SoundMode_ResetAllParams
LABEL_FD8D06:
	call	16610860
	jr	-23
	call	16610872
	jr	-29
	call	16610884
	jr	-35
	call	16610896
	jr	-41
	call	16610908
	jr	-47
	call	16610909
	jr	-53
	ret

LABEL_FD8D2B:
	push_werp 0xFA
	stdi8 48408, 0

SysEx_ParserLoop:
	call SeqBuf2_ReadByte
	cp hl, 0xFFFF
	jr z, LABEL_FD8DB0
	ldfr_berp L, 0xFB
	call SeqAlt_CheckInitBuffer
	ldda8 c, 48414
	ldto_berp A, 0xFB
	extz wa
	cps c, 1
	jr z, LABEL_FD8D62
	cps c, 0
	jr nz, LABEL_FD8D86
	cp_erpb 0xFB, 0xF0
	jr nz, SysEx_ParserLoop
	stdi8 48414, 1
	jr LABEL_FD8D96

LABEL_FD8D62:
	cp_erpb 0xFB, 0x50
	jr z, LABEL_FD8D74
	cp_erpb 0xFB, 0x7E
	jr z, LABEL_FD8D74
	cp_erpb 0xFB, 0x41
	jr nz, LABEL_FD8D7B

LABEL_FD8D74:
	stdi8 48414, 2
	jr LABEL_FD8D96

LABEL_FD8D7B:
	stdi8 48414, 0

LABEL_FD8D80:
	call LABEL_FD846E
	jr SysEx_ParserLoop

LABEL_FD8D86:
	bit_erpb 0xFB, 0x07
	jr nz, LABEL_FD8D9C
	ldda32 xbc, 48212
	cpw (xbc), 0xFF
	jr nc, LABEL_FD8D7B

LABEL_FD8D96:
	call VoiceQueue_Append
	jr SysEx_ParserLoop

LABEL_FD8D9C:
	stdi8 48414, 0
	cp_erpb 0xFB, 0xF7
	jr nz, LABEL_FD8D80
	call VoiceQueue_Append
	calr SeqData_DispatchHandler
	jr SysEx_ParserLoop

LABEL_FD8DB0:
	pop_werp 0xFA
	ret

; Sequencer data dispatch handler
SeqData_DispatchHandler:	; FD8DB4
	call SeqData_InitPlaybackFromField
	ldda32 xwa, 48300
	lds bc, 4
	call SeqData_ReadFieldByIndex
	cps l, 0
	jr nz, LABEL_FD8DF0
	ldda32 xwa, 48300
	lds bc, 0
	call SeqData_ReadFieldByIndex
	cp l, 0x27
	jr nc, LABEL_FD8DF0
	ldda32 xwa, 48300
	lds bc, 0
	call SeqData_ReadFieldByIndex
	extz hl
	sla hl, 2
	lda_24 xbc, 0xee2f8c
	ld_sril3 XHL, 0x07, 0xE4, 0xEC
	call (xhl)

LABEL_FD8DF0:
	call MidiPkt_SendBankSelect
	jp SoundMode_ResetAllParams
LABEL_FD8DF8:
	.byte 0x0e
LABEL_FD8DF9:
	.byte 0x1b, 0xc1, 0x84, 0xfd

LABEL_FD8DFD:
	dec 4, xsp
	ld xiy, 0xEE3028
	ld xix, xsp
	ldi85
	ldiw
	lds wa, 0
	call AccWrap_ReturnZero
	cp hl, 0xFFFF
	jr z, ArpQueue_Flush_Return
	bitda 0, 47079
	jr nz, ArpQueue_Flush_Return
	cpdi8 36150, 87
	jr z, ArpQueue_Flush_Return
	ldda8 a, 64848
	and a, 0x14
	jr nz, ArpQueue_Flush_Return
	ld xwa, 0xEE35CC
	lds bc, 3
	call SeqBuf_FlushNoteOffs
	ldda16 xwa, 48442
	cp wa, 0x28
	jr nc, LABEL_FD8E49
	stdi16 48442, 40
	jr LABEL_FD8E55

LABEL_FD8E49:
	cp wa, 0x12C
	jr ule, LABEL_FD8E55
	stdi16 48442, 300

LABEL_FD8E55:
	lda xwa, (xsp)
	ldda16 xbc, 48442
	and c, 0xF
	ld (xwa), c
	ldda16 xbc, 48442
	srl bc, 4
	and c, 0x1F
	ld (xwa + 1), c
	lds bc, 3
	call ArpQueue_Enqueue
	ldda32 xwa, 48220
	call SeqOut_FlushTimedBuffer
	call ArpQueue_SwapBuffers

ArpQueue_Flush_Return:
	inc 4, xsp
	ret

LABEL_FD8E82:
	; --- Input validation and dispatch (106 bytes, 2 functions) ---
	lds	wa, 0
	call AccWrap_ReturnZero
	cp hl, 0xFFFF
	ret z
	.byte 0xc1, 0x36, 0x8d, 0x3f, 0x57		; cp (0x8D36), 0x57  [8-bit direct]
	ret z
	ldda8	a, 64848
	and a, 0x14
	ret nz
	ldda32	xwa, 48212
	ld e, (xwa + 17)
	ld c, (xwa + 18)
	ld a, e
	and a, 0xF0
	jr z, LABEL_FD8EB6
	ld a, c
	and a, 0xE0
	ret nz
LABEL_FD8EB6:
	extz bc
	sll bc, 4
	extz de
	or de, bc
	cp de, 0x0028
	ret c
	cp de, 0x012C
	ret	ugt
	ld wa, de
	call LABEL_FD8522
	calr LABEL_FD8ED5
	ret
LABEL_FD8ED5:
	stdi16	37086, 0
	push xde
	push xhl
	push xix
	push xiz
	call LABEL_FD5CA4
	call SwbtWr_ReinitOutputBank
	pop xiz
	pop xix
	pop xhl
	pop xde
	ret


LABEL_FD8EEC:
	.byte 0xf1, 0x50, 0xfd, 0xcc, 0xb0, 0xfe
	.byte 0xe1, 0x54, 0xbc, 0x20, 0xb8, 0x0e, 0x30, 0x1b
	.byte 0xe6, 0xef, 0xfe
LABEL_FD8EFD:
	.byte 0xf1, 0x50, 0xfd, 0xcc, 0xb0
	.byte 0xfe, 0xe1, 0x54, 0xbc, 0x20, 0xb8, 0x0e, 0x30
	.byte 0x1d, 0xb7, 0xf1, 0xfe, 0xdb, 0xd8, 0xb0, 0xf6
	.byte 0x40, 0xac, 0x35, 0xee, 0x00, 0xd9, 0xad, 0x1d
	.byte 0x63, 0x6a, 0xfd, 0xe1, 0x5c, 0xbc, 0x20, 0x1d
	.byte 0xfc, 0x6b, 0xfd, 0x1d, 0x28, 0x84, 0xfd, 0x0e
LABEL_FD8F2A:
	.byte 0xf1, 0x50, 0xfd, 0xcc, 0xb0, 0xfe, 0x1e, 0x1f
	.byte 0x00, 0xd1, 0xde, 0x90, 0x3f, 0x00, 0x00, 0xb0
	.byte 0xf6
	.byte 0x3a, 0x3b, 0x3c, 0x3e
	.byte 0xd1, 0xde, 0x90
	.byte 0x19, 0xe0, 0x90, 0x1d, 0xa4, 0x5c, 0xfd, 0x1d
	.byte 0xd8, 0x14, 0xef
	.byte 0x5e, 0x5c, 0x5b, 0x5a
	.byte 0x0e
	.byte 0xe1, 0xac, 0xbc, 0x20, 0xd9, 0xa9, 0x1d, 0xb6
	.byte 0x5e, 0xfd, 0xdb, 0x12, 0xdb, 0x69, 0xdb, 0xd8
	.byte 0xb0, 0xf1, 0xdb, 0xde, 0xb0, 0xfa, 0xdb, 0x83
	.byte 0xf2, 0x2c, 0x30, 0xee, 0x34, 0xd3, 0x07, 0xf0
	.byte 0xec, 0x23, 0xf2, 0x7e, 0x8f, 0xfd, 0x34, 0xf3
	.byte 0x07, 0xf0, 0xec, 0xd8, 0x68, 0x12, 0x68, 0x6e
	.byte 0x78, 0xc8, 0x00, 0x78, 0x23, 0x01, 0x78, 0x21
	.byte 0x01, 0x78, 0x7b, 0x01, 0x1e, 0xd5, 0x01, 0x0e
	.byte 0xd7, 0xfa, 0x04, 0xe1, 0xac, 0xbc, 0x20, 0xd9
	.byte 0xaa, 0x1d, 0xb6, 0x5e, 0xfd, 0xc7, 0xfb, 0x9f
	.byte 0xc7, 0xfb, 0xcf, 0x0b, 0x6f, 0x44, 0xc7, 0xfb
	.byte 0x8b, 0xd9, 0x12, 0xd9, 0xec, 0x02, 0xf2, 0x2a
	.byte 0x4e, 0xee, 0x30, 0xe3, 0x07, 0xe0, 0xe4, 0x20
	.byte 0x1e, 0xba, 0x17, 0xdb, 0xcf, 0xff, 0xff, 0x66
	.byte 0x29, 0xc7, 0xfb, 0x89, 0xd8, 0x12, 0xd8, 0xec
	.byte 0x02, 0xf2, 0x2a, 0x4e, 0xee, 0x31, 0xe3, 0x07
	.byte 0xe4, 0xe0, 0x21, 0xe9, 0x88, 0x89, 0x11, 0x23
	.byte 0xd9, 0x12, 0xd9, 0xec, 0x02, 0xf2, 0x6a, 0x4f
	.byte 0xee, 0x32, 0xe9, 0x13, 0xea, 0x81, 0xa1, 0x23
	.byte 0xb3, 0xe8, 0xd7, 0xfa, 0x05, 0x0e, 0xd7, 0xfa
	.byte 0x04, 0xe1, 0xac, 0xbc, 0x20, 0xd9, 0xaa, 0x1d
	.byte 0xb6, 0x5e, 0xfd, 0xc7, 0xfb, 0x9f, 0xc7, 0xfb
	.byte 0xd9, 0x6f, 0x44, 0xc7, 0xfb, 0x8b, 0xd9, 0x12
	.byte 0xd9, 0xec, 0x02, 0xf2, 0x82, 0x4e, 0xee, 0x30
	.byte 0xe3, 0x07, 0xe0, 0xe4, 0x20, 0x1e, 0x5d, 0x17
	.byte 0xdb, 0xcf, 0xff, 0xff, 0x66, 0x29, 0xc7, 0xfb
	.byte 0x89, 0xd8, 0x12, 0xd8, 0xec, 0x02, 0xf2, 0x82
	.byte 0x4e, 0xee, 0x31, 0xe3, 0x07, 0xe4, 0xe0, 0x21
	.byte 0xe9, 0x88, 0x89, 0x11, 0x23, 0xd9, 0x12, 0xd9
	.byte 0xec, 0x02, 0xf2, 0x6a, 0x4f, 0xee, 0x32, 0xe9
	.byte 0x13, 0xea, 0x81, 0xa1, 0x23, 0xb3, 0xe8, 0xd7
	.byte 0xfa, 0x05, 0x0e, 0xd7, 0xfa, 0x04, 0xe1, 0xac
	.byte 0xbc, 0x20, 0xd9, 0xaa, 0x1d, 0xb6, 0x5e, 0xfd
	.byte 0xc7, 0xfb, 0x9f, 0xc7, 0xfb, 0xcf, 0x0c, 0x6f
	.byte 0x44, 0xc7, 0xfb, 0x8b, 0xd9, 0x12, 0xd9, 0xec
	.byte 0x02, 0xf2, 0x8a, 0x4e, 0xee, 0x30, 0xe3, 0x07
	.byte 0xe0, 0xe4, 0x20, 0x1e, 0xff, 0x16, 0xdb, 0xcf
	.byte 0xff, 0xff, 0x66, 0x29, 0xc7, 0xfb, 0x89, 0xd8
	.byte 0x12, 0xd8, 0xec, 0x02, 0xf2, 0x8a, 0x4e, 0xee
	.byte 0x31, 0xe3, 0x07, 0xe4, 0xe0, 0x21, 0xe9, 0x88
	.byte 0x89, 0x11, 0x23, 0xd9, 0x12, 0xd9, 0xec, 0x02
	.byte 0xf2, 0x6a, 0x4f, 0xee, 0x32, 0xe9, 0x13, 0xea
	.byte 0x81, 0xa1, 0x23, 0xb3, 0xe8, 0xd7, 0xfa, 0x05
	.byte 0x0e, 0x0e, 0xd7, 0xfa, 0x04, 0xe1, 0xac, 0xbc
	.byte 0x20, 0xd9, 0xaa, 0x1d, 0xb6, 0x5e, 0xfd, 0xc7
	.byte 0xfb, 0x9f, 0xc7, 0xfb, 0xd9, 0x6f, 0x44, 0xc7
	.byte 0xfb, 0x8b, 0xd9, 0x12, 0xd9, 0xec, 0x02, 0xf2
	.byte 0xea, 0x4e, 0xee, 0x30, 0xe3, 0x07, 0xe0, 0xe4
	.byte 0x20, 0x1e, 0xa1, 0x16, 0xdb, 0xcf, 0xff, 0xff
	.byte 0x66, 0x29, 0xc7, 0xfb, 0x89, 0xd8, 0x12, 0xd8
	.byte 0xec, 0x02, 0xf2, 0xea, 0x4e, 0xee, 0x31, 0xe3
	.byte 0x07, 0xe4, 0xe0, 0x21, 0xe9, 0x88, 0x89, 0x11
	.byte 0x23, 0xd9, 0x12, 0xd9, 0xec, 0x02, 0xf2, 0x6a
	.byte 0x4f, 0xee, 0x32, 0xe9, 0x13, 0xea, 0x81, 0xa1
	.byte 0x23, 0xb3, 0xe8, 0xd7, 0xfa, 0x05, 0x0e, 0xd7
	.byte 0xfa, 0x04, 0xe1, 0xac, 0xbc, 0x20, 0xd9, 0xaa
	.byte 0x1d, 0xb6, 0x5e, 0xfd, 0xc7, 0xfb, 0x9f, 0xc7
	.byte 0xfb, 0xd9, 0x6f, 0x44, 0xc7, 0xfb, 0x8b, 0xd9
	.byte 0x12, 0xd9, 0xec, 0x02, 0xf2, 0xf2, 0x4e, 0xee
	.byte 0x30, 0xe3, 0x07, 0xe0, 0xe4, 0x20, 0x1e, 0x44
	.byte 0x16, 0xdb, 0xcf, 0xff, 0xff, 0x66, 0x29, 0xc7
	.byte 0xfb, 0x89, 0xd8, 0x12, 0xd8, 0xec, 0x02, 0xf2
	.byte 0xf2, 0x4e, 0xee, 0x31, 0xe3, 0x07, 0xe4, 0xe0
	.byte 0x21, 0xe9, 0x88, 0x89, 0x11, 0x23, 0xd9, 0x12
	.byte 0xd9, 0xec, 0x02, 0xf2, 0x6a, 0x4f, 0xee, 0x32
	.byte 0xe9, 0x13, 0xea, 0x81, 0xa1, 0x23, 0xb3, 0xe8
	.byte 0xd7, 0xfa, 0x05, 0x0e, 0xd7, 0xfa, 0x04, 0xe1
	.byte 0xac, 0xbc, 0x20, 0xd9, 0xaa, 0x1d, 0xb6, 0x5e
	.byte 0xfd, 0xc7, 0xfb, 0x9f, 0xc7, 0xfb, 0xcf, 0x0e
	.byte 0x6f, 0x44, 0xc7, 0xfb, 0x8b, 0xd9, 0x12, 0xd9
	.byte 0xec, 0x02, 0xf2, 0xfa, 0x4e, 0xee, 0x30, 0xe3
	.byte 0x07, 0xe0, 0xe4, 0x20, 0x1e, 0xe6, 0x15, 0xdb
	.byte 0xcf, 0xff, 0xff, 0x66, 0x29, 0xc7, 0xfb, 0x89
	.byte 0xd8, 0x12, 0xd8, 0xec, 0x02, 0xf2, 0xfa, 0x4e
	.byte 0xee, 0x31, 0xe3, 0x07, 0xe4, 0xe0, 0x21, 0xe9
	.byte 0x88, 0x89, 0x11, 0x23, 0xd9, 0x12, 0xd9, 0xec
	.byte 0x02, 0xf2, 0x6a, 0x4f, 0xee, 0x32, 0xe9, 0x13
	.byte 0xea, 0x81, 0xa1, 0x23, 0xb3, 0xe8, 0xd7, 0xfa
	.byte 0x05, 0x0e

LABEL_FD91C4:
	ret

LABEL_FD91C5:
	ld hl, de
	dec 1, de
	cps hl, 0
	jr z, LABEL_FD91DD

LABEL_FD91CD:
	cp_spib A, 0xE4
	jr nz, LABEL_FD91D5
	lds hl, 0
	ret

LABEL_FD91D5:
	ld hl, de
	dec 1, de
	cps hl, 0
	jr nz, LABEL_FD91CD

LABEL_FD91DD:
	ldw hl, 0xFFFF
	ret

LABEL_FD91E1:
	dec 4, xsp
	push xiz
	ld xiz, xwa
	ldda32 xwa, 48212
	call MIDI_PackNibbleParam
	lda xbc, (xsp + 4)
	lda xix, (xbc + 2)
	ld (xix), l
	cp (xiz + 9), l
	jrl ugt, SeqAlt_PopIzSkip4Ret
	cp l, (xiz + 10)
	jrl ugt, SeqAlt_PopIzSkip4Ret
	ld a, (xiz + 14)
	cp a, 0xFF
	jr z, LABEL_FD925D
	cps a, 1
	jr nc, SeqAlt_PopIzSkip4Ret
	extz wa
	muls wa, 0x6
	lda_24 xbc, 0xee4e16
	exts xwa
	add xwa, xbc
	ld de, (xwa)
	ld xbc, (xwa + 2)
	extz hl
	ld wa, hl
	calr LABEL_FD91C5
	cp hl, 0xFFFF
	jr z, SeqAlt_PopIzSkip4Ret
	lda xbc, (xsp + 4)
	ld a, (xiz + 6)
	ld (xbc), a
	ld a, (xiz + 7)
	ld (xbc + 1), a
	lda xhl, (xbc + 2)
	ld e, (xhl)
	ld a, (xiz + 11)
	and a, 0xF
	jr z, LABEL_FD924C
	slla e

LABEL_FD924C:
	ld a, (xiz + 15)
	xor a, e
	ld (xhl), a
	ld a, (xiz + 8)
	ld (xbc + 3), a
	ld xwa, xbc
	jr LABEL_FD9283

LABEL_FD925D:
	ld a, (xiz + 6)
	ld (xbc), a
	ld a, (xiz + 7)
	ld (xbc + 1), a
	ld e, (xix)
	ld a, (xiz + 11)
	and a, 0xF
	jr z, LABEL_FD9274
	slla e

LABEL_FD9274:
	ld a, (xiz + 15)
	xor a, e
	ld (xix), a
	ld a, (xiz + 8)
	ld (xbc + 3), a
	ld xwa, xbc

LABEL_FD9283:
	call AssSwb_ApplyBitDescriptor

SeqAlt_PopIzSkip4Ret:
	pop xiz
	inc 4, xsp
	ret

LABEL_FD928B:
	dec 4, xsp
	push xiz
	ld xiz, xwa
	ldda32 xwa, 48212
	call MIDI_PackNibbleParam
	ld a, (xiz + 9)
	cp a, l
	jrl gt, SeqAlt_PopIzSkip4Ret2
	ld c, (xiz + 10)
	cp l, c
	jrl gt, SeqAlt_PopIzSkip4Ret2
	lda xbc, (xsp + 4)
	lda xix, (xbc + 2)
	ld (xix), l
	ld a, (xiz + 14)
	cp a, 0xFF
	jr z, LABEL_FD930B
	cps a, 1
	jr nc, SeqAlt_PopIzSkip4Ret2
	extz wa
	muls wa, 0x6
	lda_24 xbc, 0xee4e16
	exts xwa
	add xwa, xbc
	ld de, (xwa)
	ld xbc, (xwa + 2)
	extz hl
	ld wa, hl
	calr LABEL_FD91C5
	cp hl, 0xFFFF
	jr z, SeqAlt_PopIzSkip4Ret2
	lda xbc, (xsp + 4)
	ld a, (xiz + 6)
	ld (xbc), a
	ld a, (xiz + 7)
	ld (xbc + 1), a
	lda xhl, (xbc + 2)
	ld e, (xhl)
	ld a, (xiz + 11)
	and a, 0xF
	jr z, LABEL_FD92FA
	slla e

LABEL_FD92FA:
	ld a, (xiz + 15)
	xor a, e
	ld (xhl), a
	ld a, (xiz + 8)
	ld (xbc + 3), a
	ld xwa, xbc
	jr LABEL_FD9331

LABEL_FD930B:
	ld a, (xiz + 6)
	ld (xbc), a
	ld a, (xiz + 7)
	ld (xbc + 1), a
	ld e, (xix)
	ld a, (xiz + 11)
	and a, 0xF
	jr z, LABEL_FD9322
	slla e

LABEL_FD9322:
	ld a, (xiz + 15)
	xor a, e
	ld (xix), a
	ld a, (xiz + 8)
	ld (xbc + 3), a
	ld xwa, xbc

LABEL_FD9331:
	call AssSwb_ApplyBitDescriptor

SeqAlt_PopIzSkip4Ret2:
	pop xiz
	inc 4, xsp
	ret

LABEL_FD9339:
	.byte 0xef, 0x6e, 0x3e, 0xe8, 0x8e, 0xe1, 0x54, 0xbc
	.byte 0x20, 0x1d, 0x16, 0x71, 0xfd, 0x8e, 0x09, 0xff
	.byte 0x6b, 0x3b, 0x8e, 0x0a, 0xf7, 0x6b, 0x36, 0xdb
	.byte 0x12, 0xbf, 0x04, 0x31, 0x8e, 0x06, 0x21, 0xb1
	.byte 0x41, 0x8e, 0x07, 0x21, 0xb9, 0x01, 0x41, 0xbe
	.byte 0x0b, 0x32, 0x82, 0x21, 0xc9, 0xcc, 0x0f, 0x66
	.byte 0x02, 0xdb, 0xfe, 0xb9, 0x02, 0x53, 0x8e, 0x08
	.byte 0x27, 0xdb, 0x12, 0x82, 0x21, 0xc9, 0xcc, 0x0f
	.byte 0x66, 0x02, 0xdb, 0xfe, 0xb9, 0x04, 0x53, 0xe9
	.byte 0x88, 0x1d, 0xeb, 0x71, 0xfd, 0x5e, 0xef, 0x66
	.byte 0x0e, 0x3e, 0xe8, 0x8e, 0xe1, 0x54, 0xbc, 0x20
	.byte 0x1d, 0x16, 0x71, 0xfd, 0x8e, 0x09, 0xff, 0x6b
	.byte 0x2f, 0x8e, 0x0a, 0xf7, 0x6b, 0x2a, 0x8e, 0x0e
	.byte 0x21, 0xc9, 0xd9, 0x6f, 0x23, 0xd8, 0x12, 0xd8
	.byte 0x09, 0x06, 0x00, 0xf2, 0x18, 0x4e, 0xee, 0x31
	.byte 0xe3, 0x07, 0xe4, 0xe0, 0x21, 0x8e, 0x08, 0x21
	.byte 0xc9, 0x06, 0x81, 0xc9, 0x8e, 0x0b, 0x21, 0xc9
	.byte 0xcc, 0x0f, 0x66, 0x02, 0xcf, 0xfe, 0x81, 0xef
	.byte 0x5e, 0x0e, 0xef, 0x6c, 0x3e, 0xe8, 0x8e, 0xe1
	.byte 0x54, 0xbc, 0x20, 0x1d, 0x16, 0x71, 0xfd, 0xbf
	.byte 0x04, 0x31, 0xb9, 0x02, 0x47, 0x8e, 0x09, 0xff
	.byte 0x7b, 0xa9, 0x00, 0x8e, 0x0a, 0xf7, 0x7b, 0xa3
	.byte 0x00, 0x8e, 0x0e, 0x21, 0xc9, 0xcf, 0xff, 0x66
	.byte 0x60, 0xc9, 0xd9, 0x7f, 0x96, 0x00, 0xd8, 0x12
	.byte 0xd8, 0x09, 0x06, 0x00, 0xf2, 0x16, 0x4e, 0xee
	.byte 0x31, 0xe8, 0x13, 0xe9, 0x80, 0x90, 0x22, 0xa8
	.byte 0x02, 0x21, 0xdb, 0x12, 0xdb, 0x88, 0x1e, 0xb3
	.byte 0xfd, 0xdb, 0xcf, 0xff, 0xff, 0x66, 0x75, 0x8e
	.byte 0x06, 0x21, 0xbf, 0x04, 0x41, 0xe1, 0xac, 0xbc
	.byte 0x20, 0x31, 0x0a, 0x00, 0x1d, 0xb6, 0x5e, 0xfd
	.byte 0xcf, 0xca, 0x20, 0xbf, 0x04, 0x31, 0x81, 0xef
	.byte 0x8e, 0x07, 0x21, 0xb9, 0x01, 0x41, 0xb9, 0x02
	.byte 0x33, 0x83, 0x25, 0x8e, 0x0b, 0x21, 0xc9, 0xcc
	.byte 0x0f, 0x66, 0x02, 0xcd, 0xfe, 0xb3, 0x45, 0x8e
	.byte 0x08, 0x21, 0xb9, 0x03, 0x41, 0xe9, 0x88, 0x68
	.byte 0x37, 0x8e, 0x06, 0x21, 0xb1, 0x41, 0xe1, 0xac
	.byte 0xbc, 0x20, 0x31, 0x0a, 0x00, 0x1d, 0xb6, 0x5e
	.byte 0xfd, 0xcf, 0xca, 0x20, 0xbf, 0x04, 0x31, 0x81
	.byte 0xef, 0x8e, 0x07, 0x21, 0xb9, 0x01, 0x41, 0xb9
	.byte 0x02, 0x33, 0x83, 0x25, 0x8e, 0x0b, 0x21, 0xc9
	.byte 0xcc, 0x0f, 0x66, 0x02, 0xcd, 0xfe, 0xb3, 0x45
	.byte 0x8e, 0x08, 0x21, 0xb9, 0x03, 0x41, 0xe9, 0x88
	.byte 0x1d, 0x81, 0x71, 0xfd, 0x5e, 0xef, 0x64, 0x0e
	.byte 0xbf, 0xf6, 0x37, 0x3e, 0xbf, 0x0a, 0x60, 0xe1
	.byte 0x54, 0xbc, 0x20, 0x1d, 0x16, 0x71, 0xfd, 0xbf
	.byte 0x04, 0x47, 0xaf, 0x0a, 0x22, 0x8a, 0x09, 0x21
	.byte 0x8f, 0x04, 0xf1, 0x7b, 0x85, 0x00, 0x8f, 0x04
	.byte 0x23, 0x8a, 0x0a, 0xf3, 0x6b, 0x7d, 0xe1, 0x54
	.byte 0xbc, 0x20, 0x1d, 0x16, 0x71, 0xfd, 0xc7, 0xf8
	.byte 0x9f, 0xde, 0x12, 0xde, 0xee, 0x08, 0xe1, 0x54
	.byte 0xbc, 0x20, 0x1d, 0x16, 0x71, 0xfd, 0xdb, 0x12
	.byte 0xdb, 0xe6, 0xde, 0xcf, 0xff, 0x3f, 0x6b, 0x5b
	.byte 0xde, 0xef, 0x04, 0xde, 0xcc, 0x3f, 0x00, 0xe1
	.byte 0xac, 0xbc, 0x20, 0x31, 0x0a, 0x00, 0x1d, 0xb6
	.byte 0x5e, 0xfd, 0xcf, 0xca, 0x20, 0xaf, 0x0a, 0x20
	.byte 0x88, 0x06, 0x21, 0xcf, 0xe1, 0xc7, 0xfb, 0x99
	.byte 0xbf, 0x06, 0x30, 0xc7, 0xfb, 0x8b, 0xb0, 0x43
	.byte 0xb8, 0x01, 0x00, 0x01, 0xc7, 0xf8, 0x8b, 0xb8
	.byte 0x02, 0x43, 0xb8, 0x03, 0x00, 0x7f, 0x1d, 0x81
	.byte 0x71, 0xfd, 0xbf, 0x06, 0x30, 0xc7, 0xfb, 0x8b
	.byte 0xb0, 0x43, 0xaf, 0x0a, 0x22, 0x8a, 0x07, 0x23
	.byte 0xb8, 0x01, 0x43, 0x8f, 0x04, 0x23, 0xb8, 0x02
	.byte 0x43, 0x8a, 0x08, 0x23, 0xb8, 0x03, 0x43, 0x1d
	.byte 0x81, 0x71, 0xfd, 0x5e, 0xbf, 0x0a, 0x37, 0x0e
	.byte 0xbf, 0xf4, 0x37, 0x3e, 0xe8, 0x8e, 0xe1, 0x54
	.byte 0xbc, 0x20, 0x1d, 0x16, 0x71, 0xfd, 0xbf, 0x08
	.byte 0x47, 0x8e, 0x09, 0x21, 0x8f, 0x08, 0xf1, 0x7b
	.byte 0xb8, 0x00, 0x8f, 0x08, 0x21, 0x8e, 0x0a, 0xf1
	.byte 0x7b, 0xaf, 0x00, 0x8e, 0x0e, 0x21, 0xc9, 0xd9
	.byte 0x7f, 0xa7, 0x00, 0xd8, 0x12, 0xd8, 0xec, 0x02
	.byte 0xf2, 0x20, 0x4e, 0xee, 0x31, 0xe3, 0x07, 0xe4
	.byte 0xe0, 0x20, 0xbf, 0x04, 0x60, 0xe1, 0xac, 0xbc
	.byte 0x20, 0x31, 0x0a, 0x00, 0x1d, 0xb6, 0x5e, 0xfd
	.byte 0xcf, 0xca, 0x20, 0x8e, 0x06, 0x21, 0xcf, 0xe1
	.byte 0xbf, 0x0a, 0x41, 0xbe, 0x07, 0x35, 0xee, 0x60
	.byte 0xbf, 0x0c, 0x30, 0xb8, 0x01, 0x32, 0xb8, 0x02
	.byte 0x33, 0xb8, 0x03, 0x34, 0x8f, 0x08, 0x3f, 0x81
	.byte 0x66, 0x33, 0x8f, 0x0a, 0x23, 0xb0, 0x43, 0x85
	.byte 0x23, 0xb2, 0x43, 0x8f, 0x08, 0x23, 0xb3, 0x43
	.byte 0x86, 0x23, 0xb4, 0x43, 0x1d, 0x81, 0x71, 0xfd
	.byte 0xbf, 0x0c, 0x30, 0x8f, 0x0a, 0x23, 0xb0, 0x43
	.byte 0xaf, 0x04, 0x22, 0x8a, 0x01, 0x23, 0xb8, 0x01
	.byte 0x43, 0xb8, 0x02, 0x00, 0x00, 0x8a, 0x03, 0x23
	.byte 0xb8, 0x03, 0x43, 0x68, 0x31, 0x8f, 0x0a, 0x23
	.byte 0xb0, 0x43, 0x85, 0x23, 0xb2, 0x43, 0xb3, 0x00
	.byte 0x00, 0x86, 0x23, 0xb4, 0x43, 0x1d, 0x81, 0x71
	.byte 0xfd, 0xbf, 0x0c, 0x30, 0x8f, 0x0a, 0x23, 0xb0
	.byte 0x43, 0xaf, 0x04, 0x22, 0x8a, 0x01, 0x23, 0xb8
	.byte 0x01, 0x43, 0x8a, 0x02, 0x23, 0xb8, 0x02, 0x43
	.byte 0x8a, 0x03, 0x23, 0xb8, 0x03, 0x43, 0x1d, 0x81
	.byte 0x71, 0xfd, 0x5e, 0xbf, 0x0c, 0x37, 0x0e, 0x0e
	.byte 0xef, 0x6c, 0x3e, 0xe8, 0x8e, 0xe1, 0x54, 0xbc
	.byte 0x20, 0x1d, 0x16, 0x71, 0xfd, 0x8e, 0x09, 0xff
	.byte 0x6b, 0x6e, 0x8e, 0x0a, 0xf7, 0x6b, 0x69, 0x8e
	.byte 0x0e, 0x21, 0xc9, 0xcf, 0xff, 0x66, 0x61, 0xc9
	.byte 0xd9, 0x6f, 0x5d, 0xd8, 0x12, 0xd8, 0xec, 0x02
	.byte 0xf2, 0x26, 0x4e, 0xee, 0x31, 0xe3, 0x07, 0xe4
	.byte 0xe0, 0x20, 0xbf, 0x06, 0x31, 0xcf, 0xd8, 0x6e
	.byte 0x06, 0x80, 0x21, 0xb1, 0x41, 0x68, 0x05, 0x88
	.byte 0x01, 0x21, 0xb1, 0x41, 0x8e, 0x06, 0x21, 0xbf
	.byte 0x04, 0x41, 0xe1, 0xac, 0xbc, 0x20, 0x31, 0x0a
	.byte 0x00, 0x1d, 0xb6, 0x5e, 0xfd, 0xcf, 0xca, 0x20
	.byte 0xbf, 0x04, 0x31, 0x81, 0xef, 0x8e, 0x07, 0x21
	.byte 0xb9, 0x01, 0x41, 0xb9, 0x02, 0x33, 0x83, 0x25
	.byte 0x8e, 0x0b, 0x21, 0xc9, 0xcc, 0x0f, 0x66, 0x02
	.byte 0xcd, 0xfe, 0xb3, 0x45, 0x8e, 0x08, 0x21, 0xb9
	.byte 0x03, 0x41, 0xe9, 0x88, 0x1d, 0x81, 0x71, 0xfd
	.byte 0x5e, 0xef, 0x64, 0x0e, 0x0e, 0xe1, 0x54, 0xbc
	.byte 0x20, 0xb8, 0x0e, 0x30, 0x1d, 0xde, 0xf0, 0xfe
	.byte 0xdb, 0xd8, 0xb0, 0xf6, 0x40, 0xac, 0x35, 0xee
	.byte 0x00, 0xd9, 0xad, 0x1d, 0x63, 0x6a, 0xfd, 0xe1
	.byte 0x5c, 0xbc, 0x20, 0x1d, 0xfc, 0x6b, 0xfd, 0x1d
	.byte 0x28, 0x84, 0xfd, 0x0e

LABEL_FD96BD:
	dec 4, xsp
	push xiz
	ld xiz, xwa
	ldda32 xwa, 48212
	call MIDI_PackNibbleParam
	lda xbc, (xsp + 4)
	lda xde, (xbc + 2)
	ld (xde), l
	cp (xiz + 9), l
	jr ugt, LABEL_FD9706
	cp l, (xiz + 10)
	jr ugt, LABEL_FD9706
	lda xix, (xiz + 11)
	cp l, 0x40
	scc16 nc, hl
	ld a, (xix)
	and a, 0xF
	jr z, LABEL_FD96ED
	slaa hl

LABEL_FD96ED:
	ld (xde), l
	ld a, (xiz + 6)
	ld (xbc), a
	ld a, (xiz + 7)
	ld (xbc + 1), a
	ld a, (xiz + 8)
	ld (xbc + 3), a
	ld xwa, xbc
	call AssSwb_ApplyBitDescriptor

LABEL_FD9706:
	pop xiz
	inc 4, xsp
	ret

LABEL_FD970A:
	push xiz
	ld xiz, xwa
	ldda32 xwa, 48212
	call MIDI_PackNibbleParam
	cp (xiz + 9), l
	jr ugt, LABEL_FD973F
	cp l, (xiz + 10)
	jr ugt, LABEL_FD973F
	ld e, (xiz + 6)
	ld c, (xiz + 7)
	ld a, (xiz + 11)
	and a, 0xF
	jr z, LABEL_FD972F
	slla l

LABEL_FD972F:
	extz hl
	ld a, (xiz + 8)
	extz wa
	pushw wa
	ld a, e
	ld de, hl
	call AssswbWr

LABEL_FD973F:
	pop xiz
	ret

LABEL_FD9741:
	.byte 0x0e, 0x0e

LABEL_FD9743:
	dec 8, xsp
	push_werp 0xFA
	ld (xsp + 6), xwa
	ldda32 xwa, 48212
	call MIDI_PackNibbleParam
	ldfr_berp L, 0xFB
	lda xbc, (xsp + 2)
	lda xde, (xbc + 1)
	lda xhl, (xbc + 2)
	lda xix, (xbc + 3)
	cpi_berp 0xFB, 0
	jr z, LABEL_FD97B4
	dec1_berp 0xFB
	ld xiy, (xsp + 6)
	ld a, (xiy + 11)
	and a, 0xF
	jr z, LABEL_FD9778
	sll_a_berp 0xFB

LABEL_FD9778:
	ld a, (xiy + 9)
	cp_berp A, 0xFB
	jr ugt, LABEL_FD97C6
	ldto_berp A, 0xFB
	cp a, (xiy + 10)
	jr ugt, LABEL_FD97C6
	setda 3, 36178
	ld (xbc), 0x98
	ld (xde), 0x3
	ld (xhl), 0x1
	ld (xix), 0x1
	ld xwa, xbc
	call AssSwb_ApplyBitDescriptor
	lda xwa, (xsp + 2)
	ld (xwa), 0x48
	ld (xwa + 1), 0x7
	ldto_berp C, 0xFB
	ld (xwa + 2), c
	ld (xwa + 3), 0x30
	jr LABEL_FD97C2

LABEL_FD97B4:
	ld (xbc), 0x98
	ld (xde), 0x3
	ld (xhl), 0x0
	ld (xix), 0x1
	ld xwa, xbc

LABEL_FD97C2:
	call AssSwb_ApplyBitDescriptor

LABEL_FD97C6:
	pop_werp 0xFA
	inc 8, xsp
	ret

LABEL_FD97CC:
	dec 4, xsp
	push xiz
	ldada xwa, 48422
	ld (xsp + 4), xwa
	ld xiz, xwa
	ldda32 xwa, 48212
	call MIDI_PackNibbleParam
	inc 1, xiz
	ld xwa, (xsp + 4)
	ld (xwa), l
	ldda32 xwa, 48212
	call MIDI_PackNibbleParam
	ld (xiz), l
	bitm 7, (xiz)
	jr z, LABEL_FD97FA
	resm 7, (xiz)
	setm 7, (xiz - 1)

LABEL_FD97FA:
	call LABEL_FD5C6B
	pop xiz
	inc 4, xsp
	ret

LABEL_FD9802:
	dec 8, xsp
	push xiz
	ld xiz, xwa
	ldda32 xwa, 48212
	call MIDI_PackNibbleParam
	lda xbc, (xsp + 10)
	ld (xbc), l
	cp (xiz + 9), l
	jrl ugt, DSP_ParamLoop_Cleanup
	cp l, (xiz + 10)
	jr ugt, DSP_ParamLoop_Cleanup
	ld a, (xiz + 11)
	and a, 0xF
	jr z, LABEL_FD9829
	slla l

LABEL_FD9829:
	ld (xbc), l
	ld a, (xiz + 6)
	sub a, 0x61
	ldb w, 0x0
	extz xwa
	ld (xsp + 4), xwa
	sll xwa, 8
	ld (xsp + 4), xwa
	add xwa, 0x4900
	extz hl
	ld bc, hl
	call DSPCfg_WriteParamFull
	cps hl, 0
	jr lt, DSP_ParamLoop_Cleanup
	ld xwa, (xsp + 4)
	add xwa, 0x4904
	call DSPCfg_ReadParam_Map0
	ldfr_werp HL, 0xFA
	cpi_werp 0xFA, 0
	jr lt, DSP_ParamLoop_Cleanup
	lds iz, 0
	cpi_werp 0xFA, 0
	jr le, DSP_ParamLoop_Cleanup

LABEL_FD986C:
	ld bc, iz
	exts xbc
	ld xwa, (xsp + 4)
	add xwa, 0x4910
	add xwa, xbc
	call DSPCfg_ReadParam_Map1
	ld bc, hl
	ld de, iz
	exts xde
	ld xwa, (xsp + 4)
	add xwa, 0x4910
	add xwa, xde
	call DSPCfg_WriteParamFull
	inc 1, iz
	cp_werp IZ, 0xFA
	jr lt, LABEL_FD986C

DSP_ParamLoop_Cleanup:
	pop xiz
	inc 8, xsp
	ret

LABEL_FD989F:
	dec 8, xsp
	push_werp 0xFA
	ld (xsp + 6), xwa
	ldda8 a, 36148
	cp a, 0xE
	jr nz, LABEL_FD98B5
	cp a, 0x11
	jr z, VoiceParam_ApplyCleanupRet

LABEL_FD98B5:
	ldda32 xwa, 48212
	call MIDI_PackNibbleParam
	ldfr_berp L, 0xFB
	ldda32 xwa, 48212
	call MIDI_PackNibbleParam
	bit 7, l
	jr z, LABEL_FD98D4
	res 7, l
	set_erpb 0xFB, 0x07

LABEL_FD98D4:
	ld xde, (xsp + 6)
	ld a, (xde + 9)
	cp_berp A, 0xFB
	jr ugt, VoiceParam_ApplyCleanupRet
	ldto_berp C, 0xFB
	cp c, (xde + 10)
	jr ugt, VoiceParam_ApplyCleanupRet
	and l, 0x7
	bit_erpb 0xFB, 0x07
	jr z, LABEL_FD98F2
	ldb l, 0x0

LABEL_FD98F2:
	lda xwa, (xsp + 2)
	ld xbc, (xsp + 6)
	ld c, (xbc + 6)
	ld (xwa), c
	ld (xwa + 1), 0x1
	ld (xwa + 2), l
	ld (xwa + 3), 0x7F
	call AssSwb_ApplyBitDescriptor
	lda xwa, (xsp + 2)
	ld xde, (xsp + 6)
	ld c, (xde + 6)
	ld (xwa), c
	ld c, (xde + 7)
	ld (xwa + 1), c
	ldto_berp C, 0xFB
	ld (xwa + 2), c
	ld c, (xde + 8)
	ld (xwa + 3), c
	call AssSwb_ApplyBitDescriptor

VoiceParam_ApplyCleanupRet:
	pop_werp 0xFA
	inc 8, xsp
	ret

LABEL_FD9933:
	push xiz
	ld xiz, xwa
	ldda32 xwa, 48212
	call MIDI_PackNibbleParam
	ld a, (xiz + 11)
	and a, 0xF
	jr z, LABEL_FD9948
	slla l

LABEL_FD9948:
	stda8 48422, l
	cp (xiz + 9), l
	jr ugt, LABEL_FD9959
	cp l, (xiz + 10)
	call_24 ule, 0xFD5C80

LABEL_FD9959:
	pop xiz
	ret

LABEL_FD995B:
	push xiz
	ld xiz, xwa
	ldda32 xwa, 48212
	call MIDI_PackNibbleParam
	cp (xiz + 9), l
	jr ugt, LABEL_FD998C
	cp l, (xiz + 10)
	jr ugt, LABEL_FD998C
	mrdb5 0x8E, 0x07, 0x19, 0x89, 0x34
	ld a, (xiz + 11)
	and a, 0xF
	jr z, LABEL_FD997F
	slla l

LABEL_FD997F:
	stda8 13436, l
	mrdb5 0x8E, 0x08, 0x19, 0x7D, 0x34
	call LABEL_FD5C97

LABEL_FD998C:
	pop xiz
	ret

LABEL_FD998E:
	push xiz
	ld xiz, xwa
	ldda32 xwa, 48212
	call MIDI_PackNibbleParam
	cp (xiz + 9), l
	jr ugt, VoiceParam_LoopExit
	cp l, (xiz + 10)
	jr ugt, VoiceParam_LoopExit
	lda xbc, (xiz + 8)
	lda xwa, (xiz + 11)
	cps l, 2
	jr z, LABEL_FD99ED
	cps l, 1
	jr z, LABEL_FD99D9
	cps l, 0
	jr nz, VoiceParam_LoopExit
	stdi8 13449, 5
	stdi8 13436, 0
	stdi8 13437, 4
	call LABEL_FD5C97
	stdi8 13449, 6
	stdi8 13436, 0
	stdi8 13437, 4
	jr LABEL_FD9A05

LABEL_FD99D9:
	stdi8 13449, 5
	ld a, (xwa)
	and a, 0xF
	jr z, LABEL_FD99E7
	slla l

LABEL_FD99E7:
	stda8 13436, l
	jr LABEL_FD9A01

LABEL_FD99ED:
	stdi8 13449, 6
	ld a, (xwa)
	dec 1, a
	and a, 0xF
	jr z, LABEL_FD99FD
	slla l

LABEL_FD99FD:
	stda8 13436, l

LABEL_FD9A01:
	mrib4 0x81, 0x19, 0x7D, 0x34

LABEL_FD9A05:
	call LABEL_FD5C97

VoiceParam_LoopExit:
	pop xiz
	ret

LABEL_FD9A0B:
	.byte 0x0e
LABEL_FD9A0C:
	.byte 0xf1, 0x50, 0xfd, 0xcc, 0xb0, 0xfe, 0xe1
	.byte 0xac, 0xbc, 0x20, 0xd9, 0xa9, 0x1d, 0xb6, 0x5e
	.byte 0xfd, 0xdb, 0x12, 0xdb, 0x69, 0xdb, 0xd8, 0xb0
	.byte 0xf1, 0xdb, 0xde, 0xb0, 0xfa, 0xdb, 0x83, 0xf2
	.byte 0x3a, 0x30, 0xee, 0x34, 0xd3, 0x07, 0xf0, 0xec
	.byte 0x23, 0xf2, 0x3e, 0x9a, 0xfd, 0x34, 0xf3, 0x07
	.byte 0xf0, 0xec, 0xd8, 0x68, 0x12, 0x68, 0x6e, 0x78
	.byte 0xc8, 0x00, 0x78, 0x23, 0x01, 0x78, 0x21, 0x01
	.byte 0x78, 0x7b, 0x01, 0x1e, 0xd5, 0x01, 0x0e, 0xd7
	.byte 0xfa, 0x04, 0xe1, 0xac, 0xbc, 0x20, 0xd9, 0xaa
	.byte 0x1d, 0xb6, 0x5e, 0xfd, 0xc7, 0xfb, 0x9f, 0xc7
	.byte 0xfb, 0xcf, 0x0b, 0x6f, 0x44, 0xc7, 0xfb, 0x8b
	.byte 0xd9, 0x12, 0xd9, 0xec, 0x02, 0xf2, 0x56, 0x4e
	.byte 0xee, 0x30, 0xe3, 0x07, 0xe0, 0xe4, 0x20, 0x1e
	.byte 0xfa, 0x0c, 0xdb, 0xcf, 0xff, 0xff, 0x66, 0x29
	.byte 0xc7, 0xfb, 0x89, 0xd8, 0x12, 0xd8, 0xec, 0x02
	.byte 0xf2, 0x56, 0x4e, 0xee, 0x31, 0xe3, 0x07, 0xe4
	.byte 0xe0, 0x21, 0xe9, 0x88, 0x89, 0x12, 0x23, 0xd9
	.byte 0x12, 0xd9, 0xec, 0x02, 0xf2, 0x9a, 0x4f, 0xee
	.byte 0x32, 0xe9, 0x13, 0xea, 0x81, 0xa1, 0x23, 0xb3
	.byte 0xe8, 0xd7, 0xfa, 0x05, 0x0e, 0xd7, 0xfa, 0x04
	.byte 0xe1, 0xac, 0xbc, 0x20, 0xd9, 0xaa, 0x1d, 0xb6
	.byte 0x5e, 0xfd, 0xc7, 0xfb, 0x9f, 0xc7, 0xfb, 0xd9
	.byte 0x6f, 0x44, 0xc7, 0xfb, 0x8b, 0xd9, 0x12, 0xd9
	.byte 0xec, 0x02, 0xf2, 0x86, 0x4e, 0xee, 0x30, 0xe3
	.byte 0x07, 0xe0, 0xe4, 0x20, 0x1e, 0x9d, 0x0c, 0xdb
	.byte 0xcf, 0xff, 0xff, 0x66, 0x29, 0xc7, 0xfb, 0x89
	.byte 0xd8, 0x12, 0xd8, 0xec, 0x02, 0xf2, 0x86, 0x4e
	.byte 0xee, 0x31, 0xe3, 0x07, 0xe4, 0xe0, 0x21, 0xe9
	.byte 0x88, 0x89, 0x12, 0x23, 0xd9, 0x12, 0xd9, 0xec
	.byte 0x02, 0xf2, 0x9a, 0x4f, 0xee, 0x32, 0xe9, 0x13
	.byte 0xea, 0x81, 0xa1, 0x23, 0xb3, 0xe8, 0xd7, 0xfa
	.byte 0x05, 0x0e, 0xd7, 0xfa, 0x04, 0xe1, 0xac, 0xbc
	.byte 0x20, 0xd9, 0xaa, 0x1d, 0xb6, 0x5e, 0xfd, 0xc7
	.byte 0xfb, 0x9f, 0xc7, 0xfb, 0xcf, 0x0c, 0x6f, 0x44
	.byte 0xc7, 0xfb, 0x8b, 0xd9, 0x12, 0xd9, 0xec, 0x02
	.byte 0xf2, 0xba, 0x4e, 0xee, 0x30, 0xe3, 0x07, 0xe0
	.byte 0xe4, 0x20, 0x1e, 0x3f, 0x0c, 0xdb, 0xcf, 0xff
	.byte 0xff, 0x66, 0x29, 0xc7, 0xfb, 0x89, 0xd8, 0x12
	.byte 0xd8, 0xec, 0x02, 0xf2, 0xba, 0x4e, 0xee, 0x31
	.byte 0xe3, 0x07, 0xe4, 0xe0, 0x21, 0xe9, 0x88, 0x89
	.byte 0x12, 0x23, 0xd9, 0x12, 0xd9, 0xec, 0x02, 0xf2
	.byte 0x9a, 0x4f, 0xee, 0x32, 0xe9, 0x13, 0xea, 0x81
	.byte 0xa1, 0x23, 0xb3, 0xe8, 0xd7, 0xfa, 0x05, 0x0e
	.byte 0x0e, 0xd7, 0xfa, 0x04, 0xe1, 0xac, 0xbc, 0x20
	.byte 0xd9, 0xaa, 0x1d, 0xb6, 0x5e, 0xfd, 0xc7, 0xfb
	.byte 0x9f, 0xc7, 0xfb, 0xd9, 0x6f, 0x44, 0xc7, 0xfb
	.byte 0x8b, 0xd9, 0x12, 0xd9, 0xec, 0x02, 0xf2, 0xee
	.byte 0x4e, 0xee, 0x30, 0xe3, 0x07, 0xe0, 0xe4, 0x20
	.byte 0x1e, 0xe1, 0x0b, 0xdb, 0xcf, 0xff, 0xff, 0x66
	.byte 0x29, 0xc7, 0xfb, 0x89, 0xd8, 0x12, 0xd8, 0xec
	.byte 0x02, 0xf2, 0xee, 0x4e, 0xee, 0x31, 0xe3, 0x07
	.byte 0xe4, 0xe0, 0x21, 0xe9, 0x88, 0x89, 0x12, 0x23
	.byte 0xd9, 0x12, 0xd9, 0xec, 0x02, 0xf2, 0x9a, 0x4f
	.byte 0xee, 0x32, 0xe9, 0x13, 0xea, 0x81, 0xa1, 0x23
	.byte 0xb3, 0xe8, 0xd7, 0xfa, 0x05, 0x0e, 0xd7, 0xfa
	.byte 0x04, 0xe1, 0xac, 0xbc, 0x20, 0xd9, 0xaa, 0x1d
	.byte 0xb6, 0x5e, 0xfd, 0xc7, 0xfb, 0x9f, 0xc7, 0xfb
	.byte 0xd9, 0x6f, 0x44, 0xc7, 0xfb, 0x8b, 0xd9, 0x12
	.byte 0xd9, 0xec, 0x02, 0xf2, 0xf6, 0x4e, 0xee, 0x30
	.byte 0xe3, 0x07, 0xe0, 0xe4, 0x20, 0x1e, 0x84, 0x0b
	.byte 0xdb, 0xcf, 0xff, 0xff, 0x66, 0x29, 0xc7, 0xfb
	.byte 0x89, 0xd8, 0x12, 0xd8, 0xec, 0x02, 0xf2, 0xf6
	.byte 0x4e, 0xee, 0x31, 0xe3, 0x07, 0xe4, 0xe0, 0x21
	.byte 0xe9, 0x88, 0x89, 0x12, 0x23, 0xd9, 0x12, 0xd9
	.byte 0xec, 0x02, 0xf2, 0x9a, 0x4f, 0xee, 0x32, 0xe9
	.byte 0x13, 0xea, 0x81, 0xa1, 0x23, 0xb3, 0xe8, 0xd7
	.byte 0xfa, 0x05, 0x0e, 0xd7, 0xfa, 0x04, 0xe1, 0xac
	.byte 0xbc, 0x20, 0xd9, 0xaa, 0x1d, 0xb6, 0x5e, 0xfd
	.byte 0xc7, 0xfb, 0x9f, 0xc7, 0xfb, 0xcf, 0x08, 0x6f
	.byte 0x44, 0xc7, 0xfb, 0x8b, 0xd9, 0x12, 0xd9, 0xec
	.byte 0x02, 0xf2, 0x32, 0x4f, 0xee, 0x30, 0xe3, 0x07
	.byte 0xe0, 0xe4, 0x20, 0x1e, 0x26, 0x0b, 0xdb, 0xcf
	.byte 0xff, 0xff, 0x66, 0x29, 0xc7, 0xfb, 0x89, 0xd8
	.byte 0x12, 0xd8, 0xec, 0x02, 0xf2, 0x32, 0x4f, 0xee
	.byte 0x31, 0xe3, 0x07, 0xe4, 0xe0, 0x21, 0xe9, 0x88
	.byte 0x89, 0x12, 0x23, 0xd9, 0x12, 0xd9, 0xec, 0x02
	.byte 0xf2, 0x9a, 0x4f, 0xee, 0x32, 0xe9, 0x13, 0xea
	.byte 0x81, 0xa1, 0x23, 0xb3, 0xe8, 0xd7, 0xfa, 0x05
	.byte 0x0e

LABEL_FD9C84:
	ret

LABEL_FD9C85:
	.byte 0xbf, 0xf4, 0x37, 0x88, 0x0e, 0x23, 0xcb, 0xd9
	.byte 0x6f, 0x35, 0xd9, 0x12, 0xd9, 0x09, 0x06, 0x00
	.byte 0xf2, 0x18, 0x4e, 0xee, 0x32, 0xe3, 0x07, 0xe8
	.byte 0xe4, 0x23, 0xbf, 0x08, 0x32, 0x88, 0x06, 0x23
	.byte 0xb2, 0x43, 0x88, 0x07, 0x23, 0xba, 0x01, 0x43
	.byte 0x83, 0x23, 0xba, 0x02, 0x43, 0x88, 0x08, 0x23
	.byte 0xba, 0x03, 0x43, 0xb7, 0x31, 0xb1, 0x62, 0xb9
	.byte 0x04, 0x60, 0xe9, 0x88, 0x1e, 0xb4, 0x05, 0xbf
	.byte 0x0c, 0x37, 0x0e

LABEL_FD9CC8:
	lda xsp, (xsp - 12)
	push xiz
	ld xiz, xwa
	lda xbc, (xsp + 12)
	lda xde, (xiz + 6)
	ld a, (xde)
	ld (xbc), a
	lda xhl, (xiz + 7)
	ld a, (xhl)
	ld (xbc + 1), a
	ld a, (xde)
	ld c, (xhl)
	call Part_LookupTableEntry
	lda xbc, (xsp + 12)
	ld (xbc + 2), l
	ld a, (xiz + 8)
	ld (xbc + 3), a
	lda xwa, (xsp + 4)
	ld (xwa), xbc
	ld (xwa + 4), xiz
	calr MidiPkt_EnqueueControl_3354
	pop xiz
	lda xsp, (xsp + 12)
	ret

	.include "midi/midipkt_routines.s"
