; =============================================================================
; DSP Configuration & SysEx Processing
; =============================================================================
;
; DSP effect parameter handlers (reverb, chorus, EQ, compressor)
; and System Exclusive (SysEx) command processing. Manages effect
; presets and real-time parameter editing.
; =============================================================================

SysEx_ClampVoiceIndex8:
	.byte 0xbf, 0x04, 0x41, 0xaf, 0x06, 0x20, 0x80
SysEx_ClampVoiceIndex8_DoLookup:
	.byte 0x21, 0xb1, 0x41, 0x40, 0x04, 0x4b, 0x00, 0x00
	.byte 0x1d, 0x28, 0xc0, 0xfd, 0xd7
SysEx_ApplyToSlot4B_Data:
	.byte 0xfa, 0x9b, 0xd7, 0xfa, 0xd8, 0x69, 0x10, 0xf1
	.byte 0x8e, 0xfc, 0x31, 0xaf, 0x06, 0xf1, 0x66, 0x05
	.byte 0x8f, 0x04, 0x21, 0xb1, 0x41, 0x68, 0x4a, 0xde
	.byte 0xa8, 0xd7, 0xfa, 0xd8, 0x62, 0x35, 0xde, 0x88
	.byte 0xe8, 0x13, 0xe8, 0xc8, 0x10, 0x4b, 0x00, 0x00
	.byte 0x1d, 0x16, 0xbf, 0xfd, 0xdb, 0xd9, 0x66, 0x04
	.byte 0xdb, 0xda, 0x6e, 0x18, 0xde, 0x88, 0xe8, 0x13
	.byte 0xe8, 0xc8, 0x10, 0x4b, 0x00, 0x00, 0x8f, 0x0a
	.byte 0x23, 0xd9, 0x12, 0xaf, 0x06, 0x22, 0x1d, 0x46
	.byte 0xc2, 0xfd, 0x68, 0x07, 0xde, 0x61, 0xd7, 0xfa
	.byte 0xf6, 0x61, 0xcb, 0xf1, 0x8e, 0xfc, 0x31, 0xaf
	.byte 0x06, 0xf1, 0x66, 0x05, 0x8f, 0x04, 0x21, 0xb1
	.byte 0x41, 0x5e, 0xef, 0x60, 0x0e, 0xef, 0x68, 0x3e
	.byte 0xbf, 0x06, 0x61, 0xbf, 0x0a, 0x41, 0xf1, 0x74
SysEx_ClampVoiceIndex128:
	swi	4
	ldw	wa, 51944
	cp	(xwa), a
	nop
SysEx_ClampVoiceIndex128_DoLookup:
	.byte 0x00, 0xaf, 0x06, 0x88, 0x8f, 0x0a, 0x21, 0xd8
	.byte 0x12, 0x1e, 0x5d, 0xfc, 0xdb
SysEx_ApplyToSlot49_Data:
	.byte 0x12, 0x40, 0x00, 0x49, 0x00, 0x00, 0xdb, 0x89
	.byte 0xaf, 0x06, 0x22, 0x1d, 0x46, 0xc2, 0xfd, 0xdb
	.byte 0xd8, 0x61, 0x7d, 0xf1, 0x74, 0xfc, 0x30, 0xaf
	.byte 0x06, 0xf0, 0x66, 0x11, 0x80, 0x21, 0xbf, 0x04
	.byte 0x41, 0x8f, 0x0a, 0x21, 0xd8, 0x12, 0x1e, 0x33
	.byte 0xfc, 0xf1, 0x74, 0xfc, 0x47, 0x40, 0x04, 0x49
	.byte 0x00, 0x00, 0x1d, 0x28, 0xc0, 0xfd, 0xd7, 0xfa
	.byte 0x9b, 0xd7, 0xfa, 0xd8, 0x69, 0x10, 0xf1, 0x74
	.byte 0xfc, 0x31, 0xaf, 0x06, 0xf1, 0x66, 0x05, 0x8f
	.byte 0x04, 0x21, 0xb1, 0x41, 0x68, 0x42, 0xde, 0xa8
	.byte 0xd7, 0xfa, 0xd8, 0x62, 0x2d, 0x8f, 0x0a, 0x21
	.byte 0xd8, 0x12, 0xc7, 0xf8, 0x8b, 0xd9, 0x12, 0x1e
	.byte 0x92, 0xfc, 0xdb, 0x89, 0xd9, 0xcf, 0xf0, 0xd8
	.byte 0x66, 0x11, 0xde, 0x88, 0xe8, 0x13, 0xe8, 0xc8
	.byte 0x10, 0x49, 0x00, 0x00, 0xaf, 0x06
SysEx_ClampVoiceIndex8_49:
	ldb	b, 29
	ld	xiz, 1642003906
SysEx_ClampVoiceIndex8_49_DoLookup:
	.byte 0xd7, 0xfa, 0xf6, 0x61, 0xd3, 0xf1, 0x74, 0xfc
	.byte 0x31, 0xaf, 0x06, 0xf1, 0x66
SysEx_ApplyToSlot49_Format_Data:
	.byte 0x05, 0x8f, 0x04, 0x21, 0xb1, 0x41, 0x5e, 0xef
	.byte 0x60, 0x0e, 0xef, 0x68, 0x3e, 0xbf, 0x06, 0x61
	.byte 0xbf, 0x0a, 0x41, 0xf1, 0x74, 0xfc, 0x30, 0xe8
	.byte 0xca, 0x80, 0xf9, 0x00, 0x00, 0xaf, 0x06, 0x88
	.byte 0x8f, 0x0a, 0x21, 0xd8, 0x12, 0x1e, 0x2e, 0xfc
	.byte 0xbf, 0x0a, 0x47, 0xf1, 0x74, 0xfc, 0x31, 0xaf
	.byte 0x06, 0xf1, 0x66, 0x0c, 0x81, 0x21, 0xbf, 0x04
	.byte 0x41, 0xaf, 0x06, 0x20, 0x80, 0x21, 0xb1, 0x41
	.byte 0x40, 0x04, 0x49, 0x00, 0x00, 0x1d, 0x28, 0xc0
	.byte 0xfd, 0xd7, 0xfa, 0x9b, 0xd7, 0xfa, 0xd8, 0x69
	.byte 0x10, 0xf1, 0x74, 0xfc, 0x31, 0xaf, 0x06, 0xf1
	.byte 0x66, 0x05, 0x8f, 0x04, 0x21, 0xb1, 0x41, 0x68
	.byte 0x4a, 0xde, 0xa8, 0xd7, 0xfa, 0xd8, 0x62, 0x35
	.byte 0xde, 0x88, 0xe8, 0x13, 0xe8, 0xc8, 0x10, 0x49
SysEx_ClampVoiceIndex128_49:
	.byte 0x00, 0x00, 0x1d, 0x16, 0xbf, 0xfd, 0xdb
SysEx_ClampVoiceIndex128_49_DoLookup:
	.byte 0xd9, 0x66, 0x04, 0xdb, 0xda, 0x6e, 0x18, 0xde
	.byte 0x88, 0xe8, 0x13, 0xe8, 0xc8
SysEx_DispatchByChannel:
	.byte 0x10, 0x49, 0x00, 0x00, 0x8f, 0x0a, 0x23, 0xd9
	.byte 0x12, 0xaf, 0x06, 0x22, 0x1d, 0x46, 0xc2, 0xfd
	.byte 0x68, 0x07, 0xde, 0x61, 0xd7, 0xfa, 0xf6, 0x61
	.byte 0xcb, 0xf1, 0x74, 0xfc, 0x31, 0xaf, 0x06, 0xf1
	.byte 0x66, 0x05, 0x8f, 0x04, 0x21, 0xb1, 0x41, 0x5e
	.byte 0xef
SysEx_ChannelHandler_4B_Data:
	.byte 0x60, 0x0e, 0x3e, 0xd9, 0x12, 0xc9, 0xcf, 0x63
	.byte 0x66, 0x64, 0xc9, 0xcf, 0x61, 0x66, 0x06, 0x33
	.byte 0xff, 0xff, 0x78, 0xaf, 0x00, 0x40, 0x00, 0x49
	.byte 0x00, 0x00, 0x42, 0x74, 0xfc, 0x00, 0x00, 0x1d
	.byte 0x46, 0xc2, 0xfd, 0xdb, 0xd8, 0x71, 0x9a, 0x00
	.byte 0x40, 0x04, 0x49, 0x00, 0x00, 0x1d, 0x28, 0xc0
	.byte 0xfd, 0xd7, 0xfa, 0x9b, 0xd7, 0xfa, 0xd8, 0x71
	.byte 0x88, 0x00, 0xde, 0xa8, 0xd7, 0xfa, 0xd8, 0x72
	.byte 0x80, 0x00, 0xde, 0x88, 0xe8, 0x13, 0xe8, 0xc8
	.byte 0x10, 0x49, 0x00, 0x00, 0x1d, 0x2d, 0xc0, 0xfd
	.byte 0xdb, 0x89, 0xde, 0x88, 0xe8, 0x13, 0xe8, 0xc8
	.byte 0x10, 0x49, 0x00, 0x00, 0x42, 0x74
SysEx_DispatchByChannel_49:
	.byte 0xfc, 0x00, 0x00, 0x1d, 0x46, 0xc2, 0xfd, 0xde
	.byte 0x61, 0xd7, 0xfa, 0xf6, 0x61, 0xd6, 0x68, 0x54
	.byte 0x40, 0x00, 0x4b, 0x00, 0x00, 0x42, 0x8e, 0xfc
	.byte 0x00, 0x00, 0x1d, 0x46, 0xc2, 0xfd, 0xdb, 0xd8
	.byte 0x61, 0x42, 0x40, 0x04, 0x4b, 0x00, 0x00, 0x1d
	.byte 0x28
SysEx_ChannelHandler_49_Data:
	.byte 0xc0, 0xfd, 0xd7, 0xfa, 0x9b, 0xd7, 0xfa, 0xd8
	.byte 0x61, 0x31, 0xde, 0xa8, 0xd7, 0xfa, 0xd8, 0x62
	.byte 0x2a, 0xde, 0x88, 0xe8, 0x13, 0xe8, 0xc8, 0x10
	.byte 0x4b, 0x00, 0x00, 0x1d, 0x2d, 0xc0, 0xfd, 0xdb
	.byte 0x89, 0xde, 0x88, 0xe8, 0x13, 0xe8, 0xc8, 0x10
	.byte 0x4b, 0x00, 0x00, 0x42, 0x8e, 0xfc, 0x00, 0x00
	.byte 0x1d, 0x46, 0xc2, 0xfd, 0xde, 0x61, 0xd7, 0xfa
	.byte 0xf6, 0x61, 0xd6, 0xdb, 0xa8, 0x5e, 0x0e, 0xd1
	.byte 0x42, 0x90, 0x23, 0xdb, 0xcf, 0xfc, 0x01, 0x6f
	.byte 0x24, 0xf1, 0xa0, 0xbc, 0x34, 0xeb, 0x12, 0xec
	.byte 0x83, 0xf5, 0xec, 0x41, 0xf5, 0xec, 0x43, 0xf5
	.byte 0xec, 0x45, 0x8f, 0x04
SysEx_ValidateRolandHeader:
	.byte 0x21, 0xf5, 0xec, 0x41, 0xb3, 0x00, 0xff, 0xd1
	.byte 0x42, 0x90, 0x20, 0xd8, 0x64, 0xf1, 0x42, 0x90
	.byte 0x50, 0x0f, 0x02, 0x00, 0xd1, 0x46, 0x90, 0x23
	.byte 0xdb, 0xcf, 0xfc, 0x00, 0x6f, 0x24, 0xf1, 0x9d
	.byte 0xbe, 0x34, 0xeb, 0x12, 0xec, 0x83, 0xf5, 0xec
	.byte 0x41, 0xf5, 0xec, 0x43, 0xf5, 0xec, 0x45, 0x8f
	.byte 0x04, 0x21, 0xf5, 0xec, 0x41, 0xb3, 0x00, 0xff
	.byte 0xd1, 0x46, 0x90, 0x20, 0xd8, 0x64
SysEx_ValidateRolandHeader_NonZeroChan:
	.byte 0xf1, 0x46, 0x90, 0x50, 0x0f, 0x02, 0x00, 0xf1
	.byte 0x9d, 0xbf, 0x34, 0xec, 0x8d, 0xbc, 0x3c, 0x33
	.byte 0x84, 0x3f, 0xff, 0x66, 0x07, 0xed, 0x64, 0x85
SysEx_ValidateRolandHeader_Dispatch:
	push	xsp
	swi	7
	jr	nz, -7
	cp	xiy, xhl
	jr	nc, 18
	lda_dpi	xbc, 244
	lda_dpi	xhl, 244
	lda_dpi	xiy, 244
	ld	a, (xsp+4)
	lda_dpi	xbc, 244
	ld	(xiy), 255
	retd	2
SysEx_ValidateRolandHeader_Cmd33:
	push	xiz
	calr	20
	pop	xiz
	ret
	push	xiz
SysEx_ValidateRolandHeader_Cmd38:
	.byte 0x1e, 0x3e, 0x00, 0x5e, 0x0e, 0x3e, 0x1e
SysEx_ValidateRolandHeader_Cmd3A:
	.byte 0x57, 0x00, 0x5e, 0x0e, 0x3e, 0x1e, 0x70, 0x00
SysEx_ApplyVoiceParam_4B:
	.byte 0x5e, 0x0e, 0x45, 0x9d, 0xbe, 0x00, 0x00, 0x44
	.byte 0xa0, 0xbc, 0x00, 0x00, 0xd1, 0x46, 0x90, 0x21
	.byte 0xd9, 0xef, 0x01, 0xd9, 0xd8, 0x66, 0x02, 0x95
	.byte 0x11, 0xb4, 0x00, 0xff, 0xec, 0xca, 0xa0, 0xbc
	.byte 0x00, 0x00, 0xf1, 0x42, 0x90, 0x54, 0xf1, 0x9d
	.byte 0xbe, 0x00, 0xff, 0xf1, 0x46, 0x90, 0x02, 0x00
	.byte 0x00, 0x0e, 0x45, 0x86, 0x77, 0xee, 0x00, 0xf1
	.byte 0xe5, 0xbf, 0x65, 0x45, 0xa3, 0x7c, 0xee, 0x00
	.byte 0xf1, 0xe9, 0xbf, 0x65, 0x45, 0xa0, 0xbc, 0x00
	.byte 0x00, 0xf1, 0xed, 0xbf
SysEx_ApplyVoiceParam_4B_ReadSubParams:
	.byte 0x65, 0x1e, 0x3f, 0x00, 0x0e, 0x45, 0xa7, 0x7c
	.byte 0xee, 0x00, 0xf1, 0xe5, 0xbf, 0x65, 0x45, 0xb4
	.byte 0x86, 0xee, 0x00, 0xf1, 0xe9, 0xbf, 0x65, 0x45
	.byte 0xa0, 0xbc, 0x00, 0x00, 0xf1, 0xed, 0xbf
SysEx_ApplyVoiceParam_4B_SkipRestore:
	jr	mi, 30
SysEx_ApplyVoiceParam_4B_IterateSlots:
	.byte 0x20, 0x00, 0x0e, 0x45, 0xd0, 0x86, 0xee
SysEx_ApplyVoiceParam_4B_SlotLoop:
	.byte 0x00, 0xf1, 0xe5, 0xbf, 0x65, 0x45, 0x79, 0x8c
	.byte 0xee, 0x00, 0xf1, 0xe9, 0xbf, 0x65, 0x45, 0x9d
	.byte 0xbf, 0x00, 0x00, 0xf1, 0xed, 0xbf, 0x65, 0x1e
	.byte 0x01, 0x00, 0x0e, 0xf1, 0xdf, 0xbf, 0x02, 0x00
	.byte 0x00, 0xe1, 0xed, 0xbf, 0x25, 0xd1
SysEx_ApplyVoiceParam_4B_SlotNext:
	.byte 0xdf, 0xbf, 0x85, 0x85, 0x3f, 0xff, 0x66
SysEx_ApplyVoiceParam_4B_RestoreSlotId:
	.byte 0x7d, 0xe1, 0xe5, 0xbf, 0x24, 0xdb, 0xd3, 0x85
	.byte 0x27, 0xf1, 0xe4, 0xbf, 0x47, 0xcf
SysEx_ApplyVoiceParam_4B_Return:
	ex8	l, l
	jr	ugt, 99
SysEx_ApplyVoiceParam_4B_128:
	.byte 0xdb, 0xec, 0x02, 0xe3, 0x07, 0xf0, 0xec, 0x23
	.byte 0x9d, 0x01, 0x20, 0x8d, 0x03, 0x23, 0x93, 0x3f
	.byte 0xff, 0xff, 0x6e, 0x07, 0x9b, 0x02, 0x3f, 0xff
	.byte 0xff, 0x66, 0x48, 0xf1, 0xe1, 0xbf, 0x50, 0xf1
	.byte 0xe3, 0xbf, 0x43, 0xd1, 0xdf, 0xbf, 0x04, 0xd1
	.byte 0xe5, 0xbf, 0x04, 0xd1, 0xe7, 0xbf, 0x04, 0xd1
	.byte 0xe9, 0xbf, 0x04, 0xd1, 0xeb, 0xbf
SysEx_ApplyVoiceParam_4B_128_ReadSub:
	.byte 0x04, 0x38, 0x39, 0x3a, 0x3b, 0x3d, 0x3c, 0xa3
	.byte 0x22, 0xb2, 0xe8, 0x5c, 0x5d, 0x5b, 0x5a, 0x59
	.byte 0x58, 0xf1, 0xeb, 0xbf, 0x06, 0xf1, 0xe9, 0xbf
	.byte 0x06, 0xf1, 0xe7, 0xbf, 0x06, 0xf1, 0xe5
SysEx_ApplyVoiceParam_4B_128_SkipRestore:
	.byte 0xbf, 0x06
SysEx_ApplyVoiceParam_4B_128_IterateSlots:
	.byte 0xf1, 0xdf, 0xbf, 0x06, 0xeb, 0xc8, 0x04
SysEx_ApplyVoiceParam_4B_128_SlotLoop:
	.byte 0x00, 0x00, 0x00, 0x68, 0xab, 0xd1, 0xdf, 0xbf
	.byte 0x38, 0x04, 0x00, 0x78, 0x76, 0xff, 0xe1, 0xe9
	.byte 0xbf, 0x24, 0x94, 0x3f, 0xff, 0xff
SysEx_ApplyVoiceParam_4B_128_WriteSlot:
	.byte 0x66, 0x0e, 0x3c, 0xa4, 0x24, 0xb4, 0xe8, 0x5c
	.byte 0xec, 0xc8, 0x04, 0x00, 0x00, 0x00, 0x68, 0xec
	.byte 0x0e, 0xd1, 0x42, 0x90, 0x3f, 0xfb, 0x01, 0x6b
SysEx_ApplyVoiceParam_4B_128_SlotNext:
	.byte 0x17, 0x43, 0xa0, 0xbc, 0x00, 0x00, 0xd1
SysEx_ApplyVoiceParam_4B_128_RestoreSlotId:
	.byte 0x42, 0x90, 0x83, 0xb3, 0x52, 0xbb, 0x02, 0x50
	.byte 0xbb, 0x04, 0x00, 0xff, 0xc1, 0x42
SysEx_ApplyVoiceParam_4B_128_Return:
	.byte 0x90, 0x38, 0x04, 0x0e
SysEx_ApplyVoiceParam_49:
	.byte 0xd1, 0x46, 0x90, 0x3f, 0xfb, 0x00, 0x6b, 0x18
	.byte 0x43, 0x9d, 0xbe, 0x00, 0x00, 0xd1, 0x46, 0x90
	.byte 0x83, 0xb3, 0x52, 0xbb, 0x02, 0x50, 0xbb, 0x04
	.byte 0x00, 0xff, 0xd1, 0x46, 0x90, 0x38, 0x04, 0x00
	.byte 0x0e, 0x43, 0x9d, 0xbf, 0x00, 0x00, 0x83, 0x3f
	.byte 0xff, 0x66, 0x06, 0xdb, 0xc8, 0x04, 0x00, 0x68
	.byte 0xf5, 0xeb, 0xcf, 0xd8, 0xbf, 0x00, 0x00, 0x6b
	.byte 0x09, 0xb3, 0x52, 0xbb, 0x02, 0x50, 0xbb, 0x04
	.byte 0x00, 0xff, 0x0e, 0x1e, 0x6d, 0x00, 0x1b, 0xba
	.byte 0x49, 0xfc, 0xd8, 0xd8
SysEx_ApplyVoiceParam_49_ReadSubParams:
	.byte 0xf2, 0x9c, 0x45, 0xfc, 0xd1, 0xc2, 0xf6, 0x40
	.byte 0x03, 0x3f, 0x00, 0xf2, 0x28, 0xad, 0xfd, 0xe6
	.byte 0x1d, 0xc5, 0x9b, 0xfc, 0x1d, 0x27, 0x92, 0xfc
	.byte 0x1d, 0x80, 0x44, 0xfc, 0x1d, 0xb3, 0x45
SysEx_ApplyVoiceParam_49_SkipRestore:
	.byte 0xfc, 0xd8
SysEx_ApplyVoiceParam_49_IterateSlots:
	.byte 0xa9, 0x1d, 0x67, 0x58, 0xfb, 0x1d, 0x44
SysEx_ApplyVoiceParam_49_SlotLoop:
	popw	de
	swi	4
	lds	wa, 1
	call	16472176
	push	xde
	push	xhl
	push	xix
	push	xiz
	call	15668425
	pop	xiz
	pop	xix
	pop	xhl
	pop	xde
	call	16554829
	push	xde
	push	xhl
	push	xix
	push	xiz
	call	16624306
	call	15668425
	pop	xiz
	pop	xix
SysEx_ApplyVoiceParam_49_SlotNext:
	.byte 0x5b, 0x5a, 0x0e, 0x0e, 0x0e, 0x0e, 0xd8
SysEx_ApplyVoiceParam_49_RestoreSlotId:
	sbc	wa, wa
	stb_d8	(38941), d
	swi	4
	call	16532931
	ret
	ret
	ret
SysEx_ApplyVoiceParam_49_Return:
	ret
	ret
	ret
	ret
SysEx_ApplyVoiceParam_49_128:
	.byte 0xef, 0x6c, 0xd7, 0xfa, 0x04, 0xf1, 0xf2, 0xbf
	.byte 0x30, 0xbf, 0x02, 0x60, 0xc7, 0xfb, 0xa8, 0xc7
	.byte 0xfb, 0x89, 0xd8, 0x12, 0x1d, 0x29, 0x96, 0xfc
	.byte 0xbb, 0x0c, 0x31, 0xe9, 0x8a, 0xea, 0x61, 0xaf
	.byte 0x02, 0x20, 0x81, 0x23, 0xf5, 0xe0, 0x43, 0xbf
	.byte 0x02, 0x60, 0x82, 0x23, 0xf5, 0xe0, 0x43, 0xbf
	.byte 0x02, 0x60, 0xc7, 0xfb, 0x61, 0xc7
SysEx_ApplyVoiceParam_49_128_ReadSub:
	.byte 0xfb, 0xcf, 0x19, 0x67, 0xd4, 0x0b, 0x0e, 0x00
	.byte 0x0b, 0x00, 0x00, 0x0b, 0x50, 0xfd, 0xaf, 0x08
	.byte 0x20, 0x38, 0x1d, 0xbc, 0x05, 0xff, 0xbf, 0x0a
	.byte 0x37, 0xd7, 0xfa, 0x05, 0xef, 0x64, 0x0e
SysEx_ApplyVoiceParam_49_128_SkipRestore:
	dec	4, xsp
SysEx_ApplyVoiceParam_49_128_IterateSlots:
	push	qiz
	lda_d16	xwa, (49138)
SysEx_ApplyVoiceParam_49_128_SlotLoop:
	.byte 0xbf, 0x02, 0x60, 0xc7, 0xfb, 0xa8, 0xc7, 0xfb
	.byte 0x89, 0xd8, 0x12, 0x1d, 0x29, 0x96, 0xfc, 0xbb
	.byte 0x0c, 0x32, 0xea, 0x8b, 0xeb, 0x61
SysEx_ApplyVoiceParam_49_128_WriteSlot:
	.byte 0x82, 0x3c, 0xf8, 0xaf, 0x02, 0x20, 0xc5, 0xe0
	.byte 0x23, 0xbf, 0x02, 0x60, 0xcb, 0xcc, 0x07, 0x82
	.byte 0xeb, 0xaf, 0x02, 0x20, 0xc5, 0xe0, 0x23, 0xb3
SysEx_ApplyVoiceParam_49_128_SlotNext:
	.byte 0x43, 0xbf, 0x02, 0x60, 0xc7, 0xfb, 0x61
SysEx_ApplyVoiceParam_49_128_RestoreSlotId:
	.byte 0xc7, 0xfb, 0xcf, 0x19, 0x67, 0xcb, 0x0b, 0x0e
	.byte 0x00, 0xaf, 0x04, 0x20, 0x38, 0x0b
SysEx_ApplyVoiceParam_49_128_Return:
	.byte 0x00, 0x00, 0x0b, 0x50
SysEx_ApplyAndReloadPreset:
	.byte 0xfd, 0x1d, 0xbc, 0x05, 0xff, 0xbf, 0x0a, 0x37
	.byte 0xd7, 0xfa, 0x05, 0xef, 0x64, 0x0e, 0xf1, 0xa2
	.byte 0xfd, 0x30, 0xf1
SysEx_ApplyAndReloadPreset_Type61:
	cp	(xwa), a
	ldw	bc, 41193
	pushw	wa
	push	xbc
	pushw	0
	pushw	62560
	call	16713148
	lda	xsp, (xsp+10)
	ret
	pushw	iz
	ld	iz, wa
	call	16627073
	ld	wa, iz
	calr	2
	popw	iz
	ret
	lda	xsp, (xsp-34)
	push	xiz
	lds	wa, 2
	call	16472167
SysEx_ApplyAndReloadPreset_Type61_Loop:
	.byte 0x1d, 0xc7, 0x4d, 0xfb, 0xf1, 0x5a, 0xfc, 0x31
	.byte 0x89, 0x08, 0x21, 0xc7, 0xf9, 0x99, 0x89, 0x09
	.byte 0x21, 0xc7, 0xfb, 0x99, 0xbf, 0x04, 0x14, 0x9e
	.byte 0x8c, 0xf1, 0x96, 0xfd, 0x31, 0x89, 0x01, 0x21
	.byte 0xbf, 0x06, 0x41, 0x89, 0x0b, 0x21, 0xbf, 0x08
	.byte 0x41, 0x0b, 0x04, 0x00
SysEx_ApplyAndReloadPreset_Type63:
	.byte 0x0b, 0x00, 0x00, 0x0b, 0x54, 0xfc, 0xbf, 0x28
	.byte 0x30, 0x38, 0x1d, 0xbc, 0x05, 0xff, 0x0b, 0x18
	.byte 0x00, 0x0b, 0x00, 0x00, 0x0b, 0xdc, 0xfc, 0xbf
	.byte 0x1a, 0x30, 0x38, 0x1d, 0xbc, 0x05, 0xff, 0xbf
	.byte 0x14, 0x37, 0x1e, 0xca, 0xfe, 0xf1, 0x60, 0xf4
	.byte 0x34, 0xf1
SysEx_ApplyAndReloadPreset_Type63_Loop:
	cp	(xwa), a
	ldw	bc, 35817
	lda_d16	xwa, (64862)
	sub	xwa, xbc
	ld	de, wa
	srl	de, 1
	lds	bc, 0
	cps	de, 0
	jr	ule, 14
	ld_spiw	wa, 241
	stw_dpi	wa, 237
	inc	1, bc
	ld	wa, bc
	cp	wa, de
	jr	c, -14
	pushw	4
	lda	xwa, (xsp+36)
AssswbWr_ReturnFail:
	.byte 0x38, 0x0b
AssswbWr_Return:
	nop
	nop
AssswbWr:
	.byte 0x0b, 0x54, 0xfc, 0x1d, 0xbc, 0x05, 0xff, 0x0b
	.byte 0x18, 0x00, 0xbf, 0x16, 0x30, 0x38, 0x0b, 0x00
	.byte 0x00, 0x0b, 0xdc, 0xfc, 0x1d, 0xbc, 0x05, 0xff
	.byte 0xbf, 0x14, 0x37, 0xc1, 0xf4, 0x11, 0x3f, 0x01
	.byte 0x6e, 0x08, 0xc2, 0xf7, 0x40, 0x03, 0x3f, 0x00
	.byte 0x6e, 0x03, 0x1e, 0xbf, 0xfe, 0xf1
AssswbWr_BufferFull:
	.byte 0x96, 0xfd, 0x34
AddswbWr:
	.byte 0xbc, 0x01, 0x31, 0xf1, 0x80, 0xf9, 0x33, 0xe9
	.byte 0x88, 0xeb, 0xa0, 0xf1, 0x60, 0xf4, 0x32, 0xea
	.byte 0x8d, 0xe8, 0x85, 0x85, 0x20, 0xc8, 0x30, 0x07
	.byte 0x81, 0x21, 0xc9, 0xcc, 0x80, 0xc7, 0xe2, 0x99
	.byte 0xc8, 0x89, 0xc7, 0xe2, 0xe1, 0xc9, 0x88, 0xb1
	.byte 0x40, 0xbc, 0x0b, 0x31, 0xe9, 0x88
AddswbWr_BufferFull:
	.byte 0xeb, 0xa0, 0xe8
SwbtWr:
	.byte 0x82, 0x82, 0x20, 0xc8, 0xcc, 0xc0, 0x81, 0x21
	.byte 0xc9, 0xcc, 0x3f, 0xc7, 0xe2, 0x99
SwbtWr_ScanEnd:
	.byte 0xc7, 0xe2, 0xe0, 0xb1, 0x40, 0xf1, 0x5a
SwbtWr_CheckSpace:
	.byte 0xfc, 0x31, 0x89, 0x05, 0x21, 0xc7, 0xf8, 0x99
	.byte 0x89, 0x06, 0x21, 0xc7, 0xfa, 0x99, 0xc7, 0xf9
	.byte 0x89, 0xb9, 0x08, 0x41, 0xc7, 0xfb
SwbtWr_Done:
	.byte 0x89, 0xb9, 0x09
SwbtWr_CallProcessAll:
	.byte 0x41, 0x8f, 0x04, 0x19, 0x9e, 0x8c
SwbtWr_SoundBankParamTable:
	.incbin "includes/generated/v7_transplant_SwbtWr_SoundBankParamTable.bin"
SwbtWr_ProcessAll:
	.byte 0xaa, 0xfd, 0x1d, 0xc9, 0x14, 0xef, 0x5e, 0x5c
	.byte 0x5b, 0x5a, 0x0b, 0x00, 0x00, 0x30, 0x48, 0x00
	.byte 0xd9, 0xad, 0xda, 0xa8, 0x1d, 0x53, 0xaa
SwbtWr_ProcessAll_CompactDone:
	.byte 0xfd, 0x8f, 0x06, 0x20, 0xc8, 0xcc, 0x80, 0xf1
	.byte 0x97, 0xfd, 0x31, 0x81, 0x21, 0xc9, 0x30, 0x07
	.byte 0xb1, 0x41, 0xc8, 0xe1, 0xb1, 0x41, 0xc9, 0x8d
	.byte 0xda
SwbtWr_InitBank1:
	.byte 0x12, 0x0b, 0x7f, 0x00, 0x30, 0x98, 0x00, 0xd9
	.byte 0xa9, 0x1d, 0x53, 0xaa, 0xfd, 0xc1, 0xa1, 0xfd
	.byte 0x25, 0xcd, 0x8b, 0xcb, 0xcc, 0xc0, 0x8f, 0x08
	.byte 0x21, 0xc9, 0xcc, 0xc0, 0xcb, 0xd1, 0xda
SwbtWr_InitBank2:
	.byte 0x12, 0xd8, 0x12, 0x28, 0x30, 0x98, 0x00, 0x31
	.byte 0x0b, 0x00, 0x1d, 0x53, 0xaa, 0xfd, 0xf1, 0x5a
	.byte 0xfc, 0x31, 0xc7, 0xf8, 0x89, 0xc9, 0xcc, 0x3f
	.byte 0xb9, 0x05, 0x41, 0xc7, 0xfa, 0x89, 0xc9
SwbtWr_InitBank3:
	.byte 0xcc, 0x3c, 0xb9, 0x06, 0x41, 0x1d, 0x75, 0x83
	.byte 0xf9, 0x1d, 0xc5, 0x9b, 0xfc, 0x1d, 0x27, 0x92
	.byte 0xfc, 0x0b, 0x00, 0x00, 0x30, 0x48, 0x00, 0xd9
	.byte 0xaf, 0xda, 0xa8, 0x1d, 0x53, 0xaa, 0xfd
SwbtWr_DispatchLoop_Init:
	.byte 0x3a, 0x3b, 0x3c, 0x3e, 0x1d, 0xb2
SwbtWr_DispatchLoop:
	.byte 0xaa, 0xfd, 0x5e, 0x5c, 0x5b, 0x5a, 0x3a, 0x3b
	.byte 0x3c, 0x3e, 0x1d, 0xc9, 0x14, 0xef, 0x5e, 0x5c
	.byte 0x5b, 0x5a, 0x0b, 0x00, 0x00, 0x30, 0x91, 0x00
	.byte 0xd9, 0xab, 0xda, 0xac, 0x1d, 0x53, 0xaa, 0xfd
	.byte 0xd8, 0xaa, 0x1d, 0x70, 0x58, 0xfb, 0x5e, 0xbf
	.byte 0x22, 0x37, 0x0e, 0x3e
SwbtWr_DispatchLoop_ScanCallbacks:
	.byte 0x9f, 0x08, 0x26, 0x06, 0x06, 0xc1, 0x44, 0xb7
	.byte 0x3f, 0x00, 0x6e, 0x23, 0x1d
SwbtWr_DispatchLoop_ExecuteCallback:
	.byte 0x3b, 0x28, 0xef, 0xde, 0xf3, 0x67, 0x14, 0xaf
	.byte 0x0a, 0x20, 0x38, 0x2e, 0x1d, 0x07, 0x28, 0xef
	.byte 0xef, 0x66, 0xd7, 0xfa, 0x9b, 0x1d, 0xc0, 0xf1
	.byte 0xfc, 0x68, 0x39, 0xd7, 0xfa, 0x03, 0xff, 0xff
	.byte 0x68, 0x32, 0xc1, 0x48, 0xc1, 0x21, 0xc9, 0xda
	.byte 0x66, 0x23, 0xc9, 0xd9, 0x66, 0x04, 0xc9, 0xd8
	.byte 0x6e, 0x22, 0x1d, 0x3b, 0x28, 0xef, 0xde, 0xf3
	.byte 0x67, 0x1a, 0xaf, 0x0a, 0x20, 0x38, 0x2e, 0x1d
	.byte 0x63, 0x29, 0xef, 0xef, 0x66, 0xd7, 0xfa, 0x9b
SwbtWr_DispatchLoop_NextEvent:
	calr	311
	jr	7
	call	15673751
SwbtWr_DispatchLoop_PostCallbacks:
	.byte 0xd7, 0xfa, 0x9b, 0x06
SwbtWr_PostCallback_Loop:
	.byte 0x00, 0xd7, 0xfa, 0x8b, 0x5e, 0x0e, 0x2e, 0x36
	.byte 0xff, 0xff, 0x06, 0x06, 0xc1, 0x44, 0xb7, 0x3f
	.byte 0x00, 0x6e, 0x13, 0xaf
SwbtWr_PostCallback_Done:
	.byte 0x08
SwbtWr_QueueMainEvent:
	ldb	w, 128
	ldb	a, 216
	ccf
	call	16575059
	call	15673229
	ld	iz, hl
	jr	54
	ldb_d8	a, (49480)
	cps	a, 2
	jr	z, 16
	cps	a, 1
	jr	z, 4
	cps	a, 0
SwbtWr_QueueMainEvent_Done:
	.byte 0x6e
SwbtWr_QueuePostEvent:
	.byte 0x26, 0x1d, 0x97, 0x29, 0xef, 0xdb, 0x8e, 0x68
	.byte 0x1e, 0x1d, 0x3b, 0x28, 0xef, 0x9f, 0x06, 0xf3
	.byte 0x67, 0x15, 0xaf, 0x08, 0x20, 0x80, 0x3f, 0xfe
	.byte 0x66, 0x0d, 0x80, 0x21, 0xd8, 0x12, 0x28, 0x1d
SwbtWr_QueuePostEvent_Done:
	popw	iy
SwbtWr_TrailingBytecode:
	.byte 0x29, 0xef, 0xef, 0x62, 0xdb, 0x8e, 0x06, 0x00
	.byte 0xde, 0x8b, 0x4e, 0x0e, 0xef, 0x6a, 0x2e, 0x06
	.byte 0x06, 0xc1, 0x44, 0xb7, 0x3f, 0x00, 0x6e, 0x0a
	.byte 0x1d, 0x8d, 0x27, 0xef, 0xbf, 0x02, 0x53, 0x78
	.byte 0x8e, 0x00
PreLswLoad:
	ldb_d8	a, (49480)
	ld	iz, (xsp+8)
PostLswLoad:
	.byte 0xc9, 0xd9, 0x66, 0x4c, 0xc9, 0xda, 0x66, 0x04
	.byte 0xc9, 0xd8, 0x6e, 0x7b, 0xde, 0x88, 0xde, 0x69
	.byte 0xd8, 0xd8, 0x66, 0x73, 0xaf, 0x0a, 0x20, 0x80
	.byte 0x21, 0xd8, 0x12, 0x1d, 0x53, 0xea, 0xfc, 0x1d
	.byte 0x3b, 0x28, 0xef, 0xdb, 0xd9, 0x61, 0x1a, 0xaf
	.byte 0x0a, 0x20, 0x80, 0x3f, 0xfe, 0x66, 0x12, 0x80
	.byte 0x21, 0xd8, 0x12, 0x28, 0x1d, 0xf1, 0x27, 0xef
	.byte 0xef, 0x62, 0xbf, 0x02, 0x53, 0x1d, 0xc0, 0xf1
	.byte 0xfc, 0xe8, 0xa9, 0xaf, 0x0a, 0x88, 0xde, 0x88
	.byte 0xde, 0x69, 0xd8, 0xd8, 0x6e, 0xc6, 0x68, 0x37
	.byte 0xde, 0x88, 0xde
PreLswSave:
	.byte 0x69
PostLswSave:
	.byte 0xd8
PrePmLoad:
	.byte 0xd8
PostPmLoad:
	jr	z, 47
	call	15673403
	cps	hl, 1
	jr	lt, 26
	ld	xwa, (xsp+10)
PrePmSave:
	.byte 0x80
PostPmSave:
	push	xsp
PreMidiLoad:
	swi	6
PostMidiLoad:
	.byte 0x66
PreMidiSave:
	ccf
PostMidiSave:
	.byte 0x80
VoiceParam_SaveReverbChorus:
	.byte 0x21, 0xd8, 0x12, 0x28, 0x1d, 0xf1, 0x27, 0xef
	.byte 0xef, 0x62, 0xbf, 0x02, 0x53, 0x1d, 0xc0
VoiceParam_SaveReverbChorus_Loop:
	.byte 0xf1, 0xfc, 0xe8, 0xa9, 0xaf, 0x0a, 0x88, 0xde
	.byte 0x88, 0xde, 0x69, 0xd8, 0xd8, 0x6e, 0xd1, 0x06
	.byte 0x00, 0x9f, 0x02, 0x23, 0x4e, 0xef, 0x62, 0x0e
	.byte 0xef, 0x6a, 0x1d, 0xee, 0x29, 0xef, 0xdb, 0xcf
	.byte 0xff, 0xff, 0x66, 0x0f, 0xb7, 0x47, 0xb7, 0x30
	.byte 0x38, 0x0b, 0x01, 0x00, 0x1e, 0x3c, 0xff, 0xef
	.byte 0x66, 0x68, 0xe7, 0xef, 0x62, 0x0e, 0x0e, 0xbf
	.byte 0xf4, 0x37, 0x3e, 0xbf, 0x0a, 0x52, 0xbf, 0x0c
	.byte 0x43, 0xbf, 0x0e, 0x41, 0xbf, 0x08
VoiceParam_RestoreReverbChorus:
	.byte 0x02, 0x02, 0x00, 0x0b, 0x07, 0x00, 0x1d, 0xa3
	.byte 0x06, 0xff, 0xef, 0x62, 0xeb, 0x8e, 0xbf
VoiceParam_RestoreReverbChorus_Loop:
	.byte 0x04, 0x66, 0xee, 0xe6, 0x66, 0x6e, 0x0b, 0x07
	.byte 0x00, 0x0b, 0xee, 0x00, 0x0b, 0xb2, 0x4f, 0x3e
	.byte 0x1d, 0xbc, 0x05, 0xff, 0xbf, 0x0a, 0x37, 0xbe
	.byte 0x05, 0x31, 0xe9, 0x8a, 0x9f, 0x0a, 0x3f, 0xff
	.byte 0xff, 0x66, 0x26, 0x8f, 0x0e, 0x21, 0xc9, 0xcc
	.byte 0x0f, 0x86, 0xe9, 0x9f, 0x0a, 0x22, 0xda, 0xed
	.byte 0x07, 0xaf, 0x04, 0x20, 0xb8, 0x02, 0x45, 0x9f
	.byte 0x0a, 0x22, 0xda, 0xcc, 0x7f, 0x00, 0xb8, 0x04
	.byte 0x45, 0xaf, 0x04, 0x22, 0xbf, 0x08, 0x02, 0x07
	.byte 0x00, 0x8f, 0x0e, 0x21, 0xc9, 0xcc, 0x0f
BitMapOut_ComputeRegionDelta:
	.byte 0x81, 0xe9, 0x8f, 0x0c, 0x23, 0xcb, 0x30, 0x07
	.byte 0xaf, 0x04, 0x20, 0xb8, 0x06, 0x43, 0x3a, 0x9f
	.byte 0x0c, 0x04, 0x1e, 0xed, 0xfd, 0xf1, 0x24, 0x04
	.byte 0x00, 0x00
BitMapOut_PrepareAndRender:
	.byte 0xaf, 0x0a, 0x20, 0x38, 0x1d, 0x15, 0x03, 0xff
	.byte 0xbf, 0x0a, 0x37, 0x5e, 0xbf, 0x0c
BitMapOut_RenderDisplay:
	.byte 0x37, 0x0e, 0xef, 0x68, 0xd7, 0xfa, 0x04, 0x45
	.byte 0xba, 0x4f, 0xee, 0x00, 0xbf, 0x02, 0x34, 0xd9
	.byte 0xab, 0x95, 0x11, 0x85, 0x10, 0xc7, 0xfb, 0xa8
	.byte 0xc7, 0xfb, 0x89, 0xc9, 0xce, 0xb0, 0xbf, 0x02
	.byte 0x41, 0x06, 0x06, 0xbf, 0x02, 0x30, 0x38, 0x0b
	.byte 0x07, 0x00, 0x1d, 0x07, 0x28, 0xef, 0xef, 0x66
	.byte 0x06, 0x00, 0x1d, 0xc0, 0xf1, 0xfc, 0xc7, 0xfb
	.byte 0x61, 0xc7, 0xfb, 0xcf, 0x0f, 0x63, 0xd9, 0xc7
	.byte 0xfb, 0xa8, 0xbf, 0x02, 0x32, 0xc7, 0xfb, 0x89
	.byte 0xc9, 0xce, 0xb0, 0xb2, 0x41, 0xd8, 0xac, 0xd9
	.byte 0xaf, 0x1d, 0xca, 0x32, 0xef, 0xc7, 0xfb, 0x61
	.byte 0xc7, 0xfb, 0xcf, 0x0f, 0x63, 0xe4, 0xf1, 0x24
	.byte 0x04, 0x00, 0x00, 0xd7, 0xfa, 0x05, 0xef, 0x60
	.byte 0x0e, 0xc1, 0x44, 0xb7, 0x21, 0xc9, 0xd8, 0xb0
	.byte 0xf6, 0xc9, 0xdb, 0x66, 0x1a, 0xc9
BitMapOut_CopyRegion_Loop:
	.byte 0xda, 0x66, 0x04, 0xc9, 0xd9, 0xb0, 0xfe, 0x02
	.byte 0x06, 0x00, 0xd8, 0xac, 0xd9, 0xa9
BitMapOut_CopyRegion_Done:
	.byte 0x42, 0xc4, 0x4f, 0xee, 0x00, 0x1d, 0xca, 0x32
	.byte 0xef, 0x03, 0x0e, 0x02, 0x06, 0x00, 0xd8, 0xac
	.byte 0xd9, 0xa9, 0x42, 0xc2, 0x4f, 0xee, 0x00, 0x1d
	.byte 0xca, 0x32, 0xef, 0x03, 0x0e, 0xc1, 0xe4, 0xbf
	.byte 0x3f, 0x98, 0xb0, 0xfe, 0xc1, 0xe1, 0xbf, 0x3f
	.byte 0x0e, 0xb0, 0xfe, 0xc1, 0xe3, 0xbf, 0x21, 0xc9
	.byte 0xcc, 0x03, 0xb0, 0xf6
BitMapOut_SkipRestore:
	.byte 0xc1, 0xe2, 0xbf
BitMapOut_MergeOutputFields:
	.byte 0x21, 0xc9, 0xcc, 0x03, 0xf1, 0x48, 0xc1, 0x41
	.byte 0x0e, 0x2e, 0xde, 0xa8, 0xc1, 0x44, 0xb7, 0x3f
	.byte 0x00, 0x76, 0xc3, 0x00, 0xde, 0xcf, 0x08, 0x01
	.byte 0x7f, 0xa9, 0x00, 0xf1, 0x29, 0x04, 0xb4, 0xc1
	.byte 0x29, 0x04, 0x21, 0xc9, 0xcc, 0x1f, 0x66, 0x7e
	.byte 0xf1, 0x29, 0x04, 0xc8, 0x66, 0x1b, 0xf1, 0x29
	.byte 0x04, 0xb0, 0xf1, 0x50, 0xfd, 0xcc, 0x6e, 0xdc
	.byte 0xde, 0x88, 0xde, 0x61, 0xf1, 0x36, 0xc0, 0x31
	.byte 0xe8, 0x12, 0xe9, 0x80, 0xb0, 0x00, 0xf8, 0x68
	.byte 0xcb, 0xf1, 0x36, 0xc0, 0x30, 0xf1, 0x29, 0x04
	.byte 0xc9, 0x66, 0x17, 0xf1, 0x29, 0x04, 0xb1, 0xf1
	.byte 0x50, 0xfd, 0xcc, 0x6e, 0xb7, 0xde, 0x89, 0xde
	.byte 0x61, 0xe9, 0x12, 0xe8, 0x81, 0xb1, 0x00, 0xfa
	.byte 0x68, 0xaa, 0xf1, 0x29, 0x04, 0xca, 0x66, 0x17
	.byte 0xf1, 0x29, 0x04, 0xb2, 0xf1, 0x50, 0xfd, 0xcc
	.byte 0x6e, 0x9a, 0xde, 0x89, 0xde, 0x61, 0xe9, 0x12
	.byte 0xe8, 0x81, 0xb1, 0x00, 0xfb, 0x68, 0x8d, 0xf1
	.byte 0x29, 0x04, 0xcb, 0x66, 0x87, 0xf1, 0x29, 0x04
	.byte 0xb3, 0xf1, 0x50, 0xfd, 0xcc, 0x7e, 0x7c, 0xff
	.byte 0xde, 0x89, 0xde, 0x61, 0xe9, 0x12, 0xe8, 0x81
	.byte 0xb1, 0x00, 0xfc, 0x78, 0x6e, 0xff, 0x1d, 0x40
	.byte 0x29, 0xef, 0xdb, 0xcf, 0xff, 0xff, 0x66, 0x14
	.byte 0xde, 0x88, 0xde, 0x61, 0xf1, 0x36, 0xc0, 0x31
	.byte 0xe8, 0x12, 0xe9, 0x80, 0xb0, 0x47, 0xcf, 0xcf
	.byte 0xf7, 0x7e, 0x50, 0xff, 0xde, 0xd8, 0x66, 0x0f
	.byte 0x06, 0x00, 0xd8, 0xac, 0xde, 0x89, 0x42, 0x36
	.byte 0xc0, 0x00, 0x00, 0x1d, 0xca, 0x32, 0xef, 0x4e
	.byte 0x0e, 0xf1, 0x46, 0xb7, 0xb6, 0x0e, 0xf1, 0x46
	.byte 0xb7, 0xbe, 0x0e, 0xc1, 0x44, 0xb7, 0x27, 0x0e
	.byte 0xf1, 0x54, 0xc1, 0xcb, 0x76, 0xbd, 0x00, 0xf1
	.byte 0x1e, 0x04, 0xca, 0x66, 0x44, 0xf1, 0x21, 0x04
	.byte 0xca, 0x66, 0x3e, 0xf1, 0x54, 0xc1, 0xcc, 0x66
	.byte 0x10, 0xf1, 0x54, 0xc1, 0xcd, 0x66, 0x0a, 0xd1
	.byte 0xa8, 0x28, 0x3f, 0x00, 0x00, 0x6e, 0x60, 0x68
	.byte 0x62, 0xf1, 0x54, 0xc1, 0xcc, 0x66, 0x0a, 0x1d
	.byte 0xd6, 0x96, 0xf5, 0xf1, 0x31, 0x34, 0xbf, 0x68
	.byte 0x5a, 0xf1, 0x54, 0xc1, 0xcd, 0x66, 0x54, 0xd1
	.byte 0xa8, 0x28, 0x3f, 0x00, 0x00, 0x66, 0x04, 0xf1
	.byte 0x6a, 0x26, 0xb9, 0x1d, 0xcf, 0x96, 0xf5, 0x68
	.byte 0x3e
SeqOut_WriteTimedBytes:
	.byte 0xf1, 0x1e, 0x04, 0xca, 0x66, 0x0c, 0xf1, 0x54
	.byte 0xc1, 0xcc, 0x66, 0x36, 0x1d, 0xb5, 0x96, 0xf5
	.byte 0x68, 0x30, 0xf1, 0x21, 0x04, 0xca, 0x66, 0x2a
	.byte 0xf1, 0x54, 0xc1, 0xcd, 0x66, 0x24, 0x1d, 0xab
	.byte 0xb7, 0xfe, 0xdb, 0xcc, 0x07, 0x00, 0x66, 0x06
	.byte 0x1d
SeqOut_WriteTimedBytes_BufferFull:
	.byte 0x0d, 0x2b, 0xf2, 0x68, 0x14, 0xd1, 0xa8
SeqOut_WriteTimedBytes_CompIface:
	.byte 0x28, 0x3f, 0x00, 0x00, 0x66, 0x04, 0xf1, 0x6a
	.byte 0x26, 0xb9, 0x1d, 0xb5, 0x96, 0xf5, 0x1d, 0x86
SeqOut_WriteTimedBytes_SerialWrite:
	.byte 0xca, 0xf3, 0x1d, 0x36, 0xe2, 0xf6, 0xf1, 0x54
	.byte 0xc1, 0xce, 0xb0, 0xf6, 0xd1, 0x09, 0x04, 0x20
	.byte 0xd1, 0x4e, 0xc1, 0xa0, 0xd1, 0x60, 0xc1, 0xf0
	.byte 0xb0, 0xf3, 0x40
SeqOut_WriteTimedBytes_PC2Timing:
	.byte 0xc1, 0x40, 0x00, 0x00, 0xd9, 0xa8, 0xda
MIDI_SeqProcess_DisableIntReturn:
	.byte 0xab, 0x1d, 0x30, 0xca, 0xfc, 0xf1, 0x54
MidiSeq_ReceiveAndForward:
	.byte 0xc1, 0xb3, 0x30, 0x4e, 0x00, 0x1d, 0xfc, 0x71
	.byte 0xfc, 0x0e, 0xd1, 0x09, 0x04, 0x20, 0xd8, 0x89
	.byte 0xd1, 0x4e, 0xc1, 0xa1, 0xf1, 0x54, 0xc1, 0xc8
	.byte 0x66, 0x56, 0xd9, 0xcf, 0x0f, 0x00, 0xb0, 0xf7
MidiSeq_ReceiveAndForward_CompIface:
	stda16	(49486), wa
	ldw_d16	bc, (49490)
	extz	xbc
	ldw_d16	wa, (49500)
	extz	xwa
MidiSeq_ReceiveAndForward_SerialTiming:
	add	xbc, xwa
	cp	xbc, 32512
MidiSeq_ReceiveAndForward_PC2Forward:
	.byte 0x62, 0x05, 0x41, 0x00, 0x7f, 0x00, 0x00, 0xf1
	.byte 0x52, 0xc1, 0x51, 0xd9, 0xef, 0x08, 0xf1, 0x50
	.byte 0xc1, 0x43, 0xd9, 0x12, 0x40, 0x05, 0x40, 0x00
	.byte 0x00, 0xda, 0xa9, 0x1d, 0x30, 0xca
MidiSeq_ReceiveAndForward_Exit:
	.byte 0xfc, 0xc1, 0x50, 0xc1, 0x3f, 0x7f
MidiSeq_SendMultiByteWithTiming:
	.byte 0xb0, 0xfe, 0xf1, 0x54, 0xc1, 0xb0, 0x40, 0xc0
	.byte 0x40, 0x00, 0x00, 0xd9, 0xa8, 0xda, 0xa9, 0x1d
	.byte 0x30, 0xca, 0xfc, 0x0e, 0xf1, 0x54
MidiSeq_SendMultiByte_CompIface:
	.byte 0xc1, 0xc9, 0xb0, 0xf6, 0xd9, 0xcf, 0x0f, 0x00
	.byte 0xb0, 0xf7, 0xf1, 0x4e, 0xc1, 0x50, 0xd1, 0x52
	.byte 0xc1, 0x21, 0xe9
MidiSeq_SendMultiByte_PC2CountInit:
	.byte 0x12, 0xd1, 0x5e, 0xc1, 0x20, 0xe8, 0x12, 0xe8
MidiSeq_SendMultiByte_PC2SendLoop:
	.byte 0xa1, 0x69, 0x02, 0xe9, 0xa8, 0xf1, 0x52, 0xc1
	.byte 0x51, 0xd9, 0xef, 0x08, 0xf1, 0x50, 0xc1, 0x43
	.byte 0xd9, 0x12, 0x40, 0x05, 0x40, 0x00, 0x00, 0xda
	.byte 0xa9, 0x1d, 0x30, 0xca, 0xfc, 0xc1, 0x50, 0xc1
	.byte 0x3f, 0x00, 0xb0, 0xfe, 0xf1, 0x54, 0xc1, 0xb1
	.byte 0xf1, 0x54, 0xc1, 0xbb, 0x30
MidiSeq_SendMultiByte_PC2NextByte:
	.byte 0x4e, 0x00, 0xd9, 0xa9, 0xda, 0xa8, 0x1d, 0xb7
	.byte 0x71, 0xfc, 0x0e, 0xf1, 0x54, 0xc1, 0xca
MidiSeq_SendMultiByte_SerialCountInit:
	.byte 0xb0, 0xf6, 0xf1, 0x54, 0xc1, 0xb2, 0x30, 0x4d
MidiSeq_SendMultiByte_SerialSendLoop:
	.byte 0x00, 0x1d, 0xfc, 0x71, 0xfc, 0xf1, 0x54, 0xc1
	.byte 0xb8, 0x0e, 0x30, 0x7f, 0x00, 0x1e, 0x54, 0x00
	.byte 0x3a, 0x3b, 0x3c, 0x3e, 0x1d, 0xb2, 0xaa, 0xfd
	.byte 0x1d, 0xae, 0x14, 0xef, 0x5e, 0x5c, 0x5b, 0x5a
	.byte 0x0e, 0x3e
MidiSeq_SendMultiByte_SerialNextByte:
	ld	iz, bc
	extz	xiz
	ldb	w, 0
	extz	xwa
	ld	xbc, 120000
MidiSeq_SendMultiByte_Exit:
	.byte 0x1d, 0x7f, 0x02, 0xff, 0xeb, 0x88, 0xee, 0x89
	.byte 0x1d
SeqBuf_DspSysEx_DataReadLoop:
	.byte 0x3b, 0x04
SeqBuf_DspSysEx_ReadAndForward_Loop:
	swi	7
	pop	xiz
	ret
	push	xiz
	ld	iz, bc
	extz	xiz
	ldb	w, 0
	extz	xwa
	ld	xbc, 7920
	call	16712319
	ld	xwa, xhl
	ld	xbc, xiz
SeqBuf_DspSysEx_ReadAndForward_Done:
	.byte 0x1d, 0x3b, 0x04
SeqBuf3_EnableTx_Stub:
	swi	7
MidiSysEx_BuildAndSend:
	.byte 0xeb, 0x89, 0x40, 0x00, 0x7f, 0x00, 0x00, 0x1d
	.byte 0x3b, 0x04, 0xff, 0x5e, 0x0e, 0xc1, 0x50, 0xc1
	.byte 0x23, 0xc9, 0xf3, 0xb0, 0xf6, 0xf1, 0x50, 0xc1
	.byte 0x41, 0xc9, 0x8b, 0xd9, 0x12, 0xd9, 0xee, 0x08
	.byte 0xf1, 0x52, 0xc1, 0x51, 0xc9, 0x8b, 0xd9, 0x12
	.byte 0x40, 0x05, 0x40, 0x00, 0x00, 0xda, 0xab, 0x1d
	.byte 0x30, 0xca, 0xfc, 0x0e, 0xc1, 0x54, 0xc1, 0x3c
	.byte 0xf3, 0xc1, 0x54, 0xc1, 0x3c, 0xfc, 0x40, 0xc0
	.byte 0x40, 0x00, 0x00, 0xd9, 0xa8, 0xda, 0xa9, 0x1d
	.byte 0x30, 0xca, 0xfc, 0x30, 0x4d, 0x00, 0x1d, 0xfc
	.byte 0x71, 0xfc, 0x40, 0xc1, 0x40, 0x00, 0x00, 0xd9
	.byte 0xa8, 0xda, 0xa9, 0x1d, 0x30, 0xca, 0xfc, 0x30
	.byte 0x4e, 0x00, 0x1d, 0xfc, 0x71, 0xfc, 0x30
MidiSysEx_ApplyChannel:
	.byte 0x7f, 0x00, 0x68, 0xa2, 0xc1, 0xe4, 0xbf, 0x23
	.byte 0xc1, 0xe1, 0xbf, 0x25, 0xcb, 0xcf, 0x48, 0x76
	.byte 0xed, 0x01, 0xc1, 0xe3, 0xbf, 0x21, 0xcb, 0xcf
	.byte 0x70, 0x76, 0x2b, 0x01, 0xcb, 0xcf, 0x98, 0xb0
	.byte 0xfe, 0xcd, 0xcf, 0x0b, 0xb0, 0xfe, 0xc9, 0x8b
	.byte 0xc9, 0xcc, 0xc0
MidiSysEx_BuildAndSend_Exit:
	.byte 0xb0, 0xf6, 0xf1, 0x54, 0xc1
MIDI_BroadcastControlChange:
	.byte 0xc8, 0x66, 0x24, 0xcb, 0x33, 0x07, 0x66, 0x0a
	.byte 0xf1, 0xe2, 0xbf, 0xcf, 0x6e, 0x04, 0xf1, 0x54
	.byte 0xc1, 0xb0, 0xf1, 0xe3, 0xbf, 0xce
MIDI_BroadcastCC_MidiOutLoop:
	.byte 0x76, 0xe3, 0x00, 0xf1, 0xe2, 0xbf, 0xce, 0x76
	.byte 0xdc, 0x00, 0xf1, 0x54, 0xc1, 0xb0, 0x78, 0xd1
	.byte 0x00, 0xf1, 0x54, 0xc1, 0xca, 0x66, 0x3c, 0xcb
	.byte 0x33, 0x07, 0x66, 0x11, 0xf1, 0xe2, 0xbf, 0xcf
	.byte 0x6e, 0x0b, 0xf1, 0x54, 0xc1, 0xb2, 0x30, 0x4d
	.byte 0x00, 0x1d
MIDI_BroadcastCC_CommLoop:
	.byte 0xfc, 0x71, 0xfc, 0xf1, 0xe3, 0xbf, 0xce, 0x76
	.byte 0xb2, 0x00, 0xf1, 0xe2, 0xbf, 0xce, 0x76, 0xab
	.byte 0x00, 0xf1, 0x54, 0xc1, 0xb2, 0x30, 0x4d, 0x00
	.byte 0x1d, 0xfc, 0x71, 0xfc, 0xf1, 0x54, 0xc1, 0xb9
	.byte 0x30, 0x7f, 0x00, 0x1e, 0x10, 0xff, 0x78
CompIface_SendActiveSensing:
	.byte 0x93, 0x00, 0xf1, 0x54, 0xc1, 0xc9, 0x66, 0x25
	.byte 0xcb, 0x33, 0x07, 0x66, 0x0e, 0xf1, 0xe2, 0xbf
	.byte 0xcf, 0x66, 0x08, 0xf1
CompIface_SendActiveSensing_PC1MAC:
	.byte 0x54, 0xc1, 0xb8, 0xf1, 0x54, 0xc1, 0xb1, 0xf1
	.byte 0xe3, 0xbf, 0xce, 0x66, 0x74, 0xf1, 0xe2, 0xbf
	.byte 0xce, 0x6e
CompIface_SendActiveSensing_PC2:
	.byte 0x6e, 0xf1, 0x54, 0xc1, 0xb1, 0x68, 0x68, 0xf1
	.byte 0x54, 0xc1, 0xcb, 0x66, 0x33, 0xcb, 0x33, 0x07
	.byte 0x66, 0x15
MidiOut_RealtimeDispatch_Data:
	.incbin "includes/generated/v7_transplant_MidiOut_RealtimeDispatch_Data.bin"
MidiOut_SerializeAndSend:
	.byte 0xc1, 0xb3, 0x30, 0x4e, 0x00, 0x1d, 0xfc, 0x71
	.byte 0xfc, 0x68, 0x2f
MidiOut_SerializeRealtimeLoop:
	.byte 0xcb, 0x33, 0x07, 0x66, 0x1a, 0xf1, 0xe2, 0xbf
	.byte 0xcf, 0x66, 0x14, 0xf1, 0x54, 0xc1, 0xba, 0x30
	.byte 0x4d, 0x00, 0xd9, 0xa9, 0xda, 0xa8, 0x1d, 0xb7
	.byte 0x71, 0xfc, 0xd8, 0xa8, 0x1e, 0x8a, 0xfe, 0xf1
	.byte 0xe3, 0xbf, 0xce, 0x66, 0x0a, 0xf1, 0xe2, 0xbf
	.byte 0xce, 0x66, 0x04, 0xf1, 0x54, 0xc1, 0xb9, 0xc1
	.byte 0x54, 0xc1, 0x21, 0xc9, 0xcc
MidiOut_CheckStart:
	.byte 0x03, 0x6e, 0x06, 0x30, 0x7f, 0x00, 0x1e, 0x6b
	.byte 0xfe, 0xf1, 0x54, 0xc1, 0xca, 0xb0, 0xf6, 0xd8
	.byte 0xa8, 0x1e, 0x60, 0xfe, 0x0e, 0xc9, 0x8b, 0xc9
	.byte 0xcc, 0xff, 0xcd, 0xdf, 0x66, 0x52, 0xcd, 0xde
	.byte 0x66
MidiOut_CheckContinue:
	.byte 0x25, 0xcd, 0xdd, 0xb0, 0xfe, 0xc9, 0xd8, 0xb0
	.byte 0xf6, 0x40, 0x00, 0x2a, 0x00, 0x00, 0x1d, 0x66
	.byte 0xcc, 0xfc, 0xf1, 0x56, 0xc1, 0x47, 0xdb, 0x12
	.byte 0xd1, 0x5a, 0xc1, 0x21, 0xdb
MidiOut_CheckStop:
	.byte 0x88, 0x1e, 0x0b, 0xfe, 0xf1, 0x5c, 0xc1, 0x53
	.byte 0x0e, 0xc9, 0xd8, 0xb0, 0xf6, 0x40, 0x01, 0x2a
	.byte 0x00, 0x00, 0x1d, 0x66, 0xcc, 0xfc, 0xf1, 0x58
	.byte 0xc1, 0x47, 0xdb, 0x12, 0xd1, 0x5a, 0xc1
MidiOut_ReadSysExByte:
	.byte 0x21, 0xdb, 0x88, 0x1e, 0xea, 0xfd, 0xf1, 0x5e
	.byte 0xc1, 0x53, 0xd1, 0x5a, 0xc1, 0x21, 0xd8, 0xa9
	.byte 0x78, 0x97, 0x00, 0xcb, 0x33, 0x00, 0x66, 0x19
	.byte 0x40, 0x10, 0x2a, 0x00, 0x00, 0x1d
MidiOut_FlushBuffer:
	.byte 0x66, 0xcc, 0xfc, 0xdb, 0xcc, 0x01, 0x00, 0xdb
	.byte 0xec, 0x04, 0xc1, 0x54, 0xc1, 0x3c, 0xef, 0xd1
	.byte 0x54, 0xc1, 0xeb
MidiOut_SerializeAndSend_Exit:
	.byte 0xf1, 0xe3
MidiThru_Disable:
	.byte 0xbf, 0xc9, 0x66, 0x19, 0x40
MidiThru_Enable:
	.byte 0x11, 0x2a, 0x00, 0x00, 0x1d
GET_COMPUTER_INTERFACE_SELECTION:
	.byte 0x66, 0xcc, 0xfc, 0xdb, 0xcc
CompIface_ProcessInput:
	.byte 0x01, 0x00, 0xdb, 0xec, 0x05, 0xc1, 0x54, 0xc1
	.byte 0x3c, 0xdf, 0xd1, 0x54, 0xc1, 0xeb, 0xf1, 0xe3
	.byte 0xbf, 0xca, 0xb0, 0xf6, 0x40, 0x12, 0x2a, 0x00
	.byte 0x00, 0x1d, 0x66, 0xcc, 0xfc, 0xdb, 0xcc, 0x01
	.byte 0x00, 0xdb, 0xec, 0x06, 0xc1, 0x54, 0xc1, 0x3c
	.byte 0xbf
CompIface_CheckUpDown:
	.byte 0xd1, 0x54, 0xc1, 0xeb, 0x0e, 0xcd, 0xcf, 0x09
	.byte 0x66, 0x05, 0xcd, 0xcf, 0x08, 0xb0, 0xfe, 0xe8
CompIface_RampDown:
	.byte 0xac, 0x1d, 0x66, 0xcc, 0xfc, 0xf1, 0x5a, 0xc1
	.byte 0x53, 0xc1, 0x56, 0xc1, 0x21, 0xd8, 0x12, 0xdb
	.byte 0x89, 0x1e
CompIface_RampDown_Start:
	jr	lt, -3
	stda16	(49500), hl
CompIface_FilterBySource:
	.byte 0xc1, 0x58, 0xc1, 0x21, 0xd8, 0x12, 0xd1, 0x5a
	.byte 0xc1, 0x21, 0x1e, 0x50, 0xfd, 0xf1, 0x5e, 0xc1
	.byte 0x53, 0xd1
CompIface_FromSource2:
	pop	xde
	subdm8	(55329), a
	calr	64807
	stda16	(49504), hl
	ret
	extz	xwa
	ld	xbc, 15623020
	add	xbc, xwa
	ld	a, (xbc)
	jp	16553513
CompIface_Source2_ZeroCheck:
	.byte 0xea, 0x8c, 0xe8, 0x8a, 0x8c, 0x04, 0x20, 0xc8
CompIface_SetPedalBit:
	.byte 0x89, 0xc9, 0xcc, 0xf0
CompIface_CallFilterA:
	.byte 0xc7, 0xf4, 0x99, 0xdd
CompIface_CallSync:
	ccf
	and	w, 15
CompIface_PostProcess:
	.byte 0xc8, 0x89, 0xd8, 0x12, 0xd8, 0xda, 0x6e, 0x06
	.byte 0x8c, 0x05, 0x27, 0xcf, 0xcc, 0x1f, 0xb2, 0x55
	.byte 0xb1, 0x50, 0x0e, 0x8a, 0x04, 0x27, 0xcf, 0x8d
	.byte 0xcd, 0xcc, 0xf0, 0xc7, 0xf0, 0x9d, 0xdc, 0x12
	.byte 0xcf, 0xcc, 0x0f, 0xdb, 0x12, 0xb0, 0x54, 0xb1
	.byte 0x53, 0x0e, 0xbf, 0xf6, 0x37, 0x3e, 0xbf, 0x0c
	.byte 0x52
CompIface_RampControl:
	.byte 0xe9, 0x8a, 0xe8, 0x8e, 0xaf, 0x16, 0x20, 0x90
	.byte 0x20, 0xbf, 0x04, 0x50, 0x8a, 0x02, 0x21, 0xc7
	.byte 0xe6, 0x99, 0xbf, 0x0a, 0x30, 0x9f, 0x0c, 0x21
	.byte 0xd9, 0x8b, 0xdb, 0xef, 0x08, 0xc7, 0xe6, 0xcf
	.byte 0x76, 0x76, 0xa6, 0x00, 0xc7, 0xe6, 0xcf, 0x70
	.byte 0x66, 0x33, 0xcb, 0xcc, 0xff, 0xc7, 0xe6, 0xcf
	.byte 0x67, 0x66, 0x23, 0xc7, 0xe6
CompIface_RampUp_Clamp:
	inc	4, l
	jr	z, 29
	ld	wa, (xsp+12)
	ld	(xiz), a
	ldb	e, 255
	ld	xwa, (xsp+22)
	ld	bc, (xsp+4)
	ld	(xwa), bc
	ld	xwa, (xsp+18)
	ld	(xwa), e
	lds	hl, 0
	pop	xiz
	lda	xsp, (xsp+10)
	retd	8
	ld	(xiz), l
	ld	(xiz+1), c
	jr	-31
	lda	xbc, (xsp+6)
	calr	65407
	ld	wa, (xsp+10)
CompIface_RampDown_Apply:
	.byte 0xbe, 0x01, 0x31, 0xd8, 0xcf, 0x20, 0x00, 0x66
	.byte 0x48, 0xd8, 0xcf, 0x10, 0x00, 0x66, 0x2a, 0x9f
	.byte 0x0c, 0x20, 0xd8, 0xed, 0x02, 0xc9, 0xcc, 0x07
	.byte 0xc9, 0x8d, 0x86, 0x21, 0xc9, 0xcc, 0xf8, 0xcd
	.byte 0x81, 0xb6
CompIface_RampDown_Clamp:
	.byte 0x41, 0x9f, 0x0c, 0x20, 0xd8, 0xec, 0x06, 0xc9
	.byte 0xcc, 0xc0, 0xc9, 0x8d, 0x81, 0x21, 0xc9, 0xcc
	.byte 0x3f, 0xcd, 0x81, 0xb1, 0x41, 0x68, 0x65, 0x9f
	.byte 0x0c, 0x20, 0xd8, 0xec, 0x03, 0xc9, 0xcc, 0xf8
	.byte 0xc9, 0x8b, 0x86, 0x21, 0xc9, 0xcc, 0x07, 0xcb
	.byte 0x81, 0xb6, 0x41, 0x25, 0xf8, 0x68, 0x89, 0x9f
	.byte 0x0c, 0x20, 0xc9
CompIface_ResetPedal:
	.byte 0xcc, 0x3f, 0xc9, 0x8d, 0x81, 0x21, 0xc9, 0xcc
	.byte 0xc0, 0xcd, 0x81, 0xb1, 0x41, 0x68, 0x5e, 0xbf
	.byte 0x08, 0x31, 0x1e, 0xeb, 0xfe, 0x9f
CompIface_SetMax:
	.byte 0x0a, 0x20, 0xd8, 0xcf, 0x10, 0x00, 0x66, 0x30
	.byte 0x9f, 0x0c, 0x20, 0xd8, 0xed, 0x02, 0xc9, 0xcc
	.byte 0x07, 0xc9, 0x8b, 0x86, 0x21, 0xc9, 0xcc
CompIface_ScaleValue:
	swi	0
	add	a, c
	ld	(xiz), a
	ld	wa, (xsp+12)
	sla	wa, 6
	and	a, 192
	ld	e, a
	lda	xbc, (xiz+1)
	ld	a, (xbc)
	and	a, 63
	add	a, e
	ld	(xbc), a
CompIface_ScaleAndNormalize:
	.byte 0x25, 0x07, 0x78, 0x37, 0xff, 0x9f, 0x0c, 0x20
	.byte 0xc9, 0xcc, 0x3f, 0xc9, 0x8b, 0x9f, 0x08, 0x3f
	.byte 0x02, 0x00, 0x6e, 0x04, 0xb6, 0x43, 0x68, 0x0f
	.byte 0xbe, 0x01, 0x32, 0x82, 0x21, 0xc9, 0xcc, 0xc0
	.byte 0xcb, 0x81, 0xb2, 0x41, 0x9f, 0x04, 0x61
CompIface_WriteVolume:
	ldb	e, 63
	jrl	-240
	ld	e, (xwa+1)
	and	e, 255
	extz	de
	ld	c, (xwa)
	extz	bc
	sll	bc, 8
	ld	hl, bc
	ldb	l, 0
	add	hl, de
	ld	bc, hl
	srl	bc, 8
	cp	bc, 240
	jr	z, 4
	extz	xhl
Audio_ConfigureDSP:
	.byte 0xeb, 0x80, 0xe8, 0x8b, 0x0e, 0xbf, 0xf4, 0x37
	.byte 0x3e, 0xbf, 0x0c, 0x62, 0xe9, 0x8a, 0xe8, 0x89
	.byte 0xd7, 0xfa, 0xa8, 0x89, 0x01, 0x27, 0xdb, 0x12
	.byte 0x81, 0x21, 0xd8, 0x12, 0xd8, 0x8e, 0xde, 0xee
	.byte 0x08, 0xdb, 0x86, 0xaf, 0x14, 0x20, 0x90, 0x20
	.byte 0xbf, 0x04, 0x50, 0x8a, 0x02, 0x21, 0xc7, 0xee
	.byte 0x99, 0xbf, 0x0a, 0x30, 0xc7, 0xee, 0xcf
DSPCfg_ProcessInput:
	.byte 0x76, 0x66, 0x7d, 0xde, 0x8b, 0xc7, 0xee, 0xcf
	.byte 0x70, 0x66, 0x3c, 0xc7, 0xee, 0xcf, 0x68, 0x66
	.byte 0x2c, 0xc7, 0xee, 0xcf, 0x67, 0x66, 0x24, 0xc7
	.byte 0xee, 0xcf, 0x64, 0x66, 0x1e, 0x81, 0x27, 0xdb
	.byte 0x13, 0xd7, 0xfa, 0xa9, 0xaf, 0x0c, 0x20, 0xd7
	.byte 0xfa, 0x89, 0xb0, 0x51, 0xaf, 0x14, 0x20, 0x9f
	.byte 0x04, 0x21, 0xb0, 0x51, 0x5e, 0xbf, 0x0c, 0x37
	.byte 0x0f, 0x04, 0x00, 0x68, 0x3e, 0x81
DSPCfg_Reverb_CheckSustain:
	.byte 0x27, 0xdb, 0x13, 0xdb, 0xcc, 0xff, 0x00, 0x68
	.byte 0xda, 0xbf, 0x06, 0x31, 0x1e, 0x0c, 0xfe, 0x9f
	.byte 0x0a, 0x20, 0xd8, 0xcf, 0x20
DSPCfg_Chorus_Active:
	.byte 0x00, 0x66, 0x1f, 0xd8, 0xcf, 0x10, 0x00, 0x66
	.byte 0x14, 0xde, 0x88, 0xd8, 0xef, 0x06, 0xd8, 0xcc
	.byte 0x1f, 0x00, 0xd8, 0x8b, 0x9f, 0x06, 0x3f, 0x01
	.byte 0x00, 0x6e, 0xb6, 0x68
DSPCfg_Chorus_CheckSustain:
	.byte 0x0b, 0x30, 0x0b, 0x00, 0x68, 0x1c, 0xde, 0x8b
	.byte 0xdb, 0xcc, 0x3f, 0x00, 0xd7, 0xfa, 0xaa, 0x68
	.byte 0xa4, 0xbf, 0x08, 0x31, 0x1e, 0xac, 0xfd, 0x9f
	.byte 0x0a, 0x20, 0xd8, 0xcf, 0x10, 0x00, 0x66, 0x13
	.byte 0xd8, 0xae, 0xde, 0x89, 0xc9, 0xcc
DSPCfg_FadeOut_Active:
	.byte 0x0f, 0x66, 0x02, 0xd9, 0xff, 0xd9, 0xcc, 0x1f
	.byte 0x00, 0xd9, 0x8b, 0x68, 0x82, 0x9f, 0x08, 0x3f
	.byte 0x02, 0x00, 0x6e, 0xcc, 0xde, 0x88, 0xd8, 0xef
	.byte 0x08
DSPCfg_FadeOut_CheckSustain:
	and	wa, 63
	ld	hl, wa
	jrl	-150
	lda	xsp, (xsp-14)
	push	xiz
	ld	(xsp+12), de
	ld	xiz, xbc
DSPCfg_EQ_Active:
	.byte 0xbf, 0x0e, 0x60, 0xbf, 0x0a, 0x02, 0x00, 0x00
	.byte 0xbf, 0x08, 0x02, 0x00, 0x00, 0xbf, 0x04, 0x02
	.byte 0x00, 0x00, 0x9f, 0x0c, 0x3f, 0x00, 0x00, 0x63
	.byte 0x3c, 0x9f, 0x0a, 0x20, 0x9f, 0x08, 0x88, 0xbf
DSPCfg_EQ_CheckSustain:
	.byte 0x0a, 0x32, 0xbf, 0x08, 0x30, 0x38, 0xaf, 0x12
	.byte 0x20, 0xee, 0x89, 0x1e, 0xe0, 0xfe, 0xd9, 0xa8
	.byte 0x9f, 0x0a, 0x3f, 0x00, 0x00, 0x63, 0x0c, 0xe8
	.byte 0xa9
DSPCfg_Idle_EnableChorus:
	.byte 0xaf, 0x0e, 0x88, 0xd9, 0x61, 0x9f, 0x0a, 0xf1
	.byte 0x67, 0xf4, 0xee, 0x88, 0x1e, 0x9f, 0xfe, 0xeb
	.byte 0x8e, 0x9f, 0x04, 0x61, 0x9f, 0x04, 0x20, 0x9f
	.byte 0x0c, 0xf0, 0x67, 0xc4, 0x9f, 0x0a, 0x20
DSPCfg_Idle_CheckSustain:
	.byte 0x9f, 0x08, 0x88, 0xbf, 0x08, 0x30, 0x38, 0xbf
	.byte 0x0a, 0x30, 0x38, 0xaf
DSPCfg_SetFadeBit:
	.byte 0x16, 0x20, 0xee, 0x89
DSPCfg_UpdateOutputVolume:
	.byte 0x9f, 0x26, 0x22, 0x1e, 0x42, 0xfd, 0xaf, 0x1a
	.byte 0x21, 0x9f, 0x08, 0x20, 0xb1, 0x41, 0xaf
DSPCfg_CheckChorusMuted:
	.byte 0x16, 0x21, 0x8f, 0x06, 0x21, 0xb1, 0x41, 0x5e
	.byte 0xbf, 0x0e, 0x37, 0x0f
DSPCfg_CompressorDispatch:
	.byte 0x0a, 0x00, 0xbf, 0xf4, 0x37, 0x3e, 0xbf, 0x0a
	.byte 0x52, 0xbf, 0x0c, 0x61, 0xe8, 0x8e, 0xbf, 0x08
	.byte 0x02, 0x00, 0x00, 0xbf, 0x06, 0x02, 0x00, 0x00
	.byte 0xbf, 0x04, 0x02, 0x00, 0x00, 0x9f, 0x0a, 0x3f
	.byte 0x00, 0x00, 0x63, 0x3b, 0x9f, 0x08, 0x20, 0x9f
	.byte 0x06, 0x88, 0xbf, 0x08, 0x32, 0xbf, 0x06, 0x30
	.byte 0x38, 0xee
DSPCfg_CompParam_SubType6:
	.byte 0x88, 0xaf, 0x10, 0x21, 0x1e, 0x52, 0xfe, 0xd8
	.byte 0xa8, 0x9f, 0x08, 0x3f, 0x00, 0x00, 0x63, 0x09
	.byte 0xee, 0x61, 0xd8, 0x61, 0x9f, 0x08, 0xf0, 0x67
	.byte 0xf7, 0xaf, 0x0c, 0x20, 0x1e, 0x13, 0xfe, 0xbf
	.byte 0x0c, 0x63, 0x9f, 0x04, 0x61, 0x9f, 0x04, 0x20
	.byte 0x9f
DSPCfg_CompParam_SubType7:
	ldwio	240, 50535
	ld	wa, (xsp+8)
	add	(xsp+6), wa
	lda	xde, (xsp+8)
	lda	xwa, (xsp+6)
	push	xwa
	ld	xwa, xiz
	ld	xbc, (xsp+16)
	calr	65047
	pop	xiz
	lda	xsp, (xsp+12)
	ret
DSPCfg_CompParam_Bit1:
	.byte 0x80, 0x27, 0xdb, 0x12, 0x0e, 0xef, 0x6a, 0x3e
	.byte 0xe9, 0x8e, 0xbf, 0x04, 0x50, 0xee, 0x88, 0x1e
	.byte 0xee, 0xff, 0xeb, 0x13, 0xeb, 0xee, 0x02, 0x41
	.byte 0xf6, 0x75, 0xee, 0x00, 0xeb, 0x81, 0xa1
DSPCfg_CompParam_Bit2:
	.byte 0x21, 0xbe, 0x01, 0x30, 0x9f, 0x04, 0x22, 0x1e
	.byte 0x60, 0xff, 0x5e, 0xef, 0x62, 0x0e, 0xb1, 0x41
	.byte 0xdb, 0xa8, 0x0e, 0xef, 0x6c, 0x3e, 0xea, 0x8e
	.byte 0xbf, 0x04, 0x51, 0xbf, 0x06, 0x50, 0xee, 0x88
DSPCfg_ScaleFactor_Dispatch:
	.byte 0x1e, 0xbe, 0xff, 0xeb, 0x13, 0xeb, 0xee, 0x02
	.byte 0x41, 0xf6
DSPCfg_ScaleFactor_Update:
	.byte 0x75, 0xee, 0x00, 0xeb, 0x81, 0xa1, 0x21, 0xbe
	.byte 0x01, 0x30, 0x9f, 0x04, 0x04, 0xaf, 0x12, 0x22
	.byte 0x3a, 0xaf, 0x12, 0x22, 0x3a, 0x9f, 0x10, 0x22
	.byte 0x1e, 0x97, 0xfe, 0x5e, 0xef, 0x64, 0x0f, 0x08
	.byte 0x00, 0x2e, 0xe9, 0x8b, 0x88, 0x01, 0x23, 0xcb
	.byte 0xcc, 0xff, 0xc7, 0xf4, 0x9b, 0xdd, 0x12, 0x80
DSPCfg_ScaleFactor_StoreResult:
	ldb	c, 217
	zcf
	ld	ix, bc
	sla	ix, 8
DSPCfg_LookupMidiMap:
	or	ix, iy
	lda	xiy, (xwa+2)
	ld	c, (xiy+1)
	and	c, 255
	extz	bc
	ld	a, (xiy)
DSPCfg_ExtractFieldPair:
	.byte 0xd8, 0x13, 0xd8, 0x8e, 0xde, 0xec, 0x08, 0xd9
	.byte 0xe6, 0xbd, 0x02, 0x31, 0xe9, 0x88, 0xe8, 0x61
	.byte 0x81, 0x23, 0xc7, 0xf4, 0x9b, 0x80, 0x23, 0xd9
	.byte 0x13, 0xb3, 0x54, 0xb2, 0x56, 0xaf, 0x0a, 0x20
	.byte 0xb0, 0x51
DSPCfg_ExtractAdjustType2:
	.byte 0xaf, 0x06, 0x21, 0xc7, 0xf4
DSPCfg_ExtractFieldSingle:
	.byte 0x89, 0xb1, 0x41, 0x4e, 0x0f, 0x08, 0x00, 0xef
	.byte 0x68, 0xe9, 0x12, 0xe9, 0xee, 0x02, 0x42, 0x44
	.byte 0x60, 0xee, 0x00, 0xe9, 0x82, 0xd8, 0x08
DSPCfg_WriteParam:
	.byte 0x06, 0x00, 0xa2, 0x80, 0xbf, 0x06, 0x31, 0xbf
	.byte 0x04, 0x32, 0xbf, 0x02, 0x33, 0x3b, 0xbf, 0x04
	.byte 0x33, 0x3b, 0x1e, 0x87, 0xff, 0x9f, 0x02, 0x23
	.byte 0xef, 0x60, 0x0e, 0xe8, 0x12, 0x41, 0x64, 0x63
	.byte 0xee, 0x00, 0xe8, 0x81, 0x81, 0x27, 0xdb, 0x12
	.byte 0x0e, 0xe8, 0x12, 0x41, 0xe0, 0x5f, 0xee, 0x00
	.byte 0xe8, 0x81, 0x81, 0x27, 0xdb, 0x12, 0x0e, 0xe8
	.byte 0x12, 0x41, 0x68, 0x63, 0xee, 0x00, 0xe8, 0x81
	.byte 0x81, 0x27, 0xdb, 0x12, 0x0e
DSPCfg_WriteParam_SetMask:
	dec	2, xsp
DSPCfg_WriteParam_Exit:
	.byte 0x3e, 0xd8, 0x8e, 0xbf, 0x04, 0x02, 0xff, 0xff
	.byte 0xde, 0x88, 0x1e, 0xd5, 0xff, 0xd7, 0xfa, 0x9b
	.byte 0xde, 0x88, 0xe8, 0x13, 0xe8, 0xee
DSPCfg_WriteParam_Type64_67:
	.byte 0x02, 0x41, 0xf6, 0x75, 0xee, 0x00, 0xe8
DSPCfg_WriteParam_Type70:
	.byte 0x81, 0xa1, 0x20, 0xde, 0xa8, 0xd7, 0xfa, 0xd8
	.byte 0x62, 0x15, 0x88, 0x02, 0x3f, 0x63, 0x6e, 0x03
	.byte 0xbf, 0x04, 0x56, 0x1e, 0xa3, 0xfc, 0xeb, 0x88
	.byte 0xde, 0x61, 0xd7, 0xfa, 0xf6, 0x61, 0xeb, 0x9f
	.byte 0x04, 0x23, 0x5e, 0xef, 0x62, 0x0e, 0xef, 0x68
	.byte 0x3e, 0xd8, 0x8e, 0xe9, 0x88, 0x1e, 0x9e, 0xfe
	.byte 0xdb, 0xec, 0x02, 0xf2, 0x44, 0x60, 0xee, 0x31
	.byte 0xde, 0x08, 0x06, 0x00, 0xee, 0x88, 0xe3, 0x07
	.byte 0xe4, 0xec
DSPCfg_WriteParam_Type70_Sub10:
	.byte 0x80, 0xbf, 0x0a, 0x31, 0xbf, 0x08, 0x32, 0xbf
	.byte 0x04, 0x33, 0x3b, 0xbf, 0x0a, 0x33, 0x3b, 0x1e
	.byte 0xe4, 0xfe, 0x33, 0xff, 0xff, 0x8f, 0x06, 0x3f
DSPCfg_WriteParam_Type70_Sub20:
	.byte 0x01, 0x6e, 0x02, 0xdb, 0xa8, 0x5e, 0xef, 0x60
	.byte 0x0e, 0xd8, 0xdc, 0x69, 0x08, 0xd8, 0xd8, 0x61
	.byte 0x04, 0xdb, 0xa8
DSPCfg_WriteParam_Type76:
	.byte 0x68, 0x03, 0x33, 0xff, 0xff, 0x0e, 0xbf, 0xf6
	.byte 0x37, 0x3e, 0xbf, 0x06, 0x62, 0xbf, 0x0a, 0x61
	.byte 0xe8, 0x8e, 0xbf, 0x04, 0x02, 0x00, 0x00, 0xaf
	.byte 0x16, 0x20, 0x1e, 0x44, 0xfe, 0xee, 0x88, 0xee
	.byte 0xcf, 0x47, 0x49, 0x00, 0x00, 0x6b, 0x64, 0xee
	.byte 0xcf, 0x40, 0x49, 0x00, 0x00, 0x6f, 0x45, 0xee
	.byte 0xcf, 0x27, 0x49, 0x00, 0x00, 0x6b, 0x54, 0xee
	.byte 0xcf, 0x10
DSPCfg_WriteParam_SetMask7:
	popw	bc
	nop
	nop
	jr	nc, 39
DSPCfg_WriteParam_Type76_Sub10:
	.byte 0xe8, 0xca, 0x00, 0x49, 0x00, 0x00, 0xe8, 0xcf
	.byte 0x00, 0x00, 0x00, 0x00, 0x67, 0x3e, 0xe8, 0xcf
	.byte 0x07, 0x00, 0x00
DSPCfg_WriteParam_Type76_NotType2:
	.byte 0x00, 0x6b, 0x36, 0xe8, 0xc8, 0x72, 0x63, 0xee
	.byte 0x00, 0x80, 0x23, 0xd9
DSPCfg_WriteParam_IncCounter:
	.byte 0x13, 0xaf, 0x06
DSPCfg_WriteParam_SetMask3F:
	.byte 0x20, 0xb0, 0x51, 0x68, 0x38
DSPCfg_PackAddress:
	.byte 0xaf, 0x06, 0x20, 0xb0, 0x02, 0x01, 0x00, 0x40
	.byte 0x10, 0x49, 0x00, 0x00, 0x68, 0x0c, 0xaf, 0x06
	.byte 0x20, 0xb0, 0x02, 0x04, 0x00, 0x40, 0x40, 0x49
	.byte 0x00, 0x00, 0xee, 0x89, 0xe8, 0xa1, 0xaf, 0x0a
	.byte 0x20, 0xb0, 0x51, 0x68
DSPCfg_PackAddress_ReturnInput:
	.byte 0x13, 0xaf, 0x06
DSPCfg_ReadField:
	.byte 0x20, 0xb0, 0x02, 0xff, 0xff, 0xaf, 0x0a, 0x20
	.byte 0xb0, 0x02, 0xff, 0xff, 0xbf, 0x04, 0x02, 0xff
	.byte 0xff, 0xaf, 0x12, 0x20, 0xb0, 0x53, 0x9f, 0x04
	.byte 0x23, 0x5e, 0xbf, 0x0a, 0x37, 0x0f, 0x08, 0x00
	.byte 0xbf, 0xf2, 0x37, 0x3e, 0xbf, 0x0a, 0x62, 0xbf
	.byte 0x0e, 0x61, 0xe8, 0x8e, 0xee, 0xcf, 0x00, 0x4f
	.byte 0x00, 0x00, 0x6b, 0x08, 0xee, 0xcf, 0x00, 0x49
	.byte 0x00, 0x00, 0x6f, 0x06, 0x33, 0xff, 0xff, 0x78
	.byte 0x03, 0x01, 0xee, 0xcf, 0x00, 0x4a, 0x00, 0x00
	.byte 0x6f, 0x20, 0xbf, 0x08, 0x02, 0x00, 0x00, 0xd8
	.byte 0xa8, 0x1e, 0xe7
DSPCfg_ReadField_SetWidth1:
	.byte 0xf9, 0xbf, 0x04
DSPCfg_ReadField_StoreAndReturn:
	.byte 0x63, 0xaf, 0x04, 0x20, 0x38, 0xaf, 0x1a, 0x20
	.byte 0x38, 0xee, 0x88, 0xaf, 0x26, 0x21, 0xaf, 0x22
	.byte 0x22, 0x78, 0xd8, 0x00, 0xee, 0xcf, 0x00
DSPCfg_ReadField_GoWidth2:
	popw	hl
	nop
DSPCfg_ReadField_Type68_Unsigned:
	.byte 0x00, 0x6f, 0x26, 0xbf, 0x08, 0x02, 0x01, 0x00
	.byte 0xd8, 0xa9
DSPCfg_ReadField_Type70:
	.byte 0x1e, 0xbf, 0xf9, 0xbf, 0x04, 0x63, 0xee, 0x88
	.byte 0xe8, 0xca, 0x00, 0x02, 0x00, 0x00, 0xaf, 0x04
	.byte 0x21, 0x39, 0xaf, 0x1a, 0x21, 0x39, 0xaf, 0x26
	.byte 0x21, 0xaf, 0x22, 0x22, 0x78, 0xaa, 0x00, 0xee
	.byte 0xcf, 0x00, 0x4c, 0x00, 0x00, 0x6f, 0x25, 0xbf
	.byte 0x08
DSPCfg_ReadField_Type70_Width16:
	.byte 0x02, 0x01, 0x00, 0xd8, 0xa9
DSPCfg_ReadField_Type70_Width32:
	calr	63889
	ld	(xsp+4), xhl
DSPCfg_ReadField_SetWidth2:
	.byte 0xee, 0x88, 0xe8, 0xca, 0x00
DSPCfg_ReadField_Type76:
	push	sr
	nop
	nop
	ld	xbc, (xsp+4)
	push	xbc
	ld	xbc, (xsp+26)
	push	xbc
	ld	xbc, (xsp+38)
	ld	xde, (xsp+34)
DSPCfg_ReadField_Type76_ShiftAndMask:
	.byte 0x68, 0x7d, 0xee, 0xcf, 0x00, 0x4d, 0x00, 0x00
	.byte 0x6f
DSPCfg_ReadField_Type76_Mask5Bits:
	ldb	e, 191
	ldio	2, 4
	nop
	lds	wa, 4
DSPCfg_ReadField_Type76_Width16:
	calr	63844
	ld	(xsp+4), xhl
	ld	xwa, xiz
	sub	xwa, 768
	ld	xbc, (xsp+4)
	push	xbc
	ld	xbc, (xsp+26)
DSPCfg_WriteMultiField:
	.byte 0x39, 0xaf, 0x26, 0x21, 0xaf, 0x22, 0x22, 0x68
	.byte 0x50, 0xee, 0xcf, 0x00, 0x4e, 0x00, 0x00, 0x6f
	.byte 0x25, 0xbf, 0x08, 0x02, 0x02, 0x00, 0xd8, 0xaa
	.byte 0x1e, 0x37, 0xf9, 0xbf, 0x04, 0x63, 0xee, 0x88
	.byte 0xe8, 0xca
DSPCfg_WriteMultiField_Loop:
	.byte 0x00, 0x04, 0x00, 0x00, 0xaf, 0x04, 0x21, 0x39
	.byte 0xaf, 0x1a, 0x21, 0x39, 0xaf, 0x26, 0x21, 0xaf
	.byte 0x22, 0x22, 0x68, 0x23, 0xbf, 0x08, 0x02, 0x03
	.byte 0x00, 0xd8, 0xab, 0x1e, 0x12, 0xf9
DSPCfg_WriteMultiField_AccumXWA:
	.byte 0xbf, 0x04, 0x63, 0xee, 0x88, 0xe8, 0xca, 0x00
	.byte 0x05, 0x00, 0x00, 0xaf
DSPCfg_WriteMultiField_AdvanceAddr:
	.byte 0x04, 0x21, 0x39, 0xaf, 0x1a, 0x21, 0x39, 0xaf
	.byte 0x26, 0x21, 0xaf, 0x22, 0x22, 0x1e, 0x34, 0xfe
	.byte 0xaf, 0x0e
DSPCfg_WriteMultiField_Final:
	.byte 0x20, 0xaf, 0x04, 0x21, 0xb0, 0x61, 0xaf, 0x0a
	.byte 0x20, 0x9f, 0x08, 0x21, 0xb0, 0x51, 0x5e, 0xbf
	.byte 0x0e, 0x37, 0x0f, 0x0c, 0x00, 0xbf, 0xf4, 0x37
	.byte 0xbf, 0x04, 0x32, 0xbf, 0x02, 0x31, 0x39, 0xbf
	.byte 0x04, 0x31, 0x39, 0xbf, 0x0e, 0x31, 0x39, 0xbf
	.byte 0x14, 0x31, 0x1e, 0xac, 0xfe, 0xdb, 0xd8, 0x6e
DSPCfg_ReadMultiField:
	.byte 0x09, 0x9f, 0x02, 0x20, 0x9f, 0x06, 0x21, 0x1e
	.byte 0x11, 0xfd, 0xbf, 0x0c, 0x37, 0x0e, 0xbf, 0xee
	.byte 0x37, 0x2e, 0xd9, 0x8e, 0xbf, 0x10, 0x60, 0xbf
	.byte 0x08, 0x32, 0xbf, 0x06, 0x30, 0x38, 0xbf, 0x08
	.byte 0x30, 0x38
DSPCfg_ReadMultiField_Loop:
	.byte 0xbf, 0x12, 0x30, 0x38, 0xbf, 0x18, 0x31, 0xaf
	.byte 0x1c, 0x20, 0x1e, 0x7a, 0xfe, 0xbf, 0x02, 0x53
	.byte 0xde, 0xd8, 0x66, 0x42, 0x9f, 0x0a, 0x20, 0xe8
	.byte 0x12, 0xe8, 0xee, 0x02, 0x41, 0xd4
DSPCfg_ReadMultiField_AdvancePtr:
	.byte 0x61, 0xee, 0x00, 0xe8, 0x81, 0xa1, 0x20, 0xbf
	.byte 0x0c
DSPCfg_ReadMultiField_PackAndNext:
	jr	f, -97
	ldio	32, 232
	ccf
	add	xwa, xwa
	ld	xbc, 15623034
	add	xbc, xwa
	ld	bc, (xbc)
	sll	bc, 8
DSPCfg_ReadMultiField_Final:
	.byte 0xe9, 0x12, 0xaf, 0x10, 0x20, 0xe9, 0xa0, 0xbf
	.byte 0x06, 0x31, 0xbf, 0x04, 0x32, 0xaf, 0x0c, 0x23
	.byte 0x3b, 0xbf, 0x0e, 0x33, 0x3b, 0x1e, 0x8d, 0xfd
	.byte 0xbf, 0x02
DSPCfg_GetParamCount:
	.byte 0x53, 0x9f, 0x0a, 0x20, 0x9f
DSPCfg_ReadViaTableLookup:
	push	sr
	push	xsp
	nop
	nop
	jr	nz, 109
	ld	bc, (xsp+4)
	cp	bc, 9
	jr	z, 87
	cp	bc, 8
	jr	z, 70
	cps	bc, 1
	jr	z, 9
	cps	bc, 0
	jr	nz, 81
	ld	(xsp+2), wa
	jr	81
	ld	wa, (xsp+6)
	ld	xbc, (xsp+12)
DSPCfg_StoreByte_ReturnZero:
	.byte 0x1e, 0xbb, 0xfb, 0xbf, 0x02
DSPCfg_WriteViaTableLookup:
	.byte 0x53, 0xaf, 0x10, 0x20, 0xe8, 0xcf, 0x1d, 0x49
	.byte 0x00, 0x00, 0x6e, 0x3a, 0x40, 0x00, 0x49, 0x00
	.byte 0x00, 0x1e, 0x3a, 0x00, 0xdb, 0xcf, 0x35, 0x00
	.byte 0x66, 0x06, 0xdb, 0xcf, 0x0f, 0x00, 0x6e, 0x26
	.byte 0x40, 0x03, 0x40, 0x00, 0x00, 0x1d, 0x66, 0xcc
	.byte 0xfc, 0xbf, 0x02, 0x53, 0x68, 0x18, 0x9f, 0x0a
	.byte 0x20, 0x1e, 0x77, 0xfc, 0xbf, 0x02, 0x53, 0x68
DSPCfg_ExtractPairFromStruct:
	.byte 0x0d, 0x1e, 0x8b, 0xfc, 0xbf, 0x02, 0x53, 0x68
	.byte 0x05, 0xbf, 0x02, 0x02, 0xff, 0xff, 0x9f, 0x02
	.byte 0x23, 0x4e, 0xbf, 0x12, 0x37, 0x0e, 0xd9, 0xa8
	.byte 0x78, 0x12, 0xff, 0xd9, 0xa9, 0x78, 0x0d, 0xff
	.byte 0xbf, 0xf0, 0x37, 0x2e, 0xbf, 0x0c, 0x62, 0xbf
	.byte 0x10, 0x51, 0xd8, 0x8e, 0xaf, 0x0c, 0x20, 0x90
	.byte 0x20, 0xbf, 0x02, 0x50, 0xde, 0x88, 0x1e, 0x3a
	.byte 0xfc, 0x9f, 0x10, 0xfb, 0x6f, 0x52, 0xde, 0x88
	.byte 0xe8, 0x12, 0xe8, 0xee, 0x02, 0x41, 0x44, 0x60
	.byte 0xee, 0x00, 0xe8, 0x81, 0x9f, 0x10, 0x20, 0xd8
	.byte 0x08, 0x06, 0x00, 0xa1
DSPCfg_LookupAndExtract:
	.byte 0x80, 0xbf, 0x0a, 0x31, 0xbf, 0x08, 0x32, 0xbf
	.byte 0x04, 0x33, 0x3b, 0xbf, 0x0a, 0x33, 0x3b, 0x1e
	.byte 0x80, 0xfb, 0x9f, 0x02, 0x20, 0x9f, 0x0a, 0xf0
	.byte 0x69, 0x0b, 0x33, 0xfe, 0xff, 0x9f, 0x0a, 0x20
	.byte 0xbf, 0x02, 0x50, 0x68, 0x1a, 0x9f, 0x02, 0x20
	.byte 0x9f, 0x08, 0xf0
DSPCfg_Data_001:
	.byte 0x62, 0x0b, 0x33, 0xfd, 0xff, 0x9f, 0x08, 0x20
	.byte 0xbf, 0x02, 0x50, 0x68, 0x07, 0xdb
DSPCfg_GetSlotCount:
	.byte 0xa8, 0x68, 0x03, 0x33, 0xff, 0xff, 0xaf, 0x0c
	.byte 0x20, 0x9f, 0x02, 0x21, 0xb0, 0x51
DSPCfg_Data_002:
	.byte 0x4e, 0xbf, 0x10, 0x37, 0x0e, 0xd8, 0xcf, 0x63
	.byte 0x00, 0x6b, 0x34, 0xd8, 0x8a, 0xea
DSPCfg_FindSlot63:
	ccf
	sll	xde, 2
	ld	xhl, 15627766
	add	xhl, xde
	ld	xde, (xhl)
	or	xde, xde
	jr	z, 32
	cps	bc, 4
	jr	z, 86
	cps	bc, 3
	jr	z, 68
	cps	bc, 2
	jr	z, 50
	cps	bc, 1
	jr	z, 20
	cps	bc, 0
	jr	nz, 12
	cp	wa, 16
DSPCfg_FindSlot63_Loop:
	.byte 0x67, 0x46, 0xd8, 0xcf, 0x1b, 0x00, 0x6b, 0x40
	.byte 0x33
DSPCfg_FindSlot63_Next:
	.byte 0xff, 0xff, 0x0e, 0xd8, 0xcf, 0x09, 0x00, 0x66
	.byte 0x36, 0xd8, 0xcf, 0x0a
DSPCfg_FindSlot63_Return:
	nop
	jr	z, 48
	cp	wa, 16
DSPCfg_Data_003:
	.byte 0x67, 0xea, 0xd8, 0xcf, 0x1b, 0x00, 0x6b, 0xe4
	.byte 0x68, 0x22, 0xd8, 0xcf, 0x39, 0x00, 0x67, 0xdc
	.byte 0xd8, 0xcf, 0x3c, 0x00, 0x6b, 0xd6, 0x68, 0x14
	.byte 0xd8, 0xcf, 0x58, 0x00, 0x67, 0xce, 0xd8, 0xcf
	.byte 0x5b, 0x00, 0x6b, 0xc8, 0x68, 0x06, 0xd8, 0xcf
	.byte 0x4f, 0x00, 0x6e, 0xc0, 0xdb, 0xa8, 0x68, 0xbf
	.byte 0xbf, 0xea, 0x37, 0x2e, 0xbf, 0x12, 0x51, 0xbf
	.byte 0x14, 0x60, 0xbf, 0x06, 0x32, 0xbf, 0x04, 0x30
	.byte 0x38, 0xbf, 0x06, 0x30, 0x38, 0xbf, 0x10, 0x30
	.byte 0x38, 0xbf, 0x1a, 0x31, 0xaf
DSPCfg_DecodeParamIdRange:
	ldb	w, 32
	calr	64648
	ld	iz, hl
	cps	iz, 0
	jrl	nz, 230
	ld	wa, (xsp+2)
	cps	wa, 1
	jr	z, 71
	cps	wa, 0
	jrl	nz, 215
	ld	wa, (xsp+18)
	ld	bc, (xsp+6)
	calr	65348
	ld	iz, hl
	cp	iz, 65535
	jrl	z, 200
	ld	wa, (xsp+18)
	ld	xbc, (xsp+14)
	calr	64059
	ld	iz, hl
	ld	wa, (xsp+6)
	extz	xwa
	ld	xbc, 15623020
	add	xbc, xwa
	ld	a, (xbc)
	extz	wa
	ld	bc, (xsp+18)
	ldb	b, 0
	ld	e, c
	extz	de
	pushw	255
	lds	bc, 0
	call	16624162
	jrl	152
	ld	wa, (xsp+8)
	ld	bc, (xsp+4)
DSPCfg_DecodeParamIdRange_4910:
	lda	xde, (xsp+18)
	calr	65151
	ld	iz, hl
	cp	iz, 65535
	jr	z, 82
DSPCfg_DecodeParamIdRange_4940:
	lda	xwa, (xsp+12)
	lda	xbc, (xsp+10)
	cps	iz, 0
	jr	nz, 18
	push	xwa
	push	xbc
DSPCfg_DecodeParamIdRange_CalcOffset:
	.byte 0x9f, 0x0c, 0x20, 0x9f, 0x1a, 0x21, 0xaf, 0x16
	.byte 0x22, 0x1e, 0xed
DSPCfg_DecodeParamIdRange_Invalid:
	swi	1
	ld	iz, hl
	jr	14
	push	xwa
	push	xbc
	ld	wa, (xsp+12)
	ld	bc, (xsp+26)
	ld	xde, (xsp+22)
	calr	63963
DSPCfg_DecodeParamIdRange_Return:
	.byte 0x9f, 0x06, 0x20, 0xe8, 0x12, 0x41, 0x6c, 0x63
	.byte 0xee, 0x00, 0xe8, 0x81, 0x81, 0x21, 0xd8
DSPCfg_ResolveParamToSlot:
	ccf
	ld	c, (xsp+12)
	inc	1, c
	extz	bc
	ld	de, (xsp+18)
	ldb	d, 0
	extz	de
	ld	l, (xsp+10)
	extz	hl
	pushw	hl
	call	16624162
	ld	xwa, (xsp+20)
DSPCfg_ResolveParamToSlot_OutOfRange:
	cp	xwa, 18717
DSPCfg_ResolveParamToSlot_Range49:
	.byte 0x6e, 0x27, 0x40, 0x00, 0x49, 0x00, 0x00, 0x1e
	.byte 0x08, 0xfe, 0xdb, 0xcf, 0x35, 0x00, 0x66, 0x06
	.byte 0xdb, 0xcf, 0x0f, 0x00, 0x6e, 0x13, 0x9f, 0x12
	.byte 0x21, 0x40, 0x03, 0x40, 0x00, 0x00, 0xda, 0xab
	.byte 0x1d, 0x30, 0xca, 0xfc, 0x68, 0x03, 0x36, 0xff
DSPCfg_ResolveParamToSlot_Range4A:
	.byte 0xff, 0xde, 0x8b, 0x4e, 0xbf, 0x16, 0x37, 0x0e
	.byte 0xbf, 0xe6, 0x37, 0x2e, 0xbf, 0x12, 0x62, 0xbf
	.byte 0x16, 0x51, 0xbf, 0x18, 0x60, 0xbf, 0x06, 0x32
	.byte 0xbf, 0x04, 0x30, 0x38, 0xbf, 0x06, 0x30, 0x38
	.byte 0xbf, 0x10, 0x30, 0x38, 0xbf, 0x1a, 0x31, 0xaf
	.byte 0x24, 0x20, 0x1e, 0x6f, 0xfb, 0xdb
DSPCfg_ResolveParamToSlot_Range4B:
	.byte 0x8e, 0xde, 0xd8, 0x7e, 0x9a, 0x00, 0x9f, 0x02
	.byte 0x20, 0xd8, 0xd9, 0x66, 0x23, 0xd8, 0xd8, 0x7e
	.byte 0x8b, 0x00, 0x9f, 0x16, 0x20, 0x9f, 0x06, 0x21
	.byte 0x1e, 0x2b, 0xfe, 0xdb, 0x8e, 0xde, 0xcf, 0xff
	.byte 0xff, 0x66, 0x7d, 0x9f, 0x16, 0x20, 0xaf, 0x12
	.byte 0x21, 0x1e, 0x23, 0xf9, 0xdb
DSPCfg_ResolveParamToSlot_Range4C:
	.byte 0x8e, 0x68, 0x70, 0x9f, 0x08, 0x20, 0x9f, 0x04
	.byte 0x21, 0xbf, 0x16, 0x32, 0x1e, 0x8a, 0xfd, 0xdb
	.byte 0x8e, 0xde, 0xcf, 0xff, 0xff, 0x66, 0x2a, 0xbf
	.byte 0x0c, 0x30, 0xbf, 0x0a, 0x31, 0xde, 0xd8, 0x6e
	.byte 0x12, 0x38, 0x39, 0x9f, 0x0c, 0x20, 0x9f, 0x1e
	.byte 0x21, 0xaf, 0x1a, 0x22, 0x1e
DSPCfg_ResolveParamToSlot_Range4D:
	swi	0
	swi	0
	ld	iz, hl
	jr	14
	push	xwa
	push	xbc
	ld	wa, (xsp+12)
	ld	bc, (xsp+30)
	ld	xde, (xsp+26)
	calr	63718
	ld	xwa, (xsp+24)
	cp	xwa, 18717
	jr	nz, 39
	ld	xwa, 18688
	calr	64827
	cp	hl, 53
	jr	z, 6
DSPCfg_ResolveParamToSlot_Range4E:
	cp	hl, 15
	jr	nz, 19
	ld	bc, (xsp+22)
	ld	xwa, 16387
	lds	de, 3
	call	16566832
	jr	3
	ldw	iz, 65535
	ld	hl, iz
	popw	iz
	lda	xsp, (xsp+26)
	ret
	lda	xsp, (xsp-16)
DSPCfg_ResolveParamToSlot_CallDecode:
	pushw	iz
	ld	iz, bc
DSPCfg_ResolveParamToSlot_StoreResult:
	.byte 0xbf, 0x0e, 0x60, 0xbf, 0x06, 0x32, 0xbf, 0x04
	.byte 0x30, 0x38, 0xbf, 0x06, 0x30, 0x38, 0xbf, 0x10
	.byte 0x30, 0x38, 0xbf, 0x16, 0x31, 0xaf, 0x1a
DSPCfg_ResolveAndExtract:
	ldb	w, 30
	cp	(xiz), xde
	cps	hl, 0
	jr	nz, 50
	ld	wa, (xsp+2)
	cps	wa, 1
	jr	z, 19
	cps	wa, 0
	jr	nz, 36
	ld	xwa, (xsp+10)
	calr	63557
	add	iz, hl
	ld	xwa, (xsp+14)
	ld	bc, iz
	jr	16
	ld	wa, (xsp+4)
DSPCfg_ResolveAndExtract_Return:
	.byte 0xaf, 0x0a, 0x21, 0x1e
DSPCfg_ResolveWithFallback:
	.byte 0x38, 0xf8, 0xdb, 0x86, 0xaf, 0x0e, 0x20, 0xde
	.byte 0x89, 0x1e, 0xcb, 0xfd, 0x68, 0x03, 0x33, 0xff
	.byte 0xff, 0x4e, 0xbf, 0x10, 0x37, 0x0e, 0xbf, 0xee
	.byte 0x37, 0x3e, 0xbf, 0x10, 0x61, 0xbf, 0x14, 0x50
	.byte 0xaf, 0x10, 0x20, 0x1e, 0x0f, 0xf8, 0xdb, 0x88
	.byte 0x9f, 0x14, 0x21, 0x1e, 0x2b, 0xfd, 0xbf, 0x04
	.byte 0x53, 0x9f, 0x04, 0x3f, 0x00, 0x00, 0x76, 0x93
	.byte 0x00, 0xd8, 0xa9, 0xaf, 0x10, 0x21, 0x1e, 0x21
	.byte 0xf8, 0x9f, 0x14, 0x20, 0xe8, 0x12, 0x41, 0x6c
	.byte 0x63, 0xee, 0x00, 0xe8, 0x81, 0x81, 0x21, 0x0b
	.byte 0xff, 0x00, 0xd9, 0xa8, 0xda, 0xa9, 0x1d, 0x22
	.byte 0xaa, 0xfd, 0xaf, 0x10, 0x20, 0x1e, 0xd5, 0xf7
	.byte 0xbf, 0x06, 0x53, 0x9f, 0x06, 0x20, 0xd8, 0xec
	.byte 0x02, 0xf2
DSPCfg_ResolveWithFallback_CheckType:
	.byte 0xd4, 0x61, 0xee, 0x31, 0xe3, 0x07, 0xe4, 0xe0
	.byte 0x20, 0xbf, 0x08, 0x60, 0xde, 0xa8, 0x68, 0x48
	.byte 0xde, 0x88, 0xaf, 0x08, 0x21, 0x1e, 0xb8, 0xf7
	.byte 0xd7, 0xfa, 0x9b, 0xbf, 0x0e, 0x30, 0x38, 0xbf
	.byte 0x10, 0x30, 0x38, 0xde, 0x88, 0xd7
DSPCfg_ResolveWithFallback_Type1:
	.byte 0xfa, 0x89, 0xaf, 0x18, 0x22, 0x1e, 0xcf, 0xf7
	.byte 0x9f, 0x14, 0x20, 0xe8, 0x12, 0x41, 0x6c, 0x63
	.byte 0xee, 0x00, 0xe8, 0x81, 0x81, 0x21, 0xd8, 0x12
	.byte 0x8f, 0x0e, 0x23, 0xcb, 0x61, 0xd9, 0x12, 0xd7
	.byte 0xfa, 0x8a, 0x24, 0x00, 0xda, 0x12, 0x8f, 0x0c
	.byte 0x27, 0xdb, 0x12
DSPCfg_ResolveWithFallback_SndParam4003:
	.byte 0x2b, 0x1d, 0x22, 0xaa, 0xfd, 0xde, 0x61, 0x9f
	.byte 0x06, 0x20, 0x1e, 0x64, 0xf8, 0xdb
DSPCfg_ResolveWithFallback_Type8:
	.byte 0xf6, 0x67, 0xae, 0x9f, 0x04, 0x23, 0x5e, 0xbf
	.byte 0x12, 0x37, 0x0e
DSPCfg_ResolveWithFallback_Type9:
	.byte 0xbf, 0xee, 0x37, 0x3e, 0xbf, 0x10, 0x61, 0xbf
DSPCfg_ResolveWithFallback_UnknownType:
	.byte 0x14, 0x50, 0xd7, 0xfa, 0xa8
DSPCfg_ResolveWithFallback_Return:
	.byte 0xaf, 0x10, 0x20, 0x1e, 0x4e, 0xf7, 0xbf, 0x04
DSPCfg_ReadParam_Map0:
	.byte 0x53, 0x9f, 0x04, 0x20, 0xd8
DSPCfg_ReadParam_Map1:
	.byte 0xec, 0x02, 0xf2, 0xd4, 0x61
DSPCfg_ClampAndExtract:
	.byte 0xee, 0x31, 0xe3, 0x07, 0xe4, 0xe0, 0x20, 0xbf
	.byte 0x06, 0x60, 0xde, 0xa8, 0x68, 0x67, 0xde, 0x88
	.byte 0xaf, 0x10, 0x21, 0x1e, 0x31, 0xf7, 0xbf, 0x0e
	.byte 0x53, 0x9f, 0x04, 0x20, 0xbf, 0x0e, 0x32, 0xde
	.byte 0x89, 0x1e, 0xc2, 0xfb, 0xdb, 0xd8, 0x66, 0x4b
	.byte 0xde, 0x88, 0xaf, 0x06, 0x21, 0x1e, 0x17, 0xf7
	.byte 0xbf, 0x0e, 0x53, 0xbf, 0x0c, 0x30, 0x38, 0xbf
	.byte 0x0e, 0x30, 0x38, 0x9f, 0x16, 0x21, 0xde, 0x88
	.byte 0xaf, 0x18, 0x22, 0x1e, 0x2e, 0xf7, 0x9f, 0x14
	.byte 0x20, 0xe8, 0x12, 0x41, 0x6c, 0x63, 0xee, 0x00
	.byte 0xe8, 0x81, 0x81, 0x21, 0xd8, 0x12, 0x8f, 0x0c
	.byte 0x23
DSPCfg_ClampAndExtract_CheckMax:
	.byte 0xcb, 0x61, 0xd9, 0x12, 0x9f, 0x0e, 0x22, 0x24
	.byte 0x00, 0xda, 0x12, 0x8f, 0x0a, 0x27, 0xdb, 0x12
	.byte 0x2b, 0x1d, 0x22
DSPCfg_ClampAndExtract_InRange:
	.byte 0xaa, 0xfd, 0xd7, 0xfa
DSPCfg_ClampAndExtract_NoSlot:
	pop	sr
	swi	7
	swi	7
DSPCfg_ClampAndExtract_Return:
	.byte 0xde, 0x61, 0x9f, 0x04, 0x20, 0x1e, 0xbe, 0xf7
	.byte 0xdb, 0xf6, 0x67, 0x8f, 0xd7
DSPCfg_ValidateSlotForWrite:
	.byte 0xfa, 0x8b, 0x5e, 0xbf, 0x12, 0x37, 0x0e, 0xef
	.byte 0x6c, 0x3e, 0xbf, 0x04, 0x61, 0xd8, 0x8e, 0xde
	.byte 0x88, 0xaf, 0x04, 0x21, 0x1e, 0x8c, 0xfe, 0xd7
	.byte 0xfa, 0x9b, 0xde, 0x88, 0xaf, 0x04, 0x21, 0x1e
	.byte 0x3f, 0xff, 0xd7, 0xfa, 0x88, 0xdb, 0x80, 0xd7
	.byte 0xfa, 0xa8, 0xd8, 0xd8, 0x66, 0x05, 0xd7, 0xfa
	.byte 0x03, 0xff, 0xff, 0xd7, 0xfa, 0x8b, 0x5e, 0xef
	.byte 0x64, 0x0e
DSPCfg_ValidateSlotForWrite_Invalid:
	lda	xsp, (xsp-14)
DSPCfg_ValidateSlotForWrite_Ret:
	push	xiz
DSPCfg_ValidateSlotForWrite_Slot1:
	.byte 0xbf, 0x0e, 0x62, 0xe9, 0x8a, 0xe8, 0x89, 0xd7
	.byte 0xfa, 0xa8, 0xbf, 0x08, 0x02, 0x00, 0x00, 0x89
	.byte 0x01, 0x27, 0xdb, 0x12, 0x81, 0x21, 0xd8, 0x12
	.byte 0xd8, 0x8e
DSPCfg_ValidateSlotForWrite_Slot2:
	.byte 0xde, 0xee, 0x08, 0xdb, 0x86, 0xaf, 0x22, 0x20
	.byte 0x80, 0x21, 0xbf, 0x04, 0x41, 0x8a
DSPCfg_ValidateSlotForWrite_Slot3:
	.byte 0x02, 0x21, 0xbf, 0x06, 0x41, 0xbf, 0x0c, 0x30
	.byte 0x8f, 0x06, 0x3f, 0x76, 0x76, 0x9f
DSPCfg_ValidateSlotForWrite_Slot4:
	.byte 0x00, 0xde, 0x8b, 0x8f, 0x06, 0x3f
DSPCfg_ValidateSlotForWrite_Valid:
	.byte 0x70, 0x66, 0x46, 0x8f
DSPCfg_WriteParamFull:
	.byte 0x06, 0x3f, 0x67, 0x66, 0x3b, 0x8f, 0x06, 0x3f
	.byte 0x64, 0x66, 0x35, 0x81, 0x27, 0xdb, 0x13, 0xd7
	.byte 0xfa, 0xa9, 0x25, 0xff, 0xaf, 0x0e, 0x20, 0xd7
	.byte 0xfa, 0x89, 0xb0, 0x51, 0xaf, 0x22, 0x20, 0x8f
	.byte 0x04, 0x23, 0xb0, 0x43, 0xaf, 0x1e, 0x20, 0xb0
	.byte 0x45, 0xaf, 0x1a, 0x21, 0x8f, 0x06, 0x21, 0xb1
	.byte 0x41, 0xaf, 0x16, 0x21, 0x9f, 0x08, 0x20, 0xb1
	.byte 0x41, 0x5e, 0xbf, 0x0e, 0x37, 0x0f, 0x10, 0x00
	.byte 0xd7, 0xfa, 0xaa, 0x68, 0xcd, 0xbf, 0x08, 0x31
	.byte 0x1e, 0x96, 0xf2, 0x9f, 0x0c, 0x20, 0xd8, 0xcf
	.byte 0x20, 0x00, 0x66, 0x31, 0xd8, 0xcf, 0x10, 0x00
	.byte 0x66, 0x1c, 0xde, 0x88, 0xd8, 0xef, 0x06, 0xd8
	.byte 0xcc, 0x1f, 0x00, 0xd8, 0x8b, 0x25, 0x07, 0x9f
	.byte 0x08, 0x3f, 0x01, 0x00, 0x6e, 0xa6, 0xd7, 0xfa
	.byte 0xa9, 0x8f, 0x04, 0x61, 0x68, 0x9e, 0xde
DSPCfg_WriteParamFull_Type1:
	.byte 0x88, 0xd8, 0xef, 0x0b, 0xd8, 0xcc, 0x1f, 0x00
	.byte 0xd8, 0x8b, 0x25, 0xf8, 0x68, 0x8f, 0xde, 0x8b
	.byte 0xdb, 0xcc, 0x3f, 0x00, 0xd7, 0xfa, 0xa9, 0x8f
	.byte 0x04, 0x61, 0x25, 0x3f, 0x78, 0x7e, 0xff, 0xbf
	.byte 0x0a, 0x31, 0x1e, 0x1e, 0xf2, 0x9f, 0x0c, 0x20
	.byte 0xd8, 0xcf, 0x10, 0x00, 0x66, 0x10, 0xde, 0x88
DSPCfg_WriteParamFull_Type1_Clamped:
	srl	wa, 6
	and	wa, 31
	ld	hl, wa
	ldb	e, 7
	jrl	-161
DSPCfg_WriteParamFull_Type1_Notify:
	.byte 0x9f, 0x0a, 0x3f, 0x02, 0x00, 0x6e, 0xc9, 0xde
	.byte 0x88, 0xd8, 0xef, 0x08, 0xd8, 0xcc, 0x3f, 0x00
	.byte 0xd8, 0x8b, 0xd7, 0xfa, 0xa9, 0x68, 0xc5, 0xbf
	.byte 0xe8, 0x37, 0x2e, 0xbf, 0x10, 0x45, 0xbf, 0x12
	.byte 0x61, 0xbf, 0x16, 0x60, 0xbf, 0x0e, 0x02, 0x00
DSPCfg_WriteParamFull_Check491D:
	nop
	ldw	iz, 65535
	ld	(xsp+10), 0
	ld	(xsp+8), 122
	ld	xwa, (xsp+30)
	ld	a, (xwa)
	ld	(xsp+2), a
	inc	1, iz
	ld	wa, (xsp+14)
	add	(xsp+10), a
	ld	a, (xsp+8)
DSPCfg_WriteParamFull_Notify4003:
	.byte 0xbf, 0x04, 0x41, 0xbf, 0x0e, 0x32, 0xbf, 0x0a
	.byte 0x30, 0x38, 0xbf, 0x10, 0x30, 0x38, 0xbf, 0x10
DSPCfg_WriteParamFull_UnknownType:
	ldw	wa, 48952
DSPCfg_WriteParamFull_Return:
	.byte 0x12, 0x30, 0x38, 0xaf, 0x26, 0x20, 0xaf
DSPCfg_WriteParamSimple:
	.byte 0x22, 0x21, 0x1e, 0xa1, 0xfe, 0xd9, 0xa8, 0x9f
	.byte 0x0e, 0x3f, 0x00, 0x00, 0x63, 0x0c, 0xe8, 0xa9
	.byte 0xaf, 0x16, 0x88, 0xd9, 0x61, 0x9f, 0x0e, 0xf1
	.byte 0x67, 0xf4, 0xaf, 0x12, 0x20, 0x1e, 0xf9, 0xf2
	.byte 0xbf, 0x12, 0x63, 0x8f, 0x0a, 0x21, 0x8f, 0x10
	.byte 0xf1, 0x6b, 0x10, 0x8f, 0x0a, 0x21, 0x8f, 0x10
	.byte 0xf1, 0x6e, 0xa8, 0x8f, 0x02, 0x21, 0x8f, 0x0c
	.byte 0xc1, 0x66, 0xa0, 0x8f, 0x0a, 0x21, 0x8f, 0x10
	.byte 0xf1, 0x63, 0x14, 0x8f, 0x04, 0x3f, 0x70, 0x6e
	.byte 0x04, 0xde, 0x6b, 0x68, 0x02, 0xde, 0x69, 0x8f
	.byte 0x06, 0x3f, 0x01, 0x6e, 0x02, 0xde
DSPCfg_WriteParamSimple_Type1:
	.byte 0x61, 0x8f, 0x0c, 0x21, 0xc9, 0x06, 0x8f, 0x02
	.byte 0xc1, 0xc9, 0x8b, 0xaf, 0x1e, 0x20, 0xb0, 0x43
	.byte 0xde, 0x8b, 0x4e, 0xbf, 0x18, 0x37, 0x0f, 0x04
	.byte 0x00, 0xbf, 0xf6, 0x37, 0x3e, 0xbf, 0x0a, 0x45
	.byte 0xbf, 0x0c, 0x43, 0xbf, 0x04, 0x02, 0x00, 0x00
	.byte 0xd8, 0x12, 0xd8, 0xca, 0x61, 0x00, 0xd8, 0xd8
DSPCfg_WriteParamSimple_Type1_Clamped:
	.byte 0x61, 0x4e, 0xd8, 0xdd, 0x6a, 0x4a, 0xd8, 0x80
	.byte 0xf2, 0x84, 0x63, 0xee, 0x34, 0xd3
DSPCfg_WriteParamSimple_Check491D:
	.byte 0x07, 0xf0, 0xe0, 0x20, 0xf2, 0x02, 0xc7, 0xfd
	.byte 0x34, 0xf3, 0x07, 0xf0, 0xe0, 0xd8, 0x46, 0x00
	.byte 0x49, 0x00, 0x00, 0xd8, 0xa8, 0x68, 0x30, 0x46
	.byte 0x00, 0x4a, 0x00, 0x00, 0x68, 0x05, 0x46
DSPCfg_WriteParamSimple_Notify4003:
	.byte 0x00, 0x4b, 0x00, 0x00, 0xd8, 0xa9, 0x68, 0x20
	.byte 0x46, 0x00, 0x4c, 0x00, 0x00, 0xd8, 0xac, 0x68
DSPCfg_WriteParamSimple_UnknownType:
	.byte 0x17, 0x46, 0x00
DSPCfg_WriteParamSimple_Return:
	popw	iy
	nop
	nop
	lds	wa, 2
	jr	14
DSPCfg_WriteParamDelta:
	.byte 0x46, 0x00, 0x4e, 0x00, 0x00, 0xd8, 0xab, 0x68
	.byte 0x05, 0xbf, 0x04, 0x02, 0xff, 0xff, 0x8f, 0x0c
	.byte 0x3f, 0x01, 0x67, 0x4b, 0x8f, 0x0c, 0x3f, 0x11
	.byte 0x6f, 0x45, 0x1e, 0xab, 0xf0, 0xbf, 0x06, 0x63
	.byte 0xaf, 0x06, 0x20, 0x1e, 0x3b, 0xf4, 0xeb, 0x12
	.byte 0xeb, 0xee, 0x02, 0x41, 0xf6, 0x75, 0xee, 0x00
	.byte 0xeb, 0x81, 0xa1, 0x21, 0xe8, 0xa9, 0xaf, 0x06
	.byte 0x88, 0x8f, 0x0c, 0x25, 0xcd, 0x69, 0xda
DSPCfg_WriteParamDelta_Type1:
	.byte 0x12, 0xbf, 0x0a, 0x30, 0x38, 0xaf, 0x0a, 0x20
	.byte 0x1e, 0x9f, 0xfe, 0xdb, 0xcf, 0xff, 0xff, 0x6e
DSPCfg_WriteParamDelta_CallWrite:
	.byte 0x07, 0xbf, 0x04, 0x02, 0xff
DSPCfg_WriteParamDelta_BadType:
	swi	7
	jr	8
DSPCfg_WriteParamDelta_Return:
	.byte 0xdb, 0xc8, 0x10, 0x00, 0xeb
DSPCfg_WriteAllSlots_Direct:
	.byte 0x13, 0xeb, 0x86, 0xaf, 0x12, 0x20, 0xb0, 0x66
	.byte 0x9f, 0x04, 0x23, 0x5e, 0xbf, 0x0a, 0x37, 0x0f
	.byte 0x04, 0x00, 0xdb, 0xa8, 0xd8, 0xcf, 0x63, 0x00
	.byte 0x6b, 0x12, 0xe8, 0x12, 0xe8, 0xee, 0x02, 0x41
	.byte 0xf6, 0x75, 0xee, 0x00, 0xe8, 0x81, 0xa1, 0x20
	.byte 0xe8, 0xe0, 0xb0, 0xfe, 0x33, 0xff, 0xff, 0x0e
	.byte 0xbf, 0xf6, 0x37, 0x3e, 0xbf, 0x0a, 0x62, 0xe9
	.byte 0x8a, 0xe8, 0x89, 0xd7, 0xfa, 0xa8, 0x89, 0x01
	.byte 0x27, 0xdb, 0x12, 0x81, 0x21, 0xd8, 0x12, 0xd8
	.byte 0x8e, 0xde, 0xee, 0x08, 0xdb, 0x86, 0xaf, 0x12
	.byte 0x20, 0x90, 0x20, 0xbf, 0x04, 0x50, 0x8a, 0x02
	.byte 0x21, 0xc9, 0xcf, 0x70, 0x66, 0x2c, 0xc9, 0xcf
	.byte 0x67, 0x66, 0x23, 0xc9
DSPCfg_WriteAllSlots_Direct_Loop:
	.byte 0xcf, 0x64, 0x66, 0x1e, 0x81, 0x27, 0xdb, 0x13
	.byte 0xd7, 0xfa, 0xa9, 0xaf, 0x0a, 0x20, 0xd7, 0xfa
	.byte 0x89, 0xb0, 0x51, 0xaf, 0x12, 0x20, 0x9f, 0x04
	.byte 0x21, 0xb0, 0x51, 0x5e, 0xbf, 0x0a, 0x37, 0x0f
	.byte 0x04, 0x00, 0xde, 0x8b, 0x68, 0x21, 0xbf, 0x08
	.byte 0x30, 0xbf, 0x06, 0x31, 0x1e, 0x0f, 0xf0, 0x9f
	.byte 0x08, 0x20, 0xde, 0x8b, 0xd8, 0xcf, 0x20, 0x00
	.byte 0x66, 0x0d, 0xd8, 0xcf, 0x10, 0x00, 0x66, 0xcb
	.byte 0x9f, 0x06, 0x3f, 0x01, 0x00, 0x6e, 0xc4, 0xd7
DSPCfg_WriteAllSlots_Direct_CheckCount:
	.byte 0xfa, 0xaa, 0x68, 0xbf, 0xbf, 0xea, 0x37, 0x3e
	.byte 0xbf, 0x16
DSPCfg_WriteAllSlots_Direct_Return:
	jr	f, -81
	ex_ff
	ldb	h, 134
	ldb	a, 216
	ccf
DSPCfg_WriteAllSlots_Clamped:
	.byte 0xbf, 0x04, 0x50, 0xf2, 0xe0, 0x5f, 0xee, 0x31
	.byte 0x9f, 0x04, 0x20, 0xc3, 0x07, 0xe4, 0xe0, 0x21
	.byte 0xd8, 0x12, 0xbf, 0x06, 0x50, 0x9f, 0x04, 0x20
	.byte 0x1e, 0x39, 0xff, 0xbf, 0x08, 0x53, 0x9f, 0x08
	.byte 0x3f, 0x00, 0x00, 0x7e, 0x73, 0x01, 0x9f, 0x04
	.byte 0x3f, 0x10, 0x00, 0x61, 0x2a
DSPCfg_WriteAllSlots_Clamped_Loop:
	.byte 0x9f, 0x04, 0x3f, 0x1b, 0x00, 0x6a, 0x23, 0xbe
	.byte 0x05, 0x32, 0x82, 0x21, 0xbe, 0x06, 0x41, 0xbe
	.byte 0x04, 0x31, 0x81, 0x21, 0xb2, 0x41, 0xbe, 0x03
	.byte 0x32, 0x82, 0x21, 0xb1, 0x41, 0xbe, 0x02, 0x31
	.byte 0x81, 0x21, 0xb2, 0x41, 0xb1, 0x00, 0x00, 0x78
	.byte 0x42, 0x01, 0xbf, 0x14, 0x02, 0x00, 0x00, 0xbf
	.byte 0x12, 0x02, 0x00, 0x00, 0x8e, 0x15, 0x21, 0xd8
	.byte 0x12, 0xbf, 0x0a, 0x50, 0xaf, 0x16, 0x20, 0xb8
	.byte 0x01, 0x36, 0x9f, 0x04, 0x20, 0xe8, 0x13, 0xe8
	.byte 0xee, 0x02, 0x41, 0xf6, 0x75, 0xee, 0x00, 0xe8
	.byte 0x81, 0xa1, 0x20, 0xbf, 0x0e, 0x60, 0xbf, 0x0c
	.byte 0x02, 0x00, 0x00, 0x9f, 0x06, 0x20, 0xd8, 0xd8
	.byte 0x63, 0x3b, 0x9f, 0x14, 0x20
DSPCfg_WriteAllSlots_Clamped_Next:
	.byte 0x9f, 0x12
DSPCfg_WriteAllSlots_Clamped_CheckCount:
	.byte 0x88, 0xbf, 0x14, 0x32, 0xbf, 0x12, 0x30, 0x38
	.byte 0xee, 0x88, 0xaf, 0x12, 0x21, 0x1e, 0xce, 0xfe
	.byte 0xd8, 0xa8
DSPCfg_WriteAllSlots_Combined:
	.byte 0x9f, 0x14, 0x3f, 0x00, 0x00, 0x63, 0x09, 0xee
	.byte 0x61, 0xd8, 0x61, 0x9f, 0x14, 0xf0, 0x67, 0xf7
	.byte 0xaf, 0x0e, 0x20, 0x1e, 0x76, 0xf0, 0xbf, 0x0e
	.byte 0x63, 0x9f, 0x0c, 0x61, 0x9f, 0x06, 0x20, 0x9f
	.byte 0x0c, 0xf8, 0x67, 0xc5, 0x9f, 0x04, 0x22, 0x9f
	.byte 0x0a, 0x21, 0x9f, 0x04
DSPCfg_WriteAllSlots_Combined_Done:
	.byte 0x3f, 0x63, 0x00, 0x66, 0x36, 0xda, 0xcf
DSPCfg_Data_ParamDispatch:
	.byte 0x62, 0x00, 0x66, 0x30, 0xda, 0xcf, 0x61, 0x00
	.byte 0x66, 0x2a, 0xda, 0xcf, 0x60, 0x00, 0x66, 0x24
	.byte 0xda, 0xcf, 0x35, 0x00, 0x66, 0x1e, 0xda, 0xcf
	.byte 0x0f, 0x00, 0x66, 0x18, 0xda, 0xcf, 0x23, 0x00
	.byte 0x66, 0x12, 0xda, 0xcf, 0x22, 0x00, 0x66, 0x0c
	.byte 0xda, 0xcf, 0x21, 0x00, 0x66, 0x06, 0xda, 0xcf
	.byte 0x20, 0x00, 0x6e, 0x04, 0xe8, 0xaa, 0x68, 0x02
	.byte 0xe8, 0xa9, 0xee, 0x8a, 0xe8, 0xa2, 0xb2, 0x43
	.byte 0xbf, 0x14, 0x02, 0x00, 0x00, 0xbf, 0x12, 0x02
	.byte 0x00, 0x00, 0xaf, 0x16, 0x20, 0xb8, 0x01, 0x36
	.byte 0x9f, 0x04, 0x20, 0xe8, 0x13, 0xe8, 0xee, 0x02
	.byte 0x41, 0xf6, 0x75, 0xee, 0x00, 0xe8, 0x81, 0xa1
	.byte 0x20, 0xbf, 0x0e, 0x60, 0xbf, 0x0c, 0x02, 0x00
	.byte 0x00, 0x9f, 0x06, 0x20, 0xd8, 0xd8, 0x63, 0x50
	.byte 0x9f, 0x14, 0x20, 0x9f, 0x12, 0x88, 0xbf, 0x14
	.byte 0x32, 0xbf, 0x12, 0x30, 0x38, 0xee, 0x88, 0xaf
	.byte 0x12, 0x21, 0x1e, 0x14, 0xfe, 0x9f, 0x14, 0x3f
	.byte 0x02, 0x00, 0x6e, 0x0e, 0xdb, 0x88, 0x20, 0x00
	.byte 0xb6, 0x41, 0xdb, 0xed, 0x08, 0x26, 0x00, 0xbe
	.byte 0x01, 0x47, 0xd8, 0xa8, 0x9f, 0x14, 0x3f, 0x00
	.byte 0x00, 0x63, 0x09, 0xee, 0x61, 0xd8, 0x61, 0x9f
	.byte 0x14, 0xf0, 0x67, 0xf7, 0xaf, 0x0e, 0x20, 0x1e
	.byte 0xa7, 0xef, 0xbf, 0x0e, 0x63, 0x9f, 0x0c, 0x61
	.byte 0x9f, 0x06, 0x20, 0x9f, 0x0c, 0xf8, 0x67, 0xb0
	.byte 0x9f, 0x08, 0x23, 0x5e, 0xbf, 0x16, 0x37, 0x0e
	.byte 0xbf, 0xbc, 0x37, 0x3e, 0xbf, 0x04, 0x02, 0x00
	.byte 0x00, 0xc5, 0xe0, 0x25, 0xda, 0x12, 0xbf, 0x1e
	.byte 0x52, 0xb8, 0xff, 0x31, 0xbf, 0x38, 0x61, 0xb8
	.byte 0x0d, 0x31, 0xbf, 0x10, 0x61, 0xb8, 0x02, 0x31
	.byte 0xbf, 0x44, 0x61, 0xb8, 0x06, 0x31, 0xbf, 0x34
	.byte 0x61, 0xb8, 0x0a, 0x31, 0xbf, 0x24, 0x61, 0xb8
	.byte 0x0c, 0x31, 0xbf, 0x3c, 0x61, 0xda, 0xcf, 0x51
	.byte 0x00, 0x76, 0x6b, 0x08, 0xb8, 0x03, 0x31, 0xbf
	.byte 0x40, 0x61, 0xb8, 0x07, 0x31, 0xbf, 0x30, 0x61
	.byte 0xda, 0xcf, 0x50, 0x00, 0x76, 0xb0, 0x07, 0xb8
	.byte 0x08, 0x31, 0xbf, 0x2c, 0x61, 0xda, 0xcf, 0x46
	.byte 0x00, 0x76, 0xea, 0x06, 0xb8, 0x0e, 0x31, 0xbf
	.byte 0x0c, 0x61, 0xb8, 0x0f, 0x31, 0xbf, 0x08, 0x61
	.byte 0xda, 0xcf, 0x44, 0x00, 0x76, 0x07, 0x06, 0xb8
	.byte 0x0b, 0x31, 0xbf, 0x20, 0x61, 0xda, 0xcf, 0x42
	.byte 0x00, 0x76, 0x2d, 0x05, 0xb8, 0x09, 0x31, 0xbf
	.byte 0x28, 0x61, 0xda, 0xcf, 0x40, 0x00, 0x76, 0x7e
	.byte 0x04, 0xda, 0xcf, 0x36, 0x00, 0x76, 0xb3, 0x03
	.byte 0xda, 0xcf, 0x35, 0x00, 0x76, 0x1c, 0x03, 0xda
	.byte 0xcf, 0x34, 0x00, 0x76, 0xf4, 0x02, 0xb8, 0x04
	.byte 0x31, 0xbf, 0x3c, 0x61, 0xb8, 0x05, 0x31, 0xbf
	.byte 0x38, 0x61, 0xda, 0xcf, 0x32, 0x00, 0x76, 0xb0
	.byte 0x02, 0xda, 0xcf, 0x30, 0x00, 0x76, 0x78, 0x02
	.byte 0xda, 0xcf, 0x1b, 0x00, 0x6a, 0x07, 0xda, 0xcf
	.byte 0x10, 0x00, 0x79, 0x01, 0x07, 0x9f, 0x1e, 0x21
	.byte 0xd9, 0x69, 0xd9, 0xd8, 0x61, 0x2c, 0xd9, 0xcf
	.byte 0x08, 0x00, 0x62, 0x10, 0xd9, 0xca, 0x12, 0x00
	.byte 0xd9, 0xcf, 0x09, 0x00, 0x61, 0x1c, 0xd9, 0xcf
	.byte 0x14, 0x00, 0x6a, 0x16, 0xd9, 0x81, 0xf2, 0x90
	.byte 0x63, 0xee, 0x34, 0xd3, 0x07, 0xf0, 0xe4, 0x21
	.byte 0xf2, 0xe2, 0xca, 0xfd, 0x34, 0xf3, 0x07, 0xf0
	.byte 0xe4, 0xd8, 0xbf, 0x04, 0x02, 0xff, 0xff, 0x78
	.byte 0x56, 0x08, 0x80, 0x23, 0xbf, 0x06, 0x43, 0xb8
	.byte 0x01, 0x34, 0x84, 0x27, 0xaf, 0x44, 0x21, 0x81
	.byte 0x25, 0xaf, 0x40, 0x25, 0x85, 0x23, 0xb0, 0x45
	.byte 0xb4, 0x43, 0xaf, 0x44, 0x20, 0x8f, 0x06, 0x23
	.byte 0xb0, 0x43, 0xb5, 0x47, 0xaf, 0x3c, 0x20, 0xb0
	.byte 0x00, 0x00, 0x78, 0x2b, 0x08, 0x80, 0x23, 0xbf
	.byte 0x06, 0x43, 0xb8, 0x01, 0x34, 0x84, 0x27, 0xaf
	.byte 0x44, 0x21, 0x81, 0x25, 0xaf, 0x40, 0x25, 0x85
	.byte 0x23, 0xb0, 0x45, 0xb4, 0x43, 0xaf, 0x44, 0x20
	.byte 0x8f, 0x06, 0x23, 0xb0, 0x43, 0xb5, 0x47, 0xaf
	.byte 0x3c, 0x20, 0xb0, 0x00, 0x01, 0x78, 0x00, 0x08
	.byte 0x80, 0x23, 0xbf, 0x06, 0x43, 0xb8, 0x01, 0x33
	.byte 0x83, 0x25, 0xaf, 0x44, 0x24, 0x84, 0x23, 0xb0
	.byte 0x00, 0x1e, 0xb3, 0x00, 0x56, 0xb4, 0x00, 0x05
	.byte 0xaf, 0x40, 0x20, 0xb0, 0x00, 0x00, 0xaf, 0x3c
	.byte 0x20, 0xb0, 0x43, 0xaf, 0x38, 0x20, 0x8f, 0x06
	.byte 0x23, 0xb0, 0x43, 0xaf, 0x34, 0x20, 0xb0, 0x45
	.byte 0xaf, 0x30, 0x20, 0xb0, 0x00, 0x01, 0x78, 0xc7
	.byte 0x07, 0x80, 0x23, 0xbf, 0x06, 0x43, 0xb8, 0x01
	.byte 0x33, 0x83, 0x25, 0xaf, 0x44, 0x21, 0x81, 0x24
	.byte 0xaf, 0x40, 0x21, 0x81, 0x23, 0xc7, 0xea, 0x9b
	.byte 0xaf, 0x3c, 0x21, 0x81, 0x23, 0xc7, 0xeb, 0x9b
	.byte 0xaf, 0x38, 0x21, 0x81, 0x23, 0xc7, 0xf0, 0x9b
	.byte 0xaf, 0x34, 0x21, 0x81, 0x23, 0xc7, 0xf4, 0x9b
	.byte 0xaf, 0x30, 0x21, 0x81, 0x23, 0xc7, 0xf8, 0x9b
	.byte 0xb0, 0x44, 0xc7, 0xea, 0x89
DSPCfg_CheckParamTableEntry:
	.byte 0xb3, 0x41, 0xaf, 0x44, 0x21, 0xc7, 0xeb, 0x89
	.byte 0xb1, 0x41, 0xaf, 0x40, 0x21, 0xc7, 0xf0, 0x89
	.byte 0xb1, 0x41, 0xaf, 0x3c, 0x21, 0xc7, 0xf4, 0x89
	.byte 0xb1, 0x41
DSPCfg_CheckParamTableEntry_NotFound:
	.byte 0xaf, 0x38, 0x21, 0xc7
DSPCfg_ReadFieldSimple:
	.byte 0xf8, 0x89, 0xb1, 0x41, 0xaf, 0x34, 0x20, 0xb0
	.byte 0x00, 0x5b, 0xaf, 0x30, 0x20, 0xb0, 0x00, 0x98
	.byte 0xaf, 0x2c, 0x20, 0xb0, 0x00, 0x5c, 0xaf, 0x28
	.byte 0x20, 0xb0, 0x00, 0x58, 0xaf, 0x24, 0x20, 0x8f
	.byte 0x06, 0x23, 0xb0, 0x43, 0xaf, 0x20, 0x20, 0xb0
	.byte 0x45, 0x78, 0x41, 0x07, 0x80, 0x23, 0xbf, 0x06
	.byte 0x43, 0xb8, 0x01, 0x34, 0x84, 0x27, 0xaf, 0x44
	.byte 0x21, 0x81, 0x25, 0xaf, 0x40, 0x25, 0x85
DSPCfg_ReadFieldSimple_StoreReturn:
	.byte 0x23, 0xb0, 0x45, 0xb4, 0x43, 0xaf, 0x44, 0x20
	.byte 0xb0, 0x00, 0x00, 0x8f, 0x06, 0x23, 0xb5, 0x43
	.byte 0xaf, 0x3c, 0x20, 0xb0, 0x47, 0x78, 0x16
DSPCfg_ReadFieldSimple_Type64_67:
	.byte 0x07, 0x80, 0x23, 0xbf
DSPCfg_ReadFieldSimple_Type70:
	.byte 0x06, 0x43, 0xb8, 0x01, 0x31, 0xbf, 0x38, 0x61
	.byte 0x81, 0x23, 0xbf, 0x30, 0x43, 0xaf, 0x44, 0x21
	.byte 0xbf, 0x34, 0x61, 0x81, 0x25, 0xaf, 0x40, 0x21
	.byte 0xbf, 0x44, 0x61, 0x81, 0x23, 0xbf, 0x32, 0x43
	.byte 0xaf
DSPCfg_ReadFieldSimple_SetWidth2:
	.byte 0x3c, 0x21, 0xbf, 0x40, 0x61
DSPCfg_ApplyParamStruct:
	.byte 0x81, 0x23, 0xbf, 0x3e, 0x43, 0xcd, 0x08, 0x0c
	.byte 0xda, 0x12, 0xcd, 0x0a, 0x05, 0x23, 0x63, 0xcd
	.byte 0xcf, 0x63, 0x6b, 0x02, 0xcd, 0x8b, 0xb0, 0x43
	.byte 0xaf, 0x38, 0x22, 0x8f, 0x32, 0x23, 0xb2, 0x43
	.byte 0xaf, 0x34, 0x21, 0xb1, 0x00, 0x3c, 0xaf, 0x44
	.byte 0x22, 0x8f, 0x3e, 0x23, 0xb2, 0x43, 0xaf, 0x40
	.byte 0x21, 0xb1, 0x00, 0x00, 0x8f, 0x06, 0x23, 0xb8
	.byte 0x05, 0x43, 0x8f, 0x30, 0x23, 0xb8, 0x06, 0x43
	.byte 0x78, 0xaa, 0x06, 0x80, 0x23, 0xbf, 0x06, 0x43
	.byte 0xb8, 0x01, 0x34, 0x84, 0x25, 0xaf, 0x44, 0x21
	.byte 0x81, 0x24, 0xaf, 0x40, 0x21, 0x81, 0x27, 0xaf
	.byte 0x3c, 0x25, 0x85, 0x23, 0xb0, 0x00, 0x50, 0xb4
	.byte 0x44, 0xaf, 0x44, 0x20, 0xb0
DSPCfg_ApplyParamStruct_Normal:
	ld	xsp, 2954903727
	ld	xhl, 2941911221
	push	xwa
	ldb	w, 176
	nop
	nop
	ld	xwa, (xsp+52)
	ld	c, (xsp+6)
	ld	(xwa), c
	ld	xwa, (xsp+48)
	ld	(xwa), e
	jrl	1641
	ld	c, (xwa)
	ld	(xsp+6), c
	lda	xix, (xwa+1)
	ld	e, (xix)
	ld	xbc, (xsp+68)
	ld	d, (xbc)
	ld	xbc, (xsp+64)
	ld	l, (xbc)
	ld	xiy, (xsp+60)
	ld	c, (xiy)
DSPCfg_ApplyParamStruct_ReadLoop:
	ld	(xwa), 80
	ld	(xix), d
	ld	xwa, (xsp+68)
	ld	(xwa), l
	ld	xwa, (xsp+64)
	ld	(xwa), c
	ld	(xiy), 90
	ld	xwa, (xsp+56)
	ld	(xwa), 0
	ld	xwa, (xsp+52)
	ld	c, (xsp+6)
DSPCfg_ApplyParamStruct_AdvancePtr:
	.byte 0xb0, 0x43, 0xaf, 0x30, 0x20, 0xb0, 0x45, 0x78
	.byte 0x28
DSPCfg_ApplyParamStruct_PackNext:
	.byte 0x06, 0x80, 0x23, 0xbf, 0x06, 0x43, 0xb8, 0x01
	.byte 0x34, 0x84, 0x25, 0xaf, 0x44, 0x21, 0x81, 0x27
	.byte 0xaf, 0x40, 0x25, 0x85
DSPCfg_ApplyParamStruct_CheckSpecial:
	.byte 0x23, 0xb0, 0x47, 0xb4, 0x43, 0xaf, 0x44, 0x20
	.byte 0xb0, 0x00, 0x5a, 0xb5, 0x00, 0x00, 0xaf, 0x3c
	.byte 0x20, 0x8f, 0x06, 0x23, 0xb0, 0x43, 0xaf, 0x38
	.byte 0x20, 0xb0, 0x45, 0x78, 0xf7, 0x05, 0x80, 0x23
	.byte 0xbf, 0x06, 0x43, 0xb8, 0x01, 0x34, 0x84, 0x25
	.byte 0xaf, 0x44, 0x21, 0x81, 0x27, 0xaf, 0x40, 0x25
	.byte 0x85, 0x23, 0xb0, 0x47, 0xb4, 0x43, 0xaf, 0x44
	.byte 0x20, 0xb0, 0x00, 0x5a, 0xb5, 0x00, 0x00, 0xaf
	.byte 0x3c, 0x20, 0x8f
DSPCfg_ApplyParamStruct_Offset2:
	.byte 0x06, 0x23, 0xb0, 0x43
DSPCfg_ApplyParamStruct_Offset1:
	.byte 0xaf, 0x38
DSPCfg_ApplyParamStruct_WriteLoop:
	.byte 0x20, 0xb0, 0x45, 0x78, 0xc6, 0x05, 0x80, 0x23
	.byte 0xbf, 0x06, 0x43, 0xb8, 0x01, 0x31, 0x81, 0x27
	.byte 0xb0, 0x00, 0x02, 0xb1, 0x00, 0x00, 0xaf, 0x44
	.byte 0x21, 0xb1, 0x00, 0x63, 0xaf, 0x40, 0x22, 0x8f
	.byte 0x06, 0x23, 0xb2, 0x43, 0x78, 0xaf, 0x00, 0x80
	.byte 0x23, 0xbf, 0x06, 0x43, 0xb8, 0x01, 0x34, 0x84
	.byte 0x23, 0xc7, 0xea, 0x9b, 0xaf, 0x44
DSPCfg_ApplyParamStruct_WriteReadLoop:
	.byte 0x21, 0x81, 0x26, 0xaf, 0x40, 0x21, 0x81, 0x24
	.byte 0xb8, 0x04, 0x35, 0x85, 0x27, 0xb8, 0x05, 0x36
	.byte 0x86, 0x25, 0xaf, 0x34, 0x21, 0x81, 0x23, 0xc7
	.byte 0xee, 0x9b, 0xaf, 0x30, 0x21, 0x81, 0x23, 0xc7
	.byte 0xeb, 0x9b, 0xaf, 0x2c, 0x21, 0x81, 0x22, 0xc7
	.byte 0xeb, 0x8b
DSPCfg_ApplyParamStruct_WriteSkip2Byte:
	.byte 0xb0, 0x43, 0xb4, 0x42, 0xaf, 0x44, 0x20, 0xb0
	.byte 0x00
DSPCfg_ApplyParamStruct_WriteAdvancePtr:
	.byte 0x40, 0xaf, 0x40, 0x20, 0xb0, 0x44, 0xb5, 0x47
	.byte 0xb6
DSPCfg_ApplyParamStruct_WritePackNext:
	.byte 0x00, 0x0a, 0xaf, 0x34, 0x20, 0xb0, 0x00, 0x0a
	.byte 0xaf, 0x30, 0x20, 0xb0, 0x00, 0x3c, 0xaf, 0x2c
	.byte 0x20, 0xb0, 0x45, 0xaf
DSPCfg_ApplyParamStruct_Return:
	.byte 0x28, 0x21, 0xc7, 0xee, 0x89, 0xb1, 0x41, 0xaf
DSPCfg_ApplyParamStructFull:
	.byte 0x24, 0x20, 0xb0, 0x00, 0x48, 0xaf, 0x20, 0x20
	.byte 0xb0, 0x00, 0x4f, 0xaf, 0x3c, 0x20, 0xc7, 0xea
	.byte 0x8b, 0xb0, 0x43, 0xaf, 0x10, 0x20, 0x8f, 0x06
	.byte 0x23, 0xb0, 0x43, 0xaf, 0x0c, 0x20, 0xb0, 0x46
	.byte 0xaf, 0x08, 0x20, 0xb0, 0x00, 0x00, 0x78, 0x15
	.byte 0x05, 0x80, 0x23, 0xbf, 0x06, 0x43, 0xb8, 0x01
	.byte 0x32, 0x82, 0x27, 0xaf, 0x44, 0x24, 0x84, 0x23
	.byte 0xb0, 0x43, 0xb2, 0x00, 0x5a, 0xb4, 0x00, 0x00
	.byte 0xaf, 0x40, 0x22, 0x8f, 0x06, 0x23, 0xb2, 0x43
	.byte 0xb8, 0x04, 0x47, 0x78, 0xf0, 0x04, 0x80, 0x23
	.byte 0xbf, 0x06, 0x43, 0xb8, 0x01, 0x34, 0x84, 0x27
	.byte 0xaf, 0x44, 0x21, 0x81, 0x25, 0xaf, 0x40, 0x25
	.byte 0x85, 0x23, 0xb0, 0x45, 0xb4, 0x43, 0xaf, 0x44
	.byte 0x20, 0xb0, 0x00, 0x00, 0x8f, 0x06, 0x23, 0xb5
	.byte 0x43, 0xaf, 0x3c, 0x20, 0xb0, 0x47, 0x78, 0xc5
	.byte 0x04, 0x80, 0x23, 0xbf, 0x06, 0x43, 0xb8, 0x01
	.byte 0x33, 0x83, 0x25, 0xaf, 0x44, 0x21, 0x81, 0x24
	.byte 0xaf, 0x40, 0x21, 0x81, 0x23, 0xc7, 0xea, 0x9b
	.byte 0xaf, 0x3c, 0x21, 0x81, 0x23, 0xc7, 0xeb, 0x9b
	.byte 0xaf, 0x38, 0x21, 0x81, 0x23, 0xc7, 0xf0, 0x9b
	.byte 0xaf, 0x34, 0x21, 0x81, 0x23, 0xc7, 0xf4, 0x9b
	.byte 0xaf, 0x30, 0x21, 0x81, 0x23, 0xc7, 0xf8, 0x9b
	.byte 0xb0, 0x44, 0xc7, 0xea, 0x89, 0xb3, 0x41, 0xaf
	.byte 0x44, 0x21, 0xc7, 0xeb, 0x89, 0xb1, 0x41, 0xaf
	.byte 0x40, 0x21, 0xc7, 0xf0, 0x89
DSPCfg_ApplyParamStructFull_RangeCheck:
	.byte 0xb1, 0x41, 0xaf, 0x3c, 0x21, 0xc7, 0xf4, 0x89
	.byte 0xb1, 0x41, 0xaf, 0x38, 0x21, 0xc7, 0xf8, 0x89
	.byte 0xb1, 0x41, 0xaf, 0x34, 0x20, 0xb0, 0x00, 0x12
	.byte 0xaf, 0x30, 0x20, 0x8f, 0x06, 0x23, 0xb0
DspConfig_EventDispatch:
	.byte 0x43, 0xaf, 0x2c, 0x20, 0xb0, 0x45, 0x78, 0x51
	.byte 0x04, 0x80, 0x23, 0xbf, 0x06, 0x43, 0xb8, 0x01
	.byte 0x31, 0xbf, 0x38, 0x61, 0x81, 0x23
AssSwb_SwapEntriesAndDispatch:
	.byte 0xc7, 0xea, 0x9b, 0xaf, 0x44, 0x21, 0x81, 0x23
	.byte 0xc7, 0xee, 0x9b, 0xaf, 0x40, 0x21, 0x81, 0x23
	.byte 0xc7, 0xe6, 0x9b, 0xb8, 0x04, 0x34, 0x84, 0x26
	.byte 0xb8, 0x05, 0x35, 0x85, 0x24, 0xaf, 0x34, 0x26
	.byte 0x86, 0x22, 0xaf, 0x30, 0x26, 0x86, 0x27, 0xaf
	.byte 0x2c, 0x26, 0x86, 0x25, 0xaf, 0x28, 0x26, 0x86
	.byte 0x23, 0xc7, 0xe7, 0x9b, 0xaf, 0x24, 0x26, 0x86
	.byte 0x23, 0xc7, 0xeb, 0x9b, 0xaf, 0x20, 0x26, 0x86
	.byte 0x23, 0xc7, 0xef, 0x9b, 0xc7, 0xee, 0x8b, 0xb0
	.byte 0x43, 0xaf, 0x38, 0x26, 0xc7, 0xe6, 0x89, 0xb6
	.byte 0x41, 0xaf, 0x44, 0x26, 0xb6, 0x46, 0xaf, 0x40
	.byte 0x26, 0xb6, 0x44, 0xb4, 0x42, 0xb5, 0x47, 0xaf
	.byte 0x34, 0x20, 0xb0, 0x45, 0xaf, 0x30, 0x20, 0xc7
	.byte 0xe7, 0x8b, 0xb0, 0x43, 0xaf, 0x2c, 0x20, 0xc7
	.byte 0xeb, 0x8b, 0xb0, 0x43, 0xaf, 0x28, 0x20, 0xc7
	.byte 0xef, 0x8b, 0xb0, 0x43, 0xaf, 0x24, 0x20, 0xb0
	.byte 0x00, 0x00, 0xaf, 0x20, 0x20, 0x8f, 0x06, 0x23
	.byte 0xb0, 0x43, 0xaf, 0x3c, 0x20, 0xc7, 0xea, 0x8b
	.byte 0xb0, 0x43, 0x78, 0xaf, 0x03, 0x80, 0x23, 0xbf
	.byte 0x06, 0x43, 0xb8, 0x01, 0x31, 0xbf, 0x28, 0x61
	.byte 0x81, 0x23, 0xbf, 0x3a, 0x43, 0xaf, 0x44, 0x21
	.byte 0x81, 0x25, 0xaf, 0x40, 0x21, 0x81, 0x27, 0xb8
	.byte 0x04, 0x31, 0xbf, 0x1c, 0x61, 0x81, 0x24, 0xb8
	.byte 0x05, 0x31, 0xbf, 0x18, 0x61, 0x81, 0x23, 0xc7
	.byte 0xea, 0x9b, 0xaf, 0x34, 0x21, 0x81, 0x23, 0xc7
	.byte 0xee, 0x9b, 0xaf, 0x30, 0x21, 0x81, 0x23, 0xc7
	.byte 0xeb, 0x9b, 0xaf, 0x2c, 0x21, 0x81, 0x26, 0xb8
	.byte 0x09, 0x31, 0xbf, 0x14, 0x61, 0x81, 0x23, 0xc7
	.byte 0xef, 0x9b, 0xaf, 0x24, 0x21, 0x81, 0x23, 0xc7
	.byte 0xf0, 0x9b, 0xaf, 0x20, 0x21, 0x81, 0x22, 0xaf
	.byte 0x3c, 0x25, 0x85, 0x23, 0xc7, 0xe6, 0x9b, 0xb0
	.byte 0x45, 0xaf, 0x28, 0x20, 0xb0, 0x47, 0xaf, 0x44
	.byte 0x25, 0xb5, 0x44, 0xaf, 0x40, 0x25, 0xc7, 0xea
	.byte 0x89, 0xb5, 0x41, 0xaf, 0x1c, 0x25, 0xc7, 0xee
	.byte 0x89, 0xb5, 0x41, 0xc7, 0xeb, 0x8b, 0xaf, 0x18
	.byte 0x20, 0xb0, 0x43, 0xaf, 0x34, 0x20, 0xb0, 0x46
	.byte 0xaf, 0x30, 0x20, 0xc7, 0xef, 0x8b, 0xb0, 0x43
	.byte 0xaf, 0x2c, 0x20, 0xb0, 0x00, 0x50, 0xc7, 0xf0
	.byte 0x8b, 0xaf, 0x14, 0x20, 0xb0, 0x43, 0xaf, 0x24
	.byte 0x20, 0xb0, 0x42, 0xaf, 0x20, 0x20, 0xc7, 0xe6
	.byte 0x8b, 0xb0, 0x43, 0xaf, 0x3c, 0x20, 0xb0, 0x00
	.byte 0x5a, 0xaf, 0x10, 0x20, 0xb0, 0x00, 0x00, 0xaf
	.byte 0x0c, 0x20, 0x8f, 0x06, 0x23, 0xb0, 0x43, 0xaf
	.byte 0x08, 0x20, 0x8f, 0x3a, 0x23, 0xb0, 0x43, 0x78
	.byte 0xe2, 0x02, 0x80, 0x23, 0xbf, 0x06, 0x43, 0xb8
	.byte 0x01, 0x31, 0xbf, 0x28, 0x61, 0x81, 0x23, 0xbf
	.byte 0x3a, 0x43, 0xaf, 0x44, 0x21, 0x81, 0x23, 0xc7
	.byte 0xea, 0x9b, 0xaf, 0x40, 0x21, 0x81, 0x26, 0xb8
	.byte 0x04, 0x31, 0xbf, 0x20, 0x61, 0x81, 0x24
DSPCfg_EventType36_ClampResult:
	.byte 0xb8, 0x05, 0x31, 0xbf, 0x1c, 0x61, 0x81, 0x27
	.byte 0xaf, 0x34, 0x21, 0x81, 0x25, 0xaf, 0x30, 0x21
	.byte 0x81, 0x23, 0xc7, 0xee, 0x9b, 0xaf, 0x2c, 0x21
	.byte 0x81, 0x23, 0xc7, 0xeb, 0x9b, 0xb8, 0x09, 0x31
	.byte 0xbf, 0x18, 0x61, 0x81, 0x23, 0xc7, 0xef, 0x9b
	.byte 0xaf, 0x24, 0x21, 0x81, 0x23, 0xc7, 0xf0, 0x9b
	.byte 0xb8, 0x0b, 0x31, 0xbf, 0x14, 0x61, 0x81, 0x23
	.byte 0xc7, 0xf4, 0x9b, 0xaf, 0x3c, 0x21, 0x81, 0x22
	.byte 0xc7, 0xea, 0x8b, 0xb0, 0x43, 0xaf, 0x28, 0x20
	.byte 0xb0, 0x46, 0xaf, 0x44, 0x20, 0xb0, 0x44, 0xaf
	.byte 0x40, 0x20, 0xb0, 0x47, 0xaf, 0x20, 0x20, 0xb0
	.byte 0x45, 0xaf, 0x1c, 0x26, 0xc7, 0xee, 0x89, 0xb6
	.byte 0x41, 0xaf, 0x34, 0x26, 0xc7, 0xeb, 0x89, 0xb6
	.byte 0x41, 0xaf, 0x30, 0x20, 0xc7, 0xef, 0x8b, 0xb0
	.byte 0x43, 0xaf, 0x2c, 0x20, 0xb0, 0x00, 0x50, 0xc7
	.byte 0xf0, 0x8b, 0xaf, 0x18, 0x20, 0xb0, 0x43, 0xaf
	.byte 0x24, 0x20, 0xc7, 0xf4, 0x8b, 0xb0, 0x43, 0xaf
	.byte 0x14, 0x20, 0xb0, 0x42, 0xaf, 0x3c, 0x20, 0xb0
	.byte 0x00, 0x5a, 0xaf, 0x10, 0x20, 0xb0, 0x00, 0x00
	.byte 0xaf, 0x0c, 0x20, 0x8f, 0x06, 0x23, 0xb0, 0x43
	.byte 0xaf, 0x08, 0x20, 0x8f, 0x3a, 0x23, 0xb0, 0x43
	.byte 0x78, 0x12, 0x02, 0x80, 0x23, 0xbf, 0x06
DSPCfg_EventType30:
	.byte 0x43, 0xb8, 0x01, 0x31, 0xbf, 0x3c, 0x61, 0x81
	.byte 0x25, 0xaf, 0x44, 0x21, 0x81, 0x23, 0xc7, 0xee
	.byte 0x9b, 0xaf, 0x40, 0x21, 0x81, 0x23, 0xc7, 0xea
	.byte 0x9b, 0xb8, 0x04, 0x34, 0x84, 0x26, 0xb8, 0x05
	.byte 0x35, 0x85, 0x24, 0xaf, 0x34, 0x21, 0x81, 0x27
	.byte 0xaf, 0x30, 0x21, 0x81, 0x23, 0xc7, 0xeb, 0x9b
	.byte 0xaf
DSPCfg_EventType32:
	.byte 0x2c, 0x21, 0x81, 0x23, 0xc7, 0xef, 0x9b, 0xb0
	.byte 0x00, 0x02, 0xaf, 0x3c, 0x21, 0xb1, 0x00, 0x00
	.byte 0xaf, 0x44, 0x21, 0xb1, 0x00, 0x63, 0xaf, 0x40
	.byte 0x26, 0xc7, 0xee, 0x8b, 0xb6, 0x43, 0xc7, 0xea
	.byte 0x8b, 0xb4, 0x43, 0xb5, 0x46, 0xaf, 0x34, 0x21
	.byte 0xb1, 0x44, 0xaf, 0x30, 0x21, 0xb1, 0x47, 0xaf
	.byte 0x2c
DSPCfg_EventType34:
	.byte 0x24, 0xc7, 0xeb, 0x8b, 0xb4, 0x43, 0xc7, 0xef
	.byte 0x8b, 0xb8, 0x09, 0x43, 0xaf, 0x24, 0x23, 0x8f
	.byte 0x06, 0x23, 0xb3, 0x43, 0xb8, 0x0b, 0x45, 0x78
	.byte 0x92, 0x01, 0x80, 0x23, 0xbf, 0x06, 0x43, 0xb8
	.byte 0x01
DSPCfg_EventType35:
	.byte 0x34, 0x84, 0x26, 0xaf, 0x44, 0x21, 0x81, 0x24
	.byte 0xaf, 0x40, 0x21, 0x81, 0x27, 0xaf, 0x3c, 0x21
	.byte 0x81, 0x25, 0xaf, 0x38, 0x25, 0x85, 0x23, 0xb0
	.byte 0x46, 0xb4, 0x44, 0xaf, 0x44, 0x20, 0xb0, 0x47
	.byte 0xaf, 0x40, 0x20, 0xb0, 0x45, 0xaf, 0x3c, 0x20
	.byte 0xb0, 0x43, 0x8f, 0x06, 0x23, 0xb5, 0x43, 0x78
	.byte 0x59, 0x01, 0x80, 0x23, 0xbf, 0x06, 0x43, 0xb8
	.byte 0x01, 0x31, 0xbf, 0x2c, 0x61, 0x81, 0x23, 0xc7
	.byte 0xe7, 0x9b, 0xaf, 0x44, 0x22, 0x82, 0x23, 0xc7
	.byte 0xeb, 0x9b, 0xaf, 0x40, 0x23, 0x83, 0x23, 0xc7
	.byte 0xee, 0x9b, 0xb8, 0x04, 0x34, 0xbf, 0x28, 0x64
	.byte 0x84, 0x23, 0xc7, 0xea, 0x9b, 0xb8, 0x05, 0x34
	.byte 0xbf, 0x20, 0x64, 0x84, 0x23, 0xc7, 0xe6, 0x9b
	.byte 0xaf, 0x34, 0x24, 0x84, 0x26, 0xaf, 0x30, 0x24
	.byte 0x84, 0x24, 0xb8, 0x08, 0x34, 0x84, 0x22, 0xb8
	.byte 0x09, 0x35, 0x85, 0x27, 0xaf, 0x24, 0x26, 0x86
	.byte 0x25, 0xaf, 0x38, 0x26, 0xb6, 0x00, 0x62, 0xb0
	.byte 0x00, 0x5b, 0xaf, 0x2c, 0x26, 0xb6, 0x00, 0x98
DSPCfg_EventType36:
	.byte 0xaf, 0x44, 0x26, 0xc7, 0xeb, 0x8b, 0xb6, 0x43
	.byte 0xaf, 0x40, 0x26, 0xc7, 0xee, 0x8b, 0xb6, 0x43
	.byte 0xaf, 0x28, 0x26, 0xc7, 0xea, 0x8b, 0xb6, 0x43
	.byte 0xaf, 0x20, 0x26, 0xc7, 0xe6, 0x8b, 0xb6
DSPCfg_EventType36_StoreTail:
	.byte 0x43, 0xaf, 0x34, 0x26, 0xb6, 0x46, 0xaf, 0x30
	.byte 0x26, 0xb6, 0x44, 0xb4, 0x42, 0xb5, 0x47, 0xaf
	.byte 0x24, 0x23, 0xb3, 0x45, 0x8f, 0x06, 0x23, 0xb8
	.byte 0x0b, 0x43, 0xaf, 0x3c, 0x20, 0xc7, 0xe7, 0x8b
	.byte 0xb0, 0x43, 0xaf, 0x10, 0x20, 0xb0, 0x00, 0x00
	.byte 0x78, 0xb1, 0x00, 0x80, 0x23, 0xbf, 0x06, 0x43
	.byte 0xb8, 0x01, 0x31, 0xbf, 0x40, 0x61, 0x81, 0x27
	.byte 0xaf, 0x44, 0x21, 0x81, 0x23, 0xc7, 0xea, 0x9b
	.byte 0xb8, 0x03, 0x31, 0xbf, 0x30, 0x61, 0x81, 0x26
	.byte 0xb8, 0x04, 0x31, 0xbf, 0x2c, 0x61, 0x81, 0x24
	.byte 0xb8, 0x05, 0x31, 0xbf, 0x28, 0x61, 0x81, 0x23
	.byte 0xc7, 0xee, 0x9b, 0xaf, 0x34, 0x21, 0x81, 0x25
	.byte 0xb8, 0x07, 0x31, 0xbf, 0x20, 0x61, 0x81, 0x23
	.byte 0xc7, 0xeb, 0x9b, 0xb8, 0x08, 0x31, 0xbf, 0x1c
	.byte 0x61, 0x81, 0x23, 0xc7, 0xe7, 0x9b, 0xb8, 0x09
	.byte 0x34, 0x84, 0x23, 0xc7, 0xe6, 0x9b, 0xaf, 0x24
	.byte 0x25, 0x85, 0x22, 0xaf, 0x38, 0x25, 0xb5, 0x00
	.byte 0x63, 0xb0, 0x00, 0x5b, 0xaf, 0x40, 0x25, 0xb5
	.byte 0x00, 0x98, 0xaf, 0x44, 0x25, 0xc7, 0xea, 0x8b
	.byte 0xb5, 0x43, 0xaf, 0x30, 0x25, 0xb5, 0x46, 0xaf
	.byte 0x2c, 0x25, 0xb5, 0x44, 0xaf
DSPCfg_EventType40:
	.byte 0x28, 0x25, 0xc7, 0xee, 0x8b, 0xb5, 0x43, 0xaf
	.byte 0x34, 0x25, 0xb5, 0x45, 0xaf, 0x20, 0x25, 0xc7
	.byte 0xeb, 0x8b, 0xb5, 0x43, 0xc7, 0xe7, 0x8b, 0xaf
	.byte 0x1c, 0x22, 0xb2, 0x43, 0xc7, 0xe6, 0x8b, 0xb4
	.byte 0x43, 0xaf, 0x24, 0x22, 0xb2, 0x42, 0x8f, 0x06
	.byte 0x23, 0xb8, 0x0b, 0x43, 0xaf, 0x3c, 0x20, 0xb0
	.byte 0x47, 0xaf, 0x10, 0x20, 0xb0, 0x00, 0x01, 0x9f
	.byte 0x04, 0x23, 0x5e, 0xbf, 0x44, 0x37, 0x0e, 0x0e
	.byte 0x33, 0x00, 0x01, 0x0e, 0x33, 0xff, 0xff, 0x0e
	.byte 0x33, 0xff, 0xff, 0x0e, 0x33, 0x00, 0x01, 0x0e
	.byte 0x33, 0x00, 0x01, 0x0e, 0x1d, 0x77, 0x66, 0xfc
	.byte 0x1d, 0x35, 0x68, 0xfc, 0x1d, 0xbc, 0x7a, 0xf9
	.byte 0x1d, 0x1c, 0xa0, 0xfe, 0x1d, 0x02, 0x7c, 0xf9
	.byte 0x1b, 0xb6, 0xe9, 0xf1, 0x3e, 0xd8, 0x8e, 0xde
	.byte 0xd8, 0x6e, 0x08, 0x1d, 0xca, 0xd3, 0xfd, 0x1d
	.byte 0xaf, 0xfe, 0xfe, 0xd7, 0xfa, 0xa8, 0x68, 0x23
	.byte 0x3e, 0xde, 0x8a, 0xea, 0x12, 0xea, 0xee, 0x02
	.byte 0xd7, 0xfa, 0x88, 0xe8, 0x12, 0xe8, 0xee, 0x02
	.byte 0x41, 0x7e, 0x8c, 0xee, 0x00, 0xe8, 0x81, 0xa1
	.byte 0x20, 0xea, 0x80, 0xa0, 0x23, 0xb3, 0xe8, 0x5e
	.byte 0xd7, 0xfa
DSPCfg_EventType42:
	.byte 0x61, 0xd7, 0xfa, 0x88, 0xe8, 0x12, 0xe8, 0xee
	.byte 0x02, 0x41, 0x7e, 0x8c, 0xee, 0x00, 0xe8, 0x81
	.byte 0xa1, 0x20, 0xe8, 0xe0, 0x6e, 0xc8, 0xde, 0xd8
	.byte 0xf2, 0x5d, 0xd3, 0xfd, 0xe6, 0x5e, 0x0e, 0xf1
	.byte 0x62, 0xc1, 0x31, 0xb1, 0x00, 0x01, 0xb9, 0x01
	.byte 0x00, 0xff, 0xb9, 0x02, 0x00, 0xff, 0xb9, 0x03
	.byte 0x00, 0xff, 0xc1, 0x26, 0xc2, 0x3e, 0x7f, 0xc1
	.byte 0x27, 0xc2, 0x3c, 0x01, 0xc1, 0x28, 0xc2, 0x3e
	.byte 0xfe, 0xc1, 0x29, 0xc2, 0x3c, 0x01, 0xc1, 0x2a
	.byte 0xc2, 0x3e, 0x7f, 0xc1, 0x2b, 0xc2, 0x3c, 0x01
	.byte 0xc1, 0x2c, 0xc2, 0x3e, 0xfe, 0xc1, 0x2d, 0xc2
	.byte 0x3c, 0x01, 0xc1, 0x2e, 0xc2, 0x3e, 0x7f, 0xc1
	.byte 0x2f, 0xc2, 0x3c, 0x01, 0xc1, 0x30, 0xc2, 0x3e
	.byte 0xfe, 0xc1, 0x31, 0xc2, 0x3c, 0x01, 0xc1, 0x32
	.byte 0xc2, 0x3e, 0x7f, 0xc1, 0x33, 0xc2, 0x3c, 0x01
	.byte 0xc1, 0x34, 0xc2, 0x3e, 0xfe, 0xc1, 0x35, 0xc2
	.byte 0x3c, 0x01, 0xc1, 0x36, 0xc2, 0x3e, 0x7f, 0xc1
	.byte 0x37, 0xc2, 0x3c, 0x01, 0xc1, 0x38, 0xc2, 0x3e
	.byte 0xfe, 0xc1, 0x39, 0xc2, 0x3c, 0x01, 0xda, 0xa8
	.byte 0xda, 0xcf, 0x20, 0x00, 0x79, 0xb0, 0x00, 0xda
	.byte 0x88, 0xd8, 0x64, 0xf3, 0x07, 0xe4, 0xe0, 0x00
	.byte 0xff, 0xda, 0x88, 0xd8, 0xc8, 0x24, 0x00, 0xf3
	.byte 0x07, 0xe4, 0xe0, 0x00, 0xff, 0xda, 0x88, 0xd8
	.byte 0xc8, 0x44, 0x00, 0xf3, 0x07, 0xe4, 0xe0, 0x00
	.byte 0xff, 0xda, 0x88, 0xd8, 0xc8, 0x64, 0x00, 0xf3
	.byte 0x07, 0xe4, 0xe0, 0x00, 0xff
DSPCfg_EventType44:
	.byte 0xda, 0x88, 0xd8, 0xc8, 0x64, 0x00, 0xf3, 0x07
	.byte 0xe4, 0xe0, 0x00, 0xff, 0xda, 0x88, 0xd8, 0x80
	.byte 0xd8, 0xc8, 0xe4, 0x00, 0xf3, 0x07, 0xe4, 0xe0
	.byte 0xb7, 0xda, 0x88, 0xd8, 0x80, 0xd8, 0xc8, 0xe4
	.byte 0x00, 0xc3, 0x07, 0xe4, 0xe0, 0x3c, 0x8f, 0xda
	.byte 0x88, 0xd8, 0x80, 0xd8, 0xc8, 0x24, 0x01, 0xf3
	.byte 0x07, 0xe4, 0xe0, 0xb7, 0xda, 0x88, 0xd8, 0x80
	.byte 0xd8, 0xc8, 0x24, 0x01, 0xf3, 0x07, 0xe4, 0xe0
	.byte 0xbe, 0xda, 0x88, 0xd8, 0x80, 0xd8, 0xc8, 0x24
	.byte 0x01, 0xf3, 0x07, 0xe4, 0xe0, 0xbd, 0xda, 0x88
	.byte 0xd8, 0x80, 0xd8, 0xc8, 0x24, 0x01, 0xf3, 0x07
	.byte 0xe4, 0xe0, 0xb4, 0xda, 0x88, 0xd8, 0x80, 0xd8
	.byte 0xc8, 0x24, 0x01, 0xc3, 0x07, 0xe4, 0xe0, 0x3c
	.byte 0xf1, 0xda, 0x88, 0xd8, 0x80, 0xd8, 0xc8, 0x24
	.byte 0x01, 0xe8, 0x13, 0xe9, 0x80, 0x88, 0x01, 0x3c
	.byte 0x0f, 0xda, 0x61, 0xda, 0xcf, 0x20, 0x00, 0x71
	.byte 0x50, 0xff, 0xda, 0xa8, 0xda, 0xcf, 0x10, 0x00
	.byte 0x69, 0x2c, 0xda, 0x88, 0xd8, 0xc8, 0x84, 0x00
	.byte 0xf3, 0x07, 0xe4, 0xe0, 0x00, 0xff, 0xda, 0x88
	.byte 0xd8, 0xc8, 0x94, 0x00, 0xf3, 0x07, 0xe4, 0xe0
	.byte 0x00, 0xff, 0xda, 0x88, 0xd8, 0xc8, 0xa4, 0x00
	.byte 0xf3, 0x07, 0xe4, 0xe0, 0x00, 0xff, 0xda, 0x61
	.byte 0xda, 0xcf, 0x10, 0x00, 0x61, 0xd4, 0xda, 0xa8
	.byte 0xda, 0xcf, 0x08, 0x00, 0x69, 0x20, 0xda, 0x88
	.byte 0xd8, 0xc8, 0xb4, 0x00, 0xf3, 0x07, 0xe4, 0xe0
	.byte 0x00, 0xff, 0xda, 0x88, 0xd8, 0xc8, 0xbc, 0x00
DSPCfg_EventType46:
	.byte 0xf3, 0x07, 0xe4, 0xe0, 0x00, 0xff, 0xda, 0x61
	.byte 0xda, 0xcf, 0x08, 0x00, 0x61, 0xe0, 0xda, 0xa8
	.byte 0xda, 0xcf, 0x08, 0x00, 0x69, 0x58, 0xda, 0x88
	.byte 0xd8, 0xec, 0x02, 0xd8, 0xc8, 0xc4, 0x00, 0xf3
	.byte 0x07, 0xe4, 0xe0, 0xb7, 0xda, 0x88, 0xd8, 0xec
	.byte 0x02, 0xd8, 0xc8, 0xc4, 0x00, 0xc3, 0x07, 0xe4
	.byte 0xe0, 0x3e, 0x7f, 0xda, 0x88, 0xd8, 0xec, 0x02
	.byte 0xd8, 0xc8, 0xc4, 0x00, 0xe8, 0x13, 0xe9, 0x80
	.byte 0x88, 0x01, 0x3c, 0x01, 0xda, 0x88, 0xd8, 0xec
	.byte 0x02, 0xd8, 0xc8, 0xc4, 0x00, 0xe8, 0x13, 0xe9
	.byte 0x80, 0x88, 0x02, 0x3e, 0xfe, 0xda, 0x88, 0xd8
	.byte 0xec, 0x02, 0xd8, 0xc8, 0xc4, 0x00, 0xe8, 0x13
	.byte 0xe9, 0x80, 0x88, 0x03, 0x3c, 0x01, 0xda, 0x61
	.byte 0xda, 0xcf, 0x08, 0x00, 0x61, 0xa8, 0xb1, 0x00
	.byte 0x01, 0xb9, 0x04, 0x00, 0x00, 0x45, 0x62, 0xc1
	.byte 0x00, 0x00, 0x44, 0xc8, 0xc2, 0x00, 0x00, 0x31
DSPCfg_EventType10to1B:
	.byte 0xb3, 0x00, 0x95, 0x11, 0xda, 0xa8, 0xda, 0xcf
	.byte 0xa1, 0x00, 0x69, 0x26, 0xda, 0x88, 0xd8, 0x80
	.byte 0xf1, 0x8e, 0xc5, 0x31, 0xe8, 0x12, 0xe9, 0x80
	.byte 0xb0, 0x00, 0x10, 0xda, 0x88, 0xd8, 0x80, 0xf1
	.byte 0x8f, 0xc5, 0x31, 0xe8, 0x12, 0xe9, 0x80, 0xb0
	.byte 0x00, 0x00, 0xda, 0x61, 0xda, 0xcf, 0xa1, 0x00
	.byte 0x61, 0xda, 0xf1, 0xce, 0xc9, 0x00, 0x08, 0xf1
	.byte 0xcf
DSPCfg_EventType50:
	.byte 0xc9, 0x00, 0x00, 0xf1, 0xd0, 0xc9, 0x00, 0x08
	.byte 0xf1, 0xd1, 0xc9, 0x00, 0x00, 0xf1, 0xd2, 0xc9
	.byte 0x00, 0x10, 0xf1, 0xd3, 0xc9, 0x00, 0x00, 0x1b
	.byte 0xc2, 0xb2, 0xfe, 0xd1, 0xf8, 0xc4, 0x20, 0xd8
	.byte 0x33, 0x02, 0xb0, 0xf6, 0x1d, 0x87, 0xe8, 0xfd
	.byte 0xd1, 0xf8, 0xc4, 0x3c, 0xfb, 0xff, 0xf1, 0x67
	.byte 0xfc, 0xc9, 0x66, 0x14, 0xd1, 0xf8, 0xc4, 0x20
	.byte 0xd8, 0x33, 0x04, 0x6e, 0x06, 0xf1, 0x62, 0xc1
	.byte 0xba, 0x68, 0x05, 0xf1, 0x62, 0xc1, 0x00, 0x00
	.byte 0xf1, 0x62, 0xc1, 0xb3, 0xf1, 0x18, 0xc2, 0x00
	.byte 0xff, 0xf1, 0x20, 0xc2, 0x00, 0xff, 0xf1, 0x64
	.byte 0xc1, 0x00, 0xff, 0xf1, 0x65, 0xc1, 0x00, 0xff
	.byte 0xd1, 0x00, 0xc5, 0x3e, 0x01, 0x01, 0xc1, 0x98
	.byte 0x8c, 0x21, 0xd8, 0x12, 0xd8, 0xec, 0x02, 0xf2
	.byte 0xf4, 0x8c, 0xee, 0x31, 0xe3, 0x07, 0xe4, 0xe0
	.byte 0x23, 0xeb, 0x89, 0xf2, 0x09, 0xe5, 0xfd, 0x30
	.byte 0xe9, 0xf0, 0xb0, 0xf6, 0xd8, 0xa8, 0xb3, 0xe8
	.byte 0x1d, 0xb1, 0xe5, 0xfd, 0x1d, 0x0e, 0xe5, 0xfd
	.byte 0x1d, 0x2b, 0xe5, 0xfd, 0x1d, 0xd8, 0xe7, 0xfd
	.byte 0x1d, 0x40, 0xf2, 0xfd, 0x0e, 0x1d, 0x87, 0xe8
	.byte 0xfd, 0xd1, 0xfc, 0xc4, 0x20, 0xd8, 0xcc, 0x60
DSPCfg_EventType51:
	.byte 0x00, 0xf2, 0x26, 0xee, 0xfd, 0xe6, 0xf1, 0x67
	.byte 0xfc, 0xc9, 0x66, 0x14, 0xd1, 0xf8, 0xc4, 0x20
	.byte 0xd8, 0x33, 0x04, 0x6e, 0x06, 0xf1, 0x62, 0xc1
	.byte 0xba, 0x68, 0x05, 0xf1, 0x62, 0xc1, 0x00, 0x00
	.byte 0xf1, 0x62, 0xc1, 0xb3, 0xf1, 0x18, 0xc2, 0x00
	.byte 0xff, 0xf1, 0x20, 0xc2, 0x00, 0xff, 0xf1, 0x64
	.byte 0xc1, 0x00, 0xff, 0xf1, 0x65, 0xc1, 0x00, 0xff
	.byte 0xd1, 0x00, 0xc5, 0x3e, 0x01, 0x01, 0xc1, 0x98
	.byte 0x8c, 0x21, 0xd8, 0x12, 0xd8, 0xec, 0x02, 0xf2
	.byte 0xf4, 0x8c, 0xee, 0x31, 0xe3, 0x07, 0xe4, 0xe0
	.byte 0x23, 0xeb, 0x89, 0xf2, 0x09, 0xe5, 0xfd, 0x30
	.byte 0xe9, 0xf0, 0xb0, 0xf6, 0xd8, 0xa8, 0xb3, 0xe8
	.byte 0x1d, 0xb1, 0xe5, 0xfd, 0x1d, 0x0e, 0xe5, 0xfd
	.byte 0x1d, 0x2b, 0xe5, 0xfd, 0x1d, 0xd8, 0xe7, 0xfd
	.byte 0x1d, 0x40, 0xf2, 0xfd, 0x0e, 0x1d, 0x21, 0xed
	.byte 0xfd, 0x1b, 0x40, 0xf2, 0xfd, 0x1d, 0xfd, 0xed
	.byte 0xfd, 0x1b, 0x40, 0xf2, 0xfd, 0xc9, 0xd8, 0x66
	.byte 0x0f, 0xd1, 0xfc, 0xc4, 0x20, 0xd8, 0x33, 0x02
	.byte 0x66, 0x1b, 0xf1, 0xb2, 0x28, 0xc8, 0x66, 0x15
	.byte 0xd1, 0xfa, 0xc4, 0x3c, 0xff, 0xfd, 0xf1, 0xe8
	.byte 0x31, 0xb0, 0x1d, 0x26, 0xee, 0xfd, 0xf1, 0x04
	.byte 0xc5, 0x00, 0x00, 0x68, 0x20, 0xd1, 0xfa, 0xc4
	.byte 0x3e
DSPCfg_Epilogue:
	.byte 0x00, 0x02, 0x1d, 0xb8, 0xa7, 0xf5, 0xd1, 0xfa
DSPCfg_ReturnValueTable:
	.incbin "includes/generated/v7_fix_dspcfg_returnvaluetable.bin"
	.include "boot/screen_group_dispatch.s"

AudioInit_ProcessModeChange:
	.byte 0xff, 0x68, 0x33, 0xcf, 0x89, 0xd8, 0x12, 0xf2
	.byte 0xf4, 0x8d, 0xee, 0x31, 0xc3, 0x07, 0xe4, 0xe0
	.byte 0x21, 0xd8, 0x12, 0xf1, 0x86, 0xc1, 0x31, 0xd8
	.byte 0x8a, 0xea, 0x12, 0xe9, 0x82, 0xcf, 0x89, 0xd8
	.byte 0x12, 0xd8, 0xec, 0x02, 0xf2, 0x74, 0x8d, 0xee
AudioModeChange_ClearVoiceFlags:
	.byte 0x31, 0xe3, 0x07, 0xe4, 0xe0
AudioModeChange_Handler:
	.byte 0x20, 0x88, 0x0d, 0x21, 0xc9, 0xcc, 0x0f, 0xb2
	.byte 0x41, 0xd1, 0x00, 0xc5, 0x3e, 0x08, 0x00, 0xd1
	.byte 0xf8, 0xc4, 0x3e, 0x04, 0x00, 0x0e, 0xcd, 0x33
	.byte 0x00, 0xb0, 0xf6, 0xcc, 0x33, 0x00, 0x66, 0x2d
	.byte 0xcf, 0x89, 0xd8, 0x12, 0xf2, 0xf4, 0x8d, 0xee
	.byte 0x31, 0xc3, 0x07, 0xe4, 0xe0, 0x21, 0xd8, 0x12
	.byte 0xd8, 0x80, 0xd8, 0x89, 0xd9, 0xc8, 0xe4, 0x00
	.byte 0xf1, 0x63, 0xc1, 0x32, 0xc1, 0x6a, 0xfc, 0x21
	.byte 0xc9, 0xcc, 0xff, 0xc9, 0xca, 0x40, 0xf3, 0x07
	.byte 0xe8, 0xe4, 0x41, 0x68, 0x20, 0xcf, 0x89, 0xd8
	.byte 0x12, 0xf2, 0xf4, 0x8d, 0xee
Audio_CheckSubsystemReady:
	.byte 0x31, 0xc3, 0x07, 0xe4, 0xe0, 0x21, 0xd8, 0x12
	.byte 0xd8, 0x80, 0xd8, 0xc8, 0xe4, 0x00, 0xf1, 0x63
	.byte 0xc1, 0x31, 0xf3, 0x07, 0xe4, 0xe0, 0x00, 0x00
	.byte 0xd1, 0xf8, 0xc4, 0x3e, 0x04, 0x00, 0x0e, 0x2e
	.byte 0xc1, 0xe1, 0xbf, 0x21, 0xd8, 0x12
AudioSubsystem_ClearVoiceFlags:
	cps	wa, 0
	jrl	mi, 606
AudioSubsystem_Callback:
	.byte 0xd8, 0xde, 0x7a, 0x59, 0x02, 0xd8, 0x80, 0xf2
	.byte 0x48, 0x8e, 0xee, 0x34, 0xd3, 0x07, 0xf0, 0xe0
	.byte 0x20, 0xf2, 0xfe, 0xda, 0xfd, 0x34, 0xf3, 0x07
	.byte 0xf0, 0xe0, 0xd8, 0xc1, 0xe3, 0xbf, 0x21, 0xc9
	.byte 0xcc, 0x07, 0x76, 0xb7, 0x00, 0xd1, 0xfc, 0xc4
	.byte 0x20, 0xd8, 0x33, 0x06, 0x66, 0x2c, 0xc1, 0x5e
	.byte 0xfc, 0x21, 0xc9, 0xcc, 0x07, 0xd8, 0x12, 0xd8
	.byte 0x80, 0xf2, 0x28, 0x8e, 0xee, 0x31, 0xd3, 0x07
	.byte 0xe4, 0xe0, 0x26, 0xc1, 0x5d, 0xfc, 0x21, 0xc9
	.byte 0xcc, 0x08, 0xd8, 0x12, 0xd8, 0x80, 0xf2, 0x28
	.byte 0x8e, 0xee, 0x31, 0xd3, 0x07
AudioInit_SelectAndDispatch:
	.byte 0xe4, 0xe0, 0xe6, 0x68, 0x3c, 0xd1, 0xfc, 0xc4
AudioInit_CheckMIDIAndDispatch:
	.byte 0x20, 0xd8, 0xcc, 0x22, 0x00, 0xd8, 0xcf, 0x20
Audio_InitDispatchReturn:
	.byte 0x00, 0x6e, 0x19, 0xde, 0xaa, 0xc1, 0x5d, 0xfc
	.byte 0x21, 0xc9, 0xcc, 0x08, 0xd8, 0x12, 0xd8, 0x80
	.byte 0xf2, 0x28, 0x8e
AudioDispatch_ClearAccFlags:
	.byte 0xee, 0x31, 0xd3, 0x07, 0xe4, 0xe0, 0xe6, 0x68
	.byte 0x15, 0xc1, 0x5d, 0xfc, 0x21, 0xc9, 0xcc, 0x0f
	.byte 0xd8, 0x12, 0xd8, 0x80, 0xf2
AudioDispatch_SetAccMode:
	.byte 0x28, 0x8e, 0xee, 0x31, 0xd3, 0x07, 0xe4, 0xe0
	.byte 0x26, 0xd1, 0xfa, 0xc4, 0x20, 0xd8, 0xcc, 0x06
	.byte 0x00, 0x66, 0x12, 0xde, 0x88, 0xd8, 0xcc, 0x06
	.byte 0x00, 0x66, 0x0a
AudioDispatch_SetTimerBase:
	.byte 0xd1, 0xfa, 0xc4, 0x20, 0xd8
AudioDispatch_CheckStereoMode:
	.byte 0xcc, 0x07, 0x00, 0x6e, 0x04, 0x1d, 0x26, 0xee
	.byte 0xfd, 0xd1, 0xfa, 0xc4, 0x3c, 0xe8, 0xff, 0xd1
	.byte 0xfa, 0xc4, 0xee, 0xd1, 0xf8
AudioDispatch_ClearVoiceFlags:
	.byte 0xc4, 0x3e, 0x04, 0x00, 0xd1
AudioDispatch_SetBusyFlag:
	.byte 0xfa, 0xc4, 0x20, 0xd8, 0xcc, 0x07
AudioVoice_Callback:
	.byte 0x00, 0x66, 0x07, 0xf1, 0x04, 0xc5, 0x00, 0x1f
	.byte 0x68, 0x05, 0xf1, 0x04, 0xc5, 0x00, 0x10, 0xf1
	.byte 0xe3, 0xbf, 0xcb, 0x76, 0x7b, 0x01, 0xf1, 0xe2
	.byte 0xbf, 0xcb, 0x66, 0x08, 0xd1, 0xfa, 0xc4, 0x3e
	.byte 0x10, 0x00, 0x68, 0x06, 0xd1, 0xfa
AudioVoice_SkipToDispatch:
	.byte 0xc4, 0x3c, 0xef, 0xff
AudioMode_SetStereoFlags:
	.byte 0xd1, 0xfe, 0xc4, 0x3e, 0x00, 0x20, 0xd1, 0xf8
	.byte 0xc4, 0x3e, 0x04, 0x00, 0x78, 0x58, 0x01, 0xf1
	.byte 0xe3, 0xbf, 0xce, 0x66, 0x20, 0xf1
AudioMode_ResetVoiceState:
	.byte 0xe2, 0xbf, 0xce, 0x66, 0x08, 0xd1, 0xfa, 0xc4
	.byte 0x3e, 0x00, 0x04, 0x68, 0x06, 0xd1, 0xfa, 0xc4
	.byte 0x3c, 0xff, 0xfb, 0xd1, 0xfe
AudioVoiceReset_ClearFlags:
	.byte 0xc4, 0x3e, 0x00, 0x40, 0xd1
AudioVoiceReset_Handler:
	.byte 0xf8, 0xc4, 0x3e, 0x04, 0x00, 0xf1, 0xe3, 0xbf
	.byte 0xcc, 0x66, 0x20, 0xd1, 0xfa, 0xc4, 0x3c, 0xff
	.byte 0xf7, 0xf1, 0xe2, 0xbf, 0xcc, 0x66, 0x08, 0xd1
	.byte 0xfa, 0xc4, 0x3e, 0x00, 0x08, 0x68, 0x06, 0xd1
	.byte 0xfa, 0xc4, 0x3c, 0xff, 0xf7, 0xd1, 0xf8, 0xc4
	.byte 0x3e, 0x04, 0x00, 0xc1, 0xe3, 0xbf, 0x21, 0xc9
	.byte 0xcc, 0x07, 0x76, 0x02, 0x01, 0xd1, 0xfc, 0xc4
	.byte 0x20, 0xd8, 0x33, 0x06, 0x66, 0x2c, 0xc1, 0x5e
	.byte 0xfc, 0x21, 0xc9, 0xcc, 0x07, 0xd8, 0x12, 0xd8
	.byte 0x80, 0xf2, 0x28, 0x8e, 0xee, 0x31, 0xd3, 0x07
	.byte 0xe4, 0xe0, 0x26, 0xc1, 0x5d, 0xfc, 0x21, 0xc9
	.byte 0xcc, 0x08, 0xd8
AudioMode_ConfigureExternal:
	.byte 0x12, 0xd8, 0x80, 0xf2, 0x28, 0x8e, 0xee, 0x31
	.byte 0xd3, 0x07, 0xe4, 0xe0, 0xe6, 0x68, 0x37, 0xd1
	.byte 0xfc
AudioMode_ConfigExternal_Off:
	.byte 0xc4, 0x20, 0xd8, 0x33, 0x05, 0x66, 0x19, 0xde
	.byte 0xaa, 0xc1, 0x5d, 0xfc, 0x21, 0xc9, 0xcc, 0x08
AudioMode_ConfigExternal_CheckBit1:
	.byte 0xd8, 0x12, 0xd8, 0x80, 0xf2, 0x28, 0x8e, 0xee
	.byte 0x31, 0xd3
AudioMode_ConfigExternal_CheckStereo:
	.byte 0x07, 0xe4, 0xe0, 0xe6, 0x68, 0x15, 0xc1, 0x5d
	.byte 0xfc, 0x21, 0xc9, 0xcc, 0x0f, 0xd8
AudioMode_ConfigExternal_NoStereo:
	.byte 0x12, 0xd8, 0x80, 0xf2, 0x28, 0x8e, 0xee, 0x31
	.byte 0xd3, 0x07, 0xe4, 0xe0, 0x26, 0xd1, 0xfa, 0xc4
	.byte 0x3c, 0xe8, 0xff
AudioMode_ConfigExternal_MergeFlags:
	.byte 0xd1, 0xfa, 0xc4, 0xee, 0xd1, 0xf8, 0xc4, 0x3e
	.byte 0x04, 0x00, 0xd1, 0xfa, 0xc4, 0x20, 0xd8, 0xcc
	.byte 0x07, 0x00, 0x66
AudioMode_ConfigExternal_Apply:
	.byte 0x07, 0xf1, 0x04, 0xc5, 0x00, 0x1f, 0x68, 0x75
	.byte 0xf1
UIState_ProcessMidiEvent:
	.byte 0x04, 0xc5, 0x00, 0x10, 0x68, 0x6e, 0xc1, 0xe3
	.byte 0xbf, 0x21, 0xc9, 0xcc, 0xfc, 0x66, 0x1e, 0xf1
	.byte 0xe8, 0x31, 0xc8, 0x6e, 0x12, 0xd1, 0xfa, 0xc4
	.byte 0x20, 0xd8, 0x33, 0x09, 0x66, 0x09, 0xc1, 0x5f
	.byte 0xfc, 0x21, 0xc9, 0xcc, 0xfc, 0x6e, 0x00, 0xd1
	.byte 0xf8, 0xc4, 0x3e, 0x04, 0x00, 0xf1, 0xe3, 0xbf
	.byte 0xc9, 0x66, 0x41, 0xf1, 0x5f, 0xfc, 0xc9, 0x66
	.byte 0x0c, 0xd1, 0xfa, 0xc4, 0x20, 0xd8, 0x33, 0x09
	.byte 0xf2, 0x26, 0xee, 0xfd, 0xe6, 0xd1, 0xf8, 0xc4
	.byte 0x3e, 0x04, 0x00, 0x68
UIStateEvt_PartRouting:
	.byte 0x27, 0xc1, 0xe3, 0xbf, 0x21, 0xc9, 0xcc, 0xfc
	.byte 0x66, 0x1e, 0xf1, 0xe8, 0x31, 0xc8, 0x6e, 0x12
	.byte 0xd1, 0xfa, 0xc4, 0x20, 0xd8, 0x33, 0x09, 0x66
	.byte 0x09, 0xc1, 0x5f, 0xfc, 0x21, 0xc9, 0xcc, 0xfc
	.byte 0x6e, 0x00, 0xd1, 0xf8, 0xc4, 0x3e, 0x04, 0x00
	.byte 0x4e, 0x0e, 0xc1, 0xe1, 0xbf, 0x21, 0xd8, 0x12
	.byte 0xd8, 0xd8, 0xb0, 0xf5, 0xd8, 0xdd, 0xb0, 0xfa
	.byte 0xd8, 0x80, 0xf2, 0x56, 0x8e, 0xee, 0x34, 0xd3
	.byte 0x07, 0xf0, 0xe0, 0x20, 0xf2, 0x67, 0xdd, 0xfd
	.byte 0x34, 0xf3, 0x07, 0xf0
UIStateEvt_VoiceAssign:
	.byte 0xe0, 0xd8, 0xc1, 0xe3, 0xbf, 0x21, 0xc9, 0xcc
	.byte 0x1f, 0x66, 0x16, 0xc1, 0x62, 0xc1, 0x3c, 0xfc
	.byte 0xc1, 0xe2, 0xbf, 0x21, 0xc9, 0xcc, 0x03, 0xc1
	.byte 0x62, 0xc1, 0xe9, 0xd1, 0xf8, 0xc4, 0x3e, 0x04
	.byte 0x00, 0xd1, 0xf8, 0xc4, 0x20, 0xd8, 0x33, 0x04
	.byte 0xb0, 0xf6, 0xf1, 0x62, 0xc1, 0x00, 0x00
UIStateEvt_VoiceAssign_Reset:
	.byte 0xd1, 0xfe, 0xc4, 0x3e, 0x04, 0x00, 0x0e, 0xc1
	.byte 0xe3, 0xbf, 0x21, 0xc9, 0xcc, 0x1f, 0x66, 0x3a
	.byte 0xf1, 0xe2, 0xbf, 0xc9, 0x66, 0x08, 0xd1, 0xfa
	.byte 0xc4, 0x3e, 0x20
UIStateEvt_VoiceAssign_Notify:
	.byte 0x00, 0x68, 0x13, 0xd1, 0xfa, 0xc4, 0x3c, 0xdf
	.byte 0xff, 0xd1, 0xfa, 0xc4
UIStateEvt_ToneChange:
	.byte 0x20, 0xd8, 0xcc, 0x07, 0x00, 0xf2, 0x26, 0xee
	.byte 0xfd, 0xe6, 0xf1, 0x62, 0xc1, 0xb2, 0xc1, 0xe2
	.byte 0xbf, 0x21, 0xc9, 0xcc, 0x02, 0xc9, 0x8b, 0xcb
	.byte 0x81, 0xc1, 0x62, 0xc1, 0xe9, 0xd1, 0xf8, 0xc4
	.byte 0x3e, 0x04, 0x00, 0xd1, 0xf8, 0xc4, 0x20, 0xd8
	.byte 0x33, 0x04, 0xb0, 0xf6, 0xf1, 0x62, 0xc1, 0x00
	.byte 0x00
UIStateEvt_ToneChange_Set:
	.byte 0xd1, 0xfe, 0xc4, 0x3e, 0x04, 0x00, 0x0e, 0xf1
	.byte 0xe3, 0xbf, 0xc8, 0x66, 0x1a, 0xf1, 0xe2, 0xbf
	.byte 0xc8, 0x66, 0x08, 0xd1, 0xfa, 0xc4, 0x3e, 0x80
	.byte 0x00, 0x68, 0x06, 0xd1, 0xfa, 0xc4, 0x3c, 0x7f
	.byte 0xff, 0xd1, 0xf8, 0xc4, 0x3e, 0x04, 0x00, 0xf1
	.byte 0xe3, 0xbf, 0xc9, 0xb0, 0xf6, 0xf1, 0xe2, 0xbf
	.byte 0xc9, 0x66, 0x08, 0xd1
Tone_WriteEndMarker:
	.byte 0xfa, 0xc4, 0x3e, 0x08, 0x00, 0x68, 0x06, 0xd1
	.byte 0xfa, 0xc4, 0x3c, 0xf7
UIStateEvt_DrumAssign:
	.byte 0xff, 0xd1, 0xf8, 0xc4, 0x3e, 0x04, 0x00, 0x0e
	.byte 0xc1, 0xe3, 0xbf, 0x21, 0xc9, 0xcc, 0xff, 0xb0
	.byte 0xf6, 0xda, 0xa8, 0xda, 0xcf, 0x1a, 0x00, 0x69
	.byte 0x4f, 0xda, 0x88, 0xd8, 0xec, 0x02, 0xf2, 0x74
	.byte 0x8d, 0xee, 0x31, 0xe3, 0x07, 0xe4, 0xe0
UIStateEvt_DrumAssign_Set:
	.byte 0x20, 0xb8, 0x16, 0xc8, 0x66, 0x20, 0xda, 0x88
	.byte 0xd8, 0x80, 0xd8, 0xc8, 0xe4, 0x00, 0xf1, 0x63
	.byte 0xc1, 0x31, 0xd8, 0x8b, 0xeb, 0x12, 0xe9, 0x83
	.byte 0xc1, 0xe2, 0xbf, 0x21, 0xc9, 0xcc, 0xff, 0xc9
	.byte 0xca, 0x40, 0xb3, 0x41, 0x68, 0x13, 0xda, 0x88
	.byte 0xd8, 0x80, 0xd8, 0xc8, 0xe4, 0x00, 0xf1, 0x63
	.byte 0xc1, 0x31, 0xe8
UIStateEvt_DrumAssign_Notify:
	.byte 0x12, 0xe9, 0x80, 0xb0, 0x00, 0x00, 0xda, 0x61
	.byte 0xda, 0xcf, 0x1a, 0x00, 0x61
UIStateEvt_TransposeUpdate:
	.incbin "includes/generated/v7_block_uistateevt_transposeupdate.bin"
; === end v7 block ===
	.include "audio/audioinit_routines.s"
