verdict,unidasm_text,candidate_line,llvm_mnemonic,want_bytes,got_bytes,sites
UNI_ASSEMBLES_DIFF,"cp HL,0","cp HL, 0",cps,dbd8,dbcf0000,2772
UNI_ASSEMBLES_DIFF,push 0x0000,push 0x0000,pushw,0b0000,0900,2657
UNI_ASSEMBLES_DIFF,"cp A,0","cp A, 0",cps,c9d8,c9cf00,2467
UNI_ASSEMBLES_DIFF,"ld WA,0","ld WA, 0",lds,d8a8,d8030000,2459
UNI_ASSEMBLES_DIFF,"ld BC,0","ld BC, 0",lds,d9a8,d9030000,1901
UNI_ASSEMBLES_DIFF,"ld WA,1","ld WA, 1",lds,d8a9,d8030100,1728
UNI_ASSEMBLES_DIFF,"cp WA,0","cp WA, 0",cps,d8d8,d8cf0000,1675
UNI_ASSEMBLES_DIFF,"cp L,0","cp L, 0",cps,cfd8,cfcf00,1649
UNI_ASSEMBLES_DIFF,push 0x0001,push 0x0001,pushw,0b0100,0901,1417
UNI_ASSEMBLES_DIFF,"ld BC,1","ld BC, 1",lds,d9a9,d9030100,1401
UNI_ASSEMBLES_DIFF,"ld HL,0","ld HL, 0",lds,dba8,db030000,1376
UNI_ASSEMBLES_DIFF,"ld DE,0","ld DE, 0",lds,daa8,da030000,1259
UNI_ASSEMBLES_DIFF,"ld IZ,0","ld IZ, 0",lds,dea8,de030000,1127
UNI_ASSEMBLES_DIFF,ldirw,ldirw,ldirw93,9311,9511,939
UNI_ASSEMBLES_DIFF,"ld DE,1","ld DE, 1",lds,daa9,da030100,899
UNI_ASSEMBLES_DIFF,"cp A,1","cp A, 1",cps,c9d9,c9cf01,878
UNI_ASSEMBLES_DIFF,push 0x0002,push 0x0002,pushw,0b0200,0902,839
UNI_ASSEMBLES_DIFF,"ld BC,4","ld BC, 4",lds,d9ac,d9030400,808
UNI_ASSEMBLES_DIFF,"ld WA,2","ld WA, 2",lds,d8aa,d8030200,715
UNI_ASSEMBLES_DIFF,"cp BC,0","cp BC, 0",cps,d9d8,d9cf0000,675
UNI_ASSEMBLES_DIFF,push 0x0003,push 0x0003,pushw,0b0300,0903,652
UNI_ASSEMBLES_DIFF,push 0x0004,push 0x0004,pushw,0b0400,0904,567
UNI_ASSEMBLES_DIFF,"ld BC,2","ld BC, 2",lds,d9aa,d9030200,539
UNI_ASSEMBLES_DIFF,"cp C,0","cp C, 0",cps,cbd8,cbcf00,522
UNI_ASSEMBLES_DIFF,push 0x00ff,push 0x00ff,pushw,0bff00,09ff,517
UNI_ASSEMBLES_DIFF,"ld WA,3","ld WA, 3",lds,d8ab,d8030300,500
UNI_ASSEMBLES_DIFF,"ld BC,3","ld BC, 3",lds,d9ab,d9030300,498
UNI_ASSEMBLES_DIFF,"cp IZ,0","cp IZ, 0",cps,ded8,decf0000,494
UNI_ASSEMBLES_DIFF,"ld WA,4","ld WA, 4",lds,d8ac,d8030400,484
UNI_ASSEMBLES_DIFF,"cp A,2","cp A, 2",cps,c9da,c9cf02,447
UNI_ASSEMBLES_DIFF,"cp WA,1","cp WA, 1",cps,d8d9,d8cf0100,433
UNI_ASSEMBLES_DIFF,"cp L,1","cp L, 1",cps,cfd9,cfcf01,420
UNI_ASSEMBLES_DIFF,push 0x002e,push 0x002e,pushw,0b2e00,092e,407
UNI_ASSEMBLES_DIFF,push 0x00ed,push 0x00ed,pushw,0bed00,09ed,400
UNI_ASSEMBLES_DIFF,push 0x0006,push 0x0006,pushw,0b0600,0906,373
UNI_ASSEMBLES_DIFF,"ld DE,2","ld DE, 2",lds,daaa,da030200,371
UNI_ASSEMBLES_DIFF,push 0x00ea,push 0x00ea,pushw,0bea00,09ea,369
UNI_ASSEMBLES_DIFF,ldir,ldir,ldir83,8311,8011,368
UNI_ASSEMBLES_DIFF,"ld BC,5","ld BC, 5",lds,d9ad,d9030500,364
UNI_ASSEMBLES_DIFF,push 0x0005,push 0x0005,pushw,0b0500,0905,351
UNI_ASSEMBLES_DIFF,"cp A,3","cp A, 3",cps,c9db,c9cf03,349
UNI_ASSEMBLES_DIFF,"ld BC,6","ld BC, 6",lds,d9ae,d9030600,334
UNI_ASSEMBLES_DIFF,push 0x007f,push 0x007f,pushw,0b7f00,097f,325
UNI_ASSEMBLES_DIFF,push 0x0010,push 0x0010,pushw,0b1000,0910,311
UNI_ASSEMBLES_DIFF,"cp DE,0","cp DE, 0",cps,dad8,dacf0000,293
UNI_ASSEMBLES_DIFF,"cp HL,1","cp HL, 1",cps,dbd9,dbcf0100,290
UNI_ASSEMBLES_DIFF,"cp E,0","cp E, 0",cps,cdd8,cdcf00,273
UNI_ASSEMBLES_DIFF,"cp W,0","cp W, 0",cps,c8d8,c8cf00,269
UNI_ASSEMBLES_DIFF,push 0x0007,push 0x0007,pushw,0b0700,0907,267
UNI_ASSEMBLES_DIFF,"cp BC,1","cp BC, 1",cps,d9d9,d9cf0100,263
UNI_ASSEMBLES_DIFF,"ld BC,7","ld BC, 7",lds,d9af,d9030700,261
UNI_ASSEMBLES_DIFF,push 0x0008,push 0x0008,pushw,0b0800,0908,260
UNI_ASSEMBLES_DIFF,"cp H,0","cp H, 0",cps,ced8,cecf00,256
UNI_ASSEMBLES_DIFF,"cp A,4","cp A, 4",cps,c9dc,c9cf04,254
UNI_ASSEMBLES_DIFF,"ld WA,6","ld WA, 6",lds,d8ae,d8030600,251
UNI_ASSEMBLES_DIFF,push 0x0020,push 0x0020,pushw,0b2000,0920,246
UNI_ASSEMBLES_DIFF,push 0x00f7,push 0x00f7,pushw,0bf700,09f7,246
UNI_ASSEMBLES_DIFF,"ld (XSP+0x04),0x0000","ld (XSP+0x04), 0x0000",ldw,bf04020000,bf040000,238
UNI_ASSEMBLES_DIFF,"ld (XBC+0x08),0x0001","ld (XBC+0x08), 0x0001",ldw,b908020100,b9080001,232
UNI_ASSEMBLES_DIFF,"cp WA,2","cp WA, 2",cps,d8da,d8cf0200,216
UNI_ASSEMBLES_DIFF,"ld WA,5","ld WA, 5",lds,d8ad,d8030500,213
UNI_ASSEMBLES_DIFF,"ld DE,4","ld DE, 4",lds,daac,da030400,205
UNI_ASSEMBLES_DIFF,"ld HL,1","ld HL, 1",lds,dba9,db030100,202
UNI_ASSEMBLES_DIFF,"ld WA,7","ld WA, 7",lds,d8af,d8030700,189
UNI_ASSEMBLES_DIFF,"ld (XWA),0x0000","ld (XWA), 0x0000",ldw,b0020000,b00000,177
UNI_ASSEMBLES_DIFF,push 0x00e0,push 0x00e0,pushw,0be000,09e0,176
UNI_ASSEMBLES_DIFF,push 0x00e3,push 0x00e3,pushw,0be300,09e3,174
UNI_ASSEMBLES_DIFF,"cp WA,5","cp WA, 5",cps,d8dd,d8cf0500,163
UNI_ASSEMBLES_DIFF,"cp BC,2","cp BC, 2",cps,d9da,d9cf0200,161
UNI_ASSEMBLES_DIFF,"cp L,2","cp L, 2",cps,cfda,cfcf02,160
UNI_ASSEMBLES_DIFF,"ld DE,3","ld DE, 3",lds,daab,da030300,155
UNI_ASSEMBLES_DIFF,"mul BC,(XIZ+0x08)","mul BC, (XIZ+0x08)",extpfx3,8e0843,9e0841,155
UNI_ASSEMBLES_DIFF,"cp A,5","cp A, 5",cps,c9dd,c9cf05,153
UNI_ASSEMBLES_DIFF,"ld IX,0","ld IX, 0",lds,dca8,dc030000,150
UNI_ASSEMBLES_DIFF,push 0x00e1,push 0x00e1,pushw,0be100,09e1,150
UNI_ASSEMBLES_DIFF,"cp C,1","cp C, 1",cps,cbd9,cbcf01,149
UNI_ASSEMBLES_DIFF,push 0x00e9,push 0x00e9,pushw,0be900,09e9,148
UNI_ASSEMBLES_DIFF,"ld (XWA),0x0001","ld (XWA), 0x0001",ldw,b0020100,b00001,139
UNI_ASSEMBLES_DIFF,push 0x00e2,push 0x00e2,pushw,0be200,09e2,138
UNI_ASSEMBLES_DIFF,"cp D,0","cp D, 0",cps,ccd8,cccf00,136
UNI_ASSEMBLES_DIFF,push 0x00e7,push 0x00e7,pushw,0be700,09e7,134
UNI_ASSEMBLES_DIFF,"ld IY,0","ld IY, 0",lds,dda8,dd030000,130
UNI_ASSEMBLES_DIFF,"ld (XBC+0x08),0x0000","ld (XBC+0x08), 0x0000",ldw,b908020000,b9080000,129
UNI_ASSEMBLES_DIFF,"ld (XBC),0x0000","ld (XBC), 0x0000",ldw,b1020000,b10000,127
UNI_ASSEMBLES_DIFF,"cp A,7","cp A, 7",cps,c9df,c9cf07,125
UNI_ASSEMBLES_DIFF,push 0x000a,push 0x000a,pushw,0b0a00,090a,125
UNI_ASSEMBLES_DIFF,push 0x0080,push 0x0080,pushw,0b8000,0980,124
UNI_ASSEMBLES_DIFF,"cp (0x28a8),0x0000","cp (0x28a8), 0x0000",cpdi16,d1a8283f0000,c2a828003f00,118
UNI_ASSEMBLES_DIFF,"ld (XSP+0x08),0x0000","ld (XSP+0x08), 0x0000",ldw,bf08020000,bf080000,118
UNI_ASSEMBLES_DIFF,push 0x0009,push 0x0009,pushw,0b0900,0909,118
UNI_ASSEMBLES_DIFF,push 0x00f5,push 0x00f5,pushw,0bf500,09f5,117
UNI_ASSEMBLES_DIFF,"cp L,3","cp L, 3",cps,cfdb,cfcf03,116
UNI_ASSEMBLES_DIFF,"cp L,4","cp L, 4",cps,cfdc,cfcf04,116
UNI_ASSEMBLES_DIFF,"ld IZ,1","ld IZ, 1",lds,dea9,de030100,114
UNI_ASSEMBLES_DIFF,push 0x000d,push 0x000d,pushw,0b0d00,090d,114
UNI_ASSEMBLES_DIFF,"ld (XSP+0x0a),0x0000","ld (XSP+0x0a), 0x0000",ldw,bf0a020000,bf0a0000,112
UNI_ASSEMBLES_DIFF,push 0x00e8,push 0x00e8,pushw,0be800,09e8,112
UNI_ASSEMBLES_DIFF,"cp C,2","cp C, 2",cps,cbda,cbcf02,109
UNI_ASSEMBLES_DIFF,push 0x000b,push 0x000b,pushw,0b0b00,090b,107
UNI_ASSEMBLES_DIFF,push 0x000c,push 0x000c,pushw,0b0c00,090c,107
UNI_ASSEMBLES_DIFF,"cp (0xf19e),0x0000","cp (0xf19e), 0x0000",cpdi16,d19ef13f0000,c29ef1003f00,106
UNI_ASSEMBLES_DIFF,push 0x000e,push 0x000e,pushw,0b0e00,090e,106
UNI_ASSEMBLES_DIFF,"cp HL,2","cp HL, 2",cps,dbda,dbcf0200,105
UNI_ASSEMBLES_DIFF,push 0x0040,push 0x0040,pushw,0b4000,0940,105
UNI_ASSEMBLES_DIFF,"ld (XSP+0x06),0x0000","ld (XSP+0x06), 0x0000",ldw,bf06020000,bf060000,104
UNI_ASSEMBLES_DIFF,"cp WA,3","cp WA, 3",cps,d8db,d8cf0300,101
UNI_ASSEMBLES_DIFF,"cp C,4","cp C, 4",cps,cbdc,cbcf04,99
UNI_ASSEMBLES_DIFF,push 0x0011,push 0x0011,pushw,0b1100,0911,99
UNI_ASSEMBLES_DIFF,"cp HL,3","cp HL, 3",cps,dbdb,dbcf0300,97
UNI_ASSEMBLES_DIFF,"ld (XBC),0x0001","ld (XBC), 0x0001",ldw,b1020100,b10001,96
UNI_ASSEMBLES_DIFF,ldi,ldi,ldi85,8510,8010,92
UNI_ASSEMBLES_DIFF,push 0x000f,push 0x000f,pushw,0b0f00,090f,92
UNI_ASSEMBLES_DIFF,"cp IX,0","cp IX, 0",cps,dcd8,dccf0000,91
UNI_ASSEMBLES_DIFF,"ld (XBC+0x08),0x0004","ld (XBC+0x08), 0x0004",ldw,b908020400,b9080004,90
UNI_ASSEMBLES_DIFF,"ld (XBC+0x08),0x000c","ld (XBC+0x08), 0x000c",ldw,b908020c00,b908000c,90
UNI_ASSEMBLES_DIFF,push 0x0030,push 0x0030,pushw,0b3000,0930,88
UNI_ASSEMBLES_DIFF,"cp A,6","cp A, 6",cps,c9de,c9cf06,84
UNI_ASSEMBLES_DIFF,"cp BC,4","cp BC, 4",cps,d9dc,d9cf0400,84
UNI_ASSEMBLES_DIFF,"ld (XSP+0x02),0x0000","ld (XSP+0x02), 0x0000",ldw,bf02020000,bf020000,84
UNI_ASSEMBLES_DIFF,"ld DE,6","ld DE, 6",lds,daae,da030600,84
UNI_ASSEMBLES_DIFF,"ld DE,7","ld DE, 7",lds,daaf,da030700,83
UNI_ASSEMBLES_DIFF,"mul BC,(XIZ+0x0a)","mul BC, (XIZ+0x0a)",extpfx3,8e0a43,9e0a41,80
UNI_ASSEMBLES_DIFF,"cp WA,4","cp WA, 4",cps,d8dc,d8cf0400,79
UNI_ASSEMBLES_DIFF,"ld (XBC+0x08),0x0008","ld (XBC+0x08), 0x0008",ldw,b908020800,b9080008,78
UNI_ASSEMBLES_DIFF,"cp BC,3","cp BC, 3",cps,d9db,d9cf0300,77
UNI_ASSEMBLES_DIFF,"cp IZ,4","cp IZ, 4",cps,dedc,decf0400,74
UNI_ASSEMBLES_DIFF,"ld (XBC+0x08),0x0006","ld (XBC+0x08), 0x0006",ldw,b908020600,b9080006,72
UNI_ASSEMBLES_DIFF,"ld (XWA),0x0008","ld (XWA), 0x0008",ldw,b0020800,b00008,72
UNI_ASSEMBLES_DIFF,"cp WA,7","cp WA, 7",cps,d8df,d8cf0700,69
UNI_ASSEMBLES_DIFF,"ld DE,5","ld DE, 5",lds,daad,da030500,69
UNI_ASSEMBLES_DIFF,"cp W,1","cp W, 1",cps,c8d9,c8cf01,68
UNI_ASSEMBLES_DIFF,"cp WA,6","cp WA, 6",cps,d8de,d8cf0600,65
UNI_ASSEMBLES_DIFF,push 0x00e4,push 0x00e4,pushw,0be400,09e4,65
UNI_ASSEMBLES_DIFF,"cp C,3","cp C, 3",cps,cbdb,cbcf03,63
UNI_ASSEMBLES_DIFF,"cp DE,1","cp DE, 1",cps,dad9,dacf0100,59
UNI_ASSEMBLES_DIFF,"ld (0x2668),0x0001","ld (0x2668), 0x0001",stdi16,f16826020100,f26826000001,59
UNI_ASSEMBLES_DIFF,"ld (XWA),0x00a3","ld (XWA), 0x00a3",ldw,b002a300,b000a3,59
UNI_ASSEMBLES_DIFF,"cp E,1","cp E, 1",cps,cdd9,cdcf01,56
UNI_ASSEMBLES_DIFF,"ld (XWA+0x02),0x0005","ld (XWA+0x02), 0x0005",ldw,b802020500,b8020005,56
UNI_ASSEMBLES_DIFF,"cp H,4","cp H, 4",cps,cedc,cecf04,54
UNI_ASSEMBLES_DIFF,"ld (XBC+0x08),0x0007","ld (XBC+0x08), 0x0007",ldw,b908020700,b9080007,54
UNI_ASSEMBLES_DIFF,"ld HL,2","ld HL, 2",lds,dbaa,db030200,54
UNI_ASSEMBLES_DIFF,push 0x00f2,push 0x00f2,pushw,0bf200,09f2,54
UNI_ASSEMBLES_DIFF,"ld (XSP+0x0e),0x0000","ld (XSP+0x0e), 0x0000",ldw,bf0e020000,bf0e0000,53
UNI_ASSEMBLES_DIFF,push 0x003f,push 0x003f,pushw,0b3f00,093f,53
UNI_ASSEMBLES_DIFF,push 0x0090,push 0x0090,pushw,0b9000,0990,53
UNI_ASSEMBLES_DIFF,"cp E,2","cp E, 2",cps,cdda,cdcf02,52
UNI_ASSEMBLES_DIFF,"ld (XSP+0x0c),0x0000","ld (XSP+0x0c), 0x0000",ldw,bf0c020000,bf0c0000,52
UNI_ASSEMBLES_DIFF,"cp (0x28aa),0x0000","cp (0x28aa), 0x0000",cpdi16,d1aa283f0000,c2aa28003f00,51
UNI_ASSEMBLES_DIFF,"cp C,5","cp C, 5",cps,cbdd,cbcf05,51
UNI_ASSEMBLES_DIFF,"cp C,6","cp C, 6",cps,cbde,cbcf06,51
UNI_ASSEMBLES_DIFF,"ld (XDE),0x0000","ld (XDE), 0x0000",ldw,b2020000,b20000,51
UNI_ASSEMBLES_DIFF,push 0x0018,push 0x0018,pushw,0b1800,0918,51
UNI_ASSEMBLES_DIFF,push 0x0026,push 0x0026,pushw,0b2600,0926,51
UNI_ASSEMBLES_DIFF,"ld (0x021086),0x0000","ld (0x021086), 0x0000",stiw_da,f2861002020000,f28610020000,50
UNI_ASSEMBLES_DIFF,"ld (0xf19e),0x0000","ld (0xf19e), 0x0000",stdi16,f19ef1020000,f29ef1000000,50
UNI_ASSEMBLES_DIFF,push 0x002f,push 0x002f,pushw,0b2f00,092f,50
UNI_ASSEMBLES_DIFF,"cp (0x28b4),0x0000","cp (0x28b4), 0x0000",cpdi16,d1b4283f0000,c2b428003f00,49
UNI_ASSEMBLES_DIFF,"cp BC,5","cp BC, 5",cps,d9dd,d9cf0500,49
UNI_ASSEMBLES_DIFF,"cp IY,0","cp IY, 0",cps,ddd8,ddcf0000,49
UNI_ASSEMBLES_DIFF,"cp IZ,1","cp IZ, 1",cps,ded9,decf0100,49
UNI_ASSEMBLES_DIFF,push 0x0023,push 0x0023,pushw,0b2300,0923,49
UNI_ASSEMBLES_DIFF,"ld (XBC+0x08),0x0010","ld (XBC+0x08), 0x0010",ldw,b908021000,b9080010,48
UNI_ASSEMBLES_DIFF,"cp IZ,2","cp IZ, 2",cps,deda,decf0200,47
UNI_ASSEMBLES_DIFF,"cp L,7","cp L, 7",cps,cfdf,cfcf07,46
UNI_ASSEMBLES_DIFF,"cp QIZ,0x0080","cp QIZ, 0x0080",cpw,d7facf8000,d7fad8,46
UNI_ASSEMBLES_DIFF,"cp QIZ,0xffff","cp QIZ, 0xffff",cp_erpw,d7facfffff,d7fadf,46
UNI_ASSEMBLES_DIFF,"ld (XWA),0x0002","ld (XWA), 0x0002",ldw,b0020200,b00002,46
UNI_ASSEMBLES_DIFF,push 0x00e5,push 0x00e5,pushw,0be500,09e5,45
UNI_ASSEMBLES_DIFF,"cp DE,4","cp DE, 4",cps,dadc,dacf0400,44
UNI_ASSEMBLES_DIFF,"cp HL,4","cp HL, 4",cps,dbdc,dbcf0400,44
UNI_ASSEMBLES_DIFF,"ld (XSP+0x12),0x0000","ld (XSP+0x12), 0x0000",ldw,bf12020000,bf120000,44
UNI_ASSEMBLES_DIFF,"ld (0x28b4),0x0000","ld (0x28b4), 0x0000",stdi16,f1b428020000,f2b428000000,43
UNI_ASSEMBLES_DIFF,push 0x0032,push 0x0032,pushw,0b3200,0932,43
UNI_ASSEMBLES_DIFF,"cp BC,7","cp BC, 7",cps,d9df,d9cf0700,42
UNI_ASSEMBLES_DIFF,"cp E,3","cp E, 3",cps,cddb,cdcf03,42
UNI_ASSEMBLES_DIFF,"ld (0x2666),0x0005","ld (0x2666), 0x0005",stdi16,f16626020500,f26626000005,42
UNI_ASSEMBLES_DIFF,"ld IY,5","ld IY, 5",lds,ddad,dd030500,42
UNI_ASSEMBLES_DIFF,"cp DE,3","cp DE, 3",cps,dadb,dacf0300,41
UNI_ASSEMBLES_DIFF,push 0x003b,push 0x003b,pushw,0b3b00,093b,40
UNI_ASSEMBLES_DIFF,push 0x00fb,push 0x00fb,pushw,0bfb00,09fb,40
UNI_ASSEMBLES_DIFF,"cp DE,2","cp DE, 2",cps,dada,dacf0200,39
UNI_ASSEMBLES_DIFF,"ld (XBC),0x009c","ld (XBC), 0x009c",ldw,b1029c00,b1009c,39
UNI_ASSEMBLES_DIFF,"ld (XSP),0x0000","ld (XSP), 0x0000",ldw,b7020000,b70000,39
UNI_ASSEMBLES_DIFF,"ld (XWA),0x00aa","ld (XWA), 0x00aa",ldw,b002aa00,b000aa,39
UNI_ASSEMBLES_DIFF,push 0x001a,push 0x001a,pushw,0b1a00,091a,39
UNI_ASSEMBLES_DIFF,"ld (XSP+0x08),0x0001","ld (XSP+0x08), 0x0001",ldw,bf08020100,bf080001,38
UNI_ASSEMBLES_DIFF,push 0x0014,push 0x0014,pushw,0b1400,0914,38
UNI_ASSEMBLES_DIFF,"cp DE,5","cp DE, 5",cps,dadd,dacf0500,37
UNI_ASSEMBLES_DIFF,"cp (0xf231),0x0000","cp (0xf231), 0x0000",cpdi16,d131f23f0000,c231f2003f00,36
UNI_ASSEMBLES_DIFF,"cp C,7","cp C, 7",cps,cbdf,cbcf07,36
UNI_ASSEMBLES_DIFF,"cp H,1","cp H, 1",cps,ced9,cecf01,36
UNI_ASSEMBLES_DIFF,"cp L,6","cp L, 6",cps,cfde,cfcf06,36
UNI_ASSEMBLES_DIFF,"cp W,4","cp W, 4",cps,c8dc,c8cf04,36
UNI_ASSEMBLES_DIFF,"ld (0x01e53c),0x0011","ld (0x01e53c), 0x0011",stiw_da,f23ce501021100,f23ce5010011,36
UNI_ASSEMBLES_DIFF,"ld (0x0ec2),0x0000","ld (0x0ec2), 0x0000",stdi16,f1c20e020000,f2c20e000000,36
UNI_ASSEMBLES_DIFF,"ld (XBC+0x08),0x0003","ld (XBC+0x08), 0x0003",ldw,b908020300,b9080003,36
UNI_ASSEMBLES_DIFF,"ld (XBC+0x08),0x0011","ld (XBC+0x08), 0x0011",ldw,b908021100,b9080011,36
UNI_ASSEMBLES_DIFF,"ld (XIZ+0x5554),0x0055","ld (XIZ+0x5554), 0x0055",stiw_ind,f3f95455025500,f3f954550055,36
UNI_ASSEMBLES_DIFF,"ld (XSP+0x04),0x0001","ld (XSP+0x04), 0x0001",ldw,bf04020100,bf040001,36
UNI_ASSEMBLES_DIFF,"ld HL,3","ld HL, 3",lds,dbab,db030300,36
UNI_ASSEMBLES_DIFF,push 0x0021,push 0x0021,pushw,0b2100,0921,36
UNI_ASSEMBLES_DIFF,"cp IZ,7","cp IZ, 7",cps,dedf,decf0700,35
UNI_ASSEMBLES_DIFF,push 0x0012,push 0x0012,pushw,0b1200,0912,35
UNI_ASSEMBLES_DIFF,"cp D,1","cp D, 1",cps,ccd9,cccf01,34
UNI_ASSEMBLES_DIFF,"cp H,3","cp H, 3",cps,cedb,cecf03,34
UNI_ASSEMBLES_DIFF,"cp HL,5","cp HL, 5",cps,dbdd,dbcf0500,34
UNI_ASSEMBLES_DIFF,"cp HL,7","cp HL, 7",cps,dbdf,dbcf0700,34
UNI_ASSEMBLES_DIFF,"cp W,3","cp W, 3",cps,c8db,c8cf03,34
UNI_ASSEMBLES_DIFF,"ld (0x041c),0x0000","ld (0x041c), 0x0000",stdi16,f11c04020000,f21c04000000,34
UNI_ASSEMBLES_DIFF,"ld (0x28a8),0x0000","ld (0x28a8), 0x0000",stdi16,f1a828020000,f2a828000000,34
UNI_ASSEMBLES_DIFF,push 0x0087,push 0x0087,pushw,0b8700,0987,34
UNI_ASSEMBLES_DIFF,"cp B,0","cp B, 0",cps,cad8,cacf00,33
UNI_ASSEMBLES_DIFF,"ld (XWA),0x00b7","ld (XWA), 0x00b7",ldw,b002b700,b000b7,33
UNI_ASSEMBLES_DIFF,"ld (XWA),0x00f5","ld (XWA), 0x00f5",ldw,b002f500,b000f5,33
UNI_ASSEMBLES_DIFF,"ldw (XWA),(0x265c)","ldw (XWA), (0x265c)",ldmw2,b0165c26,b0025c26,33
UNI_ASSEMBLES_DIFF,"ldw (XWA+0x02),(0x265e)","ldw (XWA+0x02), (0x265e)",ldmw2,b802165e26,b802025e26,33
UNI_ASSEMBLES_DIFF,push 0x0022,push 0x0022,pushw,0b2200,0922,33
UNI_ASSEMBLES_DIFF,push 0x002d,push 0x002d,pushw,0b2d00,092d,33
UNI_ASSEMBLES_DIFF,push 0x0064,push 0x0064,pushw,0b6400,0964,33
UNI_ASSEMBLES_DIFF,push 0x0082,push 0x0082,pushw,0b8200,0982,33
UNI_ASSEMBLES_DIFF,push 0x00c0,push 0x00c0,pushw,0bc000,09c0,33
UNI_ASSEMBLES_DIFF,"cp IZ,6","cp IZ, 6",cps,dede,decf0600,32
UNI_ASSEMBLES_DIFF,"ld HL,4","ld HL, 4",lds,dbac,db030400,32
UNI_ASSEMBLES_DIFF,"ld QIZ,0xffff","ld QIZ, 0xffff",ldw,d7fa03ffff,d7faaf,32
UNI_ASSEMBLES_DIFF,"cp BC,6","cp BC, 6",cps,d9de,d9cf0600,31
UNI_ASSEMBLES_DIFF,"cp L,5","cp L, 5",cps,cfdd,cfcf05,31
UNI_ASSEMBLES_DIFF,push 0x0060,push 0x0060,pushw,0b6000,0960,31
UNI_ASSEMBLES_DIFF,"cp (0x25de),0x0000","cp (0x25de), 0x0000",cpdi16,d1de253f0000,c2de25003f00,30
UNI_ASSEMBLES_DIFF,"cp DE,6","cp DE, 6",cps,dade,dacf0600,30
UNI_ASSEMBLES_DIFF,"ld (XBC+0x08),0x0005","ld (XBC+0x08), 0x0005",ldw,b908020500,b9080005,30
UNI_ASSEMBLES_DIFF,"ld (XWA),0x001c","ld (XWA), 0x001c",ldw,b0021c00,b0001c,30
UNI_ASSEMBLES_DIFF,"ld (XWA+0x04),0x00b0","ld (XWA+0x04), 0x00b0",ldw,b80402b000,b80400b0,30
UNI_ASSEMBLES_DIFF,"cp HL,6","cp HL, 6",cps,dbde,dbcf0600,29
UNI_ASSEMBLES_DIFF,"cp IZ,3","cp IZ, 3",cps,dedb,decf0300,29
UNI_ASSEMBLES_DIFF,"ld (0x00ffec),0x0000","ld (0x00ffec), 0x0000",stiw_da,f2ecff00020000,f2ecff000000,29
UNI_ASSEMBLES_DIFF,"ld (XWA+0x02),0x00ff","ld (XWA+0x02), 0x00ff",ldw,b80202ff00,b80200ff,29
UNI_ASSEMBLES_DIFF,push 0x0016,push 0x0016,pushw,0b1600,0916,29
UNI_ASSEMBLES_DIFF,push 0x001e,push 0x001e,pushw,0b1e00,091e,29
UNI_ASSEMBLES_DIFF,"cp (0x8502),0x0000","cp (0x8502), 0x0000",cpdi16,d102853f0000,c20285003f00,28
UNI_ASSEMBLES_DIFF,"cp IZ,5","cp IZ, 5",cps,dedd,decf0500,28
UNI_ASSEMBLES_DIFF,push 0x0029,push 0x0029,pushw,0b2900,0929,28
UNI_ASSEMBLES_DIFF,push 0x0079,push 0x0079,pushw,0b7900,0979,28
UNI_ASSEMBLES_DIFF,"cp (0x0f5c),0x0000","cp (0x0f5c), 0x0000",cpdi16,d15c0f3f0000,c25c0f003f00,27
UNI_ASSEMBLES_DIFF,"cp QIZ,0x0008","cp QIZ, 0x0008",cp_erpw,d7facf0800,d7fad8,27
UNI_ASSEMBLES_DIFF,"ld (0x258e),0x0000","ld (0x258e), 0x0000",stdi16,f18e25020000,f28e25000000,27
UNI_ASSEMBLES_DIFF,"ld (XSP+0x08),0x0009","ld (XSP+0x08), 0x0009",ldw,bf08020900,bf080009,27
UNI_ASSEMBLES_DIFF,"ld (XSP+0x0a),0x000a","ld (XSP+0x0a), 0x000a",ldw,bf0a020a00,bf0a000a,27
UNI_ASSEMBLES_DIFF,"ld QIZ,0x000b","ld QIZ, 0x000b",ldi_erpw,d7fa030b00,d7faab,27
UNI_ASSEMBLES_DIFF,push 0x0024,push 0x0024,pushw,0b2400,0924,27
UNI_ASSEMBLES_DIFF,push 0x002b,push 0x002b,pushw,0b2b00,092b,27
UNI_ASSEMBLES_DIFF,push 0x003c,push 0x003c,pushw,0b3c00,093c,27
UNI_ASSEMBLES_DIFF,push 0x00c5,push 0x00c5,pushw,0bc500,09c5,27
UNI_ASSEMBLES_DIFF,push 0x00ee,push 0x00ee,pushw,0bee00,09ee,27
UNI_ASSEMBLES_DIFF,"cp (0x8500),0x0000","cp (0x8500), 0x0000",cpdi16,d100853f0000,c20085003f00,26
UNI_ASSEMBLES_DIFF,"cp H,7","cp H, 7",cps,cedf,cecf07,26
UNI_ASSEMBLES_DIFF,"ld (XIZ),0x0000","ld (XIZ), 0x0000",ldw,b6020000,b60000,26
UNI_ASSEMBLES_DIFF,"ld (XSP+0x1c),0x0000","ld (XSP+0x1c), 0x0000",ldw,bf1c020000,bf1c0000,26
UNI_ASSEMBLES_DIFF,"ld HL,6","ld HL, 6",lds,dbae,db030600,26
UNI_ASSEMBLES_DIFF,"ld IX,1","ld IX, 1",lds,dca9,dc030100,26
UNI_ASSEMBLES_DIFF,push 0x00cb,push 0x00cb,pushw,0bcb00,09cb,26
UNI_ASSEMBLES_DIFF,"cp (0xce22),0x0000","cp (0xce22), 0x0000",cpdi16,d122ce3f0000,c222ce003f00,25
UNI_ASSEMBLES_DIFF,"ld (XHL),0x0000","ld (XHL), 0x0000",ldw,b3020000,b30000,25
UNI_ASSEMBLES_DIFF,"ld (XWA),0x00ff","ld (XWA), 0x00ff",ldw,b002ff00,b000ff,25
UNI_ASSEMBLES_DIFF,"ld QIZ,0x0080","ld QIZ, 0x0080",ldw,d7fa038000,d7faa8,25
UNI_ASSEMBLES_DIFF,push 0x0013,push 0x0013,pushw,0b1300,0913,25
UNI_ASSEMBLES_DIFF,push 0x0031,push 0x0031,pushw,0b3100,0931,25
UNI_ASSEMBLES_DIFF,push 0x0086,push 0x0086,pushw,0b8600,0986,25
UNI_ASSEMBLES_DIFF,"cp (0x8504),0x0000","cp (0x8504), 0x0000",cpdi16,d104853f0000,c20485003f00,24
UNI_ASSEMBLES_DIFF,"cp IX,5","cp IX, 5",cps,dcdd,dccf0500,24
UNI_ASSEMBLES_DIFF,"ld (0x1108),0x0000","ld (0x1108), 0x0000",stdi16,f10811020000,f20811000000,24
UNI_ASSEMBLES_DIFF,"ld (0x28aa),0x0000","ld (0x28aa), 0x0000",stdi16,f1aa28020000,f2aa28000000,24
UNI_ASSEMBLES_DIFF,"ld (XBC),0x00ff","ld (XBC), 0x00ff",ldw,b102ff00,b100ff,24
UNI_ASSEMBLES_DIFF,"ld (XBC+0x08),0x0009","ld (XBC+0x08), 0x0009",ldw,b908020900,b9080009,24
UNI_ASSEMBLES_DIFF,"ld (XBC+0x08),0x000b","ld (XBC+0x08), 0x000b",ldw,b908020b00,b908000b,24
UNI_ASSEMBLES_DIFF,"ld (XBC+0x08),0x000d","ld (XBC+0x08), 0x000d",ldw,b908020d00,b908000d,24
UNI_ASSEMBLES_DIFF,"ld (XBC+0x08),0x000f","ld (XBC+0x08), 0x000f",ldw,b908020f00,b908000f,24
UNI_ASSEMBLES_DIFF,"ld (XBC+0x08),0x0014","ld (XBC+0x08), 0x0014",ldw,b908021400,b9080014,24
UNI_ASSEMBLES_DIFF,"ld (XBC+0x08),0x0015","ld (XBC+0x08), 0x0015",ldw,b908021500,b9080015,24
UNI_ASSEMBLES_DIFF,"ld (XBC+0x08),0x001c","ld (XBC+0x08), 0x001c",ldw,b908021c00,b908001c,24
UNI_ASSEMBLES_DIFF,"ld (XBC+0x08),0x0025","ld (XBC+0x08), 0x0025",ldw,b908022500,b9080025,24
UNI_ASSEMBLES_DIFF,"ld (XWA),0x0030","ld (XWA), 0x0030",ldw,b0023000,b00030,24
UNI_ASSEMBLES_DIFF,push 0x0015,push 0x0015,pushw,0b1500,0915,24
UNI_ASSEMBLES_DIFF,push 0x008d,push 0x008d,pushw,0b8d00,098d,24
UNI_ASSEMBLES_DIFF,push 0x00c7,push 0x00c7,pushw,0bc700,09c7,24
UNI_ASSEMBLES_DIFF,"ld (XBC),0x0030","ld (XBC), 0x0030",ldw,b1023000,b10030,23
UNI_ASSEMBLES_DIFF,"ld (XSP+0x0c),0x0001","ld (XSP+0x0c), 0x0001",ldw,bf0c020100,bf0c0001,23
UNI_ASSEMBLES_DIFF,"ld (XSP+0x0e),0x0001","ld (XSP+0x0e), 0x0001",ldw,bf0e020100,bf0e0001,23
UNI_ASSEMBLES_DIFF,"ld (XWA),0x0010","ld (XWA), 0x0010",ldw,b0021000,b00010,23
UNI_ASSEMBLES_DIFF,"ld IY,1","ld IY, 1",lds,dda9,dd030100,23
UNI_ASSEMBLES_DIFF,"mul WA,(XIZ+0x08)","mul WA, (XIZ+0x08)",extpfx3,8e0841,9e0840,23
UNI_ASSEMBLES_DIFF,push 0x0088,push 0x0088,pushw,0b8800,0988,23
UNI_ASSEMBLES_DIFF,push 0x0097,push 0x0097,pushw,0b9700,0997,23
UNI_ASSEMBLES_DIFF,push 0x009f,push 0x009f,pushw,0b9f00,099f,23
UNI_ASSEMBLES_DIFF,push 0x00c3,push 0x00c3,pushw,0bc300,09c3,23
UNI_ASSEMBLES_DIFF,"ld (XHL+0x01),0x0000","ld (XHL+0x01), 0x0000",ldw,bb01020000,bb010000,22
UNI_ASSEMBLES_DIFF,"ld (XSP+0x10),0x0000","ld (XSP+0x10), 0x0000",ldw,bf10020000,bf100000,22
UNI_ASSEMBLES_DIFF,"ld (XSP+0x10),0x0001","ld (XSP+0x10), 0x0001",ldw,bf10020100,bf100001,22
UNI_ASSEMBLES_DIFF,"or (0xc59c),0x0002","or (0xc59c), 0x0002",ordi16,d19cc53e0200,c29cc5003e02,22
UNI_ASSEMBLES_DIFF,push 0x0027,push 0x0027,pushw,0b2700,0927,22
UNI_ASSEMBLES_DIFF,push 0x0089,push 0x0089,pushw,0b8900,0989,22
UNI_ASSEMBLES_DIFF,push 0x008b,push 0x008b,pushw,0b8b00,098b,22
UNI_ASSEMBLES_DIFF,"cp E,4","cp E, 4",cps,cddc,cdcf04,21
UNI_ASSEMBLES_DIFF,"cp QIZ,0x0020","cp QIZ, 0x0020",cp_erpw,d7facf2000,d7fad8,21
UNI_ASSEMBLES_DIFF,"ld (XSP+0x06),0x0003","ld (XSP+0x06), 0x0003",ldw,bf06020300,bf060003,21
UNI_ASSEMBLES_DIFF,"ld (XSP+0x0a),0x0002","ld (XSP+0x0a), 0x0002",ldw,bf0a020200,bf0a0002,21
UNI_ASSEMBLES_DIFF,"ld (XSP+0x14),0x0000","ld (XSP+0x14), 0x0000",ldw,bf14020000,bf140000,21
UNI_ASSEMBLES_DIFF,"ld IY,6","ld IY, 6",lds,ddae,dd030600,21
UNI_ASSEMBLES_DIFF,push 0x0043,push 0x0043,pushw,0b4300,0943,21
UNI_ASSEMBLES_DIFF,push 0x0091,push 0x0091,pushw,0b9100,0991,21
UNI_ASSEMBLES_DIFF,"cp (0x2668),0x0001","cp (0x2668), 0x0001",cpdi16,d168263f0100,c26826003f01,20
UNI_ASSEMBLES_DIFF,"ld (XHL),0x0001","ld (XHL), 0x0001",ldw,b3020100,b30001,20
UNI_ASSEMBLES_DIFF,"ld (XSP+0x1a),0x0000","ld (XSP+0x1a), 0x0000",ldw,bf1a020000,bf1a0000,20
UNI_ASSEMBLES_DIFF,"ld IZ,2","ld IZ, 2",lds,deaa,de030200,20
UNI_ASSEMBLES_DIFF,"ld IZ,4","ld IZ, 4",lds,deac,de030400,20
UNI_ASSEMBLES_DIFF,"mul BC,(XIZ+0x0c)","mul BC, (XIZ+0x0c)",extpfx3,8e0c43,9e0c41,20
UNI_ASSEMBLES_DIFF,push 0x0061,push 0x0061,pushw,0b6100,0961,20
UNI_ASSEMBLES_DIFF,push 0x0083,push 0x0083,pushw,0b8300,0983,20
UNI_ASSEMBLES_DIFF,push 0x0084,push 0x0084,pushw,0b8400,0984,20
UNI_ASSEMBLES_DIFF,push 0x0096,push 0x0096,pushw,0b9600,0996,20
UNI_ASSEMBLES_DIFF,push 0x009b,push 0x009b,pushw,0b9b00,099b,20
UNI_ASSEMBLES_DIFF,push 0x00cd,push 0x00cd,pushw,0bcd00,09cd,20
UNI_ASSEMBLES_DIFF,"cp H,2","cp H, 2",cps,ceda,cecf02,19
UNI_ASSEMBLES_DIFF,"cp IY,6","cp IY, 6",cps,ddde,ddcf0600,19
UNI_ASSEMBLES_DIFF,"cp QIZ,0x0010","cp QIZ, 0x0010",cpw,d7facf1000,d7fad8,19
UNI_ASSEMBLES_DIFF,"ld (0x00173b),0x0000","ld (0x00173b), 0x0000",stiw_da,f23b1700020000,f23b17000000,19
UNI_ASSEMBLES_DIFF,"ld (XSP+0x22),0x0001","ld (XSP+0x22), 0x0001",ldw,bf22020100,bf220001,19
UNI_ASSEMBLES_DIFF,"ld (XWA),0x0003","ld (XWA), 0x0003",ldw,b0020300,b00003,19
UNI_ASSEMBLES_DIFF,"ld HL,5","ld HL, 5",lds,dbad,db030500,19
UNI_ASSEMBLES_DIFF,push 0x0017,push 0x0017,pushw,0b1700,0917,19
UNI_ASSEMBLES_DIFF,push 0x003e,push 0x003e,pushw,0b3e00,093e,19
UNI_ASSEMBLES_DIFF,push 0x009d,push 0x009d,pushw,0b9d00,099d,19
UNI_ASSEMBLES_DIFF,push 0x00c6,push 0x00c6,pushw,0bc600,09c6,19
UNI_ASSEMBLES_DIFF,push 0x00fe,push 0x00fe,pushw,0bfe00,09fe,19
UNI_ASSEMBLES_DIFF,"cp (0x0f5e),0x0001","cp (0x0f5e), 0x0001",cpdi16,d15e0f3f0100,c25e0f003f01,18
UNI_ASSEMBLES_DIFF,"cp H,6","cp H, 6",cps,cede,cecf06,18
UNI_ASSEMBLES_DIFF,"cp IX,4","cp IX, 4",cps,dcdc,dccf0400,18
UNI_ASSEMBLES_DIFF,"cp W,2","cp W, 2",cps,c8da,c8cf02,18
UNI_ASSEMBLES_DIFF,"ld (0x01e53c),0x000d","ld (0x01e53c), 0x000d",stiw_da,f23ce501020d00,f23ce501000d,18
UNI_ASSEMBLES_DIFF,"ld (0x2782),0x0000","ld (0x2782), 0x0000",stdi16,f18227020000,f28227000000,18
UNI_ASSEMBLES_DIFF,"ld (0x8d9f),0x0000","ld (0x8d9f), 0x0000",stdi16,f19f8d020000,f29f8d000000,18
UNI_ASSEMBLES_DIFF,"ld (0x8dfd),0x0000","ld (0x8dfd), 0x0000",stdi16,f1fd8d020000,f2fd8d000000,18
UNI_ASSEMBLES_DIFF,"ld (0x90de),0x0000","ld (0x90de), 0x0000",stdi16,f1de90020000,f2de90000000,18
UNI_ASSEMBLES_DIFF,"ld (0xf19c),0x0000","ld (0xf19c), 0x0000",stdi16,f19cf1020000,f29cf1000000,18
UNI_ASSEMBLES_DIFF,"ld (XBC+0x02),0x004d","ld (XBC+0x02), 0x004d",ldw,b902024d00,b902004d,18
UNI_ASSEMBLES_DIFF,"ld (XBC+0x08),0x0002","ld (XBC+0x08), 0x0002",ldw,b908020200,b9080002,18
UNI_ASSEMBLES_DIFF,"ld (XBC+0x08),0x000e","ld (XBC+0x08), 0x000e",ldw,b908020e00,b908000e,18
UNI_ASSEMBLES_DIFF,"ld (XBC+0x08),0x0012","ld (XBC+0x08), 0x0012",ldw,b908021200,b9080012,18
UNI_ASSEMBLES_DIFF,"ld (XBC+0x08),0x0013","ld (XBC+0x08), 0x0013",ldw,b908021300,b9080013,18
UNI_ASSEMBLES_DIFF,"ld (XBC+0x08),0x0016","ld (XBC+0x08), 0x0016",ldw,b908021600,b9080016,18
UNI_ASSEMBLES_DIFF,"ld (XBC+0x08),0x0018","ld (XBC+0x08), 0x0018",ldw,b908021800,b9080018,18
UNI_ASSEMBLES_DIFF,"ld (XBC+0x08),0x0019","ld (XBC+0x08), 0x0019",ldw,b908021900,b9080019,18
UNI_ASSEMBLES_DIFF,"ld (XBC+0x08),0x0021","ld (XBC+0x08), 0x0021",ldw,b908022100,b9080021,18
UNI_ASSEMBLES_DIFF,"ld (XBC+0x08),0x002c","ld (XBC+0x08), 0x002c",ldw,b908022c00,b908002c,18
UNI_ASSEMBLES_DIFF,"ld (XDE),0x00a3","ld (XDE), 0x00a3",ldw,b202a300,b200a3,18
UNI_ASSEMBLES_DIFF,"ld (XSP+0x02),0x0001","ld (XSP+0x02), 0x0001",ldw,bf02020100,bf020001,18
UNI_ASSEMBLES_DIFF,"ld (XWA+0x02),0x004d","ld (XWA+0x02), 0x004d",ldw,b802024d00,b802004d,18
UNI_ASSEMBLES_DIFF,"ld (XWA+0x04),0x001e","ld (XWA+0x04), 0x001e",ldw,b804021e00,b804001e,18
UNI_ASSEMBLES_DIFF,"ld (XWA+0x04),0x009c","ld (XWA+0x04), 0x009c",ldw,b804029c00,b804009c,18
UNI_ASSEMBLES_DIFF,"ld (XWA+0x04),0x00be","ld (XWA+0x04), 0x00be",ldw,b80402be00,b80400be,18
UNI_ASSEMBLES_DIFF,"ldw (XSP+0x04),(0x28af)","ldw (XSP+0x04), (0x28af)",ldmw2,bf0416af28,bf0402af28,18
UNI_ASSEMBLES_DIFF,"ldw (XWA),(0x26ac)","ldw (XWA), (0x26ac)",ldmw2,b016ac26,b002ac26,18
UNI_ASSEMBLES_DIFF,"ldw (XWA+0x02),(0x26ae)","ldw (XWA+0x02), (0x26ae)",ldmw2,b80216ae26,b80202ae26,18
UNI_ASSEMBLES_DIFF,"mul BC,(XIZ+0x10)","mul BC, (XIZ+0x10)",extpfx3,8e1043,9e1041,18
UNI_ASSEMBLES_DIFF,"or (0xc594),0x0004","or (0xc594), 0x0004",ordi16,d194c53e0400,c294c5003e04,18
UNI_ASSEMBLES_DIFF,push 0x008e,push 0x008e,pushw,0b8e00,098e,18
UNI_ASSEMBLES_DIFF,push 0x0098,push 0x0098,pushw,0b9800,0998,18
UNI_ASSEMBLES_DIFF,"ld (0x26b0),0x0000","ld (0x26b0), 0x0000",stdi16,f1b026020000,f2b026000000,17
UNI_ASSEMBLES_DIFF,"ld (XSP+0x18),0x0004","ld (XSP+0x18), 0x0004",ldw,bf18020400,bf180004,17
UNI_ASSEMBLES_DIFF,"ld (XSP+0x1e),0x0000","ld (XSP+0x1e), 0x0000",ldw,bf1e020000,bf1e0000,17
UNI_ASSEMBLES_DIFF,push 0x0025,push 0x0025,pushw,0b2500,0925,17
UNI_ASSEMBLES_DIFF,push 0x0034,push 0x0034,pushw,0b3400,0934,17
UNI_ASSEMBLES_DIFF,push 0x0092,push 0x0092,pushw,0b9200,0992,17
UNI_ASSEMBLES_DIFF,"ld (XWA+0x02),0x0000","ld (XWA+0x02), 0x0000",ldw,b802020000,b8020000,16
UNI_ASSEMBLES_DIFF,push 0x0028,push 0x0028,pushw,0b2800,0928,16
UNI_ASSEMBLES_DIFF,push 0x0036,push 0x0036,pushw,0b3600,0936,16
UNI_ASSEMBLES_DIFF,push 0x0050,push 0x0050,pushw,0b5000,0950,16
UNI_ASSEMBLES_DIFF,"cp E,7","cp E, 7",cps,cddf,cdcf07,15
UNI_ASSEMBLES_DIFF,"cp W,5","cp W, 5",cps,c8dd,c8cf05,15
UNI_ASSEMBLES_DIFF,"ld (0x0271ee),0x0000","ld (0x0271ee), 0x0000",stiw_da,f2ee7102020000,f2ee71020000,15
UNI_ASSEMBLES_DIFF,"ld (0x0274da),0x0000","ld (0x0274da), 0x0000",stiw_da,f2da7402020000,f2da74020000,15
UNI_ASSEMBLES_DIFF,"ld (0x287f),0x0001","ld (0x287f), 0x0001",stdi16,f17f28020100,f27f28000001,15
UNI_ASSEMBLES_DIFF,"ld (0x345e),0x0005","ld (0x345e), 0x0005",stdi16,f15e34020500,f25e34000005,15
UNI_ASSEMBLES_DIFF,"ld (XSP+0x08),0x0005","ld (XSP+0x08), 0x0005",ldw,bf08020500,bf080005,15
UNI_ASSEMBLES_DIFF,"ld (XSP+0x0a),0x0006","ld (XSP+0x0a), 0x0006",ldw,bf0a020600,bf0a0006,15
UNI_ASSEMBLES_DIFF,"ld (XWA),0x001e","ld (XWA), 0x001e",ldw,b0021e00,b0001e,15
UNI_ASSEMBLES_DIFF,"ld (XWA),0x00ab","ld (XWA), 0x00ab",ldw,b002ab00,b000ab,15
UNI_ASSEMBLES_DIFF,"ld (XWA),0x00be","ld (XWA), 0x00be",ldw,b002be00,b000be,15
UNI_ASSEMBLES_DIFF,"ld (XWA+0x02),0x0006","ld (XWA+0x02), 0x0006",ldw,b802020600,b8020006,15
UNI_ASSEMBLES_DIFF,"ld (XWA+0x06),0x0017","ld (XWA+0x06), 0x0017",ldw,b806021700,b8060017,15
UNI_ASSEMBLES_DIFF,"ld IX,5","ld IX, 5",lds,dcad,dc030500,15
UNI_ASSEMBLES_DIFF,"ldw (XWA),(0x2887)","ldw (XWA), (0x2887)",ldmw2,b0168728,b0028728,15
UNI_ASSEMBLES_DIFF,"ldw (XWA+0x02),(0x2885)","ldw (XWA+0x02), (0x2885)",ldmw2,b802168528,b802028528,15
UNI_ASSEMBLES_DIFF,push 0x001f,push 0x001f,pushw,0b1f00,091f,15
UNI_ASSEMBLES_DIFF,push 0x0033,push 0x0033,pushw,0b3300,0933,15
UNI_ASSEMBLES_DIFF,push 0x0085,push 0x0085,pushw,0b8500,0985,15
UNI_ASSEMBLES_DIFF,push 0x008a,push 0x008a,pushw,0b8a00,098a,15
UNI_ASSEMBLES_DIFF,push 0x009e,push 0x009e,pushw,0b9e00,099e,15
UNI_ASSEMBLES_DIFF,"cp D,3","cp D, 3",cps,ccdb,cccf03,14
UNI_ASSEMBLES_DIFF,"ld (0x040c22),0x0022","ld (0x040c22), 0x0022",stiw_da,f2220c04022200,f2220c040022,14
UNI_ASSEMBLES_DIFF,"ld (0x8a22),0x0000","ld (0x8a22), 0x0000",stdi16,f1228a020000,f2228a000000,14
UNI_ASSEMBLES_DIFF,"ld (0x8d9d),0x0000","ld (0x8d9d), 0x0000",stdi16,f19d8d020000,f29d8d000000,14
UNI_ASSEMBLES_DIFF,"ld (XWA),0x0004","ld (XWA), 0x0004",ldw,b0020400,b00004,14
UNI_ASSEMBLES_DIFF,"mul WA,(XIZ+0x0a)","mul WA, (XIZ+0x0a)",extpfx3,8e0a41,9e0a40,14
UNI_ASSEMBLES_DIFF,push 0x0019,push 0x0019,pushw,0b1900,0919,14
UNI_ASSEMBLES_DIFF,push 0x0076,push 0x0076,pushw,0b7600,0976,14
UNI_ASSEMBLES_DIFF,push 0x008c,push 0x008c,pushw,0b8c00,098c,14
UNI_ASSEMBLES_DIFF,push 0x00c4,push 0x00c4,pushw,0bc400,09c4,14
UNI_ASSEMBLES_DIFF,push 0x00c8,push 0x00c8,pushw,0bc800,09c8,14
UNI_ASSEMBLES_DIFF,"ld (0x0475),0x0000","ld (0x0475), 0x0000",stdi16,f17504020000,f27504000000,13
UNI_ASSEMBLES_DIFF,"ld (0x1193),0x0000","ld (0x1193), 0x0000",stdi16,f19311020000,f29311000000,13
UNI_ASSEMBLES_DIFF,"ld (0x2ae0),0x0000","ld (0x2ae0), 0x0000",stdi16,f1e02a020000,f2e02a000000,13
UNI_ASSEMBLES_DIFF,"ld (XIX),0x0000","ld (XIX), 0x0000",ldw,b4020000,b40000,13
UNI_ASSEMBLES_DIFF,"ld (XSP+0x06),0x0001","ld (XSP+0x06), 0x0001",ldw,bf06020100,bf060001,13
UNI_ASSEMBLES_DIFF,"ld (XSP+0x06),0x0004","ld (XSP+0x06), 0x0004",ldw,bf06020400,bf060004,13
UNI_ASSEMBLES_DIFF,"ldw (0xf19e),(0x00ffec)","ldw (0xf19e), (0x00ffec)",ldmm_sd24w,d2ecff00199ef1,f29ef10002ecff,13
UNI_ASSEMBLES_DIFF,"cp (0x1132),0x0005","cp (0x1132), 0x0005",cpdi16,d132113f0500,c23211003f05,12
UNI_ASSEMBLES_DIFF,"cp (0x1a5f),0x0009","cp (0x1a5f), 0x0009",cpdi16,d15f1a3f0900,c25f1a003f09,12
UNI_ASSEMBLES_DIFF,"cp (0x3324),0x0010","cp (0x3324), 0x0010",cpdi16,d124333f1000,c22433003f10,12
UNI_ASSEMBLES_DIFF,"cp (0x8464),0x0000","cp (0x8464), 0x0000",cpdi16,d164843f0000,c26484003f00,12
UNI_ASSEMBLES_DIFF,"cp (0x8466),0x0000","cp (0x8466), 0x0000",cpdi16,d166843f0000,c26684003f00,12
UNI_ASSEMBLES_DIFF,"ld (0x01e53c),0x0000","ld (0x01e53c), 0x0000",stiw_da,f23ce501020000,f23ce5010000,12
UNI_ASSEMBLES_DIFF,"ld (0x0f6a),0x0000","ld (0x0f6a), 0x0000",stdi16,f16a0f020000,f26a0f000000,12
UNI_ASSEMBLES_DIFF,"ld (0x106e),0x0000","ld (0x106e), 0x0000",stdi16,f16e10020000,f26e10000000,12
UNI_ASSEMBLES_DIFF,"ld (0x2666),0x00ff","ld (0x2666), 0x00ff",stdi16,f1662602ff00,f266260000ff,12
UNI_ASSEMBLES_DIFF,"ld (0x26da),0x0001","ld (0x26da), 0x0001",stdi16,f1da26020100,f2da26000001,12
UNI_ASSEMBLES_DIFF,"ld (0x2772),0x0000","ld (0x2772), 0x0000",stdi16,f17227020000,f27227000000,12
UNI_ASSEMBLES_DIFF,"ld (0x3552),0x0001","ld (0x3552), 0x0001",stdi16,f15235020100,f25235000001,12
UNI_ASSEMBLES_DIFF,"ld (0x360a),0x0000","ld (0x360a), 0x0000",stdi16,f10a36020000,f20a36000000,12
UNI_ASSEMBLES_DIFF,"ld (XBC),0x0023","ld (XBC), 0x0023",ldw,b1022300,b10023,12
UNI_ASSEMBLES_DIFF,"ld (XBC+0x02),0x0002","ld (XBC+0x02), 0x0002",ldw,b902020200,b9020002,12
UNI_ASSEMBLES_DIFF,"ld (XBC+0x02),0x0005","ld (XBC+0x02), 0x0005",ldw,b902020500,b9020005,12
UNI_ASSEMBLES_DIFF,"ld (XBC+0x02),0x0078","ld (XBC+0x02), 0x0078",ldw,b902027800,b9020078,12
UNI_ASSEMBLES_DIFF,"ld (XBC+0x08),0x001a","ld (XBC+0x08), 0x001a",ldw,b908021a00,b908001a,12
UNI_ASSEMBLES_DIFF,"ld (XBC+0x08),0x001b","ld (XBC+0x08), 0x001b",ldw,b908021b00,b908001b,12
UNI_ASSEMBLES_DIFF,"ld (XBC+0x08),0x001d","ld (XBC+0x08), 0x001d",ldw,b908021d00,b908001d,12
UNI_ASSEMBLES_DIFF,"ld (XBC+0x08),0x001f","ld (XBC+0x08), 0x001f",ldw,b908021f00,b908001f,12
UNI_ASSEMBLES_DIFF,"ld (XBC+0x08),0x0043","ld (XBC+0x08), 0x0043",ldw,b908024300,b9080043,12
UNI_ASSEMBLES_DIFF,"ld (XBC+0x08),0x0049","ld (XBC+0x08), 0x0049",ldw,b908024900,b9080049,12
UNI_ASSEMBLES_DIFF,"ld (XDE),0x0008","ld (XDE), 0x0008",ldw,b2020800,b20008,12
UNI_ASSEMBLES_DIFF,"ld (XDE),0x00ef","ld (XDE), 0x00ef",ldw,b202ef00,b200ef,12
UNI_ASSEMBLES_DIFF,"ld (XSP+0x008e),0x0000","ld (XSP+0x008e), 0x0000",stiw_ind,f3fd8e00020000,f3fd8e000000,12
UNI_ASSEMBLES_DIFF,"ld (XSP+0x04),0x00ff","ld (XSP+0x04), 0x00ff",ldw,bf0402ff00,bf0400ff,12
UNI_ASSEMBLES_DIFF,"ld (XSP+0x08),0x001a","ld (XSP+0x08), 0x001a",ldw,bf08021a00,bf08001a,12
UNI_ASSEMBLES_DIFF,"ld (XWA),0x0080","ld (XWA), 0x0080",ldw,b0028000,b00080,12
UNI_ASSEMBLES_DIFF,"ld (XWA),0x009c","ld (XWA), 0x009c",ldw,b0029c00,b0009c,12
UNI_ASSEMBLES_DIFF,"ld (XWA+0x02),0x0002","ld (XWA+0x02), 0x0002",ldw,b802020200,b8020002,12
UNI_ASSEMBLES_DIFF,"ld IX,6","ld IX, 6",lds,dcae,dc030600,12
UNI_ASSEMBLES_DIFF,"ldw (XWA),(0x26b0)","ldw (XWA), (0x26b0)",ldmw2,b016b026,b002b026,12
UNI_ASSEMBLES_DIFF,"ldw (XWA+0x02),(0x26b2)","ldw (XWA+0x02), (0x26b2)",ldmw2,b80216b226,b80202b226,12
UNI_ASSEMBLES_DIFF,"or (0xc59c),0x0001","or (0xc59c), 0x0001",ordi16,d19cc53e0100,c29cc5003e01,12
UNI_ASSEMBLES_DIFF,"or (0xc59c),0x0010","or (0xc59c), 0x0010",ordi16,d19cc53e1000,c29cc5003e10,12
UNI_ASSEMBLES_DIFF,push 0x001c,push 0x001c,pushw,0b1c00,091c,12
UNI_ASSEMBLES_DIFF,push 0x002c,push 0x002c,pushw,0b2c00,092c,12
UNI_ASSEMBLES_DIFF,push 0x006c,push 0x006c,pushw,0b6c00,096c,12
UNI_ASSEMBLES_DIFF,push 0x00eb,push 0x00eb,pushw,0beb00,09eb,12
UNI_ASSEMBLES_DIFF,"cp IX,1","cp IX, 1",cps,dcd9,dccf0100,11
UNI_ASSEMBLES_DIFF,"ld (0x107e),0x0000","ld (0x107e), 0x0000",stdi16,f17e10020000,f27e10000000,11
UNI_ASSEMBLES_DIFF,"ld (0x1080),0x0000","ld (0x1080), 0x0000",stdi16,f18010020000,f28010000000,11
UNI_ASSEMBLES_DIFF,"ld (0x2330),0x0000","ld (0x2330), 0x0000",stdi16,f13023020000,f23023000000,11
UNI_ASSEMBLES_DIFF,"ld (XBC),0x0002","ld (XBC), 0x0002",ldw,b1020200,b10002,11
UNI_ASSEMBLES_DIFF,"ld (XWA),0x00a4","ld (XWA), 0x00a4",ldw,b002a400,b000a4,11
UNI_ASSEMBLES_DIFF,"mul WA,(XIZ+0x0c)","mul WA, (XIZ+0x0c)",extpfx3,8e0c41,9e0c40,11
UNI_ASSEMBLES_DIFF,push 0x001d,push 0x001d,pushw,0b1d00,091d,11
UNI_ASSEMBLES_DIFF,push 0x003a,push 0x003a,pushw,0b3a00,093a,11
UNI_ASSEMBLES_DIFF,push 0x003d,push 0x003d,pushw,0b3d00,093d,11
UNI_ASSEMBLES_DIFF,push 0x0063,push 0x0063,pushw,0b6300,0963,11
UNI_ASSEMBLES_DIFF,push 0x009a,push 0x009a,pushw,0b9a00,099a,11
UNI_ASSEMBLES_DIFF,"cp (0x34d4),0x0000","cp (0x34d4), 0x0000",cpdi16,d1d4343f0000,c2d434003f00,10
UNI_ASSEMBLES_DIFF,"cp (0x8468),0x0000","cp (0x8468), 0x0000",cpdi16,d168843f0000,c26884003f00,10
UNI_ASSEMBLES_DIFF,"cp B,1","cp B, 1",cps,cad9,cacf01,10
UNI_ASSEMBLES_DIFF,"cp D,4","cp D, 4",cps,ccdc,cccf04,10
UNI_ASSEMBLES_DIFF,"cp E,5","cp E, 5",cps,cddd,cdcf05,10
UNI_ASSEMBLES_DIFF,"cp IX,2","cp IX, 2",cps,dcda,dccf0200,10
UNI_ASSEMBLES_DIFF,"cp QIZ,0x0011","cp QIZ, 0x0011",cp_erpw,d7facf1100,d7fad9,10
UNI_ASSEMBLES_DIFF,"ld (0x00f362),0x0022","ld (0x00f362), 0x0022",stiw_da,f262f300022200,f262f3000022,10
UNI_ASSEMBLES_DIFF,"ld (0x8b26),0x0000","ld (0x8b26), 0x0000",stdi16,f1268b020000,f2268b000000,10
UNI_ASSEMBLES_DIFF,"ld (0x8b28),0x0000","ld (0x8b28), 0x0000",stdi16,f1288b020000,f2288b000000,10
UNI_ASSEMBLES_DIFF,"ld (XBC),0x00aa","ld (XBC), 0x00aa",ldw,b102aa00,b100aa,10
UNI_ASSEMBLES_DIFF,"ld (XDE),0x0002","ld (XDE), 0x0002",ldw,b2020200,b20002,10
UNI_ASSEMBLES_DIFF,"ld (XSP+0x08),0x0002","ld (XSP+0x08), 0x0002",ldw,bf08020200,bf080002,10
UNI_ASSEMBLES_DIFF,"ld (XSP+0x0a),0x0001","ld (XSP+0x0a), 0x0001",ldw,bf0a020100,bf0a0001,10
UNI_ASSEMBLES_DIFF,"ld (XWA+0x04),0x0001","ld (XWA+0x04), 0x0001",ldw,b804020100,b8040001,10
UNI_ASSEMBLES_DIFF,"ld (XWA+0x06),0x0000","ld (XWA+0x06), 0x0000",ldw,b806020000,b8060000,10
UNI_ASSEMBLES_DIFF,"ld HL,7","ld HL, 7",lds,dbaf,db030700,10
UNI_ASSEMBLES_DIFF,"or (0xc59c),0x0008","or (0xc59c), 0x0008",ordi16,d19cc53e0800,c29cc5003e08,10
UNI_ASSEMBLES_DIFF,push 0x0094,push 0x0094,pushw,0b9400,0994,10
UNI_ASSEMBLES_DIFF,push 0x0099,push 0x0099,pushw,0b9900,0999,10
UNI_ASSEMBLES_DIFF,"cp (0x0f5e),0x0002","cp (0x0f5e), 0x0002",cpdi16,d15e0f3f0200,c25e0f003f02,9
UNI_ASSEMBLES_DIFF,"cp (0x10fb),0x0000","cp (0x10fb), 0x0000",cpdi16,d1fb103f0000,c2fb10003f00,9
UNI_ASSEMBLES_DIFF,"cp (0x2772),0x0000","cp (0x2772), 0x0000",cpdi16,d172273f0000,c27227003f00,9
UNI_ASSEMBLES_DIFF,"cp (0x279c),0x0000","cp (0x279c), 0x0000",cpdi16,d19c273f0000,c29c27003f00,9
UNI_ASSEMBLES_DIFF,"cp (0xf231),0x0010","cp (0xf231), 0x0010",cpdi16,d131f23f1000,c231f2003f10,9
UNI_ASSEMBLES_DIFF,"cp D,6","cp D, 6",cps,ccde,cccf06,9
UNI_ASSEMBLES_DIFF,"cp DE,7","cp DE, 7",cps,dadf,dacf0700,9
UNI_ASSEMBLES_DIFF,"cp E,6","cp E, 6",cps,cdde,cdcf06,9
UNI_ASSEMBLES_DIFF,"ld (0x01e53c),0x0012","ld (0x01e53c), 0x0012",stiw_da,f23ce501021200,f23ce5010012,9
UNI_ASSEMBLES_DIFF,"ld (0x024780),0x0000","ld (0x024780), 0x0000",stiw_da,f2804702020000,f28047020000,9
UNI_ASSEMBLES_DIFF,"ld (0x024780),0x0001","ld (0x024780), 0x0001",stiw_da,f2804702020100,f28047020001,9
UNI_ASSEMBLES_DIFF,"ld (0x0271f0),0x003b","ld (0x0271f0), 0x003b",stiw_da,f2f07102023b00,f2f07102003b,9
UNI_ASSEMBLES_DIFF,"ld (0x02ec36),0x0000","ld (0x02ec36), 0x0000",stiw_da,f236ec02020000,f236ec020000,9
UNI_ASSEMBLES_DIFF,"ld (0x030460),0x0001","ld (0x030460), 0x0001",stiw_da,f2600403020100,f26004030001,9
UNI_ASSEMBLES_DIFF,"ld (0x06c6),0x0038","ld (0x06c6), 0x0038",stdi16,f1c606023800,f2c606000038,9
UNI_ASSEMBLES_DIFF,"ld (0x06c8),0x008b","ld (0x06c8), 0x008b",stdi16,f1c806028b00,f2c80600008b,9
UNI_ASSEMBLES_DIFF,"ld (0x0f62),0x0000","ld (0x0f62), 0x0000",stdi16,f1620f020000,f2620f000000,9
UNI_ASSEMBLES_DIFF,"ld (0x0f64),0x0000","ld (0x0f64), 0x0000",stdi16,f1640f020000,f2640f000000,9
UNI_ASSEMBLES_DIFF,"ld (0x0f77),0x0000","ld (0x0f77), 0x0000",stdi16,f1770f020000,f2770f000000,9
UNI_ASSEMBLES_DIFF,"ld (0x0fd5),0x0000","ld (0x0fd5), 0x0000",stdi16,f1d50f020000,f2d50f000000,9
UNI_ASSEMBLES_DIFF,"ld (0x1108),0x0004","ld (0x1108), 0x0004",stdi16,f10811020400,f20811000004,9
UNI_ASSEMBLES_DIFF,"ld (0x1108),0x0008","ld (0x1108), 0x0008",stdi16,f10811020800,f20811000008,9
UNI_ASSEMBLES_DIFF,"ld (0x1a2b),0x0031","ld (0x1a2b), 0x0031",stdi16,f12b1a023100,f22b1a000031,9
UNI_ASSEMBLES_DIFF,"ld (0x2314),0x0000","ld (0x2314), 0x0000",stdi16,f11423020000,f21423000000,9
UNI_ASSEMBLES_DIFF,"ld (0x25e8),0x0000","ld (0x25e8), 0x0000",stdi16,f1e825020000,f2e825000000,9
UNI_ASSEMBLES_DIFF,"ld (0x2875),0x0000","ld (0x2875), 0x0000",stdi16,f17528020000,f27528000000,9
UNI_ASSEMBLES_DIFF,"ld (0xf231),0x0000","ld (0xf231), 0x0000",stdi16,f131f2020000,f231f2000000,9
UNI_ASSEMBLES_DIFF,"ld (XBC),0x0008","ld (XBC), 0x0008",ldw,b1020800,b10008,9
UNI_ASSEMBLES_DIFF,"ld (XHL),0x0010","ld (XHL), 0x0010",ldw,b3021000,b30010,9
UNI_ASSEMBLES_DIFF,"ld (XHL),0x00ab","ld (XHL), 0x00ab",ldw,b302ab00,b300ab,9
UNI_ASSEMBLES_DIFF,"ld (XSP+0x04),0x000a","ld (XSP+0x04), 0x000a",ldw,bf04020a00,bf04000a,9
UNI_ASSEMBLES_DIFF,"ld (XSP+0x04),0x00f8","ld (XSP+0x04), 0x00f8",ldw,bf0402f800,bf0400f8,9
UNI_ASSEMBLES_DIFF,"ld (XSP+0x06),0x00f8","ld (XSP+0x06), 0x00f8",ldw,bf0602f800,bf0600f8,9
UNI_ASSEMBLES_DIFF,"ld (XSP+0x06),0x00ff","ld (XSP+0x06), 0x00ff",ldw,bf0602ff00,bf0600ff,9
UNI_ASSEMBLES_DIFF,"ld (XWA),0x0005","ld (XWA), 0x0005",ldw,b0020500,b00005,9
UNI_ASSEMBLES_DIFF,"ld (XWA),0x002d","ld (XWA), 0x002d",ldw,b0022d00,b0002d,9
UNI_ASSEMBLES_DIFF,"ld (XWA+0x04),0x00ac","ld (XWA+0x04), 0x00ac",ldw,b80402ac00,b80400ac,9
UNI_ASSEMBLES_DIFF,"ldw (XSP+0x04),(0x2666)","ldw (XSP+0x04), (0x2666)",ldmw2,bf04166626,bf04026626,9
UNI_ASSEMBLES_DIFF,"ldw (XSP+0x06),(0x2887)","ldw (XSP+0x06), (0x2887)",ldmw2,bf06168728,bf06028728,9
UNI_ASSEMBLES_DIFF,"ldw (XWA),(0x27e8)","ldw (XWA), (0x27e8)",ldmw2,b016e827,b002e827,9
UNI_ASSEMBLES_DIFF,"ldw (XWA),(0x27ec)","ldw (XWA), (0x27ec)",ldmw2,b016ec27,b002ec27,9
UNI_ASSEMBLES_DIFF,"ldw (XWA),(0x28af)","ldw (XWA), (0x28af)",ldmw2,b016af28,b002af28,9
UNI_ASSEMBLES_DIFF,"ldw (XWA+0x02),(0x2666)","ldw (XWA+0x02), (0x2666)",ldmw2,b802166626,b802026626,9
UNI_ASSEMBLES_DIFF,"ldw (XWA+0x02),(0x27ea)","ldw (XWA+0x02), (0x27ea)",ldmw2,b80216ea27,b80202ea27,9
UNI_ASSEMBLES_DIFF,"ldw (XWA+0x02),(0x27ee)","ldw (XWA+0x02), (0x27ee)",ldmw2,b80216ee27,b80202ee27,9
UNI_ASSEMBLES_DIFF,push 0x0038,push 0x0038,pushw,0b3800,0938,9
UNI_ASSEMBLES_DIFF,push 0x007c,push 0x007c,pushw,0b7c00,097c,9
UNI_ASSEMBLES_DIFF,"cp (0x360a),0x0000","cp (0x360a), 0x0000",cpdi16,d10a363f0000,c20a36003f00,8
UNI_ASSEMBLES_DIFF,"cp (0x7e50),0x0010","cp (0x7e50), 0x0010",cpdi16,d1507e3f1000,c2507e003f10,8
UNI_ASSEMBLES_DIFF,"cp (0x91c5),0x0000","cp (0x91c5), 0x0000",cpdi16,d1c5913f0000,c2c591003f00,8
UNI_ASSEMBLES_DIFF,"cp (0xce68),0x0000","cp (0xce68), 0x0000",cpdi16,d168ce3f0000,c268ce003f00,8
UNI_ASSEMBLES_DIFF,"cp D,7","cp D, 7",cps,ccdf,cccf07,8
UNI_ASSEMBLES_DIFF,"ld (0x0ce6),0x0000","ld (0x0ce6), 0x0000",stdi16,f1e60c020000,f2e60c000000,8
UNI_ASSEMBLES_DIFF,"ld (0x0e4c),0x0000","ld (0x0e4c), 0x0000",stdi16,f14c0e020000,f24c0e000000,8
UNI_ASSEMBLES_DIFF,"ld (0x215e),0x0000","ld (0x215e), 0x0000",stdi16,f15e21020000,f25e21000000,8
UNI_ASSEMBLES_DIFF,"ld (0x2792),0x0030","ld (0x2792), 0x0030",stdi16,f19227023000,f29227000030,8
UNI_ASSEMBLES_DIFF,"ld (0x28c6),0x0000","ld (0x28c6), 0x0000",stdi16,f1c628020000,f2c628000000,8
UNI_ASSEMBLES_DIFF,"ld (0x3289),0x0006","ld (0x3289), 0x0006",stdi16,f18932020600,f28932000006,8
UNI_ASSEMBLES_DIFF,"ld (0x3614),0x0006","ld (0x3614), 0x0006",stdi16,f11436020600,f21436000006,8
UNI_ASSEMBLES_DIFF,"ld (0x448e),0x0000","ld (0x448e), 0x0000",stdi16,f18e44020000,f28e44000000,8
UNI_ASSEMBLES_DIFF,"ld (0x60341c),0x0000","ld (0x60341c), 0x0000",stiw_da,f21c3460020000,f21c34600000,8
UNI_ASSEMBLES_DIFF,"ld (0x60f000),0x0000","ld (0x60f000), 0x0000",stiw_da,f200f060020000,f200f0600000,8
UNI_ASSEMBLES_DIFF,"ld (0x8a48),0x0001","ld (0x8a48), 0x0001",stdi16,f1488a020100,f2488a000001,8
UNI_ASSEMBLES_DIFF,"ld (0x8b24),0x0003","ld (0x8b24), 0x0003",stdi16,f1248b020300,f2248b000003,8
UNI_ASSEMBLES_DIFF,"ld (0x8b2c),0x0001","ld (0x8b2c), 0x0001",stdi16,f12c8b020100,f22c8b000001,8
UNI_ASSEMBLES_DIFF,"ld (0x8b2e),0x0001","ld (0x8b2e), 0x0001",stdi16,f12e8b020100,f22e8b000001,8
UNI_ASSEMBLES_DIFF,"ld (0xeaf9),0x0000","ld (0xeaf9), 0x0000",stdi16,f1f9ea020000,f2f9ea000000,8
UNI_ASSEMBLES_DIFF,"ld (XHL+0x2b),0x0000","ld (XHL+0x2b), 0x0000",extpfx5,bb2b020000,bb2b0000,8
UNI_ASSEMBLES_DIFF,"ld (XIZ+0x02),0x0005","ld (XIZ+0x02), 0x0005",ldw,be02020500,be020005,8
UNI_ASSEMBLES_DIFF,"ld (XIZ+0x0a),0x0000","ld (XIZ+0x0a), 0x0000",ldw,be0a020000,be0a0000,8
UNI_ASSEMBLES_DIFF,"ld (XIZ+0x4000),0x0030","ld (XIZ+0x4000), 0x0030",stiw_ind,f3f90040023000,f3f900400030,8
UNI_ASSEMBLES_DIFF,"ld (XIZ+0x6000),0x0030","ld (XIZ+0x6000), 0x0030",stiw_ind,f3f90060023000,f3f900600030,8
UNI_ASSEMBLES_DIFF,"ld (XSP+0x18),0x0000","ld (XSP+0x18), 0x0000",ldw,bf18020000,bf180000,8
UNI_ASSEMBLES_DIFF,"ld (XWA),0x00f0","ld (XWA), 0x00f0",ldw,b002f000,b000f0,8
UNI_ASSEMBLES_DIFF,"mul BC,(XIZ+0x0e)","mul BC, (XIZ+0x0e)",extpfx3,8e0e43,9e0e41,8
UNI_ASSEMBLES_DIFF,push 0x0048,push 0x0048,pushw,0b4800,0948,8
UNI_ASSEMBLES_DIFF,push 0x0055,push 0x0055,pushw,0b5500,0955,8
UNI_ASSEMBLES_DIFF,push 0x00a0,push 0x00a0,pushw,0ba000,09a0,8
UNI_ASSEMBLES_DIFF,"cp H,5","cp H, 5",cps,cedd,cecf05,7
UNI_ASSEMBLES_DIFF,"cp IX,6","cp IX, 6",cps,dcde,dccf0600,7
UNI_ASSEMBLES_DIFF,"ld (0x0017c2),0x0000","ld (0x0017c2), 0x0000",stiw_da,f2c21700020000,f2c217000000,7
UNI_ASSEMBLES_DIFF,"ld (0x0017c4),0x0000","ld (0x0017c4), 0x0000",stiw_da,f2c41700020000,f2c417000000,7
UNI_ASSEMBLES_DIFF,"ld (0x0c50),0x0000","ld (0x0c50), 0x0000",stdi16,f1500c020000,f2500c000000,7
UNI_ASSEMBLES_DIFF,"ld (0x0f75),0x0000","ld (0x0f75), 0x0000",stdi16,f1750f020000,f2750f000000,7
UNI_ASSEMBLES_DIFF,"ld (0x1086),0x0000","ld (0x1086), 0x0000",stdi16,f18610020000,f28610000000,7
UNI_ASSEMBLES_DIFF,"ld (0x605d64),0x0001","ld (0x605d64), 0x0001",stiw_da,f2645d60020100,f2645d600001,7
UNI_ASSEMBLES_DIFF,"ld (0x9042),0x0000","ld (0x9042), 0x0000",stdi16,f14290020000,f24290000000,7
UNI_ASSEMBLES_DIFF,"ld (XBC),0x0090","ld (XBC), 0x0090",ldw,b1029000,b10090,7
UNI_ASSEMBLES_DIFF,"ld (XIZ+0x02),0x0000","ld (XIZ+0x02), 0x0000",ldw,be02020000,be020000,7
UNI_ASSEMBLES_DIFF,push 0x001b,push 0x001b,pushw,0b1b00,091b,7
UNI_ASSEMBLES_DIFF,push 0x002a,push 0x002a,pushw,0b2a00,092a,7
UNI_ASSEMBLES_DIFF,push 0x0035,push 0x0035,pushw,0b3500,0935,7
UNI_ASSEMBLES_DIFF,push 0x0037,push 0x0037,pushw,0b3700,0937,7
UNI_ASSEMBLES_DIFF,push 0x0044,push 0x0044,pushw,0b4400,0944,7
UNI_ASSEMBLES_DIFF,push 0x0051,push 0x0051,pushw,0b5100,0951,7
UNI_ASSEMBLES_DIFF,push 0x009c,push 0x009c,pushw,0b9c00,099c,7
UNI_ASSEMBLES_DIFF,push 0x00d0,push 0x00d0,pushw,0bd000,09d0,7
UNI_ASSEMBLES_DIFF,"add (0x0652),0x0012","add (0x0652), 0x0012",adddi16,d15206381200,c25206003812,6
UNI_ASSEMBLES_DIFF,call 0x0bf3,call 0x0bf3,call16,1cf30b,1df30b00,6
UNI_ASSEMBLES_DIFF,call 0x4700,call 0x4700,call16,1c0047,1d004700,6
UNI_ASSEMBLES_DIFF,"cp (0x0e50),0x0000","cp (0x0e50), 0x0000",cpdi16,d1500e3f0000,c2500e003f00,6
UNI_ASSEMBLES_DIFF,"cp (0x1132),0x0004","cp (0x1132), 0x0004",cpdi16,d132113f0400,c23211003f04,6
UNI_ASSEMBLES_DIFF,"cp (0x1a2b),0x0031","cp (0x1a2b), 0x0031",cpdi16,d12b1a3f3100,c22b1a003f31,6
UNI_ASSEMBLES_DIFF,"cp (0x2744),0x0001","cp (0x2744), 0x0001",cpdi16,d144273f0100,c24427003f01,6
UNI_ASSEMBLES_DIFF,"cp (0x2782),0x0000","cp (0x2782), 0x0000",cpdi16,d182273f0000,c28227003f00,6
UNI_ASSEMBLES_DIFF,"cp (0x287f),0x0001","cp (0x287f), 0x0001",cpdi16,d17f283f0100,c27f28003f01,6
UNI_ASSEMBLES_DIFF,"cp (0x3288),0x0010","cp (0x3288), 0x0010",cpdi16,d188323f1000,c28832003f10,6
UNI_ASSEMBLES_DIFF,"cp (0x7e18),0x0000","cp (0x7e18), 0x0000",cpdi16,d1187e3f0000,c2187e003f00,6
UNI_ASSEMBLES_DIFF,"cp (0x8d9f),0x0000","cp (0x8d9f), 0x0000",cpdi16,d19f8d3f0000,c29f8d003f00,6
UNI_ASSEMBLES_DIFF,"cp B,2","cp B, 2",cps,cada,cacf02,6
UNI_ASSEMBLES_DIFF,"cp B,4","cp B, 4",cps,cadc,cacf04,6
UNI_ASSEMBLES_DIFF,"cp QIZ,0x000a","cp QIZ, 0x000a",cp_erpw,d7facf0a00,d7fada,6
UNI_ASSEMBLES_DIFF,"cp QIZ,0x0013","cp QIZ, 0x0013",cp_erpw,d7facf1300,d7fadb,6
UNI_ASSEMBLES_DIFF,"cp QIZ,0x0014","cp QIZ, 0x0014",cp_erpw,d7facf1400,d7fadc,6
UNI_ASSEMBLES_DIFF,"cp W,6","cp W, 6",cps,c8de,c8cf06,6
UNI_ASSEMBLES_DIFF,"ld (0x001739),0x001a","ld (0x001739), 0x001a",stiw_da,f2391700021a00,f2391700001a,6
UNI_ASSEMBLES_DIFF,"ld (0x00cf2f),0x0000","ld (0x00cf2f), 0x0000",stiw_da,f22fcf00020000,f22fcf000000,6
UNI_ASSEMBLES_DIFF,"ld (0x00cf2f),0x0001","ld (0x00cf2f), 0x0001",stiw_da,f22fcf00020100,f22fcf000001,6
UNI_ASSEMBLES_DIFF,"ld (0x00d796),0x0000","ld (0x00d796), 0x0000",stiw_da,f296d700020000,f296d7000000,6
UNI_ASSEMBLES_DIFF,"ld (0x00ffca),0x0000","ld (0x00ffca), 0x0000",stiw_da,f2caff00020000,f2caff000000,6
UNI_ASSEMBLES_DIFF,"ld (0x01e53c),0x0015","ld (0x01e53c), 0x0015",stiw_da,f23ce501021500,f23ce5010015,6
UNI_ASSEMBLES_DIFF,"ld (0x02271e),0x0000","ld (0x02271e), 0x0000",stiw_da,f21e2702020000,f21e27020000,6
UNI_ASSEMBLES_DIFF,"ld (0x023580),0x0000","ld (0x023580), 0x0000",stiw_da,f2803502020000,f28035020000,6
UNI_ASSEMBLES_DIFF,"ld (0x02477c),0x0000","ld (0x02477c), 0x0000",stiw_da,f27c4702020000,f27c47020000,6
UNI_ASSEMBLES_DIFF,"ld (0x02477c),0x0001","ld (0x02477c), 0x0001",stiw_da,f27c4702020100,f27c47020001,6
UNI_ASSEMBLES_DIFF,"ld (0x024794),0x0000","ld (0x024794), 0x0000",stiw_da,f2944702020000,f29447020000,6
UNI_ASSEMBLES_DIFF,"ld (0x024798),0x0000","ld (0x024798), 0x0000",stiw_da,f2984702020000,f29847020000,6
UNI_ASSEMBLES_DIFF,"ld (0x0276c4),0x0001","ld (0x0276c4), 0x0001",stiw_da,f2c47602020100,f2c476020001,6
UNI_ASSEMBLES_DIFF,"ld (0x030450),0x0001","ld (0x030450), 0x0001",stiw_da,f2500403020100,f25004030001,6
UNI_ASSEMBLES_DIFF,"ld (0x03e99c),0x0008","ld (0x03e99c), 0x0008",stiw_da,f29ce903020800,f29ce9030008,6
UNI_ASSEMBLES_DIFF,"ld (0x03e99e),0x0000","ld (0x03e99e), 0x0000",stiw_da,f29ee903020000,f29ee9030000,6
UNI_ASSEMBLES_DIFF,"ld (0x03ef92),0x0001","ld (0x03ef92), 0x0001",stiw_da,f292ef03020100,f292ef030001,6
UNI_ASSEMBLES_DIFF,"ld (0x03ef9e),0x0004","ld (0x03ef9e), 0x0004",stiw_da,f29eef03020400,f29eef030004,6
UNI_ASSEMBLES_DIFF,"ld (0x045204),0x0000","ld (0x045204), 0x0000",stiw_da,f2045204020000,f20452040000,6
UNI_ASSEMBLES_DIFF,"ld (0x0d30),0x0000","ld (0x0d30), 0x0000",stdi16,f1300d020000,f2300d000000,6
UNI_ASSEMBLES_DIFF,"ld (0x1a2b),0x0001","ld (0x1a2b), 0x0001",stdi16,f12b1a020100,f22b1a000001,6
UNI_ASSEMBLES_DIFF,"ld (0x1a2b),0x0030","ld (0x1a2b), 0x0030",stdi16,f12b1a023000,f22b1a000030,6
UNI_ASSEMBLES_DIFF,"ld (0x232c),0x0000","ld (0x232c), 0x0000",stdi16,f12c23020000,f22c23000000,6
UNI_ASSEMBLES_DIFF,"ld (0x251c),0x0001","ld (0x251c), 0x0001",stdi16,f11c25020100,f21c25000001,6
UNI_ASSEMBLES_DIFF,"ld (0x251e),0x0001","ld (0x251e), 0x0001",stdi16,f11e25020100,f21e25000001,6
UNI_ASSEMBLES_DIFF,"ld (0x2520),0x0001","ld (0x2520), 0x0001",stdi16,f12025020100,f22025000001,6
UNI_ASSEMBLES_DIFF,"ld (0x2522),0x0001","ld (0x2522), 0x0001",stdi16,f12225020100,f22225000001,6
UNI_ASSEMBLES_DIFF,"ld (0x25fa),0x0001","ld (0x25fa), 0x0001",stdi16,f1fa25020100,f2fa25000001,6
UNI_ASSEMBLES_DIFF,"ld (0x25fc),0x0001","ld (0x25fc), 0x0001",stdi16,f1fc25020100,f2fc25000001,6
UNI_ASSEMBLES_DIFF,"ld (0x2626),0x0001","ld (0x2626), 0x0001",stdi16,f12626020100,f22626000001,6
UNI_ASSEMBLES_DIFF,"ld (0x2628),0x0001","ld (0x2628), 0x0001",stdi16,f12826020100,f22826000001,6
UNI_ASSEMBLES_DIFF,"ld (0x262c),0x0001","ld (0x262c), 0x0001",stdi16,f12c26020100,f22c26000001,6
UNI_ASSEMBLES_DIFF,"ld (0x262e),0x0001","ld (0x262e), 0x0001",stdi16,f12e26020100,f22e26000001,6
UNI_ASSEMBLES_DIFF,"ld (0x2744),0x0001","ld (0x2744), 0x0001",stdi16,f14427020100,f24427000001,6
UNI_ASSEMBLES_DIFF,"ld (0x279a),0x0000","ld (0x279a), 0x0000",stdi16,f19a27020000,f29a27000000,6
UNI_ASSEMBLES_DIFF,"ld (0x27ee),0x00ff","ld (0x27ee), 0x00ff",stdi16,f1ee2702ff00,f2ee270000ff,6
UNI_ASSEMBLES_DIFF,"ld (0x2885),0x0005","ld (0x2885), 0x0005",stdi16,f18528020500,f28528000005,6
UNI_ASSEMBLES_DIFF,"ld (0x2940),0x0000","ld (0x2940), 0x0000",stdi16,f14029020000,f24029000000,6
UNI_ASSEMBLES_DIFF,"ld (0x29f6),0x0000","ld (0x29f6), 0x0000",stdi16,f1f629020000,f2f629000000,6
UNI_ASSEMBLES_DIFF,"ld (0x2a92),0x0000","ld (0x2a92), 0x0000",stdi16,f1922a020000,f2922a000000,6
UNI_ASSEMBLES_DIFF,"ld (0x33d8),0x0006","ld (0x33d8), 0x0006",stdi16,f1d833020600,f2d833000006,6
UNI_ASSEMBLES_DIFF,"ld (0x356e),0x0000","ld (0x356e), 0x0000",stdi16,f16e35020000,f26e35000000,6
UNI_ASSEMBLES_DIFF,"ld (0x360e),0x0000","ld (0x360e), 0x0000",stdi16,f10e36020000,f20e36000000,6
UNI_ASSEMBLES_DIFF,"ld (0x3a82),0x0000","ld (0x3a82), 0x0000",stdi16,f1823a020000,f2823a000000,6
UNI_ASSEMBLES_DIFF,"ld (0x3d04),0x0000","ld (0x3d04), 0x0000",stdi16,f1043d020000,f2043d000000,6
UNI_ASSEMBLES_DIFF,"ld (0x5a51),0x0000","ld (0x5a51), 0x0000",stdi16,f1515a020000,f2515a000000,6
UNI_ASSEMBLES_DIFF,"ld (0x601f6c),0x0000","ld (0x601f6c), 0x0000",stiw_da,f26c1f60020000,f26c1f600000,6
UNI_ASSEMBLES_DIFF,"ld (0x605d6a),0x0000","ld (0x605d6a), 0x0000",stiw_da,f26a5d60020000,f26a5d600000,6
UNI_ASSEMBLES_DIFF,"ld (0x8a1c),0x0000","ld (0x8a1c), 0x0000",stdi16,f11c8a020000,f21c8a000000,6
UNI_ASSEMBLES_DIFF,"ld (0x8dff),0x0000","ld (0x8dff), 0x0000",stdi16,f1ff8d020000,f2ff8d000000,6
UNI_ASSEMBLES_DIFF,"ld (0x90e0),0x0000","ld (0x90e0), 0x0000",stdi16,f1e090020000,f2e090000000,6
UNI_ASSEMBLES_DIFF,"ld (0x9133),0x0000","ld (0x9133), 0x0000",stdi16,f13391020000,f23391000000,6
UNI_ASSEMBLES_DIFF,"ld (0xc4ca),0x0000","ld (0xc4ca), 0x0000",stdi16,f1cac4020000,f2cac4000000,6
UNI_ASSEMBLES_DIFF,"ld (0xce66),0x0000","ld (0xce66), 0x0000",stdi16,f166ce020000,f266ce000000,6
UNI_ASSEMBLES_DIFF,"ld (0xe360),0x0000","ld (0xe360), 0x0000",stdi16,f160e3020000,f260e3000000,6
UNI_ASSEMBLES_DIFF,"ld (0xebfb),0x0000","ld (0xebfb), 0x0000",stdi16,f1fbeb020000,f2fbeb000000,6
UNI_ASSEMBLES_DIFF,"ld (0xec01),0x0000","ld (0xec01), 0x0000",stdi16,f101ec020000,f201ec000000,6
UNI_ASSEMBLES_DIFF,"ld (0xf22f),0x0001","ld (0xf22f), 0x0001",stdi16,f12ff2020100,f22ff2000001,6
UNI_ASSEMBLES_DIFF,"ld (0xf22f),0x0003","ld (0xf22f), 0x0003",stdi16,f12ff2020300,f22ff2000003,6
UNI_ASSEMBLES_DIFF,"ld (0xf23f),0x0002","ld (0xf23f), 0x0002",stdi16,f13ff2020200,f23ff2000002,6
UNI_ASSEMBLES_DIFF,"ld (0xf23f),0x0003","ld (0xf23f), 0x0003",stdi16,f13ff2020300,f23ff2000003,6
UNI_ASSEMBLES_DIFF,"ld (XBC),0x0003","ld (XBC), 0x0003",ldw,b1020300,b10003,6
UNI_ASSEMBLES_DIFF,"ld (XBC),0x0005","ld (XBC), 0x0005",ldw,b1020500,b10005,6
UNI_ASSEMBLES_DIFF,"ld (XBC),0x0006","ld (XBC), 0x0006",ldw,b1020600,b10006,6
UNI_ASSEMBLES_DIFF,"ld (XBC),0x000a","ld (XBC), 0x000a",ldw,b1020a00,b1000a,6
UNI_ASSEMBLES_DIFF,"ld (XBC),0x0026","ld (XBC), 0x0026",ldw,b1022600,b10026,6
UNI_ASSEMBLES_DIFF,"ld (XBC),0x0028","ld (XBC), 0x0028",ldw,b1022800,b10028,6
UNI_ASSEMBLES_DIFF,"ld (XBC),0x003a","ld (XBC), 0x003a",ldw,b1023a00,b1003a,6
UNI_ASSEMBLES_DIFF,"ld (XBC),0x0048","ld (XBC), 0x0048",ldw,b1024800,b10048,6
UNI_ASSEMBLES_DIFF,"ld (XBC),0x004e","ld (XBC), 0x004e",ldw,b1024e00,b1004e,6
UNI_ASSEMBLES_DIFF,"ld (XBC),0x005c","ld (XBC), 0x005c",ldw,b1025c00,b1005c,6
UNI_ASSEMBLES_DIFF,"ld (XBC),0x005f","ld (XBC), 0x005f",ldw,b1025f00,b1005f,6
UNI_ASSEMBLES_DIFF,"ld (XBC),0x006a","ld (XBC), 0x006a",ldw,b1026a00,b1006a,6
UNI_ASSEMBLES_DIFF,"ld (XBC),0x0073","ld (XBC), 0x0073",ldw,b1027300,b10073,6
UNI_ASSEMBLES_DIFF,"ld (XBC),0x007e","ld (XBC), 0x007e",ldw,b1027e00,b1007e,6
UNI_ASSEMBLES_DIFF,"ld (XBC),0x0083","ld (XBC), 0x0083",ldw,b1028300,b10083,6
UNI_ASSEMBLES_DIFF,"ld (XBC),0x008c","ld (XBC), 0x008c",ldw,b1028c00,b1008c,6
UNI_ASSEMBLES_DIFF,"ld (XBC),0x00f5","ld (XBC), 0x00f5",ldw,b102f500,b100f5,6
UNI_ASSEMBLES_DIFF,"ld (XBC+0x02),0x0000","ld (XBC+0x02), 0x0000",ldw,b902020000,b9020000,6
UNI_ASSEMBLES_DIFF,"ld (XBC+0x08),0x000a","ld (XBC+0x08), 0x000a",ldw,b908020a00,b908000a,6
UNI_ASSEMBLES_DIFF,"ld (XBC+0x08),0x0017","ld (XBC+0x08), 0x0017",ldw,b908021700,b9080017,6
UNI_ASSEMBLES_DIFF,"ld (XBC+0x08),0x001e","ld (XBC+0x08), 0x001e",ldw,b908021e00,b908001e,6
UNI_ASSEMBLES_DIFF,"ld (XBC+0x08),0x0024","ld (XBC+0x08), 0x0024",ldw,b908022400,b9080024,6
UNI_ASSEMBLES_DIFF,"ld (XBC+0x08),0x002a","ld (XBC+0x08), 0x002a",ldw,b908022a00,b908002a,6
UNI_ASSEMBLES_DIFF,"ld (XBC+0x08),0x002b","ld (XBC+0x08), 0x002b",ldw,b908022b00,b908002b,6
UNI_ASSEMBLES_DIFF,"ld (XBC+0x08),0x002e","ld (XBC+0x08), 0x002e",ldw,b908022e00,b908002e,6
UNI_ASSEMBLES_DIFF,"ld (XBC+0x08),0x0033","ld (XBC+0x08), 0x0033",ldw,b908023300,b9080033,6
UNI_ASSEMBLES_DIFF,"ld (XBC+0x08),0x0036","ld (XBC+0x08), 0x0036",ldw,b908023600,b9080036,6
UNI_ASSEMBLES_DIFF,"ld (XBC+0x08),0x0039","ld (XBC+0x08), 0x0039",ldw,b908023900,b9080039,6
UNI_ASSEMBLES_DIFF,"ld (XBC+0x08),0x003c","ld (XBC+0x08), 0x003c",ldw,b908023c00,b908003c,6
UNI_ASSEMBLES_DIFF,"ld (XBC+0x08),0x003d","ld (XBC+0x08), 0x003d",ldw,b908023d00,b908003d,6
UNI_ASSEMBLES_DIFF,"ld (XBC+0x08),0x003f","ld (XBC+0x08), 0x003f",ldw,b908023f00,b908003f,6
UNI_ASSEMBLES_DIFF,"ld (XBC+0x08),0x0047","ld (XBC+0x08), 0x0047",ldw,b908024700,b9080047,6
UNI_ASSEMBLES_DIFF,"ld (XBC+0x08),0x004a","ld (XBC+0x08), 0x004a",ldw,b908024a00,b908004a,6
UNI_ASSEMBLES_DIFF,"ld (XBC+0x08),0x0053","ld (XBC+0x08), 0x0053",ldw,b908025300,b9080053,6
UNI_ASSEMBLES_DIFF,"ld (XBC+0x08),0x0054","ld (XBC+0x08), 0x0054",ldw,b908025400,b9080054,6
UNI_ASSEMBLES_DIFF,"ld (XBC+0x08),0x005e","ld (XBC+0x08), 0x005e",ldw,b908025e00,b908005e,6
UNI_ASSEMBLES_DIFF,"ld (XBC+0x08),0x0080","ld (XBC+0x08), 0x0080",ldw,b908028000,b9080080,6
UNI_ASSEMBLES_DIFF,"ld (XDE),0x002d","ld (XDE), 0x002d",ldw,b2022d00,b2002d,6
UNI_ASSEMBLES_DIFF,"ld (XDE),0x003c","ld (XDE), 0x003c",ldw,b2023c00,b2003c,6
UNI_ASSEMBLES_DIFF,"ld (XDE),0x005f","ld (XDE), 0x005f",ldw,b2025f00,b2005f,6
UNI_ASSEMBLES_DIFF,"ld (XDE),0x0064","ld (XDE), 0x0064",ldw,b2026400,b20064,6
UNI_ASSEMBLES_DIFF,"ld (XDE),0x00c8","ld (XDE), 0x00c8",ldw,b202c800,b200c8,6
UNI_ASSEMBLES_DIFF,"ld (XDE+0x04),0x00be","ld (XDE+0x04), 0x00be",ldw,ba0402be00,ba0400be,6
UNI_ASSEMBLES_DIFF,"ld (XHL),0x0004","ld (XHL), 0x0004",ldw,b3020400,b30004,6
UNI_ASSEMBLES_DIFF,"ld (XHL),0x0008","ld (XHL), 0x0008",ldw,b3020800,b30008,6
UNI_ASSEMBLES_DIFF,"ld (XHL),0x0023","ld (XHL), 0x0023",ldw,b3022300,b30023,6
UNI_ASSEMBLES_DIFF,"ld (XHL),0x0082","ld (XHL), 0x0082",ldw,b3028200,b30082,6
UNI_ASSEMBLES_DIFF,"ld (XHL),0x00dc","ld (XHL), 0x00dc",ldw,b302dc00,b300dc,6
UNI_ASSEMBLES_DIFF,"ld (XHL+0x02),0x00ff","ld (XHL+0x02), 0x00ff",ldw,bb0202ff00,bb0200ff,6
UNI_ASSEMBLES_DIFF,"ld (XHL+0x04),0x000a","ld (XHL+0x04), 0x000a",ldw,bb04020a00,bb04000a,6
UNI_ASSEMBLES_DIFF,"ld (XHL+0x06),0x000a","ld (XHL+0x06), 0x000a",ldw,bb06020a00,bb06000a,6
UNI_ASSEMBLES_DIFF,"ld (XIX),0x0005","ld (XIX), 0x0005",ldw,b4020500,b40005,6
UNI_ASSEMBLES_DIFF,"ld (XIX),0x0064","ld (XIX), 0x0064",ldw,b4026400,b40064,6
UNI_ASSEMBLES_DIFF,"ld (XIZ),0x0001","ld (XIZ), 0x0001",ldw,b6020100,b60001,6
UNI_ASSEMBLES_DIFF,"ld (XIZ),0x0008","ld (XIZ), 0x0008",ldw,b6020800,b60008,6
UNI_ASSEMBLES_DIFF,"ld (XIZ+0x08),0x0000","ld (XIZ+0x08), 0x0000",ldw,be08020000,be080000,6
UNI_ASSEMBLES_DIFF,"ld (XIZ+0x08),0x007f","ld (XIZ+0x08), 0x007f",ldw,be08027f00,be08007f,6
UNI_ASSEMBLES_DIFF,"ld (XSP+0x04),0x000f","ld (XSP+0x04), 0x000f",ldw,bf04020f00,bf04000f,6
UNI_ASSEMBLES_DIFF,"ld (XSP+0x04),0x0012","ld (XSP+0x04), 0x0012",ldw,bf04021200,bf040012,6
UNI_ASSEMBLES_DIFF,"ld (XSP+0x06),0x00e0","ld (XSP+0x06), 0x00e0",ldw,bf0602e000,bf0600e0,6
UNI_ASSEMBLES_DIFF,"ld (XSP+0x06),0x00ef","ld (XSP+0x06), 0x00ef",ldw,bf0602ef00,bf0600ef,6
UNI_ASSEMBLES_DIFF,"ld (XSP+0x08),0x003b","ld (XSP+0x08), 0x003b",ldw,bf08023b00,bf08003b,6
UNI_ASSEMBLES_DIFF,"ld (XSP+0x08),0x004b","ld (XSP+0x08), 0x004b",ldw,bf08024b00,bf08004b,6
UNI_ASSEMBLES_DIFF,"ld (XSP+0x08),0x0092","ld (XSP+0x08), 0x0092",ldw,bf08029200,bf080092,6
UNI_ASSEMBLES_DIFF,"ld (XSP+0x0a),0x0012","ld (XSP+0x0a), 0x0012",ldw,bf0a021200,bf0a0012,6
UNI_ASSEMBLES_DIFF,"ld (XSP+0x0e),0x0002","ld (XSP+0x0e), 0x0002",ldw,bf0e020200,bf0e0002,6
UNI_ASSEMBLES_DIFF,"ld (XSP+0x14),0x0006","ld (XSP+0x14), 0x0006",ldw,bf14020600,bf140006,6
UNI_ASSEMBLES_DIFF,"ld (XSP+0x20),0x0001","ld (XSP+0x20), 0x0001",ldw,bf20020100,bf200001,6
UNI_ASSEMBLES_DIFF,"ld (XSP+0x20),0x0002","ld (XSP+0x20), 0x0002",ldw,bf20020200,bf200002,6
UNI_ASSEMBLES_DIFF,"ld (XSP+0x22),0x0002","ld (XSP+0x22), 0x0002",ldw,bf22020200,bf220002,6
UNI_ASSEMBLES_DIFF,"ld (XWA),0x0006","ld (XWA), 0x0006",ldw,b0020600,b00006,6
UNI_ASSEMBLES_DIFF,"ld (XWA),0x0007","ld (XWA), 0x0007",ldw,b0020700,b00007,6
UNI_ASSEMBLES_DIFF,"ld (XWA),0x000a","ld (XWA), 0x000a",ldw,b0020a00,b0000a,6
UNI_ASSEMBLES_DIFF,"ld (XWA),0x0020","ld (XWA), 0x0020",ldw,b0022000,b00020,6
UNI_ASSEMBLES_DIFF,"ld (XWA),0x00c5","ld (XWA), 0x00c5",ldw,b002c500,b000c5,6
UNI_ASSEMBLES_DIFF,"ld (XWA+0x06),0x0057","ld (XWA+0x06), 0x0057",ldw,b806025700,b8060057,6
UNI_ASSEMBLES_DIFF,"ld (XWA+0x06),0x005d","ld (XWA+0x06), 0x005d",ldw,b806025d00,b806005d,6
UNI_ASSEMBLES_DIFF,"ld (XWA+0x06),0x006b","ld (XWA+0x06), 0x006b",ldw,b806026b00,b806006b,6
UNI_ASSEMBLES_DIFF,"ld (XWA+0x06),0x006e","ld (XWA+0x06), 0x006e",ldw,b806026e00,b806006e,6
UNI_ASSEMBLES_DIFF,"ld (XWA+0x06),0x0079","ld (XWA+0x06), 0x0079",ldw,b806027900,b8060079,6
UNI_ASSEMBLES_DIFF,"ld (XWA+0x06),0x0082","ld (XWA+0x06), 0x0082",ldw,b806028200,b8060082,6
UNI_ASSEMBLES_DIFF,"ld (XWA+0x06),0x008d","ld (XWA+0x06), 0x008d",ldw,b806028d00,b806008d,6
UNI_ASSEMBLES_DIFF,"ld (XWA+0x06),0x0092","ld (XWA+0x06), 0x0092",ldw,b806029200,b8060092,6
UNI_ASSEMBLES_DIFF,"ld (XWA+0x06),0x009b","ld (XWA+0x06), 0x009b",ldw,b806029b00,b806009b,6
UNI_ASSEMBLES_DIFF,"ld (XWA+0x06),0x00ef","ld (XWA+0x06), 0x00ef",ldw,b80602ef00,b80600ef,6
UNI_ASSEMBLES_DIFF,"ld (XWA+0x10),0x00d8","ld (XWA+0x10), 0x00d8",ldw,b81002d800,b81000d8,6
UNI_ASSEMBLES_DIFF,"ld (XWA+0x14),0x00ee","ld (XWA+0x14), 0x00ee",ldw,b81402ee00,b81400ee,6
UNI_ASSEMBLES_DIFF,"ld QIZ,0x0008","ld QIZ, 0x0008",ldi_erpw,d7fa030800,d7faa8,6
UNI_ASSEMBLES_DIFF,lddr,lddr,lddr83,8313,8013,6
UNI_ASSEMBLES_DIFF,"ldw (0x0210a0),(0x27fe)","ldw (0x0210a0), (0x27fe)",ldmmw_dd24,f2a0100216fe27,f2a0100202fe27,6
UNI_ASSEMBLES_DIFF,"ldw (0x0210a2),(0x2800)","ldw (0x0210a2), (0x2800)",ldmmw_dd24,f2a21002160028,f2a21002020028,6
UNI_ASSEMBLES_DIFF,"ldw (0x0210a4),(0x2802)","ldw (0x0210a4), (0x2802)",ldmmw_dd24,f2a41002160228,f2a41002020228,6
UNI_ASSEMBLES_DIFF,"ldw (0x0210a6),(0x2804)","ldw (0x0210a6), (0x2804)",ldmmw_dd24,f2a61002160428,f2a61002020428,6
UNI_ASSEMBLES_DIFF,"ldw (XBC+0x02),(0x2885)","ldw (XBC+0x02), (0x2885)",ldmw2,b902168528,b902028528,6
UNI_ASSEMBLES_DIFF,"ldw (XSP+0x02),(0x2666)","ldw (XSP+0x02), (0x2666)",ldmw2,bf02166626,bf02026626,6
UNI_ASSEMBLES_DIFF,"ldw (XSP+0x04),(0x041c)","ldw (XSP+0x04), (0x041c)",ldmw2,bf04161c04,bf04021c04,6
UNI_ASSEMBLES_DIFF,"ldw (XSP+0x04),(0x2885)","ldw (XSP+0x04), (0x2885)",ldmw2,bf04168528,bf04028528,6
UNI_ASSEMBLES_DIFF,"ldw (XSP+0x06),(0x2666)","ldw (XSP+0x06), (0x2666)",ldmw2,bf06166626,bf06026626,6
UNI_ASSEMBLES_DIFF,"ldw (XSP+0x08),(0x2326)","ldw (XSP+0x08), (0x2326)",ldmw2,bf08162623,bf08022623,6
UNI_ASSEMBLES_DIFF,"ldw (XWA),(0x26a8)","ldw (XWA), (0x26a8)",ldmw2,b016a826,b002a826,6
UNI_ASSEMBLES_DIFF,"ldw (XWA),(0x26d4)","ldw (XWA), (0x26d4)",ldmw2,b016d426,b002d426,6
UNI_ASSEMBLES_DIFF,"ldw (XWA),(0x26d8)","ldw (XWA), (0x26d8)",ldmw2,b016d826,b002d826,6
UNI_ASSEMBLES_DIFF,"ldw (XWA),(0x288b)","ldw (XWA), (0x288b)",ldmw2,b0168b28,b0028b28,6
UNI_ASSEMBLES_DIFF,"ldw (XWA+0x02),(0x26aa)","ldw (XWA+0x02), (0x26aa)",ldmw2,b80216aa26,b80202aa26,6
UNI_ASSEMBLES_DIFF,"ldw (XWA+0x02),(0x26d2)","ldw (XWA+0x02), (0x26d2)",ldmw2,b80216d226,b80202d226,6
UNI_ASSEMBLES_DIFF,"ldw (XWA+0x02),(0x26d6)","ldw (XWA+0x02), (0x26d6)",ldmw2,b80216d626,b80202d626,6
UNI_ASSEMBLES_DIFF,"ldw (XWA+0x02),(0x2889)","ldw (XWA+0x02), (0x2889)",ldmw2,b802168928,b802028928,6
UNI_ASSEMBLES_DIFF,push 0x004b,push 0x004b,pushw,0b4b00,094b,6
UNI_ASSEMBLES_DIFF,push 0x005c,push 0x005c,pushw,0b5c00,095c,6
UNI_ASSEMBLES_DIFF,push 0x0081,push 0x0081,pushw,0b8100,0981,6
UNI_ASSEMBLES_DIFF,push 0x0093,push 0x0093,pushw,0b9300,0993,6
UNI_ASSEMBLES_DIFF,push 0x00ab,push 0x00ab,pushw,0bab00,09ab,6
UNI_ASSEMBLES_DIFF,push 0x00b4,push 0x00b4,pushw,0bb400,09b4,6
UNI_ASSEMBLES_DIFF,push 0x00f0,push 0x00f0,pushw,0bf000,09f0,6
UNI_ASSEMBLES_DIFF,push 0x00fc,push 0x00fc,pushw,0bfc00,09fc,6
UNI_ASSEMBLES_DIFF,call 0x3534,call 0x3534,call16,1c3435,1d343500,5
UNI_ASSEMBLES_DIFF,"cp (0x0c78),0x0000","cp (0x0c78), 0x0000",cpdi16,d1780c3f0000,c2780c003f00,5
UNI_ASSEMBLES_DIFF,"cp D,2","cp D, 2",cps,ccda,cccf02,5
UNI_ASSEMBLES_DIFF,"cp D,5","cp D, 5",cps,ccdd,cccf05,5
UNI_ASSEMBLES_DIFF,"cp IY,3","cp IY, 3",cps,dddb,ddcf0300,5
UNI_ASSEMBLES_DIFF,"cp IY,7","cp IY, 7",cps,dddf,ddcf0700,5
UNI_ASSEMBLES_DIFF,"cp QIZ,0x000f","cp QIZ, 0x000f",cp_erpw,d7facf0f00,d7fadf,5
UNI_ASSEMBLES_DIFF,"cp W,7","cp W, 7",cps,c8df,c8cf07,5
UNI_ASSEMBLES_DIFF,"ld (0x0017c6),0x0000","ld (0x0017c6), 0x0000",stiw_da,f2c61700020000,f2c617000000,5
UNI_ASSEMBLES_DIFF,"ld (0x0017ca),0x0001","ld (0x0017ca), 0x0001",stiw_da,f2ca1700020100,f2ca17000001,5
UNI_ASSEMBLES_DIFF,"ld (0x0d54),0x0000","ld (0x0d54), 0x0000",stdi16,f1540d020000,f2540d000000,5
UNI_ASSEMBLES_DIFF,"ld (0x0d56),0x0000","ld (0x0d56), 0x0000",stdi16,f1560d020000,f2560d000000,5
UNI_ASSEMBLES_DIFF,"ld (0x0dbe),0x0000","ld (0x0dbe), 0x0000",stdi16,f1be0d020000,f2be0d000000,5
UNI_ASSEMBLES_DIFF,"ld (0x22a02a),0x0000","ld (0x22a02a), 0x0000",stiw_da,f22aa022020000,f22aa0220000,5
UNI_ASSEMBLES_DIFF,"ld (0x605d62),0x0008","ld (0x605d62), 0x0008",stiw_da,f2625d60020800,f2625d600008,5
UNI_ASSEMBLES_DIFF,"ld (0x8a8a),0x0000","ld (0x8a8a), 0x0000",stdi16,f18a8a020000,f28a8a000000,5
UNI_ASSEMBLES_DIFF,"ld (0x8a8c),0x0000","ld (0x8a8c), 0x0000",stdi16,f18c8a020000,f28c8a000000,5
UNI_ASSEMBLES_DIFF,"ld (XBC+0x04),0x0000","ld (XBC+0x04), 0x0000",ldw,b904020000,b9040000,5
UNI_ASSEMBLES_DIFF,"ld (XBC+0x36),0x0000","ld (XBC+0x36), 0x0000",ldw,b936020000,b9360000,5
UNI_ASSEMBLES_DIFF,"ld (XDE),0x007f","ld (XDE), 0x007f",ldw,b2027f00,b2007f,5
UNI_ASSEMBLES_DIFF,"ld (XHL+0x2d),0x00ff","ld (XHL+0x2d), 0x00ff",extpfx5,bb2d02ff00,bb2d00ff,5
UNI_ASSEMBLES_DIFF,"ld (XHL+0x32),0x0000","ld (XHL+0x32), 0x0000",extpfx5,bb32020000,bb320000,5
UNI_ASSEMBLES_DIFF,"ld (XHL+0x34),0x0000","ld (XHL+0x34), 0x0000",extpfx5,bb34020000,bb340000,5
UNI_ASSEMBLES_DIFF,"ld (XHL+0x36),0x0000","ld (XHL+0x36), 0x0000",extpfx5,bb36020000,bb360000,5
UNI_ASSEMBLES_DIFF,"ld (XIY),0x0001","ld (XIY), 0x0001",ldw,b5020100,b50001,5
UNI_ASSEMBLES_DIFF,"ld (XSP+0x08),0x000d","ld (XSP+0x08), 0x000d",ldw,bf08020d00,bf08000d,5
UNI_ASSEMBLES_DIFF,"ld (XSP+0x0c),0x0018","ld (XSP+0x0c), 0x0018",ldw,bf0c021800,bf0c0018,5
UNI_ASSEMBLES_DIFF,"ld (XSP+0x0e),0x0009","ld (XSP+0x0e), 0x0009",ldw,bf0e020900,bf0e0009,5
UNI_ASSEMBLES_DIFF,"ld (XSP+0x0e),0x0012","ld (XSP+0x0e), 0x0012",ldw,bf0e021200,bf0e0012,5
UNI_ASSEMBLES_DIFF,"ld QIX,0x7ff0","ld QIX, 0x7ff0",ldw,d7f203f07f,d7f2a8,5
UNI_ASSEMBLES_DIFF,"ldw (XBC),(0x2952)","ldw (XBC), (0x2952)",ldmw2,b1165229,b1025229,5
UNI_ASSEMBLES_DIFF,"ldw (XIZ),(0x041c)","ldw (XIZ), (0x041c)",ldmw2,b6161c04,b6021c04,5
UNI_ASSEMBLES_DIFF,"ldw (XWA),(0x2952)","ldw (XWA), (0x2952)",ldmw2,b0165229,b0025229,5
UNI_ASSEMBLES_DIFF,push 0x0041,push 0x0041,pushw,0b4100,0941,5
UNI_ASSEMBLES_DIFF,push 0x0049,push 0x0049,pushw,0b4900,0949,5
UNI_ASSEMBLES_DIFF,push 0x004d,push 0x004d,pushw,0b4d00,094d,5
UNI_ASSEMBLES_DIFF,push 0x0062,push 0x0062,pushw,0b6200,0962,5
UNI_ASSEMBLES_DIFF,push 0x008f,push 0x008f,pushw,0b8f00,098f,5
UNI_ASSEMBLES_DIFF,push 0x00aa,push 0x00aa,pushw,0baa00,09aa,5
UNI_ASSEMBLES_DIFF,push 0x00b0,push 0x00b0,pushw,0bb000,09b0,5
UNI_ASSEMBLES_DIFF,push 0x00ca,push 0x00ca,pushw,0bca00,09ca,5
UNI_ASSEMBLES_DIFF,push 0x00d8,push 0x00d8,pushw,0bd800,09d8,5
UNI_ASSEMBLES_DIFF,"add (0x360a),0x0006","add (0x360a), 0x0006",adddi16,d10a36380600,c20a36003806,4
UNI_ASSEMBLES_DIFF,"cp (0x349a),0x0000","cp (0x349a), 0x0000",cpdi16,d19a343f0000,c29a34003f00,4
UNI_ASSEMBLES_DIFF,"cp (0x349c),0x0000","cp (0x349c), 0x0000",cpdi16,d19c343f0000,c29c34003f00,4
UNI_ASSEMBLES_DIFF,"cp (0x356e),0x0000","cp (0x356e), 0x0000",cpdi16,d16e353f0000,c26e35003f00,4
UNI_ASSEMBLES_DIFF,"cp (0x360e),0x0000","cp (0x360e), 0x0000",cpdi16,d10e363f0000,c20e36003f00,4
UNI_ASSEMBLES_DIFF,"cp (0x48d8),0x0000","cp (0x48d8), 0x0000",cpdi16,d1d8483f0000,c2d848003f00,4
UNI_ASSEMBLES_DIFF,"cp (0x48d8),0x0002","cp (0x48d8), 0x0002",cpdi16,d1d8483f0200,c2d848003f02,4
UNI_ASSEMBLES_DIFF,"cp (0x493e),0x0001","cp (0x493e), 0x0001",cpdi16,d13e493f0100,c23e49003f01,4
UNI_ASSEMBLES_DIFF,"cp (0x7db4),0x0010","cp (0x7db4), 0x0010",cpdi16,d1b47d3f1000,c2b47d003f10,4
UNI_ASSEMBLES_DIFF,"cp (0x8506),0x0000","cp (0x8506), 0x0000",cpdi16,d106853f0000,c20685003f00,4
UNI_ASSEMBLES_DIFF,"cp (0x8508),0x0000","cp (0x8508), 0x0000",cpdi16,d108853f0000,c20885003f00,4
UNI_ASSEMBLES_DIFF,"cp (0x8d9f),0x005c","cp (0x8d9f), 0x005c",cpdi16,d19f8d3f5c00,c29f8d003f5c,4
UNI_ASSEMBLES_DIFF,"cp (0x8dfd),0x003c","cp (0x8dfd), 0x003c",cpdi16,d1fd8d3f3c00,c2fd8d003f3c,4
UNI_ASSEMBLES_DIFF,"cp (0xce68),0x0001","cp (0xce68), 0x0001",cpdi16,d168ce3f0100,c268ce003f01,4
UNI_ASSEMBLES_DIFF,"cp (0xce68),0x0002","cp (0xce68), 0x0002",cpdi16,d168ce3f0200,c268ce003f02,4
UNI_ASSEMBLES_DIFF,"cp (0xce68),0x0003","cp (0xce68), 0x0003",cpdi16,d168ce3f0300,c268ce003f03,4
UNI_ASSEMBLES_DIFF,"cp (0xd09a),0x0000","cp (0xd09a), 0x0000",cpdi16,d19ad03f0000,c29ad0003f00,4
UNI_ASSEMBLES_DIFF,"cp (0xeaf9),0x0000","cp (0xeaf9), 0x0000",cpdi16,d1f9ea3f0000,c2f9ea003f00,4
UNI_ASSEMBLES_DIFF,"cp (0xebfb),0x0000","cp (0xebfb), 0x0000",cpdi16,d1fbeb3f0000,c2fbeb003f00,4
UNI_ASSEMBLES_DIFF,"cp (0xf1ce),0x0000","cp (0xf1ce), 0x0000",cpdi16,d1cef13f0000,c2cef1003f00,4
UNI_ASSEMBLES_DIFF,"cp B,3","cp B, 3",cps,cadb,cacf03,4
UNI_ASSEMBLES_DIFF,"cp IY,1","cp IY, 1",cps,ddd9,ddcf0100,4
UNI_ASSEMBLES_DIFF,"cp IY,2","cp IY, 2",cps,ddda,ddcf0200,4
UNI_ASSEMBLES_DIFF,"cp IY,5","cp IY, 5",cps,dddd,ddcf0500,4
UNI_ASSEMBLES_DIFF,"cp QHL,0x0008","cp QHL, 0x0008",cp_erpw,d7eecf0800,d7eed8,4
UNI_ASSEMBLES_DIFF,"cp QIZ,0x03e8","cp QIZ, 0x03e8",cpw,d7facfe803,d7fad8,4
UNI_ASSEMBLES_DIFF,"cp QIZ,0x0900","cp QIZ, 0x0900",cp_erpw,d7facf0009,d7fad8,4
UNI_ASSEMBLES_DIFF,"cp QIZ,0x1200","cp QIZ, 0x1200",cp_erpw,d7facf0012,d7fad8,4
UNI_ASSEMBLES_DIFF,"ld (0x00170f),0x0000","ld (0x00170f), 0x0000",stiw_da,f20f1700020000,f20f17000000,4
UNI_ASSEMBLES_DIFF,"ld (0x025b3e),0x0000","ld (0x025b3e), 0x0000",stiw_da,f23e5b02020000,f23e5b020000,4
UNI_ASSEMBLES_DIFF,"ld (0x025b60),0x0000","ld (0x025b60), 0x0000",stiw_da,f2605b02020000,f2605b020000,4
UNI_ASSEMBLES_DIFF,"ld (0x025b72),0x0000","ld (0x025b72), 0x0000",stiw_da,f2725b02020000,f2725b020000,4
UNI_ASSEMBLES_DIFF,"ld (0x0c76),0x0001","ld (0x0c76), 0x0001",stdi16,f1760c020100,f2760c000001,4
UNI_ASSEMBLES_DIFF,"ld (0x0c9a),0x0001","ld (0x0c9a), 0x0001",stdi16,f19a0c020100,f29a0c000001,4
UNI_ASSEMBLES_DIFF,"ld (0x0d52),0x0003","ld (0x0d52), 0x0003",stdi16,f1520d020300,f2520d000003,4
UNI_ASSEMBLES_DIFF,"ld (0x0d5a),0x0001","ld (0x0d5a), 0x0001",stdi16,f15a0d020100,f25a0d000001,4
UNI_ASSEMBLES_DIFF,"ld (0x0d5c),0x0001","ld (0x0d5c), 0x0001",stdi16,f15c0d020100,f25c0d000001,4
UNI_ASSEMBLES_DIFF,"ld (0x0daa),0x0001","ld (0x0daa), 0x0001",stdi16,f1aa0d020100,f2aa0d000001,4
UNI_ASSEMBLES_DIFF,"ld (0x100002),0x0000","ld (0x100002), 0x0000",stiw_da,f2020010020000,f20200100000,4
UNI_ASSEMBLES_DIFF,"ld (0x1195),0x0000","ld (0x1195), 0x0000",stdi16,f19511020000,f29511000000,4
UNI_ASSEMBLES_DIFF,"ld (0x209b),0x0080","ld (0x209b), 0x0080",stdi16,f19b20028000,f29b20000080,4
UNI_ASSEMBLES_DIFF,"ld (0x2304e4),0x0000","ld (0x2304e4), 0x0000",stiw_da,f2e40423020000,f2e404230000,4
UNI_ASSEMBLES_DIFF,"ld (0x23a08e),0x0000","ld (0x23a08e), 0x0000",stiw_da,f28ea023020000,f28ea0230000,4
UNI_ASSEMBLES_DIFF,"ld (0x2532),0x0029","ld (0x2532), 0x0029",stdi16,f13225022900,f23225000029,4
UNI_ASSEMBLES_DIFF,"ld (0x2536),0x00a8","ld (0x2536), 0x00a8",stdi16,f1362502a800,f236250000a8,4
UNI_ASSEMBLES_DIFF,"ld (0x26c0),0x0000","ld (0x26c0), 0x0000",stdi16,f1c026020000,f2c026000000,4
UNI_ASSEMBLES_DIFF,"ld (0x2a90),0x0000","ld (0x2a90), 0x0000",stdi16,f1902a020000,f2902a000000,4
UNI_ASSEMBLES_DIFF,"ld (0x2ae2),0x0000","ld (0x2ae2), 0x0000",stdi16,f1e22a020000,f2e22a000000,4
UNI_ASSEMBLES_DIFF,"ld (0x3287),0x0006","ld (0x3287), 0x0006",stdi16,f18732020600,f28732000006,4
UNI_ASSEMBLES_DIFF,"ld (0x328b),0x0006","ld (0x328b), 0x0006",stdi16,f18b32020600,f28b32000006,4
UNI_ASSEMBLES_DIFF,"ld (0x328d),0x0006","ld (0x328d), 0x0006",stdi16,f18d32020600,f28d32000006,4
UNI_ASSEMBLES_DIFF,"ld (0x328f),0x0006","ld (0x328f), 0x0006",stdi16,f18f32020600,f28f32000006,4
UNI_ASSEMBLES_DIFF,"ld (0x3291),0x0006","ld (0x3291), 0x0006",stdi16,f19132020600,f29132000006,4
UNI_ASSEMBLES_DIFF,"ld (0x337c),0x0006","ld (0x337c), 0x0006",stdi16,f17c33020600,f27c33000006,4
UNI_ASSEMBLES_DIFF,"ld (0x337c),0x0009","ld (0x337c), 0x0009",stdi16,f17c33020900,f27c33000009,4
UNI_ASSEMBLES_DIFF,"ld (0x337e),0x0030","ld (0x337e), 0x0030",stdi16,f17e33023000,f27e33000030,4
UNI_ASSEMBLES_DIFF,"ld (0x337e),0x0048","ld (0x337e), 0x0048",stdi16,f17e33024800,f27e33000048,4
UNI_ASSEMBLES_DIFF,"ld (0x3578),0x0006","ld (0x3578), 0x0006",stdi16,f17835020600,f27835000006,4
UNI_ASSEMBLES_DIFF,"ld (0x360a),0x0006","ld (0x360a), 0x0006",stdi16,f10a36020600,f20a36000006,4
UNI_ASSEMBLES_DIFF,"ld (0x360a),0x0008","ld (0x360a), 0x0008",stdi16,f10a36020800,f20a36000008,4
UNI_ASSEMBLES_DIFF,"ld (0x3984),0x0006","ld (0x3984), 0x0006",stdi16,f18439020600,f28439000006,4
UNI_ASSEMBLES_DIFF,"ld (0x398a),0x0001","ld (0x398a), 0x0001",stdi16,f18a39020100,f28a39000001,4
UNI_ASSEMBLES_DIFF,"ld (0x398c),0x0001","ld (0x398c), 0x0001",stdi16,f18c39020100,f28c39000001,4
UNI_ASSEMBLES_DIFF,"ld (0x605d54),0x0009","ld (0x605d54), 0x0009",stiw_da,f2545d60020900,f2545d600009,4
UNI_ASSEMBLES_DIFF,"ld (0x605d56),0x0002","ld (0x605d56), 0x0002",stiw_da,f2565d60020200,f2565d600002,4
UNI_ASSEMBLES_DIFF,"ld (0x7e02),0x0009","ld (0x7e02), 0x0009",stdi16,f1027e020900,f2027e000009,4
UNI_ASSEMBLES_DIFF,"ld (0x7e04),0x0048","ld (0x7e04), 0x0048",stdi16,f1047e024800,f2047e000048,4
UNI_ASSEMBLES_DIFF,"ld (0x8a10),0x0000","ld (0x8a10), 0x0000",stdi16,f1108a020000,f2108a000000,4
UNI_ASSEMBLES_DIFF,"ld (0x8a88),0x0003","ld (0x8a88), 0x0003",stdi16,f1888a020300,f2888a000003,4
UNI_ASSEMBLES_DIFF,"ld (0x8a90),0x0001","ld (0x8a90), 0x0001",stdi16,f1908a020100,f2908a000001,4
UNI_ASSEMBLES_DIFF,"ld (0x8a92),0x0001","ld (0x8a92), 0x0001",stdi16,f1928a020100,f2928a000001,4
UNI_ASSEMBLES_DIFF,"ld (0x8b06),0x004f","ld (0x8b06), 0x004f",stdi16,f1068b024f00,f2068b00004f,4
UNI_ASSEMBLES_DIFF,"ld (0x8b08),0x0050","ld (0x8b08), 0x0050",stdi16,f1088b025000,f2088b000050,4
UNI_ASSEMBLES_DIFF,"ld (0x8d56),0x0000","ld (0x8d56), 0x0000",stdi16,f1568d020000,f2568d000000,4
UNI_ASSEMBLES_DIFF,"ld (0x90e2),0x0000","ld (0x90e2), 0x0000",stdi16,f1e290020000,f2e290000000,4
UNI_ASSEMBLES_DIFF,"ld (0xd0a8),0x0000","ld (0xd0a8), 0x0000",stdi16,f1a8d0020000,f2a8d0000000,4
UNI_ASSEMBLES_DIFF,"ld (0xd0aa),0x0000","ld (0xd0aa), 0x0000",stdi16,f1aad0020000,f2aad0000000,4
UNI_ASSEMBLES_DIFF,"ld (0xd8ae),0x0000","ld (0xd8ae), 0x0000",stdi16,f1aed8020000,f2aed8000000,4
UNI_ASSEMBLES_DIFF,"ld (0xd8b0),0x0000","ld (0xd8b0), 0x0000",stdi16,f1b0d8020000,f2b0d8000000,4
UNI_ASSEMBLES_DIFF,"ld (0xe0),0x0000","ld (0xe0), 0x0000",stiw_d8,f0e0020000,f2e000000000,4
UNI_ASSEMBLES_DIFF,"ld (0xe0b4),0x0000","ld (0xe0b4), 0x0000",stdi16,f1b4e0020000,f2b4e0000000,4
UNI_ASSEMBLES_DIFF,"ld (0xe0b6),0x0000","ld (0xe0b6), 0x0000",stdi16,f1b6e0020000,f2b6e0000000,4
UNI_ASSEMBLES_DIFF,"ld (XBC),0x0055","ld (XBC), 0x0055",extpfx4,b1025500,b10055,4
UNI_ASSEMBLES_DIFF,"ld (XBC+0x06),0x00d3","ld (XBC+0x06), 0x00d3",ldw,b90602d300,b90600d3,4
UNI_ASSEMBLES_DIFF,"ld (XBC+0x08),0x0020","ld (XBC+0x08), 0x0020",ldw,b908022000,b9080020,4
UNI_ASSEMBLES_DIFF,"ld (XBC+0x0a),0x0000","ld (XBC+0x0a), 0x0000",extpfx5,b90a020000,b90a0000,4
UNI_ASSEMBLES_DIFF,"ld (XBC+0x0a),0x0001","ld (XBC+0x0a), 0x0001",ldw,b90a020100,b90a0001,4
UNI_ASSEMBLES_DIFF,"ld (XBC+0x2b),0x0000","ld (XBC+0x2b), 0x0000",extpfx5,b92b020000,b92b0000,4
UNI_ASSEMBLES_DIFF,"ld (XBC+0x2d),0x00ff","ld (XBC+0x2d), 0x00ff",extpfx5,b92d02ff00,b92d00ff,4
UNI_ASSEMBLES_DIFF,"ld (XBC+0x32),0x0000","ld (XBC+0x32), 0x0000",extpfx5,b932020000,b9320000,4
UNI_ASSEMBLES_DIFF,"ld (XBC+0x34),0x0000","ld (XBC+0x34), 0x0000",extpfx5,b934020000,b9340000,4
UNI_ASSEMBLES_DIFF,"ld (XDE+0x5554),0x0055","ld (XDE+0x5554), 0x0055",stiw_ind,f3e95455025500,f3e954550055,4
UNI_ASSEMBLES_DIFF,"ld (XIZ),0x0003","ld (XIZ), 0x0003",ldw,b6020300,b60003,4
UNI_ASSEMBLES_DIFF,"ld (XIZ),0x0004","ld (XIZ), 0x0004",ldw,b6020400,b60004,4
UNI_ASSEMBLES_DIFF,"ld (XIZ+0x2f),0x0000","ld (XIZ+0x2f), 0x0000",ldw,be2f020000,be2f0000,4
UNI_ASSEMBLES_DIFF,"ld (XSP+0x04),0x0003","ld (XSP+0x04), 0x0003",ldw,bf04020300,bf040003,4
UNI_ASSEMBLES_DIFF,"ld (XSP+0x0c),0x004f","ld (XSP+0x0c), 0x004f",ldw,bf0c024f00,bf0c004f,4
UNI_ASSEMBLES_DIFF,"ld (XWA),0x00a0","ld (XWA), 0x00a0",ldw,b002a000,b000a0,4
UNI_ASSEMBLES_DIFF,"ld (XWA+0x0088),0x0000","ld (XWA+0x0088), 0x0000",stiw_ind,f3e18800020000,f3e188000000,4
UNI_ASSEMBLES_DIFF,"ld IZ,3","ld IZ, 3",lds,deab,de030300,4
UNI_ASSEMBLES_DIFF,"mul BC,(0x00f35d)","mul BC, (0x00f35d)",extpfx5,c25df30043,d25df30041,4
UNI_ASSEMBLES_DIFF,"mul WA,(XIZ+0x0e)","mul WA, (XIZ+0x0e)",extpfx3,8e0e41,9e0e40,4
UNI_ASSEMBLES_DIFF,"or (0x8f42),0x0002","or (0x8f42), 0x0002",ordi16,d1428f3e0200,c2428f003e02,4
UNI_ASSEMBLES_DIFF,"or (0xc59c),0x0020","or (0xc59c), 0x0020",ordi16,d19cc53e2000,c29cc5003e20,4
UNI_ASSEMBLES_DIFF,"or (0xe9e5),0x0010","or (0xe9e5), 0x0010",ordi16,d1e5e93e1000,c2e5e9003e10,4
UNI_ASSEMBLES_DIFF,push 0x0042,push 0x0042,pushw,0b4200,0942,4
UNI_ASSEMBLES_DIFF,push 0x0067,push 0x0067,pushw,0b6700,0967,4
UNI_ASSEMBLES_DIFF,push 0x0071,push 0x0071,pushw,0b7100,0971,4
UNI_ASSEMBLES_DIFF,push 0x00a7,push 0x00a7,pushw,0ba700,09a7,4
UNI_ASSEMBLES_DIFF,push 0x00f1,push 0x00f1,pushw,0bf100,09f1,4
UNI_ASSEMBLES_DIFF,"add (0x06d2),0x000c","add (0x06d2), 0x000c",adddi16,d1d206380c00,c2d20600380c,3
UNI_ASSEMBLES_DIFF,call 0x0000,call 0x0000,call16,1c0000,1d000000,3
UNI_ASSEMBLES_DIFF,call 0x1c00,call 0x1c00,call16,1c001c,1d001c00,3
UNI_ASSEMBLES_DIFF,"cp (0x041c),0x0000","cp (0x041c), 0x0000",cpdi16,d11c043f0000,c21c04003f00,3
UNI_ASSEMBLES_DIFF,"cp (0x0ce3),0x0000","cp (0x0ce3), 0x0000",cpdi16,d1e30c3f0000,c2e30c003f00,3
UNI_ASSEMBLES_DIFF,"cp (0x0e4c),0x0000","cp (0x0e4c), 0x0000",cpdi16,d14c0e3f0000,c24c0e003f00,3
UNI_ASSEMBLES_DIFF,"cp (0x0e4e),0x0000","cp (0x0e4e), 0x0000",cpdi16,d14e0e3f0000,c24e0e003f00,3
UNI_ASSEMBLES_DIFF,"cp (0x0f5c),0x0001","cp (0x0f5c), 0x0001",cpdi16,d15c0f3f0100,c25c0f003f01,3
UNI_ASSEMBLES_DIFF,"cp (0x0f60),0x0000","cp (0x0f60), 0x0000",cpdi16,d1600f3f0000,c2600f003f00,3
UNI_ASSEMBLES_DIFF,"cp (0x0f77),0x0000","cp (0x0f77), 0x0000",cpdi16,d1770f3f0000,c2770f003f00,3
UNI_ASSEMBLES_DIFF,"cp (0x1074),0x0000","cp (0x1074), 0x0000",cpdi16,d174103f0000,c27410003f00,3
UNI_ASSEMBLES_DIFF,"cp (0x1085),0x007f","cp (0x1085), 0x007f",cpdi16,d185103f7f00,c28510003f7f,3
UNI_ASSEMBLES_DIFF,"cp (0x1132),0x0002","cp (0x1132), 0x0002",cpdi16,d132113f0200,c23211003f02,3
UNI_ASSEMBLES_DIFF,"cp (0x1132),0x0003","cp (0x1132), 0x0003",cpdi16,d132113f0300,c23211003f03,3
UNI_ASSEMBLES_DIFF,"cp (0x1141),0x00ff","cp (0x1141), 0x00ff",cpdi16,d141113fff00,c24111003fff,3
UNI_ASSEMBLES_DIFF,"cp (0x1d78),0x0000","cp (0x1d78), 0x0000",cpdi16,d1781d3f0000,c2781d003f00,3
UNI_ASSEMBLES_DIFF,"cp (0x2316),0x0000","cp (0x2316), 0x0000",cpdi16,d116233f0000,c21623003f00,3
UNI_ASSEMBLES_DIFF,"cp (0x2590),0x0000","cp (0x2590), 0x0000",cpdi16,d190253f0000,c29025003f00,3
UNI_ASSEMBLES_DIFF,"cp (0x25e8),0x0000","cp (0x25e8), 0x0000",cpdi16,d1e8253f0000,c2e825003f00,3
UNI_ASSEMBLES_DIFF,"cp (0x2632),0x0001","cp (0x2632), 0x0001",cpdi16,d132263f0100,c23226003f01,3
UNI_ASSEMBLES_DIFF,"cp (0x26dc),0x0000","cp (0x26dc), 0x0000",cpdi16,d1dc263f0000,c2dc26003f00,3
UNI_ASSEMBLES_DIFF,"cp (0x2792),0x0000","cp (0x2792), 0x0000",cpdi16,d192273f0000,c29227003f00,3
UNI_ASSEMBLES_DIFF,"cp (0x279a),0x0000","cp (0x279a), 0x0000",cpdi16,d19a273f0000,c29a27003f00,3
UNI_ASSEMBLES_DIFF,"cp (0x27f4),0x0000","cp (0x27f4), 0x0000",cpdi16,d1f4273f0000,c2f427003f00,3
UNI_ASSEMBLES_DIFF,"cp (0x29f4),0x0000","cp (0x29f4), 0x0000",cpdi16,d1f4293f0000,c2f429003f00,3
UNI_ASSEMBLES_DIFF,"cp (0x3438),0x0000","cp (0x3438), 0x0000",cpdi16,d138343f0000,c23834003f00,3
UNI_ASSEMBLES_DIFF,"cp (0x7d7c),0x0000","cp (0x7d7c), 0x0000",cpdi16,d17c7d3f0000,c27c7d003f00,3
UNI_ASSEMBLES_DIFF,"cp (0x9129),0x0000","cp (0x9129), 0x0000",cpdi16,d129913f0000,c22991003f00,3
UNI_ASSEMBLES_DIFF,"cp (0xf19c),0x0000","cp (0xf19c), 0x0000",cpdi16,d19cf13f0000,c29cf1003f00,3
UNI_ASSEMBLES_DIFF,"cp (0xf22f),0x0001","cp (0xf22f), 0x0001",cpdi16,d12ff23f0100,c22ff2003f01,3
UNI_ASSEMBLES_DIFF,"cp (0xf238),0x0001","cp (0xf238), 0x0001",cpdi16,d138f23f0100,c238f2003f01,3
UNI_ASSEMBLES_DIFF,"cp QBC,0x0010","cp QBC, 0x0010",cp_erpw,d7e6cf1000,d7e6d8,3
UNI_ASSEMBLES_DIFF,"cp QIZ,0x0009","cp QIZ, 0x0009",cp_erpw,d7facf0900,d7fad9,3
UNI_ASSEMBLES_DIFF,"cp QIZ,0x001d","cp QIZ, 0x001d",cp_erpw,d7facf1d00,d7fadd,3
UNI_ASSEMBLES_DIFF,"cp QIZ,0x0040","cp QIZ, 0x0040",cp_erpw,d7facf4000,d7fad8,3
UNI_ASSEMBLES_DIFF,"cp QIZ,0x00c0","cp QIZ, 0x00c0",cp_erpw,d7facfc000,d7fad8,3
UNI_ASSEMBLES_DIFF,"cp QIZ,0x00df","cp QIZ, 0x00df",cp_erpw,d7facfdf00,d7fadf,3
UNI_ASSEMBLES_DIFF,"cp QIZ,0x00e0","cp QIZ, 0x00e0",cp_erpw,d7facfe000,d7fad8,3
UNI_ASSEMBLES_DIFF,"cp QIZ,0x00f0","cp QIZ, 0x00f0",cp_erpw,d7facff000,d7fad8,3
UNI_ASSEMBLES_DIFF,"cp QIZ,0x0100","cp QIZ, 0x0100",cp_erpw,d7facf0001,d7fad8,3
UNI_ASSEMBLES_DIFF,"cp QIZ,0x0153","cp QIZ, 0x0153",cp_erpw,d7facf5301,d7fadb,3
UNI_ASSEMBLES_DIFF,"cp XHL,3","cp XHL, 3",cps,ebdb,ebcf03000000,3
UNI_ASSEMBLES_DIFF,cpir,cpir,cpir83,8315,8015,3
UNI_ASSEMBLES_DIFF,"div BC,(XDE)","div BC, (XDE)",mrib2,8253,9251,3
UNI_ASSEMBLES_DIFF,jp 0x1846,jp 0x1846,jp16,1a4618,1b461800,3
UNI_ASSEMBLES_DIFF,jp 0x1e1c,jp 0x1e1c,jp16,1a1c1e,1b1c1e00,3
UNI_ASSEMBLES_DIFF,"ld (0x001739),0x0000","ld (0x001739), 0x0000",stiw_da,f2391700020000,f23917000000,3
UNI_ASSEMBLES_DIFF,"ld (0x0017c0),0x0004","ld (0x0017c0), 0x0004",stiw_da,f2c01700020400,f2c017000004,3
UNI_ASSEMBLES_DIFF,"ld (0x0017c8),0x0001","ld (0x0017c8), 0x0001",stiw_da,f2c81700020100,f2c817000001,3
UNI_ASSEMBLES_DIFF,"ld (0x008612),0x0005","ld (0x008612), 0x0005",stiw_da,f2128600020500,f21286000005,3
UNI_ASSEMBLES_DIFF,"ld (0x00d79e),0x0000","ld (0x00d79e), 0x0000",stiw_da,f29ed700020000,f29ed7000000,3
UNI_ASSEMBLES_DIFF,"ld (0x00d7a0),0x0000","ld (0x00d7a0), 0x0000",stiw_da,f2a0d700020000,f2a0d7000000,3
UNI_ASSEMBLES_DIFF,"ld (0x00f32f),0x0000","ld (0x00f32f), 0x0000",stiw_da,f22ff300020000,f22ff3000000,3
UNI_ASSEMBLES_DIFF,"ld (0x00f362),0x0021","ld (0x00f362), 0x0021",stiw_da,f262f300022100,f262f3000021,3
UNI_ASSEMBLES_DIFF,"ld (0x00f365),0x0063","ld (0x00f365), 0x0063",stiw_da,f265f300026300,f265f3000063,3
UNI_ASSEMBLES_DIFF,"ld (0x00f367),0x0063","ld (0x00f367), 0x0063",stiw_da,f267f300026300,f267f3000063,3
UNI_ASSEMBLES_DIFF,"ld (0x00f369),0x0063","ld (0x00f369), 0x0063",stiw_da,f269f300026300,f269f3000063,3
UNI_ASSEMBLES_DIFF,"ld (0x00ffd4),0x0000","ld (0x00ffd4), 0x0000",stiw_da,f2d4ff00020000,f2d4ff000000,3
UNI_ASSEMBLES_DIFF,"ld (0x01e53c),0x0002","ld (0x01e53c), 0x0002",stiw_da,f23ce501020200,f23ce5010002,3
UNI_ASSEMBLES_DIFF,"ld (0x01e53c),0x0003","ld (0x01e53c), 0x0003",stiw_da,f23ce501020300,f23ce5010003,3
UNI_ASSEMBLES_DIFF,"ld (0x01e53c),0x0004","ld (0x01e53c), 0x0004",stiw_da,f23ce501020400,f23ce5010004,3
UNI_ASSEMBLES_DIFF,"ld (0x01e53c),0x0006","ld (0x01e53c), 0x0006",stiw_da,f23ce501020600,f23ce5010006,3
UNI_ASSEMBLES_DIFF,"ld (0x01e53c),0x0007","ld (0x01e53c), 0x0007",stiw_da,f23ce501020700,f23ce5010007,3
UNI_ASSEMBLES_DIFF,"ld (0x01e53c),0x0019","ld (0x01e53c), 0x0019",stiw_da,f23ce501021900,f23ce5010019,3
UNI_ASSEMBLES_DIFF,"ld (0x01e53c),0x001a","ld (0x01e53c), 0x001a",stiw_da,f23ce501021a00,f23ce501001a,3
UNI_ASSEMBLES_DIFF,"ld (0x01e53c),0x001b","ld (0x01e53c), 0x001b",stiw_da,f23ce501021b00,f23ce501001b,3
UNI_ASSEMBLES_DIFF,"ld (0x01e53c),0x001f","ld (0x01e53c), 0x001f",stiw_da,f23ce501021f00,f23ce501001f,3
UNI_ASSEMBLES_DIFF,"ld (0x01e53c),0x0020","ld (0x01e53c), 0x0020",stiw_da,f23ce501022000,f23ce5010020,3
UNI_ASSEMBLES_DIFF,"ld (0x01e53c),0x0021","ld (0x01e53c), 0x0021",stiw_da,f23ce501022100,f23ce5010021,3
UNI_ASSEMBLES_DIFF,"ld (0x01e53c),0x0024","ld (0x01e53c), 0x0024",stiw_da,f23ce501022400,f23ce5010024,3
UNI_ASSEMBLES_DIFF,"ld (0x01e53c),0x0026","ld (0x01e53c), 0x0026",stiw_da,f23ce501022600,f23ce5010026,3
UNI_ASSEMBLES_DIFF,"ld (0x0205e4),0x0000","ld (0x0205e4), 0x0000",stiw_da,f2e40502020000,f2e405020000,3
UNI_ASSEMBLES_DIFF,"ld (0x0205e6),0x0000","ld (0x0205e6), 0x0000",stiw_da,f2e60502020000,f2e605020000,3
UNI_ASSEMBLES_DIFF,"ld (0x0210a6),0x0005","ld (0x0210a6), 0x0005",stiw_da,f2a61002020500,f2a610020005,3
UNI_ASSEMBLES_DIFF,"ld (0x02272c),0x0000","ld (0x02272c), 0x0000",stiw_da,f22c2702020000,f22c27020000,3
UNI_ASSEMBLES_DIFF,"ld (0x02477a),0x0000","ld (0x02477a), 0x0000",stiw_da,f27a4702020000,f27a47020000,3
UNI_ASSEMBLES_DIFF,"ld (0x024784),0x0001","ld (0x024784), 0x0001",stiw_da,f2844702020100,f28447020001,3
UNI_ASSEMBLES_DIFF,"ld (0x02478e),0x0000","ld (0x02478e), 0x0000",stiw_da,f28e4702020000,f28e47020000,3
UNI_ASSEMBLES_DIFF,"ld (0x024790),0x0000","ld (0x024790), 0x0000",stiw_da,f2904702020000,f29047020000,3
UNI_ASSEMBLES_DIFF,"ld (0x024792),0x0000","ld (0x024792), 0x0000",stiw_da,f2924702020000,f29247020000,3
UNI_ASSEMBLES_DIFF,"ld (0x024796),0x0000","ld (0x024796), 0x0000",stiw_da,f2964702020000,f29647020000,3
UNI_ASSEMBLES_DIFF,"ld (0x0251d8),0x0000","ld (0x0251d8), 0x0000",stiw_da,f2d85102020000,f2d851020000,3
UNI_ASSEMBLES_DIFF,"ld (0x0251d8),0x0001","ld (0x0251d8), 0x0001",stiw_da,f2d85102020100,f2d851020001,3
UNI_ASSEMBLES_DIFF,"ld (0x025b7c),0x0000","ld (0x025b7c), 0x0000",stiw_da,f27c5b02020000,f27c5b020000,3
UNI_ASSEMBLES_DIFF,"ld (0x025b84),0x0000","ld (0x025b84), 0x0000",stiw_da,f2845b02020000,f2845b020000,3
UNI_ASSEMBLES_DIFF,"ld (0x025b84),0x0001","ld (0x025b84), 0x0001",stiw_da,f2845b02020100,f2845b020001,3
UNI_ASSEMBLES_DIFF,"ld (0x025b8e),0x0000","ld (0x025b8e), 0x0000",stiw_da,f28e5b02020000,f28e5b020000,3
UNI_ASSEMBLES_DIFF,"ld (0x025ea8),0x0000","ld (0x025ea8), 0x0000",stiw_da,f2a85e02020000,f2a85e020000,3
UNI_ASSEMBLES_DIFF,"ld (0x0271ea),0x0000","ld (0x0271ea), 0x0000",stiw_da,f2ea7102020000,f2ea71020000,3
UNI_ASSEMBLES_DIFF,"ld (0x0271ec),0x0000","ld (0x0271ec), 0x0000",stiw_da,f2ec7102020000,f2ec71020000,3
UNI_ASSEMBLES_DIFF,"ld (0x0271f0),0x0000","ld (0x0271f0), 0x0000",stiw_da,f2f07102020000,f2f071020000,3
UNI_ASSEMBLES_DIFF,"ld (0x0271f0),0x0009","ld (0x0271f0), 0x0009",stiw_da,f2f07102020900,f2f071020009,3
UNI_ASSEMBLES_DIFF,"ld (0x0272c8),0x0000","ld (0x0272c8), 0x0000",stiw_da,f2c87202020000,f2c872020000,3
UNI_ASSEMBLES_DIFF,"ld (0x0272ca),0x0000","ld (0x0272ca), 0x0000",stiw_da,f2ca7202020000,f2ca72020000,3
UNI_ASSEMBLES_DIFF,"ld (0x0272cc),0x003f","ld (0x0272cc), 0x003f",stiw_da,f2cc7202023f00,f2cc7202003f,3
UNI_ASSEMBLES_DIFF,"ld (0x0272ce),0x003f","ld (0x0272ce), 0x003f",stiw_da,f2ce7202023f00,f2ce7202003f,3
UNI_ASSEMBLES_DIFF,"ld (0x02748c),0x0000","ld (0x02748c), 0x0000",stiw_da,f28c7402020000,f28c74020000,3
UNI_ASSEMBLES_DIFF,"ld (0x0274aa),0x000a","ld (0x0274aa), 0x000a",stiw_da,f2aa7402020a00,f2aa7402000a,3
UNI_ASSEMBLES_DIFF,"ld (0x0274ae),0x000a","ld (0x0274ae), 0x000a",stiw_da,f2ae7402020a00,f2ae7402000a,3
UNI_ASSEMBLES_DIFF,"ld (0x0274d6),0x0020","ld (0x0274d6), 0x0020",stiw_da,f2d67402022000,f2d674020020,3
UNI_ASSEMBLES_DIFF,"ld (0x0274d8),0x0000","ld (0x0274d8), 0x0000",stiw_da,f2d87402020000,f2d874020000,3
UNI_ASSEMBLES_DIFF,"ld (0x0274da),0x0001","ld (0x0274da), 0x0001",stiw_da,f2da7402020100,f2da74020001,3
UNI_ASSEMBLES_DIFF,"ld (0x0274da),0x0002","ld (0x0274da), 0x0002",stiw_da,f2da7402020200,f2da74020002,3
UNI_ASSEMBLES_DIFF,"ld (0x0274de),0x001a","ld (0x0274de), 0x001a",stiw_da,f2de7402021a00,f2de7402001a,3
UNI_ASSEMBLES_DIFF,"ld (0x0274de),0x0025","ld (0x0274de), 0x0025",stiw_da,f2de7402022500,f2de74020025,3
UNI_ASSEMBLES_DIFF,"ld (0x0276c4),0x0000","ld (0x0276c4), 0x0000",stiw_da,f2c47602020000,f2c476020000,3
UNI_ASSEMBLES_DIFF,"ld (0x02bc12),0x0000","ld (0x02bc12), 0x0000",stiw_da,f212bc02020000,f212bc020000,3
UNI_ASSEMBLES_DIFF,"ld (0x02ec34),0x0000","ld (0x02ec34), 0x0000",stiw_da,f234ec02020000,f234ec020000,3
UNI_ASSEMBLES_DIFF,"ld (0x02f838),0x0000","ld (0x02f838), 0x0000",stiw_da,f238f802020000,f238f8020000,3
UNI_ASSEMBLES_DIFF,"ld (0x02f83a),0x0000","ld (0x02f83a), 0x0000",stiw_da,f23af802020000,f23af8020000,3
UNI_ASSEMBLES_DIFF,"ld (0x03044e),0x0001","ld (0x03044e), 0x0001",stiw_da,f24e0403020100,f24e04030001,3
UNI_ASSEMBLES_DIFF,"ld (0x030450),0x0000","ld (0x030450), 0x0000",stiw_da,f2500403020000,f25004030000,3
UNI_ASSEMBLES_DIFF,"ld (0x03045e),0x0000","ld (0x03045e), 0x0000",stiw_da,f25e0403020000,f25e04030000,3
UNI_ASSEMBLES_DIFF,"ld (0x03045e),0x0001","ld (0x03045e), 0x0001",stiw_da,f25e0403020100,f25e04030001,3
UNI_ASSEMBLES_DIFF,"ld (0x030460),0x0000","ld (0x030460), 0x0000",stiw_da,f2600403020000,f26004030000,3
UNI_ASSEMBLES_DIFF,"ld (0x030462),0x0000","ld (0x030462), 0x0000",stiw_da,f2620403020000,f26204030000,3
UNI_ASSEMBLES_DIFF,"ld (0x030462),0x0001","ld (0x030462), 0x0001",stiw_da,f2620403020100,f26204030001,3
UNI_ASSEMBLES_DIFF,"ld (0x030464),0x0000","ld (0x030464), 0x0000",stiw_da,f2640403020000,f26404030000,3
UNI_ASSEMBLES_DIFF,"ld (0x030464),0x0001","ld (0x030464), 0x0001",stiw_da,f2640403020100,f26404030001,3
UNI_ASSEMBLES_DIFF,"ld (0x0340fa),0x0000","ld (0x0340fa), 0x0000",stiw_da,f2fa4003020000,f2fa40030000,3
UNI_ASSEMBLES_DIFF,"ld (0x0340fc),0x0000","ld (0x0340fc), 0x0000",stiw_da,f2fc4003020000,f2fc40030000,3
UNI_ASSEMBLES_DIFF,"ld (0x0340fe),0x0000","ld (0x0340fe), 0x0000",stiw_da,f2fe4003020000,f2fe40030000,3
UNI_ASSEMBLES_DIFF,"ld (0x03e3e6),0x0000","ld (0x03e3e6), 0x0000",stiw_da,f2e6e303020000,f2e6e3030000,3
UNI_ASSEMBLES_DIFF,"ld (0x03e3e6),0x0001","ld (0x03e3e6), 0x0001",stiw_da,f2e6e303020100,f2e6e3030001,3
UNI_ASSEMBLES_DIFF,"ld (0x03ef4e),0x0000","ld (0x03ef4e), 0x0000",stiw_da,f24eef03020000,f24eef030000,3
UNI_ASSEMBLES_DIFF,"ld (0x03ef4e),0x0001","ld (0x03ef4e), 0x0001",stiw_da,f24eef03020100,f24eef030001,3
UNI_ASSEMBLES_DIFF,"ld (0x03ef50),0x0000","ld (0x03ef50), 0x0000",stiw_da,f250ef03020000,f250ef030000,3
UNI_ASSEMBLES_DIFF,"ld (0x03ef92),0x0000","ld (0x03ef92), 0x0000",stiw_da,f292ef03020000,f292ef030000,3
UNI_ASSEMBLES_DIFF,"ld (0x040c22),0x0021","ld (0x040c22), 0x0021",stiw_da,f2220c04022100,f2220c040021,3
UNI_ASSEMBLES_DIFF,"ld (0x04135c),0x0000","ld (0x04135c), 0x0000",stiw_da,f25c1304020000,f25c13040000,3
UNI_ASSEMBLES_DIFF,"ld (0x0451dc),0x0000","ld (0x0451dc), 0x0000",stiw_da,f2dc5104020000,f2dc51040000,3
UNI_ASSEMBLES_DIFF,"ld (0x0451de),0x0000","ld (0x0451de), 0x0000",stiw_da,f2de5104020000,f2de51040000,3
UNI_ASSEMBLES_DIFF,"ld (0x04520c),0x0000","ld (0x04520c), 0x0000",stiw_da,f20c5204020000,f20c52040000,3
UNI_ASSEMBLES_DIFF,"ld (0x04520e),0x0000","ld (0x04520e), 0x0000",stiw_da,f20e5204020000,f20e52040000,3
UNI_ASSEMBLES_DIFF,"ld (0x05de),0x0006","ld (0x05de), 0x0006",stdi16,f1de05020600,f2de05000006,3
UNI_ASSEMBLES_DIFF,"ld (0x05de),0x000a","ld (0x05de), 0x000a",stdi16,f1de05020a00,f2de0500000a,3
UNI_ASSEMBLES_DIFF,"ld (0x064e),0x002a","ld (0x064e), 0x002a",stdi16,f14e06022a00,f24e0600002a,3
UNI_ASSEMBLES_DIFF,"ld (0x064e),0x0032","ld (0x064e), 0x0032",stdi16,f14e06023200,f24e06000032,3
UNI_ASSEMBLES_DIFF,"ld (0x0650),0x00b4","ld (0x0650), 0x00b4",stdi16,f1500602b400,f250060000b4,3
UNI_ASSEMBLES_DIFF,"ld (0x0650),0x00c8","ld (0x0650), 0x00c8",stdi16,f1500602c800,f250060000c8,3
UNI_ASSEMBLES_DIFF,"ld (0x0652),0x0024","ld (0x0652), 0x0024",stdi16,f15206022400,f25206000024,3
UNI_ASSEMBLES_DIFF,"ld (0x06c6),0x002f","ld (0x06c6), 0x002f",stdi16,f1c606022f00,f2c60600002f,3
UNI_ASSEMBLES_DIFF,"ld (0x06c8),0x0033","ld (0x06c8), 0x0033",stdi16,f1c806023300,f2c806000033,3
UNI_ASSEMBLES_DIFF,"ld (0x0c4a),0x0000","ld (0x0c4a), 0x0000",stdi16,f14a0c020000,f24a0c000000,3
UNI_ASSEMBLES_DIFF,"ld (0x0c88),0x0000","ld (0x0c88), 0x0000",stdi16,f1880c020000,f2880c000000,3
UNI_ASSEMBLES_DIFF,"ld (0x0c90),0x0001","ld (0x0c90), 0x0001",stdi16,f1900c020100,f2900c000001,3
UNI_ASSEMBLES_DIFF,"ld (0x0cae),0x0003","ld (0x0cae), 0x0003",stdi16,f1ae0c020300,f2ae0c000003,3
UNI_ASSEMBLES_DIFF,"ld (0x0d37),0x0000","ld (0x0d37), 0x0000",stdi16,f1370d020000,f2370d000000,3
UNI_ASSEMBLES_DIFF,"ld (0x0d4f),0x0000","ld (0x0d4f), 0x0000",stdi16,f14f0d020000,f24f0d000000,3
UNI_ASSEMBLES_DIFF,"ld (0x0d51),0x0000","ld (0x0d51), 0x0000",stdi16,f1510d020000,f2510d000000,3
UNI_ASSEMBLES_DIFF,"ld (0x0df5),0x0001","ld (0x0df5), 0x0001",stdi16,f1f50d020100,f2f50d000001,3
UNI_ASSEMBLES_DIFF,"ld (0x0df5),0x0002","ld (0x0df5), 0x0002",stdi16,f1f50d020200,f2f50d000002,3
UNI_ASSEMBLES_DIFF,"ld (0x0e4e),0x0001","ld (0x0e4e), 0x0001",stdi16,f14e0e020100,f24e0e000001,3
UNI_ASSEMBLES_DIFF,"ld (0x0e50),0x0000","ld (0x0e50), 0x0000",stdi16,f1500e020000,f2500e000000,3
UNI_ASSEMBLES_DIFF,"ld (0x0e50),0x0001","ld (0x0e50), 0x0001",stdi16,f1500e020100,f2500e000001,3
UNI_ASSEMBLES_DIFF,"ld (0x0e77),0x0000","ld (0x0e77), 0x0000",stdi16,f1770e020000,f2770e000000,3
UNI_ASSEMBLES_DIFF,"ld (0x0ef0),0x0001","ld (0x0ef0), 0x0001",stdi16,f1f00e020100,f2f00e000001,3
UNI_ASSEMBLES_DIFF,"ld (0x0fd7),0x0000","ld (0x0fd7), 0x0000",stdi16,f1d70f020000,f2d70f000000,3
UNI_ASSEMBLES_DIFF,"ld (0x1070),0x0000","ld (0x1070), 0x0000",stdi16,f17010020000,f27010000000,3
UNI_ASSEMBLES_DIFF,"ld (0x1132),0x0002","ld (0x1132), 0x0002",stdi16,f13211020200,f23211000002,3
UNI_ASSEMBLES_DIFF,"ld (0x1132),0x0003","ld (0x1132), 0x0003",stdi16,f13211020300,f23211000003,3
UNI_ASSEMBLES_DIFF,"ld (0x1132),0x0004","ld (0x1132), 0x0004",stdi16,f13211020400,f23211000004,3
UNI_ASSEMBLES_DIFF,"ld (0x1132),0x0005","ld (0x1132), 0x0005",stdi16,f13211020500,f23211000005,3
UNI_ASSEMBLES_DIFF,"ld (0x1141),0x0005","ld (0x1141), 0x0005",stdi16,f14111020500,f24111000005,3
UNI_ASSEMBLES_DIFF,"ld (0x1182),0x0000","ld (0x1182), 0x0000",stdi16,f18211020000,f28211000000,3
UNI_ASSEMBLES_DIFF,"ld (0x12a0),0x0000","ld (0x12a0), 0x0000",stdi16,f1a012020000,f2a012000000,3
UNI_ASSEMBLES_DIFF,"ld (0x1a2b),0x0002","ld (0x1a2b), 0x0002",stdi16,f12b1a020200,f22b1a000002,3
UNI_ASSEMBLES_DIFF,"ld (0x1a2b),0x0003","ld (0x1a2b), 0x0003",stdi16,f12b1a020300,f22b1a000003,3
UNI_ASSEMBLES_DIFF,"ld (0x1a2b),0x0009","ld (0x1a2b), 0x0009",stdi16,f12b1a020900,f22b1a000009,3
UNI_ASSEMBLES_DIFF,"ld (0x1a2b),0x001f","ld (0x1a2b), 0x001f",stdi16,f12b1a021f00,f22b1a00001f,3
UNI_ASSEMBLES_DIFF,"ld (0x1a2b),0x002f","ld (0x1a2b), 0x002f",stdi16,f12b1a022f00,f22b1a00002f,3
UNI_ASSEMBLES_DIFF,"ld (0x1da2),0x0000","ld (0x1da2), 0x0000",stdi16,f1a21d020000,f2a21d000000,3
UNI_ASSEMBLES_DIFF,"ld (0x1da2),0x0001","ld (0x1da2), 0x0001",stdi16,f1a21d020100,f2a21d000001,3
UNI_ASSEMBLES_DIFF,"ld (0x22b272),0x0000","ld (0x22b272), 0x0000",stiw_da,f272b222020000,f272b2220000,3
UNI_ASSEMBLES_DIFF,"ld (0x22b272),0x0010","ld (0x22b272), 0x0010",stiw_da,f272b222021000,f272b2220010,3
UNI_ASSEMBLES_DIFF,"ld (0x2307ae),0x000c","ld (0x2307ae), 0x000c",stiw_da,f2ae0723020c00,f2ae0723000c,3
UNI_ASSEMBLES_DIFF,"ld (0x2326),0x0000","ld (0x2326), 0x0000",stdi16,f12623020000,f22623000000,3
UNI_ASSEMBLES_DIFF,"ld (0x2328),0x0000","ld (0x2328), 0x0000",stdi16,f12823020000,f22823000000,3
UNI_ASSEMBLES_DIFF,"ld (0x232e),0x0000","ld (0x232e), 0x0000",stdi16,f12e23020000,f22e23000000,3
UNI_ASSEMBLES_DIFF,"ld (0x2350),0x0038","ld (0x2350), 0x0038",stdi16,f15023023800,f25023000038,3
UNI_ASSEMBLES_DIFF,"ld (0x2352),0x008b","ld (0x2352), 0x008b",stdi16,f15223028b00,f2522300008b,3
UNI_ASSEMBLES_DIFF,"ld (0x23a08e),0x0018","ld (0x23a08e), 0x0018",stiw_da,f28ea023021800,f28ea0230018,3
UNI_ASSEMBLES_DIFF,"ld (0x23a08e),0x0030","ld (0x23a08e), 0x0030",stiw_da,f28ea023023000,f28ea0230030,3
UNI_ASSEMBLES_DIFF,"ld (0x23a08e),0x0048","ld (0x23a08e), 0x0048",stiw_da,f28ea023024800,f28ea0230048,3
UNI_ASSEMBLES_DIFF,"ld (0x23a08e),0x0060","ld (0x23a08e), 0x0060",stiw_da,f28ea023026000,f28ea0230060,3
UNI_ASSEMBLES_DIFF,"ld (0x2532),0x002a","ld (0x2532), 0x002a",stdi16,f13225022a00,f2322500002a,3
UNI_ASSEMBLES_DIFF,"ld (0x2536),0x00a1","ld (0x2536), 0x00a1",stdi16,f1362502a100,f236250000a1,3
UNI_ASSEMBLES_DIFF,"ld (0x2590),0x0000","ld (0x2590), 0x0000",stdi16,f19025020000,f29025000000,3
UNI_ASSEMBLES_DIFF,"ld (0x2594),0x0000","ld (0x2594), 0x0000",stdi16,f19425020000,f29425000000,3
UNI_ASSEMBLES_DIFF,"ld (0x2596),0x0000","ld (0x2596), 0x0000",stdi16,f19625020000,f29625000000,3
UNI_ASSEMBLES_DIFF,"ld (0x2598),0x0000","ld (0x2598), 0x0000",stdi16,f19825020000,f29825000000,3
UNI_ASSEMBLES_DIFF,"ld (0x259a),0x0000","ld (0x259a), 0x0000",stdi16,f19a25020000,f29a25000000,3
UNI_ASSEMBLES_DIFF,"ld (0x259c),0x0000","ld (0x259c), 0x0000",stdi16,f19c25020000,f29c25000000,3
UNI_ASSEMBLES_DIFF,"ld (0x259e),0x0000","ld (0x259e), 0x0000",stdi16,f19e25020000,f29e25000000,3
UNI_ASSEMBLES_DIFF,"ld (0x25c4),0x0000","ld (0x25c4), 0x0000",stdi16,f1c425020000,f2c425000000,3
UNI_ASSEMBLES_DIFF,"ld (0x2606),0x0001","ld (0x2606), 0x0001",stdi16,f10626020100,f20626000001,3
UNI_ASSEMBLES_DIFF,"ld (0x2608),0x0001","ld (0x2608), 0x0001",stdi16,f10826020100,f20826000001,3
UNI_ASSEMBLES_DIFF,"ld (0x260a),0x0001","ld (0x260a), 0x0001",stdi16,f10a26020100,f20a26000001,3
UNI_ASSEMBLES_DIFF,"ld (0x2610),0x0001","ld (0x2610), 0x0001",stdi16,f11026020100,f21026000001,3
UNI_ASSEMBLES_DIFF,"ld (0x2612),0x0001","ld (0x2612), 0x0001",stdi16,f11226020100,f21226000001,3
UNI_ASSEMBLES_DIFF,"ld (0x2614),0x0001","ld (0x2614), 0x0001",stdi16,f11426020100,f21426000001,3
UNI_ASSEMBLES_DIFF,"ld (0x261a),0x0001","ld (0x261a), 0x0001",stdi16,f11a26020100,f21a26000001,3
UNI_ASSEMBLES_DIFF,"ld (0x261e),0x0001","ld (0x261e), 0x0001",stdi16,f11e26020100,f21e26000001,3
UNI_ASSEMBLES_DIFF,"ld (0x2620),0x0001","ld (0x2620), 0x0001",stdi16,f12026020100,f22026000001,3
UNI_ASSEMBLES_DIFF,"ld (0x2668),0x0002","ld (0x2668), 0x0002",stdi16,f16826020200,f26826000002,3
UNI_ASSEMBLES_DIFF,"ld (0x269a),0x0000","ld (0x269a), 0x0000",stdi16,f19a26020000,f29a26000000,3
UNI_ASSEMBLES_DIFF,"ld (0x26aa),0x00ff","ld (0x26aa), 0x00ff",stdi16,f1aa2602ff00,f2aa260000ff,3
UNI_ASSEMBLES_DIFF,"ld (0x26ec),0x0001","ld (0x26ec), 0x0001",stdi16,f1ec26020100,f2ec26000001,3
UNI_ASSEMBLES_DIFF,"ld (0x2728),0x0000","ld (0x2728), 0x0000",stdi16,f12827020000,f22827000000,3
UNI_ASSEMBLES_DIFF,"ld (0x2772),0x0002","ld (0x2772), 0x0002",stdi16,f17227020200,f27227000002,3
UNI_ASSEMBLES_DIFF,"ld (0x278c),0x0001","ld (0x278c), 0x0001",stdi16,f18c27020100,f28c27000001,3
UNI_ASSEMBLES_DIFF,"ld (0x278e),0x0001","ld (0x278e), 0x0001",stdi16,f18e27020100,f28e27000001,3
UNI_ASSEMBLES_DIFF,"ld (0x2790),0x0026","ld (0x2790), 0x0026",stdi16,f19027022600,f29027000026,3
UNI_ASSEMBLES_DIFF,"ld (0x2794),0x0030","ld (0x2794), 0x0030",stdi16,f19427023000,f29427000030,3
UNI_ASSEMBLES_DIFF,"ld (0x2796),0x0030","ld (0x2796), 0x0030",stdi16,f19627023000,f29627000030,3
UNI_ASSEMBLES_DIFF,"ld (0x279e),0x0028","ld (0x279e), 0x0028",stdi16,f19e27022800,f29e27000028,3
UNI_ASSEMBLES_DIFF,"ld (0x27a0),0x0005","ld (0x27a0), 0x0005",stdi16,f1a027020500,f2a027000005,3
UNI_ASSEMBLES_DIFF,"ld (0x27b4),0x0000","ld (0x27b4), 0x0000",stdi16,f1b427020000,f2b427000000,3
UNI_ASSEMBLES_DIFF,"ld (0x27d6),0x0005","ld (0x27d6), 0x0005",stdi16,f1d627020500,f2d627000005,3
UNI_ASSEMBLES_DIFF,"ld (0x27da),0x0005","ld (0x27da), 0x0005",stdi16,f1da27020500,f2da27000005,3
UNI_ASSEMBLES_DIFF,"ld (0x2885),0x00ff","ld (0x2885), 0x00ff",stdi16,f1852802ff00,f285280000ff,3
UNI_ASSEMBLES_DIFF,"ld (0x2889),0x0005","ld (0x2889), 0x0005",stdi16,f18928020500,f28928000005,3
UNI_ASSEMBLES_DIFF,"ld (0x2889),0x00ff","ld (0x2889), 0x00ff",stdi16,f1892802ff00,f289280000ff,3
UNI_ASSEMBLES_DIFF,"ld (0x28c1),0x00ff","ld (0x28c1), 0x00ff",stdi16,f1c12802ff00,f2c1280000ff,3
UNI_ASSEMBLES_DIFF,"ld (0x293e),0x0000","ld (0x293e), 0x0000",stdi16,f13e29020000,f23e29000000,3
UNI_ASSEMBLES_DIFF,"ld (0x29f2),0x0001","ld (0x29f2), 0x0001",stdi16,f1f229020100,f2f229000001,3
UNI_ASSEMBLES_DIFF,"ld (0x29f4),0x0000","ld (0x29f4), 0x0000",stdi16,f1f429020000,f2f429000000,3
UNI_ASSEMBLES_DIFF,"ld (0x3572),0x0000","ld (0x3572), 0x0000",stdi16,f17235020000,f27235000000,3
UNI_ASSEMBLES_DIFF,"ld (0x36f2),0x0000","ld (0x36f2), 0x0000",stdi16,f1f236020000,f2f236000000,3
UNI_ASSEMBLES_DIFF,"ld (0x39e6),0x0000","ld (0x39e6), 0x0000",stdi16,f1e639020000,f2e639000000,3
UNI_ASSEMBLES_DIFF,"ld (0x3c68),0x0000","ld (0x3c68), 0x0000",stdi16,f1683c020000,f2683c000000,3
UNI_ASSEMBLES_DIFF,"ld (0x601f41),0x0000","ld (0x601f41), 0x0000",stiw_da,f2411f60020000,f2411f600000,3
UNI_ASSEMBLES_DIFF,"ld (0x601f4d),0x0030","ld (0x601f4d), 0x0030",stiw_da,f24d1f60023000,f24d1f600030,3
UNI_ASSEMBLES_DIFF,"ld (0x601f4d),0x0060","ld (0x601f4d), 0x0060",stiw_da,f24d1f60026000,f24d1f600060,3
UNI_ASSEMBLES_DIFF,"ld (0x601f54),0x0000","ld (0x601f54), 0x0000",stiw_da,f2541f60020000,f2541f600000,3
UNI_ASSEMBLES_DIFF,"ld (0x60345d),0x0001","ld (0x60345d), 0x0001",stiw_da,f25d3460020100,f25d34600001,3
UNI_ASSEMBLES_DIFF,"ld (0x60345f),0x0001","ld (0x60345f), 0x0001",stiw_da,f25f3460020100,f25f34600001,3
UNI_ASSEMBLES_DIFF,"ld (0x603462),0x0001","ld (0x603462), 0x0001",stiw_da,f2623460020100,f26234600001,3
UNI_ASSEMBLES_DIFF,"ld (0x603464),0x0001","ld (0x603464), 0x0001",stiw_da,f2643460020100,f26434600001,3
UNI_ASSEMBLES_DIFF,"ld (0x603468),0x0001","ld (0x603468), 0x0001",stiw_da,f2683460020100,f26834600001,3
UNI_ASSEMBLES_DIFF,"ld (0x60346a),0x0001","ld (0x60346a), 0x0001",stiw_da,f26a3460020100,f26a34600001,3
UNI_ASSEMBLES_DIFF,"ld (0x60346d),0x0001","ld (0x60346d), 0x0001",stiw_da,f26d3460020100,f26d34600001,3
UNI_ASSEMBLES_DIFF,"ld (0x603470),0x0001","ld (0x603470), 0x0001",stiw_da,f2703460020100,f27034600001,3
UNI_ASSEMBLES_DIFF,"ld (0x603472),0x0001","ld (0x603472), 0x0001",stiw_da,f2723460020100,f27234600001,3
UNI_ASSEMBLES_DIFF,"ld (0x603475),0x0001","ld (0x603475), 0x0001",stiw_da,f2753460020100,f27534600001,3
UNI_ASSEMBLES_DIFF,"ld (0x603478),0x0001","ld (0x603478), 0x0001",stiw_da,f2783460020100,f27834600001,3
UNI_ASSEMBLES_DIFF,"ld (0x60347a),0x0001","ld (0x60347a), 0x0001",stiw_da,f27a3460020100,f27a34600001,3
UNI_ASSEMBLES_DIFF,"ld (0x6034b2),0x0001","ld (0x6034b2), 0x0001",stiw_da,f2b23460020100,f2b234600001,3
UNI_ASSEMBLES_DIFF,"ld (0x6034b4),0x0001","ld (0x6034b4), 0x0001",stiw_da,f2b43460020100,f2b434600001,3
UNI_ASSEMBLES_DIFF,"ld (0x6034b8),0x0001","ld (0x6034b8), 0x0001",stiw_da,f2b83460020100,f2b834600001,3
UNI_ASSEMBLES_DIFF,"ld (0x605a0e),0x0000","ld (0x605a0e), 0x0000",stiw_da,f20e5a60020000,f20e5a600000,3
UNI_ASSEMBLES_DIFF,"ld (0x605d3e),0x0007","ld (0x605d3e), 0x0007",stiw_da,f23e5d60020700,f23e5d600007,3
UNI_ASSEMBLES_DIFF,"ld (0x605d40),0x000e","ld (0x605d40), 0x000e",stiw_da,f2405d60020e00,f2405d60000e,3
UNI_ASSEMBLES_DIFF,"ld (0x605d6c),0x0000","ld (0x605d6c), 0x0000",stiw_da,f26c5d60020000,f26c5d600000,3
UNI_ASSEMBLES_DIFF,"ld (0x605d6e),0x0000","ld (0x605d6e), 0x0000",stiw_da,f26e5d60020000,f26e5d600000,3
UNI_ASSEMBLES_DIFF,"ld (0x60f002),0x0000","ld (0x60f002), 0x0000",stiw_da,f202f060020000,f202f0600000,3
UNI_ASSEMBLES_DIFF,"ld (0x60f004),0x0000","ld (0x60f004), 0x0000",stiw_da,f204f060020000,f204f0600000,3
UNI_ASSEMBLES_DIFF,"ld (0x60f08c),0x0000","ld (0x60f08c), 0x0000",stiw_da,f28cf060020000,f28cf0600000,3
UNI_ASSEMBLES_DIFF,"ld (0x9044),0x0000","ld (0x9044), 0x0000",stdi16,f14490020000,f24490000000,3
UNI_ASSEMBLES_DIFF,"ld (0x9097),0x0000","ld (0x9097), 0x0000",stdi16,f19790020000,f29790000000,3
UNI_ASSEMBLES_DIFF,"ld (0xe2c4),0x0000","ld (0xe2c4), 0x0000",stdi16,f1c4e2020000,f2c4e2000000,3
UNI_ASSEMBLES_DIFF,"ld (0xf01a),0x0000","ld (0xf01a), 0x0000",stdi16,f11af0020000,f21af0000000,3
UNI_ASSEMBLES_DIFF,"ld (0xf1d7),0x0001","ld (0xf1d7), 0x0001",stdi16,f1d7f1020100,f2d7f1000001,3
UNI_ASSEMBLES_DIFF,"ld (0xf1d9),0x0001","ld (0xf1d9), 0x0001",stdi16,f1d9f1020100,f2d9f1000001,3
UNI_ASSEMBLES_DIFF,"ld (0xf1dc),0x0001","ld (0xf1dc), 0x0001",stdi16,f1dcf1020100,f2dcf1000001,3
UNI_ASSEMBLES_DIFF,"ld (0xf1de),0x0001","ld (0xf1de), 0x0001",stdi16,f1def1020100,f2def1000001,3
UNI_ASSEMBLES_DIFF,"ld (0xf1e2),0x0001","ld (0xf1e2), 0x0001",stdi16,f1e2f1020100,f2e2f1000001,3
UNI_ASSEMBLES_DIFF,"ld (0xf1e4),0x0001","ld (0xf1e4), 0x0001",stdi16,f1e4f1020100,f2e4f1000001,3
UNI_ASSEMBLES_DIFF,"ld (0xf1e7),0x0001","ld (0xf1e7), 0x0001",stdi16,f1e7f1020100,f2e7f1000001,3
UNI_ASSEMBLES_DIFF,"ld (0xf1ea),0x0001","ld (0xf1ea), 0x0001",stdi16,f1eaf1020100,f2eaf1000001,3
UNI_ASSEMBLES_DIFF,"ld (0xf1ec),0x0001","ld (0xf1ec), 0x0001",stdi16,f1ecf1020100,f2ecf1000001,3
UNI_ASSEMBLES_DIFF,"ld (0xf1ef),0x0001","ld (0xf1ef), 0x0001",stdi16,f1eff1020100,f2eff1000001,3
UNI_ASSEMBLES_DIFF,"ld (0xf1f2),0x0001","ld (0xf1f2), 0x0001",stdi16,f1f2f1020100,f2f2f1000001,3
UNI_ASSEMBLES_DIFF,"ld (0xf1f4),0x0001","ld (0xf1f4), 0x0001",stdi16,f1f4f1020100,f2f4f1000001,3
UNI_ASSEMBLES_DIFF,"ld (0xf229),0x0001","ld (0xf229), 0x0001",stdi16,f129f2020100,f229f2000001,3
UNI_ASSEMBLES_DIFF,"ld (0xf22b),0x0001","ld (0xf22b), 0x0001",stdi16,f12bf2020100,f22bf2000001,3
UNI_ASSEMBLES_DIFF,"ld (0xf23a),0x0002","ld (0xf23a), 0x0002",stdi16,f13af2020200,f23af2000002,3
UNI_ASSEMBLES_DIFF,"ld (XBC),0x0007","ld (XBC), 0x0007",ldw,b1020700,b10007,3
UNI_ASSEMBLES_DIFF,"ld (XBC),0x001f","ld (XBC), 0x001f",ldw,b1021f00,b1001f,3
UNI_ASSEMBLES_DIFF,"ld (XBC),0x0020","ld (XBC), 0x0020",ldw,b1022000,b10020,3
UNI_ASSEMBLES_DIFF,"ld (XBC),0x002e","ld (XBC), 0x002e",ldw,b1022e00,b1002e,3
UNI_ASSEMBLES_DIFF,"ld (XBC),0x0032","ld (XBC), 0x0032",ldw,b1023200,b10032,3
UNI_ASSEMBLES_DIFF,"ld (XBC),0x0046","ld (XBC), 0x0046",ldw,b1024600,b10046,3
UNI_ASSEMBLES_DIFF,"ld (XBC),0x0056","ld (XBC), 0x0056",ldw,b1025600,b10056,3
UNI_ASSEMBLES_DIFF,"ld (XBC),0x005e","ld (XBC), 0x005e",ldw,b1025e00,b1005e,3
UNI_ASSEMBLES_DIFF,"ld (XBC),0x0063","ld (XBC), 0x0063",ldw,b1026300,b10063,3
UNI_ASSEMBLES_DIFF,"ld (XBC),0x006b","ld (XBC), 0x006b",ldw,b1026b00,b1006b,3
UNI_ASSEMBLES_DIFF,"ld (XBC),0x0091","ld (XBC), 0x0091",ldw,b1029100,b10091,3
UNI_ASSEMBLES_DIFF,"ld (XBC),0x009a","ld (XBC), 0x009a",ldw,b1029a00,b1009a,3
UNI_ASSEMBLES_DIFF,"ld (XBC),0x009b","ld (XBC), 0x009b",ldw,b1029b00,b1009b,3
UNI_ASSEMBLES_DIFF,"ld (XBC),0x00a0","ld (XBC), 0x00a0",ldw,b102a000,b100a0,3
UNI_ASSEMBLES_DIFF,"ld (XBC),0x00a3","ld (XBC), 0x00a3",ldw,b102a300,b100a3,3
UNI_ASSEMBLES_DIFF,"ld (XBC),0x00b7","ld (XBC), 0x00b7",ldw,b102b700,b100b7,3
UNI_ASSEMBLES_DIFF,"ld (XBC),0x00b9","ld (XBC), 0x00b9",ldw,b102b900,b100b9,3
UNI_ASSEMBLES_DIFF,"ld (XBC),0x00e0","ld (XBC), 0x00e0",ldw,b102e000,b100e0,3
UNI_ASSEMBLES_DIFF,"ld (XBC),0x00e6","ld (XBC), 0x00e6",ldw,b102e600,b100e6,3
UNI_ASSEMBLES_DIFF,"ld (XBC),0x00ef","ld (XBC), 0x00ef",ldw,b102ef00,b100ef,3
UNI_ASSEMBLES_DIFF,"ld (XBC),0x00f8","ld (XBC), 0x00f8",ldw,b102f800,b100f8,3
UNI_ASSEMBLES_DIFF,"ld (XBC+0x02),0x00d6","ld (XBC+0x02), 0x00d6",ldw,b90202d600,b90200d6,3
UNI_ASSEMBLES_DIFF,"ld (XBC+0x04),0x0010","ld (XBC+0x04), 0x0010",ldw,b904021000,b9040010,3
UNI_ASSEMBLES_DIFF,"ld (XBC+0x06),0x0000","ld (XBC+0x06), 0x0000",ldw,b906020000,b9060000,3
UNI_ASSEMBLES_DIFF,"ld (XBC+0x06),0x00c4","ld (XBC+0x06), 0x00c4",ldw,b90602c400,b90600c4,3
UNI_ASSEMBLES_DIFF,"ld (XBC+0x08),0x0037","ld (XBC+0x08), 0x0037",ldw,b908023700,b9080037,3
UNI_ASSEMBLES_DIFF,"ld (XBC+0x0c),0x0001","ld (XBC+0x0c), 0x0001",ldw,b90c020100,b90c0001,3
UNI_ASSEMBLES_DIFF,"ld (XBC+0x0e),0x0008","ld (XBC+0x0e), 0x0008",ldw,b90e020800,b90e0008,3
UNI_ASSEMBLES_DIFF,"ld (XDE),0x0010","ld (XDE), 0x0010",ldw,b2021000,b20010,3
UNI_ASSEMBLES_DIFF,"ld (XDE),0x0021","ld (XDE), 0x0021",ldw,b2022100,b20021,3
UNI_ASSEMBLES_DIFF,"ld (XDE),0x002b","ld (XDE), 0x002b",ldw,b2022b00,b2002b,3
UNI_ASSEMBLES_DIFF,"ld (XDE),0x0036","ld (XDE), 0x0036",ldw,b2023600,b20036,3
UNI_ASSEMBLES_DIFF,"ld (XDE),0x003a","ld (XDE), 0x003a",ldw,b2023a00,b2003a,3
UNI_ASSEMBLES_DIFF,"ld (XDE),0x003e","ld (XDE), 0x003e",ldw,b2023e00,b2003e,3
UNI_ASSEMBLES_DIFF,"ld (XDE),0x0055","ld (XDE), 0x0055",ldw,b2025500,b20055,3
UNI_ASSEMBLES_DIFF,"ld (XDE),0x0069","ld (XDE), 0x0069",ldw,b2026900,b20069,3
UNI_ASSEMBLES_DIFF,"ld (XDE),0x0078","ld (XDE), 0x0078",ldw,b2027800,b20078,3
UNI_ASSEMBLES_DIFF,"ld (XDE),0x008c","ld (XDE), 0x008c",ldw,b2028c00,b2008c,3
UNI_ASSEMBLES_DIFF,"ld (XDE),0x00a1","ld (XDE), 0x00a1",ldw,b202a100,b200a1,3
UNI_ASSEMBLES_DIFF,"ld (XDE),0x00a9","ld (XDE), 0x00a9",ldw,b202a900,b200a9,3
UNI_ASSEMBLES_DIFF,"ld (XDE),0x00ab","ld (XDE), 0x00ab",ldw,b202ab00,b200ab,3
UNI_ASSEMBLES_DIFF,"ld (XDE),0x00b7","ld (XDE), 0x00b7",ldw,b202b700,b200b7,3
UNI_ASSEMBLES_DIFF,"ld (XDE),0x00d3","ld (XDE), 0x00d3",ldw,b202d300,b200d3,3
UNI_ASSEMBLES_DIFF,"ld (XDE),0x00d8","ld (XDE), 0x00d8",ldw,b202d800,b200d8,3
UNI_ASSEMBLES_DIFF,"ld (XDE+0x01),0x0000","ld (XDE+0x01), 0x0000",ldw,ba01020000,ba010000,3
UNI_ASSEMBLES_DIFF,"ld (XDE+0x06),0x0000","ld (XDE+0x06), 0x0000",ldw,ba06020000,ba060000,3
UNI_ASSEMBLES_DIFF,"ld (XDE+0x12),0x0000","ld (XDE+0x12), 0x0000",extpfx5,ba12020000,ba120000,3
UNI_ASSEMBLES_DIFF,"ld (XDE+0x14),0x0000","ld (XDE+0x14), 0x0000",extpfx5,ba14020000,ba140000,3
UNI_ASSEMBLES_DIFF,"ld (XHL),0x0005","ld (XHL), 0x0005",ldw,b3020500,b30005,3
UNI_ASSEMBLES_DIFF,"ld (XHL),0x0006","ld (XHL), 0x0006",ldw,b3020600,b30006,3
UNI_ASSEMBLES_DIFF,"ld (XHL),0x000a","ld (XHL), 0x000a",ldw,b3020a00,b3000a,3
UNI_ASSEMBLES_DIFF,"ld (XHL),0x000e","ld (XHL), 0x000e",ldw,b3020e00,b3000e,3
UNI_ASSEMBLES_DIFF,"ld (XHL),0x001c","ld (XHL), 0x001c",ldw,b3021c00,b3001c,3
UNI_ASSEMBLES_DIFF,"ld (XHL),0x002a","ld (XHL), 0x002a",ldw,b3022a00,b3002a,3
UNI_ASSEMBLES_DIFF,"ld (XHL),0x0054","ld (XHL), 0x0054",ldw,b3025400,b30054,3
UNI_ASSEMBLES_DIFF,"ld (XHL),0x005f","ld (XHL), 0x005f",ldw,b3025f00,b3005f,3
UNI_ASSEMBLES_DIFF,"ld (XHL),0x006c","ld (XHL), 0x006c",ldw,b3026c00,b3006c,3
UNI_ASSEMBLES_DIFF,"ld (XHL),0x0091","ld (XHL), 0x0091",ldw,b3029100,b30091,3
UNI_ASSEMBLES_DIFF,"ld (XHL),0x00ee","ld (XHL), 0x00ee",ldw,b302ee00,b300ee,3
UNI_ASSEMBLES_DIFF,"ld (XHL),0x00ef","ld (XHL), 0x00ef",ldw,b302ef00,b300ef,3
UNI_ASSEMBLES_DIFF,"ld (XHL),0x00fe","ld (XHL), 0x00fe",ldw,b302fe00,b300fe,3
UNI_ASSEMBLES_DIFF,"ld (XHL+0x02),0x0003","ld (XHL+0x02), 0x0003",ldw,bb02020300,bb020003,3
UNI_ASSEMBLES_DIFF,"ld (XHL+0x02),0x0005","ld (XHL+0x02), 0x0005",ldw,bb02020500,bb020005,3
UNI_ASSEMBLES_DIFF,"ld (XHL+0x08),0x00f6","ld (XHL+0x08), 0x00f6",ldw,bb0802f600,bb0800f6,3
UNI_ASSEMBLES_DIFF,"ld (XIX),0x0002","ld (XIX), 0x0002",ldw,b4020200,b40002,3
UNI_ASSEMBLES_DIFF,"ld (XIX),0x0010","ld (XIX), 0x0010",ldw,b4021000,b40010,3
UNI_ASSEMBLES_DIFF,"ld (XIX),0x0017","ld (XIX), 0x0017",ldw,b4021700,b40017,3
UNI_ASSEMBLES_DIFF,"ld (XIX),0x0026","ld (XIX), 0x0026",ldw,b4022600,b40026,3
UNI_ASSEMBLES_DIFF,"ld (XIX),0x002b","ld (XIX), 0x002b",ldw,b4022b00,b4002b,3
UNI_ASSEMBLES_DIFF,"ld (XIX),0x003a","ld (XIX), 0x003a",ldw,b4023a00,b4003a,3
UNI_ASSEMBLES_DIFF,"ld (XIX),0x003e","ld (XIX), 0x003e",ldw,b4023e00,b4003e,3
UNI_ASSEMBLES_DIFF,"ld (XIX),0x009c","ld (XIX), 0x009c",ldw,b4029c00,b4009c,3
UNI_ASSEMBLES_DIFF,"ld (XIX),0x00b2","ld (XIX), 0x00b2",ldw,b402b200,b400b2,3
UNI_ASSEMBLES_DIFF,"ld (XIX),0x00c3","ld (XIX), 0x00c3",ldw,b402c300,b400c3,3
UNI_ASSEMBLES_DIFF,"ld (XIX),0x00ef","ld (XIX), 0x00ef",ldw,b402ef00,b400ef,3
UNI_ASSEMBLES_DIFF,"ld (XIX+0x03),0x007f","ld (XIX+0x03), 0x007f",extpfx5,bc03027f00,bc03007f,3
UNI_ASSEMBLES_DIFF,"ld (XIY),0x0000","ld (XIY), 0x0000",ldw,b5020000,b50000,3
UNI_ASSEMBLES_DIFF,"ld (XIY),0x000e","ld (XIY), 0x000e",ldw,b5020e00,b5000e,3
UNI_ASSEMBLES_DIFF,"ld (XIY),0x00ae","ld (XIY), 0x00ae",ldw,b502ae00,b500ae,3
UNI_ASSEMBLES_DIFF,"ld (XIZ),0x0006","ld (XIZ), 0x0006",ldw,b6020600,b60006,3
UNI_ASSEMBLES_DIFF,"ld (XIZ),0x0007","ld (XIZ), 0x0007",ldw,b6020700,b60007,3
UNI_ASSEMBLES_DIFF,"ld (XIZ),0x00a3","ld (XIZ), 0x00a3",ldw,b602a300,b600a3,3
UNI_ASSEMBLES_DIFF,"ld (XIZ+0x02),0x00d8","ld (XIZ+0x02), 0x00d8",ldw,be0202d800,be0200d8,3
UNI_ASSEMBLES_DIFF,"ld (XIZ+0x03),0x007f","ld (XIZ+0x03), 0x007f",ldw,be03027f00,be03007f,3
UNI_ASSEMBLES_DIFF,"ld (XIZ+0x04),0x0000","ld (XIZ+0x04), 0x0000",ldw,be04020000,be040000,3
UNI_ASSEMBLES_DIFF,"ld (XIZ+0x04),0x0026","ld (XIZ+0x04), 0x0026",ldw,be04022600,be040026,3
UNI_ASSEMBLES_DIFF,"ld (XIZ+0x06),0x0000","ld (XIZ+0x06), 0x0000",ldw,be06020000,be060000,3
UNI_ASSEMBLES_DIFF,"ld (XIZ+0x06),0x00ee","ld (XIZ+0x06), 0x00ee",ldw,be0602ee00,be0600ee,3
UNI_ASSEMBLES_DIFF,"ld (XIZ+0x12),0x0014","ld (XIZ+0x12), 0x0014",ldw,be12021400,be120014,3
UNI_ASSEMBLES_DIFF,"ld (XIZ+0x14),0x0000","ld (XIZ+0x14), 0x0000",ldw,be14020000,be140000,3
UNI_ASSEMBLES_DIFF,"ld (XSP+0x010e),0x0000","ld (XSP+0x010e), 0x0000",stiw_ind,f3fd0e01020000,f3fd0e010000,3
UNI_ASSEMBLES_DIFF,"ld (XSP+0x02),0x0008","ld (XSP+0x02), 0x0008",ldw,bf02020800,bf020008,3
UNI_ASSEMBLES_DIFF,"ld (XSP+0x02),0x0014","ld (XSP+0x02), 0x0014",ldw,bf02021400,bf020014,3
UNI_ASSEMBLES_DIFF,"ld (XSP+0x02),0x0018","ld (XSP+0x02), 0x0018",ldw,bf02021800,bf020018,3
UNI_ASSEMBLES_DIFF,"ld (XSP+0x04),0x0007","ld (XSP+0x04), 0x0007",ldw,bf04020700,bf040007,3
UNI_ASSEMBLES_DIFF,"ld (XSP+0x06),0x0007","ld (XSP+0x06), 0x0007",ldw,bf06020700,bf060007,3
UNI_ASSEMBLES_DIFF,"ld (XSP+0x06),0x000f","ld (XSP+0x06), 0x000f",ldw,bf06020f00,bf06000f,3
UNI_ASSEMBLES_DIFF,"ld (XSP+0x06),0x0012","ld (XSP+0x06), 0x0012",ldw,bf06021200,bf060012,3
UNI_ASSEMBLES_DIFF,"ld (XSP+0x06),0x0082","ld (XSP+0x06), 0x0082",ldw,bf06028200,bf060082,3
UNI_ASSEMBLES_DIFF,"ld (XSP+0x06),0x00fe","ld (XSP+0x06), 0x00fe",ldw,bf0602fe00,bf0600fe,3
UNI_ASSEMBLES_DIFF,"ld (XSP+0x08),0x0008","ld (XSP+0x08), 0x0008",ldw,bf08020800,bf080008,3
UNI_ASSEMBLES_DIFF,"ld (XSP+0x08),0x000a","ld (XSP+0x08), 0x000a",ldw,bf08020a00,bf08000a,3
UNI_ASSEMBLES_DIFF,"ld (XSP+0x08),0x0011","ld (XSP+0x08), 0x0011",ldw,bf08021100,bf080011,3
UNI_ASSEMBLES_DIFF,"ld (XSP+0x08),0x0029","ld (XSP+0x08), 0x0029",ldw,bf08022900,bf080029,3
UNI_ASSEMBLES_DIFF,"ld (XSP+0x08),0x0031","ld (XSP+0x08), 0x0031",ldw,bf08023100,bf080031,3
UNI_ASSEMBLES_DIFF,"ld (XSP+0x0a),0x000e","ld (XSP+0x0a), 0x000e",ldw,bf0a020e00,bf0a000e,3
UNI_ASSEMBLES_DIFF,"ld (XSP+0x0a),0x0013","ld (XSP+0x0a), 0x0013",ldw,bf0a021300,bf0a0013,3
UNI_ASSEMBLES_DIFF,"ld (XSP+0x0a),0x001a","ld (XSP+0x0a), 0x001a",ldw,bf0a021a00,bf0a001a,3
UNI_ASSEMBLES_DIFF,"ld (XSP+0x0a),0x002a","ld (XSP+0x0a), 0x002a",ldw,bf0a022a00,bf0a002a,3
UNI_ASSEMBLES_DIFF,"ld (XSP+0x0a),0x0032","ld (XSP+0x0a), 0x0032",ldw,bf0a023200,bf0a0032,3
UNI_ASSEMBLES_DIFF,"ld (XSP+0x0a),0x0040","ld (XSP+0x0a), 0x0040",ldw,bf0a024000,bf0a0040,3
UNI_ASSEMBLES_DIFF,"ld (XSP+0x0a),0x0050","ld (XSP+0x0a), 0x0050",ldw,bf0a025000,bf0a0050,3
UNI_ASSEMBLES_DIFF,"ld (XSP+0x0a),0x00fe","ld (XSP+0x0a), 0x00fe",ldw,bf0a02fe00,bf0a00fe,3
UNI_ASSEMBLES_DIFF,"ld (XSP+0x0c),0x0014","ld (XSP+0x0c), 0x0014",ldw,bf0c021400,bf0c0014,3
UNI_ASSEMBLES_DIFF,"ld (XSP+0x0c),0x0015","ld (XSP+0x0c), 0x0015",ldw,bf0c021500,bf0c0015,3
UNI_ASSEMBLES_DIFF,"ld (XSP+0x0c),0x0016","ld (XSP+0x0c), 0x0016",ldw,bf0c021600,bf0c0016,3
UNI_ASSEMBLES_DIFF,"ld (XSP+0x0c),0x0017","ld (XSP+0x0c), 0x0017",ldw,bf0c021700,bf0c0017,3
UNI_ASSEMBLES_DIFF,"ld (XSP+0x0c),0x0019","ld (XSP+0x0c), 0x0019",ldw,bf0c021900,bf0c0019,3
UNI_ASSEMBLES_DIFF,"ld (XSP+0x0c),0x001a","ld (XSP+0x0c), 0x001a",ldw,bf0c021a00,bf0c001a,3
UNI_ASSEMBLES_DIFF,"ld (XSP+0x0c),0x001b","ld (XSP+0x0c), 0x001b",ldw,bf0c021b00,bf0c001b,3
UNI_ASSEMBLES_DIFF,"ld (XSP+0x0c),0x001c","ld (XSP+0x0c), 0x001c",ldw,bf0c021c00,bf0c001c,3
UNI_ASSEMBLES_DIFF,"ld (XSP+0x0c),0x001d","ld (XSP+0x0c), 0x001d",ldw,bf0c021d00,bf0c001d,3
UNI_ASSEMBLES_DIFF,"ld (XSP+0x0c),0x001e","ld (XSP+0x0c), 0x001e",ldw,bf0c021e00,bf0c001e,3
UNI_ASSEMBLES_DIFF,"ld (XSP+0x0c),0x001f","ld (XSP+0x0c), 0x001f",ldw,bf0c021f00,bf0c001f,3
UNI_ASSEMBLES_DIFF,"ld (XSP+0x0c),0x0020","ld (XSP+0x0c), 0x0020",ldw,bf0c022000,bf0c0020,3
UNI_ASSEMBLES_DIFF,"ld (XSP+0x0c),0x0021","ld (XSP+0x0c), 0x0021",ldw,bf0c022100,bf0c0021,3
UNI_ASSEMBLES_DIFF,"ld (XSP+0x0c),0x0022","ld (XSP+0x0c), 0x0022",ldw,bf0c022200,bf0c0022,3
UNI_ASSEMBLES_DIFF,"ld (XSP+0x0c),0x0023","ld (XSP+0x0c), 0x0023",ldw,bf0c022300,bf0c0023,3
UNI_ASSEMBLES_DIFF,"ld (XSP+0x0c),0x0024","ld (XSP+0x0c), 0x0024",ldw,bf0c022400,bf0c0024,3
UNI_ASSEMBLES_DIFF,"ld (XSP+0x0c),0x0025","ld (XSP+0x0c), 0x0025",ldw,bf0c022500,bf0c0025,3
UNI_ASSEMBLES_DIFF,"ld (XSP+0x0e),0x0003","ld (XSP+0x0e), 0x0003",ldw,bf0e020300,bf0e0003,3
UNI_ASSEMBLES_DIFF,"ld (XSP+0x0e),0x0008","ld (XSP+0x0e), 0x0008",ldw,bf0e020800,bf0e0008,3
UNI_ASSEMBLES_DIFF,"ld (XSP+0x0e),0x000c","ld (XSP+0x0e), 0x000c",ldw,bf0e020c00,bf0e000c,3
UNI_ASSEMBLES_DIFF,"ld (XSP+0x10),0x0082","ld (XSP+0x10), 0x0082",ldw,bf10028200,bf100082,3
UNI_ASSEMBLES_DIFF,"ld (XSP+0x14),0x0001","ld (XSP+0x14), 0x0001",ldw,bf14020100,bf140001,3
UNI_ASSEMBLES_DIFF,"ld (XSP+0x16),0x0000","ld (XSP+0x16), 0x0000",ldw,bf16020000,bf160000,3
UNI_ASSEMBLES_DIFF,"ld (XSP+0x16),0x0003","ld (XSP+0x16), 0x0003",ldw,bf16020300,bf160003,3
UNI_ASSEMBLES_DIFF,"ld (XSP+0x16),0x0004","ld (XSP+0x16), 0x0004",ldw,bf16020400,bf160004,3
UNI_ASSEMBLES_DIFF,"ld (XSP+0x16),0x0006","ld (XSP+0x16), 0x0006",ldw,bf16020600,bf160006,3
UNI_ASSEMBLES_DIFF,"ld (XSP+0x16),0x0007","ld (XSP+0x16), 0x0007",ldw,bf16020700,bf160007,3
UNI_ASSEMBLES_DIFF,"ld (XSP+0x18),0x0008","ld (XSP+0x18), 0x0008",ldw,bf18020800,bf180008,3
UNI_ASSEMBLES_DIFF,"ld (XSP+0x18),0x00fb","ld (XSP+0x18), 0x00fb",ldw,bf1802fb00,bf1800fb,3
UNI_ASSEMBLES_DIFF,"ld (XSP+0x18),0x00ff","ld (XSP+0x18), 0x00ff",ldw,bf1802ff00,bf1800ff,3
UNI_ASSEMBLES_DIFF,"ld (XSP+0x20),0x0000","ld (XSP+0x20), 0x0000",ldw,bf20020000,bf200000,3
UNI_ASSEMBLES_DIFF,"ld (XSP+0x20),0x0005","ld (XSP+0x20), 0x0005",ldw,bf20020500,bf200005,3
UNI_ASSEMBLES_DIFF,"ld (XWA),0x0014","ld (XWA), 0x0014",ldw,b0021400,b00014,3
UNI_ASSEMBLES_DIFF,"ld (XWA),0x0022","ld (XWA), 0x0022",ldw,b0022200,b00022,3
UNI_ASSEMBLES_DIFF,"ld (XWA),0x002c","ld (XWA), 0x002c",ldw,b0022c00,b0002c,3
UNI_ASSEMBLES_DIFF,"ld (XWA),0x003a","ld (XWA), 0x003a",ldw,b0023a00,b0003a,3
UNI_ASSEMBLES_DIFF,"ld (XWA),0x003d","ld (XWA), 0x003d",ldw,b0023d00,b0003d,3
UNI_ASSEMBLES_DIFF,"ld (XWA),0x0048","ld (XWA), 0x0048",ldw,b0024800,b00048,3
UNI_ASSEMBLES_DIFF,"ld (XWA),0x0061","ld (XWA), 0x0061",ldw,b0026100,b00061,3
UNI_ASSEMBLES_DIFF,"ld (XWA),0x0096","ld (XWA), 0x0096",ldw,b0029600,b00096,3
UNI_ASSEMBLES_DIFF,"ld (XWA),0x009b","ld (XWA), 0x009b",ldw,b0029b00,b0009b,3
UNI_ASSEMBLES_DIFF,"ld (XWA),0x00a6","ld (XWA), 0x00a6",ldw,b002a600,b000a6,3
UNI_ASSEMBLES_DIFF,"ld (XWA),0x00b4","ld (XWA), 0x00b4",ldw,b002b400,b000b4,3
UNI_ASSEMBLES_DIFF,"ld (XWA),0x00b6","ld (XWA), 0x00b6",ldw,b002b600,b000b6,3
UNI_ASSEMBLES_DIFF,"ld (XWA),0x00c1","ld (XWA), 0x00c1",ldw,b002c100,b000c1,3
UNI_ASSEMBLES_DIFF,"ld (XWA),0x00c3","ld (XWA), 0x00c3",ldw,b002c300,b000c3,3
UNI_ASSEMBLES_DIFF,"ld (XWA),0x00d8","ld (XWA), 0x00d8",ldw,b002d800,b000d8,3
UNI_ASSEMBLES_DIFF,"ld (XWA),0x00da","ld (XWA), 0x00da",ldw,b002da00,b000da,3
UNI_ASSEMBLES_DIFF,"ld (XWA),0x00e3","ld (XWA), 0x00e3",ldw,b002e300,b000e3,3
UNI_ASSEMBLES_DIFF,"ld (XWA),0x00e4","ld (XWA), 0x00e4",ldw,b002e400,b000e4,3
UNI_ASSEMBLES_DIFF,"ld (XWA),0x00ef","ld (XWA), 0x00ef",ldw,b002ef00,b000ef,3
UNI_ASSEMBLES_DIFF,"ld (XWA+0x0080),0x0000","ld (XWA+0x0080), 0x0000",stiw_ind,f3e18000020000,f3e180000000,3
UNI_ASSEMBLES_DIFF,"ld (XWA+0x02),0x0003","ld (XWA+0x02), 0x0003",ldw,b802020300,b8020003,3
UNI_ASSEMBLES_DIFF,"ld (XWA+0x02),0x0020","ld (XWA+0x02), 0x0020",ldw,b802022000,b8020020,3
UNI_ASSEMBLES_DIFF,"ld (XWA+0x02),0x0021","ld (XWA+0x02), 0x0021",ldw,b802022100,b8020021,3
UNI_ASSEMBLES_DIFF,"ld (XWA+0x02),0x0024","ld (XWA+0x02), 0x0024",ldw,b802022400,b8020024,3
UNI_ASSEMBLES_DIFF,"ld (XWA+0x02),0x0055","ld (XWA+0x02), 0x0055",ldw,b802025500,b8020055,3
UNI_ASSEMBLES_DIFF,"ld (XWA+0x02),0x0072","ld (XWA+0x02), 0x0072",ldw,b802027200,b8020072,3
UNI_ASSEMBLES_DIFF,"ld (XWA+0x02),0x00c8","ld (XWA+0x02), 0x00c8",ldw,b80202c800,b80200c8,3
UNI_ASSEMBLES_DIFF,"ld (XWA+0x02),0x00d8","ld (XWA+0x02), 0x00d8",ldw,b80202d800,b80200d8,3
UNI_ASSEMBLES_DIFF,"ld (XWA+0x02),0x00f0","ld (XWA+0x02), 0x00f0",ldw,b80202f000,b80200f0,3
UNI_ASSEMBLES_DIFF,"ld (XWA+0x04),0x0000","ld (XWA+0x04), 0x0000",ldw,b804020000,b8040000,3
UNI_ASSEMBLES_DIFF,"ld (XWA+0x04),0x00f8","ld (XWA+0x04), 0x00f8",ldw,b80402f800,b80400f8,3
UNI_ASSEMBLES_DIFF,"ld (XWA+0x06),0x000a","ld (XWA+0x06), 0x000a",ldw,b806020a00,b806000a,3
UNI_ASSEMBLES_DIFF,"ld (XWA+0x06),0x001f","ld (XWA+0x06), 0x001f",ldw,b806021f00,b806001f,3
UNI_ASSEMBLES_DIFF,"ld (XWA+0x06),0x002a","ld (XWA+0x06), 0x002a",ldw,b806022a00,b806002a,3
UNI_ASSEMBLES_DIFF,"ld (XWA+0x06),0x002b","ld (XWA+0x06), 0x002b",ldw,b806022b00,b806002b,3
UNI_ASSEMBLES_DIFF,"ld (XWA+0x06),0x0078","ld (XWA+0x06), 0x0078",ldw,b806027800,b8060078,3
UNI_ASSEMBLES_DIFF,"ld (XWA+0x06),0x00eb","ld (XWA+0x06), 0x00eb",ldw,b80602eb00,b80600eb,3
UNI_ASSEMBLES_DIFF,"ld (XWA+0x14),0x0000","ld (XWA+0x14), 0x0000",ldw,b814020000,b8140000,3
UNI_ASSEMBLES_DIFF,"ld (XWA+0x16),0x00f2","ld (XWA+0x16), 0x00f2",ldw,b81602f200,b81600f2,3
UNI_ASSEMBLES_DIFF,"ld (XWA+0x16),0x00f5","ld (XWA+0x16), 0x00f5",ldw,b81602f500,b81600f5,3
UNI_ASSEMBLES_DIFF,"ld (XWA+0x2e),0x0000","ld (XWA+0x2e), 0x0000",ldw,b82e020000,b82e0000,3
UNI_ASSEMBLES_DIFF,"ld IX,4","ld IX, 4",lds,dcac,dc030400,3
UNI_ASSEMBLES_DIFF,"ld IY,3","ld IY, 3",lds,ddab,dd030300,3
UNI_ASSEMBLES_DIFF,"ld IY,7","ld IY, 7",lds,ddaf,dd030700,3
UNI_ASSEMBLES_DIFF,"ld QIZ,0x000f","ld QIZ, 0x000f",ldi_erpw,d7fa030f00,d7faaf,3
UNI_ASSEMBLES_DIFF,"ld QIZ,0x0010","ld QIZ, 0x0010",ldi_erpw,d7fa031000,d7faa8,3
UNI_ASSEMBLES_DIFF,"ld QIZ,0x0013","ld QIZ, 0x0013",ldi_erpw,d7fa031300,d7faab,3
UNI_ASSEMBLES_DIFF,"ld QIZ,0x0020","ld QIZ, 0x0020",ldi_erpw,d7fa032000,d7faa8,3
UNI_ASSEMBLES_DIFF,"ld QIZ,0x002b","ld QIZ, 0x002b",ldi_erpw,d7fa032b00,d7faab,3
UNI_ASSEMBLES_DIFF,"ld QIZ,0x0033","ld QIZ, 0x0033",ldi_erpw,d7fa033300,d7faab,3
UNI_ASSEMBLES_DIFF,"ld QIZ,0x0040","ld QIZ, 0x0040",ldi_erpw,d7fa034000,d7faa8,3
UNI_ASSEMBLES_DIFF,"ld QIZ,0x0048","ld QIZ, 0x0048",ldw,d7fa034800,d7faa8,3
UNI_ASSEMBLES_DIFF,"ld QIZ,0x0061","ld QIZ, 0x0061",ldw,d7fa036100,d7faa9,3
UNI_ASSEMBLES_DIFF,"ld QIZ,0x0082","ld QIZ, 0x0082",ldw,d7fa038200,d7faaa,3
UNI_ASSEMBLES_DIFF,"ld QIZ,0x00e0","ld QIZ, 0x00e0",ldi_erpw,d7fa03e000,d7faa8,3
UNI_ASSEMBLES_DIFF,"ld QIZ,0xff98","ld QIZ, 0xff98",ldi_erpw,d7fa0398ff,d7faa8,3
UNI_ASSEMBLES_DIFF,"ldw (0x00ffec),(0x2875)","ldw (0x00ffec), (0x2875)",ldmmw_dd24,f2ecff00167528,f2ecff00027528,3
UNI_ASSEMBLES_DIFF,"ldw (0x0210b2),(0x2820)","ldw (0x0210b2), (0x2820)",ldmmw_dd24,f2b21002162028,f2b21002022028,3
UNI_ASSEMBLES_DIFF,"ldw (XBC),(0x26b0)","ldw (XBC), (0x26b0)",ldmw2,b116b026,b102b026,3
UNI_ASSEMBLES_DIFF,"ldw (XBC),(0x26b2)","ldw (XBC), (0x26b2)",ldmw2,b116b226,b102b226,3
UNI_ASSEMBLES_DIFF,"ldw (XBC),(0x26d2)","ldw (XBC), (0x26d2)",ldmw2,b116d226,b102d226,3
UNI_ASSEMBLES_DIFF,"ldw (XBC),(0x26d6)","ldw (XBC), (0x26d6)",ldmw2,b116d626,b102d626,3
UNI_ASSEMBLES_DIFF,"ldw (XBC),(0x276a)","ldw (XBC), (0x276a)",ldmw2,b1166a27,b1026a27,3
UNI_ASSEMBLES_DIFF,"ldw (XBC),(0x27e8)","ldw (XBC), (0x27e8)",ldmw2,b116e827,b102e827,3
UNI_ASSEMBLES_DIFF,"ldw (XBC+0x02),(0x2666)","ldw (XBC+0x02), (0x2666)",ldmw2,b902166626,b902026626,3
UNI_ASSEMBLES_DIFF,"ldw (XDE),(0x26b0)","ldw (XDE), (0x26b0)",ldmw2,b216b026,b202b026,3
UNI_ASSEMBLES_DIFF,"ldw (XDE),(0x26d4)","ldw (XDE), (0x26d4)",ldmw2,b216d426,b202d426,3
UNI_ASSEMBLES_DIFF,"ldw (XDE),(0x26d8)","ldw (XDE), (0x26d8)",ldmw2,b216d826,b202d826,3
UNI_ASSEMBLES_DIFF,"ldw (XDE),(0x275e)","ldw (XDE), (0x275e)",ldmw2,b2165e27,b2025e27,3
UNI_ASSEMBLES_DIFF,"ldw (XHL),(0x2955)","ldw (XHL), (0x2955)",ldmw2,b3165529,b3025529,3
UNI_ASSEMBLES_DIFF,"ldw (XSP),(0x26b2)","ldw (XSP), (0x26b2)",ldmw2,b716b226,b702b226,3
UNI_ASSEMBLES_DIFF,"ldw (XSP),(0x28af)","ldw (XSP), (0x28af)",ldmw2,b716af28,b702af28,3
UNI_ASSEMBLES_DIFF,"ldw (XSP+0x02),(0x26b0)","ldw (XSP+0x02), (0x26b0)",ldmw2,bf0216b026,bf0202b026,3
UNI_ASSEMBLES_DIFF,"ldw (XSP+0x02),(0x28af)","ldw (XSP+0x02), (0x28af)",ldmw2,bf0216af28,bf0202af28,3
UNI_ASSEMBLES_DIFF,"ldw (XSP+0x04),(0x2326)","ldw (XSP+0x04), (0x2326)",ldmw2,bf04162623,bf04022623,3
UNI_ASSEMBLES_DIFF,"ldw (XSP+0x04),(0x232a)","ldw (XSP+0x04), (0x232a)",ldmw2,bf04162a23,bf04022a23,3
UNI_ASSEMBLES_DIFF,"ldw (XSP+0x04),(0x2668)","ldw (XSP+0x04), (0x2668)",ldmw2,bf04166826,bf04026826,3
UNI_ASSEMBLES_DIFF,"ldw (XSP+0x04),(0x275e)","ldw (XSP+0x04), (0x275e)",ldmw2,bf04165e27,bf04025e27,3
UNI_ASSEMBLES_DIFF,"ldw (XSP+0x04),(0x27d4)","ldw (XSP+0x04), (0x27d4)",ldmw2,bf0416d427,bf0402d427,3
UNI_ASSEMBLES_DIFF,"ldw (XSP+0x06),(0x28af)","ldw (XSP+0x06), (0x28af)",ldmw2,bf0616af28,bf0602af28,3
UNI_ASSEMBLES_DIFF,"ldw (XSP+0x08),(0x2885)","ldw (XSP+0x08), (0x2885)",ldmw2,bf08168528,bf08028528,3
UNI_ASSEMBLES_DIFF,"ldw (XSP+0x08),(0xf231)","ldw (XSP+0x08), (0xf231)",ldmw2,bf081631f2,bf080231f2,3
UNI_ASSEMBLES_DIFF,"ldw (XSP+0x0c),(0xf22f)","ldw (XSP+0x0c), (0xf22f)",ldmw2,bf0c162ff2,bf0c022ff2,3
UNI_ASSEMBLES_DIFF,"ldw (XWA),(0x0ce3)","ldw (XWA), (0x0ce3)",ldmw2,b016e30c,b002e30c,3
UNI_ASSEMBLES_DIFF,"ldw (XWA),(0x26b2)","ldw (XWA), (0x26b2)",ldmw2,b016b226,b002b226,3
UNI_ASSEMBLES_DIFF,"ldw (XWA),(0x27ba)","ldw (XWA), (0x27ba)",ldmw2,b016ba27,b002ba27,3
UNI_ASSEMBLES_DIFF,"ldw (XWA),(0x27c2)","ldw (XWA), (0x27c2)",ldmw2,b016c227,b002c227,3
UNI_ASSEMBLES_DIFF,"ldw (XWA),(0x27ea)","ldw (XWA), (0x27ea)",ldmw2,b016ea27,b002ea27,3
UNI_ASSEMBLES_DIFF,"ldw (XWA),(0x27f0)","ldw (XWA), (0x27f0)",ldmw2,b016f027,b002f027,3
UNI_ASSEMBLES_DIFF,"ldw (XWA),(0x28ba)","ldw (XWA), (0x28ba)",ldmw2,b016ba28,b002ba28,3
UNI_ASSEMBLES_DIFF,"ldw (XWA+0x0080),(0x2328)","ldw (XWA+0x0080), (0x2328)",ldmmw_dri,f3e18000162823,f3e18000022823,3
UNI_ASSEMBLES_DIFF,"ldw (XWA+0x0088),(0x2328)","ldw (XWA+0x0088), (0x2328)",ldmmw_dri,f3e18800162823,f3e18800022823,3
UNI_ASSEMBLES_DIFF,"ldw (XWA+0x02),(0x27be)","ldw (XWA+0x02), (0x27be)",ldmw2,b80216be27,b80202be27,3
UNI_ASSEMBLES_DIFF,"ldw (XWA+0x02),(0x27c6)","ldw (XWA+0x02), (0x27c6)",ldmw2,b80216c627,b80202c627,3
UNI_ASSEMBLES_DIFF,"ldw (XWA+0x02),(0x27f2)","ldw (XWA+0x02), (0x27f2)",ldmw2,b80216f227,b80202f227,3
UNI_ASSEMBLES_DIFF,"ldw (XWA+0x02),(0x28bc)","ldw (XWA+0x02), (0x28bc)",ldmw2,b80216bc28,b80202bc28,3
UNI_ASSEMBLES_DIFF,"ldw (XWA+0x04),(0x27bc)","ldw (XWA+0x04), (0x27bc)",ldmw2,b80416bc27,b80402bc27,3
UNI_ASSEMBLES_DIFF,"ldw (XWA+0x04),(0x27c4)","ldw (XWA+0x04), (0x27c4)",ldmw2,b80416c427,b80402c427,3
UNI_ASSEMBLES_DIFF,"ldw (XWA+0x06),(0x27c0)","ldw (XWA+0x06), (0x27c0)",ldmw2,b80616c027,b80602c027,3
UNI_ASSEMBLES_DIFF,"ldw (XWA+0x06),(0x27c8)","ldw (XWA+0x06), (0x27c8)",ldmw2,b80616c827,b80602c827,3
UNI_ASSEMBLES_DIFF,"mul BC,(XIZ+0x12)","mul BC, (XIZ+0x12)",extpfx3,8e1243,9e1241,3
UNI_ASSEMBLES_DIFF,"mul WA,(XIZ+0x12)","mul WA, (XIZ+0x12)",extpfx3,8e1241,9e1240,3
UNI_ASSEMBLES_DIFF,"or (0x1108),0x0004","or (0x1108), 0x0004",ordi16,d108113e0400,c20811003e04,3
UNI_ASSEMBLES_DIFF,"or (0x1108),0x0040","or (0x1108), 0x0040",ordi16,d108113e4000,c20811003e40,3
UNI_ASSEMBLES_DIFF,"or (0x1108),0x0080","or (0x1108), 0x0080",ordi16,d108113e8000,c20811003e80,3
UNI_ASSEMBLES_DIFF,"or (0x1da2),0x0002","or (0x1da2), 0x0002",ordi16,d1a21d3e0200,c2a21d003e02,3
UNI_ASSEMBLES_DIFF,"or (0x1da2),0x0004","or (0x1da2), 0x0004",ordi16,d1a21d3e0400,c2a21d003e04,3
UNI_ASSEMBLES_DIFF,"or (0x1da2),0x0008","or (0x1da2), 0x0008",ordi16,d1a21d3e0800,c2a21d003e08,3
UNI_ASSEMBLES_DIFF,"or (0x1da2),0x0010","or (0x1da2), 0x0010",ordi16,d1a21d3e1000,c2a21d003e10,3
UNI_ASSEMBLES_DIFF,"or (0x1da2),0x0020","or (0x1da2), 0x0020",ordi16,d1a21d3e2000,c2a21d003e20,3
UNI_ASSEMBLES_DIFF,"or (0x1da2),0x0040","or (0x1da2), 0x0040",ordi16,d1a21d3e4000,c2a21d003e40,3
UNI_ASSEMBLES_DIFF,"or (0x1da2),0x0080","or (0x1da2), 0x0080",ordi16,d1a21d3e8000,c2a21d003e80,3
UNI_ASSEMBLES_DIFF,push 0x004c,push 0x004c,pushw,0b4c00,094c,3
UNI_ASSEMBLES_DIFF,push 0x004f,push 0x004f,pushw,0b4f00,094f,3
UNI_ASSEMBLES_DIFF,push 0x0066,push 0x0066,pushw,0b6600,0966,3
UNI_ASSEMBLES_DIFF,push 0x0073,push 0x0073,pushw,0b7300,0973,3
UNI_ASSEMBLES_DIFF,push 0x0075,push 0x0075,pushw,0b7500,0975,3
UNI_ASSEMBLES_DIFF,push 0x0095,push 0x0095,pushw,0b9500,0995,3
UNI_ASSEMBLES_DIFF,push 0x00a8,push 0x00a8,pushw,0ba800,09a8,3
UNI_ASSEMBLES_DIFF,push 0x00bc,push 0x00bc,pushw,0bbc00,09bc,3
UNI_ASSEMBLES_DIFF,push 0x00d9,push 0x00d9,pushw,0bd900,09d9,3
UNI_ASSEMBLES_DIFF,push 0x00f3,push 0x00f3,pushw,0bf300,09f3,3
UNI_ASSEMBLES_DIFF,push 0x00f4,push 0x00f4,pushw,0bf400,09f4,3
UNI_ASSEMBLES_DIFF,push 0x00fd,push 0x00fd,pushw,0bfd00,09fd,3
UNI_ASSEMBLES_DIFF,"add (0x06ce),0x0001","add (0x06ce), 0x0001",adddi16,d1ce06380100,c2ce06003801,2
UNI_ASSEMBLES_DIFF,"add (0x0c34),0x0012","add (0x0c34), 0x0012",adddi16,d1340c381200,c2340c003812,2
UNI_ASSEMBLES_DIFF,"add (0x360a),0x0008","add (0x360a), 0x0008",adddi16,d10a36380800,c20a36003808,2
UNI_ASSEMBLES_DIFF,"add (0x360e),0x0006","add (0x360e), 0x0006",adddi16,d10e36380600,c20e36003806,2
UNI_ASSEMBLES_DIFF,"add (0x8dff),0x0002","add (0x8dff), 0x0002",adddi16,d1ff8d380200,c2ff8d003802,2
UNI_ASSEMBLES_DIFF,"add (0x90e2),0x0004","add (0x90e2), 0x0004",adddi16,d1e290380400,c2e290003804,2
UNI_ASSEMBLES_DIFF,"add (0xc07b),0x0004","add (0xc07b), 0x0004",adddi16,d17bc0380400,c27bc0003804,2
UNI_ASSEMBLES_DIFF,call 0x03f4,call 0x03f4,call16,1cf403,1df40300,2
UNI_ASSEMBLES_DIFF,call 0x1a00,call 0x1a00,call16,1c001a,1d001a00,2
UNI_ASSEMBLES_DIFF,call 0x3200,call 0x3200,call16,1c0032,1d003200,2
UNI_ASSEMBLES_DIFF,call 0x3c84,call 0x3c84,call16,1c843c,1d843c00,2
UNI_ASSEMBLES_DIFF,call 0x3c85,call 0x3c85,call16,1c853c,1d853c00,2
UNI_ASSEMBLES_DIFF,call 0x50c1,call 0x50c1,call16,1cc150,1dc15000,2
UNI_ASSEMBLES_DIFF,call 0x8400,call 0x8400,call16,1c0084,1d008400,2
UNI_ASSEMBLES_DIFF,call 0x89e8,call 0x89e8,call16,1ce889,1de88900,2
UNI_ASSEMBLES_DIFF,call 0x98f1,call 0x98f1,call16,1cf198,1df19800,2
UNI_ASSEMBLES_DIFF,call 0xaf62,call 0xaf62,call16,1c62af,1d62af00,2
UNI_ASSEMBLES_DIFF,call 0xe125,call 0xe125,call16,1c25e1,1d25e100,2
UNI_ASSEMBLES_DIFF,call 0xef7a,call 0xef7a,call16,1c7aef,1d7aef00,2
UNI_ASSEMBLES_DIFF,"cp (0x0c72),0x0000","cp (0x0c72), 0x0000",cpdi16,d1720c3f0000,c2720c003f00,2
UNI_ASSEMBLES_DIFF,"cp (0x0c74),0x0000","cp (0x0c74), 0x0000",cpdi16,d1740c3f0000,c2740c003f00,2
UNI_ASSEMBLES_DIFF,"cp (0x0f77),0x005c","cp (0x0f77), 0x005c",cpdi16,d1770f3f5c00,c2770f003f5c,2
UNI_ASSEMBLES_DIFF,"cp (0x0fd5),0x003c","cp (0x0fd5), 0x003c",cpdi16,d1d50f3f3c00,c2d50f003f3c,2
UNI_ASSEMBLES_DIFF,"cp (0x2314),0x0000","cp (0x2314), 0x0000",cpdi16,d114233f0000,c21423003f00,2
UNI_ASSEMBLES_DIFF,"cp (0x269a),0x0000","cp (0x269a), 0x0000",cpdi16,d19a263f0000,c29a26003f00,2
UNI_ASSEMBLES_DIFF,"cp (0x33fe),0x0000","cp (0x33fe), 0x0000",cpdi16,d1fe333f0000,c2fe33003f00,2
UNI_ASSEMBLES_DIFF,"cp (0x3400),0x0000","cp (0x3400), 0x0000",cpdi16,d100343f0000,c20034003f00,2
UNI_ASSEMBLES_DIFF,"cp (0x3572),0x0000","cp (0x3572), 0x0000",cpdi16,d172353f0000,c27235003f00,2
UNI_ASSEMBLES_DIFF,"cp (0x3a82),0x0000","cp (0x3a82), 0x0000",cpdi16,d1823a3f0000,c2823a003f00,2
UNI_ASSEMBLES_DIFF,"cp (0x448c),0x0000","cp (0x448c), 0x0000",cpdi16,d18c443f0000,c28c44003f00,2
UNI_ASSEMBLES_DIFF,"cp (0x45ba),0x0000","cp (0x45ba), 0x0000",cpdi16,d1ba453f0000,c2ba45003f00,2
UNI_ASSEMBLES_DIFF,"cp (0x483c),0x0002","cp (0x483c), 0x0002",cpdi16,d13c483f0200,c23c48003f02,2
UNI_ASSEMBLES_DIFF,"cp (0x48ac),0x0001","cp (0x48ac), 0x0001",cpdi16,d1ac483f0100,c2ac48003f01,2
UNI_ASSEMBLES_DIFF,"cp (0x7f70),0x0000","cp (0x7f70), 0x0000",cpdi16,d1707f3f0000,c2707f003f00,2
UNI_ASSEMBLES_DIFF,"cp (0x81ae),0x0000","cp (0x81ae), 0x0000",cpdi16,d1ae813f0000,c2ae81003f00,2
UNI_ASSEMBLES_DIFF,"cp (0x850a),0x0000","cp (0x850a), 0x0000",cpdi16,d10a853f0000,c20a85003f00,2
UNI_ASSEMBLES_DIFF,"cp (0x8a40),0x0002","cp (0x8a40), 0x0002",cpdi16,d1408a3f0200,c2408a003f02,2
UNI_ASSEMBLES_DIFF,"cp (0x8a44),0x0000","cp (0x8a44), 0x0000",cpdi16,d1448a3f0000,c2448a003f00,2
UNI_ASSEMBLES_DIFF,"cp (0x8a44),0x0001","cp (0x8a44), 0x0001",cpdi16,d1448a3f0100,c2448a003f01,2
UNI_ASSEMBLES_DIFF,"cp (0x8a4a),0x0000","cp (0x8a4a), 0x0000",cpdi16,d14a8a3f0000,c24a8a003f00,2
UNI_ASSEMBLES_DIFF,"cp (0x8d03),0x0000","cp (0x8d03), 0x0000",cpdi16,d1038d3f0000,c2038d003f00,2
UNI_ASSEMBLES_DIFF,"cp (0x8d56),0x0000","cp (0x8d56), 0x0000",cpdi16,d1568d3f0000,c2568d003f00,2
UNI_ASSEMBLES_DIFF,"cp (0x8ec8),0x0000","cp (0x8ec8), 0x0000",cpdi16,d1c88e3f0000,c2c88e003f00,2
UNI_ASSEMBLES_DIFF,"cp (0x90e2),0x00fb","cp (0x90e2), 0x00fb",cpdi16,d1e2903ffb00,c2e290003ffb,2
UNI_ASSEMBLES_DIFF,"cp (0xb7ea),0x0002","cp (0xb7ea), 0x0002",cpdi16,d1eab73f0200,c2eab7003f02,2
UNI_ASSEMBLES_DIFF,"cp (0xc4ca),0x0031","cp (0xc4ca), 0x0031",cpdi16,d1cac43f3100,c2cac4003f31,2
UNI_ASSEMBLES_DIFF,"cp (0xce66),0x0000","cp (0xce66), 0x0000",cpdi16,d166ce3f0000,c266ce003f00,2
UNI_ASSEMBLES_DIFF,"cp (0xcf17),0x0000","cp (0xcf17), 0x0000",cpdi16,d117cf3f0000,c217cf003f00,2
UNI_ASSEMBLES_DIFF,"cp (0xcf5f),0x0000","cp (0xcf5f), 0x0000",cpdi16,d15fcf3f0000,c25fcf003f00,2
UNI_ASSEMBLES_DIFF,"cp (0xd0ac),0x0000","cp (0xd0ac), 0x0000",cpdi16,d1acd03f0000,c2acd0003f00,2
UNI_ASSEMBLES_DIFF,"cp (0xd8b2),0x0000","cp (0xd8b2), 0x0000",cpdi16,d1b2d83f0000,c2b2d8003f00,2
UNI_ASSEMBLES_DIFF,"cp (0xe0b4),0x007f","cp (0xe0b4), 0x007f",cpdi16,d1b4e03f7f00,c2b4e0003f7f,2
UNI_ASSEMBLES_DIFF,"cp (0xe0b6),0x007f","cp (0xe0b6), 0x007f",cpdi16,d1b6e03f7f00,c2b6e0003f7f,2
UNI_ASSEMBLES_DIFF,"cp (0xe0b8),0x0000","cp (0xe0b8), 0x0000",cpdi16,d1b8e03f0000,c2b8e0003f00,2
UNI_ASSEMBLES_DIFF,"cp (0xec01),0x0000","cp (0xec01), 0x0000",cpdi16,d101ec3f0000,c201ec003f00,2
UNI_ASSEMBLES_DIFF,"cp IX,3","cp IX, 3",cps,dcdb,dccf0300,2
UNI_ASSEMBLES_DIFF,"cp IX,7","cp IX, 7",cps,dcdf,dccf0700,2
UNI_ASSEMBLES_DIFF,"cp QIZ,0x007f","cp QIZ, 0x007f",cp_erpw,d7facf7f00,d7fadf,2
UNI_ASSEMBLES_DIFF,"cp QIZ,0x00ff","cp QIZ, 0x00ff",cp_erpw,d7facfff00,d7fadf,2
UNI_ASSEMBLES_DIFF,"cp QWA,0x07ff","cp QWA, 0x07ff",cpw,d7e2cfff07,d7e2df,2
UNI_ASSEMBLES_DIFF,"cp XDE,1","cp XDE, 1",cps,ead9,eacf01000000,2
UNI_ASSEMBLES_DIFF,"cp XIZ,3","cp XIZ, 3",cps,eedb,eecf03000000,2
UNI_ASSEMBLES_DIFF,jp 0xa400,jp 0xa400,jp16,1a00a4,1b00a400,2
UNI_ASSEMBLES_DIFF,jp 0xaf02,jp 0xaf02,jp16,1a02af,1b02af00,2
UNI_ASSEMBLES_DIFF,jp 0xea30,jp 0xea30,jp16,1a30ea,1b30ea00,2
UNI_ASSEMBLES_DIFF,jp 0xff00,jp 0xff00,jp16,1a00ff,1b00ff00,2
UNI_ASSEMBLES_DIFF,"ld (0x000a00),0x0000","ld (0x000a00), 0x0000",stiw_da,f2000a00020000,f2000a000000,2
UNI_ASSEMBLES_DIFF,"ld (0x001733),0x0000","ld (0x001733), 0x0000",stiw_da,f2331700020000,f23317000000,2
UNI_ASSEMBLES_DIFF,"ld (0x001739),0x0013","ld (0x001739), 0x0013",stiw_da,f2391700021300,f23917000013,2
UNI_ASSEMBLES_DIFF,"ld (0x0017c0),0x0003","ld (0x0017c0), 0x0003",stiw_da,f2c01700020300,f2c017000003,2
UNI_ASSEMBLES_DIFF,"ld (0x0017c8),0x0009","ld (0x0017c8), 0x0009",stiw_da,f2c81700020900,f2c817000009,2
UNI_ASSEMBLES_DIFF,"ld (0x0017ca),0x0003","ld (0x0017ca), 0x0003",stiw_da,f2ca1700020300,f2ca17000003,2
UNI_ASSEMBLES_DIFF,"ld (0x008612),0x0000","ld (0x008612), 0x0000",stiw_da,f2128600020000,f21286000000,2
UNI_ASSEMBLES_DIFF,"ld (0x00ceff),0x0000","ld (0x00ceff), 0x0000",stiw_da,f2ffce00020000,f2ffce000000,2
UNI_ASSEMBLES_DIFF,"ld (0x00cf5f),0x0000","ld (0x00cf5f), 0x0000",stiw_da,f25fcf00020000,f25fcf000000,2
UNI_ASSEMBLES_DIFF,"ld (0x00cf77),0x0000","ld (0x00cf77), 0x0000",stiw_da,f277cf00020000,f277cf000000,2
UNI_ASSEMBLES_DIFF,"ld (0x00cf77),0x0001","ld (0x00cf77), 0x0001",stiw_da,f277cf00020100,f277cf000001,2
UNI_ASSEMBLES_DIFF,"ld (0x00d76e),0x0000","ld (0x00d76e), 0x0000",stiw_da,f26ed700020000,f26ed7000000,2
UNI_ASSEMBLES_DIFF,"ld (0x00d770),0x0000","ld (0x00d770), 0x0000",stiw_da,f270d700020000,f270d7000000,2
UNI_ASSEMBLES_DIFF,"ld (0x00e095),0x0004","ld (0x00e095), 0x0004",stiw_da,f295e000020400,f295e0000004,2
UNI_ASSEMBLES_DIFF,"ld (0x00f2f9),0x0002","ld (0x00f2f9), 0x0002",stiw_da,f2f9f200020200,f2f9f2000002,2
UNI_ASSEMBLES_DIFF,"ld (0x03c220),0x0020","ld (0x03c220), 0x0020",stiw_da,f220c203022000,f220c2030020,2
UNI_ASSEMBLES_DIFF,"ld (0x03c220),0x0030","ld (0x03c220), 0x0030",stiw_da,f220c203023000,f220c2030030,2
UNI_ASSEMBLES_DIFF,"ld (0x03c222),0x0000","ld (0x03c222), 0x0000",stiw_da,f222c203020000,f222c2030000,2
UNI_ASSEMBLES_DIFF,"ld (0x0451e0),0x0000","ld (0x0451e0), 0x0000",stiw_da,f2e05104020000,f2e051040000,2
UNI_ASSEMBLES_DIFF,"ld (0x0451e2),0x0000","ld (0x0451e2), 0x0000",stiw_da,f2e25104020000,f2e251040000,2
UNI_ASSEMBLES_DIFF,"ld (0x0451ea),0x0000","ld (0x0451ea), 0x0000",stiw_da,f2ea5104020000,f2ea51040000,2
UNI_ASSEMBLES_DIFF,"ld (0x0451ec),0x0000","ld (0x0451ec), 0x0000",stiw_da,f2ec5104020000,f2ec51040000,2
UNI_ASSEMBLES_DIFF,"ld (0x0451ee),0x0000","ld (0x0451ee), 0x0000",stiw_da,f2ee5104020000,f2ee51040000,2
UNI_ASSEMBLES_DIFF,"ld (0x0451f0),0x0000","ld (0x0451f0), 0x0000",stiw_da,f2f05104020000,f2f051040000,2
UNI_ASSEMBLES_DIFF,"ld (0x0451f2),0x0000","ld (0x0451f2), 0x0000",stiw_da,f2f25104020000,f2f251040000,2
UNI_ASSEMBLES_DIFF,"ld (0x0451f4),0x0000","ld (0x0451f4), 0x0000",stiw_da,f2f45104020000,f2f451040000,2
UNI_ASSEMBLES_DIFF,"ld (0x0451f6),0x0000","ld (0x0451f6), 0x0000",stiw_da,f2f65104020000,f2f651040000,2
UNI_ASSEMBLES_DIFF,"ld (0x0460),0x0000","ld (0x0460), 0x0000",stdi16,f16004020000,f26004000000,2
UNI_ASSEMBLES_DIFF,"ld (0x0470),0x0000","ld (0x0470), 0x0000",stdi16,f17004020000,f27004000000,2
UNI_ASSEMBLES_DIFF,"ld (0x0c00),0x0000","ld (0x0c00), 0x0000",stdi16,f1000c020000,f2000c000000,2
UNI_ASSEMBLES_DIFF,"ld (0x0c5d),0x0005","ld (0x0c5d), 0x0005",stdi16,f15d0c020500,f25d0c000005,2
UNI_ASSEMBLES_DIFF,"ld (0x0c9a),0x0000","ld (0x0c9a), 0x0000",stdi16,f19a0c020000,f29a0c000000,2
UNI_ASSEMBLES_DIFF,"ld (0x0d10),0x0000","ld (0x0d10), 0x0000",stdi16,f1100d020000,f2100d000000,2
UNI_ASSEMBLES_DIFF,"ld (0x0d34),0x004f","ld (0x0d34), 0x004f",stdi16,f1340d024f00,f2340d00004f,2
UNI_ASSEMBLES_DIFF,"ld (0x0d36),0x0050","ld (0x0d36), 0x0050",stdi16,f1360d025000,f2360d000050,2
UNI_ASSEMBLES_DIFF,"ld (0x0f5e),0x0000","ld (0x0f5e), 0x0000",stdi16,f15e0f020000,f25e0f000000,2
UNI_ASSEMBLES_DIFF,"ld (0x0f70),0x0000","ld (0x0f70), 0x0000",stdi16,f1700f020000,f2700f000000,2
UNI_ASSEMBLES_DIFF,"ld (0x11f5),0x0078","ld (0x11f5), 0x0078",stdi16,f1f511027800,f2f511000078,2
UNI_ASSEMBLES_DIFF,"ld (0x1248),0x0001","ld (0x1248), 0x0001",stdi16,f14812020100,f24812000001,2
UNI_ASSEMBLES_DIFF,"ld (0x2096),0x0000","ld (0x2096), 0x0000",stdi16,f19620020000,f29620000000,2
UNI_ASSEMBLES_DIFF,"ld (0x22a0b8),0x0000","ld (0x22a0b8), 0x0000",stiw_da,f2b8a022020000,f2b8a0220000,2
UNI_ASSEMBLES_DIFF,"ld (0x22aa60),0x0000","ld (0x22aa60), 0x0000",stiw_da,f260aa22020000,f260aa220000,2
UNI_ASSEMBLES_DIFF,"ld (0x22abe6),0x0000","ld (0x22abe6), 0x0000",stiw_da,f2e6ab22020000,f2e6ab220000,2
UNI_ASSEMBLES_DIFF,"ld (0x230434),0x0000","ld (0x230434), 0x0000",stiw_da,f2340423020000,f23404230000,2
UNI_ASSEMBLES_DIFF,"ld (0x2307ae),0x0003","ld (0x2307ae), 0x0003",stiw_da,f2ae0723020300,f2ae07230003,2
UNI_ASSEMBLES_DIFF,"ld (0x2307ae),0x0006","ld (0x2307ae), 0x0006",stiw_da,f2ae0723020600,f2ae07230006,2
UNI_ASSEMBLES_DIFF,"ld (0x2307ae),0x0018","ld (0x2307ae), 0x0018",stiw_da,f2ae0723021800,f2ae07230018,2
UNI_ASSEMBLES_DIFF,"ld (0x2307b0),0x000c","ld (0x2307b0), 0x000c",stiw_da,f2b00723020c00,f2b00723000c,2
UNI_ASSEMBLES_DIFF,"ld (0x230874),0x0000","ld (0x230874), 0x0000",stiw_da,f2740823020000,f27408230000,2
UNI_ASSEMBLES_DIFF,"ld (0x230eca),0x0022","ld (0x230eca), 0x0022",stiw_da,f2ca0e23022200,f2ca0e230022,2
UNI_ASSEMBLES_DIFF,"ld (0x238f1c),0x0000","ld (0x238f1c), 0x0000",stiw_da,f21c8f23020000,f21c8f230000,2
UNI_ASSEMBLES_DIFF,"ld (0x238f1c),0x0001","ld (0x238f1c), 0x0001",stiw_da,f21c8f23020100,f21c8f230001,2
UNI_ASSEMBLES_DIFF,"ld (0x238f1c),0x0002","ld (0x238f1c), 0x0002",stiw_da,f21c8f23020200,f21c8f230002,2
UNI_ASSEMBLES_DIFF,"ld (0x2530),0x0000","ld (0x2530), 0x0000",stdi16,f13025020000,f23025000000,2
UNI_ASSEMBLES_DIFF,"ld (0x2532),0x0022","ld (0x2532), 0x0022",stdi16,f13225022200,f23225000022,2
UNI_ASSEMBLES_DIFF,"ld (0x278e),0x000a","ld (0x278e), 0x000a",stdi16,f18e27020a00,f28e2700000a,2
UNI_ASSEMBLES_DIFF,"ld (0x2824),0x0000","ld (0x2824), 0x0000",stdi16,f12428020000,f22428000000,2
UNI_ASSEMBLES_DIFF,"ld (0x28c1),0x0005","ld (0x28c1), 0x0005",stdi16,f1c128020500,f2c128000005,2
UNI_ASSEMBLES_DIFF,"ld (0x31eb),0x0006","ld (0x31eb), 0x0006",stdi16,f1eb31020600,f2eb31000006,2
UNI_ASSEMBLES_DIFF,"ld (0x31ed),0x0006","ld (0x31ed), 0x0006",stdi16,f1ed31020600,f2ed31000006,2
UNI_ASSEMBLES_DIFF,"ld (0x31ef),0x0006","ld (0x31ef), 0x0006",stdi16,f1ef31020600,f2ef31000006,2
UNI_ASSEMBLES_DIFF,"ld (0x31f1),0x0006","ld (0x31f1), 0x0006",stdi16,f1f131020600,f2f131000006,2
UNI_ASSEMBLES_DIFF,"ld (0x31f3),0x0006","ld (0x31f3), 0x0006",stdi16,f1f331020600,f2f331000006,2
UNI_ASSEMBLES_DIFF,"ld (0x31f5),0x0006","ld (0x31f5), 0x0006",stdi16,f1f531020600,f2f531000006,2
UNI_ASSEMBLES_DIFF,"ld (0x333c),0x0006","ld (0x333c), 0x0006",stdi16,f13c33020600,f23c33000006,2
UNI_ASSEMBLES_DIFF,"ld (0x3449),0x0006","ld (0x3449), 0x0006",stdi16,f14934020600,f24934000006,2
UNI_ASSEMBLES_DIFF,"ld (0x3456),0x0000","ld (0x3456), 0x0000",stdi16,f15634020000,f25634000000,2
UNI_ASSEMBLES_DIFF,"ld (0x345e),0x00ff","ld (0x345e), 0x00ff",stdi16,f15e3402ff00,f25e340000ff,2
UNI_ASSEMBLES_DIFF,"ld (0x349a),0x0000","ld (0x349a), 0x0000",stdi16,f19a34020000,f29a34000000,2
UNI_ASSEMBLES_DIFF,"ld (0x34d4),0x00be","ld (0x34d4), 0x00be",stdi16,f1d43402be00,f2d4340000be,2
UNI_ASSEMBLES_DIFF,"ld (0x356e),0x0006","ld (0x356e), 0x0006",stdi16,f16e35020600,f26e35000006,2
UNI_ASSEMBLES_DIFF,"ld (0x356e),0x0008","ld (0x356e), 0x0008",stdi16,f16e35020800,f26e35000008,2
UNI_ASSEMBLES_DIFF,"ld (0x3610),0x0000","ld (0x3610), 0x0000",stdi16,f11036020000,f21036000000,2
UNI_ASSEMBLES_DIFF,"ld (0x3747),0x0001","ld (0x3747), 0x0001",stdi16,f14737020100,f24737000001,2
UNI_ASSEMBLES_DIFF,"ld (0x38d4),0x0000","ld (0x38d4), 0x0000",stdi16,f1d438020000,f2d438000000,2
UNI_ASSEMBLES_DIFF,"ld (0x38e8),0x0000","ld (0x38e8), 0x0000",stdi16,f1e838020000,f2e838000000,2
UNI_ASSEMBLES_DIFF,"ld (0x38e8),0x0006","ld (0x38e8), 0x0006",stdi16,f1e838020600,f2e838000006,2
UNI_ASSEMBLES_DIFF,"ld (0x394c),0x0000","ld (0x394c), 0x0000",stdi16,f14c39020000,f24c39000000,2
UNI_ASSEMBLES_DIFF,"ld (0x394c),0x00ff","ld (0x394c), 0x00ff",stdi16,f14c3902ff00,f24c390000ff,2
UNI_ASSEMBLES_DIFF,"ld (0x3970),0x0000","ld (0x3970), 0x0000",stdi16,f17039020000,f27039000000,2
UNI_ASSEMBLES_DIFF,"ld (0x3970f1),0x0000","ld (0x3970f1), 0x0000",stiw_da,f2f17039020000,f2f170390000,2
UNI_ASSEMBLES_DIFF,"ld (0x3972),0x0096","ld (0x3972), 0x0096",stdi16,f17239029600,f27239000096,2
UNI_ASSEMBLES_DIFF,"ld (0x3982),0x0005","ld (0x3982), 0x0005",stdi16,f18239020500,f28239000005,2
UNI_ASSEMBLES_DIFF,"ld (0x448a),0x0000","ld (0x448a), 0x0000",stdi16,f18a44020000,f28a44000000,2
UNI_ASSEMBLES_DIFF,"ld (0x448c),0x0000","ld (0x448c), 0x0000",stdi16,f18c44020000,f28c44000000,2
UNI_ASSEMBLES_DIFF,"ld (0x448c),0x0001","ld (0x448c), 0x0001",stdi16,f18c44020100,f28c44000001,2
UNI_ASSEMBLES_DIFF,"ld (0x48d8),0x0000","ld (0x48d8), 0x0000",stdi16,f1d848020000,f2d848000000,2
UNI_ASSEMBLES_DIFF,"ld (0x5a4f),0x0000","ld (0x5a4f), 0x0000",stdi16,f14f5a020000,f24f5a000000,2
UNI_ASSEMBLES_DIFF,"ld (0x601c02),0x0000","ld (0x601c02), 0x0000",stiw_da,f2021c60020000,f2021c600000,2
UNI_ASSEMBLES_DIFF,"ld (0x601f3f),0x0001","ld (0x601f3f), 0x0001",stiw_da,f23f1f60020100,f23f1f600001,2
UNI_ASSEMBLES_DIFF,"ld (0x601f47),0x0001","ld (0x601f47), 0x0001",stiw_da,f2471f60020100,f2471f600001,2
UNI_ASSEMBLES_DIFF,"ld (0x601f49),0x0001","ld (0x601f49), 0x0001",stiw_da,f2491f60020100,f2491f600001,2
UNI_ASSEMBLES_DIFF,"ld (0x602a00),0x0000","ld (0x602a00), 0x0000",stiw_da,f2002a60020000,f2002a600000,2
UNI_ASSEMBLES_DIFF,"ld (0x6034ba),0x0000","ld (0x6034ba), 0x0000",stiw_da,f2ba3460020000,f2ba34600000,2
UNI_ASSEMBLES_DIFF,"ld (0x605068),0x0000","ld (0x605068), 0x0000",stiw_da,f2685060020000,f26850600000,2
UNI_ASSEMBLES_DIFF,"ld (0x605a13),0x0000","ld (0x605a13), 0x0000",stiw_da,f2135a60020000,f2135a600000,2
UNI_ASSEMBLES_DIFF,"ld (0x605aef),0x004f","ld (0x605aef), 0x004f",stiw_da,f2ef5a60024f00,f2ef5a60004f,2
UNI_ASSEMBLES_DIFF,"ld (0x605af1),0x0050","ld (0x605af1), 0x0050",stiw_da,f2f15a60025000,f2f15a600050,2
UNI_ASSEMBLES_DIFF,"ld (0x605d56),0x0001","ld (0x605d56), 0x0001",stiw_da,f2565d60020100,f2565d600001,2
UNI_ASSEMBLES_DIFF,"ld (0x606f99),0x0000","ld (0x606f99), 0x0000",stiw_da,f2996f60020000,f2996f600000,2
UNI_ASSEMBLES_DIFF,"ld (0x609102),0x0000","ld (0x609102), 0x0000",stiw_da,f2029160020000,f20291600000,2
UNI_ASSEMBLES_DIFF,"ld (0x609104),0x0000","ld (0x609104), 0x0000",stiw_da,f2049160020000,f20491600000,2
UNI_ASSEMBLES_DIFF,"ld (0x60f080),0x00b0","ld (0x60f080), 0x00b0",stiw_da,f280f06002b000,f280f06000b0,2
UNI_ASSEMBLES_DIFF,"ld (0x7d66),0x0009","ld (0x7d66), 0x0009",stdi16,f1667d020900,f2667d000009,2
UNI_ASSEMBLES_DIFF,"ld (0x7d68),0x0048","ld (0x7d68), 0x0048",stdi16,f1687d024800,f2687d000048,2
UNI_ASSEMBLES_DIFF,"ld (0x7e18),0x0039","ld (0x7e18), 0x0039",stdi16,f1187e023900,f2187e000039,2
UNI_ASSEMBLES_DIFF,"ld (0x7f48),0x0000","ld (0x7f48), 0x0000",stdi16,f1487f020000,f2487f000000,2
UNI_ASSEMBLES_DIFF,"ld (0x7f64),0x0000","ld (0x7f64), 0x0000",stdi16,f1647f020000,f2647f000000,2
UNI_ASSEMBLES_DIFF,"ld (0x7f66),0x0001","ld (0x7f66), 0x0001",stdi16,f1667f020100,f2667f000001,2
UNI_ASSEMBLES_DIFF,"ld (0x7f7a),0x0000","ld (0x7f7a), 0x0000",stdi16,f17a7f020000,f27a7f000000,2
UNI_ASSEMBLES_DIFF,"ld (0x7f80),0x0000","ld (0x7f80), 0x0000",stdi16,f1807f020000,f2807f000000,2
UNI_ASSEMBLES_DIFF,"ld (0x81ac),0x0000","ld (0x81ac), 0x0000",stdi16,f1ac81020000,f2ac81000000,2
UNI_ASSEMBLES_DIFF,"ld (0x81b4),0x0000","ld (0x81b4), 0x0000",stdi16,f1b481020000,f2b481000000,2
UNI_ASSEMBLES_DIFF,"ld (0x8200),0x0000","ld (0x8200), 0x0000",stdi16,f10082020000,f20082000000,2
UNI_ASSEMBLES_DIFF,"ld (0x82d8),0x0000","ld (0x82d8), 0x0000",stdi16,f1d882020000,f2d882000000,2
UNI_ASSEMBLES_DIFF,"ld (0x83de),0x0000","ld (0x83de), 0x0000",stdi16,f1de83020000,f2de83000000,2
UNI_ASSEMBLES_DIFF,"ld (0x8442),0x0000","ld (0x8442), 0x0000",stdi16,f14284020000,f24284000000,2
UNI_ASSEMBLES_DIFF,"ld (0x84a2),0x0000","ld (0x84a2), 0x0000",stdi16,f1a284020000,f2a284000000,2
UNI_ASSEMBLES_DIFF,"ld (0x8974),0x0000","ld (0x8974), 0x0000",stdi16,f17489020000,f27489000000,2
UNI_ASSEMBLES_DIFF,"ld (0x89f6),0x0000","ld (0x89f6), 0x0000",stdi16,f1f689020000,f2f689000000,2
UNI_ASSEMBLES_DIFF,"ld (0x8a6a),0x004f","ld (0x8a6a), 0x004f",stdi16,f16a8a024f00,f26a8a00004f,2
UNI_ASSEMBLES_DIFF,"ld (0x8a6c),0x0050","ld (0x8a6c), 0x0050",stdi16,f16c8a025000,f26c8a000050,2
UNI_ASSEMBLES_DIFF,"ld (0x8b06),0x004c","ld (0x8b06), 0x004c",stdi16,f1068b024c00,f2068b00004c,2
UNI_ASSEMBLES_DIFF,"ld (0x8b08),0x004d","ld (0x8b08), 0x004d",stdi16,f1088b024d00,f2088b00004d,2
UNI_ASSEMBLES_DIFF,"ld (0x8b0a),0x0008","ld (0x8b0a), 0x0008",stdi16,f10a8b020800,f20a8b000008,2
UNI_ASSEMBLES_DIFF,"ld (0x8b0a),0x0009","ld (0x8b0a), 0x0009",stdi16,f10a8b020900,f20a8b000009,2
UNI_ASSEMBLES_DIFF,"ld (0x8b0a),0x0012","ld (0x8b0a), 0x0012",stdi16,f10a8b021200,f20a8b000012,2
UNI_ASSEMBLES_DIFF,"ld (0x8b0c),0x0009","ld (0x8b0c), 0x0009",stdi16,f10c8b020900,f20c8b000009,2
UNI_ASSEMBLES_DIFF,"ld (0x8b0c),0x000a","ld (0x8b0c), 0x000a",stdi16,f10c8b020a00,f20c8b00000a,2
UNI_ASSEMBLES_DIFF,"ld (0x8b0c),0x0013","ld (0x8b0c), 0x0013",stdi16,f10c8b021300,f20c8b000013,2
UNI_ASSEMBLES_DIFF,"ld (0x8b24),0x0000","ld (0x8b24), 0x0000",stdi16,f1248b020000,f2248b000000,2
UNI_ASSEMBLES_DIFF,"ld (0x8b2a),0x0000","ld (0x8b2a), 0x0000",stdi16,f12a8b020000,f22a8b000000,2
UNI_ASSEMBLES_DIFF,"ld (0x8b2a),0x000a","ld (0x8b2a), 0x000a",stdi16,f12a8b020a00,f22a8b00000a,2
UNI_ASSEMBLES_DIFF,"ld (0x8b2a),0x0028","ld (0x8b2a), 0x0028",stdi16,f12a8b022800,f22a8b000028,2
UNI_ASSEMBLES_DIFF,"ld (0x8b2a),0x004e","ld (0x8b2a), 0x004e",stdi16,f12a8b024e00,f22a8b00004e,2
UNI_ASSEMBLES_DIFF,"ld (0x8b2a),0x00d3","ld (0x8b2a), 0x00d3",stdi16,f12a8b02d300,f22a8b0000d3,2
UNI_ASSEMBLES_DIFF,"ld (0x8b2a),0x00e0","ld (0x8b2a), 0x00e0",stdi16,f12a8b02e000,f22a8b0000e0,2
UNI_ASSEMBLES_DIFF,"ld (0x8b2c),0x0000","ld (0x8b2c), 0x0000",stdi16,f12c8b020000,f22c8b000000,2
UNI_ASSEMBLES_DIFF,"ld (0x8b2e),0x0000","ld (0x8b2e), 0x0000",stdi16,f12e8b020000,f22e8b000000,2
UNI_ASSEMBLES_DIFF,"ld (0x8cba),0x0000","ld (0x8cba), 0x0000",stdi16,f1ba8c020000,f2ba8c000000,2
UNI_ASSEMBLES_DIFF,"ld (0x8d01),0x0000","ld (0x8d01), 0x0000",stdi16,f1018d020000,f2018d000000,2
UNI_ASSEMBLES_DIFF,"ld (0x8d03),0x0000","ld (0x8d03), 0x0000",stdi16,f1038d020000,f2038d000000,2
UNI_ASSEMBLES_DIFF,"ld (0x8d9f),0x005c","ld (0x8d9f), 0x005c",stdi16,f19f8d025c00,f29f8d00005c,2
UNI_ASSEMBLES_DIFF,"ld (0x8f3a),0x0000","ld (0x8f3a), 0x0000",stdi16,f13a8f020000,f23a8f000000,2
UNI_ASSEMBLES_DIFF,"ld (0x8f3e),0x0000","ld (0x8f3e), 0x0000",stdi16,f13e8f020000,f23e8f000000,2
UNI_ASSEMBLES_DIFF,"ld (0x8f42),0x0000","ld (0x8f42), 0x0000",stdi16,f1428f020000,f2428f000000,2
UNI_ASSEMBLES_DIFF,"ld (0x8f46),0x0000","ld (0x8f46), 0x0000",stdi16,f1468f020000,f2468f000000,2
UNI_ASSEMBLES_DIFF,"ld (0x9046),0x0000","ld (0x9046), 0x0000",stdi16,f14690020000,f24690000000,2
UNI_ASSEMBLES_DIFF,"ld (0x9127),0x00b0","ld (0x9127), 0x00b0",stdi16,f1279102b000,f227910000b0,2
UNI_ASSEMBLES_DIFF,"ld (0xbd3a),0x0028","ld (0xbd3a), 0x0028",stdi16,f13abd022800,f23abd000028,2
UNI_ASSEMBLES_DIFF,"ld (0xc07b),0x0000","ld (0xc07b), 0x0000",stdi16,f17bc0020000,f27bc0000000,2
UNI_ASSEMBLES_DIFF,"ld (0xc598),0x0000","ld (0xc598), 0x0000",stdi16,f198c5020000,f298c5000000,2
UNI_ASSEMBLES_DIFF,"ld (0xc59a),0x0000","ld (0xc59a), 0x0000",stdi16,f19ac5020000,f29ac5000000,2
UNI_ASSEMBLES_DIFF,"ld (0xc59c),0x0000","ld (0xc59c), 0x0000",stdi16,f19cc5020000,f29cc5000000,2
UNI_ASSEMBLES_DIFF,"ld (0xc5a4),0x0000","ld (0xc5a4), 0x0000",stdi16,f1a4c5020000,f2a4c5000000,2
UNI_ASSEMBLES_DIFF,"ld (0xc5a6),0x0000","ld (0xc5a6), 0x0000",stdi16,f1a6c5020000,f2a6c5000000,2
UNI_ASSEMBLES_DIFF,"ld (0xcdca),0x0000","ld (0xcdca), 0x0000",stdi16,f1cacd020000,f2cacd000000,2
UNI_ASSEMBLES_DIFF,"ld (0xceff),0x0000","ld (0xceff), 0x0000",stdi16,f1ffce020000,f2ffce000000,2
UNI_ASSEMBLES_DIFF,"ld (0xd09a),0x0000","ld (0xd09a), 0x0000",stdi16,f19ad0020000,f29ad0000000,2
UNI_ASSEMBLES_DIFF,"ld (0xd09a),0x001e","ld (0xd09a), 0x001e",stdi16,f19ad0021e00,f29ad000001e,2
UNI_ASSEMBLES_DIFF,"ld (0xe0b8),0x007f","ld (0xe0b8), 0x007f",stdi16,f1b8e0027f00,f2b8e000007f,2
UNI_ASSEMBLES_DIFF,"ld (0xe3e4),0x0080","ld (0xe3e4), 0x0080",stdi16,f1e4e3028000,f2e4e3000080,2
UNI_ASSEMBLES_DIFF,"ld (0xe85554),0x0055","ld (0xe85554), 0x0055",stiw_da,f25455e8025500,f25455e80055,2
UNI_ASSEMBLES_DIFF,"ld (0xe9e5),0x0000","ld (0xe9e5), 0x0000",stdi16,f1e5e9020000,f2e5e9000000,2
UNI_ASSEMBLES_DIFF,"ld (0xe9ef),0x0000","ld (0xe9ef), 0x0000",stdi16,f1efe9020000,f2efe9000000,2
UNI_ASSEMBLES_DIFF,"ld (0xe9f1),0x0000","ld (0xe9f1), 0x0000",stdi16,f1f1e9020000,f2f1e9000000,2
UNI_ASSEMBLES_DIFF,"ld (0xeb3b),0x0000","ld (0xeb3b), 0x0000",stdi16,f13beb020000,f23beb000000,2
UNI_ASSEMBLES_DIFF,"ld (0xec01),0x0002","ld (0xec01), 0x0002",stdi16,f101ec020200,f201ec000002,2
UNI_ASSEMBLES_DIFF,"ld (0xec01),0x0003","ld (0xec01), 0x0003",stdi16,f101ec020300,f201ec000003,2
UNI_ASSEMBLES_DIFF,"ld (0xec0e),0x0006","ld (0xec0e), 0x0006",stdi16,f10eec020600,f20eec000006,2
UNI_ASSEMBLES_DIFF,"ld (0xf248),0x0000","ld (0xf248), 0x0000",stdi16,f148f2020000,f248f2000000,2
UNI_ASSEMBLES_DIFF,"ld (XBC),0x0068","ld (XBC), 0x0068",ldw,b1026800,b10068,2
UNI_ASSEMBLES_DIFF,"ld (XBC),0x007f","ld (XBC), 0x007f",ldw,b1027f00,b1007f,2
UNI_ASSEMBLES_DIFF,"ld (XBC),0x0080","ld (XBC), 0x0080",extpfx4,b1028000,b10080,2
UNI_ASSEMBLES_DIFF,"ld (XBC+0x02),0x00ff","ld (XBC+0x02), 0x00ff",ldw,b90202ff00,b90200ff,2
UNI_ASSEMBLES_DIFF,"ld (XBC+0x06),0x0078","ld (XBC+0x06), 0x0078",ldw,b906027800,b9060078,2
UNI_ASSEMBLES_DIFF,"ld (XBC+0x1523),0x001c","ld (XBC+0x1523), 0x001c",extpfx7,f3e52315021c00,f3e52315001c,2
UNI_ASSEMBLES_DIFF,"ld (XBC+0x1f),0x0000","ld (XBC+0x1f), 0x0000",extpfx5,b91f020000,b91f0000,2
UNI_ASSEMBLES_DIFF,"ld (XBC+0x21),0x0000","ld (XBC+0x21), 0x0000",extpfx5,b921020000,b9210000,2
UNI_ASSEMBLES_DIFF,"ld (XBC+0x6f),0x0000","ld (XBC+0x6f), 0x0000",extpfx5,b96f020000,b96f0000,2
UNI_ASSEMBLES_DIFF,"ld (XBC+0x71),0x00ff","ld (XBC+0x71), 0x00ff",extpfx5,b97102ff00,b97100ff,2
UNI_ASSEMBLES_DIFF,"ld (XBC+0x76),0x0000","ld (XBC+0x76), 0x0000",extpfx5,b976020000,b9760000,2
UNI_ASSEMBLES_DIFF,"ld (XBC+0x78),0x0000","ld (XBC+0x78), 0x0000",extpfx5,b978020000,b9780000,2
UNI_ASSEMBLES_DIFF,"ld (XBC+0x7a),0x0000","ld (XBC+0x7a), 0x0000",extpfx5,b97a020000,b97a0000,2
UNI_ASSEMBLES_DIFF,"ld (XDE),0x0001","ld (XDE), 0x0001",ldw,b2020100,b20001,2
UNI_ASSEMBLES_DIFF,"ld (XDE+0x02),0x0005","ld (XDE+0x02), 0x0005",ldw,ba02020500,ba020005,2
UNI_ASSEMBLES_DIFF,"ld (XDE+0x2f),0x0000","ld (XDE+0x2f), 0x0000",extpfx5,ba2f020000,ba2f0000,2
UNI_ASSEMBLES_DIFF,"ld (XHL),0x000c","ld (XHL), 0x000c",ldw,b3020c00,b3000c,2
UNI_ASSEMBLES_DIFF,"ld (XHL),0x007f","ld (XHL), 0x007f",ldw,b3027f00,b3007f,2
UNI_ASSEMBLES_DIFF,"ld (XHL),0x00a0","ld (XHL), 0x00a0",extpfx4,b302a000,b300a0,2
UNI_ASSEMBLES_DIFF,"ld (XHL),0x00aa","ld (XHL), 0x00aa",extpfx4,b302aa00,b300aa,2
UNI_ASSEMBLES_DIFF,"ld (XHL+0x01),0x0008","ld (XHL+0x01), 0x0008",extpfx5,bb01020800,bb010008,2
UNI_ASSEMBLES_DIFF,"ld (XHL+0x2d),0x0000","ld (XHL+0x2d), 0x0000",extpfx5,bb2d020000,bb2d0000,2
UNI_ASSEMBLES_DIFF,"ld (XIX),0x0031","ld (XIX), 0x0031",ldw,b4023100,b40031,2
UNI_ASSEMBLES_DIFF,"ld (XIX),0x007f","ld (XIX), 0x007f",ldw,b4027f00,b4007f,2
UNI_ASSEMBLES_DIFF,"ld (XIX+0x02),0x0000","ld (XIX+0x02), 0x0000",extpfx5,bc02020000,bc020000,2
UNI_ASSEMBLES_DIFF,"ld (XIX+0x02),0x0001","ld (XIX+0x02), 0x0001",ldw,bc02020100,bc020001,2
UNI_ASSEMBLES_DIFF,"ld (XIX+0x32),0x0000","ld (XIX+0x32), 0x0000",extpfx5,bc32020000,bc320000,2
UNI_ASSEMBLES_DIFF,"ld (XIX+0x34),0x0000","ld (XIX+0x34), 0x0000",extpfx5,bc34020000,bc340000,2
UNI_ASSEMBLES_DIFF,"ld (XIX+0x36),0x0000","ld (XIX+0x36), 0x0000",extpfx5,bc36020000,bc360000,2
UNI_ASSEMBLES_DIFF,"ld (XIZ),0x0002","ld (XIZ), 0x0002",ldw,b6020200,b60002,2
UNI_ASSEMBLES_DIFF,"ld (XIZ+0x2a),0x0000","ld (XIZ+0x2a), 0x0000",ldw,be2a020000,be2a0000,2
UNI_ASSEMBLES_DIFF,"ld (XIZ+0x2c),0x0000","ld (XIZ+0x2c), 0x0000",ldw,be2c020000,be2c0000,2
UNI_ASSEMBLES_DIFF,"ld (XIZ+0x2e),0x0000","ld (XIZ+0x2e), 0x0000",ldw,be2e020000,be2e0000,2
UNI_ASSEMBLES_DIFF,"ld (XIZ+0x31),0x0000","ld (XIZ+0x31), 0x0000",ldw,be31020000,be310000,2
UNI_ASSEMBLES_DIFF,"ld (XIZ+0x45),0x0000","ld (XIZ+0x45), 0x0000",ldw,be45020000,be450000,2
UNI_ASSEMBLES_DIFF,"ld (XSP+0x04),0x0028","ld (XSP+0x04), 0x0028",ldw,bf04022800,bf040028,2
UNI_ASSEMBLES_DIFF,"ld (XSP+0x04),0x0030","ld (XSP+0x04), 0x0030",ldw,bf04023000,bf040030,2
UNI_ASSEMBLES_DIFF,"ld (XSP+0x08),0x0003","ld (XSP+0x08), 0x0003",ldw,bf08020300,bf080003,2
UNI_ASSEMBLES_DIFF,"ld (XSP+0x08),0x0004","ld (XSP+0x08), 0x0004",ldw,bf08020400,bf080004,2
UNI_ASSEMBLES_DIFF,"ld (XSP+0x08),0x0007","ld (XSP+0x08), 0x0007",ldw,bf08020700,bf080007,2
UNI_ASSEMBLES_DIFF,"ld (XSP+0x08),0x000e","ld (XSP+0x08), 0x000e",ldw,bf08020e00,bf08000e,2
UNI_ASSEMBLES_DIFF,"ld (XSP+0x08),0x0017","ld (XSP+0x08), 0x0017",ldw,bf08021700,bf080017,2
UNI_ASSEMBLES_DIFF,"ld (XSP+0x08),0x0045","ld (XSP+0x08), 0x0045",ldw,bf08024500,bf080045,2
UNI_ASSEMBLES_DIFF,"ld (XSP+0x0a),0x0004","ld (XSP+0x0a), 0x0004",ldw,bf0a020400,bf0a0004,2
UNI_ASSEMBLES_DIFF,"ld (XSP+0x0c),0x0040","ld (XSP+0x0c), 0x0040",ldw,bf0c024000,bf0c0040,2
UNI_ASSEMBLES_DIFF,"ld (XSP+0x0e),0x0048","ld (XSP+0x0e), 0x0048",ldw,bf0e024800,bf0e0048,2
UNI_ASSEMBLES_DIFF,"ld (XSP+0x12),0x0001","ld (XSP+0x12), 0x0001",ldw,bf12020100,bf120001,2
UNI_ASSEMBLES_DIFF,"ld (XSP+0x1c),0x0001","ld (XSP+0x1c), 0x0001",ldw,bf1c020100,bf1c0001,2
UNI_ASSEMBLES_DIFF,"ld (XSP+0x20),0x000b","ld (XSP+0x20), 0x000b",ldw,bf20020b00,bf20000b,2
UNI_ASSEMBLES_DIFF,"ld (XSP+0x6e),0x005c","ld (XSP+0x6e), 0x005c",ldw,bf6e025c00,bf6e005c,2
UNI_ASSEMBLES_DIFF,"ld (XWA),0x00c4","ld (XWA), 0x00c4",ldw,b002c400,b000c4,2
UNI_ASSEMBLES_DIFF,"ld (XWA+0x0120),0x0001","ld (XWA+0x0120), 0x0001",stiw_ind,f3e12001020100,f3e120010001,2
UNI_ASSEMBLES_DIFF,"ld (XWA+0x02),0x0004","ld (XWA+0x02), 0x0004",ldw,b802020400,b8020004,2
UNI_ASSEMBLES_DIFF,"ld (XWA+0x28),0x0000","ld (XWA+0x28), 0x0000",ldw,b828020000,b8280000,2
UNI_ASSEMBLES_DIFF,"ld (XWA+0x2a),0x0001","ld (XWA+0x2a), 0x0001",ldw,b82a020100,b82a0001,2
UNI_ASSEMBLES_DIFF,"ld (XWA+0x2e),0x0001","ld (XWA+0x2e), 0x0001",ldw,b82e020100,b82e0001,2
UNI_ASSEMBLES_DIFF,"ld (XWA+0x30),0x0000","ld (XWA+0x30), 0x0000",ldw,b830020000,b8300000,2
UNI_ASSEMBLES_DIFF,"ld (XWA+0x30),0x0063","ld (XWA+0x30), 0x0063",ldw,b830026300,b8300063,2
UNI_ASSEMBLES_DIFF,"ld (XWA+0x32),0x0000","ld (XWA+0x32), 0x0000",ldw,b832020000,b8320000,2
UNI_ASSEMBLES_DIFF,"ld (XWA+0x32),0x0020","ld (XWA+0x32), 0x0020",ldw,b832022000,b8320020,2
UNI_ASSEMBLES_DIFF,"ld (XWA+0x33),0x0000","ld (XWA+0x33), 0x0000",ldw,b833020000,b8330000,2
UNI_ASSEMBLES_DIFF,"ld (XWA+0x34),0x0000","ld (XWA+0x34), 0x0000",ldw,b834020000,b8340000,2
UNI_ASSEMBLES_DIFF,"ld (XWA+0x34),0x0008","ld (XWA+0x34), 0x0008",ldw,b834020800,b8340008,2
UNI_ASSEMBLES_DIFF,"ld (XWA+0x45),0x0000","ld (XWA+0x45), 0x0000",ldw,b845020000,b8450000,2
UNI_ASSEMBLES_DIFF,"ld IZ,5","ld IZ, 5",lds,dead,de030500,2
UNI_ASSEMBLES_DIFF,"ld QIZ,0x01f4","ld QIZ, 0x01f4",ldw,d7fa03f401,d7faac,2
UNI_ASSEMBLES_DIFF,"ldw (0x00ffec),(0xf19e)","ldw (0x00ffec), (0xf19e)",ldmmw_dd24,f2ecff00169ef1,f2ecff00029ef1,2
UNI_ASSEMBLES_DIFF,"ldw (XBC),(0x2955)","ldw (XBC), (0x2955)",ldmw2,b1165529,b1025529,2
UNI_ASSEMBLES_DIFF,"ldw (XSP+0x04),(0x83de)","ldw (XSP+0x04), (0x83de)",ldmw2,bf0416de83,bf0402de83,2
UNI_ASSEMBLES_DIFF,"ldw (XSP+0x06),(0x7f7a)","ldw (XSP+0x06), (0x7f7a)",ldmw2,bf06167a7f,bf06027a7f,2
UNI_ASSEMBLES_DIFF,"ldw (XWA),(0x2955)","ldw (XWA), (0x2955)",ldmw2,b0165529,b0025529,2
UNI_ASSEMBLES_DIFF,"mul DE,(XWA+0x2d)","mul DE, (XWA+0x2d)",mul8_rid8,882d45,982d42,2
UNI_ASSEMBLES_DIFF,"mul DE,(XWA+0x30)","mul DE, (XWA+0x30)",mul8_rid8,883045,983042,2
UNI_ASSEMBLES_DIFF,"mul DE,(XWA+0x32)","mul DE, (XWA+0x32)",mul8_rid8,883245,983242,2
UNI_ASSEMBLES_DIFF,"mul DE,(XWA+0x34)","mul DE, (XWA+0x34)",mul8_rid8,883445,983442,2
UNI_ASSEMBLES_DIFF,"mul DE,(XWA+0x36)","mul DE, (XWA+0x36)",mul8_rid8,883645,983642,2
UNI_ASSEMBLES_DIFF,"mul DE,(XWA+0x38)","mul DE, (XWA+0x38)",mul8_rid8,883845,983842,2
UNI_ASSEMBLES_DIFF,"or (0x8f3a),0x006b","or (0x8f3a), 0x006b",ordi16,d13a8f3e6b00,c23a8f003e6b,2
UNI_ASSEMBLES_DIFF,"or (0x8f3a),0x006f","or (0x8f3a), 0x006f",ordi16,d13a8f3e6f00,c23a8f003e6f,2
UNI_ASSEMBLES_DIFF,"or (0x8f3e),0x0004","or (0x8f3e), 0x0004",ordi16,d13e8f3e0400,c23e8f003e04,2
UNI_ASSEMBLES_DIFF,"or (0x8f42),0x0004","or (0x8f42), 0x0004",ordi16,d1428f3e0400,c2428f003e04,2
UNI_ASSEMBLES_DIFF,"or (0x8f42),0x0040","or (0x8f42), 0x0040",ordi16,d1428f3e4000,c2428f003e40,2
UNI_ASSEMBLES_DIFF,"or (0x8f44),0x0004","or (0x8f44), 0x0004",ordi16,d1448f3e0400,c2448f003e04,2
UNI_ASSEMBLES_DIFF,"or (0xc594),0x0001","or (0xc594), 0x0001",ordi16,d194c53e0100,c294c5003e01,2
UNI_ASSEMBLES_DIFF,"or (0xc594),0x0002","or (0xc594), 0x0002",ordi16,d194c53e0200,c294c5003e02,2
UNI_ASSEMBLES_DIFF,"or (0xc594),0x0010","or (0xc594), 0x0010",ordi16,d194c53e1000,c294c5003e10,2
UNI_ASSEMBLES_DIFF,"or (0xc596),0x0020","or (0xc596), 0x0020",ordi16,d196c53e2000,c296c5003e20,2
UNI_ASSEMBLES_DIFF,"or (0xc596),0x0080","or (0xc596), 0x0080",ordi16,d196c53e8000,c296c5003e80,2
UNI_ASSEMBLES_DIFF,"or (0xc598),0x0001","or (0xc598), 0x0001",ordi16,d198c53e0100,c298c5003e01,2
UNI_ASSEMBLES_DIFF,"or (0xc598),0x0002","or (0xc598), 0x0002",ordi16,d198c53e0200,c298c5003e02,2
UNI_ASSEMBLES_DIFF,"or (0xc598),0x0004","or (0xc598), 0x0004",ordi16,d198c53e0400,c298c5003e04,2
UNI_ASSEMBLES_DIFF,"or (0xc598),0x0008","or (0xc598), 0x0008",ordi16,d198c53e0800,c298c5003e08,2
UNI_ASSEMBLES_DIFF,"or (0xc598),0x0020","or (0xc598), 0x0020",ordi16,d198c53e2000,c298c5003e20,2
UNI_ASSEMBLES_DIFF,"or (0xc598),0x0040","or (0xc598), 0x0040",ordi16,d198c53e4000,c298c5003e40,2
UNI_ASSEMBLES_DIFF,"or (0xc59c),0x0003","or (0xc59c), 0x0003",ordi16,d19cc53e0300,c29cc5003e03,2
UNI_ASSEMBLES_DIFF,"or (0xc59c),0x0004","or (0xc59c), 0x0004",ordi16,d19cc53e0400,c29cc5003e04,2
UNI_ASSEMBLES_DIFF,"or (0xc59c),0x00c0","or (0xc59c), 0x00c0",ordi16,d19cc53ec000,c29cc5003ec0,2
UNI_ASSEMBLES_DIFF,"or (0xe9e5),0x0001","or (0xe9e5), 0x0001",ordi16,d1e5e93e0100,c2e5e9003e01,2
UNI_ASSEMBLES_DIFF,"or (0xe9e5),0x0002","or (0xe9e5), 0x0002",ordi16,d1e5e93e0200,c2e5e9003e02,2
UNI_ASSEMBLES_DIFF,"or (0xe9e5),0x0004","or (0xe9e5), 0x0004",ordi16,d1e5e93e0400,c2e5e9003e04,2
UNI_ASSEMBLES_DIFF,push 0x0053,push 0x0053,pushw,0b5300,0953,2
UNI_ASSEMBLES_DIFF,push 0x0070,push 0x0070,pushw,0b7000,0970,2
UNI_ASSEMBLES_DIFF,push 0x00a4,push 0x00a4,pushw,0ba400,09a4,2
UNI_ASSEMBLES_DIFF,push 0x00a9,push 0x00a9,pushw,0ba900,09a9,2
UNI_ASSEMBLES_DIFF,push 0x00ac,push 0x00ac,pushw,0bac00,09ac,2
UNI_ASSEMBLES_DIFF,push 0x00ad,push 0x00ad,pushw,0bad00,09ad,2
UNI_ASSEMBLES_DIFF,push 0x00b8,push 0x00b8,pushw,0bb800,09b8,2
UNI_ASSEMBLES_DIFF,push 0x00cc,push 0x00cc,pushw,0bcc00,09cc,2
UNI_ASSEMBLES_DIFF,push 0x00d4,push 0x00d4,pushw,0bd400,09d4,2
UNI_ASSEMBLES_DIFF,push 0x00d5,push 0x00d5,pushw,0bd500,09d5,2
UNI_ASSEMBLES_DIFF,push 0x00d6,push 0x00d6,pushw,0bd600,09d6,2
UNI_ASSEMBLES_DIFF,push 0x00dc,push 0x00dc,pushw,0bdc00,09dc,2
UNI_ASSEMBLES_DIFF,push 0x00fa,push 0x00fa,pushw,0bfa00,09fa,2
UNI_ASSEMBLES_DIFF,"sll A,QIZH","sll A, QIZH",sllb_erp,c7fbfe,c9ee01,2
UNI_ASSEMBLES_DIFF,"sub (0x06ce),0x0005","sub (0x06ce), 0x0005",subdi16,d1ce063a0500,c2ce06003a05,2
UNI_ASSEMBLES_DIFF,"sub (0x06d2),0x0001","sub (0x06d2), 0x0001",subdi16,d1d2063a0100,c2d206003a01,2
UNI_ASSEMBLES_DIFF,"sub (0xd09a),0x0001","sub (0xd09a), 0x0001",subdi16,d19ad03a0100,c29ad0003a01,2
UNI_ASSEMBLES_DIFF,"add (0x06cc),0x001c","add (0x06cc), 0x001c",adddi16,d1cc06381c00,c2cc0600381c,1
UNI_ASSEMBLES_DIFF,"add (0x06cc),0x00c4","add (0x06cc), 0x00c4",adddi16,d1cc0638c400,c2cc060038c4,1
UNI_ASSEMBLES_DIFF,"add (0x06ce),0x000d","add (0x06ce), 0x000d",adddi16,d1ce06380d00,c2ce0600380d,1
UNI_ASSEMBLES_DIFF,"add (0x06d0),0x001c","add (0x06d0), 0x001c",adddi16,d1d006381c00,c2d00600381c,1
UNI_ASSEMBLES_DIFF,"add (0x06d0),0x00ab","add (0x06d0), 0x00ab",adddi16,d1d00638ab00,c2d0060038ab,1
UNI_ASSEMBLES_DIFF,"add (0x06d0),0x00c8","add (0x06d0), 0x00c8",adddi16,d1d00638c800,c2d0060038c8,1
UNI_ASSEMBLES_DIFF,"add (0x06d2),0x0007","add (0x06d2), 0x0007",adddi16,d1d206380700,c2d206003807,1
UNI_ASSEMBLES_DIFF,"add (0x06d2),0x000b","add (0x06d2), 0x000b",adddi16,d1d206380b00,c2d20600380b,1
UNI_ASSEMBLES_DIFF,"add (0x06d2),0x000e","add (0x06d2), 0x000e",adddi16,d1d206380e00,c2d20600380e,1
UNI_ASSEMBLES_DIFF,"add (0x0ec4),0x0002","add (0x0ec4), 0x0002",adddi16,d1c40e380200,c2c40e003802,1
UNI_ASSEMBLES_DIFF,"add (0x0fd7),0x0002","add (0x0fd7), 0x0002",adddi16,d1d70f380200,c2d70f003802,1
UNI_ASSEMBLES_DIFF,"add (0x448a),0x0020","add (0x448a), 0x0020",adddi16,d18a44382000,c28a44003820,1
UNI_ASSEMBLES_DIFF,"add (0x8d63),0x0002","add (0x8d63), 0x0002",adddi16,d1638d380200,c2638d003802,1
UNI_ASSEMBLES_DIFF,"add (0x9046),0x0004","add (0x9046), 0x0004",adddi16,d14690380400,c24690003804,1
UNI_ASSEMBLES_DIFF,call 0x4604,call 0x4604,call16,1c0446,1d044600,1
UNI_ASSEMBLES_DIFF,"cp (0x0c4a),0x0000","cp (0x0c4a), 0x0000",cpdi16,d14a0c3f0000,c24a0c003f00,1
UNI_ASSEMBLES_DIFF,"cp (0x0c6e),0x0000","cp (0x0c6e), 0x0000",cpdi16,d16e0c3f0000,c26e0c003f00,1
UNI_ASSEMBLES_DIFF,"cp (0x0c6e),0x0002","cp (0x0c6e), 0x0002",cpdi16,d16e0c3f0200,c26e0c003f02,1
UNI_ASSEMBLES_DIFF,"cp (0x0c6e),0x0003","cp (0x0c6e), 0x0003",cpdi16,d16e0c3f0300,c26e0c003f03,1
UNI_ASSEMBLES_DIFF,"cp (0x0c72),0x0001","cp (0x0c72), 0x0001",cpdi16,d1720c3f0100,c2720c003f01,1
UNI_ASSEMBLES_DIFF,"cp (0x0c76),0x0002","cp (0x0c76), 0x0002",cpdi16,d1760c3f0200,c2760c003f02,1
UNI_ASSEMBLES_DIFF,"cp (0x0c76),0x00ff","cp (0x0c76), 0x00ff",cpdi16,d1760c3fff00,c2760c003fff,1
UNI_ASSEMBLES_DIFF,"cp (0x0c78),0x0001","cp (0x0c78), 0x0001",cpdi16,d1780c3f0100,c2780c003f01,1
UNI_ASSEMBLES_DIFF,"cp (0x0d62),0x0000","cp (0x0d62), 0x0000",cpdi16,d1620d3f0000,c2620d003f00,1
UNI_ASSEMBLES_DIFF,"cp (0x27e7),0x0020","cp (0x27e7), 0x0020",cpdi16,d1e7273f2000,c2e727003f20,1
UNI_ASSEMBLES_DIFF,"cp (0x27e7),0x0030","cp (0x27e7), 0x0030",cpdi16,d1e7273f3000,c2e727003f30,1
UNI_ASSEMBLES_DIFF,"cp (0x27e7),0x0040","cp (0x27e7), 0x0040",cpdi16,d1e7273f4000,c2e727003f40,1
UNI_ASSEMBLES_DIFF,"cp (0x27e7),0x0050","cp (0x27e7), 0x0050",cpdi16,d1e7273f5000,c2e727003f50,1
UNI_ASSEMBLES_DIFF,"cp (0x448c),0x0001","cp (0x448c), 0x0001",cpdi16,d18c443f0100,c28c44003f01,1
UNI_ASSEMBLES_DIFF,"cp (0x4810),0x0001","cp (0x4810), 0x0001",cpdi16,d110483f0100,c21048003f01,1
UNI_ASSEMBLES_DIFF,"cp (0x846c),0x0000","cp (0x846c), 0x0000",cpdi16,d16c843f0000,c26c84003f00,1
UNI_ASSEMBLES_DIFF,"cp (0x89a8),0x0000","cp (0x89a8), 0x0000",cpdi16,d1a8893f0000,c2a889003f00,1
UNI_ASSEMBLES_DIFF,"cp (0x8cba),0x0000","cp (0x8cba), 0x0000",cpdi16,d1ba8c3f0000,c2ba8c003f00,1
UNI_ASSEMBLES_DIFF,"cp (0x8e2c),0x0000","cp (0x8e2c), 0x0000",cpdi16,d12c8e3f0000,c22c8e003f00,1
UNI_ASSEMBLES_DIFF,"cp (0x9046),0x00fb","cp (0x9046), 0x00fb",cpdi16,d146903ffb00,c24690003ffb,1
UNI_ASSEMBLES_DIFF,"cp (0xcd86),0x0000","cp (0xcd86), 0x0000",cpdi16,d186cd3f0000,c286cd003f00,1
UNI_ASSEMBLES_DIFF,"cp (0xd816),0x0000","cp (0xd816), 0x0000",cpdi16,d116d83f0000,c216d8003f00,1
UNI_ASSEMBLES_DIFF,"cp B,7","cp B, 7",cps,cadf,cacf07,1
UNI_ASSEMBLES_DIFF,"cp QIZ,0x0200","cp QIZ, 0x0200",cpw,d7facf0002,d7fad8,1
UNI_ASSEMBLES_DIFF,"cp XIX,0","cp XIX, 0",cps,ecd8,eccf00000000,1
UNI_ASSEMBLES_DIFF,"cp XIY,6","cp XIY, 6",cps,edde,edcf06000000,1
UNI_ASSEMBLES_DIFF,jp 0x1c1b,jp 0x1c1b,jp16,1a1b1c,1b1b1c00,1
UNI_ASSEMBLES_DIFF,"ld (0x001704),0x0000","ld (0x001704), 0x0000",stiw_da,f2041700020000,f20417000000,1
UNI_ASSEMBLES_DIFF,"ld (0x001711),0x0000","ld (0x001711), 0x0000",stiw_da,f2111700020000,f21117000000,1
UNI_ASSEMBLES_DIFF,"ld (0x001739),0x000f","ld (0x001739), 0x000f",stiw_da,f2391700020f00,f2391700000f,1
UNI_ASSEMBLES_DIFF,"ld (0x001739),0x0010","ld (0x001739), 0x0010",stiw_da,f2391700021000,f23917000010,1
UNI_ASSEMBLES_DIFF,"ld (0x001739),0x0011","ld (0x001739), 0x0011",stiw_da,f2391700021100,f23917000011,1
UNI_ASSEMBLES_DIFF,"ld (0x001739),0x0012","ld (0x001739), 0x0012",stiw_da,f2391700021200,f23917000012,1
UNI_ASSEMBLES_DIFF,"ld (0x001739),0x0016","ld (0x001739), 0x0016",stiw_da,f2391700021600,f23917000016,1
UNI_ASSEMBLES_DIFF,"ld (0x001739),0x0080","ld (0x001739), 0x0080",stiw_da,f2391700028000,f23917000080,1
UNI_ASSEMBLES_DIFF,"ld (0x001739),0x0083","ld (0x001739), 0x0083",stiw_da,f2391700028300,f23917000083,1
UNI_ASSEMBLES_DIFF,"ld (0x001739),0x0084","ld (0x001739), 0x0084",stiw_da,f2391700028400,f23917000084,1
UNI_ASSEMBLES_DIFF,"ld (0x001739),0x0085","ld (0x001739), 0x0085",stiw_da,f2391700028500,f23917000085,1
UNI_ASSEMBLES_DIFF,"ld (0x00173b),0x0001","ld (0x00173b), 0x0001",stiw_da,f23b1700020100,f23b17000001,1
UNI_ASSEMBLES_DIFF,"ld (0x00173d),0x0025","ld (0x00173d), 0x0025",stiw_da,f23d1700022500,f23d17000025,1
UNI_ASSEMBLES_DIFF,"ld (0x00173f),0x0000","ld (0x00173f), 0x0000",stiw_da,f23f1700020000,f23f17000000,1
UNI_ASSEMBLES_DIFF,"ld (0x001780),0x0000","ld (0x001780), 0x0000",stiw_da,f2801700020000,f28017000000,1
UNI_ASSEMBLES_DIFF,"ld (0x0017c0),0x0000","ld (0x0017c0), 0x0000",stiw_da,f2c01700020000,f2c017000000,1
UNI_ASSEMBLES_DIFF,"ld (0x0017c0),0x0005","ld (0x0017c0), 0x0005",stiw_da,f2c01700020500,f2c017000005,1
UNI_ASSEMBLES_DIFF,"ld (0x0017c6),0x004f","ld (0x0017c6), 0x004f",stiw_da,f2c61700024f00,f2c61700004f,1
UNI_ASSEMBLES_DIFF,"ld (0x0017c6),0x00e0","ld (0x0017c6), 0x00e0",stiw_da,f2c6170002e000,f2c6170000e0,1
UNI_ASSEMBLES_DIFF,"ld (0x0017c8),0x0002","ld (0x0017c8), 0x0002",stiw_da,f2c81700020200,f2c817000002,1
UNI_ASSEMBLES_DIFF,"ld (0x0017c8),0x0005","ld (0x0017c8), 0x0005",stiw_da,f2c81700020500,f2c817000005,1
UNI_ASSEMBLES_DIFF,"ld (0x008612),0x0002","ld (0x008612), 0x0002",stiw_da,f2128600020200,f21286000002,1
UNI_ASSEMBLES_DIFF,"ld (0x008612),0x0003","ld (0x008612), 0x0003",stiw_da,f2128600020300,f21286000003,1
UNI_ASSEMBLES_DIFF,"ld (0x008612),0x0004","ld (0x008612), 0x0004",stiw_da,f2128600020400,f21286000004,1
UNI_ASSEMBLES_DIFF,"ld (0x00861c),0x0001","ld (0x00861c), 0x0001",stiw_da,f21c8600020100,f21c86000001,1
UNI_ASSEMBLES_DIFF,"ld (0x00861c),0x0002","ld (0x00861c), 0x0002",stiw_da,f21c8600020200,f21c86000002,1
UNI_ASSEMBLES_DIFF,"ld (0x008640),0x0063","ld (0x008640), 0x0063",stiw_da,f2408600026300,f24086000063,1
UNI_ASSEMBLES_DIFF,"ld (0x0087d0),0x0000","ld (0x0087d0), 0x0000",stiw_da,f2d08700020000,f2d087000000,1
UNI_ASSEMBLES_DIFF,"ld (0x00d772),0x0000","ld (0x00d772), 0x0000",stiw_da,f272d700020000,f272d7000000,1
UNI_ASSEMBLES_DIFF,"ld (0x00d774),0x0000","ld (0x00d774), 0x0000",stiw_da,f274d700020000,f274d7000000,1
UNI_ASSEMBLES_DIFF,"ld (0x00d77c),0x0000","ld (0x00d77c), 0x0000",stiw_da,f27cd700020000,f27cd7000000,1
UNI_ASSEMBLES_DIFF,"ld (0x00d77e),0x0000","ld (0x00d77e), 0x0000",stiw_da,f27ed700020000,f27ed7000000,1
UNI_ASSEMBLES_DIFF,"ld (0x00d780),0x0000","ld (0x00d780), 0x0000",stiw_da,f280d700020000,f280d7000000,1
UNI_ASSEMBLES_DIFF,"ld (0x00d782),0x0000","ld (0x00d782), 0x0000",stiw_da,f282d700020000,f282d7000000,1
UNI_ASSEMBLES_DIFF,"ld (0x00d784),0x0000","ld (0x00d784), 0x0000",stiw_da,f284d700020000,f284d7000000,1
UNI_ASSEMBLES_DIFF,"ld (0x00d786),0x0000","ld (0x00d786), 0x0000",stiw_da,f286d700020000,f286d7000000,1
UNI_ASSEMBLES_DIFF,"ld (0x00d788),0x0000","ld (0x00d788), 0x0000",stiw_da,f288d700020000,f288d7000000,1
UNI_ASSEMBLES_DIFF,"ld (0x00d798),0x001c","ld (0x00d798), 0x001c",stiw_da,f298d700021c00,f298d700001c,1
UNI_ASSEMBLES_DIFF,"ld (0x00d79a),0x002c","ld (0x00d79a), 0x002c",stiw_da,f29ad700022c00,f29ad700002c,1
UNI_ASSEMBLES_DIFF,"ld (0x00d79c),0x001c","ld (0x00d79c), 0x001c",stiw_da,f29cd700021c00,f29cd700001c,1
UNI_ASSEMBLES_DIFF,"ld (0x00e095),0x0008","ld (0x00e095), 0x0008",stiw_da,f295e000020800,f295e0000008,1
UNI_ASSEMBLES_DIFF,"ld (0x00e2df),0x0000","ld (0x00e2df), 0x0000",stiw_da,f2dfe200020000,f2dfe2000000,1
UNI_ASSEMBLES_DIFF,"ld (0x00f2f1),0x0000","ld (0x00f2f1), 0x0000",stiw_da,f2f1f200020000,f2f1f2000000,1
UNI_ASSEMBLES_DIFF,"ld (0x00f2f1),0x000a","ld (0x00f2f1), 0x000a",stiw_da,f2f1f200020a00,f2f1f200000a,1
UNI_ASSEMBLES_DIFF,"ld (0x00f2f9),0x0001","ld (0x00f2f9), 0x0001",stiw_da,f2f9f200020100,f2f9f2000001,1
UNI_ASSEMBLES_DIFF,"ld (0x00f354),0x0000","ld (0x00f354), 0x0000",stiw_da,f254f300020000,f254f3000000,1
UNI_ASSEMBLES_DIFF,"ld (0x00f356),0x0000","ld (0x00f356), 0x0000",stiw_da,f256f300020000,f256f3000000,1
UNI_ASSEMBLES_DIFF,"ld (0x00f358),0x0000","ld (0x00f358), 0x0000",stiw_da,f258f300020000,f258f3000000,1
UNI_ASSEMBLES_DIFF,"ld (0x00f35a),0x0000","ld (0x00f35a), 0x0000",stiw_da,f25af300020000,f25af3000000,1
UNI_ASSEMBLES_DIFF,"ld (0x00f365),0x006c","ld (0x00f365), 0x006c",stiw_da,f265f300026c00,f265f300006c,1
UNI_ASSEMBLES_DIFF,"ld (0x00f367),0x006c","ld (0x00f367), 0x006c",stiw_da,f267f300026c00,f267f300006c,1
UNI_ASSEMBLES_DIFF,"ld (0x00f369),0x006c","ld (0x00f369), 0x006c",stiw_da,f269f300026c00,f269f300006c,1
UNI_ASSEMBLES_DIFF,"ld (0x040c22),0x0000","ld (0x040c22), 0x0000",stiw_da,f2220c04020000,f2220c040000,1
UNI_ASSEMBLES_DIFF,"ld (0x04135a),0x0000","ld (0x04135a), 0x0000",stiw_da,f25a1304020000,f25a13040000,1
UNI_ASSEMBLES_DIFF,"ld (0x0451ce),0x0000","ld (0x0451ce), 0x0000",stiw_da,f2ce5104020000,f2ce51040000,1
UNI_ASSEMBLES_DIFF,"ld (0x0451d2),0x0000","ld (0x0451d2), 0x0000",stiw_da,f2d25104020000,f2d251040000,1
UNI_ASSEMBLES_DIFF,"ld (0x0451d8),0x0040","ld (0x0451d8), 0x0040",stiw_da,f2d85104024000,f2d851040040,1
UNI_ASSEMBLES_DIFF,"ld (0x0451f8),0x0080","ld (0x0451f8), 0x0080",stiw_da,f2f85104028000,f2f851040080,1
UNI_ASSEMBLES_DIFF,"ld (0x0451fa),0x0000","ld (0x0451fa), 0x0000",stiw_da,f2fa5104020000,f2fa51040000,1
UNI_ASSEMBLES_DIFF,"ld (0x0451fc),0x0000","ld (0x0451fc), 0x0000",stiw_da,f2fc5104020000,f2fc51040000,1
UNI_ASSEMBLES_DIFF,"ld (0x0451fe),0x0000","ld (0x0451fe), 0x0000",stiw_da,f2fe5104020000,f2fe51040000,1
UNI_ASSEMBLES_DIFF,"ld (0x045200),0x0000","ld (0x045200), 0x0000",stiw_da,f2005204020000,f20052040000,1
UNI_ASSEMBLES_DIFF,"ld (0x045202),0x0000","ld (0x045202), 0x0000",stiw_da,f2025204020000,f20252040000,1
UNI_ASSEMBLES_DIFF,"ld (0x045206),0x001c","ld (0x045206), 0x001c",stiw_da,f2065204021c00,f2065204001c,1
UNI_ASSEMBLES_DIFF,"ld (0x045208),0x002c","ld (0x045208), 0x002c",stiw_da,f2085204022c00,f2085204002c,1
UNI_ASSEMBLES_DIFF,"ld (0x04520a),0x001c","ld (0x04520a), 0x001c",stiw_da,f20a5204021c00,f20a5204001c,1
UNI_ASSEMBLES_DIFF,"ld (0x0700),0x0000","ld (0x0700), 0x0000",stdi16,f10007020000,f20007000000,1
UNI_ASSEMBLES_DIFF,"ld (0x0702),0x0000","ld (0x0702), 0x0000",stdi16,f10207020000,f20207000000,1
UNI_ASSEMBLES_DIFF,"ld (0x0704),0x0000","ld (0x0704), 0x0000",stdi16,f10407020000,f20407000000,1
UNI_ASSEMBLES_DIFF,"ld (0x0706),0x0000","ld (0x0706), 0x0000",stdi16,f10607020000,f20607000000,1
UNI_ASSEMBLES_DIFF,"ld (0x0708),0x0000","ld (0x0708), 0x0000",stdi16,f10807020000,f20807000000,1
UNI_ASSEMBLES_DIFF,"ld (0x070c),0x0000","ld (0x070c), 0x0000",stdi16,f10c07020000,f20c07000000,1
UNI_ASSEMBLES_DIFF,"ld (0x0c22),0x0001","ld (0x0c22), 0x0001",stdi16,f1220c020100,f2220c000001,1
UNI_ASSEMBLES_DIFF,"ld (0x0c28),0x0001","ld (0x0c28), 0x0001",stdi16,f1280c020100,f2280c000001,1
UNI_ASSEMBLES_DIFF,"ld (0x0c2c),0x0001","ld (0x0c2c), 0x0001",stdi16,f12c0c020100,f22c0c000001,1
UNI_ASSEMBLES_DIFF,"ld (0x0c30),0x002a","ld (0x0c30), 0x002a",stdi16,f1300c022a00,f2300c00002a,1
UNI_ASSEMBLES_DIFF,"ld (0x0c30),0x0032","ld (0x0c30), 0x0032",stdi16,f1300c023200,f2300c000032,1
UNI_ASSEMBLES_DIFF,"ld (0x0c32),0x0001","ld (0x0c32), 0x0001",stdi16,f1320c020100,f2320c000001,1
UNI_ASSEMBLES_DIFF,"ld (0x0c32),0x00b4","ld (0x0c32), 0x00b4",stdi16,f1320c02b400,f2320c0000b4,1
UNI_ASSEMBLES_DIFF,"ld (0x0c32),0x00c8","ld (0x0c32), 0x00c8",stdi16,f1320c02c800,f2320c0000c8,1
UNI_ASSEMBLES_DIFF,"ld (0x0c34),0x0024","ld (0x0c34), 0x0024",stdi16,f1340c022400,f2340c000024,1
UNI_ASSEMBLES_DIFF,"ld (0x0cac),0x0000","ld (0x0cac), 0x0000",stdi16,f1ac0c020000,f2ac0c000000,1
UNI_ASSEMBLES_DIFF,"ld (0x0cae),0x0000","ld (0x0cae), 0x0000",stdi16,f1ae0c020000,f2ae0c000000,1
UNI_ASSEMBLES_DIFF,"ld (0x0cae),0x0001","ld (0x0cae), 0x0001",stdi16,f1ae0c020100,f2ae0c000001,1
UNI_ASSEMBLES_DIFF,"ld (0x0cae),0x0006","ld (0x0cae), 0x0006",stdi16,f1ae0c020600,f2ae0c000006,1
UNI_ASSEMBLES_DIFF,"ld (0x0d34),0x004c","ld (0x0d34), 0x004c",stdi16,f1340d024c00,f2340d00004c,1
UNI_ASSEMBLES_DIFF,"ld (0x0d36),0x004d","ld (0x0d36), 0x004d",stdi16,f1360d024d00,f2360d00004d,1
UNI_ASSEMBLES_DIFF,"ld (0x0d38),0x0008","ld (0x0d38), 0x0008",stdi16,f1380d020800,f2380d000008,1
UNI_ASSEMBLES_DIFF,"ld (0x0d38),0x0009","ld (0x0d38), 0x0009",stdi16,f1380d020900,f2380d000009,1
UNI_ASSEMBLES_DIFF,"ld (0x0d38),0x0012","ld (0x0d38), 0x0012",stdi16,f1380d021200,f2380d000012,1
UNI_ASSEMBLES_DIFF,"ld (0x0d3a),0x0009","ld (0x0d3a), 0x0009",stdi16,f13a0d020900,f23a0d000009,1
UNI_ASSEMBLES_DIFF,"ld (0x0d3a),0x000a","ld (0x0d3a), 0x000a",stdi16,f13a0d020a00,f23a0d00000a,1
UNI_ASSEMBLES_DIFF,"ld (0x0d3a),0x0013","ld (0x0d3a), 0x0013",stdi16,f13a0d021300,f23a0d000013,1
UNI_ASSEMBLES_DIFF,"ld (0x0d52),0x0000","ld (0x0d52), 0x0000",stdi16,f1520d020000,f2520d000000,1
UNI_ASSEMBLES_DIFF,"ld (0x0d58),0x0000","ld (0x0d58), 0x0000",stdi16,f1580d020000,f2580d000000,1
UNI_ASSEMBLES_DIFF,"ld (0x0d58),0x000a","ld (0x0d58), 0x000a",stdi16,f1580d020a00,f2580d00000a,1
UNI_ASSEMBLES_DIFF,"ld (0x0d58),0x0028","ld (0x0d58), 0x0028",stdi16,f1580d022800,f2580d000028,1
UNI_ASSEMBLES_DIFF,"ld (0x0d58),0x004e","ld (0x0d58), 0x004e",stdi16,f1580d024e00,f2580d00004e,1
UNI_ASSEMBLES_DIFF,"ld (0x0d58),0x00d3","ld (0x0d58), 0x00d3",stdi16,f1580d02d300,f2580d0000d3,1
UNI_ASSEMBLES_DIFF,"ld (0x0d58),0x00e0","ld (0x0d58), 0x00e0",stdi16,f1580d02e000,f2580d0000e0,1
UNI_ASSEMBLES_DIFF,"ld (0x0d5a),0x0000","ld (0x0d5a), 0x0000",stdi16,f15a0d020000,f25a0d000000,1
UNI_ASSEMBLES_DIFF,"ld (0x0d5c),0x0000","ld (0x0d5c), 0x0000",stdi16,f15c0d020000,f25c0d000000,1
UNI_ASSEMBLES_DIFF,"ld (0x0dc8),0x0000","ld (0x0dc8), 0x0000",stdi16,f1c80d020000,f2c80d000000,1
UNI_ASSEMBLES_DIFF,"ld (0x0dd8),0x0001","ld (0x0dd8), 0x0001",stdi16,f1d80d020100,f2d80d000001,1
UNI_ASSEMBLES_DIFF,"ld (0x0dde),0x0001","ld (0x0dde), 0x0001",stdi16,f1de0d020100,f2de0d000001,1
UNI_ASSEMBLES_DIFF,"ld (0x0efe),0x0001","ld (0x0efe), 0x0001",stdi16,f1fe0e020100,f2fe0e000001,1
UNI_ASSEMBLES_DIFF,"ld (0x0efe),0x0002","ld (0x0efe), 0x0002",stdi16,f1fe0e020200,f2fe0e000002,1
UNI_ASSEMBLES_DIFF,"ld (0x0f77),0x005c","ld (0x0f77), 0x005c",stdi16,f1770f025c00,f2770f00005c,1
UNI_ASSEMBLES_DIFF,"ld (0x100000),0x0000","ld (0x100000), 0x0000",stiw_da,f2000010020000,f20000100000,1
UNI_ASSEMBLES_DIFF,"ld (0x100000),0x00c0","ld (0x100000), 0x00c0",stiw_da,f200001002c000,f200001000c0,1
UNI_ASSEMBLES_DIFF,"ld (0x100a),0x0001","ld (0x100a), 0x0001",stdi16,f10a10020100,f20a10000001,1
UNI_ASSEMBLES_DIFF,"ld (0x103c),0x0000","ld (0x103c), 0x0000",stdi16,f13c10020000,f23c10000000,1
UNI_ASSEMBLES_DIFF,"ld (0x110002),0x0003","ld (0x110002), 0x0003",stiw_da,f2020011020300,f20200110003,1
UNI_ASSEMBLES_DIFF,"ld (0x2096),0x0002","ld (0x2096), 0x0002",stdi16,f19620020200,f29620000002,1
UNI_ASSEMBLES_DIFF,"ld (0x2096),0x0007","ld (0x2096), 0x0007",stdi16,f19620020700,f29620000007,1
UNI_ASSEMBLES_DIFF,"ld (0x20b2),0x0000","ld (0x20b2), 0x0000",stdi16,f1b220020000,f2b220000000,1
UNI_ASSEMBLES_DIFF,"ld (0x2116),0x0000","ld (0x2116), 0x0000",stdi16,f11621020000,f21621000000,1
UNI_ASSEMBLES_DIFF,"ld (0x2122),0x0000","ld (0x2122), 0x0000",stdi16,f12221020000,f22221000000,1
UNI_ASSEMBLES_DIFF,"ld (0x2128),0x0000","ld (0x2128), 0x0000",stdi16,f12821020000,f22821000000,1
UNI_ASSEMBLES_DIFF,"ld (0x212e),0x0000","ld (0x212e), 0x0000",stdi16,f12e21020000,f22e21000000,1
UNI_ASSEMBLES_DIFF,"ld (0x2134),0x0000","ld (0x2134), 0x0000",stdi16,f13421020000,f23421000000,1
UNI_ASSEMBLES_DIFF,"ld (0x213a),0x0000","ld (0x213a), 0x0000",stdi16,f13a21020000,f23a21000000,1
UNI_ASSEMBLES_DIFF,"ld (0x2160),0x0000","ld (0x2160), 0x0000",stdi16,f16021020000,f26021000000,1
UNI_ASSEMBLES_DIFF,"ld (0x220f),0x0000","ld (0x220f), 0x0000",stdi16,f10f22020000,f20f22000000,1
UNI_ASSEMBLES_DIFF,"ld (0x22a026),0x0020","ld (0x22a026), 0x0020",stiw_da,f226a022022000,f226a0220020,1
UNI_ASSEMBLES_DIFF,"ld (0x22a028),0x0000","ld (0x22a028), 0x0000",stiw_da,f228a022020000,f228a0220000,1
UNI_ASSEMBLES_DIFF,"ld (0x22a02a),0x0001","ld (0x22a02a), 0x0001",stiw_da,f22aa022020100,f22aa0220001,1
UNI_ASSEMBLES_DIFF,"ld (0x22a02a),0x0002","ld (0x22a02a), 0x0002",stiw_da,f22aa022020200,f22aa0220002,1
UNI_ASSEMBLES_DIFF,"ld (0x22a02e),0x001a","ld (0x22a02e), 0x001a",stiw_da,f22ea022021a00,f22ea022001a,1
UNI_ASSEMBLES_DIFF,"ld (0x22a02e),0x0025","ld (0x22a02e), 0x0025",stiw_da,f22ea022022500,f22ea0220025,1
UNI_ASSEMBLES_DIFF,"ld (0x22a0c0),0x0014","ld (0x22a0c0), 0x0014",stiw_da,f2c0a022021400,f2c0a0220014,1
UNI_ASSEMBLES_DIFF,"ld (0x22a0c0),0x005c","ld (0x22a0c0), 0x005c",stiw_da,f2c0a022025c00,f2c0a022005c,1
UNI_ASSEMBLES_DIFF,"ld (0x22a0c8),0x0021","ld (0x22a0c8), 0x0021",stiw_da,f2c8a022022100,f2c8a0220021,1
UNI_ASSEMBLES_DIFF,"ld (0x22a0ca),0x00c5","ld (0x22a0ca), 0x00c5",stiw_da,f2caa02202c500,f2caa02200c5,1
UNI_ASSEMBLES_DIFF,"ld (0x22a0ce),0x00d1","ld (0x22a0ce), 0x00d1",stiw_da,f2cea02202d100,f2cea02200d1,1
UNI_ASSEMBLES_DIFF,"ld (0x22aa5c),0x0000","ld (0x22aa5c), 0x0000",stiw_da,f25caa22020000,f25caa220000,1
UNI_ASSEMBLES_DIFF,"ld (0x22aa5c),0x0001","ld (0x22aa5c), 0x0001",stiw_da,f25caa22020100,f25caa220001,1
UNI_ASSEMBLES_DIFF,"ld (0x22aa5c),0x0002","ld (0x22aa5c), 0x0002",stiw_da,f25caa22020200,f25caa220002,1
UNI_ASSEMBLES_DIFF,"ld (0x22aa5c),0x0003","ld (0x22aa5c), 0x0003",stiw_da,f25caa22020300,f25caa220003,1
UNI_ASSEMBLES_DIFF,"ld (0x22aa5c),0x0004","ld (0x22aa5c), 0x0004",stiw_da,f25caa22020400,f25caa220004,1
UNI_ASSEMBLES_DIFF,"ld (0x22aa5c),0x0005","ld (0x22aa5c), 0x0005",stiw_da,f25caa22020500,f25caa220005,1
UNI_ASSEMBLES_DIFF,"ld (0x22aa5e),0x0000","ld (0x22aa5e), 0x0000",stiw_da,f25eaa22020000,f25eaa220000,1
UNI_ASSEMBLES_DIFF,"ld (0x230430),0x00ff","ld (0x230430), 0x00ff",stiw_da,f230042302ff00,f230042300ff,1
UNI_ASSEMBLES_DIFF,"ld (0x230432),0x0000","ld (0x230432), 0x0000",stiw_da,f2320423020000,f23204230000,1
UNI_ASSEMBLES_DIFF,"ld (0x230434),0x0001","ld (0x230434), 0x0001",stiw_da,f2340423020100,f23404230001,1
UNI_ASSEMBLES_DIFF,"ld (0x230436),0x0000","ld (0x230436), 0x0000",stiw_da,f2360423020000,f23604230000,1
UNI_ASSEMBLES_DIFF,"ld (0x230438),0x0000","ld (0x230438), 0x0000",stiw_da,f2380423020000,f23804230000,1
UNI_ASSEMBLES_DIFF,"ld (0x23043a),0x0000","ld (0x23043a), 0x0000",stiw_da,f23a0423020000,f23a04230000,1
UNI_ASSEMBLES_DIFF,"ld (0x23043c),0x0000","ld (0x23043c), 0x0000",stiw_da,f23c0423020000,f23c04230000,1
UNI_ASSEMBLES_DIFF,"ld (0x2304e0),0x0000","ld (0x2304e0), 0x0000",stiw_da,f2e00423020000,f2e004230000,1
UNI_ASSEMBLES_DIFF,"ld (0x2304e2),0x0000","ld (0x2304e2), 0x0000",stiw_da,f2e20423020000,f2e204230000,1
UNI_ASSEMBLES_DIFF,"ld (0x2304e6),0x0000","ld (0x2304e6), 0x0000",stiw_da,f2e60423020000,f2e604230000,1
UNI_ASSEMBLES_DIFF,"ld (0x2307aa),0x0001","ld (0x2307aa), 0x0001",stiw_da,f2aa0723020100,f2aa07230001,1
UNI_ASSEMBLES_DIFF,"ld (0x2307ac),0x0000","ld (0x2307ac), 0x0000",stiw_da,f2ac0723020000,f2ac07230000,1
UNI_ASSEMBLES_DIFF,"ld (0x2307ac),0x0001","ld (0x2307ac), 0x0001",stiw_da,f2ac0723020100,f2ac07230001,1
UNI_ASSEMBLES_DIFF,"ld (0x2307b0),0x0003","ld (0x2307b0), 0x0003",stiw_da,f2b00723020300,f2b007230003,1
UNI_ASSEMBLES_DIFF,"ld (0x2307b0),0x0006","ld (0x2307b0), 0x0006",stiw_da,f2b00723020600,f2b007230006,1
UNI_ASSEMBLES_DIFF,"ld (0x2307b0),0x0018","ld (0x2307b0), 0x0018",stiw_da,f2b00723021800,f2b007230018,1
UNI_ASSEMBLES_DIFF,"ld (0x2307b2),0x0000","ld (0x2307b2), 0x0000",stiw_da,f2b20723020000,f2b207230000,1
UNI_ASSEMBLES_DIFF,"ld (0x2307b2),0x0001","ld (0x2307b2), 0x0001",stiw_da,f2b20723020100,f2b207230001,1
UNI_ASSEMBLES_DIFF,"ld (0x2307b4),0x0000","ld (0x2307b4), 0x0000",stiw_da,f2b40723020000,f2b407230000,1
UNI_ASSEMBLES_DIFF,"ld (0x2307b4),0x0001","ld (0x2307b4), 0x0001",stiw_da,f2b40723020100,f2b407230001,1
UNI_ASSEMBLES_DIFF,"ld (0x2307b8),0x0000","ld (0x2307b8), 0x0000",stiw_da,f2b80723020000,f2b807230000,1
UNI_ASSEMBLES_DIFF,"ld (0x23086c),0x0000","ld (0x23086c), 0x0000",stiw_da,f26c0823020000,f26c08230000,1
UNI_ASSEMBLES_DIFF,"ld (0x23086e),0x0000","ld (0x23086e), 0x0000",stiw_da,f26e0823020000,f26e08230000,1
UNI_ASSEMBLES_DIFF,"ld (0x230870),0x0000","ld (0x230870), 0x0000",stiw_da,f2700823020000,f27008230000,1
UNI_ASSEMBLES_DIFF,"ld (0x230872),0x0000","ld (0x230872), 0x0000",stiw_da,f2720823020000,f27208230000,1
UNI_ASSEMBLES_DIFF,"ld (0x230e72),0x0000","ld (0x230e72), 0x0000",stiw_da,f2720e23020000,f2720e230000,1
UNI_ASSEMBLES_DIFF,"ld (0x230e74),0x0000","ld (0x230e74), 0x0000",stiw_da,f2740e23020000,f2740e230000,1
UNI_ASSEMBLES_DIFF,"ld (0x230e76),0x0000","ld (0x230e76), 0x0000",stiw_da,f2760e23020000,f2760e230000,1
UNI_ASSEMBLES_DIFF,"ld (0x230e78),0x0000","ld (0x230e78), 0x0000",stiw_da,f2780e23020000,f2780e230000,1
UNI_ASSEMBLES_DIFF,"ld (0x2350),0x002f","ld (0x2350), 0x002f",stdi16,f15023022f00,f2502300002f,1
UNI_ASSEMBLES_DIFF,"ld (0x2352),0x0033","ld (0x2352), 0x0033",stdi16,f15223023300,f25223000033,1
UNI_ASSEMBLES_DIFF,"ld (0x238f2e),0x0000","ld (0x238f2e), 0x0000",stiw_da,f22e8f23020000,f22e8f230000,1
UNI_ASSEMBLES_DIFF,"ld (0x2390f8),0x0000","ld (0x2390f8), 0x0000",stiw_da,f2f89023020000,f2f890230000,1
UNI_ASSEMBLES_DIFF,"ld (0x239486),0x0020","ld (0x239486), 0x0020",stiw_da,f2869423022000,f28694230020,1
UNI_ASSEMBLES_DIFF,"ld (0x239486),0x0030","ld (0x239486), 0x0030",stiw_da,f2869423023000,f28694230030,1
UNI_ASSEMBLES_DIFF,"ld (0x239488),0x0000","ld (0x239488), 0x0000",stiw_da,f2889423020000,f28894230000,1
UNI_ASSEMBLES_DIFF,"ld (0x23a090),0x0000","ld (0x23a090), 0x0000",stiw_da,f290a023020000,f290a0230000,1
UNI_ASSEMBLES_DIFF,"ld (0x23a090),0x0018","ld (0x23a090), 0x0018",stiw_da,f290a023021800,f290a0230018,1
UNI_ASSEMBLES_DIFF,"ld (0x23a090),0x0030","ld (0x23a090), 0x0030",stiw_da,f290a023023000,f290a0230030,1
UNI_ASSEMBLES_DIFF,"ld (0x23a090),0x0048","ld (0x23a090), 0x0048",stiw_da,f290a023024800,f290a0230048,1
UNI_ASSEMBLES_DIFF,"ld (0x23a090),0x0060","ld (0x23a090), 0x0060",stiw_da,f290a023026000,f290a0230060,1
UNI_ASSEMBLES_DIFF,"ld (0x23a092),0x0000","ld (0x23a092), 0x0000",stiw_da,f292a023020000,f292a0230000,1
UNI_ASSEMBLES_DIFF,"ld (0x23a094),0x0000","ld (0x23a094), 0x0000",stiw_da,f294a023020000,f294a0230000,1
UNI_ASSEMBLES_DIFF,"ld (0x23ce),0x0000","ld (0x23ce), 0x0000",stdi16,f1ce23020000,f2ce23000000,1
UNI_ASSEMBLES_DIFF,"ld (0x2530),0x000d","ld (0x2530), 0x000d",stdi16,f13025020d00,f2302500000d,1
UNI_ASSEMBLES_DIFF,"ld (0x2530),0x001a","ld (0x2530), 0x001a",stdi16,f13025021a00,f2302500001a,1
UNI_ASSEMBLES_DIFF,"ld (0x2530),0x0092","ld (0x2530), 0x0092",stdi16,f13025029200,f23025000092,1
UNI_ASSEMBLES_DIFF,"ld (0x2530),0x009b","ld (0x2530), 0x009b",stdi16,f13025029b00,f2302500009b,1
UNI_ASSEMBLES_DIFF,"ld (0x2530),0x00d5","ld (0x2530), 0x00d5",stdi16,f1302502d500,f230250000d5,1
UNI_ASSEMBLES_DIFF,"ld (0x2532),0x0000","ld (0x2532), 0x0000",stdi16,f13225020000,f23225000000,1
UNI_ASSEMBLES_DIFF,"ld (0x2532),0x0002","ld (0x2532), 0x0002",stdi16,f13225020200,f23225000002,1
UNI_ASSEMBLES_DIFF,"ld (0x2532),0x0004","ld (0x2532), 0x0004",stdi16,f13225020400,f23225000004,1
UNI_ASSEMBLES_DIFF,"ld (0x2532),0x0006","ld (0x2532), 0x0006",stdi16,f13225020600,f23225000006,1
UNI_ASSEMBLES_DIFF,"ld (0x2532),0x0018","ld (0x2532), 0x0018",stdi16,f13225021800,f23225000018,1
UNI_ASSEMBLES_DIFF,"ld (0x2532),0x001b","ld (0x2532), 0x001b",stdi16,f13225021b00,f2322500001b,1
UNI_ASSEMBLES_DIFF,"ld (0x2532),0x0021","ld (0x2532), 0x0021",stdi16,f13225022100,f23225000021,1
UNI_ASSEMBLES_DIFF,"ld (0x2532),0x00d8","ld (0x2532), 0x00d8",stdi16,f1322502d800,f232250000d8,1
UNI_ASSEMBLES_DIFF,"ld (0x2534),0x0016","ld (0x2534), 0x0016",stdi16,f13425021600,f23425000016,1
UNI_ASSEMBLES_DIFF,"ld (0x2534),0x00a2","ld (0x2534), 0x00a2",stdi16,f1342502a200,f234250000a2,1
UNI_ASSEMBLES_DIFF,"ld (0x2536),0x0004","ld (0x2536), 0x0004",stdi16,f13625020400,f23625000004,1
UNI_ASSEMBLES_DIFF,"ld (0x2536),0x0013","ld (0x2536), 0x0013",stdi16,f13625021300,f23625000013,1
UNI_ASSEMBLES_DIFF,"ld (0x2536),0x00a7","ld (0x2536), 0x00a7",stdi16,f1362502a700,f236250000a7,1
UNI_ASSEMBLES_DIFF,"ld (0x2536),0x00d8","ld (0x2536), 0x00d8",stdi16,f1362502d800,f236250000d8,1
UNI_ASSEMBLES_DIFF,"ld (0x2536),0x00ef","ld (0x2536), 0x00ef",stdi16,f1362502ef00,f236250000ef,1
UNI_ASSEMBLES_DIFF,"ld (0x2662),0x0000","ld (0x2662), 0x0000",stdi16,f16226020000,f26226000000,1
UNI_ASSEMBLES_DIFF,"ld (0x2824),0x0018","ld (0x2824), 0x0018",stdi16,f12428021800,f22428000018,1
UNI_ASSEMBLES_DIFF,"ld (0x2824),0x0040","ld (0x2824), 0x0040",stdi16,f12428024000,f22428000040,1
UNI_ASSEMBLES_DIFF,"ld (0x2824),0x0080","ld (0x2824), 0x0080",stdi16,f12428028000,f22428000080,1
UNI_ASSEMBLES_DIFF,"ld (0x284f),0x0000","ld (0x284f), 0x0000",stdi16,f14f28020000,f24f28000000,1
UNI_ASSEMBLES_DIFF,"ld (0x2a92),0x004c","ld (0x2a92), 0x004c",stdi16,f1922a024c00,f2922a00004c,1
UNI_ASSEMBLES_DIFF,"ld (0x2b11),0x0000","ld (0x2b11), 0x0000",stdi16,f1112b020000,f2112b000000,1
UNI_ASSEMBLES_DIFF,"ld (0x32e0),0x0006","ld (0x32e0), 0x0006",stdi16,f1e032020600,f2e032000006,1
UNI_ASSEMBLES_DIFF,"ld (0x32e0),0x0009","ld (0x32e0), 0x0009",stdi16,f1e032020900,f2e032000009,1
UNI_ASSEMBLES_DIFF,"ld (0x32e2),0x0030","ld (0x32e2), 0x0030",stdi16,f1e232023000,f2e232000030,1
UNI_ASSEMBLES_DIFF,"ld (0x32e2),0x0048","ld (0x32e2), 0x0048",stdi16,f1e232024800,f2e232000048,1
UNI_ASSEMBLES_DIFF,"ld (0x33ad),0x0006","ld (0x33ad), 0x0006",stdi16,f1ad33020600,f2ad33000006,1
UNI_ASSEMBLES_DIFF,"ld (0x33e0),0x0000","ld (0x33e0), 0x0000",stdi16,f1e033020000,f2e033000000,1
UNI_ASSEMBLES_DIFF,"ld (0x33e2),0x0000","ld (0x33e2), 0x0000",stdi16,f1e233020000,f2e233000000,1
UNI_ASSEMBLES_DIFF,"ld (0x33e4),0x0000","ld (0x33e4), 0x0000",stdi16,f1e433020000,f2e433000000,1
UNI_ASSEMBLES_DIFF,"ld (0x33e4),0x0060","ld (0x33e4), 0x0060",stdi16,f1e433026000,f2e433000060,1
UNI_ASSEMBLES_DIFF,"ld (0x33fe),0x0000","ld (0x33fe), 0x0000",stdi16,f1fe33020000,f2fe33000000,1
UNI_ASSEMBLES_DIFF,"ld (0x3438),0x00be","ld (0x3438), 0x00be",stdi16,f1383402be00,f238340000be,1
UNI_ASSEMBLES_DIFF,"ld (0x3574),0x0000","ld (0x3574), 0x0000",stdi16,f17435020000,f27435000000,1
UNI_ASSEMBLES_DIFF,"ld (0x361e),0x0001","ld (0x361e), 0x0001",stdi16,f11e36020100,f21e36000001,1
UNI_ASSEMBLES_DIFF,"ld (0x3620),0x0001","ld (0x3620), 0x0001",stdi16,f12036020100,f22036000001,1
UNI_ASSEMBLES_DIFF,"ld (0x3622),0x0001","ld (0x3622), 0x0001",stdi16,f12236020100,f22236000001,1
UNI_ASSEMBLES_DIFF,"ld (0x3624),0x0001","ld (0x3624), 0x0001",stdi16,f12436020100,f22436000001,1
UNI_ASSEMBLES_DIFF,"ld (0x36ab),0x0001","ld (0x36ab), 0x0001",stdi16,f1ab36020100,f2ab36000001,1
UNI_ASSEMBLES_DIFF,"ld (0x374a),0x0001","ld (0x374a), 0x0001",stdi16,f14a37020100,f24a37000001,1
UNI_ASSEMBLES_DIFF,"ld (0x384c),0x0000","ld (0x384c), 0x0000",stdi16,f14c38020000,f24c38000000,1
UNI_ASSEMBLES_DIFF,"ld (0x38b0),0x0000","ld (0x38b0), 0x0000",stdi16,f1b038020000,f2b038000000,1
UNI_ASSEMBLES_DIFF,"ld (0x38b0),0x00ff","ld (0x38b0), 0x00ff",stdi16,f1b03802ff00,f2b0380000ff,1
UNI_ASSEMBLES_DIFF,"ld (0x38d6),0x0096","ld (0x38d6), 0x0096",stdi16,f1d638029600,f2d638000096,1
UNI_ASSEMBLES_DIFF,"ld (0x38e6),0x0005","ld (0x38e6), 0x0005",stdi16,f1e638020500,f2e638000005,1
UNI_ASSEMBLES_DIFF,"ld (0x38ee),0x0001","ld (0x38ee), 0x0001",stdi16,f1ee38020100,f2ee38000001,1
UNI_ASSEMBLES_DIFF,"ld (0x38f0),0x0001","ld (0x38f0), 0x0001",stdi16,f1f038020100,f2f038000001,1
UNI_ASSEMBLES_DIFF,"ld (0x3b64),0x0000","ld (0x3b64), 0x0000",stdi16,f1643b020000,f2643b000000,1
UNI_ASSEMBLES_DIFF,"ld (0x448e),0x0001","ld (0x448e), 0x0001",stdi16,f18e44020100,f28e44000001,1
UNI_ASSEMBLES_DIFF,"ld (0x4492),0x0000","ld (0x4492), 0x0000",stdi16,f19244020000,f29244000000,1
UNI_ASSEMBLES_DIFF,"ld (0x454a),0x0000","ld (0x454a), 0x0000",stdi16,f14a45020000,f24a45000000,1
UNI_ASSEMBLES_DIFF,"ld (0x45b0),0x0001","ld (0x45b0), 0x0001",stdi16,f1b045020100,f2b045000001,1
UNI_ASSEMBLES_DIFF,"ld (0x45b2),0x0000","ld (0x45b2), 0x0000",stdi16,f1b245020000,f2b245000000,1
UNI_ASSEMBLES_DIFF,"ld (0x45b4),0x0000","ld (0x45b4), 0x0000",stdi16,f1b445020000,f2b445000000,1
UNI_ASSEMBLES_DIFF,"ld (0x45b6),0x0000","ld (0x45b6), 0x0000",stdi16,f1b645020000,f2b645000000,1
UNI_ASSEMBLES_DIFF,"ld (0x45b8),0x0000","ld (0x45b8), 0x0000",stdi16,f1b845020000,f2b845000000,1
UNI_ASSEMBLES_DIFF,"ld (0x45ba),0x0000","ld (0x45ba), 0x0000",stdi16,f1ba45020000,f2ba45000000,1
UNI_ASSEMBLES_DIFF,"ld (0x45c8),0x0000","ld (0x45c8), 0x0000",stdi16,f1c845020000,f2c845000000,1
UNI_ASSEMBLES_DIFF,"ld (0x493a),0x0001","ld (0x493a), 0x0001",stdi16,f13a49020100,f23a49000001,1
UNI_ASSEMBLES_DIFF,"ld (0x493e),0x0000","ld (0x493e), 0x0000",stdi16,f13e49020000,f23e49000000,1
UNI_ASSEMBLES_DIFF,"ld (0x493e),0x0001","ld (0x493e), 0x0001",stdi16,f13e49020100,f23e49000001,1
UNI_ASSEMBLES_DIFF,"ld (0x601f3b),0x0002","ld (0x601f3b), 0x0002",stiw_da,f23b1f60020200,f23b1f600002,1
UNI_ASSEMBLES_DIFF,"ld (0x601f49),0x000a","ld (0x601f49), 0x000a",stiw_da,f2491f60020a00,f2491f60000a,1
UNI_ASSEMBLES_DIFF,"ld (0x601f4b),0x0026","ld (0x601f4b), 0x0026",stiw_da,f24b1f60022600,f24b1f600026,1
UNI_ASSEMBLES_DIFF,"ld (0x601f4d),0x0001","ld (0x601f4d), 0x0001",stiw_da,f24d1f60020100,f24d1f600001,1
UNI_ASSEMBLES_DIFF,"ld (0x601f4f),0x0030","ld (0x601f4f), 0x0030",stiw_da,f24f1f60023000,f24f1f600030,1
UNI_ASSEMBLES_DIFF,"ld (0x601f51),0x0030","ld (0x601f51), 0x0030",stiw_da,f2511f60023000,f2511f600030,1
UNI_ASSEMBLES_DIFF,"ld (0x601f71),0x0028","ld (0x601f71), 0x0028",stiw_da,f2711f60022800,f2711f600028,1
UNI_ASSEMBLES_DIFF,"ld (0x601f73),0x0005","ld (0x601f73), 0x0005",stiw_da,f2731f60020500,f2731f600005,1
UNI_ASSEMBLES_DIFF,"ld (0x602498),0x0000","ld (0x602498), 0x0000",stiw_da,f2982460020000,f29824600000,1
UNI_ASSEMBLES_DIFF,"ld (0x6034c1),0x0001","ld (0x6034c1), 0x0001",stiw_da,f2c13460020100,f2c134600001,1
UNI_ASSEMBLES_DIFF,"ld (0x6034c3),0x0002","ld (0x6034c3), 0x0002",stiw_da,f2c33460020200,f2c334600002,1
UNI_ASSEMBLES_DIFF,"ld (0x6034c8),0x0000","ld (0x6034c8), 0x0000",stiw_da,f2c83460020000,f2c834600000,1
UNI_ASSEMBLES_DIFF,"ld (0x605149),0x0000","ld (0x605149), 0x0000",stiw_da,f2495160020000,f24951600000,1
UNI_ASSEMBLES_DIFF,"ld (0x60514b),0x0000","ld (0x60514b), 0x0000",stiw_da,f24b5160020000,f24b51600000,1
UNI_ASSEMBLES_DIFF,"ld (0x605a06),0x0000","ld (0x605a06), 0x0000",stiw_da,f2065a60020000,f2065a600000,1
UNI_ASSEMBLES_DIFF,"ld (0x605aef),0x004c","ld (0x605aef), 0x004c",stiw_da,f2ef5a60024c00,f2ef5a60004c,1
UNI_ASSEMBLES_DIFF,"ld (0x605af1),0x004d","ld (0x605af1), 0x004d",stiw_da,f2f15a60024d00,f2f15a60004d,1
UNI_ASSEMBLES_DIFF,"ld (0x605af5),0x0008","ld (0x605af5), 0x0008",stiw_da,f2f55a60020800,f2f55a600008,1
UNI_ASSEMBLES_DIFF,"ld (0x605af5),0x0009","ld (0x605af5), 0x0009",stiw_da,f2f55a60020900,f2f55a600009,1
UNI_ASSEMBLES_DIFF,"ld (0x605af5),0x0012","ld (0x605af5), 0x0012",stiw_da,f2f55a60021200,f2f55a600012,1
UNI_ASSEMBLES_DIFF,"ld (0x605af7),0x0009","ld (0x605af7), 0x0009",stiw_da,f2f75a60020900,f2f75a600009,1
UNI_ASSEMBLES_DIFF,"ld (0x605af7),0x000a","ld (0x605af7), 0x000a",stiw_da,f2f75a60020a00,f2f75a60000a,1
UNI_ASSEMBLES_DIFF,"ld (0x605af7),0x0013","ld (0x605af7), 0x0013",stiw_da,f2f75a60021300,f2f75a600013,1
UNI_ASSEMBLES_DIFF,"ld (0x605d36),0x0000","ld (0x605d36), 0x0000",stiw_da,f2365d60020000,f2365d600000,1
UNI_ASSEMBLES_DIFF,"ld (0x605d36),0x0005","ld (0x605d36), 0x0005",stiw_da,f2365d60020500,f2365d600005,1
UNI_ASSEMBLES_DIFF,"ld (0x605d3e),0x0005","ld (0x605d3e), 0x0005",stiw_da,f23e5d60020500,f23e5d600005,1
UNI_ASSEMBLES_DIFF,"ld (0x605d3e),0x000b","ld (0x605d3e), 0x000b",stiw_da,f23e5d60020b00,f23e5d60000b,1
UNI_ASSEMBLES_DIFF,"ld (0x605d3e),0x0013","ld (0x605d3e), 0x0013",stiw_da,f23e5d60021300,f23e5d600013,1
UNI_ASSEMBLES_DIFF,"ld (0x605d40),0x000b","ld (0x605d40), 0x000b",stiw_da,f2405d60020b00,f2405d60000b,1
UNI_ASSEMBLES_DIFF,"ld (0x605d40),0x0012","ld (0x605d40), 0x0012",stiw_da,f2405d60021200,f2405d600012,1
UNI_ASSEMBLES_DIFF,"ld (0x605d40),0x0021","ld (0x605d40), 0x0021",stiw_da,f2405d60022100,f2405d600021,1
UNI_ASSEMBLES_DIFF,"ld (0x605d54),0x0008","ld (0x605d54), 0x0008",stiw_da,f2545d60020800,f2545d600008,1
UNI_ASSEMBLES_DIFF,"ld (0x605d54),0x0012","ld (0x605d54), 0x0012",stiw_da,f2545d60021200,f2545d600012,1
UNI_ASSEMBLES_DIFF,"ld (0x605d62),0x0004","ld (0x605d62), 0x0004",stiw_da,f2625d60020400,f2625d600004,1
UNI_ASSEMBLES_DIFF,"ld (0x605d68),0x0002","ld (0x605d68), 0x0002",stiw_da,f2685d60020200,f2685d600002,1
UNI_ASSEMBLES_DIFF,"ld (0x60f080),0x007a","ld (0x60f080), 0x007a",stiw_da,f280f060027a00,f280f060007a,1
UNI_ASSEMBLES_DIFF,"ld (0x7eac),0x0000","ld (0x7eac), 0x0000",stdi16,f1ac7e020000,f2ac7e000000,1
UNI_ASSEMBLES_DIFF,"ld (0x7ec8),0x0000","ld (0x7ec8), 0x0000",stdi16,f1c87e020000,f2c87e000000,1
UNI_ASSEMBLES_DIFF,"ld (0x7eca),0x0001","ld (0x7eca), 0x0001",stdi16,f1ca7e020100,f2ca7e000001,1
UNI_ASSEMBLES_DIFF,"ld (0x7ede),0x0000","ld (0x7ede), 0x0000",stdi16,f1de7e020000,f2de7e000000,1
UNI_ASSEMBLES_DIFF,"ld (0x7ee4),0x0000","ld (0x7ee4), 0x0000",stdi16,f1e47e020000,f2e47e000000,1
UNI_ASSEMBLES_DIFF,"ld (0x8110),0x0000","ld (0x8110), 0x0000",stdi16,f11081020000,f21081000000,1
UNI_ASSEMBLES_DIFF,"ld (0x8118),0x0000","ld (0x8118), 0x0000",stdi16,f11881020000,f21881000000,1
UNI_ASSEMBLES_DIFF,"ld (0x8164),0x0000","ld (0x8164), 0x0000",stdi16,f16481020000,f26481000000,1
UNI_ASSEMBLES_DIFF,"ld (0x823c),0x0000","ld (0x823c), 0x0000",stdi16,f13c82020000,f23c82000000,1
UNI_ASSEMBLES_DIFF,"ld (0x8342),0x0000","ld (0x8342), 0x0000",stdi16,f14283020000,f24283000000,1
UNI_ASSEMBLES_DIFF,"ld (0x83a6),0x0000","ld (0x83a6), 0x0000",stdi16,f1a683020000,f2a683000000,1
UNI_ASSEMBLES_DIFF,"ld (0x8406),0x0000","ld (0x8406), 0x0000",stdi16,f10684020000,f20684000000,1
UNI_ASSEMBLES_DIFF,"ld (0x895a),0x0000","ld (0x895a), 0x0000",stdi16,f15a89020000,f25a89000000,1
UNI_ASSEMBLES_DIFF,"ld (0x8a6a),0x004c","ld (0x8a6a), 0x004c",stdi16,f16a8a024c00,f26a8a00004c,1
UNI_ASSEMBLES_DIFF,"ld (0x8a6c),0x004d","ld (0x8a6c), 0x004d",stdi16,f16c8a024d00,f26c8a00004d,1
UNI_ASSEMBLES_DIFF,"ld (0x8a6e),0x0008","ld (0x8a6e), 0x0008",stdi16,f16e8a020800,f26e8a000008,1
UNI_ASSEMBLES_DIFF,"ld (0x8a6e),0x0009","ld (0x8a6e), 0x0009",stdi16,f16e8a020900,f26e8a000009,1
UNI_ASSEMBLES_DIFF,"ld (0x8a6e),0x0012","ld (0x8a6e), 0x0012",stdi16,f16e8a021200,f26e8a000012,1
UNI_ASSEMBLES_DIFF,"ld (0x8a70),0x0009","ld (0x8a70), 0x0009",stdi16,f1708a020900,f2708a000009,1
UNI_ASSEMBLES_DIFF,"ld (0x8a70),0x000a","ld (0x8a70), 0x000a",stdi16,f1708a020a00,f2708a00000a,1
UNI_ASSEMBLES_DIFF,"ld (0x8a70),0x0013","ld (0x8a70), 0x0013",stdi16,f1708a021300,f2708a000013,1
UNI_ASSEMBLES_DIFF,"ld (0x8a88),0x0000","ld (0x8a88), 0x0000",stdi16,f1888a020000,f2888a000000,1
UNI_ASSEMBLES_DIFF,"ld (0x8a8e),0x0000","ld (0x8a8e), 0x0000",stdi16,f18e8a020000,f28e8a000000,1
UNI_ASSEMBLES_DIFF,"ld (0x8a8e),0x000a","ld (0x8a8e), 0x000a",stdi16,f18e8a020a00,f28e8a00000a,1
UNI_ASSEMBLES_DIFF,"ld (0x8a8e),0x0028","ld (0x8a8e), 0x0028",stdi16,f18e8a022800,f28e8a000028,1
UNI_ASSEMBLES_DIFF,"ld (0x8a8e),0x004e","ld (0x8a8e), 0x004e",stdi16,f18e8a024e00,f28e8a00004e,1
UNI_ASSEMBLES_DIFF,"ld (0x8a8e),0x00d3","ld (0x8a8e), 0x00d3",stdi16,f18e8a02d300,f28e8a0000d3,1
UNI_ASSEMBLES_DIFF,"ld (0x8a8e),0x00e0","ld (0x8a8e), 0x00e0",stdi16,f18e8a02e000,f28e8a0000e0,1
UNI_ASSEMBLES_DIFF,"ld (0x8a90),0x0000","ld (0x8a90), 0x0000",stdi16,f1908a020000,f2908a000000,1
UNI_ASSEMBLES_DIFF,"ld (0x8a92),0x0000","ld (0x8a92), 0x0000",stdi16,f1928a020000,f2928a000000,1
UNI_ASSEMBLES_DIFF,"ld (0x8d61),0x0000","ld (0x8d61), 0x0000",stdi16,f1618d020000,f2618d000000,1
UNI_ASSEMBLES_DIFF,"ld (0x8d63),0x0000","ld (0x8d63), 0x0000",stdi16,f1638d020000,f2638d000000,1
UNI_ASSEMBLES_DIFF,"ld (0x8e9e),0x0000","ld (0x8e9e), 0x0000",stdi16,f19e8e020000,f29e8e000000,1
UNI_ASSEMBLES_DIFF,"ld (0x8ea2),0x0000","ld (0x8ea2), 0x0000",stdi16,f1a28e020000,f2a28e000000,1
UNI_ASSEMBLES_DIFF,"ld (0x8ea6),0x0000","ld (0x8ea6), 0x0000",stdi16,f1a68e020000,f2a68e000000,1
UNI_ASSEMBLES_DIFF,"ld (0x8eaa),0x0000","ld (0x8eaa), 0x0000",stdi16,f1aa8e020000,f2aa8e000000,1
UNI_ASSEMBLES_DIFF,"ld (0x908b),0x00b0","ld (0x908b), 0x00b0",stdi16,f18b9002b000,f28b900000b0,1
UNI_ASSEMBLES_DIFF,"ld (0xd00c),0x0000","ld (0xd00c), 0x0000",stdi16,f10cd0020000,f20cd0000000,1
UNI_ASSEMBLES_DIFF,"ld (0xd00e),0x0000","ld (0xd00e), 0x0000",stdi16,f10ed0020000,f20ed0000000,1
UNI_ASSEMBLES_DIFF,"ld (0xd812),0x0000","ld (0xd812), 0x0000",stdi16,f112d8020000,f212d8000000,1
UNI_ASSEMBLES_DIFF,"ld (0xd814),0x0000","ld (0xd814), 0x0000",stdi16,f114d8020000,f214d8000000,1
UNI_ASSEMBLES_DIFF,"ld (0xe91f),0x0000","ld (0xe91f), 0x0000",stdi16,f11fe9020000,f21fe9000000,1
UNI_ASSEMBLES_DIFF,"ld (0xe929),0x0000","ld (0xe929), 0x0000",stdi16,f129e9020000,f229e9000000,1
UNI_ASSEMBLES_DIFF,"ld (0xe92b),0x0000","ld (0xe92b), 0x0000",stdi16,f12be9020000,f22be9000000,1
UNI_ASSEMBLES_DIFF,"ld (0xf012),0x0000","ld (0xf012), 0x0000",stdi16,f112f0020000,f212f0000000,1
UNI_ASSEMBLES_DIFF,"ld (XBC),0x0010","ld (XBC), 0x0010",extpfx4,b1021000,b10010,1
UNI_ASSEMBLES_DIFF,"ld (XBC),0x00f0","ld (XBC), 0x00f0",extpfx4,b102f000,b100f0,1
UNI_ASSEMBLES_DIFF,"ld (XBC+0x0089),0x0008","ld (XBC+0x0089), 0x0008",extpfx7,f3e58900020800,f3e589000008,1
UNI_ASSEMBLES_DIFF,"ld (XBC+0x00cd),0x0008","ld (XBC+0x00cd), 0x0008",extpfx7,f3e5cd00020800,f3e5cd000008,1
UNI_ASSEMBLES_DIFF,"ld (XBC+0x01),0x0000","ld (XBC+0x01), 0x0000",extpfx5,b901020000,b9010000,1
UNI_ASSEMBLES_DIFF,"ld (XBC+0x01),0x0001","ld (XBC+0x01), 0x0001",ldw,b901020100,b9010001,1
UNI_ASSEMBLES_DIFF,"ld (XBC+0x03),0x0000","ld (XBC+0x03), 0x0000",extpfx5,b903020000,b9030000,1
UNI_ASSEMBLES_DIFF,"ld (XBC+0x04),0x004c","ld (XBC+0x04), 0x004c",ldw,b904024c00,b904004c,1
UNI_ASSEMBLES_DIFF,"ld (XBC+0x04),0x0090","ld (XBC+0x04), 0x0090",ldw,b904029000,b9040090,1
UNI_ASSEMBLES_DIFF,"ld (XBC+0x05),0x0000","ld (XBC+0x05), 0x0000",extpfx5,b905020000,b9050000,1
UNI_ASSEMBLES_DIFF,"ld (XBC+0x07),0x0000","ld (XBC+0x07), 0x0000",extpfx5,b907020000,b9070000,1
UNI_ASSEMBLES_DIFF,"ld (XBC+0x09),0x0000","ld (XBC+0x09), 0x0000",extpfx5,b909020000,b9090000,1
UNI_ASSEMBLES_DIFF,"ld (XBC+0x0b),0x0000","ld (XBC+0x0b), 0x0000",extpfx5,b90b020000,b90b0000,1
UNI_ASSEMBLES_DIFF,"ld (XBC+0x0c),0x0000","ld (XBC+0x0c), 0x0000",extpfx5,b90c020000,b90c0000,1
UNI_ASSEMBLES_DIFF,"ld (XBC+0x0d),0x0000","ld (XBC+0x0d), 0x0000",extpfx5,b90d020000,b90d0000,1
UNI_ASSEMBLES_DIFF,"ld (XBC+0x0f),0x0000","ld (XBC+0x0f), 0x0000",extpfx5,b90f020000,b90f0000,1
UNI_ASSEMBLES_DIFF,"ld (XBC+0x1523),0x0000","ld (XBC+0x1523), 0x0000",extpfx7,f3e52315020000,f3e523150000,1
UNI_ASSEMBLES_DIFF,"ld (XBC+0x1523),0x002c","ld (XBC+0x1523), 0x002c",extpfx7,f3e52315022c00,f3e52315002c,1
UNI_ASSEMBLES_DIFF,"ld (XBC+0x18),0x0000","ld (XBC+0x18), 0x0000",extpfx5,b918020000,b9180000,1
UNI_ASSEMBLES_DIFF,"ld (XBC+0x2f),0x0000","ld (XBC+0x2f), 0x0000",ldw,b92f020000,b92f0000,1
UNI_ASSEMBLES_DIFF,"ld (XBC+0x31),0x00ff","ld (XBC+0x31), 0x00ff",ldw,b93102ff00,b93100ff,1
UNI_ASSEMBLES_DIFF,"ld (XBC+0x38),0x0000","ld (XBC+0x38), 0x0000",ldw,b938020000,b9380000,1
UNI_ASSEMBLES_DIFF,"ld (XBC+0x3a),0x0000","ld (XBC+0x3a), 0x0000",ldw,b93a020000,b93a0000,1
UNI_ASSEMBLES_DIFF,"ld (XBC+0x3bcf),0x0000","ld (XBC+0x3bcf), 0x0000",extpfx7,f3e5cf3b020000,f3e5cf3b0000,1
UNI_ASSEMBLES_DIFF,"ld (XBC+0x4000),0x0030","ld (XBC+0x4000), 0x0030",extpfx7,f3e50040023000,f3e500400030,1
UNI_ASSEMBLES_DIFF,"ld (XBC+0x45),0x0008","ld (XBC+0x45), 0x0008",extpfx5,b945020800,b9450008,1
UNI_ASSEMBLES_DIFF,"ld (XBC+0x5554),0x0055","ld (XBC+0x5554), 0x0055",extpfx7,f3e55455025500,f3e554550055,1
UNI_ASSEMBLES_DIFF,"ld (XBC+0x6000),0x0030","ld (XBC+0x6000), 0x0030",extpfx7,f3e50060023000,f3e500600030,1
UNI_ASSEMBLES_DIFF,"ld (XDE),0x000f","ld (XDE), 0x000f",ldw,b2020f00,b2000f,1
UNI_ASSEMBLES_DIFF,"ld (XDE),0x0063","ld (XDE), 0x0063",ldw,b2026300,b20063,1
UNI_ASSEMBLES_DIFF,"ld (XDE+0x0c),0x0000","ld (XDE+0x0c), 0x0000",ldw,ba0c020000,ba0c0000,1
UNI_ASSEMBLES_DIFF,"ld (XHL+0x02),0x0004","ld (XHL+0x02), 0x0004",ldw,bb02020400,bb020004,1
UNI_ASSEMBLES_DIFF,"ld (XHL+0x1d),0x0000","ld (XHL+0x1d), 0x0000",extpfx5,bb1d020000,bb1d0000,1
UNI_ASSEMBLES_DIFF,"ld (XHL+0x1f),0x0000","ld (XHL+0x1f), 0x0000",extpfx5,bb1f020000,bb1f0000,1
UNI_ASSEMBLES_DIFF,"ld (XHL+0x21),0x0000","ld (XHL+0x21), 0x0000",extpfx5,bb21020000,bb210000,1
UNI_ASSEMBLES_DIFF,"ld (XHL+0x23),0x0000","ld (XHL+0x23), 0x0000",extpfx5,bb23020000,bb230000,1
UNI_ASSEMBLES_DIFF,"ld (XHL+0x25),0x0000","ld (XHL+0x25), 0x0000",extpfx5,bb25020000,bb250000,1
UNI_ASSEMBLES_DIFF,"ld (XHL+0x27),0x0000","ld (XHL+0x27), 0x0000",extpfx5,bb27020000,bb270000,1
UNI_ASSEMBLES_DIFF,"ld (XHL+0x29),0x0000","ld (XHL+0x29), 0x0000",extpfx5,bb29020000,bb290000,1
UNI_ASSEMBLES_DIFF,"ld (XHL+0x2f),0x0000","ld (XHL+0x2f), 0x0000",extpfx5,bb2f020000,bb2f0000,1
UNI_ASSEMBLES_DIFF,"ld (XHL+0x31),0x0000","ld (XHL+0x31), 0x0000",extpfx5,bb31020000,bb310000,1
UNI_ASSEMBLES_DIFF,"ld (XHL+0x33),0x0000","ld (XHL+0x33), 0x0000",extpfx5,bb33020000,bb330000,1
UNI_ASSEMBLES_DIFF,"ld (XIX+0x01),0x0000","ld (XIX+0x01), 0x0000",extpfx5,bc01020000,bc010000,1
UNI_ASSEMBLES_DIFF,"ld (XIX+0x01),0x0001","ld (XIX+0x01), 0x0001",extpfx5,bc01020100,bc010001,1
UNI_ASSEMBLES_DIFF,"ld (XIX+0x03),0x0000","ld (XIX+0x03), 0x0000",extpfx5,bc03020000,bc030000,1
UNI_ASSEMBLES_DIFF,"ld (XIX+0x03),0x00ff","ld (XIX+0x03), 0x00ff",extpfx5,bc0302ff00,bc0300ff,1
UNI_ASSEMBLES_DIFF,"ld (XIX+0x06),0x0000","ld (XIX+0x06), 0x0000",extpfx5,bc06020000,bc060000,1
UNI_ASSEMBLES_DIFF,"ld (XIX+0x0c),0x0040","ld (XIX+0x0c), 0x0040",extpfx5,bc0c024000,bc0c0040,1
UNI_ASSEMBLES_DIFF,"ld (XIX+0x10),0x0000","ld (XIX+0x10), 0x0000",extpfx5,bc10020000,bc100000,1
UNI_ASSEMBLES_DIFF,"ld (XIX+0x12),0x0000","ld (XIX+0x12), 0x0000",extpfx5,bc12020000,bc120000,1
UNI_ASSEMBLES_DIFF,"ld (XIX+0x14),0x0000","ld (XIX+0x14), 0x0000",extpfx5,bc14020000,bc140000,1
UNI_ASSEMBLES_DIFF,"ld (XIX+0x16),0x0000","ld (XIX+0x16), 0x0000",extpfx5,bc16020000,bc160000,1
UNI_ASSEMBLES_DIFF,"ld (XIX+0x1b),0x0000","ld (XIX+0x1b), 0x0000",extpfx5,bc1b020000,bc1b0000,1
UNI_ASSEMBLES_DIFF,"ld (XIX+0x1e),0x0000","ld (XIX+0x1e), 0x0000",extpfx5,bc1e020000,bc1e0000,1
UNI_ASSEMBLES_DIFF,"ld (XIX+0x20),0x0000","ld (XIX+0x20), 0x0000",extpfx5,bc20020000,bc200000,1
UNI_ASSEMBLES_DIFF,"ld (XIX+0x22),0x0000","ld (XIX+0x22), 0x0000",extpfx5,bc22020000,bc220000,1
UNI_ASSEMBLES_DIFF,"ld (XIX+0x24),0x0000","ld (XIX+0x24), 0x0000",extpfx5,bc24020000,bc240000,1
UNI_ASSEMBLES_DIFF,"ld (XIX+0x26),0x0000","ld (XIX+0x26), 0x0000",extpfx5,bc26020000,bc260000,1
UNI_ASSEMBLES_DIFF,"ld (XIX+0x28),0x0000","ld (XIX+0x28), 0x0000",extpfx5,bc28020000,bc280000,1
UNI_ASSEMBLES_DIFF,"ld (XIX+0x2a),0x0000","ld (XIX+0x2a), 0x0000",extpfx5,bc2a020000,bc2a0000,1
UNI_ASSEMBLES_DIFF,"ld (XIX+0x2b),0x0000","ld (XIX+0x2b), 0x0000",extpfx5,bc2b020000,bc2b0000,1
UNI_ASSEMBLES_DIFF,"ld (XIX+0x2d),0x00ff","ld (XIX+0x2d), 0x00ff",extpfx5,bc2d02ff00,bc2d00ff,1
UNI_ASSEMBLES_DIFF,"ld (XIX+0x30),0x0000","ld (XIX+0x30), 0x0000",extpfx5,bc30020000,bc300000,1
UNI_ASSEMBLES_DIFF,"ld (XIX+0x5554),0x0055","ld (XIX+0x5554), 0x0055",extpfx7,f3f15455025500,f3f154550055,1
UNI_ASSEMBLES_DIFF,"ld (XIZ+0x01),0x0000","ld (XIZ+0x01), 0x0000",ldw,be01020000,be010000,1
UNI_ASSEMBLES_DIFF,"ld (XIZ+0x01),0x0008","ld (XIZ+0x01), 0x0008",ldw,be01020800,be010008,1
UNI_ASSEMBLES_DIFF,"ld (XIZ+0x0120),0x0000","ld (XIZ+0x0120), 0x0000",ldw,f3f92001020000,f3f920010000,1
UNI_ASSEMBLES_DIFF,"ld (XIZ+0x03),0x0000","ld (XIZ+0x03), 0x0000",ldw,be03020000,be030000,1
UNI_ASSEMBLES_DIFF,"ld (XIZ+0x03),0x00ff","ld (XIZ+0x03), 0x00ff",ldw,be0302ff00,be0300ff,1
UNI_ASSEMBLES_DIFF,"ld (XIZ+0x31),0x00ff","ld (XIZ+0x31), 0x00ff",ldw,be3102ff00,be3100ff,1
UNI_ASSEMBLES_DIFF,"ld (XIZ+0x36),0x0000","ld (XIZ+0x36), 0x0000",ldw,be36020000,be360000,1
UNI_ASSEMBLES_DIFF,"ld (XIZ+0x38),0x0000","ld (XIZ+0x38), 0x0000",ldw,be38020000,be380000,1
UNI_ASSEMBLES_DIFF,"ld (XIZ+0x3a),0x0000","ld (XIZ+0x3a), 0x0000",ldw,be3a020000,be3a0000,1
UNI_ASSEMBLES_DIFF,"ld (XSP+0x02),0x0020","ld (XSP+0x02), 0x0020",ldw,bf02022000,bf020020,1
UNI_ASSEMBLES_DIFF,"ld (XSP+0x02),0x0024","ld (XSP+0x02), 0x0024",ldw,bf02022400,bf020024,1
UNI_ASSEMBLES_DIFF,"ld (XSP+0x04),0x0002","ld (XSP+0x04), 0x0002",ldw,bf04020200,bf040002,1
UNI_ASSEMBLES_DIFF,"ld (XSP+0x04),0x0008","ld (XSP+0x04), 0x0008",ldw,bf04020800,bf040008,1
UNI_ASSEMBLES_DIFF,"ld (XSP+0x04),0x0024","ld (XSP+0x04), 0x0024",ldw,bf04022400,bf040024,1
UNI_ASSEMBLES_DIFF,"ld (XSP+0x04),0x0027","ld (XSP+0x04), 0x0027",ldw,bf04022700,bf040027,1
UNI_ASSEMBLES_DIFF,"ld (XSP+0x04),0x0038","ld (XSP+0x04), 0x0038",ldw,bf04023800,bf040038,1
UNI_ASSEMBLES_DIFF,"ld (XSP+0x04),0x004d","ld (XSP+0x04), 0x004d",ldw,bf04024d00,bf04004d,1
UNI_ASSEMBLES_DIFF,"ld (XSP+0x06),0x0014","ld (XSP+0x06), 0x0014",ldw,bf06021400,bf060014,1
UNI_ASSEMBLES_DIFF,"ld (XSP+0x06),0x00ab","ld (XSP+0x06), 0x00ab",ldw,bf0602ab00,bf0600ab,1
UNI_ASSEMBLES_DIFF,"ld (XSP+0x0c),0x00fe","ld (XSP+0x0c), 0x00fe",ldw,bf0c02fe00,bf0c00fe,1
UNI_ASSEMBLES_DIFF,"ld (XSP+0x0e),0x0005","ld (XSP+0x0e), 0x0005",ldw,bf0e020500,bf0e0005,1
UNI_ASSEMBLES_DIFF,"ld (XSP+0x10),0x0030","ld (XSP+0x10), 0x0030",ldw,bf10023000,bf100030,1
UNI_ASSEMBLES_DIFF,"ld (XSP+0x16),0x0001","ld (XSP+0x16), 0x0001",ldw,bf16020100,bf160001,1
UNI_ASSEMBLES_DIFF,"ld (XSP+0x6e),0x0014","ld (XSP+0x6e), 0x0014",ldw,bf6e021400,bf6e0014,1
UNI_ASSEMBLES_DIFF,"ld (XSP+0x6e),0x0016","ld (XSP+0x6e), 0x0016",ldw,bf6e021600,bf6e0016,1
UNI_ASSEMBLES_DIFF,"ld (XWA+0x0120),0x0000","ld (XWA+0x0120), 0x0000",stiw_ind,f3e12001020000,f3e120010000,1
UNI_ASSEMBLES_DIFF,"ld (XWA+0x02),0x0001","ld (XWA+0x02), 0x0001",ldw,b802020100,b8020001,1
UNI_ASSEMBLES_DIFF,"ld (XWA+0x2b),0x0000","ld (XWA+0x2b), 0x0000",ldw,b82b020000,b82b0000,1
UNI_ASSEMBLES_DIFF,"ld (XWA+0x2b),0x007f","ld (XWA+0x2b), 0x007f",ldw,b82b027f00,b82b007f,1
UNI_ASSEMBLES_DIFF,"ld IX,2","ld IX, 2",lds,dcaa,dc030200,1
UNI_ASSEMBLES_DIFF,"ld QIX,0xfff0","ld QIX, 0xfff0",ldw,d7f203f0ff,d7f2a8,1
UNI_ASSEMBLES_DIFF,"ld QIZ,0x0009","ld QIZ, 0x0009",ldw,d7fa030900,d7faa9,1
UNI_ASSEMBLES_DIFF,"ld QIZ,0x0011","ld QIZ, 0x0011",ldi_erpw,d7fa031100,d7faa9,1
UNI_ASSEMBLES_DIFF,"ld QIZ,0x007a","ld QIZ, 0x007a",ldw,d7fa037a00,d7faaa,1
UNI_ASSEMBLES_DIFF,"mul BC,(0x00f32a)","mul BC, (0x00f32a)",extpfx5,c22af30043,d22af30041,1
UNI_ASSEMBLES_DIFF,"mul WA,(0x0087cf)","mul WA, (0x0087cf)",extpfx5,c2cf870041,d2cf870040,1
UNI_ASSEMBLES_DIFF,"mul WA,(0x00f32a)","mul WA, (0x00f32a)",extpfx5,c22af30041,d22af30040,1
UNI_ASSEMBLES_DIFF,"mul WA,(0x00f35d)","mul WA, (0x00f35d)",extpfx5,c25df30041,d25df30040,1
UNI_ASSEMBLES_DIFF,"mul WA,(XIZ+0x10)","mul WA, (XIZ+0x10)",extpfx3,8e1041,9e1040,1
UNI_ASSEMBLES_DIFF,"or (0x14ff),0x0004","or (0x14ff), 0x0004",extpfx6,d1ff143e0400,c2ff14003e04,1
UNI_ASSEMBLES_DIFF,"or (0x8ea6),0x0004","or (0x8ea6), 0x0004",ordi16,d1a68e3e0400,c2a68e003e04,1
UNI_ASSEMBLES_DIFF,"or (0x8ea6),0x0040","or (0x8ea6), 0x0040",ordi16,d1a68e3e4000,c2a68e003e40,1
UNI_ASSEMBLES_DIFF,"or (0x8ea8),0x0004","or (0x8ea8), 0x0004",ordi16,d1a88e3e0400,c2a88e003e04,1
UNI_ASSEMBLES_DIFF,"or (0xc500),0x0020","or (0xc500), 0x0020",ordi16,d100c53e2000,c200c5003e20,1
UNI_ASSEMBLES_DIFF,push 0x0039,push 0x0039,pushw,0b3900,0939,1
UNI_ASSEMBLES_DIFF,push 0x0045,push 0x0045,pushw,0b4500,0945,1
UNI_ASSEMBLES_DIFF,push 0x0046,push 0x0046,pushw,0b4600,0946,1
UNI_ASSEMBLES_DIFF,push 0x0047,push 0x0047,pushw,0b4700,0947,1
UNI_ASSEMBLES_DIFF,push 0x004a,push 0x004a,pushw,0b4a00,094a,1
UNI_ASSEMBLES_DIFF,push 0x004e,push 0x004e,pushw,0b4e00,094e,1
UNI_ASSEMBLES_DIFF,push 0x0052,push 0x0052,pushw,0b5200,0952,1
UNI_ASSEMBLES_DIFF,push 0x0058,push 0x0058,pushw,0b5800,0958,1
UNI_ASSEMBLES_DIFF,push 0x006f,push 0x006f,pushw,0b6f00,096f,1
UNI_ASSEMBLES_DIFF,push 0x0078,push 0x0078,pushw,0b7800,0978,1
UNI_ASSEMBLES_DIFF,push 0x007a,push 0x007a,pushw,0b7a00,097a,1
UNI_ASSEMBLES_DIFF,push 0x007b,push 0x007b,pushw,0b7b00,097b,1
UNI_ASSEMBLES_DIFF,push 0x007d,push 0x007d,pushw,0b7d00,097d,1
UNI_ASSEMBLES_DIFF,push 0x00a2,push 0x00a2,pushw,0ba200,09a2,1
UNI_ASSEMBLES_DIFF,push 0x00a3,push 0x00a3,pushw,0ba300,09a3,1
UNI_ASSEMBLES_DIFF,push 0x00b1,push 0x00b1,pushw,0bb100,09b1,1
UNI_ASSEMBLES_DIFF,push 0x00b2,push 0x00b2,pushw,0bb200,09b2,1
UNI_ASSEMBLES_DIFF,push 0x00b3,push 0x00b3,pushw,0bb300,09b3,1
UNI_ASSEMBLES_DIFF,push 0x00ba,push 0x00ba,pushw,0bba00,09ba,1
UNI_ASSEMBLES_DIFF,push 0x00bb,push 0x00bb,pushw,0bbb00,09bb,1
UNI_ASSEMBLES_DIFF,push 0x00bd,push 0x00bd,pushw,0bbd00,09bd,1
UNI_ASSEMBLES_DIFF,push 0x00cf,push 0x00cf,pushw,0bcf00,09cf,1
UNI_ASSEMBLES_DIFF,push 0x00d1,push 0x00d1,pushw,0bd100,09d1,1
UNI_ASSEMBLES_DIFF,push 0x00ec,push 0x00ec,pushw,0bec00,09ec,1
UNI_ASSEMBLES_DIFF,push 0x00ef,push 0x00ef,pushw,0bef00,09ef,1
UNI_ASSEMBLES_DIFF,"sub (0x06cc),0x0005","sub (0x06cc), 0x0005",subdi16,d1cc063a0500,c2cc06003a05,1
UNI_ASSEMBLES_DIFF,"sub (0x06cc),0x0008","sub (0x06cc), 0x0008",subdi16,d1cc063a0800,c2cc06003a08,1
UNI_ASSEMBLES_DIFF,"sub (0x06d0),0x0003","sub (0x06d0), 0x0003",subdi16,d1d0063a0300,c2d006003a03,1
UNI_ASSEMBLES_DIFF,"sub (0x0c4a),0x0001","sub (0x0c4a), 0x0001",subdi16,d14a0c3a0100,c24a0c003a01,1
