original_verdict,llvm_mnemonic,unidasm_text,sites
UNI_ASSEMBLES_DIFF,cpdi8,"cp (0x287a),0x00",1071
UNI_ASSEMBLES_DIFF,stdi8,"ld (0x2540),0x00",493
UNI_ASSEMBLES_DIFF,ldda32,"ld XWA,(0x2972)",477
UNI_ASSEMBLES_DIFF,ldda32,"ld XWA,(0xbcac)",430
UNI_ASSEMBLES_DIFF,ldda32,"ld XWA,(0x1a2d)",339
UNI_ASSEMBLES_DIFF,ldda32,"ld XHL,(0x10fd)",311
UNI_ASSEMBLES_DIFF,stdi8,"ld (0x287a),0x00",310
UNI_ASSEMBLES_DIFF,cpdi8,"cp (0x10e3),0x00",276
UNI_ASSEMBLES_DIFF,ldda32,"ld XHL,(0x126e)",221
UNI_ASSEMBLES_DIFF,bit_dd8,"bit 0,(0xc6)",212
UNI_ASSEMBLES_DIFF,res_dd8,"res 7,(0x18)",183
UNI_ASSEMBLES_DIFF,set_dd8,"set 7,(0x18)",182
UNI_ASSEMBLES_DIFF,stdi8,"ld (0x2540),0x01",179
UNI_ASSEMBLES_DIFF,bitda,"bit 2,(0x0421)",143
UNI_ASSEMBLES_DIFF,bitda,"bit 2,(0x041e)",136
UNI_ASSEMBLES_DIFF,ldb_d8,"ld A,(0x2877)",131
UNI_ASSEMBLES_DIFF,ldw_d16,"ld WA,(0x28af)",130
UNI_ASSEMBLES_DIFF,ldb_d8,"ld A,(0x25e0)",125
UNI_ASSEMBLES_DIFF,stdi8,"ld (0x10e3),0x00",115
UNI_ASSEMBLES_DIFF,ldb_d8,"ld A,(0x8d36)",114
UNI_ASSEMBLES_DIFF,ldb_d8,"ld C,(0x28b0)",114
UNI_ASSEMBLES_DIFF,ldda32,"ld XWA,(0x0c72)",113
UNI_ASSEMBLES_DIFF,stdi8,"ld (0x0d4a),0x00",107
UNI_ASSEMBLES_DIFF,ldw_d16,"ld WA,(0x2666)",105
UNI_ASSEMBLES_DIFF,ldb_d8,"ld C,(0x89f8)",102
UNI_ASSEMBLES_DIFF,ldb_d8,"ld A,(0x287a)",97
UNI_ASSEMBLES_DIFF,ldb_d8,"ld A,(0x288e)",96
UNI_ASSEMBLES_DIFF,ldb_d8,"ld C,(0x2877)",96
UNI_ASSEMBLES_DIFF,ldb_d8,"ld A,(0xc07e)",95
UNI_ASSEMBLES_DIFF,ldda32,"ld XWA,(0xbc54)",94
UNI_ASSEMBLES_DIFF,ldb_d8,"ld A,(0xc07f)",91
UNI_ASSEMBLES_DIFF,cpdi8,"cp (0x8d34),0x13",90
UNI_ASSEMBLES_DIFF,ldw_d16,"ld WA,(0xc598)",90
UNI_ASSEMBLES_DIFF,ldb_d8,"ld A,(0x2634)",89
UNI_ASSEMBLES_DIFF,cpdi8,"cp (0x84fe),0x00",86
UNI_ASSEMBLES_DIFF,ldw_d16,"ld IY,(0x0fab)",86
UNI_ASSEMBLES_DIFF,bitda,"bit 2,(0x0420)",85
UNI_ASSEMBLES_DIFF,ldw_d16,"ld WA,(0x345c)",85
UNI_ASSEMBLES_DIFF,stdi8,"ld (0x2540),0x02",84
UNI_ASSEMBLES_DIFF,ldb_d8,"ld A,(0x0eee)",84
UNI_ASSEMBLES_DIFF,ldb_d8,"ld A,(0x0433)",82
UNI_ASSEMBLES_DIFF,bitda,"bit 0,(0x2742)",81
UNI_ASSEMBLES_DIFF,stda16,"ld (0x2666),WA",81
UNI_ASSEMBLES_DIFF,ldb_d8,"ld A,(0x0fad)",81
UNI_ASSEMBLES_DIFF,ldw_d16,"ld HL,(0x346b)",80
UNI_ASSEMBLES_DIFF,ldw_d16,"ld WA,(0x041c)",79
UNI_ASSEMBLES_DIFF,ldb_d8,"ld A,(0x270a)",78
UNI_ASSEMBLES_DIFF,stdi8,"ld (0x84fe),0x00",76
UNI_ASSEMBLES_DIFF,resda,"res 3,(0x28a7)",76
UNI_ASSEMBLES_DIFF,bit_dd8,"bit 2,(0x96)",75
UNI_ASSEMBLES_DIFF,stda16,"ld (0x28af),WA",75
UNI_ASSEMBLES_DIFF,ldb_d8,"ld A,(0x2878)",74
UNI_ASSEMBLES_DIFF,bitda,"bit 1,(0x28b1)",73
UNI_ASSEMBLES_DIFF,ldb_d8,"ld A,(0xc07d)",73
UNI_ASSEMBLES_DIFF,ldb_d8,"ld A,(0x0c70)",70
UNI_ASSEMBLES_DIFF,ldda32,"ld XIX,(0x1088)",70
UNI_ASSEMBLES_DIFF,ldw_d16,"ld WA,(0xc596)",68
UNI_ASSEMBLES_DIFF,stda16,"ld (0x345c),WA",67
UNI_ASSEMBLES_DIFF,bitda,"bit 7,(0x295c)",66
UNI_ASSEMBLES_DIFF,ldw_d16,"ld WA,(0x371a)",66
UNI_ASSEMBLES_DIFF,ordi8,"or (0x113b),0x01",66
UNI_ASSEMBLES_DIFF,ldda32,"ld XIY,(0x32ce)",64
UNI_ASSEMBLES_DIFF,ldb_d8,"ld A,(0x041b)",63
UNI_ASSEMBLES_DIFF,ldb_d8,"ld A,(0x33d4)",62
UNI_ASSEMBLES_DIFF,ldb_d8,"ld L,(0x91c8)",62
UNI_ASSEMBLES_DIFF,stib_d8,"ld (0x00),0x01",61
UNI_ASSEMBLES_DIFF,stb_d8,"ld (0x2877),A",61
UNI_ASSEMBLES_DIFF,bitda,"bit 0,(0x113b)",60
UNI_ASSEMBLES_DIFF,bitda,"bit 0,(0x295f)",60
UNI_ASSEMBLES_DIFF,stdi8,"ld (0x287a),0x0b",60
UNI_ASSEMBLES_DIFF,ldb_d8,"ld A,(0x2652)",60
UNI_ASSEMBLES_DIFF,stda16,"ld (0x287d),WA",59
UNI_ASSEMBLES_DIFF,bitda,"bit 0,(0x3283)",58
UNI_ASSEMBLES_DIFF,cpdi8,"cp (0x32e5),0x80",58
UNI_ASSEMBLES_DIFF,cpdm8,"cp (0xff00),L",58
UNI_ASSEMBLES_DIFF,stdi8,"ld (0x041b),0x00",58
UNI_ASSEMBLES_DIFF,ldb_d8,"ld A,(0x0d57)",58
UNI_ASSEMBLES_DIFF,ldb_d8,"ld A,(0x2682)",58
UNI_ASSEMBLES_DIFF,ldb_d8,"ld A,(0xcedf)",58
UNI_ASSEMBLES_DIFF,ldw_d16,"ld WA,(0xf19e)",58
UNI_ASSEMBLES_DIFF,cpdi8,"cp (0x2873),0x0f",57
UNI_ASSEMBLES_DIFF,ldw_d16,"ld IY,(0x108d)",57
UNI_ASSEMBLES_DIFF,ldw_d16,"ld WA,(0x2316)",57
UNI_ASSEMBLES_DIFF,ldw_d16,"ld WA,(0xf238)",57
UNI_ASSEMBLES_DIFF,ldda32,"ld XDE,(0x10fd)",57
UNI_ASSEMBLES_DIFF,ldda32,"ld XIX,(0x1118)",57
UNI_ASSEMBLES_DIFF,cpdi8,"cp (0x7f42),0x00",56
UNI_ASSEMBLES_DIFF,stdi8,"ld (0x0def),0x01",56
UNI_ASSEMBLES_DIFF,st_dd8b,"ld (0x3e),A",56
UNI_ASSEMBLES_DIFF,stb_d8,"ld (0x7f42),L",56
UNI_ASSEMBLES_DIFF,stda16,"ld (0x2668),WA",55
UNI_ASSEMBLES_DIFF,ldb_d8,"ld A,(0x36d6)",55
UNI_ASSEMBLES_DIFF,ldw_d16,"ld WA,(0x0409)",55
UNI_ASSEMBLES_DIFF,bitda,"bit 0,(0x108c)",54
UNI_ASSEMBLES_DIFF,stb_d8,"ld (0x12f6),A",54
UNI_ASSEMBLES_DIFF,stda16,"ld (0x9646),DE",54
UNI_ASSEMBLES_DIFF,ldb_d8,"ld A,(0x8d34)",54
UNI_ASSEMBLES_DIFF,ldb_d8,"ld A,(0xceaa)",54
UNI_ASSEMBLES_DIFF,ldb_d8,"ld A,(0x379b)",53
UNI_ASSEMBLES_DIFF,ldw_d16,"ld WA,(0x2632)",53
UNI_ASSEMBLES_DIFF,stdi8,"ld (0x207e),0x00",52
UNI_ASSEMBLES_DIFF,stda16,"ld (0x9644),BC",52
UNI_ASSEMBLES_DIFF,stb_d8,"ld (0x9648),A",52
UNI_ASSEMBLES_DIFF,ldb_d8,"ld A,(0x34ed)",52
UNI_ASSEMBLES_DIFF,ldb_d8,"ld A,(0x9637)",52
UNI_ASSEMBLES_DIFF,ldda32,"ld XWA,(0xbc5c)",52
UNI_ASSEMBLES_DIFF,ldw_d16,"ld BC,(0x2797)",51
UNI_ASSEMBLES_DIFF,bitda,"bit 4,(0xfd50)",50
UNI_ASSEMBLES_DIFF,stb_d8,"ld (0x34d6),L",50
UNI_ASSEMBLES_DIFF,ldb_d8,"ld A,(0x0cdf)",50
UNI_ASSEMBLES_DIFF,ldb_d8,"ld A,(0x8d3a)",50
UNI_ASSEMBLES_DIFF,ldw_d16,"ld WA,(0x3614)",50
UNI_ASSEMBLES_DIFF,ldb_d8,"ld C,(0x895c)",49
UNI_ASSEMBLES_DIFF,bitda,"bit 0,(0x35b0)",48
UNI_ASSEMBLES_DIFF,stdi8,"ld (0x7f42),0x23",48
UNI_ASSEMBLES_DIFF,stda16,"ld (0x0c57),WA",46
UNI_ASSEMBLES_DIFF,stda16,"ld (0x3364),WA",46
UNI_ASSEMBLES_DIFF,stda16,"ld (0x3366),WA",46
UNI_ASSEMBLES_DIFF,stda16,"ld (0x3368),WA",46
UNI_ASSEMBLES_DIFF,stda16,"ld (0x336a),WA",46
UNI_ASSEMBLES_DIFF,stda16,"ld (0x336c),WA",46
UNI_ASSEMBLES_DIFF,stda16,"ld (0x336e),WA",46
UNI_ASSEMBLES_DIFF,ldb_d8,"ld C,(0x1199)",46
UNI_ASSEMBLES_DIFF,stda16,"ld (0x287f),WA",45
UNI_ASSEMBLES_DIFF,stda16,"ld (0x28af),HL",45
UNI_ASSEMBLES_DIFF,ldb_d8,"ld A,(0x0fac)",45
UNI_ASSEMBLES_DIFF,ldb_d8,"ld A,(0x8c9a)",45
UNI_ASSEMBLES_DIFF,ldw_d16,"ld WA,(0x288b)",45
UNI_ASSEMBLES_DIFF,ldda32,"ld XWA,(0x10fd)",45
UNI_ASSEMBLES_DIFF,ldb_d8,"ld A,(0x3421)",44
UNI_ASSEMBLES_DIFF,ldb_d8,"ld A,(0x34d6)",44
UNI_ASSEMBLES_DIFF,ldb_d8,"ld A,(0x966a)",44
UNI_ASSEMBLES_DIFF,ldb_d8,"ld A,(0xfc5d)",44
UNI_ASSEMBLES_DIFF,andda16,"and BC,(0xf19e)",43
UNI_ASSEMBLES_DIFF,ldb_d8,"ld A,(0x10f3)",43
UNI_ASSEMBLES_DIFF,ldb_d8,"ld C,(0x207a)",43
UNI_ASSEMBLES_DIFF,stdi8,"ld (0x2071),0x80",42
UNI_ASSEMBLES_DIFF,stb_d8,"ld (0x2640),A",42
UNI_ASSEMBLES_DIFF,stdi8,"ld (0x287a),0x0a",42
UNI_ASSEMBLES_DIFF,stda32,"ld (0x39ae),XWA",42
UNI_ASSEMBLES_DIFF,stda16,"ld (0x8502),HL",42
UNI_ASSEMBLES_DIFF,stb_d8,"ld (0x90e5),A",42
UNI_ASSEMBLES_DIFF,ldw_d16,"ld WA,(0x2887)",42
UNI_ASSEMBLES_DIFF,ldw_d16,"ld WA,(0x3449)",42
UNI_ASSEMBLES_DIFF,stda32,"ld (0x10fd),XIZ",41
UNI_ASSEMBLES_DIFF,stb_d8,"ld (0x2634),A",41
UNI_ASSEMBLES_DIFF,stda16,"ld (0xf19e),WA",41
UNI_ASSEMBLES_DIFF,ldb_d8,"ld A,(0x0415)",41
UNI_ASSEMBLES_DIFF,ldb_d8,"ld A,(0x28b2)",41
UNI_ASSEMBLES_DIFF,ldb_d8,"ld A,(0xfc5a)",41
UNI_ASSEMBLES_DIFF,ldb_d8,"ld L,(0x119c)",41
UNI_ASSEMBLES_DIFF,cpdi8,"cp (0x7f0b),0x00",40
UNI_ASSEMBLES_DIFF,stda16,"ld (0x12f7),WA",40
UNI_ASSEMBLES_DIFF,stda16,"ld (0x12f9),WA",40
UNI_ASSEMBLES_DIFF,st_dd8b,"ld (0x3f),A",40
UNI_ASSEMBLES_DIFF,ldb_d8,"ld A,(0x0d65)",40
UNI_ASSEMBLES_DIFF,ldb_d8,"ld A,(0x28a4)",40
UNI_ASSEMBLES_DIFF,ldb_d8,"ld A,(0x32e5)",40
UNI_ASSEMBLES_DIFF,ldb_d8,"ld E,(0x9636)",40
UNI_ASSEMBLES_DIFF,ldw_d16,"ld WA,(0x90de)",40
UNI_ASSEMBLES_DIFF,ldda32,"ld XWA,(0x81f0)",40
UNI_ASSEMBLES_DIFF,stda16,"ld (0x2772),WA",39
UNI_ASSEMBLES_DIFF,stdi8,"ld (0x287a),0x02",39
UNI_ASSEMBLES_DIFF,stda16,"ld (0x28af),IZ",39
UNI_ASSEMBLES_DIFF,ldb_d8,"ld A,(0x2774)",39
UNI_ASSEMBLES_DIFF,ldb_d8,"ld C,(0x1074)",39
UNI_ASSEMBLES_DIFF,ldda32,"ld XIZ,(0x10fd)",39
UNI_ASSEMBLES_DIFF,stdi8,"ld (0x1238),0x00",38
UNI_ASSEMBLES_DIFF,ldb_d8,"ld A,(0x0d60)",38
UNI_ASSEMBLES_DIFF,ldb_d8,"ld A,(0x10d2)",38
UNI_ASSEMBLES_DIFF,ldb_d8,"ld A,(0x8d38)",38
UNI_ASSEMBLES_DIFF,ldw_d16,"ld HL,(0x345c)",38
UNI_ASSEMBLES_DIFF,ldb_d8,"ld L,(0x0c70)",38
UNI_ASSEMBLES_DIFF,anddi8,"and (0xfc60),0xfb",37
UNI_ASSEMBLES_DIFF,ldw_d16,"ld WA,(0x345e)",37
UNI_ASSEMBLES_DIFF,cpdi8,"cp (0x2873),0x10",36
UNI_ASSEMBLES_DIFF,cpdi8,"cp (0x90f8),0x7f",36
UNI_ASSEMBLES_DIFF,stdi8,"ld (0x0ef6),0xff",36
UNI_ASSEMBLES_DIFF,stdi8,"ld (0x8462),0x00",36
UNI_ASSEMBLES_DIFF,ldb_d8,"ld A,(0x207a)",36
UNI_ASSEMBLES_DIFF,ldb_d8,"ld A,(0x2873)",36
UNI_ASSEMBLES_DIFF,ldb_d8,"ld L,(0x10f1)",36
UNI_ASSEMBLES_DIFF,ldw_d16,"ld WA,(0x3612)",36
UNI_ASSEMBLES_DIFF,ldda32,"ld XHL,(0x2881)",36
UNI_ASSEMBLES_DIFF,resda,"res 0,(0x28a6)",36
UNI_ASSEMBLES_DIFF,stda16,"ld (0x06cc),IX",35
UNI_ASSEMBLES_DIFF,stda16,"ld (0x06d0),IX",35
UNI_ASSEMBLES_DIFF,stb_d8,"ld (0x0d57),A",35
UNI_ASSEMBLES_DIFF,stdi8,"ld (0x287a),0x03",35
UNI_ASSEMBLES_DIFF,ldb_d8,"ld A,(0x0eb5)",35
UNI_ASSEMBLES_DIFF,ldb_d8,"ld A,(0x0fab)",35
UNI_ASSEMBLES_DIFF,ldb_d8,"ld A,(0xfc5f)",35
UNI_ASSEMBLES_DIFF,ldb_d8,"ld C,(0x349f)",35
UNI_ASSEMBLES_DIFF,anddi8,"and (0x3327),0xc0",34
UNI_ASSEMBLES_DIFF,bitda,"bit 0,(0x0ce0)",34
UNI_ASSEMBLES_DIFF,cpdi8,"cp (0x0d65),0x00",34
UNI_ASSEMBLES_DIFF,stb_d8,"ld (0x342e),A",34
UNI_ASSEMBLES_DIFF,stda32,"ld (0x7e13),XHL",34
UNI_ASSEMBLES_DIFF,stdi8,"ld (0x7f42),0x00",34
UNI_ASSEMBLES_DIFF,stdi8,"ld (0x90f8),0xff",34
UNI_ASSEMBLES_DIFF,ldb_d8,"ld A,(0x207c)",34
UNI_ASSEMBLES_DIFF,ldb_d8,"ld A,(0x349f)",34
UNI_ASSEMBLES_DIFF,ldb_d8,"ld A,(0x8d8e)",34
UNI_ASSEMBLES_DIFF,ldb_d8,"ld A,(0x912f)",34
UNI_ASSEMBLES_DIFF,ldda32,"ld XBC,(0x7e13)",34
UNI_ASSEMBLES_DIFF,ldda32,"ld XWA,(0xbcb0)",34
UNI_ASSEMBLES_DIFF,ldda32,"ld XWA,(0xbcb4)",34
UNI_ASSEMBLES_DIFF,ordi8,"or (0x34cd),0x80",34
UNI_ASSEMBLES_DIFF,resda,"res 2,(0x28a7)",34
UNI_ASSEMBLES_DIFF,stb_d8,"ld (0x0e54),A",33
UNI_ASSEMBLES_DIFF,stda16,"ld (0x9129),WA",33
UNI_ASSEMBLES_DIFF,st_dd8b,"ld (0xd4),A",33
UNI_ASSEMBLES_DIFF,ldb_d8,"ld A,(0x0d5c)",33
UNI_ASSEMBLES_DIFF,ldb_d8,"ld A,(0x20b8)",33
UNI_ASSEMBLES_DIFF,ldb_d8,"ld A,(0x2684)",33
UNI_ASSEMBLES_DIFF,ldw_d16,"ld HL,(0x28af)",33
UNI_ASSEMBLES_DIFF,ldb_d8,"ld W,(0x1075)",33
UNI_ASSEMBLES_DIFF,ldb_d8,"ld W,(0x124a)",33
UNI_ASSEMBLES_DIFF,ldw_d16,"ld WA,(0x25de)",33
UNI_ASSEMBLES_DIFF,ldw_d16,"ld WA,(0x2772)",33
UNI_ASSEMBLES_DIFF,stda16,"ld (0x06d2),IY",32
UNI_ASSEMBLES_DIFF,stdi8,"ld (0x0d34),0x00",32
UNI_ASSEMBLES_DIFF,stdi8,"ld (0x10ea),0x01",32
UNI_ASSEMBLES_DIFF,stdi8,"ld (0x209a),0x01",32
UNI_ASSEMBLES_DIFF,stda16,"ld (0x2632),WA",32
UNI_ASSEMBLES_DIFF,stb_d8,"ld (0x3430),A",32
UNI_ASSEMBLES_DIFF,stb_d8,"ld (0x34ed),A",32
UNI_ASSEMBLES_DIFF,stb_d8,"ld (0x39ac),A",32
UNI_ASSEMBLES_DIFF,stda16,"ld (0x90de),WA",32
UNI_ASSEMBLES_DIFF,ldb_d8,"ld A,(0x0e53)",32
UNI_ASSEMBLES_DIFF,ldb_d8,"ld L,(0x964d)",32
UNI_ASSEMBLES_DIFF,bitda,"bit 0,(0x28c5)",31
UNI_ASSEMBLES_DIFF,cpdi8,"cp (0x06ae),0x01",31
UNI_ASSEMBLES_DIFF,stda32,"ld (0x126e),XIZ",31
UNI_ASSEMBLES_DIFF,ldb_d8,"ld A,(0x1008)",31
UNI_ASSEMBLES_DIFF,ldb_d8,"ld A,(0x125a)",31
UNI_ASSEMBLES_DIFF,ldb_d8,"ld A,(0x33db)",31
UNI_ASSEMBLES_DIFF,ldb_d8,"ld A,(0x360a)",31
UNI_ASSEMBLES_DIFF,ldb_d8,"ld L,(0x0fac)",31
UNI_ASSEMBLES_DIFF,ldw_d16,"ld WA,(0x2686)",31
UNI_ASSEMBLES_DIFF,ldw_d16,"ld WA,(0x28a8)",31
UNI_ASSEMBLES_DIFF,ldda32,"ld XIZ,(0x126e)",31
UNI_ASSEMBLES_DIFF,cpdi8,"cp (0x05e0),0x00",30
UNI_ASSEMBLES_DIFF,cpdi8,"cp (0x1a35),0x00",30
UNI_ASSEMBLES_DIFF,stda16,"ld (0x06ce),IY",30
UNI_ASSEMBLES_DIFF,stda32,"ld (0x25da),XWA",30
UNI_ASSEMBLES_DIFF,stda16,"ld (0x2887),WA",30
UNI_ASSEMBLES_DIFF,stb_d8,"ld (0x28a7),A",30
UNI_ASSEMBLES_DIFF,stda16,"ld (0x33d8),WA",30
UNI_ASSEMBLES_DIFF,stda16,"ld (0x345e),WA",30
UNI_ASSEMBLES_DIFF,stdi8,"ld (0x7f42),0xff",30
UNI_ASSEMBLES_DIFF,ldb_d8,"ld A,(0x0c8e)",30
UNI_ASSEMBLES_DIFF,ldb_d8,"ld A,(0x287b)",30
UNI_ASSEMBLES_DIFF,ldb_d8,"ld A,(0x32a3)",30
UNI_ASSEMBLES_DIFF,ldb_d8,"ld A,(0xfd1d)",30
UNI_ASSEMBLES_DIFF,ldb_d8,"ld C,(0x271a)",30
UNI_ASSEMBLES_DIFF,ldw_d16,"ld IY,(0x10d0)",30
UNI_ASSEMBLES_DIFF,ldw_d16,"ld IZ,(0x2666)",30
UNI_ASSEMBLES_DIFF,ldb_d8,"ld W,(0x91c9)",30
UNI_ASSEMBLES_DIFF,ldw_d16,"ld WA,(0x1d76)",30
UNI_ASSEMBLES_DIFF,ldw_d16,"ld WA,(0x279a)",30
UNI_ASSEMBLES_DIFF,ldw_d16,"ld WA,(0x8500)",30
UNI_ASSEMBLES_DIFF,ldda32,"ld XWA,(0x25da)",30
UNI_ASSEMBLES_DIFF,ldda32,"ld XWA,(0x26ba)",30
UNI_ASSEMBLES_DIFF,ldda32,"ld XWA,(0x7ae4)",30
UNI_ASSEMBLES_DIFF,setda,"set 3,(0x28a7)",30
UNI_ASSEMBLES_DIFF,anddi8,"and (0xfc5f),0xfb",29
UNI_ASSEMBLES_DIFF,bitda,"bit 0,(0x28b2)",29
UNI_ASSEMBLES_DIFF,bitda,"bit 2,(0xfdad)",29
UNI_ASSEMBLES_DIFF,cpdi8,"cp (0x0c52),0x00",29
UNI_ASSEMBLES_DIFF,cpda8,"cp A,(0x28a1)",29
UNI_ASSEMBLES_DIFF,stda16,"ld (0x0c90),DE",29
UNI_ASSEMBLES_DIFF,stda32,"ld (0x126e),XHL",29
UNI_ASSEMBLES_DIFF,stb_d8,"ld (0x12fb),A",29
UNI_ASSEMBLES_DIFF,stb_d8,"ld (0x2878),A",29
UNI_ASSEMBLES_DIFF,ldb_d8,"ld A,(0x34d9)",29
UNI_ASSEMBLES_DIFF,ldw_d16,"ld HL,(0x33cf)",29
UNI_ASSEMBLES_DIFF,ldb_d8,"ld W,(0x119a)",29
UNI_ASSEMBLES_DIFF,ldw_d16,"ld WA,(0xf22f)",29
UNI_ASSEMBLES_DIFF,andda8,"and A,(0x347f)",28
UNI_ASSEMBLES_DIFF,cpdi8,"cp (0x8462),0x00",28
UNI_ASSEMBLES_DIFF,stda16,"ld (0x0c61),WA",28
UNI_ASSEMBLES_DIFF,stda16,"ld (0x0c6b),WA",28
UNI_ASSEMBLES_DIFF,stb_d8,"ld (0x0c70),A",28
UNI_ASSEMBLES_DIFF,stda16,"ld (0x1952),DE",28
UNI_ASSEMBLES_DIFF,stb_d8,"ld (0x3431),A",28
UNI_ASSEMBLES_DIFF,stb_d8,"ld (0x37c9),A",28
UNI_ASSEMBLES_DIFF,stb_d8,"ld (0x7ea6),L",28
UNI_ASSEMBLES_DIFF,stda16,"ld (0x8500),HL",28
UNI_ASSEMBLES_DIFF,stdi8,"ld (0x912a),0x7f",28
UNI_ASSEMBLES_DIFF,ldb_d8,"ld A,(0x338e)",28
UNI_ASSEMBLES_DIFF,ldb_d8,"ld A,(0x347e)",28
UNI_ASSEMBLES_DIFF,ldb_d8,"ld C,(0x197e)",28
UNI_ASSEMBLES_DIFF,ldw_d16,"ld WA,(0xc594)",28
UNI_ASSEMBLES_DIFF,ldw_d16,"ld WA,(0xc59c)",28
UNI_ASSEMBLES_DIFF,ldda32,"ld XIX,(0x90f2)",28
UNI_ASSEMBLES_DIFF,ldda32,"ld XWA,(0x3000)",28
UNI_ASSEMBLES_DIFF,ldda32,"ld XWA,(0x3426)",28
UNI_ASSEMBLES_DIFF,ordi8,"or (0x32f4),0x01",28
UNI_ASSEMBLES_DIFF,ordi8,"or (0x332c),0x3f",28
UNI_ASSEMBLES_DIFF,ordi8,"or (0x333b),0x01",28
UNI_ASSEMBLES_DIFF,orda8,"or A,(0x3315)",28
UNI_ASSEMBLES_DIFF,and_sd8b_im,"and (0xd5),0xfe",27
UNI_ASSEMBLES_DIFF,andda16,"and BC,(0x2316)",27
UNI_ASSEMBLES_DIFF,andda16,"and BC,(0x28a8)",27
UNI_ASSEMBLES_DIFF,cpdi8,"cp (0x3249),0x80",27
UNI_ASSEMBLES_DIFF,cpdi8,"cp (0x7ea6),0x00",27
UNI_ASSEMBLES_DIFF,cpda16,"cp WA,(0x1105)",27
UNI_ASSEMBLES_DIFF,stb_d8,"ld (0x108a),A",27
UNI_ASSEMBLES_DIFF,stda32,"ld (0x10fd),XWA",27
UNI_ASSEMBLES_DIFF,stda16,"ld (0x1950),BC",27
UNI_ASSEMBLES_DIFF,stb_d8,"ld (0x1954),A",27
UNI_ASSEMBLES_DIFF,stda16,"ld (0x25de),WA",27
UNI_ASSEMBLES_DIFF,stdi8,"ld (0x25e0),0x00",27
UNI_ASSEMBLES_DIFF,stda16,"ld (0x2666),IZ",27
UNI_ASSEMBLES_DIFF,stdi8,"ld (0x287a),0x09",27
UNI_ASSEMBLES_DIFF,stda16,"ld (0x288b),WA",27
UNI_ASSEMBLES_DIFF,ldb_d8,"ld A,(0x0416)",27
UNI_ASSEMBLES_DIFF,ldb_d8,"ld A,(0x1943)",27
UNI_ASSEMBLES_DIFF,ldb_d8,"ld A,(0x231c)",27
UNI_ASSEMBLES_DIFF,ldb_d8,"ld A,(0x270e)",27
UNI_ASSEMBLES_DIFF,ldb_d8,"ld A,(0x2879)",27
UNI_ASSEMBLES_DIFF,ldb_d8,"ld A,(0x28a7)",27
UNI_ASSEMBLES_DIFF,ldb_d8,"ld A,(0x2965)",27
UNI_ASSEMBLES_DIFF,ldw_d16,"ld IX,(0x28b6)",27
UNI_ASSEMBLES_DIFF,ldw_d16,"ld IY,(0x28bc)",27
UNI_ASSEMBLES_DIFF,ldb_d8,"ld L,(0x1077)",27
UNI_ASSEMBLES_DIFF,ldw_d16,"ld WA,(0x2590)",27
UNI_ASSEMBLES_DIFF,ldw_d16,"ld WA,(0x2668)",27
UNI_ASSEMBLES_DIFF,ldw_d16,"ld WA,(0x2744)",27
UNI_ASSEMBLES_DIFF,ldda32,"ld XDE,(0x126e)",27
UNI_ASSEMBLES_DIFF,anddi8,"and (0xfc5f),0xf7",26
UNI_ASSEMBLES_DIFF,bitda,"bit 0,(0x330c)",26
UNI_ASSEMBLES_DIFF,bit_dd8,"bit 2,(0x95)",26
UNI_ASSEMBLES_DIFF,cpdi8,"cp (0x0d2f),0x00",26
UNI_ASSEMBLES_DIFF,stdi8,"ld (0x0431),0x00",26
UNI_ASSEMBLES_DIFF,stda16,"ld (0x0c5d),WA",26
UNI_ASSEMBLES_DIFF,stda16,"ld (0x0c67),WA",26
UNI_ASSEMBLES_DIFF,stdi8,"ld (0x0d4a),0x0b",26
UNI_ASSEMBLES_DIFF,stda16,"ld (0x26b0),WA",26
UNI_ASSEMBLES_DIFF,stb_d8,"ld (0x28b2),A",26
UNI_ASSEMBLES_DIFF,stda16,"ld (0x3614),WA",26
UNI_ASSEMBLES_DIFF,stb_d8,"ld (0x39ad),A",26
UNI_ASSEMBLES_DIFF,stda32,"ld (0x39ae),XIX",26
UNI_ASSEMBLES_DIFF,ldb_d8,"ld A,(0x0420)",26
UNI_ASSEMBLES_DIFF,ldb_d8,"ld A,(0x3312)",26
UNI_ASSEMBLES_DIFF,ldb_d8,"ld A,(0x3338)",26
UNI_ASSEMBLES_DIFF,ldb_d8,"ld A,(0xbfe2)",26
UNI_ASSEMBLES_DIFF,ldb_d8,"ld C,(0x2095)",26
UNI_ASSEMBLES_DIFF,ldw_d16,"ld DE,(0xc596)",26
UNI_ASSEMBLES_DIFF,ldda32,"ld XBC,(0x0c96)",26
UNI_ASSEMBLES_DIFF,orda8,"or A,(0x3313)",26
UNI_ASSEMBLES_DIFF,bitda,"bit 2,(0x28a7)",25
UNI_ASSEMBLES_DIFF,stda16,"ld (0x0c18),WA",25
UNI_ASSEMBLES_DIFF,stdi8,"ld (0x0d6a),0x00",25
UNI_ASSEMBLES_DIFF,stb_d8,"ld (0x0eee),A",25
UNI_ASSEMBLES_DIFF,stdi8,"ld (0x2070),0x40",25
UNI_ASSEMBLES_DIFF,stda16,"ld (0x2530),WA",25
UNI_ASSEMBLES_DIFF,stdi8,"ld (0x2880),0x23",25
UNI_ASSEMBLES_DIFF,stb_d8,"ld (0x343a),L",25
UNI_ASSEMBLES_DIFF,stda32,"ld (0x360c),XWA",25
UNI_ASSEMBLES_DIFF,stdi8,"ld (0xc1fe),0x00",25
UNI_ASSEMBLES_DIFF,ldb_d8,"ld A,(0x7f35)",25
UNI_ASSEMBLES_DIFF,ldw_d16,"ld BC,(0x269a)",25
UNI_ASSEMBLES_DIFF,ldw_d16,"ld IX,(0x06c6)",25
UNI_ASSEMBLES_DIFF,ldw_d16,"ld IY,(0x06c8)",25
UNI_ASSEMBLES_DIFF,ldb_d8,"ld L,(0x0d60)",25
UNI_ASSEMBLES_DIFF,ldb_d8,"ld L,(0x0eee)",25
UNI_ASSEMBLES_DIFF,ldda32,"ld XWA,(0x126e)",25
UNI_ASSEMBLES_DIFF,bitda,"bit 1,(0x1129)",24
UNI_ASSEMBLES_DIFF,bitda,"bit 2,(0xfd50)",24
UNI_ASSEMBLES_DIFF,bit_dd8,"bit 5,(0x1c)",24
UNI_ASSEMBLES_DIFF,cpdi8,"cp (0x0d34),0x01",24
UNI_ASSEMBLES_DIFF,cpdi8,"cp (0x11f8),0x01",24
UNI_ASSEMBLES_DIFF,cpdi8,"cp (0x11f8),0x02",24
UNI_ASSEMBLES_DIFF,cpdi8,"cp (0x348a),0x05",24
UNI_ASSEMBLES_DIFF,cpdi8,"cp (0x8d38),0xe4",24
UNI_ASSEMBLES_DIFF,cpda8,"cp A,(0x041b)",24
UNI_ASSEMBLES_DIFF,cpda8,"cp A,(0x0d57)",24
UNI_ASSEMBLES_DIFF,incdi16,"incw 1,(0x8a1c)",24
UNI_ASSEMBLES_DIFF,stda32,"ld (0x10fd),XHL",24
UNI_ASSEMBLES_DIFF,stb_d8,"ld (0x125a),A",24
UNI_ASSEMBLES_DIFF,stda16,"ld (0x27d6),IY",24
UNI_ASSEMBLES_DIFF,stb_d8,"ld (0x32cb),A",24
UNI_ASSEMBLES_DIFF,stb_d8,"ld (0x32cc),A",24
UNI_ASSEMBLES_DIFF,stdi8,"ld (0x33d4),0x08",24
UNI_ASSEMBLES_DIFF,stb_d8,"ld (0x33db),A",24
UNI_ASSEMBLES_DIFF,stb_d8,"ld (0x342f),A",24
UNI_ASSEMBLES_DIFF,stda16,"ld (0x3974),WA",24
UNI_ASSEMBLES_DIFF,stdi8,"ld (0x7f42),0x0f",24
UNI_ASSEMBLES_DIFF,stda16,"ld (0x9127),WA",24
UNI_ASSEMBLES_DIFF,ldb_d8,"ld A,(0x1ae1)",24
UNI_ASSEMBLES_DIFF,ldb_d8,"ld A,(0x2592)",24
UNI_ASSEMBLES_DIFF,ldb_d8,"ld A,(0x342f)",24
UNI_ASSEMBLES_DIFF,ldb_d8,"ld A,(0x3430)",24
UNI_ASSEMBLES_DIFF,ldb_d8,"ld A,(0x3451)",24
UNI_ASSEMBLES_DIFF,ldb_d8,"ld A,(0x8d8f)",24
UNI_ASSEMBLES_DIFF,ldb_d8,"ld A,(0xcee0)",24
UNI_ASSEMBLES_DIFF,ldb_d8,"ld C,(0x2652)",24
UNI_ASSEMBLES_DIFF,ldb_d8,"ld C,(0x2965)",24
UNI_ASSEMBLES_DIFF,ldb_d8,"ld C,(0xceaa)",24
UNI_ASSEMBLES_DIFF,ldb_d8,"ld E,(0x1942)",24
UNI_ASSEMBLES_DIFF,ldw_d16,"ld HL,(0x0f60)",24
UNI_ASSEMBLES_DIFF,ldb_d8,"ld L,(0x34d6)",24
UNI_ASSEMBLES_DIFF,ldb_d8,"ld L,(0x39a5)",24
UNI_ASSEMBLES_DIFF,ldw_d16,"ld WA,(0x251c)",24
UNI_ASSEMBLES_DIFF,ldw_d16,"ld WA,(0x2782)",24
UNI_ASSEMBLES_DIFF,ldw_d16,"ld WA,(0x2889)",24
UNI_ASSEMBLES_DIFF,ldw_d16,"ld WA,(0x33d6)",24
UNI_ASSEMBLES_DIFF,ldw_d16,"ld WA,(0x33d8)",24
UNI_ASSEMBLES_DIFF,ldda32,"ld XWA,(0x7f44)",24
UNI_ASSEMBLES_DIFF,ldda32,"ld XWA,(0x81f8)",24
UNI_ASSEMBLES_DIFF,resda,"res 0,(0x0473)",24
UNI_ASSEMBLES_DIFF,resda,"res 0,(0x295f)",24
UNI_ASSEMBLES_DIFF,subda16,"sub WA,(0xf23f)",24
UNI_ASSEMBLES_DIFF,addda16,"add WA,(0x25de)",23
UNI_ASSEMBLES_DIFF,anddi8,"and (0xfc5f),0xbf",23
UNI_ASSEMBLES_DIFF,stb_d8,"ld (0x0415),A",23
UNI_ASSEMBLES_DIFF,stb_d8,"ld (0x0416),A",23
UNI_ASSEMBLES_DIFF,stdi8,"ld (0x041e),0x01",23
UNI_ASSEMBLES_DIFF,stda16,"ld (0x0e50),WA",23
UNI_ASSEMBLES_DIFF,stdi8,"ld (0x2070),0x01",23
UNI_ASSEMBLES_DIFF,stb_d8,"ld (0x25e0),A",23
UNI_ASSEMBLES_DIFF,stda16,"ld (0x32c8),WA",23
UNI_ASSEMBLES_DIFF,stda16,"ld (0x32ca),WA",23
UNI_ASSEMBLES_DIFF,stda16,"ld (0x32cc),WA",23
UNI_ASSEMBLES_DIFF,stda16,"ld (0x32ce),WA",23
UNI_ASSEMBLES_DIFF,stda16,"ld (0x32d0),WA",23
UNI_ASSEMBLES_DIFF,stda16,"ld (0x32d2),WA",23
UNI_ASSEMBLES_DIFF,stdi8,"ld (0x7ea6),0x23",23
UNI_ASSEMBLES_DIFF,ldb_d8,"ld A,(0xbfe1)",23
UNI_ASSEMBLES_DIFF,ldb_d8,"ld L,(0x912c)",23
UNI_ASSEMBLES_DIFF,setda,"set 2,(0x28a7)",23
UNI_ASSEMBLES_DIFF,anddi8,"and (0xfc5f),0x7f",22
UNI_ASSEMBLES_DIFF,andda8,"and A,(0xc07f)",22
UNI_ASSEMBLES_DIFF,bitda,"bit 0,(0x32f4)",22
UNI_ASSEMBLES_DIFF,bitda,"bit 2,(0xfc60)",22
UNI_ASSEMBLES_DIFF,bitda,"bit 3,(0x32f4)",22
UNI_ASSEMBLES_DIFF,cpda8,"cp A,(0x0433)",22
UNI_ASSEMBLES_DIFF,stdi8,"ld (0x0ef5),0x01",22
UNI_ASSEMBLES_DIFF,stb_d8,"ld (0x0f70),A",22
UNI_ASSEMBLES_DIFF,stb_d8,"ld (0x12fc),A",22
UNI_ASSEMBLES_DIFF,stb_d8,"ld (0x1a5c),L",22
UNI_ASSEMBLES_DIFF,stda16,"ld (0x2534),WA",22
UNI_ASSEMBLES_DIFF,stda32,"ld (0x3008),XWA",22
UNI_ASSEMBLES_DIFF,stdi8,"ld (0x3333),0x00",22
UNI_ASSEMBLES_DIFF,stda32,"ld (0x39b2),XIX",22
UNI_ASSEMBLES_DIFF,stda16,"ld (0x8504),HL",22
UNI_ASSEMBLES_DIFF,ldb_d8,"ld A,(0x1976)",22
UNI_ASSEMBLES_DIFF,ldb_d8,"ld A,(0x1a5a)",22
UNI_ASSEMBLES_DIFF,ldb_d8,"ld A,(0x1a5b)",22
UNI_ASSEMBLES_DIFF,ldb_d8,"ld A,(0x3316)",22
UNI_ASSEMBLES_DIFF,ldb_d8,"ld A,(0x33d5)",22
UNI_ASSEMBLES_DIFF,ldb_d8,"ld A,(0x36ff)",22
UNI_ASSEMBLES_DIFF,ldb_d8,"ld A,(0x4370)",22
UNI_ASSEMBLES_DIFF,ldb_d8,"ld A,(0x7e24)",22
UNI_ASSEMBLES_DIFF,ldb_d8,"ld C,(0x2092)",22
UNI_ASSEMBLES_DIFF,ldb_d8,"ld C,(0xc07f)",22
UNI_ASSEMBLES_DIFF,ldw_d16,"ld HL,(0x3612)",22
UNI_ASSEMBLES_DIFF,ldw_d16,"ld IY,(0x11b2)",22
UNI_ASSEMBLES_DIFF,ldw_d16,"ld IY,(0x3449)",22
UNI_ASSEMBLES_DIFF,ldb_d8,"ld L,(0x964c)",22
UNI_ASSEMBLES_DIFF,ldw_d16,"ld WA,(0x2834)",22
UNI_ASSEMBLES_DIFF,ldw_d16,"ld WA,(0x3d04)",22
UNI_ASSEMBLES_DIFF,ldw_d16,"ld WA,(0x7e42)",22
UNI_ASSEMBLES_DIFF,ldda32,"ld XIY,(0x3232)",22
UNI_ASSEMBLES_DIFF,ldda32,"ld XWA,(0x3d5c)",22
UNI_ASSEMBLES_DIFF,ldda32,"ld XWA,(0x81e0)",22
UNI_ASSEMBLES_DIFF,ldda32,"ld XWA,(0x81f4)",22
UNI_ASSEMBLES_DIFF,ldda32,"ld XWA,(0x83da)",22
UNI_ASSEMBLES_DIFF,orda8,"or A,(0x3318)",22
UNI_ASSEMBLES_DIFF,setda,"set 1,(0x230e)",22
UNI_ASSEMBLES_DIFF,setda,"set 1,(0x28a7)",22
UNI_ASSEMBLES_DIFF,setda,"set 4,(0x28b3)",22
UNI_ASSEMBLES_DIFF,bitda,"bit 1,(0x28a7)",21
UNI_ASSEMBLES_DIFF,cpdi8,"cp (0x1d62),0x01",21
UNI_ASSEMBLES_DIFF,cpdm16,"cp (0x1d66),WA",21
UNI_ASSEMBLES_DIFF,cpdi8,"cp (0x1d92),0x01",21
UNI_ASSEMBLES_DIFF,cpdi8,"cp (0x895e),0x00",21
UNI_ASSEMBLES_DIFF,cpda16,"cp DE,(0x28ba)",21
UNI_ASSEMBLES_DIFF,stb_d8,"ld (0x0c4e),W",21
UNI_ASSEMBLES_DIFF,stdi8,"ld (0x0d57),0x00",21
UNI_ASSEMBLES_DIFF,stb_d8,"ld (0x0e53),A",21
UNI_ASSEMBLES_DIFF,stb_d8,"ld (0x10f3),A",21
UNI_ASSEMBLES_DIFF,stda32,"ld (0x1118),XIX",21
UNI_ASSEMBLES_DIFF,stdi8,"ld (0x11f4),0x00",21
UNI_ASSEMBLES_DIFF,stb_d8,"ld (0x2636),A",21
UNI_ASSEMBLES_DIFF,stda16,"ld (0x26ae),WA",21
UNI_ASSEMBLES_DIFF,stda16,"ld (0x26ec),WA",21
UNI_ASSEMBLES_DIFF,stda32,"ld (0x2881),XHL",21
UNI_ASSEMBLES_DIFF,stb_d8,"ld (0x3392),A",21
UNI_ASSEMBLES_DIFF,stda16,"ld (0xf22f),WA",21
UNI_ASSEMBLES_DIFF,ldb_d8,"ld A,(0x0421)",21
UNI_ASSEMBLES_DIFF,ldb_d8,"ld A,(0x0c03)",21
UNI_ASSEMBLES_DIFF,ldb_d8,"ld A,(0x0ce5)",21
UNI_ASSEMBLES_DIFF,ldb_d8,"ld A,(0x0d3f)",21
UNI_ASSEMBLES_DIFF,ldb_d8,"ld A,(0x0e02)",21
UNI_ASSEMBLES_DIFF,ldb_d8,"ld A,(0x11f7)",21
UNI_ASSEMBLES_DIFF,ldb_d8,"ld A,(0x20b9)",21
UNI_ASSEMBLES_DIFF,ldb_d8,"ld A,(0x216a)",21
UNI_ASSEMBLES_DIFF,ldb_d8,"ld A,(0x2587)",21
UNI_ASSEMBLES_DIFF,ldb_d8,"ld A,(0x2660)",21
UNI_ASSEMBLES_DIFF,ldb_d8,"ld A,(0x2710)",21
UNI_ASSEMBLES_DIFF,ldb_d8,"ld A,(0x2798)",21
UNI_ASSEMBLES_DIFF,ldb_d8,"ld A,(0x28c5)",21
UNI_ASSEMBLES_DIFF,ldb_d8,"ld A,(0x343a)",21
UNI_ASSEMBLES_DIFF,ldb_d8,"ld A,(0xbfe3)",21
UNI_ASSEMBLES_DIFF,ldw_d16,"ld BC,(0x258e)",21
UNI_ASSEMBLES_DIFF,ldw_d16,"ld BC,(0x2668)",21
UNI_ASSEMBLES_DIFF,ldb_d8,"ld C,(0x2634)",21
UNI_ASSEMBLES_DIFF,ldb_d8,"ld C,(0x2708)",21
UNI_ASSEMBLES_DIFF,ldw_d16,"ld IZ,(0x0409)",21
UNI_ASSEMBLES_DIFF,ldw_d16,"ld IZ,(0x28af)",21
UNI_ASSEMBLES_DIFF,ldb_d8,"ld L,(0x0fab)",21
UNI_ASSEMBLES_DIFF,ldb_d8,"ld L,(0x2877)",21
UNI_ASSEMBLES_DIFF,ldw_d16,"ld WA,(0x0cce)",21
UNI_ASSEMBLES_DIFF,ldw_d16,"ld WA,(0x1d64)",21
UNI_ASSEMBLES_DIFF,ldw_d16,"ld WA,(0x26ac)",21
UNI_ASSEMBLES_DIFF,ldw_d16,"ld WA,(0x3578)",21
UNI_ASSEMBLES_DIFF,ldw_d16,"ld WA,(0xf231)",21
UNI_ASSEMBLES_DIFF,ldda32,"ld XDE,(0x1d5a)",21
UNI_ASSEMBLES_DIFF,ldda32,"ld XWA,(0x0c6e)",21
UNI_ASSEMBLES_DIFF,ldda32,"ld XWA,(0x0c9a)",21
UNI_ASSEMBLES_DIFF,orda8,"or A,(0x0cee)",21
UNI_ASSEMBLES_DIFF,popw_dd16,"popw (0x28af)",21
UNI_ASSEMBLES_DIFF,push_sd16w,"pushw (0x28af)",21
UNI_ASSEMBLES_DIFF,resda,"res 0,(0x0459)",21
UNI_ASSEMBLES_DIFF,resda,"res 7,(0x28ae)",21
UNI_ASSEMBLES_DIFF,anddi8,"and (0x3326),0xc0",20
UNI_ASSEMBLES_DIFF,anddi8,"and (0x35b0),0xfb",20
UNI_ASSEMBLES_DIFF,and_sd8b_im,"and (0xd6),0xdf",20
UNI_ASSEMBLES_DIFF,bitda,"bit 0,(0x28b1)",20
UNI_ASSEMBLES_DIFF,bitda,"bit 0,(0x31e7)",20
UNI_ASSEMBLES_DIFF,bitda,"bit 0,(0x33e1)",20
UNI_ASSEMBLES_DIFF,bitda,"bit 2,(0x28b2)",20
UNI_ASSEMBLES_DIFF,bitda,"bit 3,(0x287b)",20
UNI_ASSEMBLES_DIFF,bitda,"bit 3,(0x379b)",20
UNI_ASSEMBLES_DIFF,bitda,"bit 4,(0x32f4)",20
UNI_ASSEMBLES_DIFF,cpdi8,"cp (0x33d4),0x01",20
UNI_ASSEMBLES_DIFF,cpdi8,"cp (0x33d4),0x02",20
UNI_ASSEMBLES_DIFF,cpdi8,"cp (0x33d4),0x04",20
UNI_ASSEMBLES_DIFF,cpdi8,"cp (0x33d4),0x08",20
UNI_ASSEMBLES_DIFF,cpdi8,"cp (0x33d4),0x10",20
UNI_ASSEMBLES_DIFF,cpdi8,"cp (0x8d36),0x78",20
UNI_ASSEMBLES_DIFF,cpdi8,"cp (0x8d36),0x7a",20
UNI_ASSEMBLES_DIFF,cpdi8,"cp (0x8d38),0x8a",20
UNI_ASSEMBLES_DIFF,cpda8,"cp A,(0x231c)",20
UNI_ASSEMBLES_DIFF,incdi8,"inc 1,(0x349f)",20
UNI_ASSEMBLES_DIFF,stda16,"ld (0x041c),HL",20
UNI_ASSEMBLES_DIFF,stdi8,"ld (0x0420),0x01",20
UNI_ASSEMBLES_DIFF,stb_d8,"ld (0x0436),A",20
UNI_ASSEMBLES_DIFF,stb_d8,"ld (0x0437),A",20
UNI_ASSEMBLES_DIFF,stb_d8,"ld (0x046a),A",20
UNI_ASSEMBLES_DIFF,stb_d8,"ld (0x0c8e),A",20
UNI_ASSEMBLES_DIFF,stdi8,"ld (0x0f70),0x30",20
UNI_ASSEMBLES_DIFF,stdi8,"ld (0x2071),0x10",20
UNI_ASSEMBLES_DIFF,stda32,"ld (0x21d7),XWA",20
UNI_ASSEMBLES_DIFF,stdi8,"ld (0x22fc),0x00",20
UNI_ASSEMBLES_DIFF,stb_d8,"ld (0x2740),C",20
UNI_ASSEMBLES_DIFF,stdi8,"ld (0x28be),0xff",20
UNI_ASSEMBLES_DIFF,stda16,"ld (0x28c1),IY",20
UNI_ASSEMBLES_DIFF,stda16,"ld (0x28c1),WA",20
UNI_ASSEMBLES_DIFF,stdi8,"ld (0x33d4),0x04",20
UNI_ASSEMBLES_DIFF,stda16,"ld (0x33d6),IZ",20
UNI_ASSEMBLES_DIFF,stda16,"ld (0x346b),WA",20
UNI_ASSEMBLES_DIFF,stb_d8,"ld (0x349f),A",20
UNI_ASSEMBLES_DIFF,stdi8,"ld (0x3628),0x83",20
UNI_ASSEMBLES_DIFF,stdi8,"ld (0x3717),0xff",20
UNI_ASSEMBLES_DIFF,stb_d8,"ld (0x3721),A",20
UNI_ASSEMBLES_DIFF,stda16,"ld (0x7e42),WA",20
UNI_ASSEMBLES_DIFF,stda16,"ld (0x7e44),WA",20
UNI_ASSEMBLES_DIFF,stdi8,"ld (0x7f42),0x02",20
UNI_ASSEMBLES_DIFF,stda16,"ld (0x8466),HL",20
UNI_ASSEMBLES_DIFF,stdi8,"ld (0x84fe),0x01",20
UNI_ASSEMBLES_DIFF,ldb_d8,"ld A,(0x0f66)",20
UNI_ASSEMBLES_DIFF,ldb_d8,"ld A,(0x343c)",20
UNI_ASSEMBLES_DIFF,ldb_d8,"ld A,(0x34cf)",20
UNI_ASSEMBLES_DIFF,ldb_d8,"ld A,(0x7e54)",20
UNI_ASSEMBLES_DIFF,ldb_d8,"ld A,(0x964f)",20
UNI_ASSEMBLES_DIFF,ldw_d16,"ld WA,(0x0c73)",20
UNI_ASSEMBLES_DIFF,ldw_d16,"ld WA,(0x3552)",20
UNI_ASSEMBLES_DIFF,ldw_d16,"ld WA,(0x367e)",20
UNI_ASSEMBLES_DIFF,ldw_d16,"ld WA,(0x398a)",20
UNI_ASSEMBLES_DIFF,ldda32,"ld XWA,(0x8154)",20
UNI_ASSEMBLES_DIFF,ldda32,"ld XWA,(0xbc10)",20
UNI_ASSEMBLES_DIFF,orda8,"or A,(0x3317)",20
UNI_ASSEMBLES_DIFF,resda,"res 0,(0x8d88)",20
UNI_ASSEMBLES_DIFF,setda,"set 1,(0x90f9)",20
UNI_ASSEMBLES_DIFF,anddm16,"and (0x2316),BC",19
UNI_ASSEMBLES_DIFF,bitda,"bit 0,(0x28a6)",19
UNI_ASSEMBLES_DIFF,bitda,"bit 2,(0x041f)",19
UNI_ASSEMBLES_DIFF,bitda,"bit 2,(0xfc5f)",19
UNI_ASSEMBLES_DIFF,bitda,"bit 3,(0xfc5f)",19
UNI_ASSEMBLES_DIFF,cpdi8,"cp (0x8d34),0x0e",19
UNI_ASSEMBLES_DIFF,stb_d8,"ld (0x0c13),A",19
UNI_ASSEMBLES_DIFF,stdi8,"ld (0x0d55),0xff",19
UNI_ASSEMBLES_DIFF,stb_d8,"ld (0x0e52),A",19
UNI_ASSEMBLES_DIFF,stda32,"ld (0x1088),XIX",19
UNI_ASSEMBLES_DIFF,stdi8,"ld (0x1155),0x00",19
UNI_ASSEMBLES_DIFF,stb_d8,"ld (0x12fe),A",19
UNI_ASSEMBLES_DIFF,st_dd8b,"ld (0x1a),A",19
UNI_ASSEMBLES_DIFF,stdi8,"ld (0x2826),0x03",19
UNI_ASSEMBLES_DIFF,stdi8,"ld (0x2880),0xff",19
UNI_ASSEMBLES_DIFF,stb_d8,"ld (0x33da),A",19
UNI_ASSEMBLES_DIFF,stdi8,"ld (0x349f),0x00",19
UNI_ASSEMBLES_DIFF,ldb_d8,"ld A,(0x0eb6)",19
UNI_ASSEMBLES_DIFF,ldw_d16,"ld DE,(0x0c73)",19
UNI_ASSEMBLES_DIFF,ldb_d8,"ld E,(0x195a)",19
UNI_ASSEMBLES_DIFF,ldb_d8,"ld L,(0x288d)",19
UNI_ASSEMBLES_DIFF,ldw_d16,"ld WA,(0x12b2)",19
UNI_ASSEMBLES_DIFF,ldw_d16,"ld WA,(0x2534)",19
UNI_ASSEMBLES_DIFF,ldda32,"ld XDE,(0x0c92)",19
UNI_ASSEMBLES_DIFF,ldda32,"ld XIX,(0x0c96)",19
UNI_ASSEMBLES_DIFF,ldda32,"ld XWA,(0x360c)",19
UNI_ASSEMBLES_DIFF,setda,"set 0,(0x0459)",19
UNI_ASSEMBLES_DIFF,adddm16,"add (0x0f6a),WA",18
UNI_ASSEMBLES_DIFF,addda32,"add XWA,(0x0622)",18
UNI_ASSEMBLES_DIFF,anddi8,"and (0x1134),0xfd",18
UNI_ASSEMBLES_DIFF,andda8,"and A,(0xc07e)",18
UNI_ASSEMBLES_DIFF,andda8,"and L,(0x8f4a)",18
UNI_ASSEMBLES_DIFF,andda16,"and WA,(0x28b4)",18
UNI_ASSEMBLES_DIFF,bitda,"bit 0,(0x3363)",18
UNI_ASSEMBLES_DIFF,bitda,"bit 2,(0x287b)",18
UNI_ASSEMBLES_DIFF,bitda,"bit 2,(0xfd52)",18
UNI_ASSEMBLES_DIFF,bitda,"bit 6,(0xfc5f)",18
UNI_ASSEMBLES_DIFF,bitda,"bit 7,(0xfc5f)",18
UNI_ASSEMBLES_DIFF,cpdi8,"cp (0x0ef6),0x00",18
UNI_ASSEMBLES_DIFF,cpdi8,"cp (0x11f8),0x00",18
UNI_ASSEMBLES_DIFF,cpdi8,"cp (0x2636),0x00",18
UNI_ASSEMBLES_DIFF,cpdm16,"cp (0x279a),WA",18
UNI_ASSEMBLES_DIFF,cpdi8,"cp (0x350c),0x00",18
UNI_ASSEMBLES_DIFF,cpdi8,"cp (0x7f42),0xff",18
UNI_ASSEMBLES_DIFF,cpdi8,"cp (0x8d34),0x11",18
UNI_ASSEMBLES_DIFF,cpda16,"cp IZ,(0x25de)",18
UNI_ASSEMBLES_DIFF,incdi8,"inc 1,(0x8922)",18
UNI_ASSEMBLES_DIFF,stb_d8,"ld (0x041b),A",18
UNI_ASSEMBLES_DIFF,stda16,"ld (0x05c3),WA",18
UNI_ASSEMBLES_DIFF,stdi8,"ld (0x05e2),0x00",18
UNI_ASSEMBLES_DIFF,stda16,"ld (0x0c90),WA",18
UNI_ASSEMBLES_DIFF,stda16,"ld (0x0ce6),WA",18
UNI_ASSEMBLES_DIFF,stda16,"ld (0x0ec2),WA",18
UNI_ASSEMBLES_DIFF,stdi8,"ld (0x108b),0x7f",18
UNI_ASSEMBLES_DIFF,stdi8,"ld (0x1144),0x00",18
UNI_ASSEMBLES_DIFF,stdi8,"ld (0x1155),0x01",18
UNI_ASSEMBLES_DIFF,stdi8,"ld (0x207e),0x01",18
UNI_ASSEMBLES_DIFF,stb_d8,"ld (0x22fe),A",18
UNI_ASSEMBLES_DIFF,stdi8,"ld (0x2760),0x00",18
UNI_ASSEMBLES_DIFF,stdi8,"ld (0x2784),0x00",18
UNI_ASSEMBLES_DIFF,stda16,"ld (0x27da),IY",18
UNI_ASSEMBLES_DIFF,stdi8,"ld (0x2877),0x7f",18
UNI_ASSEMBLES_DIFF,stdi8,"ld (0x287a),0x05",18
UNI_ASSEMBLES_DIFF,stda16,"ld (0x2885),WA",18
UNI_ASSEMBLES_DIFF,stda16,"ld (0x28c3),WA",18
UNI_ASSEMBLES_DIFF,stdi8,"ld (0x295c),0x83",18
UNI_ASSEMBLES_DIFF,stdi8,"ld (0x33d4),0x10",18
UNI_ASSEMBLES_DIFF,stdi8,"ld (0x33d4),0x20",18
UNI_ASSEMBLES_DIFF,stb_d8,"ld (0x3475),C",18
UNI_ASSEMBLES_DIFF,stb_d8,"ld (0x3476),A",18
UNI_ASSEMBLES_DIFF,stdi8,"ld (0x34ef),0x1a",18
UNI_ASSEMBLES_DIFF,stda16,"ld (0x3612),WA",18
UNI_ASSEMBLES_DIFF,stb_d8,"ld (0x379b),A",18
UNI_ASSEMBLES_DIFF,stdi8,"ld (0x7f42),0x01",18
UNI_ASSEMBLES_DIFF,stdi8,"ld (0x8922),0x00",18
UNI_ASSEMBLES_DIFF,stb_d8,"ld (0x8d4c),A",18
UNI_ASSEMBLES_DIFF,stb_d8,"ld (0x9129),A",18
UNI_ASSEMBLES_DIFF,stda16,"ld (0x9129),DE",18
UNI_ASSEMBLES_DIFF,stdi8,"ld (0xc218),0x16",18
UNI_ASSEMBLES_DIFF,stdi8,"ld (0xe3e0),0x10",18
UNI_ASSEMBLES_DIFF,ldb_d8,"ld A,(0x2169)",18
UNI_ASSEMBLES_DIFF,ldb_d8,"ld A,(0x2250)",18
UNI_ASSEMBLES_DIFF,ldb_d8,"ld A,(0x231e)",18
UNI_ASSEMBLES_DIFF,ldb_d8,"ld A,(0x25a2)",18
UNI_ASSEMBLES_DIFF,ldb_d8,"ld A,(0x25c0)",18
UNI_ASSEMBLES_DIFF,ldb_d8,"ld A,(0x2616)",18
UNI_ASSEMBLES_DIFF,ldb_d8,"ld A,(0x32d8)",18
UNI_ASSEMBLES_DIFF,ldb_d8,"ld A,(0x330a)",18
UNI_ASSEMBLES_DIFF,ldb_d8,"ld A,(0x3391)",18
UNI_ASSEMBLES_DIFF,ldb_d8,"ld A,(0x3431)",18
UNI_ASSEMBLES_DIFF,ldb_d8,"ld A,(0x9127)",18
UNI_ASSEMBLES_DIFF,ldb_d8,"ld A,(0x9131)",18
UNI_ASSEMBLES_DIFF,ldb_d8,"ld A,(0xc080)",18
UNI_ASSEMBLES_DIFF,ldb_d8,"ld B,(0x8d4c)",18
UNI_ASSEMBLES_DIFF,ldw_d16,"ld BC,(0x041c)",18
UNI_ASSEMBLES_DIFF,ldw_d16,"ld BC,(0x1105)",18
UNI_ASSEMBLES_DIFF,ldw_d16,"ld BC,(0x268e)",18
UNI_ASSEMBLES_DIFF,ldw_d16,"ld BC,(0x2694)",18
UNI_ASSEMBLES_DIFF,ldw_d16,"ld BC,(0xf22f)",18
UNI_ASSEMBLES_DIFF,ld_sd8b,"ld C,(0x19)",18
UNI_ASSEMBLES_DIFF,ldb_d8,"ld C,(0x2250)",18
UNI_ASSEMBLES_DIFF,ldb_d8,"ld C,(0x25e0)",18
UNI_ASSEMBLES_DIFF,ldb_d8,"ld C,(0x8d4c)",18
UNI_ASSEMBLES_DIFF,ldb_d8,"ld D,(0x8d4c)",18
UNI_ASSEMBLES_DIFF,ldw_d16,"ld DE,(0x9646)",18
UNI_ASSEMBLES_DIFF,ldb_d8,"ld E,(0x8d4c)",18
UNI_ASSEMBLES_DIFF,ldb_d8,"ld H,(0xfc5b)",18
UNI_ASSEMBLES_DIFF,ldw_d16,"ld IX,(0x0487)",18
UNI_ASSEMBLES_DIFF,ldw_d16,"ld IX,(0x3660)",18
UNI_ASSEMBLES_DIFF,ldw_d16,"ld IY,(0x1073)",18
UNI_ASSEMBLES_DIFF,ldw_d16,"ld IY,(0x27d6)",18
UNI_ASSEMBLES_DIFF,ldw_d16,"ld IY,(0x365e)",18
UNI_ASSEMBLES_DIFF,ldb_d8,"ld L,(0x0ce5)",18
UNI_ASSEMBLES_DIFF,ldb_d8,"ld L,(0x0d65)",18
UNI_ASSEMBLES_DIFF,ldb_d8,"ld L,(0x20b8)",18
UNI_ASSEMBLES_DIFF,ldb_d8,"ld L,(0xfc5a)",18
UNI_ASSEMBLES_DIFF,ldb_d8,"ld W,(0x216a)",18
UNI_ASSEMBLES_DIFF,ldw_d16,"ld WA,(0x2628)",18
UNI_ASSEMBLES_DIFF,ldw_d16,"ld WA,(0x262e)",18
UNI_ASSEMBLES_DIFF,ldw_d16,"ld WA,(0x27ec)",18
UNI_ASSEMBLES_DIFF,ldw_d16,"ld WA,(0x2885)",18
UNI_ASSEMBLES_DIFF,ldw_d16,"ld WA,(0x3514)",18
UNI_ASSEMBLES_DIFF,ldw_d16,"ld WA,(0x7f66)",18
UNI_ASSEMBLES_DIFF,ldw_d16,"ld WA,(0x81ac)",18
UNI_ASSEMBLES_DIFF,ldda32,"ld XHL,(0x0c72)",18
UNI_ASSEMBLES_DIFF,ldda32,"ld XWA,(0x0642)",18
UNI_ASSEMBLES_DIFF,ldda32,"ld XWA,(0x39b2)",18
UNI_ASSEMBLES_DIFF,ordi8,"or (0x8d92),0x01",18
UNI_ASSEMBLES_DIFF,resda,"res 2,(0x287b)",18
UNI_ASSEMBLES_DIFF,set_dd8,"set 0,(0x68)",18
UNI_ASSEMBLES_DIFF,anddi8,"and (0xfc5f),0xef",17
UNI_ASSEMBLES_DIFF,cpda8,"cp A,(0x231e)",17
UNI_ASSEMBLES_DIFF,cpda16,"cp WA,(0x041c)",17
UNI_ASSEMBLES_DIFF,stdi8,"ld (0x041e),0x06",17
UNI_ASSEMBLES_DIFF,stda16,"ld (0x0468),WA",17
UNI_ASSEMBLES_DIFF,stda16,"ld (0x06ce),WA",17
UNI_ASSEMBLES_DIFF,stda16,"ld (0x06d0),WA",17
UNI_ASSEMBLES_DIFF,stda16,"ld (0x06d2),WA",17
UNI_ASSEMBLES_DIFF,stb_d8,"ld (0x11af),A",17
UNI_ASSEMBLES_DIFF,stdi8,"ld (0x1239),0x00",17
UNI_ASSEMBLES_DIFF,stdi8,"ld (0x1239),0xff",17
UNI_ASSEMBLES_DIFF,stda16,"ld (0x1958),BC",17
UNI_ASSEMBLES_DIFF,stda16,"ld (0x195a),DE",17
UNI_ASSEMBLES_DIFF,stdi8,"ld (0x2070),0xab",17
UNI_ASSEMBLES_DIFF,stdi8,"ld (0x2229),0x00",17
UNI_ASSEMBLES_DIFF,stb_d8,"ld (0x2250),A",17
UNI_ASSEMBLES_DIFF,stb_d8,"ld (0x32ec),A",17
UNI_ASSEMBLES_DIFF,stda16,"ld (0x95aa),DE",17
UNI_ASSEMBLES_DIFF,ldb_d8,"ld A,(0x20ba)",17
UNI_ASSEMBLES_DIFF,ldb_d8,"ld A,(0x2a86)",17
UNI_ASSEMBLES_DIFF,ldb_d8,"ld A,(0x7f02)",17
UNI_ASSEMBLES_DIFF,ldb_d8,"ld A,(0xfc61)",17
UNI_ASSEMBLES_DIFF,ldw_d16,"ld BC,(0x2790)",17
UNI_ASSEMBLES_DIFF,ldb_d8,"ld E,(0x2250)",17
UNI_ASSEMBLES_DIFF,ldb_d8,"ld L,(0x1959)",17
UNI_ASSEMBLES_DIFF,ldb_d8,"ld W,(0xfd66)",17
UNI_ASSEMBLES_DIFF,ldw_d16,"ld WA,(0x2532)",17
UNI_ASSEMBLES_DIFF,ldw_d16,"ld WA,(0x3576)",17
UNI_ASSEMBLES_DIFF,resda,"res 0,(0x045b)",17
UNI_ASSEMBLES_DIFF,resda,"res 0,(0x26e2)",17
UNI_ASSEMBLES_DIFF,resda,"res 5,(0x28b3)",17
UNI_ASSEMBLES_DIFF,set_dd8,"set 0,(0x34)",17
UNI_ASSEMBLES_DIFF,anddi8,"and (0x3317),0xc0",16
UNI_ASSEMBLES_DIFF,anddi8,"and (0xfc5f),0xdf",16
UNI_ASSEMBLES_DIFF,bitda,"bit 0,(0x041e)",16
UNI_ASSEMBLES_DIFF,bitda,"bit 0,(0x347a)",16
UNI_ASSEMBLES_DIFF,bitda,"bit 1,(0xfc5f)",16
UNI_ASSEMBLES_DIFF,bitda,"bit 4,(0x379b)",16
UNI_ASSEMBLES_DIFF,bitda,"bit 5,(0xf9f7)",16
UNI_ASSEMBLES_DIFF,bitda,"bit 5,(0xfbb1)",16
UNI_ASSEMBLES_DIFF,bitda,"bit 6,(0xbd18)",16
UNI_ASSEMBLES_DIFF,bitda,"bit 7,(0x346d)",16
UNI_ASSEMBLES_DIFF,cpdi8,"cp (0x0d65),0x03",16
UNI_ASSEMBLES_DIFF,cpdi8,"cp (0x33d4),0x20",16
UNI_ASSEMBLES_DIFF,cpdi8,"cp (0x3a7e),0x00",16
UNI_ASSEMBLES_DIFF,cpdi8,"cp (0x89f8),0x01",16
UNI_ASSEMBLES_DIFF,cpdi8,"cp (0x89fa),0x00",16
UNI_ASSEMBLES_DIFF,cpdi8,"cp (0xc1ff),0xff",16
UNI_ASSEMBLES_DIFF,cpda16,"cp DE,(0x3658)",16
UNI_ASSEMBLES_DIFF,incdi8,"inc 1,(0xe197)",16
UNI_ASSEMBLES_DIFF,stdi8,"ld (0x0421),0x06",16
UNI_ASSEMBLES_DIFF,stb_d8,"ld (0x1a57),L",16
UNI_ASSEMBLES_DIFF,stb_d8,"ld (0x1a58),L",16
UNI_ASSEMBLES_DIFF,stb_d8,"ld (0x1a59),L",16
UNI_ASSEMBLES_DIFF,stdi8,"ld (0x2071),0x40",16
UNI_ASSEMBLES_DIFF,stda16,"ld (0x2530),IX",16
UNI_ASSEMBLES_DIFF,stda16,"ld (0x28bf),WA",16
UNI_ASSEMBLES_DIFF,stb_d8,"ld (0x3312),A",16
UNI_ASSEMBLES_DIFF,stb_d8,"ld (0x3313),A",16
UNI_ASSEMBLES_DIFF,stb_d8,"ld (0x3314),A",16
UNI_ASSEMBLES_DIFF,stb_d8,"ld (0x3315),A",16
UNI_ASSEMBLES_DIFF,stb_d8,"ld (0x3316),A",16
UNI_ASSEMBLES_DIFF,stb_d8,"ld (0x3317),A",16
UNI_ASSEMBLES_DIFF,stb_d8,"ld (0x3318),A",16
UNI_ASSEMBLES_DIFF,stb_d8,"ld (0x335d),A",16
UNI_ASSEMBLES_DIFF,stda16,"ld (0x33d6),WA",16
UNI_ASSEMBLES_DIFF,stda16,"ld (0x346b),HL",16
UNI_ASSEMBLES_DIFF,stb_d8,"ld (0x34d6),A",16
UNI_ASSEMBLES_DIFF,stdi8,"ld (0x3728),0x00",16
UNI_ASSEMBLES_DIFF,stda32,"ld (0x3912),XWA",16
UNI_ASSEMBLES_DIFF,stda32,"ld (0x39b2),XWA",16
UNI_ASSEMBLES_DIFF,stda16,"ld (0x7e0f),IX",16
UNI_ASSEMBLES_DIFF,stdi8,"ld (0x7ea6),0x00",16
UNI_ASSEMBLES_DIFF,stdi8,"ld (0x8b04),0xff",16
UNI_ASSEMBLES_DIFF,stda16,"ld (0x9127),BC",16
UNI_ASSEMBLES_DIFF,stda16,"ld (0x915b),BC",16
UNI_ASSEMBLES_DIFF,stda16,"ld (0x915d),DE",16
UNI_ASSEMBLES_DIFF,stdi8,"ld (0xc204),0x02",16
UNI_ASSEMBLES_DIFF,ldb_d8,"ld A,(0x0e0d)",16
UNI_ASSEMBLES_DIFF,ldb_d8,"ld A,(0x22fc)",16
UNI_ASSEMBLES_DIFF,ldb_d8,"ld A,(0x3309)",16
UNI_ASSEMBLES_DIFF,ldb_d8,"ld A,(0x330b)",16
UNI_ASSEMBLES_DIFF,ldb_d8,"ld A,(0x3314)",16
UNI_ASSEMBLES_DIFF,ldb_d8,"ld A,(0x3384)",16
UNI_ASSEMBLES_DIFF,ldb_d8,"ld A,(0x33ea)",16
UNI_ASSEMBLES_DIFF,ldb_d8,"ld A,(0x342d)",16
UNI_ASSEMBLES_DIFF,ldb_d8,"ld A,(0x35b0)",16
UNI_ASSEMBLES_DIFF,ldb_d8,"ld A,(0x7e56)",16
UNI_ASSEMBLES_DIFF,ldb_d8,"ld A,(0x8d7a)",16
UNI_ASSEMBLES_DIFF,ldb_d8,"ld A,(0x8ee4)",16
UNI_ASSEMBLES_DIFF,ldb_d8,"ld A,(0x9130)",16
UNI_ASSEMBLES_DIFF,ldb_d8,"ld A,(0xc5a2)",16
UNI_ASSEMBLES_DIFF,ldb_d8,"ld A,(0xfc5b)",16
UNI_ASSEMBLES_DIFF,ldb_d8,"ld B,(0x2250)",16
UNI_ASSEMBLES_DIFF,ldw_d16,"ld BC,(0x3d04)",16
UNI_ASSEMBLES_DIFF,ldw_d16,"ld BC,(0x91b7)",16
UNI_ASSEMBLES_DIFF,ldw_d16,"ld BC,(0x9644)",16
UNI_ASSEMBLES_DIFF,ldb_d8,"ld C,(0x270a)",16
UNI_ASSEMBLES_DIFF,ldb_d8,"ld C,(0x2823)",16
UNI_ASSEMBLES_DIFF,ldw_d16,"ld IY,(0x28af)",16
UNI_ASSEMBLES_DIFF,ldw_d16,"ld IY,(0x3512)",16
UNI_ASSEMBLES_DIFF,ldb_d8,"ld L,(0xe197)",16
UNI_ASSEMBLES_DIFF,ldw_d16,"ld WA,(0x0ce4)",16
UNI_ASSEMBLES_DIFF,ldw_d16,"ld WA,(0x346b)",16
UNI_ASSEMBLES_DIFF,ldw_d16,"ld WA,(0x3622)",16
UNI_ASSEMBLES_DIFF,ldw_d16,"ld WA,(0x3974)",16
UNI_ASSEMBLES_DIFF,ldw_d16,"ld WA,(0xe9e5)",16
UNI_ASSEMBLES_DIFF,ldda32,"ld XIY,(0x0c92)",16
UNI_ASSEMBLES_DIFF,ldda32,"ld XWA,(0x82d4)",16
UNI_ASSEMBLES_DIFF,ordi8,"or (0x3481),0x04",16
UNI_ASSEMBLES_DIFF,ordi8,"or (0x3481),0x08",16
UNI_ASSEMBLES_DIFF,ordi8,"or (0x3485),0x04",16
UNI_ASSEMBLES_DIFF,orda8,"or A,(0x3314)",16
UNI_ASSEMBLES_DIFF,adddm32,"add (0x25da),XWA",15
UNI_ASSEMBLES_DIFF,addda32,"add XHL,(0x1d5a)",15
UNI_ASSEMBLES_DIFF,anddi8,"and (0x113b),0xfe",15
UNI_ASSEMBLES_DIFF,anddi8,"and (0x28a7),0xf7",15
UNI_ASSEMBLES_DIFF,anddi8,"and (0x28ac),0xfb",15
UNI_ASSEMBLES_DIFF,and_sd8b_im,"and (0x3c),0xbf",15
UNI_ASSEMBLES_DIFF,andda16,"and DE,(0x2316)",15
UNI_ASSEMBLES_DIFF,andda16,"and DE,(0x28a8)",15
UNI_ASSEMBLES_DIFF,andda16,"and DE,(0x28aa)",15
UNI_ASSEMBLES_DIFF,bitda,"bit 0,(0x27d2)",15
UNI_ASSEMBLES_DIFF,bitda,"bit 0,(0x287b)",15
UNI_ASSEMBLES_DIFF,bitda,"bit 1,(0x27d2)",15
UNI_ASSEMBLES_DIFF,bitda,"bit 2,(0x0d42)",15
UNI_ASSEMBLES_DIFF,bit_dd8,"bit 3,(0x68)",15
UNI_ASSEMBLES_DIFF,cpdi8,"cp (0x0d3e),0x03",15
UNI_ASSEMBLES_DIFF,cpdi8,"cp (0x1d86),0x00",15
UNI_ASSEMBLES_DIFF,cpdi8,"cp (0x8c98),0x13",15
UNI_ASSEMBLES_DIFF,cpda8,"cp A,(0x0e41)",15
UNI_ASSEMBLES_DIFF,cpda8,"cp A,(0x2324)",15
UNI_ASSEMBLES_DIFF,cpda8,"cp A,(0x2682)",15
UNI_ASSEMBLES_DIFF,cpda16,"cp WA,(0x279a)",15
UNI_ASSEMBLES_DIFF,incdi8,"inc 1,(0x2877)",15
UNI_ASSEMBLES_DIFF,stb_d8,"ld (0x0417),A",15
UNI_ASSEMBLES_DIFF,stdi8,"ld (0x05e0),0x00",15
UNI_ASSEMBLES_DIFF,stda16,"ld (0x0ccc),WA",15
UNI_ASSEMBLES_DIFF,stb_d8,"ld (0x0cee),A",15
UNI_ASSEMBLES_DIFF,stda16,"ld (0x0d1a),WA",15
UNI_ASSEMBLES_DIFF,stb_d8,"ld (0x0d6d),A",15
UNI_ASSEMBLES_DIFF,stb_d8,"ld (0x0d6e),A",15
UNI_ASSEMBLES_DIFF,stdi8,"ld (0x0def),0x0a",15
UNI_ASSEMBLES_DIFF,stdi8,"ld (0x0df3),0x04",15
UNI_ASSEMBLES_DIFF,stb_d8,"ld (0x0e02),A",15
UNI_ASSEMBLES_DIFF,stda16,"ld (0x0e4c),WA",15
UNI_ASSEMBLES_DIFF,stb_d8,"ld (0x0eec),A",15
UNI_ASSEMBLES_DIFF,stb_d8,"ld (0x1127),A",15
UNI_ASSEMBLES_DIFF,stdi8,"ld (0x11b0),0x7f",15
UNI_ASSEMBLES_DIFF,stda32,"ld (0x1a2d),XHL",15
UNI_ASSEMBLES_DIFF,stb_d8,"ld (0x1d68),L",15
UNI_ASSEMBLES_DIFF,stb_d8,"ld (0x230c),L",15
UNI_ASSEMBLES_DIFF,stda16,"ld (0x2328),HL",15
UNI_ASSEMBLES_DIFF,stda16,"ld (0x232a),HL",15
UNI_ASSEMBLES_DIFF,stda16,"ld (0x255a),WA",15
UNI_ASSEMBLES_DIFF,stb_d8,"ld (0x25a2),A",15
UNI_ASSEMBLES_DIFF,stda32,"ld (0x25da),XBC",15
UNI_ASSEMBLES_DIFF,stb_d8,"ld (0x2634),C",15
UNI_ASSEMBLES_DIFF,stdi8,"ld (0x287a),0x08",15
UNI_ASSEMBLES_DIFF,stb_d8,"ld (0x287b),A",15
UNI_ASSEMBLES_DIFF,stda16,"ld (0x2889),WA",15
UNI_ASSEMBLES_DIFF,stb_d8,"ld (0x288e),A",15
UNI_ASSEMBLES_DIFF,stda16,"ld (0x289f),WA",15
UNI_ASSEMBLES_DIFF,stdi8,"ld (0x295c),0x00",15
UNI_ASSEMBLES_DIFF,stda16,"ld (0x333c),WA",15
UNI_ASSEMBLES_DIFF,stda16,"ld (0x3552),WA",15
UNI_ASSEMBLES_DIFF,stb_d8,"ld (0x3910),A",15
UNI_ASSEMBLES_DIFF,stda16,"ld (0x95a8),BC",15
UNI_ASSEMBLES_DIFF,stb_d8,"ld (0x95ac),A",15
UNI_ASSEMBLES_DIFF,stdi8,"ld (0xf24b),0x00",15
UNI_ASSEMBLES_DIFF,ldb_d8,"ld A,(0x0435)",15
UNI_ASSEMBLES_DIFF,ldb_d8,"ld A,(0x2208)",15
UNI_ASSEMBLES_DIFF,ldb_d8,"ld A,(0x231a)",15
UNI_ASSEMBLES_DIFF,ldb_d8,"ld A,(0x262a)",15
UNI_ASSEMBLES_DIFF,ldb_d8,"ld A,(0x2638)",15
UNI_ASSEMBLES_DIFF,ldb_d8,"ld A,(0x2658)",15
UNI_ASSEMBLES_DIFF,ldb_d8,"ld A,(0x2770)",15
UNI_ASSEMBLES_DIFF,ldb_d8,"ld A,(0x296e)",15
UNI_ASSEMBLES_DIFF,ldb_d8,"ld A,(0x3249)",15
UNI_ASSEMBLES_DIFF,ldb_d8,"ld A,(0x32f5)",15
UNI_ASSEMBLES_DIFF,ldb_d8,"ld A,(0x33df)",15
UNI_ASSEMBLES_DIFF,ldb_d8,"ld A,(0x959b)",15
UNI_ASSEMBLES_DIFF,ldb_d8,"ld A,(0xf1d3)",15
UNI_ASSEMBLES_DIFF,ldb_d8,"ld A,(0xf1d4)",15
UNI_ASSEMBLES_DIFF,ldw_d16,"ld BC,(0x2765)",15
UNI_ASSEMBLES_DIFF,ldw_d16,"ld BC,(0x279a)",15
UNI_ASSEMBLES_DIFF,ldb_d8,"ld C,(0x0fab)",15
UNI_ASSEMBLES_DIFF,ldb_d8,"ld C,(0x207c)",15
UNI_ASSEMBLES_DIFF,ldb_d8,"ld C,(0x270c)",15
UNI_ASSEMBLES_DIFF,ldw_d16,"ld DE,(0x28af)",15
UNI_ASSEMBLES_DIFF,ldw_d16,"ld IY,(0x2666)",15
UNI_ASSEMBLES_DIFF,ldw_d16,"ld IZ,(0x3004)",15
UNI_ASSEMBLES_DIFF,ldw_d16,"ld IZ,(0x3006)",15
UNI_ASSEMBLES_DIFF,ldw_d16,"ld IZ,(0xf22f)",15
UNI_ASSEMBLES_DIFF,ldb_d8,"ld L,(0x1075)",15
UNI_ASSEMBLES_DIFF,ldb_d8,"ld L,(0x1076)",15
UNI_ASSEMBLES_DIFF,ldb_d8,"ld W,(0x065e)",15
UNI_ASSEMBLES_DIFF,ldb_d8,"ld W,(0x0fab)",15
UNI_ASSEMBLES_DIFF,ldw_d16,"ld WA,(0x0ccc)",15
UNI_ASSEMBLES_DIFF,ldw_d16,"ld WA,(0x2530)",15
UNI_ASSEMBLES_DIFF,ldw_d16,"ld WA,(0x258e)",15
UNI_ASSEMBLES_DIFF,ldw_d16,"ld WA,(0x265c)",15
UNI_ASSEMBLES_DIFF,ldw_d16,"ld WA,(0x273c)",15
UNI_ASSEMBLES_DIFF,ldw_d16,"ld WA,(0x273e)",15
UNI_ASSEMBLES_DIFF,ldw_d16,"ld WA,(0x279e)",15
UNI_ASSEMBLES_DIFF,ldw_d16,"ld WA,(0x2875)",15
UNI_ASSEMBLES_DIFF,ldw_d16,"ld WA,(0x2976)",15
UNI_ASSEMBLES_DIFF,ldw_d16,"ld WA,(0xf1e2)",15
UNI_ASSEMBLES_DIFF,ldw_d16,"ld WA,(0xf1ea)",15
UNI_ASSEMBLES_DIFF,ldw_d16,"ld WA,(0xf23a)",15
UNI_ASSEMBLES_DIFF,ldda32,"ld XIY,(0x10fd)",15
UNI_ASSEMBLES_DIFF,ldda32,"ld XWA,(0x0c96)",15
UNI_ASSEMBLES_DIFF,ldda32,"ld XWA,(0x1bcc)",15
UNI_ASSEMBLES_DIFF,ldda32,"ld XWA,(0x1c18)",15
UNI_ASSEMBLES_DIFF,ldda32,"ld XWA,(0x1d5a)",15
UNI_ASSEMBLES_DIFF,ordi8,"or (0x287b),0x20",15
UNI_ASSEMBLES_DIFF,popw_dd16,"popw (0x2666)",15
UNI_ASSEMBLES_DIFF,push_sd16w,"pushw (0x2666)",15
UNI_ASSEMBLES_DIFF,resda,"res 3,(0x28b3)",15
UNI_ASSEMBLES_DIFF,setda,"set 3,(0x287b)",15
UNI_ASSEMBLES_DIFF,stcfa_dd16,"stcf A,(0x0f52)",15
UNI_ASSEMBLES_DIFF,anddi8,"and (0x3283),0xfb",14
UNI_ASSEMBLES_DIFF,anddi8,"and (0x32f4),0xfc",14
UNI_ASSEMBLES_DIFF,anddi8,"and (0x3316),0xc0",14
UNI_ASSEMBLES_DIFF,anddi8,"and (0x3318),0xc0",14
UNI_ASSEMBLES_DIFF,anddi8,"and (0x3480),0xf7",14
UNI_ASSEMBLES_DIFF,anddi8,"and (0x3480),0xfb",14
UNI_ASSEMBLES_DIFF,anddi8,"and (0x3482),0xf7",14
UNI_ASSEMBLES_DIFF,anddi8,"and (0x3482),0xfb",14
UNI_ASSEMBLES_DIFF,anddi8,"and (0x3484),0xfb",14
UNI_ASSEMBLES_DIFF,anddi8,"and (0x3486),0xfb",14
UNI_ASSEMBLES_DIFF,anddi8,"and (0x34d0),0xdf",14
UNI_ASSEMBLES_DIFF,bitda,"bit 0,(0x0420)",14
UNI_ASSEMBLES_DIFF,bitda,"bit 0,(0x32ff)",14
UNI_ASSEMBLES_DIFF,bitda,"bit 0,(0x3309)",14
UNI_ASSEMBLES_DIFF,bitda,"bit 0,(0x33e8)",14
UNI_ASSEMBLES_DIFF,bitda,"bit 0,(0x35b1)",14
UNI_ASSEMBLES_DIFF,bitda,"bit 0,(0xf23c)",14
UNI_ASSEMBLES_DIFF,bit_dd8,"bit 2,(0x94)",14
UNI_ASSEMBLES_DIFF,bitda,"bit 3,(0x0d53)",14
UNI_ASSEMBLES_DIFF,bit_dd8,"bit 4,(0x34)",14
UNI_ASSEMBLES_DIFF,bitda,"bit 6,(0x32f4)",14
UNI_ASSEMBLES_DIFF,bitda,"bit 6,(0x3470)",14
UNI_ASSEMBLES_DIFF,bitda,"bit 7,(0x3470)",14
UNI_ASSEMBLES_DIFF,bitda,"bit 7,(0x90e5)",14
UNI_ASSEMBLES_DIFF,cpdi8,"cp (0x8d34),0x06",14
UNI_ASSEMBLES_DIFF,stdi8,"ld (0x0421),0x01",14
UNI_ASSEMBLES_DIFF,stda16,"ld (0x06cc),WA",14
UNI_ASSEMBLES_DIFF,stda16,"ld (0x0cfa),IY",14
UNI_ASSEMBLES_DIFF,stda16,"ld (0x0d58),WA",14
UNI_ASSEMBLES_DIFF,stdi8,"ld (0x0d5e),0x10",14
UNI_ASSEMBLES_DIFF,stdi8,"ld (0x0ef5),0x0a",14
UNI_ASSEMBLES_DIFF,stdi8,"ld (0x0efb),0x04",14
UNI_ASSEMBLES_DIFF,stb_d8,"ld (0x197d),C",14
UNI_ASSEMBLES_DIFF,st_dd8b,"ld (0x1b),A",14
UNI_ASSEMBLES_DIFF,stda16,"ld (0x2536),WA",14
UNI_ASSEMBLES_DIFF,stdi8,"ld (0x2720),0x00",14
UNI_ASSEMBLES_DIFF,stb_d8,"ld (0x2729),C",14
UNI_ASSEMBLES_DIFF,stda16,"ld (0x3287),WA",14
UNI_ASSEMBLES_DIFF,stda16,"ld (0x3289),WA",14
UNI_ASSEMBLES_DIFF,stda16,"ld (0x328b),WA",14
UNI_ASSEMBLES_DIFF,stda16,"ld (0x328d),WA",14
UNI_ASSEMBLES_DIFF,stda16,"ld (0x328f),WA",14
UNI_ASSEMBLES_DIFF,stda16,"ld (0x3291),WA",14
UNI_ASSEMBLES_DIFF,stb_d8,"ld (0x3333),A",14
UNI_ASSEMBLES_DIFF,stb_d8,"ld (0x3338),A",14
UNI_ASSEMBLES_DIFF,stb_d8,"ld (0x333f),A",14
UNI_ASSEMBLES_DIFF,stdi8,"ld (0x33d4),0x02",14
UNI_ASSEMBLES_DIFF,stb_d8,"ld (0x33d5),A",14
UNI_ASSEMBLES_DIFF,stb_d8,"ld (0x33ea),A",14
UNI_ASSEMBLES_DIFF,stda16,"ld (0x3449),IY",14
UNI_ASSEMBLES_DIFF,stda16,"ld (0x3976),WA",14
UNI_ASSEMBLES_DIFF,stdi8,"ld (0x7f42),0x0b",14
UNI_ASSEMBLES_DIFF,stdi8,"ld (0x7f42),0x48",14
UNI_ASSEMBLES_DIFF,stda16,"ld (0x7f48),WA",14
UNI_ASSEMBLES_DIFF,stdi8,"ld (0x8a20),0x00",14
UNI_ASSEMBLES_DIFF,stb_d8,"ld (0x8d3a),A",14
UNI_ASSEMBLES_DIFF,stb_d8,"ld (0x8d7a),A",14
UNI_ASSEMBLES_DIFF,stb_d8,"ld (0x90f7),A",14
UNI_ASSEMBLES_DIFF,stdi8,"ld (0x9127),0xb0",14
UNI_ASSEMBLES_DIFF,stdi8,"ld (0x9128),0x00",14
UNI_ASSEMBLES_DIFF,stdi8,"ld (0x9128),0x01",14
UNI_ASSEMBLES_DIFF,stdi8,"ld (0x91d2),0xff",14
UNI_ASSEMBLES_DIFF,stb_d8,"ld (0xfc5a),L",14
UNI_ASSEMBLES_DIFF,ldb_d8,"ld A,(0x041e)",14
UNI_ASSEMBLES_DIFF,ldb_d8,"ld A,(0x046a)",14
UNI_ASSEMBLES_DIFF,ldb_d8,"ld A,(0x0d5d)",14
UNI_ASSEMBLES_DIFF,ldb_d8,"ld A,(0x0e63)",14
UNI_ASSEMBLES_DIFF,ldb_d8,"ld A,(0x0f52)",14
UNI_ASSEMBLES_DIFF,ldb_d8,"ld A,(0x11aa)",14
UNI_ASSEMBLES_DIFF,ldb_d8,"ld A,(0x2243)",14
UNI_ASSEMBLES_DIFF,ldb_d8,"ld A,(0x2670)",14
UNI_ASSEMBLES_DIFF,ldb_d8,"ld A,(0x333f)",14
UNI_ASSEMBLES_DIFF,ldb_d8,"ld A,(0x34d7)",14
UNI_ASSEMBLES_DIFF,ldb_d8,"ld A,(0x398f)",14
UNI_ASSEMBLES_DIFF,ldb_d8,"ld A,(0x39b6)",14
UNI_ASSEMBLES_DIFF,ldb_d8,"ld A,(0x89fc)",14
UNI_ASSEMBLES_DIFF,ldb_d8,"ld A,(0x8d37)",14
UNI_ASSEMBLES_DIFF,ldb_d8,"ld A,(0xfd62)",14
UNI_ASSEMBLES_DIFF,ldw_d16,"ld BC,(0x327d)",14
UNI_ASSEMBLES_DIFF,ldw_d16,"ld BC,(0x3a82)",14
UNI_ASSEMBLES_DIFF,ldw_d16,"ld BC,(0x8438)",14
UNI_ASSEMBLES_DIFF,ldw_d16,"ld BC,(0x915b)",14
UNI_ASSEMBLES_DIFF,ldb_d8,"ld C,(0x20ba)",14
UNI_ASSEMBLES_DIFF,ldb_d8,"ld C,(0x21f9)",14
UNI_ASSEMBLES_DIFF,ldw_d16,"ld DE,(0x32e3)",14
UNI_ASSEMBLES_DIFF,ldw_d16,"ld DE,(0x360c)",14
UNI_ASSEMBLES_DIFF,ldw_d16,"ld DE,(0x83de)",14
UNI_ASSEMBLES_DIFF,ldw_d16,"ld DE,(0x91b9)",14
UNI_ASSEMBLES_DIFF,ldb_d8,"ld E,(0x37c9)",14
UNI_ASSEMBLES_DIFF,ldb_d8,"ld E,(0x964e)",14
UNI_ASSEMBLES_DIFF,ldb_d8,"ld L,(0x36d6)",14
UNI_ASSEMBLES_DIFF,ldb_d8,"ld L,(0x8a24)",14
UNI_ASSEMBLES_DIFF,ldb_d8,"ld L,(0x966a)",14
UNI_ASSEMBLES_DIFF,ldb_d8,"ld W,(0x0433)",14
UNI_ASSEMBLES_DIFF,ldb_d8,"ld W,(0xfd63)",14
UNI_ASSEMBLES_DIFF,ldw_d16,"ld WA,(0x232a)",14
UNI_ASSEMBLES_DIFF,ldw_d16,"ld WA,(0x2536)",14
UNI_ASSEMBLES_DIFF,ldw_d16,"ld WA,(0x255a)",14
UNI_ASSEMBLES_DIFF,ldw_d16,"ld WA,(0x3976)",14
UNI_ASSEMBLES_DIFF,ldw_d16,"ld WA,(0x7e44)",14
UNI_ASSEMBLES_DIFF,ldw_d16,"ld WA,(0x7f48)",14
UNI_ASSEMBLES_DIFF,ldw_d16,"ld WA,(0x915d)",14
UNI_ASSEMBLES_DIFF,ldw_d16,"ld WA,(0xce24)",14
UNI_ASSEMBLES_DIFF,ldda32,"ld XBC,(0xbc54)",14
UNI_ASSEMBLES_DIFF,ldda32,"ld XHL,(0x0cb6)",14
UNI_ASSEMBLES_DIFF,ldda32,"ld XIY,(0x32d3)",14
UNI_ASSEMBLES_DIFF,ldda32,"ld XWA,(0x19e0)",14
UNI_ASSEMBLES_DIFF,ldda32,"ld XWA,(0x81a0)",14
UNI_ASSEMBLES_DIFF,ldda32,"ld XWA,(0xe193)",14
UNI_ASSEMBLES_DIFF,ordi8,"or (0x3393),0x01",14
UNI_ASSEMBLES_DIFF,ordi8,"or (0x3483),0x04",14
UNI_ASSEMBLES_DIFF,ordi8,"or (0x3483),0x08",14
UNI_ASSEMBLES_DIFF,ordi8,"or (0x3487),0x04",14
UNI_ASSEMBLES_DIFF,ordi8,"or (0x7e53),0x01",14
UNI_ASSEMBLES_DIFF,orddm8,"or (0x912a),A",14
UNI_ASSEMBLES_DIFF,orda8,"or A,(0x3312)",14
UNI_ASSEMBLES_DIFF,subda8,"sub A,(0xcee0)",14
UNI_ASSEMBLES_DIFF,and_sd8b_im,"and (0xd5),0xfd",13
UNI_ASSEMBLES_DIFF,bitda,"bit 0,(0x0421)",13
UNI_ASSEMBLES_DIFF,bitda,"bit 0,(0x0f57)",13
UNI_ASSEMBLES_DIFF,bitda,"bit 1,(0x0d53)",13
UNI_ASSEMBLES_DIFF,bitda,"bit 3,(0x28ad)",13
UNI_ASSEMBLES_DIFF,bitda,"bit 3,(0xfd56)",13
UNI_ASSEMBLES_DIFF,cpdi8,"cp (0x7e6f),0x00",13
UNI_ASSEMBLES_DIFF,incdi16,"incw 1,(0x0d58)",13
UNI_ASSEMBLES_DIFF,stdi8,"ld (0x0415),0x00",13
UNI_ASSEMBLES_DIFF,stdi8,"ld (0x0416),0x00",13
UNI_ASSEMBLES_DIFF,stda16,"ld (0x0cce),IY",13
UNI_ASSEMBLES_DIFF,stdi8,"ld (0x0d4a),0x0a",13
UNI_ASSEMBLES_DIFF,stdi8,"ld (0x0def),0x0f",13
UNI_ASSEMBLES_DIFF,stb_d8,"ld (0x1301),A",13
UNI_ASSEMBLES_DIFF,stdi8,"ld (0x209b),0x02",13
UNI_ASSEMBLES_DIFF,stdi8,"ld (0x209c),0x82",13
UNI_ASSEMBLES_DIFF,stdi8,"ld (0x21d0),0x4d",13
UNI_ASSEMBLES_DIFF,stdi8,"ld (0x2229),0x01",13
UNI_ASSEMBLES_DIFF,stda16,"ld (0x2532),WA",13
UNI_ASSEMBLES_DIFF,stdi8,"ld (0x2730),0x00",13
UNI_ASSEMBLES_DIFF,stda16,"ld (0x289f),IY",13
UNI_ASSEMBLES_DIFF,stda16,"ld (0x28b6),WA",13
UNI_ASSEMBLES_DIFF,stda16,"ld (0x28bf),IY",13
UNI_ASSEMBLES_DIFF,stb_d8,"ld (0x3451),A",13
UNI_ASSEMBLES_DIFF,stb_d8,"ld (0x360a),A",13
UNI_ASSEMBLES_DIFF,stb_d8,"ld (0x372d),A",13
UNI_ASSEMBLES_DIFF,stda32,"ld (0x3912),XIX",13
UNI_ASSEMBLES_DIFF,stdi8,"ld (0x905c),0xff",13
UNI_ASSEMBLES_DIFF,ldb_d8,"ld A,(0x0c8f)",13
UNI_ASSEMBLES_DIFF,ldb_d8,"ld A,(0x1075)",13
UNI_ASSEMBLES_DIFF,ldb_d8,"ld A,(0x10d1)",13
UNI_ASSEMBLES_DIFF,ldb_d8,"ld A,(0x2630)",13
UNI_ASSEMBLES_DIFF,ldb_d8,"ld A,(0x32f2)",13
UNI_ASSEMBLES_DIFF,ldb_d8,"ld A,(0x33da)",13
UNI_ASSEMBLES_DIFF,ldb_d8,"ld A,(0x8c9c)",13
UNI_ASSEMBLES_DIFF,ld_sd8b,"ld A,(0x93)",13
UNI_ASSEMBLES_DIFF,ldw_d16,"ld BC,(0x269b)",13
UNI_ASSEMBLES_DIFF,ldw_d16,"ld BC,(0x345e)",13
UNI_ASSEMBLES_DIFF,ldb_d8,"ld C,(0x7f36)",13
UNI_ASSEMBLES_DIFF,ldw_d16,"ld DE,(0x360e)",13
UNI_ASSEMBLES_DIFF,ldw_d16,"ld IX,(0x0c5d)",13
UNI_ASSEMBLES_DIFF,ldw_d16,"ld IY,(0x0c67)",13
UNI_ASSEMBLES_DIFF,ldw_d16,"ld IY,(0x345e)",13
UNI_ASSEMBLES_DIFF,ldb_d8,"ld L,(0x119b)",13
UNI_ASSEMBLES_DIFF,ldb_d8,"ld L,(0x1258)",13
UNI_ASSEMBLES_DIFF,ldb_d8,"ld L,(0x1958)",13
UNI_ASSEMBLES_DIFF,ldb_d8,"ld L,(0x2765)",13
UNI_ASSEMBLES_DIFF,ldb_d8,"ld W,(0x10f3)",13
UNI_ASSEMBLES_DIFF,ldw_d16,"ld WA,(0x3608)",13
UNI_ASSEMBLES_DIFF,ldw_d16,"ld WA,(0x361e)",13
UNI_ASSEMBLES_DIFF,ldw_d16,"ld WA,(0x3660)",13
UNI_ASSEMBLES_DIFF,ldw_d16,"ld WA,(0x8464)",13
UNI_ASSEMBLES_DIFF,ldda32,"ld XWA,(0x0c92)",13
UNI_ASSEMBLES_DIFF,or_sd8b_im,"or (0xd5),0x01",13
UNI_ASSEMBLES_DIFF,set_dd8,"set 2,(0x20)",13
UNI_ASSEMBLES_DIFF,adddm32,"add (0xe9e7),XHL",12
UNI_ASSEMBLES_DIFF,adddm16,"add (0xf231),WA",12
UNI_ASSEMBLES_DIFF,addda32,"add XWA,(0x1d5a)",12
UNI_ASSEMBLES_DIFF,anddi8,"and (0x1134),0xfb",12
UNI_ASSEMBLES_DIFF,anddi8,"and (0x1134),0xfe",12
UNI_ASSEMBLES_DIFF,anddi8,"and (0x113b),0xfd",12
UNI_ASSEMBLES_DIFF,anddi8,"and (0x287b),0xfb",12
UNI_ASSEMBLES_DIFF,anddi8,"and (0x33e1),0xfe",12
UNI_ASSEMBLES_DIFF,anddi8,"and (0x346d),0xef",12
UNI_ASSEMBLES_DIFF,anddi8,"and (0x8d8f),0xbf",12
UNI_ASSEMBLES_DIFF,anddi8,"and (0xfdad),0xfb",12
UNI_ASSEMBLES_DIFF,andda16,"and BC,(0x28aa)",12
UNI_ASSEMBLES_DIFF,andda16,"and DE,(0xf19e)",12
UNI_ASSEMBLES_DIFF,bitda,"bit 0,(0x10eb)",12
UNI_ASSEMBLES_DIFF,bitda,"bit 0,(0xb7e7)",12
UNI_ASSEMBLES_DIFF,bitda,"bit 1,(0x28b2)",12
UNI_ASSEMBLES_DIFF,bitda,"bit 1,(0x295f)",12
UNI_ASSEMBLES_DIFF,bitda,"bit 1,(0x3335)",12
UNI_ASSEMBLES_DIFF,bitda,"bit 2,(0x34cf)",12
UNI_ASSEMBLES_DIFF,bitda,"bit 3,(0x0420)",12
UNI_ASSEMBLES_DIFF,bitda,"bit 3,(0x28a7)",12
UNI_ASSEMBLES_DIFF,bitda,"bit 4,(0xfc5f)",12
UNI_ASSEMBLES_DIFF,bitda,"bit 5,(0xfc5f)",12
UNI_ASSEMBLES_DIFF,bitda,"bit 6,(0xc07e)",12
UNI_ASSEMBLES_DIFF,bitda,"bit 7,(0x2746)",12
UNI_ASSEMBLES_DIFF,cpdi8,"cp (0x0d3f),0x0a",12
UNI_ASSEMBLES_DIFF,cpdm8,"cp (0x0d57),A",12
UNI_ASSEMBLES_DIFF,cpdm8,"cp (0x0dc6),W",12
UNI_ASSEMBLES_DIFF,cpdi8,"cp (0x10e4),0xff",12
UNI_ASSEMBLES_DIFF,cpdi8,"cp (0x112a),0x03",12
UNI_ASSEMBLES_DIFF,cpdi8,"cp (0x1144),0x00",12
UNI_ASSEMBLES_DIFF,cpdi8,"cp (0x1d84),0x00",12
UNI_ASSEMBLES_DIFF,cpdi8,"cp (0x1d94),0x00",12
UNI_ASSEMBLES_DIFF,cpdi8,"cp (0x2873),0x0d",12
UNI_ASSEMBLES_DIFF,cpdi8,"cp (0x2873),0x0e",12
UNI_ASSEMBLES_DIFF,cpdi8,"cp (0x2878),0x0a",12
UNI_ASSEMBLES_DIFF,cpdi8,"cp (0x28a1),0x01",12
UNI_ASSEMBLES_DIFF,cpdi8,"cp (0x32e5),0xf0",12
UNI_ASSEMBLES_DIFF,cpdi8,"cp (0x8d36),0x72",12
UNI_ASSEMBLES_DIFF,cpda8,"cp A,(0x2592)",12
UNI_ASSEMBLES_DIFF,cpda8,"cp A,(0x263e)",12
UNI_ASSEMBLES_DIFF,cpda8,"cp A,(0x2873)",12
UNI_ASSEMBLES_DIFF,cpda8,"cp A,(0x8d37)",12
UNI_ASSEMBLES_DIFF,cpda16,"cp WA,(0x25de)",12
UNI_ASSEMBLES_DIFF,cpda16,"cp WA,(0x26e0)",12
UNI_ASSEMBLES_DIFF,cpda32,"cp XWA,(0x063e)",12
UNI_ASSEMBLES_DIFF,incdi8,"inc 1,(0x8920)",12
UNI_ASSEMBLES_DIFF,incdi8,"inc 4,(0x8d8a)",12
UNI_ASSEMBLES_DIFF,incdi16,"incw 1,(0x0c4a)",12
UNI_ASSEMBLES_DIFF,incdi16,"incw 1,(0x2744)",12
UNI_ASSEMBLES_DIFF,stda16,"ld (0x0418),WA",12
UNI_ASSEMBLES_DIFF,stdi8,"ld (0x05e0),0x01",12
UNI_ASSEMBLES_DIFF,stdi8,"ld (0x0654),0x00",12
UNI_ASSEMBLES_DIFF,stda16,"ld (0x0cea),WA",12
UNI_ASSEMBLES_DIFF,stda16,"ld (0x0d00),IY",12
UNI_ASSEMBLES_DIFF,stdi8,"ld (0x0d4a),0x03",12
UNI_ASSEMBLES_DIFF,stb_d8,"ld (0x0d57),E",12
UNI_ASSEMBLES_DIFF,stdi8,"ld (0x0f53),0x00",12
UNI_ASSEMBLES_DIFF,stdi8,"ld (0x10e3),0xff",12
UNI_ASSEMBLES_DIFF,stb_d8,"ld (0x10f4),A",12
UNI_ASSEMBLES_DIFF,stda16,"ld (0x11aa),WA",12
UNI_ASSEMBLES_DIFF,stdi8,"ld (0x124b),0x01",12
UNI_ASSEMBLES_DIFF,stda32,"ld (0x126e),XWA",12
UNI_ASSEMBLES_DIFF,stdi8,"ld (0x2071),0x02",12
UNI_ASSEMBLES_DIFF,stdi8,"ld (0x209b),0x84",12
UNI_ASSEMBLES_DIFF,stdi8,"ld (0x209c),0x04",12
UNI_ASSEMBLES_DIFF,stda32,"ld (0x21d3),XBC",12
UNI_ASSEMBLES_DIFF,stda32,"ld (0x21d3),XWA",12
UNI_ASSEMBLES_DIFF,stb_d8,"ld (0x22fc),A",12
UNI_ASSEMBLES_DIFF,stb_d8,"ld (0x2332),L",12
UNI_ASSEMBLES_DIFF,stda16,"ld (0x2534),IX",12
UNI_ASSEMBLES_DIFF,stdi8,"ld (0x25d8),0x00",12
UNI_ASSEMBLES_DIFF,stda16,"ld (0x2628),WA",12
UNI_ASSEMBLES_DIFF,stda16,"ld (0x262e),WA",12
UNI_ASSEMBLES_DIFF,stda32,"ld (0x267e),XWA",12
UNI_ASSEMBLES_DIFF,stda16,"ld (0x268e),WA",12
UNI_ASSEMBLES_DIFF,stda16,"ld (0x2690),BC",12
UNI_ASSEMBLES_DIFF,stda16,"ld (0x2692),BC",12
UNI_ASSEMBLES_DIFF,stda16,"ld (0x2694),WA",12
UNI_ASSEMBLES_DIFF,stda16,"ld (0x26dc),WA",12
UNI_ASSEMBLES_DIFF,stb_d8,"ld (0x2733),C",12
UNI_ASSEMBLES_DIFF,stda16,"ld (0x2744),WA",12
UNI_ASSEMBLES_DIFF,stda16,"ld (0x27ee),BC",12
UNI_ASSEMBLES_DIFF,stda16,"ld (0x286f),WA",12
UNI_ASSEMBLES_DIFF,stda16,"ld (0x2871),WA",12
UNI_ASSEMBLES_DIFF,stda16,"ld (0x2875),WA",12
UNI_ASSEMBLES_DIFF,stb_d8,"ld (0x2877),C",12
UNI_ASSEMBLES_DIFF,stb_d8,"ld (0x2879),A",12
UNI_ASSEMBLES_DIFF,stdi8,"ld (0x287a),0x01",12
UNI_ASSEMBLES_DIFF,stb_d8,"ld (0x287b),L",12
UNI_ASSEMBLES_DIFF,stda16,"ld (0x287f),DE",12
UNI_ASSEMBLES_DIFF,stda16,"ld (0x2889),IZ",12
UNI_ASSEMBLES_DIFF,stda16,"ld (0x288b),IZ",12
UNI_ASSEMBLES_DIFF,stb_d8,"ld (0x289d),A",12
UNI_ASSEMBLES_DIFF,stb_d8,"ld (0x289d),C",12
UNI_ASSEMBLES_DIFF,stda16,"ld (0x28aa),WA",12
UNI_ASSEMBLES_DIFF,stda16,"ld (0x28c6),WA",12
UNI_ASSEMBLES_DIFF,stda16,"ld (0x2976),HL",12
UNI_ASSEMBLES_DIFF,stda32,"ld (0x300c),XWA",12
UNI_ASSEMBLES_DIFF,stb_d8,"ld (0x322f),A",12
UNI_ASSEMBLES_DIFF,stb_d8,"ld (0x3230),A",12
UNI_ASSEMBLES_DIFF,stb_d8,"ld (0x3250),A",12
UNI_ASSEMBLES_DIFF,stb_d8,"ld (0x32da),A",12
UNI_ASSEMBLES_DIFF,stdi8,"ld (0x32ed),0x00",12
UNI_ASSEMBLES_DIFF,stdi8,"ld (0x32ee),0x00",12
UNI_ASSEMBLES_DIFF,stb_d8,"ld (0x3309),A",12
UNI_ASSEMBLES_DIFF,stb_d8,"ld (0x330b),A",12
UNI_ASSEMBLES_DIFF,stb_d8,"ld (0x3328),A",12
UNI_ASSEMBLES_DIFF,stb_d8,"ld (0x3384),A",12
UNI_ASSEMBLES_DIFF,stdi8,"ld (0x33d4),0x01",12
UNI_ASSEMBLES_DIFF,stb_d8,"ld (0x33d4),A",12
UNI_ASSEMBLES_DIFF,stb_d8,"ld (0x3433),A",12
UNI_ASSEMBLES_DIFF,stdi8,"ld (0x3435),0x06",12
UNI_ASSEMBLES_DIFF,stb_d8,"ld (0x3435),A",12
UNI_ASSEMBLES_DIFF,stda16,"ld (0x345e),BC",12
UNI_ASSEMBLES_DIFF,stb_d8,"ld (0x3488),E",12
UNI_ASSEMBLES_DIFF,stdi8,"ld (0x34ef),0x00",12
UNI_ASSEMBLES_DIFF,stb_d8,"ld (0x34fa),A",12
UNI_ASSEMBLES_DIFF,stb_d8,"ld (0x34fc),A",12
UNI_ASSEMBLES_DIFF,stdi8,"ld (0x3712),0x04",12
UNI_ASSEMBLES_DIFF,stda16,"ld (0x38d8),WA",12
UNI_ASSEMBLES_DIFF,stb_d8,"ld (0x3911),A",12
UNI_ASSEMBLES_DIFF,stda16,"ld (0x3d04),WA",12
UNI_ASSEMBLES_DIFF,stb_d8,"ld (0x7e54),A",12
UNI_ASSEMBLES_DIFF,stdi8,"ld (0x7ea6),0xff",12
UNI_ASSEMBLES_DIFF,stda16,"ld (0x8464),HL",12
UNI_ASSEMBLES_DIFF,stdi8,"ld (0x8d4c),0x00",12
UNI_ASSEMBLES_DIFF,stdi8,"ld (0x8d4c),0x7f",12
UNI_ASSEMBLES_DIFF,stda16,"ld (0x8d9d),IY",12
UNI_ASSEMBLES_DIFF,stda16,"ld (0x908d),WA",12
UNI_ASSEMBLES_DIFF,stdi8,"ld (0x90f7),0x48",12
UNI_ASSEMBLES_DIFF,stdi8,"ld (0x9129),0x00",12
UNI_ASSEMBLES_DIFF,stdi8,"ld (0x912a),0x00",12
UNI_ASSEMBLES_DIFF,stdi8,"ld (0x912a),0xff",12
UNI_ASSEMBLES_DIFF,stda32,"ld (0x91c1),XIX",12
UNI_ASSEMBLES_DIFF,stb_d8,"ld (0x91c8),L",12
UNI_ASSEMBLES_DIFF,stb_d8,"ld (0x91c9),A",12
UNI_ASSEMBLES_DIFF,stdi8,"ld (0xe38c),0x00",12
UNI_ASSEMBLES_DIFF,stb_d8,"ld (0xf1d3),A",12
UNI_ASSEMBLES_DIFF,stb_d8,"ld (0xf1d4),A",12
UNI_ASSEMBLES_DIFF,stda16,"ld (0xf231),WA",12
UNI_ASSEMBLES_DIFF,stda16,"ld (0xf238),WA",12
UNI_ASSEMBLES_DIFF,ldb_d8,"ld A,(0x0670)",12
UNI_ASSEMBLES_DIFF,ldb_d8,"ld A,(0x0c06)",12
UNI_ASSEMBLES_DIFF,ldb_d8,"ld A,(0x0c13)",12
UNI_ASSEMBLES_DIFF,ldb_d8,"ld A,(0x0e3f)",12
UNI_ASSEMBLES_DIFF,ldb_d8,"ld A,(0x0eec)",12
UNI_ASSEMBLES_DIFF,ldb_d8,"ld A,(0x0f67)",12
UNI_ASSEMBLES_DIFF,ldb_d8,"ld A,(0x1073)",12
UNI_ASSEMBLES_DIFF,ldb_d8,"ld A,(0x112a)",12
UNI_ASSEMBLES_DIFF,ldb_d8,"ld A,(0x1ff6)",12
UNI_ASSEMBLES_DIFF,ldb_d8,"ld A,(0x2267)",12
UNI_ASSEMBLES_DIFF,ldb_d8,"ld A,(0x22fe)",12
UNI_ASSEMBLES_DIFF,ldb_d8,"ld A,(0x2324)",12
UNI_ASSEMBLES_DIFF,ldb_d8,"ld A,(0x2602)",12
UNI_ASSEMBLES_DIFF,ldb_d8,"ld A,(0x260c)",12
UNI_ASSEMBLES_DIFF,ldb_d8,"ld A,(0x2708)",12
UNI_ASSEMBLES_DIFF,ldb_d8,"ld A,(0x2784)",12
UNI_ASSEMBLES_DIFF,ldb_d8,"ld A,(0x278a)",12
UNI_ASSEMBLES_DIFF,ldb_d8,"ld A,(0x28b1)",12
UNI_ASSEMBLES_DIFF,ldb_d8,"ld A,(0x2a87)",12
UNI_ASSEMBLES_DIFF,ldb_d8,"ld A,(0x3285)",12
UNI_ASSEMBLES_DIFF,ldb_d8,"ld A,(0x32d9)",12
UNI_ASSEMBLES_DIFF,ldb_d8,"ld A,(0x3305)",12
UNI_ASSEMBLES_DIFF,ldb_d8,"ld A,(0x3435)",12
UNI_ASSEMBLES_DIFF,ldb_d8,"ld A,(0x343b)",12
UNI_ASSEMBLES_DIFF,ldb_d8,"ld A,(0x34fa)",12
UNI_ASSEMBLES_DIFF,ldb_d8,"ld A,(0x34fc)",12
UNI_ASSEMBLES_DIFF,ldb_d8,"ld A,(0x7e57)",12
UNI_ASSEMBLES_DIFF,ldb_d8,"ld A,(0x8948)",12
UNI_ASSEMBLES_DIFF,ldb_d8,"ld A,(0x8d52)",12
UNI_ASSEMBLES_DIFF,ldb_d8,"ld A,(0x90e5)",12
UNI_ASSEMBLES_DIFF,ldb_d8,"ld A,(0x91bf)",12
UNI_ASSEMBLES_DIFF,ldb_d8,"ld A,(0x9636)",12
UNI_ASSEMBLES_DIFF,ldb_d8,"ld A,(0xb7ec)",12
UNI_ASSEMBLES_DIFF,ldb_d8,"ld A,(0xc364)",12
UNI_ASSEMBLES_DIFF,ldb_d8,"ld A,(0xc41a)",12
UNI_ASSEMBLES_DIFF,ldb_d8,"ld A,(0xcd42)",12
UNI_ASSEMBLES_DIFF,ldb_d8,"ld A,(0xf1e1)",12
UNI_ASSEMBLES_DIFF,ldb_d8,"ld A,(0xf1e9)",12
UNI_ASSEMBLES_DIFF,ldb_d8,"ld A,(0xf1ee)",12
UNI_ASSEMBLES_DIFF,ldb_d8,"ld A,(0xf1f6)",12
UNI_ASSEMBLES_DIFF,ldb_d8,"ld A,(0xfd66)",12
UNI_ASSEMBLES_DIFF,ldw_d16,"ld BC,(0x0409)",12
UNI_ASSEMBLES_DIFF,ldw_d16,"ld BC,(0x1a5f)",12
UNI_ASSEMBLES_DIFF,ldw_d16,"ld BC,(0x2690)",12
UNI_ASSEMBLES_DIFF,ldw_d16,"ld BC,(0x2697)",12
UNI_ASSEMBLES_DIFF,ldw_d16,"ld BC,(0x26a0)",12
UNI_ASSEMBLES_DIFF,ldw_d16,"ld BC,(0x2700)",12
UNI_ASSEMBLES_DIFF,ldw_d16,"ld BC,(0x2767)",12
UNI_ASSEMBLES_DIFF,ldw_d16,"ld BC,(0x286d)",12
UNI_ASSEMBLES_DIFF,ldw_d16,"ld BC,(0x3654)",12
UNI_ASSEMBLES_DIFF,ldw_d16,"ld BC,(0x849c)",12
UNI_ASSEMBLES_DIFF,ldw_d16,"ld BC,(0x84fc)",12
UNI_ASSEMBLES_DIFF,ldb_d8,"ld C,(0x041b)",12
UNI_ASSEMBLES_DIFF,ldb_d8,"ld C,(0x3736)",12
UNI_ASSEMBLES_DIFF,ldb_d8,"ld C,(0x8d36)",12
UNI_ASSEMBLES_DIFF,ldb_d8,"ld C,(0x9131)",12
UNI_ASSEMBLES_DIFF,ldw_d16,"ld DE,(0x3d04)",12
UNI_ASSEMBLES_DIFF,ldw_d16,"ld DE,(0x915d)",12
UNI_ASSEMBLES_DIFF,ldw_d16,"ld DE,(0xc598)",12
UNI_ASSEMBLES_DIFF,ldb_d8,"ld E,(0x0df3)",12
UNI_ASSEMBLES_DIFF,ldw_d16,"ld HL,(0x3596)",12
UNI_ASSEMBLES_DIFF,ldw_d16,"ld HL,(0x90de)",12
UNI_ASSEMBLES_DIFF,ldw_d16,"ld IZ,(0x2889)",12
UNI_ASSEMBLES_DIFF,ldb_d8,"ld L,(0x0ec6)",12
UNI_ASSEMBLES_DIFF,ldb_d8,"ld L,(0x10d0)",12
UNI_ASSEMBLES_DIFF,ldb_d8,"ld L,(0x2169)",12
UNI_ASSEMBLES_DIFF,ldb_d8,"ld L,(0x288e)",12
UNI_ASSEMBLES_DIFF,ldb_d8,"ld L,(0x32d8)",12
UNI_ASSEMBLES_DIFF,ldb_d8,"ld L,(0x34ed)",12
UNI_ASSEMBLES_DIFF,ldb_d8,"ld L,(0x3909)",12
UNI_ASSEMBLES_DIFF,ldb_d8,"ld L,(0x39a6)",12
UNI_ASSEMBLES_DIFF,ldb_d8,"ld W,(0x34fa)",12
UNI_ASSEMBLES_DIFF,ldb_d8,"ld W,(0xc07e)",12
UNI_ASSEMBLES_DIFF,ldw_d16,"ld WA,(0x05c3)",12
UNI_ASSEMBLES_DIFF,ldw_d16,"ld WA,(0x0c00)",12
UNI_ASSEMBLES_DIFF,ldw_d16,"ld WA,(0x0d58)",12
UNI_ASSEMBLES_DIFF,ldw_d16,"ld WA,(0x2520)",12
UNI_ASSEMBLES_DIFF,ldw_d16,"ld WA,(0x26de)",12
UNI_ASSEMBLES_DIFF,ldw_d16,"ld WA,(0x278c)",12
UNI_ASSEMBLES_DIFF,ldw_d16,"ld WA,(0x278e)",12
UNI_ASSEMBLES_DIFF,ldw_d16,"ld WA,(0x27d4)",12
UNI_ASSEMBLES_DIFF,ldw_d16,"ld WA,(0x27d8)",12
UNI_ASSEMBLES_DIFF,ldw_d16,"ld WA,(0x287d)",12
UNI_ASSEMBLES_DIFF,ldw_d16,"ld WA,(0x333a)",12
UNI_ASSEMBLES_DIFF,ldw_d16,"ld WA,(0x333c)",12
UNI_ASSEMBLES_DIFF,ldw_d16,"ld WA,(0x33ad)",12
UNI_ASSEMBLES_DIFF,ldw_d16,"ld WA,(0x36fc)",12
UNI_ASSEMBLES_DIFF,ldw_d16,"ld WA,(0x3978)",12
UNI_ASSEMBLES_DIFF,ldw_d16,"ld WA,(0x398c)",12
UNI_ASSEMBLES_DIFF,ldw_d16,"ld WA,(0x7e46)",12
UNI_ASSEMBLES_DIFF,ldw_d16,"ld WA,(0x8442)",12
UNI_ASSEMBLES_DIFF,ldw_d16,"ld WA,(0x84a2)",12
UNI_ASSEMBLES_DIFF,ldw_d16,"ld WA,(0xf1ef)",12
UNI_ASSEMBLES_DIFF,ldda32,"ld XHL,(0x3564)",12
UNI_ASSEMBLES_DIFF,ldda32,"ld XHL,(0x7e4c)",12
UNI_ASSEMBLES_DIFF,ldda32,"ld XIY,(0x3564)",12
UNI_ASSEMBLES_DIFF,ldda32,"ld XWA,(0x7ea8)",12
UNI_ASSEMBLES_DIFF,ldda32,"ld XWA,(0x7f72)",12
UNI_ASSEMBLES_DIFF,ldda32,"ld XWA,(0x7f7c)",12
UNI_ASSEMBLES_DIFF,ldda32,"ld XWA,(0x815c)",12
UNI_ASSEMBLES_DIFF,ldda32,"ld XWA,(0x81b0)",12
UNI_ASSEMBLES_DIFF,ldda32,"ld XWA,(0x82da)",12
UNI_ASSEMBLES_DIFF,ldda32,"ld XWA,(0x843e)",12
UNI_ASSEMBLES_DIFF,ldda32,"ld XWA,(0x849e)",12
UNI_ASSEMBLES_DIFF,ldda32,"ld XWA,(0xe14e)",12
UNI_ASSEMBLES_DIFF,ordi8,"or (0x33e1),0x01",12
UNI_ASSEMBLES_DIFF,ordi8,"or (0xe3e2),0x08",12
UNI_ASSEMBLES_DIFF,ordi8,"or (0xfdad),0x04",12
UNI_ASSEMBLES_DIFF,orda8,"or A,(0x7e07)",12
UNI_ASSEMBLES_DIFF,resda,"res 0,(0x287b)",12
UNI_ASSEMBLES_DIFF,resda,"res 0,(0x28b1)",12
UNI_ASSEMBLES_DIFF,res_dd8,"res 0,(0x34)",12
UNI_ASSEMBLES_DIFF,res_dd8,"res 2,(0x80)",12
UNI_ASSEMBLES_DIFF,resda,"res 6,(0x287b)",12
UNI_ASSEMBLES_DIFF,set_dd8,"set 0,(0x13)",12
UNI_ASSEMBLES_DIFF,setda,"set 4,(0xe3e0)",12
UNI_ASSEMBLES_DIFF,setda,"set 5,(0x287b)",12
UNI_ASSEMBLES_DIFF,bitda,"bit 0,(0x3258)",11
UNI_ASSEMBLES_DIFF,bitda,"bit 1,(0xfc67)",11
UNI_ASSEMBLES_DIFF,cpdi8,"cp (0x1d92),0x00",11
UNI_ASSEMBLES_DIFF,incdi8,"inc 1,(0x0c70)",11
UNI_ASSEMBLES_DIFF,stdi8,"ld (0x0420),0x10",11
UNI_ASSEMBLES_DIFF,stdi8,"ld (0x0423),0x00",11
UNI_ASSEMBLES_DIFF,stb_d8,"ld (0x0434),A",11
UNI_ASSEMBLES_DIFF,stb_d8,"ld (0x0435),A",11
UNI_ASSEMBLES_DIFF,stda16,"ld (0x0c73),WA",11
UNI_ASSEMBLES_DIFF,stda16,"ld (0x0cb4),WA",11
UNI_ASSEMBLES_DIFF,stdi8,"ld (0x0d34),0x01",11
UNI_ASSEMBLES_DIFF,stb_d8,"ld (0x0d55),A",11
UNI_ASSEMBLES_DIFF,stda16,"ld (0x0d5a),WA",11
UNI_ASSEMBLES_DIFF,stdi8,"ld (0x0d5e),0x00",11
UNI_ASSEMBLES_DIFF,stda16,"ld (0x0ee8),WA",11
UNI_ASSEMBLES_DIFF,stdi8,"ld (0x0ef6),0x00",11
UNI_ASSEMBLES_DIFF,stb_d8,"ld (0x0f5b),A",11
UNI_ASSEMBLES_DIFF,stdi8,"ld (0x1010),0xff",11
UNI_ASSEMBLES_DIFF,stdi8,"ld (0x1144),0x0a",11
UNI_ASSEMBLES_DIFF,stda16,"ld (0x12fc),WA",11
UNI_ASSEMBLES_DIFF,stb_d8,"ld (0x1959),B",11
UNI_ASSEMBLES_DIFF,stb_d8,"ld (0x1d4c),A",11
UNI_ASSEMBLES_DIFF,stdi8,"ld (0x1d94),0x00",11
UNI_ASSEMBLES_DIFF,stdi8,"ld (0x2070),0xb3",11
UNI_ASSEMBLES_DIFF,stdi8,"ld (0x209b),0x06",11
UNI_ASSEMBLES_DIFF,stdi8,"ld (0x21d1),0x49",11
UNI_ASSEMBLES_DIFF,stdi8,"ld (0x21d2),0x44",11
UNI_ASSEMBLES_DIFF,stda16,"ld (0x2532),IY",11
UNI_ASSEMBLES_DIFF,stda16,"ld (0x2536),IY",11
UNI_ASSEMBLES_DIFF,stdi8,"ld (0x2636),0x00",11
UNI_ASSEMBLES_DIFF,stda32,"ld (0x3010),XWA",11
UNI_ASSEMBLES_DIFF,stb_d8,"ld (0x343a),A",11
UNI_ASSEMBLES_DIFF,stda16,"ld (0x3578),WA",11
UNI_ASSEMBLES_DIFF,stda16,"ld (0x365e),WA",11
UNI_ASSEMBLES_DIFF,stb_d8,"ld (0x36f8),A",11
UNI_ASSEMBLES_DIFF,stda32,"ld (0x3916),XIX",11
UNI_ASSEMBLES_DIFF,st_dd8b,"ld (0x54),A",11
UNI_ASSEMBLES_DIFF,stda32,"ld (0x7d77),XHL",11
UNI_ASSEMBLES_DIFF,stda16,"ld (0x8468),HL",11
UNI_ASSEMBLES_DIFF,stda16,"ld (0x908b),WA",11
UNI_ASSEMBLES_DIFF,ldb_d8,"ld A,(0x0417)",11
UNI_ASSEMBLES_DIFF,ldb_d8,"ld A,(0x0e0c)",11
UNI_ASSEMBLES_DIFF,ldb_d8,"ld A,(0x0e40)",11
UNI_ASSEMBLES_DIFF,ldb_d8,"ld A,(0x0e5c)",11
UNI_ASSEMBLES_DIFF,ldb_d8,"ld A,(0x119a)",11
UNI_ASSEMBLES_DIFF,ldb_d8,"ld A,(0x3339)",11
UNI_ASSEMBLES_DIFF,ldb_d8,"ld A,(0x3393)",11
UNI_ASSEMBLES_DIFF,ldb_d8,"ld A,(0x33de)",11
UNI_ASSEMBLES_DIFF,ldb_d8,"ld A,(0x33e2)",11
UNI_ASSEMBLES_DIFF,ldb_d8,"ld A,(0x3433)",11
UNI_ASSEMBLES_DIFF,ldb_d8,"ld A,(0x343d)",11
UNI_ASSEMBLES_DIFF,ldb_d8,"ld A,(0x9093)",11
UNI_ASSEMBLES_DIFF,ldb_d8,"ld A,(0x95ce)",11
UNI_ASSEMBLES_DIFF,ldb_d8,"ld A,(0xf1e6)",11
UNI_ASSEMBLES_DIFF,ldw_d16,"ld BC,(0x1950)",11
UNI_ASSEMBLES_DIFF,ldw_d16,"ld BC,(0x2706)",11
UNI_ASSEMBLES_DIFF,ldw_d16,"ld BC,(0xf19e)",11
UNI_ASSEMBLES_DIFF,ldb_d8,"ld C,(0x0ec1)",11
UNI_ASSEMBLES_DIFF,ldb_d8,"ld C,(0x7fd6)",11
UNI_ASSEMBLES_DIFF,ldw_d16,"ld DE,(0x1952)",11
UNI_ASSEMBLES_DIFF,ldw_d16,"ld HL,(0x0c57)",11
UNI_ASSEMBLES_DIFF,ldw_d16,"ld IY,(0x33ad)",11
UNI_ASSEMBLES_DIFF,ldb_d8,"ld L,(0x0c71)",11
UNI_ASSEMBLES_DIFF,ldb_d8,"ld L,(0x119a)",11
UNI_ASSEMBLES_DIFF,ldb_d8,"ld L,(0x343a)",11
UNI_ASSEMBLES_DIFF,ldb_d8,"ld W,(0xfb3c)",11
UNI_ASSEMBLES_DIFF,ldw_d16,"ld WA,(0x0c57)",11
UNI_ASSEMBLES_DIFF,ldw_d16,"ld WA,(0x0cde)",11
UNI_ASSEMBLES_DIFF,ldw_d16,"ld WA,(0x0cea)",11
UNI_ASSEMBLES_DIFF,ldw_d16,"ld WA,(0x0e4e)",11
UNI_ASSEMBLES_DIFF,ldw_d16,"ld WA,(0x0ec2)",11
UNI_ASSEMBLES_DIFF,ldw_d16,"ld WA,(0x28b6)",11
UNI_ASSEMBLES_DIFF,ldw_d16,"ld WA,(0x28c1)",11
UNI_ASSEMBLES_DIFF,ldw_d16,"ld WA,(0x3624)",11
UNI_ASSEMBLES_DIFF,ldw_d16,"ld WA,(0x3c68)",11
UNI_ASSEMBLES_DIFF,ldw_d16,"ld WA,(0x9042)",11
UNI_ASSEMBLES_DIFF,ldda32,"ld XBC,(0x7d77)",11
UNI_ASSEMBLES_DIFF,ldda32,"ld XWA,(0x8144)",11
UNI_ASSEMBLES_DIFF,ldda32,"ld XWA,(0x833e)",11
UNI_ASSEMBLES_DIFF,orddm16,"or (0x2316),BC",11
UNI_ASSEMBLES_DIFF,ordi8,"or (0x33e5),0x04",11
UNI_ASSEMBLES_DIFF,resda,"res 0,(0x28a5)",11
UNI_ASSEMBLES_DIFF,addda16,"add IZ,(0x337c)",10
UNI_ASSEMBLES_DIFF,anddi8,"and (0x32f4),0xf7",10
UNI_ASSEMBLES_DIFF,anddi8,"and (0x32f4),0xfb",10
UNI_ASSEMBLES_DIFF,andda8,"and A,(0x33d4)",10
UNI_ASSEMBLES_DIFF,bitda,"bit 0,(0x0459)",10
UNI_ASSEMBLES_DIFF,bitda,"bit 0,(0x3301)",10
UNI_ASSEMBLES_DIFF,bitda,"bit 0,(0x3345)",10
UNI_ASSEMBLES_DIFF,bitda,"bit 0,(0x3616)",10
UNI_ASSEMBLES_DIFF,bitda,"bit 0,(0xc1fe)",10
UNI_ASSEMBLES_DIFF,bitda,"bit 1,(0x3283)",10
UNI_ASSEMBLES_DIFF,bitda,"bit 1,(0x32ff)",10
UNI_ASSEMBLES_DIFF,bitda,"bit 1,(0xc1fe)",10
UNI_ASSEMBLES_DIFF,bitda,"bit 5,(0x34d0)",10
UNI_ASSEMBLES_DIFF,bitda,"bit 5,(0x34ea)",10
UNI_ASSEMBLES_DIFF,bitda,"bit 6,(0x34ea)",10
UNI_ASSEMBLES_DIFF,bitda,"bit 6,(0xc07f)",10
UNI_ASSEMBLES_DIFF,bitda,"bit 7,(0xc07e)",10
UNI_ASSEMBLES_DIFF,cpdi8,"cp (0x0516),0x00",10
UNI_ASSEMBLES_DIFF,cpdi8,"cp (0x89f8),0x04",10
UNI_ASSEMBLES_DIFF,cpdi8,"cp (0x8a24),0x00",10
UNI_ASSEMBLES_DIFF,cpdi8,"cp (0x8d34),0x0b",10
UNI_ASSEMBLES_DIFF,cpdi8,"cp (0x8d36),0x6f",10
UNI_ASSEMBLES_DIFF,cpdi8,"cp (0x8d36),0x73",10
UNI_ASSEMBLES_DIFF,cpdi8,"cp (0x8d36),0x74",10
UNI_ASSEMBLES_DIFF,cpdi8,"cp (0x8d36),0x75",10
UNI_ASSEMBLES_DIFF,cpdi8,"cp (0x8d36),0x76",10
UNI_ASSEMBLES_DIFF,cpdi8,"cp (0x8d36),0xfb",10
UNI_ASSEMBLES_DIFF,cpdi8,"cp (0x8ec4),0x07",10
UNI_ASSEMBLES_DIFF,cpdi8,"cp (0x905c),0x7f",10
UNI_ASSEMBLES_DIFF,cpdi8,"cp (0xb7e0),0x00",10
UNI_ASSEMBLES_DIFF,cpda16,"cp IZ,(0x337e)",10
UNI_ASSEMBLES_DIFF,decdi16,"decw 1,(0x34d4)",10
UNI_ASSEMBLES_DIFF,incdi8,"inc 1,(0x889a)",10
UNI_ASSEMBLES_DIFF,stda16,"ld (0x041c),WA",10
UNI_ASSEMBLES_DIFF,stdi8,"ld (0x041e),0x0c",10
UNI_ASSEMBLES_DIFF,stdi8,"ld (0x0420),0x06",10
UNI_ASSEMBLES_DIFF,stdi8,"ld (0x0421),0x0c",10
UNI_ASSEMBLES_DIFF,stb_d8,"ld (0x0421),A",10
UNI_ASSEMBLES_DIFF,stdi8,"ld (0x0435),0x00",10
UNI_ASSEMBLES_DIFF,stb_d8,"ld (0x0c14),A",10
UNI_ASSEMBLES_DIFF,stda16,"ld (0x0cba),IY",10
UNI_ASSEMBLES_DIFF,stda16,"ld (0x0cbe),IY",10
UNI_ASSEMBLES_DIFF,stda16,"ld (0x0ce8),WA",10
UNI_ASSEMBLES_DIFF,stdi8,"ld (0x0dc0),0x00",10
UNI_ASSEMBLES_DIFF,stdi8,"ld (0x0dd0),0xff",10
UNI_ASSEMBLES_DIFF,stdi8,"ld (0x0df3),0x02",10
UNI_ASSEMBLES_DIFF,stb_d8,"ld (0x0dfd),A",10
UNI_ASSEMBLES_DIFF,stda16,"ld (0x0e4e),WA",10
UNI_ASSEMBLES_DIFF,stda16,"ld (0x0fd6),IY",10
UNI_ASSEMBLES_DIFF,stb_d8,"ld (0x1075),A",10
UNI_ASSEMBLES_DIFF,stda32,"ld (0x1114),XWA",10
UNI_ASSEMBLES_DIFF,stda16,"ld (0x11f5),WA",10
UNI_ASSEMBLES_DIFF,stdi8,"ld (0x124c),0x01",10
UNI_ASSEMBLES_DIFF,stb_d8,"ld (0x1259),A",10
UNI_ASSEMBLES_DIFF,stb_d8,"ld (0x12f7),A",10
UNI_ASSEMBLES_DIFF,stb_d8,"ld (0x12f8),A",10
UNI_ASSEMBLES_DIFF,stb_d8,"ld (0x12ff),A",10
UNI_ASSEMBLES_DIFF,stb_d8,"ld (0x1302),A",10
UNI_ASSEMBLES_DIFF,stb_d8,"ld (0x1304),A",10
UNI_ASSEMBLES_DIFF,stdi8,"ld (0x2070),0x60",10
UNI_ASSEMBLES_DIFF,stdi8,"ld (0x21fa),0x00",10
UNI_ASSEMBLES_DIFF,stb_d8,"ld (0x2243),A",10
UNI_ASSEMBLES_DIFF,stda16,"ld (0x2316),BC",10
UNI_ASSEMBLES_DIFF,stda16,"ld (0x2792),WA",10
UNI_ASSEMBLES_DIFF,stdi8,"ld (0x2820),0x2b",10
UNI_ASSEMBLES_DIFF,stb_d8,"ld (0x287b),C",10
UNI_ASSEMBLES_DIFF,stb_d8,"ld (0x32c3),A",10
UNI_ASSEMBLES_DIFF,stb_d8,"ld (0x32c7),A",10
UNI_ASSEMBLES_DIFF,stb_d8,"ld (0x330a),A",10
UNI_ASSEMBLES_DIFF,stb_d8,"ld (0x332a),A",10
UNI_ASSEMBLES_DIFF,stda16,"ld (0x333a),IZ",10
UNI_ASSEMBLES_DIFF,stda16,"ld (0x3372),WA",10
UNI_ASSEMBLES_DIFF,stdi8,"ld (0x33ea),0x00",10
UNI_ASSEMBLES_DIFF,stb_d8,"ld (0x342d),A",10
UNI_ASSEMBLES_DIFF,stdi8,"ld (0x3430),0x00",10
UNI_ASSEMBLES_DIFF,stda16,"ld (0x3449),WA",10
UNI_ASSEMBLES_DIFF,stb_d8,"ld (0x34cf),A",10
UNI_ASSEMBLES_DIFF,stdi8,"ld (0x34d6),0x00",10
UNI_ASSEMBLES_DIFF,stb_d8,"ld (0x34ee),W",10
UNI_ASSEMBLES_DIFF,stb_d8,"ld (0x34fb),A",10
UNI_ASSEMBLES_DIFF,stda16,"ld (0x35de),WA",10
UNI_ASSEMBLES_DIFF,stda16,"ld (0x35e0),WA",10
UNI_ASSEMBLES_DIFF,stda16,"ld (0x3602),WA",10
UNI_ASSEMBLES_DIFF,stda16,"ld (0x3604),WA",10
UNI_ASSEMBLES_DIFF,stda16,"ld (0x3612),HL",10
UNI_ASSEMBLES_DIFF,stda32,"ld (0x364c),XIX",10
UNI_ASSEMBLES_DIFF,stda32,"ld (0x3650),XIX",10
UNI_ASSEMBLES_DIFF,stda32,"ld (0x36c6),XWA",10
UNI_ASSEMBLES_DIFF,stb_d8,"ld (0x3718),A",10
UNI_ASSEMBLES_DIFF,stb_d8,"ld (0x3719),A",10
UNI_ASSEMBLES_DIFF,stb_d8,"ld (0x3746),C",10
UNI_ASSEMBLES_DIFF,stdi8,"ld (0x37c9),0x01",10
UNI_ASSEMBLES_DIFF,stda16,"ld (0x3978),WA",10
UNI_ASSEMBLES_DIFF,stdi8,"ld (0x48da),0x00",10
UNI_ASSEMBLES_DIFF,stda16,"ld (0x7e2c),WA",10
UNI_ASSEMBLES_DIFF,stda16,"ld (0x7e2e),WA",10
UNI_ASSEMBLES_DIFF,stda16,"ld (0x7e46),WA",10
UNI_ASSEMBLES_DIFF,stb_d8,"ld (0x7e55),A",10
UNI_ASSEMBLES_DIFF,stdi8,"ld (0x7ea6),0x02",10
UNI_ASSEMBLES_DIFF,stdi8,"ld (0x7f0b),0x00",10
UNI_ASSEMBLES_DIFF,stda16,"ld (0x7f10),WA",10
UNI_ASSEMBLES_DIFF,stda16,"ld (0x7f12),WA",10
UNI_ASSEMBLES_DIFF,stdi8,"ld (0x8462),0x01",10
UNI_ASSEMBLES_DIFF,stb_d8,"ld (0x8a00),C",10
UNI_ASSEMBLES_DIFF,stb_d8,"ld (0x8a08),C",10
UNI_ASSEMBLES_DIFF,stb_d8,"ld (0x8a36),A",10
UNI_ASSEMBLES_DIFF,stda32,"ld (0x8b30),XWA",10
UNI_ASSEMBLES_DIFF,stb_d8,"ld (0x8ee0),A",10
UNI_ASSEMBLES_DIFF,stdi8,"ld (0x8f4e),0x04",10
UNI_ASSEMBLES_DIFF,stb_d8,"ld (0x9049),A",10
UNI_ASSEMBLES_DIFF,stb_d8,"ld (0x90f7),C",10
UNI_ASSEMBLES_DIFF,stb_d8,"ld (0x90f8),A",10
UNI_ASSEMBLES_DIFF,stb_d8,"ld (0x9129),E",10
UNI_ASSEMBLES_DIFF,stb_d8,"ld (0x91c8),A",10
UNI_ASSEMBLES_DIFF,stdi8,"ld (0x91ca),0x03",10
UNI_ASSEMBLES_DIFF,stb_d8,"ld (0xc07d),A",10
UNI_ASSEMBLES_DIFF,stb_d8,"ld (0xc07f),A",10
UNI_ASSEMBLES_DIFF,stdi8,"ld (0xc218),0xff",10
UNI_ASSEMBLES_DIFF,stdi8,"ld (0xc252),0xff",10
UNI_ASSEMBLES_DIFF,stdi8,"ld (0xc253),0xff",10
UNI_ASSEMBLES_DIFF,stdi8,"ld (0xc254),0xff",10
UNI_ASSEMBLES_DIFF,stdi8,"ld (0xc255),0xff",10
UNI_ASSEMBLES_DIFF,stdi8,"ld (0xc256),0xff",10
UNI_ASSEMBLES_DIFF,stdi8,"ld (0xc2ba),0xff",10
UNI_ASSEMBLES_DIFF,stdi8,"ld (0xc2bb),0xff",10
UNI_ASSEMBLES_DIFF,stdi8,"ld (0xe31a),0x10",10
UNI_ASSEMBLES_DIFF,stdi8,"ld (0xe38e),0x00",10
UNI_ASSEMBLES_DIFF,stdi8,"ld (0xe3de),0x10",10
UNI_ASSEMBLES_DIFF,stb_d8,"ld (0xfc5b),H",10
UNI_ASSEMBLES_DIFF,ldb_d8,"ld A,(0x0c71)",10
UNI_ASSEMBLES_DIFF,ldb_d8,"ld A,(0x0d1c)",10
UNI_ASSEMBLES_DIFF,ldb_d8,"ld A,(0x0dc1)",10
UNI_ASSEMBLES_DIFF,ldb_d8,"ld A,(0x0e52)",10
UNI_ASSEMBLES_DIFF,ldb_d8,"ld A,(0x0eb9)",10
UNI_ASSEMBLES_DIFF,ldb_d8,"ld A,(0x10f5)",10
UNI_ASSEMBLES_DIFF,ldb_d8,"ld A,(0x1198)",10
UNI_ASSEMBLES_DIFF,ldb_d8,"ld A,(0x21f9)",10
UNI_ASSEMBLES_DIFF,ldb_d8,"ld A,(0x2209)",10
UNI_ASSEMBLES_DIFF,ldb_d8,"ld A,(0x2720)",10
UNI_ASSEMBLES_DIFF,ldb_d8,"ld A,(0x27a2)",10
UNI_ASSEMBLES_DIFF,ldb_d8,"ld A,(0x28b0)",10
UNI_ASSEMBLES_DIFF,ldb_d8,"ld A,(0x3283)",10
UNI_ASSEMBLES_DIFF,ldb_d8,"ld A,(0x32da)",10
UNI_ASSEMBLES_DIFF,ldb_d8,"ld A,(0x32f7)",10
UNI_ASSEMBLES_DIFF,ldb_d8,"ld A,(0x32ff)",10
UNI_ASSEMBLES_DIFF,ldb_d8,"ld A,(0x3313)",10
UNI_ASSEMBLES_DIFF,ldb_d8,"ld A,(0x3333)",10
UNI_ASSEMBLES_DIFF,ldb_d8,"ld A,(0x3394)",10
UNI_ASSEMBLES_DIFF,ldb_d8,"ld A,(0x342e)",10
UNI_ASSEMBLES_DIFF,ldb_d8,"ld A,(0x3470)",10
UNI_ASSEMBLES_DIFF,ldb_d8,"ld A,(0x3718)",10
UNI_ASSEMBLES_DIFF,ldb_d8,"ld A,(0x7d88)",10
UNI_ASSEMBLES_DIFF,ldb_d8,"ld A,(0x89fe)",10
UNI_ASSEMBLES_DIFF,ldb_d8,"ld A,(0x8a2e)",10
UNI_ASSEMBLES_DIFF,ldb_d8,"ld A,(0x8c98)",10
UNI_ASSEMBLES_DIFF,ldb_d8,"ld A,(0x8c9e)",10
UNI_ASSEMBLES_DIFF,ldb_d8,"ld A,(0x8d40)",10
UNI_ASSEMBLES_DIFF,ldb_d8,"ld A,(0x8d42)",10
UNI_ASSEMBLES_DIFF,ldb_d8,"ld A,(0xfd99)",10
UNI_ASSEMBLES_DIFF,ldb_d8,"ld B,(0x34d9)",10
UNI_ASSEMBLES_DIFF,ldw_d16,"ld BC,(0xc1f6)",10
UNI_ASSEMBLES_DIFF,ldb_d8,"ld C,(0x2335)",10
UNI_ASSEMBLES_DIFF,ldb_d8,"ld C,(0x272b)",10
UNI_ASSEMBLES_DIFF,ldb_d8,"ld C,(0x8a08)",10
UNI_ASSEMBLES_DIFF,ldb_d8,"ld C,(0x8d38)",10
UNI_ASSEMBLES_DIFF,ldw_d16,"ld DE,(0x0e4e)",10
UNI_ASSEMBLES_DIFF,ldw_d16,"ld DE,(0x3946)",10
UNI_ASSEMBLES_DIFF,ldb_d8,"ld E,(0x3349)",10
UNI_ASSEMBLES_DIFF,ldb_d8,"ld E,(0x9180)",10
UNI_ASSEMBLES_DIFF,ldb_d8,"ld E,(0x959a)",10
UNI_ASSEMBLES_DIFF,ldw_d16,"ld HL,(0x7f10)",10
UNI_ASSEMBLES_DIFF,ldw_d16,"ld IY,(0x345c)",10
UNI_ASSEMBLES_DIFF,ldb_d8,"ld L,(0x11ab)",10
UNI_ASSEMBLES_DIFF,ldb_d8,"ld L,(0x342e)",10
UNI_ASSEMBLES_DIFF,ldb_d8,"ld L,(0x34ef)",10
UNI_ASSEMBLES_DIFF,ldb_d8,"ld L,(0xfd50)",10
UNI_ASSEMBLES_DIFF,ldb_d8,"ld W,(0x0d1d)",10
UNI_ASSEMBLES_DIFF,ldb_d8,"ld W,(0x1a5a)",10
UNI_ASSEMBLES_DIFF,ldb_d8,"ld W,(0x1a5b)",10
UNI_ASSEMBLES_DIFF,ldb_d8,"ld W,(0x7e55)",10
UNI_ASSEMBLES_DIFF,ldw_d16,"ld WA,(0x0c75)",10
UNI_ASSEMBLES_DIFF,ldw_d16,"ld WA,(0x0c77)",10
UNI_ASSEMBLES_DIFF,ldw_d16,"ld WA,(0x0ce8)",10
UNI_ASSEMBLES_DIFF,ldw_d16,"ld WA,(0x0d5a)",10
UNI_ASSEMBLES_DIFF,ldw_d16,"ld WA,(0x2792)",10
UNI_ASSEMBLES_DIFF,ldw_d16,"ld WA,(0x3604)",10
UNI_ASSEMBLES_DIFF,ldw_d16,"ld WA,(0x365a)",10
UNI_ASSEMBLES_DIFF,ldw_d16,"ld WA,(0x36fa)",10
UNI_ASSEMBLES_DIFF,ldw_d16,"ld WA,(0x8dff)",10
UNI_ASSEMBLES_DIFF,ldw_d16,"ld WA,(0x9133)",10
UNI_ASSEMBLES_DIFF,ldw_d16,"ld WA,(0xc59a)",10
UNI_ASSEMBLES_DIFF,ldw_d16,"ld WA,(0xf1e7)",10
UNI_ASSEMBLES_DIFF,ldda32,"ld XIX,(0x3548)",10
UNI_ASSEMBLES_DIFF,ldda32,"ld XIX,(0x3560)",10
UNI_ASSEMBLES_DIFF,ldda32,"ld XIX,(0x3564)",10
UNI_ASSEMBLES_DIFF,ldda32,"ld XIX,(0x3604)",10
UNI_ASSEMBLES_DIFF,ldda32,"ld XIY,(0x3604)",10
UNI_ASSEMBLES_DIFF,ldda32,"ld XWA,(0x7f76)",10
UNI_ASSEMBLES_DIFF,ldda32,"ld XWA,(0x8006)",10
UNI_ASSEMBLES_DIFF,ldda32,"ld XWA,(0x8430)",10
UNI_ASSEMBLES_DIFF,ldda32,"ld XWA,(0x8494)",10
UNI_ASSEMBLES_DIFF,ldda32,"ld XWA,(0x84f4)",10
UNI_ASSEMBLES_DIFF,ordi8,"or (0x108c),0x01",10
UNI_ASSEMBLES_DIFF,orda8,"or A,(0x338c)",10
UNI_ASSEMBLES_DIFF,resda,"res 0,(0x35b0)",10
UNI_ASSEMBLES_DIFF,res_dd8,"res 2,(0x3c)",10
UNI_ASSEMBLES_DIFF,resda,"res 3,(0x28ad)",10
UNI_ASSEMBLES_DIFF,setda,"set 3,(0xc1fe)",10
UNI_ASSEMBLES_DIFF,set_dd8,"set 5,(0x1f)",10
UNI_ASSEMBLES_DIFF,adddm16,"add (0x275e),WA",9
UNI_ASSEMBLES_DIFF,addda32,"add XBC,(0x0c72)",9
UNI_ASSEMBLES_DIFF,addda32,"add XDE,(0x0c72)",9
UNI_ASSEMBLES_DIFF,anddi8,"and (0x1129),0xfe",9
UNI_ASSEMBLES_DIFF,anddi8,"and (0x287b),0xbf",9
UNI_ASSEMBLES_DIFF,anddi8,"and (0x289d),0xfb",9
UNI_ASSEMBLES_DIFF,anddi8,"and (0x28b1),0xfe",9
UNI_ASSEMBLES_DIFF,anddi8,"and (0x328a),0xc0",9
UNI_ASSEMBLES_DIFF,anddi8,"and (0x328b),0xc0",9
UNI_ASSEMBLES_DIFF,andda8,"and A,(0x33e3)",9
UNI_ASSEMBLES_DIFF,andda8,"and A,(0xbfe2)",9
UNI_ASSEMBLES_DIFF,andda16,"and BC,(0x28c6)",9
UNI_ASSEMBLES_DIFF,andda16,"and WA,(0x2316)",9
UNI_ASSEMBLES_DIFF,bitda,"bit 0,(0x282a)",9
UNI_ASSEMBLES_DIFF,bitda,"bit 0,(0x33de)",9
UNI_ASSEMBLES_DIFF,bitda,"bit 2,(0x1134)",9
UNI_ASSEMBLES_DIFF,bitda,"bit 2,(0x295f)",9
UNI_ASSEMBLES_DIFF,bitda,"bit 3,(0x041e)",9
UNI_ASSEMBLES_DIFF,bit_dd8,"bit 6,(0x3c)",9
UNI_ASSEMBLES_DIFF,bitda,"bit 6,(0xfd97)",9
UNI_ASSEMBLES_DIFF,cpdi8,"cp (0x05e0),0x01",9
UNI_ASSEMBLES_DIFF,cpdi8,"cp (0x0fad),0x40",9
UNI_ASSEMBLES_DIFF,cpdi8,"cp (0x10e4),0x00",9
UNI_ASSEMBLES_DIFF,cpdi8,"cp (0x1d88),0x00",9
UNI_ASSEMBLES_DIFF,cpdi8,"cp (0x2798),0x00",9
UNI_ASSEMBLES_DIFF,cpdi8,"cp (0x27d2),0xff",9
UNI_ASSEMBLES_DIFF,cpdi8,"cp (0x2873),0x0c",9
UNI_ASSEMBLES_DIFF,cpdi8,"cp (0x3338),0x01",9
UNI_ASSEMBLES_DIFF,cpdi8,"cp (0x3338),0x02",9
UNI_ASSEMBLES_DIFF,cpdi8,"cp (0x8c9a),0x78",9
UNI_ASSEMBLES_DIFF,cpdi8,"cp (0x8c9a),0x7a",9
UNI_ASSEMBLES_DIFF,cpdi8,"cp (0x8c9c),0x8a",9
UNI_ASSEMBLES_DIFF,cpdi8,"cp (0xc5c8),0xff",9
UNI_ASSEMBLES_DIFF,cpdi8,"cp (0xf23d),0xff",9
UNI_ASSEMBLES_DIFF,cpda16,"cp BC,(0x041c)",9
UNI_ASSEMBLES_DIFF,cpda8,"cp C,(0x041b)",9
UNI_ASSEMBLES_DIFF,cpda16,"cp WA,(0x0d6b)",9
UNI_ASSEMBLES_DIFF,cpda16,"cp WA,(0x2686)",9
UNI_ASSEMBLES_DIFF,cpda16,"cp WA,(0x28a2)",9
UNI_ASSEMBLES_DIFF,incdi16,"incw 1,(0x041c)",9
UNI_ASSEMBLES_DIFF,incdi16,"incw 1,(0x05c3)",9
UNI_ASSEMBLES_DIFF,incdi16,"incw 1,(0x0f6a)",9
UNI_ASSEMBLES_DIFF,incdi16,"incw 1,(0x10e7)",9
UNI_ASSEMBLES_DIFF,incdi16,"incw 1,(0x275e)",9
UNI_ASSEMBLES_DIFF,incdi16,"incw 1,(0xf231)",9
UNI_ASSEMBLES_DIFF,stdi8,"ld (0x0154),0x66",9
UNI_ASSEMBLES_DIFF,stda32,"ld (0x0409),XWA",9
UNI_ASSEMBLES_DIFF,stdi8,"ld (0x041e),0x10",9
UNI_ASSEMBLES_DIFF,stdi8,"ld (0x0421),0x10",9
UNI_ASSEMBLES_DIFF,stb_d8,"ld (0x0458),A",9
UNI_ASSEMBLES_DIFF,stda16,"ld (0x0460),WA",9
UNI_ASSEMBLES_DIFF,stda16,"ld (0x0487),WA",9
UNI_ASSEMBLES_DIFF,stda32,"ld (0x05d6),XWA",9
UNI_ASSEMBLES_DIFF,stda32,"ld (0x05da),XWA",9
UNI_ASSEMBLES_DIFF,stda32,"ld (0x0642),XWA",9
UNI_ASSEMBLES_DIFF,stda32,"ld (0x064a),XWA",9
UNI_ASSEMBLES_DIFF,stda16,"ld (0x0c1c),WA",9
UNI_ASSEMBLES_DIFF,stda16,"ld (0x0c77),WA",9
UNI_ASSEMBLES_DIFF,stda16,"ld (0x0cbc),WA",9
UNI_ASSEMBLES_DIFF,stda16,"ld (0x0cc0),WA",9
UNI_ASSEMBLES_DIFF,stda16,"ld (0x0cc6),WA",9
UNI_ASSEMBLES_DIFF,stda16,"ld (0x0cdc),WA",9
UNI_ASSEMBLES_DIFF,stda16,"ld (0x0ce4),DE",9
UNI_ASSEMBLES_DIFF,stb_d8,"ld (0x0ce5),A",9
UNI_ASSEMBLES_DIFF,stda16,"ld (0x0d0a),IY",9
UNI_ASSEMBLES_DIFF,stb_d8,"ld (0x0d3a),A",9
UNI_ASSEMBLES_DIFF,stdi8,"ld (0x0d4a),0xff",9
UNI_ASSEMBLES_DIFF,stb_d8,"ld (0x0d4a),A",9
UNI_ASSEMBLES_DIFF,stb_d8,"ld (0x0d61),A",9
UNI_ASSEMBLES_DIFF,stb_d8,"ld (0x0dc2),A",9
UNI_ASSEMBLES_DIFF,stb_d8,"ld (0x0dc6),A",9
UNI_ASSEMBLES_DIFF,stda16,"ld (0x0de8),WA",9
UNI_ASSEMBLES_DIFF,stda16,"ld (0x0dea),WA",9
UNI_ASSEMBLES_DIFF,stb_d8,"ld (0x0df7),A",9
UNI_ASSEMBLES_DIFF,stdi8,"ld (0x0dfc),0x01",9
UNI_ASSEMBLES_DIFF,stdi8,"ld (0x0e18),0x01",9
UNI_ASSEMBLES_DIFF,stdi8,"ld (0x0e18),0x04",9
UNI_ASSEMBLES_DIFF,stdi8,"ld (0x106e),0x00",9
UNI_ASSEMBLES_DIFF,stdi8,"ld (0x1070),0x00",9
UNI_ASSEMBLES_DIFF,stda16,"ld (0x1085),WA",9
UNI_ASSEMBLES_DIFF,stda32,"ld (0x10fd),XIY",9
UNI_ASSEMBLES_DIFF,stda32,"ld (0x1118),XWA",9
UNI_ASSEMBLES_DIFF,stb_d8,"ld (0x1135),A",9
UNI_ASSEMBLES_DIFF,stdi8,"ld (0x1143),0x00",9
UNI_ASSEMBLES_DIFF,stdi8,"ld (0x1193),0x00",9
UNI_ASSEMBLES_DIFF,stdi8,"ld (0x1195),0x00",9
UNI_ASSEMBLES_DIFF,stdi8,"ld (0x11f4),0x01",9
UNI_ASSEMBLES_DIFF,stb_d8,"ld (0x1300),A",9
UNI_ASSEMBLES_DIFF,stb_d8,"ld (0x1968),A",9
UNI_ASSEMBLES_DIFF,stb_d8,"ld (0x1969),A",9
UNI_ASSEMBLES_DIFF,stda32,"ld (0x1ae3),XWA",9
UNI_ASSEMBLES_DIFF,stdi8,"ld (0x1ae7),0x00",9
UNI_ASSEMBLES_DIFF,stdi8,"ld (0x1d4a),0x00",9
UNI_ASSEMBLES_DIFF,stdi8,"ld (0x1d4a),0x01",9
UNI_ASSEMBLES_DIFF,stdi8,"ld (0x1d4a),0x02",9
UNI_ASSEMBLES_DIFF,stdi8,"ld (0x1d4a),0x03",9
UNI_ASSEMBLES_DIFF,stb_d8,"ld (0x1d4e),A",9
UNI_ASSEMBLES_DIFF,stdi8,"ld (0x1d5e),0x00",9
UNI_ASSEMBLES_DIFF,stdi8,"ld (0x1d62),0x00",9
UNI_ASSEMBLES_DIFF,stdi8,"ld (0x1d6a),0x01",9
UNI_ASSEMBLES_DIFF,stdi8,"ld (0x1d88),0x00",9
UNI_ASSEMBLES_DIFF,stdi8,"ld (0x209c),0x86",9
UNI_ASSEMBLES_DIFF,stdi8,"ld (0x2308),0x00",9
UNI_ASSEMBLES_DIFF,stb_d8,"ld (0x2332),A",9
UNI_ASSEMBLES_DIFF,stda16,"ld (0x258e),BC",9
UNI_ASSEMBLES_DIFF,stda16,"ld (0x25bc),WA",9
UNI_ASSEMBLES_DIFF,stdi8,"ld (0x2660),0x00",9
UNI_ASSEMBLES_DIFF,stb_d8,"ld (0x2660),A",9
UNI_ASSEMBLES_DIFF,stdi8,"ld (0x2662),0x00",9
UNI_ASSEMBLES_DIFF,stda32,"ld (0x267a),XWA",9
UNI_ASSEMBLES_DIFF,stda16,"ld (0x2686),WA",9
UNI_ASSEMBLES_DIFF,stda32,"ld (0x26ce),XWA",9
UNI_ASSEMBLES_DIFF,stb_d8,"ld (0x2710),A",9
UNI_ASSEMBLES_DIFF,stb_d8,"ld (0x271a),A",9
UNI_ASSEMBLES_DIFF,stb_d8,"ld (0x271c),A",9
UNI_ASSEMBLES_DIFF,stda32,"ld (0x2722),XWA",9
UNI_ASSEMBLES_DIFF,stdi8,"ld (0x2724),0x00",9
UNI_ASSEMBLES_DIFF,stda16,"ld (0x275e),WA",9
UNI_ASSEMBLES_DIFF,stda16,"ld (0x2772),BC",9
UNI_ASSEMBLES_DIFF,stb_d8,"ld (0x2784),A",9
UNI_ASSEMBLES_DIFF,stb_d8,"ld (0x2786),A",9
UNI_ASSEMBLES_DIFF,stda16,"ld (0x279a),BC",9
UNI_ASSEMBLES_DIFF,stda16,"ld (0x27ec),HL",9
UNI_ASSEMBLES_DIFF,stda16,"ld (0x2800),WA",9
UNI_ASSEMBLES_DIFF,stb_d8,"ld (0x2806),A",9
UNI_ASSEMBLES_DIFF,stb_d8,"ld (0x2873),L",9
UNI_ASSEMBLES_DIFF,stdi8,"ld (0x287a),0xff",9
UNI_ASSEMBLES_DIFF,stda16,"ld (0x2887),IZ",9
UNI_ASSEMBLES_DIFF,stb_d8,"ld (0x28be),A",9
UNI_ASSEMBLES_DIFF,stdi8,"ld (0x295e),0x86",9
UNI_ASSEMBLES_DIFF,stb_d8,"ld (0x3394),A",9
UNI_ASSEMBLES_DIFF,stdi8,"ld (0x3453),0x1a",9
UNI_ASSEMBLES_DIFF,stb_d8,"ld (0x349f),C",9
UNI_ASSEMBLES_DIFF,stda16,"ld (0x3660),WA",9
UNI_ASSEMBLES_DIFF,stdi8,"ld (0x7ea6),0x01",9
UNI_ASSEMBLES_DIFF,stb_d8,"ld (0x8cb0),A",9
UNI_ASSEMBLES_DIFF,stda16,"ld (0x9042),WA",9
UNI_ASSEMBLES_DIFF,stdi8,"ld (0x908e),0x7f",9
UNI_ASSEMBLES_DIFF,stdi8,"ld (0xf1d3),0x01",9
UNI_ASSEMBLES_DIFF,stda16,"ld (0xf1e2),WA",9
UNI_ASSEMBLES_DIFF,stda16,"ld (0xf1ea),WA",9
UNI_ASSEMBLES_DIFF,stda16,"ld (0xf22f),IY",9
UNI_ASSEMBLES_DIFF,stda16,"ld (0xf23a),WA",9
UNI_ASSEMBLES_DIFF,stda16,"ld (0xf23f),WA",9
UNI_ASSEMBLES_DIFF,ldb_d8,"ld A,(0x0434)",9
UNI_ASSEMBLES_DIFF,ldb_d8,"ld A,(0x0d18)",9
UNI_ASSEMBLES_DIFF,ldb_d8,"ld A,(0x0d3b)",9
UNI_ASSEMBLES_DIFF,ldb_d8,"ld A,(0x0faa)",9
UNI_ASSEMBLES_DIFF,ldb_d8,"ld A,(0x106e)",9
UNI_ASSEMBLES_DIFF,ldb_d8,"ld A,(0x1085)",9
UNI_ASSEMBLES_DIFF,ldb_d8,"ld A,(0x108a)",9
UNI_ASSEMBLES_DIFF,ldb_d8,"ld A,(0x10f2)",9
UNI_ASSEMBLES_DIFF,ldb_d8,"ld A,(0x10f4)",9
UNI_ASSEMBLES_DIFF,ldb_d8,"ld A,(0x111c)",9
UNI_ASSEMBLES_DIFF,ldb_d8,"ld A,(0x1128)",9
UNI_ASSEMBLES_DIFF,ldb_d8,"ld A,(0x1180)",9
UNI_ASSEMBLES_DIFF,ldb_d8,"ld A,(0x195b)",9
UNI_ASSEMBLES_DIFF,ldb_d8,"ld A,(0x1d8c)",9
UNI_ASSEMBLES_DIFF,ldb_d8,"ld A,(0x2071)",9
UNI_ASSEMBLES_DIFF,ldb_d8,"ld A,(0x2076)",9
UNI_ASSEMBLES_DIFF,ldb_d8,"ld A,(0x2078)",9
UNI_ASSEMBLES_DIFF,ldb_d8,"ld A,(0x220b)",9
UNI_ASSEMBLES_DIFF,ldb_d8,"ld A,(0x25c2)",9
UNI_ASSEMBLES_DIFF,ldb_d8,"ld A,(0x25c6)",9
UNI_ASSEMBLES_DIFF,ldb_d8,"ld A,(0x25ca)",9
UNI_ASSEMBLES_DIFF,ldb_d8,"ld A,(0x25d8)",9
UNI_ASSEMBLES_DIFF,ldb_d8,"ld A,(0x2600)",9
UNI_ASSEMBLES_DIFF,ldb_d8,"ld A,(0x2654)",9
UNI_ASSEMBLES_DIFF,ldb_d8,"ld A,(0x276c)",9
UNI_ASSEMBLES_DIFF,ldb_d8,"ld A,(0x2786)",9
UNI_ASSEMBLES_DIFF,ldb_d8,"ld A,(0x2788)",9
UNI_ASSEMBLES_DIFF,ldb_d8,"ld A,(0x27dc)",9
UNI_ASSEMBLES_DIFF,ldb_d8,"ld A,(0x288d)",9
UNI_ASSEMBLES_DIFF,ldb_d8,"ld A,(0x289d)",9
UNI_ASSEMBLES_DIFF,ldb_d8,"ld A,(0x3259)",9
UNI_ASSEMBLES_DIFF,ldb_d8,"ld A,(0x3276)",9
UNI_ASSEMBLES_DIFF,ldb_d8,"ld A,(0x33a0)",9
UNI_ASSEMBLES_DIFF,ldb_d8,"ld A,(0x33d2)",9
UNI_ASSEMBLES_DIFF,ldb_d8,"ld A,(0x345e)",9
UNI_ASSEMBLES_DIFF,ldb_d8,"ld A,(0x3627)",9
UNI_ASSEMBLES_DIFF,ldb_d8,"ld A,(0x7f14)",9
UNI_ASSEMBLES_DIFF,ldb_d8,"ld A,(0xf1d5)",9
UNI_ASSEMBLES_DIFF,ldb_d8,"ld A,(0xf1e0)",9
UNI_ASSEMBLES_DIFF,ldb_d8,"ld B,(0x8cb0)",9
UNI_ASSEMBLES_DIFF,ldw_d16,"ld BC,(0x0c96)",9
UNI_ASSEMBLES_DIFF,ldw_d16,"ld BC,(0x2666)",9
UNI_ASSEMBLES_DIFF,ldw_d16,"ld BC,(0x2737)",9
UNI_ASSEMBLES_DIFF,ldw_d16,"ld BC,(0x27d6)",9
UNI_ASSEMBLES_DIFF,ldw_d16,"ld BC,(0x27da)",9
UNI_ASSEMBLES_DIFF,ldw_d16,"ld BC,(0x2889)",9
UNI_ASSEMBLES_DIFF,ldw_d16,"ld BC,(0x28af)",9
UNI_ASSEMBLES_DIFF,ldb_d8,"ld C,(0x0433)",9
UNI_ASSEMBLES_DIFF,ldb_d8,"ld C,(0x0d3e)",9
UNI_ASSEMBLES_DIFF,ldb_d8,"ld C,(0x1d8e)",9
UNI_ASSEMBLES_DIFF,ldb_d8,"ld C,(0x20b9)",9
UNI_ASSEMBLES_DIFF,ldb_d8,"ld C,(0x21e8)",9
UNI_ASSEMBLES_DIFF,ldb_d8,"ld C,(0x2324)",9
UNI_ASSEMBLES_DIFF,ldb_d8,"ld C,(0x2740)",9
UNI_ASSEMBLES_DIFF,ldb_d8,"ld C,(0x34ae)",9
UNI_ASSEMBLES_DIFF,ldb_d8,"ld C,(0x8cb0)",9
UNI_ASSEMBLES_DIFF,ldb_d8,"ld D,(0x8cb0)",9
UNI_ASSEMBLES_DIFF,ldw_d16,"ld DE,(0x0409)",9
UNI_ASSEMBLES_DIFF,ldw_d16,"ld DE,(0x108f)",9
UNI_ASSEMBLES_DIFF,ldw_d16,"ld DE,(0x1091)",9
UNI_ASSEMBLES_DIFF,ldw_d16,"ld DE,(0x2666)",9
UNI_ASSEMBLES_DIFF,ldb_d8,"ld E,(0x0e53)",9
UNI_ASSEMBLES_DIFF,ldb_d8,"ld E,(0x0e54)",9
UNI_ASSEMBLES_DIFF,ldb_d8,"ld E,(0x0fab)",9
UNI_ASSEMBLES_DIFF,ldb_d8,"ld E,(0x1075)",9
UNI_ASSEMBLES_DIFF,ldb_d8,"ld E,(0x2877)",9
UNI_ASSEMBLES_DIFF,ldb_d8,"ld E,(0x8cb0)",9
UNI_ASSEMBLES_DIFF,ldb_d8,"ld H,(0x2250)",9
UNI_ASSEMBLES_DIFF,ldw_d16,"ld IY,(0x0cfa)",9
UNI_ASSEMBLES_DIFF,ldw_d16,"ld IY,(0x27da)",9
UNI_ASSEMBLES_DIFF,ldw_d16,"ld IZ,(0xf19e)",9
UNI_ASSEMBLES_DIFF,ldb_d8,"ld L,(0x0d3e)",9
UNI_ASSEMBLES_DIFF,ldb_d8,"ld L,(0x1073)",9
UNI_ASSEMBLES_DIFF,ldb_d8,"ld L,(0x1259)",9
UNI_ASSEMBLES_DIFF,ldb_d8,"ld L,(0x2740)",9
UNI_ASSEMBLES_DIFF,ldb_d8,"ld L,(0x28c5)",9
UNI_ASSEMBLES_DIFF,ldb_d8,"ld L,(0x33de)",9
UNI_ASSEMBLES_DIFF,ldw_d16,"ld WA,(0x0c18)",9
UNI_ASSEMBLES_DIFF,ldw_d16,"ld WA,(0x0cd2)",9
UNI_ASSEMBLES_DIFF,ldw_d16,"ld WA,(0x0ce3)",9
UNI_ASSEMBLES_DIFF,ldw_d16,"ld WA,(0x0d08)",9
UNI_ASSEMBLES_DIFF,ldw_d16,"ld WA,(0x0d4f)",9
UNI_ASSEMBLES_DIFF,ldw_d16,"ld WA,(0x1073)",9
UNI_ASSEMBLES_DIFF,ldw_d16,"ld WA,(0x10e7)",9
UNI_ASSEMBLES_DIFF,ldw_d16,"ld WA,(0x2326)",9
UNI_ASSEMBLES_DIFF,ldw_d16,"ld WA,(0x251e)",9
UNI_ASSEMBLES_DIFF,ldw_d16,"ld WA,(0x2626)",9
UNI_ASSEMBLES_DIFF,ldw_d16,"ld WA,(0x262c)",9
UNI_ASSEMBLES_DIFF,ldw_d16,"ld WA,(0x2808)",9
UNI_ASSEMBLES_DIFF,ldw_d16,"ld WA,(0x281e)",9
UNI_ASSEMBLES_DIFF,ldw_d16,"ld WA,(0x286f)",9
UNI_ASSEMBLES_DIFF,ldw_d16,"ld WA,(0x2871)",9
UNI_ASSEMBLES_DIFF,ldw_d16,"ld WA,(0x289f)",9
UNI_ASSEMBLES_DIFF,ldw_d16,"ld WA,(0x29aa)",9
UNI_ASSEMBLES_DIFF,ldw_d16,"ld WA,(0x38ee)",9
UNI_ASSEMBLES_DIFF,ldw_d16,"ld WA,(0x7da6)",9
UNI_ASSEMBLES_DIFF,ldw_d16,"ld WA,(0x7eca)",9
UNI_ASSEMBLES_DIFF,ldw_d16,"ld WA,(0x8110)",9
UNI_ASSEMBLES_DIFF,ldda32,"ld XBC,(0x0c6e)",9
UNI_ASSEMBLES_DIFF,ldda32,"ld XBC,(0x0c76)",9
UNI_ASSEMBLES_DIFF,ldda32,"ld XBC,(0x21d3)",9
UNI_ASSEMBLES_DIFF,ldda32,"ld XHL,(0x288f)",9
UNI_ASSEMBLES_DIFF,ldda32,"ld XIX,(0x1114)",9
UNI_ASSEMBLES_DIFF,ldda32,"ld XIY,(0x1101)",9
UNI_ASSEMBLES_DIFF,ldda32,"ld XIY,(0x126e)",9
UNI_ASSEMBLES_DIFF,ldda32,"ld XIY,(0x1d5a)",9
UNI_ASSEMBLES_DIFF,ldda32,"ld XWA,(0x26ce)",9
UNI_ASSEMBLES_DIFF,ldda32,"ld XWA,(0x29ee)",9
UNI_ASSEMBLES_DIFF,ldda32,"ld XWA,(0x3004)",9
UNI_ASSEMBLES_DIFF,ldda32,"ld XWA,(0x3cc0)",9
UNI_ASSEMBLES_DIFF,ordi8,"or (0x287b),0x04",9
UNI_ASSEMBLES_DIFF,orda8,"or A,(0x3277)",9
UNI_ASSEMBLES_DIFF,orda8,"or A,(0x3279)",9
UNI_ASSEMBLES_DIFF,res_dd8,"res 0,(0x68)",9
UNI_ASSEMBLES_DIFF,resda,"res 1,(0x28a7)",9
UNI_ASSEMBLES_DIFF,res_dd8,"res 5,(0x1f)",9
UNI_ASSEMBLES_DIFF,set_dd8,"set 1,(0x30)",9
UNI_ASSEMBLES_DIFF,set_dd8,"set 1,(0x68)",9
UNI_ASSEMBLES_DIFF,setda,"set 2,(0x287b)",9
UNI_ASSEMBLES_DIFF,set_dd8,"set 2,(0x3c)",9
UNI_ASSEMBLES_DIFF,set_dd8,"set 2,(0x80)",9
UNI_ASSEMBLES_DIFF,setda,"set 3,(0x295f)",9
UNI_ASSEMBLES_DIFF,setda,"set 4,(0x287b)",9
UNI_ASSEMBLES_DIFF,subda16,"sub BC,(0x28bc)",9
UNI_ASSEMBLES_DIFF,subda16,"sub WA,(0x2328)",9
UNI_ASSEMBLES_DIFF,subda16,"sub WA,(0xf1d7)",9
UNI_ASSEMBLES_DIFF,subda16,"sub WA,(0xf1dc)",9
UNI_ASSEMBLES_DIFF,subda16,"sub WA,(0xf1e2)",9
UNI_ASSEMBLES_DIFF,subda16,"sub WA,(0xf1ea)",9
UNI_ASSEMBLES_DIFF,addda16,"add IY,(0x8dfd)",8
UNI_ASSEMBLES_DIFF,addda16,"add WA,(0x27ba)",8
UNI_ASSEMBLES_DIFF,anddi8,"and (0x32ab),0x0f",8
UNI_ASSEMBLES_DIFF,anddi8,"and (0x32ac),0x0f",8
UNI_ASSEMBLES_DIFF,anddi8,"and (0x32ad),0x0f",8
UNI_ASSEMBLES_DIFF,anddi8,"and (0x32ae),0x0f",8
UNI_ASSEMBLES_DIFF,anddi8,"and (0x32af),0x0f",8
UNI_ASSEMBLES_DIFF,anddi8,"and (0x32b0),0x0f",8
UNI_ASSEMBLES_DIFF,anddi8,"and (0x32f4),0xef",8
UNI_ASSEMBLES_DIFF,anddi8,"and (0x32f4),0xf3",8
UNI_ASSEMBLES_DIFF,anddm8,"and (0x3312),A",8
UNI_ASSEMBLES_DIFF,anddm8,"and (0x3313),A",8
UNI_ASSEMBLES_DIFF,anddm8,"and (0x3316),A",8
UNI_ASSEMBLES_DIFF,anddm8,"and (0x3317),A",8
UNI_ASSEMBLES_DIFF,anddm8,"and (0x3318),A",8
UNI_ASSEMBLES_DIFF,anddi8,"and (0x3329),0xc0",8
UNI_ASSEMBLES_DIFF,anddm8,"and (0x3329),A",8
UNI_ASSEMBLES_DIFF,anddi8,"and (0x34cf),0x7f",8
UNI_ASSEMBLES_DIFF,anddi8,"and (0x8d8e),0x9f",8
UNI_ASSEMBLES_DIFF,anddi8,"and (0x90e5),0x7f",8
UNI_ASSEMBLES_DIFF,andda8,"and A,(0x3483)",8
UNI_ASSEMBLES_DIFF,andda8,"and A,(0x3487)",8
UNI_ASSEMBLES_DIFF,andda8,"and A,(0x9131)",8
UNI_ASSEMBLES_DIFF,bitda,"bit 0,(0x32fb)",8
UNI_ASSEMBLES_DIFF,bitda,"bit 0,(0x330b)",8
UNI_ASSEMBLES_DIFF,bitda,"bit 0,(0x330f)",8
UNI_ASSEMBLES_DIFF,bitda,"bit 0,(0xfd53)",8
UNI_ASSEMBLES_DIFF,bitda,"bit 1,(0x32fb)",8
UNI_ASSEMBLES_DIFF,bit_dd8,"bit 1,(0x44)",8
UNI_ASSEMBLES_DIFF,bitda,"bit 2,(0x330a)",8
UNI_ASSEMBLES_DIFF,bitda,"bit 2,(0xc1fe)",8
UNI_ASSEMBLES_DIFF,bitda,"bit 3,(0x28b3)",8
UNI_ASSEMBLES_DIFF,bitda,"bit 3,(0x330a)",8
UNI_ASSEMBLES_DIFF,bitda,"bit 4,(0x34ea)",8
UNI_ASSEMBLES_DIFF,bitda,"bit 5,(0x28ac)",8
UNI_ASSEMBLES_DIFF,bitda,"bit 5,(0x28b3)",8
UNI_ASSEMBLES_DIFF,bit_dd8,"bit 6,(0x34)",8
UNI_ASSEMBLES_DIFF,cpdi8,"cp (0x0d65),0x02",8
UNI_ASSEMBLES_DIFF,cpdi8,"cp (0x10e8),0x00",8
UNI_ASSEMBLES_DIFF,cpdi8,"cp (0x28be),0xff",8
UNI_ASSEMBLES_DIFF,cpdi8,"cp (0x32d8),0x00",8
UNI_ASSEMBLES_DIFF,cpdi8,"cp (0x3338),0x04",8
UNI_ASSEMBLES_DIFF,cpdi8,"cp (0x3338),0x08",8
UNI_ASSEMBLES_DIFF,cpdi8,"cp (0x3338),0x10",8
UNI_ASSEMBLES_DIFF,cpdi8,"cp (0x33ee),0x05",8
UNI_ASSEMBLES_DIFF,cpdi8,"cp (0x34d9),0x04",8
UNI_ASSEMBLES_DIFF,cpdi8,"cp (0x3676),0x04",8
UNI_ASSEMBLES_DIFF,cpdi8,"cp (0x379b),0x00",8
UNI_ASSEMBLES_DIFF,cpdi8,"cp (0x39b6),0x03",8
UNI_ASSEMBLES_DIFF,cpdi8,"cp (0x48d6),0x00",8
UNI_ASSEMBLES_DIFF,cpdi8,"cp (0x7e52),0x00",8
UNI_ASSEMBLES_DIFF,cpdi8,"cp (0x7ea6),0xff",8
UNI_ASSEMBLES_DIFF,cpdi8,"cp (0x7f42),0x23",8
UNI_ASSEMBLES_DIFF,cpdi8,"cp (0x8c98),0x11",8
UNI_ASSEMBLES_DIFF,cpdi8,"cp (0x8d36),0x57",8
UNI_ASSEMBLES_DIFF,cpdi8,"cp (0x8d36),0x6b",8
UNI_ASSEMBLES_DIFF,cpdi8,"cp (0x8d36),0x6c",8
UNI_ASSEMBLES_DIFF,cpdi8,"cp (0x8d36),0x70",8
UNI_ASSEMBLES_DIFF,cpdi8,"cp (0x8d36),0x71",8
UNI_ASSEMBLES_DIFF,cpdi8,"cp (0x8d38),0xb5",8
UNI_ASSEMBLES_DIFF,cpdi8,"cp (0x8d38),0xc9",8
UNI_ASSEMBLES_DIFF,cpdi8,"cp (0x8d40),0x00",8
UNI_ASSEMBLES_DIFF,cpdi8,"cp (0x90f8),0xff",8
UNI_ASSEMBLES_DIFF,cpda8,"cp A,(0x288d)",8
UNI_ASSEMBLES_DIFF,cpda8,"cp A,(0x8d38)",8
UNI_ASSEMBLES_DIFF,cpda16,"cp WA,(0x0ee8)",8
UNI_ASSEMBLES_DIFF,cpda16,"cp WA,(0x251e)",8
UNI_ASSEMBLES_DIFF,cpda16,"cp WA,(0x3372)",8
UNI_ASSEMBLES_DIFF,incdi8,"inc 1,(0x889c)",8
UNI_ASSEMBLES_DIFF,incdi16,"incw 1,(0x259c)",8
UNI_ASSEMBLES_DIFF,incdi16,"incw 1,(0x34d4)",8
UNI_ASSEMBLES_DIFF,incdi16,"incw 1,(0x3a82)",8
UNI_ASSEMBLES_DIFF,incdi16,"incw 1,(0x8dfd)",8
UNI_ASSEMBLES_DIFF,stdi8,"ld (0x0100),0x00",8
UNI_ASSEMBLES_DIFF,stdi8,"ld (0x0131),0xff",8
UNI_ASSEMBLES_DIFF,stb_d8,"ld (0x041e),A",8
UNI_ASSEMBLES_DIFF,stdi8,"ld (0x0420),0x0c",8
UNI_ASSEMBLES_DIFF,stdi8,"ld (0x0434),0x00",8
UNI_ASSEMBLES_DIFF,stdi8,"ld (0x06ad),0x00",8
UNI_ASSEMBLES_DIFF,stda16,"ld (0x0cbc),HL",8
UNI_ASSEMBLES_DIFF,stda16,"ld (0x0cd0),WA",8
UNI_ASSEMBLES_DIFF,stdi8,"ld (0x0d32),0xff",8
UNI_ASSEMBLES_DIFF,stdi8,"ld (0x0d33),0x00",8
UNI_ASSEMBLES_DIFF,stdi8,"ld (0x0d4a),0x09",8
UNI_ASSEMBLES_DIFF,stda16,"ld (0x0d4f),WA",8
UNI_ASSEMBLES_DIFF,stb_d8,"ld (0x0d68),A",8
UNI_ASSEMBLES_DIFF,stdi8,"ld (0x0def),0x03",8
UNI_ASSEMBLES_DIFF,stda16,"ld (0x0e00),WA",8
UNI_ASSEMBLES_DIFF,stdi8,"ld (0x0e50),0xff",8
UNI_ASSEMBLES_DIFF,stda16,"ld (0x0e50),HL",8
UNI_ASSEMBLES_DIFF,stdi8,"ld (0x0e52),0x04",8
UNI_ASSEMBLES_DIFF,stdi8,"ld (0x0e54),0x04",8
UNI_ASSEMBLES_DIFF,stb_d8,"ld (0x0ec9),A",8
UNI_ASSEMBLES_DIFF,stb_d8,"ld (0x0eed),A",8
UNI_ASSEMBLES_DIFF,stb_d8,"ld (0x0ef5),A",8
UNI_ASSEMBLES_DIFF,stda16,"ld (0x1082),BC",8
UNI_ASSEMBLES_DIFF,stdi8,"ld (0x10ea),0x00",8
UNI_ASSEMBLES_DIFF,stda32,"ld (0x110e),XHL",8
UNI_ASSEMBLES_DIFF,stb_d8,"ld (0x1193),A",8
UNI_ASSEMBLES_DIFF,stb_d8,"ld (0x1194),A",8
UNI_ASSEMBLES_DIFF,stb_d8,"ld (0x12b9),A",8
UNI_ASSEMBLES_DIFF,stb_d8,"ld (0x1305),A",8
UNI_ASSEMBLES_DIFF,stdi8,"ld (0x2070),0x6d",8
UNI_ASSEMBLES_DIFF,stdi8,"ld (0x2071),0x00",8
UNI_ASSEMBLES_DIFF,stdi8,"ld (0x209c),0x0a",8
UNI_ASSEMBLES_DIFF,stda32,"ld (0x218b),XBC",8
UNI_ASSEMBLES_DIFF,stda32,"ld (0x21d7),XBC",8
UNI_ASSEMBLES_DIFF,stda16,"ld (0x2314),WA",8
UNI_ASSEMBLES_DIFF,stb_d8,"ld (0x23cb),A",8
UNI_ASSEMBLES_DIFF,stdi8,"ld (0x2524),0x01",8
UNI_ASSEMBLES_DIFF,stb_d8,"ld (0x2684),A",8
UNI_ASSEMBLES_DIFF,stda32,"ld (0x26ba),XWA",8
UNI_ASSEMBLES_DIFF,stb_d8,"ld (0x2765),H",8
UNI_ASSEMBLES_DIFF,stda16,"ld (0x27ba),WA",8
UNI_ASSEMBLES_DIFF,stda16,"ld (0x27bc),WA",8
UNI_ASSEMBLES_DIFF,stda16,"ld (0x27c0),WA",8
UNI_ASSEMBLES_DIFF,stdi8,"ld (0x2880),0x25",8
UNI_ASSEMBLES_DIFF,stb_d8,"ld (0x28b2),C",8
UNI_ASSEMBLES_DIFF,stb_d8,"ld (0x28b3),A",8
UNI_ASSEMBLES_DIFF,stda16,"ld (0x28ba),IY",8
UNI_ASSEMBLES_DIFF,stda16,"ld (0x28bc),WA",8
UNI_ASSEMBLES_DIFF,stda16,"ld (0x28bf),HL",8
UNI_ASSEMBLES_DIFF,stdi8,"ld (0x2966),0x00",8
UNI_ASSEMBLES_DIFF,stb_d8,"ld (0x3285),A",8
UNI_ASSEMBLES_DIFF,stda16,"ld (0x3297),WA",8
UNI_ASSEMBLES_DIFF,stda16,"ld (0x3299),WA",8
UNI_ASSEMBLES_DIFF,stda16,"ld (0x329b),WA",8
UNI_ASSEMBLES_DIFF,stda16,"ld (0x329d),WA",8
UNI_ASSEMBLES_DIFF,stda16,"ld (0x329f),WA",8
UNI_ASSEMBLES_DIFF,stda16,"ld (0x32a1),WA",8
UNI_ASSEMBLES_DIFF,stda32,"ld (0x32ce),XIY",8
UNI_ASSEMBLES_DIFF,stb_d8,"ld (0x32d9),A",8
UNI_ASSEMBLES_DIFF,stda16,"ld (0x333a),WA",8
UNI_ASSEMBLES_DIFF,stb_d8,"ld (0x333e),A",8
UNI_ASSEMBLES_DIFF,stb_d8,"ld (0x3387),A",8
UNI_ASSEMBLES_DIFF,stb_d8,"ld (0x3395),A",8
UNI_ASSEMBLES_DIFF,stda16,"ld (0x33cf),HL",8
UNI_ASSEMBLES_DIFF,stda16,"ld (0x33d8),IY",8
UNI_ASSEMBLES_DIFF,stb_d8,"ld (0x33de),A",8
UNI_ASSEMBLES_DIFF,stb_d8,"ld (0x3423),A",8
UNI_ASSEMBLES_DIFF,stdi8,"ld (0x3435),0x00",8
UNI_ASSEMBLES_DIFF,stda16,"ld (0x345c),HL",8
UNI_ASSEMBLES_DIFF,stb_d8,"ld (0x3488),A",8
UNI_ASSEMBLES_DIFF,stb_d8,"ld (0x34d9),A",8
UNI_ASSEMBLES_DIFF,stdi8,"ld (0x34db),0x00",8
UNI_ASSEMBLES_DIFF,stdi8,"ld (0x34ef),0x05",8
UNI_ASSEMBLES_DIFF,stdi8,"ld (0x34ef),0x06",8
UNI_ASSEMBLES_DIFF,stdi8,"ld (0x34ef),0x07",8
UNI_ASSEMBLES_DIFF,stdi8,"ld (0x34ef),0x0a",8
UNI_ASSEMBLES_DIFF,stdi8,"ld (0x34ef),0x0b",8
UNI_ASSEMBLES_DIFF,stdi8,"ld (0x34f1),0x00",8
UNI_ASSEMBLES_DIFF,stdi8,"ld (0x350c),0x00",8
UNI_ASSEMBLES_DIFF,stda16,"ld (0x3512),WA",8
UNI_ASSEMBLES_DIFF,stda16,"ld (0x3514),WA",8
UNI_ASSEMBLES_DIFF,stdi8,"ld (0x35d5),0x00",8
UNI_ASSEMBLES_DIFF,stda16,"ld (0x3606),WA",8
UNI_ASSEMBLES_DIFF,stda16,"ld (0x3608),WA",8
UNI_ASSEMBLES_DIFF,stda16,"ld (0x3654),WA",8
UNI_ASSEMBLES_DIFF,stda16,"ld (0x3656),BC",8
UNI_ASSEMBLES_DIFF,stda16,"ld (0x365a),WA",8
UNI_ASSEMBLES_DIFF,stda16,"ld (0x3664),BC",8
UNI_ASSEMBLES_DIFF,stda16,"ld (0x3666),WA",8
UNI_ASSEMBLES_DIFF,stda32,"ld (0x36ca),XWA",8
UNI_ASSEMBLES_DIFF,stb_d8,"ld (0x36ff),A",8
UNI_ASSEMBLES_DIFF,stb_d8,"ld (0x373f),A",8
UNI_ASSEMBLES_DIFF,stdi8,"ld (0x379b),0x01",8
UNI_ASSEMBLES_DIFF,stdi8,"ld (0x379b),0x08",8
UNI_ASSEMBLES_DIFF,stdi8,"ld (0x379b),0x10",8
UNI_ASSEMBLES_DIFF,stb_d8,"ld (0x38d0),A",8
UNI_ASSEMBLES_DIFF,stdi8,"ld (0x3950),0x00",8
UNI_ASSEMBLES_DIFF,stda16,"ld (0x398a),BC",8
UNI_ASSEMBLES_DIFF,stda16,"ld (0x398a),WA",8
UNI_ASSEMBLES_DIFF,stda16,"ld (0x398c),BC",8
UNI_ASSEMBLES_DIFF,stda16,"ld (0x398c),WA",8
UNI_ASSEMBLES_DIFF,stdi8,"ld (0x39ac),0x0c",8
UNI_ASSEMBLES_DIFF,stdi8,"ld (0x39ac),0x0f",8
UNI_ASSEMBLES_DIFF,stb_d8,"ld (0x39b8),A",8
UNI_ASSEMBLES_DIFF,stdi8,"ld (0x3a80),0x00",8
UNI_ASSEMBLES_DIFF,stdi8,"ld (0x3a80),0x01",8
UNI_ASSEMBLES_DIFF,stda16,"ld (0x7da6),WA",8
UNI_ASSEMBLES_DIFF,stda16,"ld (0x7da8),WA",8
UNI_ASSEMBLES_DIFF,stb_d8,"ld (0x7e24),A",8
UNI_ASSEMBLES_DIFF,stda16,"ld (0x7e30),WA",8
UNI_ASSEMBLES_DIFF,stda16,"ld (0x7e32),WA",8
UNI_ASSEMBLES_DIFF,stda32,"ld (0x7e48),XWA",8
UNI_ASSEMBLES_DIFF,stb_d8,"ld (0x7e56),A",8
UNI_ASSEMBLES_DIFF,stb_d8,"ld (0x7e6d),A",8
UNI_ASSEMBLES_DIFF,stda32,"ld (0x7e74),XWA",8
UNI_ASSEMBLES_DIFF,stdi8,"ld (0x7f42),0x17",8
UNI_ASSEMBLES_DIFF,stdi8,"ld (0x7f42),0x25",8
UNI_ASSEMBLES_DIFF,stdi8,"ld (0x7f42),0x28",8
UNI_ASSEMBLES_DIFF,stb_d8,"ld (0x7f42),A",8
UNI_ASSEMBLES_DIFF,stda16,"ld (0x7f66),WA",8
UNI_ASSEMBLES_DIFF,stdi8,"ld (0x7f6c),0x00",8
UNI_ASSEMBLES_DIFF,stda16,"ld (0x81ac),WA",8
UNI_ASSEMBLES_DIFF,stdi8,"ld (0x889c),0x00",8
UNI_ASSEMBLES_DIFF,stdi8,"ld (0x89f8),0x04",8
UNI_ASSEMBLES_DIFF,stdi8,"ld (0x8a24),0x00",8
UNI_ASSEMBLES_DIFF,stb_d8,"ld (0x8a29),A",8
UNI_ASSEMBLES_DIFF,stb_d8,"ld (0x8a2c),A",8
UNI_ASSEMBLES_DIFF,stdi8,"ld (0x8a2e),0x02",8
UNI_ASSEMBLES_DIFF,stb_d8,"ld (0x8d3a),E",8
UNI_ASSEMBLES_DIFF,stb_d8,"ld (0x8d40),A",8
UNI_ASSEMBLES_DIFF,stb_d8,"ld (0x8d42),A",8
UNI_ASSEMBLES_DIFF,stb_d8,"ld (0x8d52),A",8
UNI_ASSEMBLES_DIFF,stdi8,"ld (0x8d8b),0x00",8
UNI_ASSEMBLES_DIFF,stda16,"ld (0x90bf),BC",8
UNI_ASSEMBLES_DIFF,stda16,"ld (0x90c1),DE",8
UNI_ASSEMBLES_DIFF,stb_d8,"ld (0x90e5),W",8
UNI_ASSEMBLES_DIFF,stb_d8,"ld (0x90ec),A",8
UNI_ASSEMBLES_DIFF,stb_d8,"ld (0x9128),A",8
UNI_ASSEMBLES_DIFF,stda16,"ld (0x9133),WA",8
UNI_ASSEMBLES_DIFF,stdi8,"ld (0x91ca),0x07",8
UNI_ASSEMBLES_DIFF,stdi8,"ld (0xc200),0xff",8
UNI_ASSEMBLES_DIFF,stdi8,"ld (0xc2b4),0xff",8
UNI_ASSEMBLES_DIFF,stdi8,"ld (0xc2bc),0xff",8
UNI_ASSEMBLES_DIFF,stdi8,"ld (0xceb2),0x00",8
UNI_ASSEMBLES_DIFF,stdi8,"ld (0xe38c),0x01",8
UNI_ASSEMBLES_DIFF,stdi8,"ld (0xe3e0),0x00",8
UNI_ASSEMBLES_DIFF,stda32,"ld (0xe9eb),XWA",8
UNI_ASSEMBLES_DIFF,stda32,"ld (0xebfd),XWA",8
UNI_ASSEMBLES_DIFF,stib_d8,"ld (0xf8),0x05",8
UNI_ASSEMBLES_DIFF,stb_d8,"ld (0xfc5a),A",8
UNI_ASSEMBLES_DIFF,ldb_d8,"ld A,(0x0429)",8
UNI_ASSEMBLES_DIFF,ldb_d8,"ld A,(0x0c14)",8
UNI_ASSEMBLES_DIFF,ldb_d8,"ld A,(0x0c72)",8
UNI_ASSEMBLES_DIFF,ldb_d8,"ld A,(0x0dfe)",8
UNI_ASSEMBLES_DIFF,ldb_d8,"ld A,(0x0e25)",8
UNI_ASSEMBLES_DIFF,ldb_d8,"ld A,(0x0e54)",8
UNI_ASSEMBLES_DIFF,ldb_d8,"ld A,(0x0ec8)",8
UNI_ASSEMBLES_DIFF,ldb_d8,"ld A,(0x10d0)",8
UNI_ASSEMBLES_DIFF,ldb_d8,"ld A,(0x111d)",8
UNI_ASSEMBLES_DIFF,ldb_d8,"ld A,(0x1183)",8
UNI_ASSEMBLES_DIFF,ldb_d8,"ld A,(0x2724)",8
UNI_ASSEMBLES_DIFF,ldb_d8,"ld A,(0x28b3)",8
UNI_ASSEMBLES_DIFF,ldb_d8,"ld A,(0x3207)",8
UNI_ASSEMBLES_DIFF,ldb_d8,"ld A,(0x323c)",8
UNI_ASSEMBLES_DIFF,ldb_d8,"ld A,(0x327f)",8
UNI_ASSEMBLES_DIFF,ldb_d8,"ld A,(0x32a4)",8
UNI_ASSEMBLES_DIFF,ldb_d8,"ld A,(0x32a5)",8
UNI_ASSEMBLES_DIFF,ldb_d8,"ld A,(0x32a6)",8
UNI_ASSEMBLES_DIFF,ldb_d8,"ld A,(0x32a7)",8
UNI_ASSEMBLES_DIFF,ldb_d8,"ld A,(0x32c9)",8
UNI_ASSEMBLES_DIFF,ldb_d8,"ld A,(0x3326)",8
UNI_ASSEMBLES_DIFF,ldb_d8,"ld A,(0x3395)",8
UNI_ASSEMBLES_DIFF,ldb_d8,"ld A,(0x3422)",8
UNI_ASSEMBLES_DIFF,ldb_d8,"ld A,(0x3482)",8
UNI_ASSEMBLES_DIFF,ldb_d8,"ld A,(0x3486)",8
UNI_ASSEMBLES_DIFF,ldb_d8,"ld A,(0x34a5)",8
UNI_ASSEMBLES_DIFF,ldb_d8,"ld A,(0x34e9)",8
UNI_ASSEMBLES_DIFF,ldb_d8,"ld A,(0x370f)",8
UNI_ASSEMBLES_DIFF,ldb_d8,"ld A,(0x3721)",8
UNI_ASSEMBLES_DIFF,ldb_d8,"ld A,(0x372d)",8
UNI_ASSEMBLES_DIFF,ldb_d8,"ld A,(0x39a7)",8
UNI_ASSEMBLES_DIFF,ldb_d8,"ld A,(0x39a8)",8
UNI_ASSEMBLES_DIFF,ldb_d8,"ld A,(0x39b7)",8
UNI_ASSEMBLES_DIFF,ldb_d8,"ld A,(0x3a7e)",8
UNI_ASSEMBLES_DIFF,ldb_d8,"ld A,(0x7db8)",8
UNI_ASSEMBLES_DIFF,ldb_d8,"ld A,(0x7e0a)",8
UNI_ASSEMBLES_DIFF,ldb_d8,"ld A,(0x7e55)",8
UNI_ASSEMBLES_DIFF,ldb_d8,"ld A,(0x7e58)",8
UNI_ASSEMBLES_DIFF,ldb_d8,"ld A,(0x7e6d)",8
UNI_ASSEMBLES_DIFF,ldb_d8,"ld A,(0x7f3d)",8
UNI_ASSEMBLES_DIFF,ldb_d8,"ld A,(0x7f42)",8
UNI_ASSEMBLES_DIFF,ldb_d8,"ld A,(0x89f8)",8
UNI_ASSEMBLES_DIFF,ldb_d8,"ld A,(0x8a28)",8
UNI_ASSEMBLES_DIFF,ldb_d8,"ld A,(0x8a29)",8
UNI_ASSEMBLES_DIFF,ldb_d8,"ld A,(0x8a2b)",8
UNI_ASSEMBLES_DIFF,ldb_d8,"ld A,(0x8a2c)",8
UNI_ASSEMBLES_DIFF,ldb_d8,"ld A,(0x8a36)",8
UNI_ASSEMBLES_DIFF,ldb_d8,"ld A,(0x8cde)",8
UNI_ASSEMBLES_DIFF,ldb_d8,"ld A,(0x8d44)",8
UNI_ASSEMBLES_DIFF,ldb_d8,"ld A,(0x8d46)",8
UNI_ASSEMBLES_DIFF,ldb_d8,"ld A,(0x8e90)",8
UNI_ASSEMBLES_DIFF,ldb_d8,"ld A,(0x8f4c)",8
UNI_ASSEMBLES_DIFF,ldb_d8,"ld A,(0x908b)",8
UNI_ASSEMBLES_DIFF,ldb_d8,"ld A,(0x90e4)",8
UNI_ASSEMBLES_DIFF,ldb_d8,"ld A,(0x9132)",8
UNI_ASSEMBLES_DIFF,ldb_d8,"ld A,(0x915d)",8
UNI_ASSEMBLES_DIFF,ldb_d8,"ld A,(0x917e)",8
UNI_ASSEMBLES_DIFF,ldb_d8,"ld A,(0x91c7)",8
UNI_ASSEMBLES_DIFF,ldb_d8,"ld A,(0xc362)",8
UNI_ASSEMBLES_DIFF,ldb_d8,"ld A,(0xfc5e)",8
UNI_ASSEMBLES_DIFF,ldb_d8,"ld A,(0xfc60)",8
UNI_ASSEMBLES_DIFF,ldb_d8,"ld B,(0x34fb)",8
UNI_ASSEMBLES_DIFF,ldw_d16,"ld BC,(0x2557)",8
UNI_ASSEMBLES_DIFF,ldw_d16,"ld BC,(0x2692)",8
UNI_ASSEMBLES_DIFF,ldw_d16,"ld BC,(0x2698)",8
UNI_ASSEMBLES_DIFF,ldw_d16,"ld BC,(0x270b)",8
UNI_ASSEMBLES_DIFF,ldw_d16,"ld BC,(0x28b4)",8
UNI_ASSEMBLES_DIFF,ldw_d16,"ld BC,(0x3608)",8
UNI_ASSEMBLES_DIFF,ldw_d16,"ld BC,(0x3656)",8
UNI_ASSEMBLES_DIFF,ldw_d16,"ld BC,(0x3c68)",8
UNI_ASSEMBLES_DIFF,ldw_d16,"ld BC,(0x91bd)",8
UNI_ASSEMBLES_DIFF,ldb_d8,"ld C,(0x34d7)",8
UNI_ASSEMBLES_DIFF,ldb_d8,"ld C,(0x379b)",8
UNI_ASSEMBLES_DIFF,ldb_d8,"ld C,(0x917f)",8
UNI_ASSEMBLES_DIFF,ldb_d8,"ld C,(0xbfe3)",8
UNI_ASSEMBLES_DIFF,ldb_d8,"ld C,(0xc07e)",8
UNI_ASSEMBLES_DIFF,ldb_d8,"ld D,(0x9645)",8
UNI_ASSEMBLES_DIFF,ldw_d16,"ld DE,(0x90de)",8
UNI_ASSEMBLES_DIFF,ldw_d16,"ld DE,(0xf19e)",8
UNI_ASSEMBLES_DIFF,ldb_d8,"ld E,(0x3333)",8
UNI_ASSEMBLES_DIFF,ldb_d8,"ld E,(0x33eb)",8
UNI_ASSEMBLES_DIFF,ldb_d8,"ld E,(0x3482)",8
UNI_ASSEMBLES_DIFF,ldb_d8,"ld E,(0x3486)",8
UNI_ASSEMBLES_DIFF,ldb_d8,"ld E,(0x8d3a)",8
UNI_ASSEMBLES_DIFF,ldw_d16,"ld HL,(0x0e4e)",8
UNI_ASSEMBLES_DIFF,ldw_d16,"ld HL,(0x3576)",8
UNI_ASSEMBLES_DIFF,ldw_d16,"ld HL,(0x3606)",8
UNI_ASSEMBLES_DIFF,ldw_d16,"ld HL,(0x3614)",8
UNI_ASSEMBLES_DIFF,ldw_d16,"ld IX,(0x2350)",8
UNI_ASSEMBLES_DIFF,ldw_d16,"ld IX,(0x35c4)",8
UNI_ASSEMBLES_DIFF,ldw_d16,"ld IY,(0x2352)",8
UNI_ASSEMBLES_DIFF,ldw_d16,"ld IY,(0x33d8)",8
UNI_ASSEMBLES_DIFF,ldw_d16,"ld IY,(0x35c2)",8
UNI_ASSEMBLES_DIFF,ldw_d16,"ld IY,(0x397a)",8
UNI_ASSEMBLES_DIFF,ldw_d16,"ld IZ,(0x33d6)",8
UNI_ASSEMBLES_DIFF,ldb_d8,"ld L,(0x0e63)",8
UNI_ASSEMBLES_DIFF,ldb_d8,"ld L,(0x34d8)",8
UNI_ASSEMBLES_DIFF,ldb_d8,"ld L,(0x379b)",8
UNI_ASSEMBLES_DIFF,ldb_d8,"ld L,(0x90ea)",8
UNI_ASSEMBLES_DIFF,ldb_d8,"ld L,(0x9181)",8
UNI_ASSEMBLES_DIFF,ldb_d8,"ld W,(0x0dd2)",8
UNI_ASSEMBLES_DIFF,ldb_d8,"ld W,(0x33d4)",8
UNI_ASSEMBLES_DIFF,ldb_d8,"ld W,(0x33da)",8
UNI_ASSEMBLES_DIFF,ldb_d8,"ld W,(0x34d9)",8
UNI_ASSEMBLES_DIFF,ldb_d8,"ld W,(0x34ee)",8
UNI_ASSEMBLES_DIFF,ldb_d8,"ld W,(0xfd99)",8
UNI_ASSEMBLES_DIFF,ldw_d16,"ld WA,(0x0cb4)",8
UNI_ASSEMBLES_DIFF,ldw_d16,"ld WA,(0x0cba)",8
UNI_ASSEMBLES_DIFF,ldw_d16,"ld WA,(0x0cdc)",8
UNI_ASSEMBLES_DIFF,ldw_d16,"ld WA,(0x0ce6)",8
UNI_ASSEMBLES_DIFF,ldw_d16,"ld WA,(0x0df2)",8
UNI_ASSEMBLES_DIFF,ldw_d16,"ld WA,(0x0dfa)",8
UNI_ASSEMBLES_DIFF,ldw_d16,"ld WA,(0x26b0)",8
UNI_ASSEMBLES_DIFF,ldw_d16,"ld WA,(0x27be)",8
UNI_ASSEMBLES_DIFF,ldw_d16,"ld WA,(0x28b4)",8
UNI_ASSEMBLES_DIFF,ldw_d16,"ld WA,(0x28bf)",8
UNI_ASSEMBLES_DIFF,ldw_d16,"ld WA,(0x32e3)",8
UNI_ASSEMBLES_DIFF,ldw_d16,"ld WA,(0x3512)",8
UNI_ASSEMBLES_DIFF,ldw_d16,"ld WA,(0x35de)",8
UNI_ASSEMBLES_DIFF,ldw_d16,"ld WA,(0x35e0)",8
UNI_ASSEMBLES_DIFF,ldw_d16,"ld WA,(0x3602)",8
UNI_ASSEMBLES_DIFF,ldw_d16,"ld WA,(0x38d8)",8
UNI_ASSEMBLES_DIFF,ldw_d16,"ld WA,(0x3980)",8
UNI_ASSEMBLES_DIFF,ldw_d16,"ld WA,(0x7e28)",8
UNI_ASSEMBLES_DIFF,ldw_d16,"ld WA,(0x7e2a)",8
UNI_ASSEMBLES_DIFF,ldw_d16,"ld WA,(0x7e70)",8
UNI_ASSEMBLES_DIFF,ldw_d16,"ld WA,(0x7f12)",8
UNI_ASSEMBLES_DIFF,ldw_d16,"ld WA,(0x7f7a)",8
UNI_ASSEMBLES_DIFF,ldw_d16,"ld WA,(0x8200)",8
UNI_ASSEMBLES_DIFF,ldw_d16,"ld WA,(0x8a40)",8
UNI_ASSEMBLES_DIFF,ldw_d16,"ld WA,(0x90e0)",8
UNI_ASSEMBLES_DIFF,ldw_d16,"ld WA,(0x915b)",8
UNI_ASSEMBLES_DIFF,ldw_d16,"ld WA,(0x91b7)",8
UNI_ASSEMBLES_DIFF,ldw_d16,"ld WA,(0xc4ca)",8
UNI_ASSEMBLES_DIFF,ldda32,"ld XBC,(0x0c72)",8
UNI_ASSEMBLES_DIFF,ldda32,"ld XBC,(0x2088)",8
UNI_ASSEMBLES_DIFF,ldda32,"ld XBC,(0xbcb4)",8
UNI_ASSEMBLES_DIFF,ldda32,"ld XBC,(0xe9eb)",8
UNI_ASSEMBLES_DIFF,ldda32,"ld XHL,(0x3293)",8
UNI_ASSEMBLES_DIFF,ldda32,"ld XIX,(0x91c1)",8
UNI_ASSEMBLES_DIFF,ldda32,"ld XIY,(0x7e48)",8
UNI_ASSEMBLES_DIFF,ldda32,"ld XWA,(0x33f2)",8
UNI_ASSEMBLES_DIFF,ldda32,"ld XWA,(0x39ae)",8
UNI_ASSEMBLES_DIFF,ldda32,"ld XWA,(0x7ae8)",8
UNI_ASSEMBLES_DIFF,ldda32,"ld XWA,(0x8158)",8
UNI_ASSEMBLES_DIFF,ldda32,"ld XWA,(0x8238)",8
UNI_ASSEMBLES_DIFF,ordi8,"or (0x28a7),0x04",8
UNI_ASSEMBLES_DIFF,ordi8,"or (0x3284),0x04",8
UNI_ASSEMBLES_DIFF,ordi8,"or (0x3309),0x01",8
UNI_ASSEMBLES_DIFF,ordi8,"or (0x3309),0x02",8
UNI_ASSEMBLES_DIFF,ordi8,"or (0x346d),0x08",8
UNI_ASSEMBLES_DIFF,ordi8,"or (0x3481),0x20",8
UNI_ASSEMBLES_DIFF,ordi8,"or (0x3616),0x01",8
UNI_ASSEMBLES_DIFF,ordi8,"or (0x8d8e),0x40",8
UNI_ASSEMBLES_DIFF,orddm16,"or (0xf19e),WA",8
UNI_ASSEMBLES_DIFF,resda,"res 1,(0x230a)",8
UNI_ASSEMBLES_DIFF,resda,"res 1,(0x28b3)",8
UNI_ASSEMBLES_DIFF,resda,"res 4,(0xbd18)",8
UNI_ASSEMBLES_DIFF,set_dd8,"set 1,(0x1e)",8
UNI_ASSEMBLES_DIFF,setda,"set 2,(0xc1fe)",8
UNI_ASSEMBLES_DIFF,setda,"set 3,(0x28b3)",8
UNI_ASSEMBLES_DIFF,setda,"set 7,(0xc2ce)",8
UNI_ASSEMBLES_DIFF,subda16,"sub WA,(0x8dfd)",8
UNI_ASSEMBLES_DIFF,xorda8,"xor A,(0xc1fe)",8
UNI_ASSEMBLES_DIFF,addda16,"add WA,(0x0460)",7
UNI_ASSEMBLES_DIFF,addda32,"add XWA,(0x3604)",7
UNI_ASSEMBLES_DIFF,andda8,"and A,(0xbfe3)",7
UNI_ASSEMBLES_DIFF,andda16,"and HL,(0xf19e)",7
UNI_ASSEMBLES_DIFF,bitda,"bit 0,(0x28a5)",7
UNI_ASSEMBLES_DIFF,bitda,"bit 0,(0x3270)",7
UNI_ASSEMBLES_DIFF,bitda,"bit 0,(0x32c7)",7
UNI_ASSEMBLES_DIFF,bit_dd8,"bit 3,(0x13)",7
UNI_ASSEMBLES_DIFF,bitda,"bit 7,(0x28ad)",7
UNI_ASSEMBLES_DIFF,cpdi8,"cp (0x3338),0x20",7
UNI_ASSEMBLES_DIFF,cpdi8,"cp (0x895c),0x01",7
UNI_ASSEMBLES_DIFF,cpdi8,"cp (0x8c9c),0xe4",7
UNI_ASSEMBLES_DIFF,cpda8,"cp A,(0x231a)",7
UNI_ASSEMBLES_DIFF,cpda16,"cp DE,(0x35bc)",7
UNI_ASSEMBLES_DIFF,incdi8,"inc 1,(0x8886)",7
UNI_ASSEMBLES_DIFF,stdi8,"ld (0x00ea),0xdd",7
UNI_ASSEMBLES_DIFF,stdi8,"ld (0x0102),0x16",7
UNI_ASSEMBLES_DIFF,stda16,"ld (0x0c22),WA",7
UNI_ASSEMBLES_DIFF,stda16,"ld (0x0c28),WA",7
UNI_ASSEMBLES_DIFF,stda16,"ld (0x0c2c),WA",7
UNI_ASSEMBLES_DIFF,stda16,"ld (0x0c32),WA",7
UNI_ASSEMBLES_DIFF,stdi8,"ld (0x0c4e),0x00",7
UNI_ASSEMBLES_DIFF,stdi8,"ld (0x0c4f),0x00",7
UNI_ASSEMBLES_DIFF,stdi8,"ld (0x0c4f),0x80",7
UNI_ASSEMBLES_DIFF,stb_d8,"ld (0x0c4f),W",7
UNI_ASSEMBLES_DIFF,stda16,"ld (0x0c57),HL",7
UNI_ASSEMBLES_DIFF,stb_d8,"ld (0x0c70),C",7
UNI_ASSEMBLES_DIFF,stda32,"ld (0x0cb6),XHL",7
UNI_ASSEMBLES_DIFF,stdi8,"ld (0x0d4a),0x05",7
UNI_ASSEMBLES_DIFF,stb_d8,"ld (0x0d67),A",7
UNI_ASSEMBLES_DIFF,stda16,"ld (0x0d6b),WA",7
UNI_ASSEMBLES_DIFF,stb_d8,"ld (0x0dc1),A",7
UNI_ASSEMBLES_DIFF,stda16,"ld (0x0dd8),WA",7
UNI_ASSEMBLES_DIFF,stda16,"ld (0x0dde),WA",7
UNI_ASSEMBLES_DIFF,stb_d8,"ld (0x0ded),A",7
UNI_ASSEMBLES_DIFF,stdi8,"ld (0x0def),0x00",7
UNI_ASSEMBLES_DIFF,stdi8,"ld (0x0def),0x04",7
UNI_ASSEMBLES_DIFF,stdi8,"ld (0x0df2),0x01",7
UNI_ASSEMBLES_DIFF,stb_d8,"ld (0x0dfc),A",7
UNI_ASSEMBLES_DIFF,stb_d8,"ld (0x0dfe),A",7
UNI_ASSEMBLES_DIFF,stb_d8,"ld (0x0e41),A",7
UNI_ASSEMBLES_DIFF,stb_d8,"ld (0x0e43),A",7
UNI_ASSEMBLES_DIFF,stda16,"ld (0x0ef2),WA",7
UNI_ASSEMBLES_DIFF,stb_d8,"ld (0x0f66),A",7
UNI_ASSEMBLES_DIFF,stdi8,"ld (0x0f70),0x00",7
UNI_ASSEMBLES_DIFF,stb_d8,"ld (0x1008),A",7
UNI_ASSEMBLES_DIFF,stda16,"ld (0x1082),WA",7
UNI_ASSEMBLES_DIFF,stb_d8,"ld (0x108c),A",7
UNI_ASSEMBLES_DIFF,stb_d8,"ld (0x1112),A",7
UNI_ASSEMBLES_DIFF,stb_d8,"ld (0x11ae),L",7
UNI_ASSEMBLES_DIFF,stb_d8,"ld (0x12fd),A",7
UNI_ASSEMBLES_DIFF,stdi8,"ld (0x209b),0x0b",7
UNI_ASSEMBLES_DIFF,stdi8,"ld (0x209b),0x81",7
UNI_ASSEMBLES_DIFF,stdi8,"ld (0x209c),0x01",7
UNI_ASSEMBLES_DIFF,stb_d8,"ld (0x216a),A",7
UNI_ASSEMBLES_DIFF,stda16,"ld (0x251c),WA",7
UNI_ASSEMBLES_DIFF,stda16,"ld (0x251e),WA",7
UNI_ASSEMBLES_DIFF,stda16,"ld (0x2550),WA",7
UNI_ASSEMBLES_DIFF,stda16,"ld (0x2552),WA",7
UNI_ASSEMBLES_DIFF,stb_d8,"ld (0x2641),A",7
UNI_ASSEMBLES_DIFF,stb_d8,"ld (0x2652),A",7
UNI_ASSEMBLES_DIFF,stda32,"ld (0x266a),XWA",7
UNI_ASSEMBLES_DIFF,stb_d8,"ld (0x2720),A",7
UNI_ASSEMBLES_DIFF,stb_d8,"ld (0x2766),H",7
UNI_ASSEMBLES_DIFF,stdi8,"ld (0x2769),0x00",7
UNI_ASSEMBLES_DIFF,stdi8,"ld (0x3297),0x00",7
UNI_ASSEMBLES_DIFF,stb_d8,"ld (0x32a3),A",7
UNI_ASSEMBLES_DIFF,stb_d8,"ld (0x32ad),A",7
UNI_ASSEMBLES_DIFF,stb_d8,"ld (0x3339),A",7
UNI_ASSEMBLES_DIFF,stb_d8,"ld (0x334e),A",7
UNI_ASSEMBLES_DIFF,stb_d8,"ld (0x3393),A",7
UNI_ASSEMBLES_DIFF,stb_d8,"ld (0x33d9),C",7
UNI_ASSEMBLES_DIFF,stb_d8,"ld (0x345e),A",7
UNI_ASSEMBLES_DIFF,stda16,"ld (0x345e),IY",7
UNI_ASSEMBLES_DIFF,stda16,"ld (0x3494),WA",7
UNI_ASSEMBLES_DIFF,stda16,"ld (0x3496),WA",7
UNI_ASSEMBLES_DIFF,stda16,"ld (0x3576),HL",7
UNI_ASSEMBLES_DIFF,stda16,"ld (0x3576),WA",7
UNI_ASSEMBLES_DIFF,stdi8,"ld (0x3676),0x04",7
UNI_ASSEMBLES_DIFF,stdi8,"ld (0x367b),0xff",7
UNI_ASSEMBLES_DIFF,stdi8,"ld (0x368c),0x00",7
UNI_ASSEMBLES_DIFF,stda16,"ld (0x36fc),WA",7
UNI_ASSEMBLES_DIFF,stdi8,"ld (0x3752),0x00",7
UNI_ASSEMBLES_DIFF,stdi8,"ld (0x3752),0x01",7
UNI_ASSEMBLES_DIFF,stda16,"ld (0x38da),WA",7
UNI_ASSEMBLES_DIFF,stda16,"ld (0x7d73),IX",7
UNI_ASSEMBLES_DIFF,stdi8,"ld (0x7ea6),0x48",7
UNI_ASSEMBLES_DIFF,stda16,"ld (0x7eac),WA",7
UNI_ASSEMBLES_DIFF,stdi8,"ld (0x8886),0x00",7
UNI_ASSEMBLES_DIFF,stb_d8,"ld (0x8cde),A",7
UNI_ASSEMBLES_DIFF,st_dd8w,"ld (0x91),WA",7
UNI_ASSEMBLES_DIFF,stdi8,"ld (0x9136),0xff",7
UNI_ASSEMBLES_DIFF,ldb_d8,"ld A,(0x0427)",7
UNI_ASSEMBLES_DIFF,ldb_d8,"ld A,(0x0db9)",7
UNI_ASSEMBLES_DIFF,ldb_d8,"ld A,(0x0dd4)",7
UNI_ASSEMBLES_DIFF,ldb_d8,"ld A,(0x0dfd)",7
UNI_ASSEMBLES_DIFF,ldb_d8,"ld A,(0x10f1)",7
UNI_ASSEMBLES_DIFF,ldb_d8,"ld A,(0x2640)",7
UNI_ASSEMBLES_DIFF,ldb_d8,"ld A,(0x272b)",7
UNI_ASSEMBLES_DIFF,ldb_d8,"ld A,(0x2806)",7
UNI_ASSEMBLES_DIFF,ldb_d8,"ld A,(0x3278)",7
UNI_ASSEMBLES_DIFF,ldb_d8,"ld A,(0x32c8)",7
UNI_ASSEMBLES_DIFF,ldb_d8,"ld A,(0x32ca)",7
UNI_ASSEMBLES_DIFF,ldb_d8,"ld A,(0x334e)",7
UNI_ASSEMBLES_DIFF,ldb_d8,"ld A,(0x33dd)",7
UNI_ASSEMBLES_DIFF,ldb_d8,"ld A,(0x33e8)",7
UNI_ASSEMBLES_DIFF,ldb_d8,"ld A,(0x33ed)",7
UNI_ASSEMBLES_DIFF,ldb_d8,"ld A,(0x3432)",7
UNI_ASSEMBLES_DIFF,ldb_d8,"ld A,(0x3514)",7
UNI_ASSEMBLES_DIFF,ldb_d8,"ld A,(0x36ce)",7
UNI_ASSEMBLES_DIFF,ldb_d8,"ld A,(0x3746)",7
UNI_ASSEMBLES_DIFF,ldb_d8,"ld A,(0x7dba)",7
UNI_ASSEMBLES_DIFF,ldb_d8,"ld A,(0x8960)",7
UNI_ASSEMBLES_DIFF,ldb_d8,"ld A,(0x9094)",7
UNI_ASSEMBLES_DIFF,ldb_d8,"ld A,(0xfc66)",7
UNI_ASSEMBLES_DIFF,ldb_d8,"ld A,(0xfd02)",7
UNI_ASSEMBLES_DIFF,ldw_d16,"ld BC,(0x2738)",7
UNI_ASSEMBLES_DIFF,ldw_d16,"ld BC,(0x39e6)",7
UNI_ASSEMBLES_DIFF,ldw_d16,"ld BC,(0x839c)",7
UNI_ASSEMBLES_DIFF,ldw_d16,"ld BC,(0x90e2)",7
UNI_ASSEMBLES_DIFF,ldb_d8,"ld C,(0x0416)",7
UNI_ASSEMBLES_DIFF,ldb_d8,"ld C,(0x0e0c)",7
UNI_ASSEMBLES_DIFF,ldb_d8,"ld C,(0x218f)",7
UNI_ASSEMBLES_DIFF,ldb_d8,"ld C,(0x2208)",7
UNI_ASSEMBLES_DIFF,ldb_d8,"ld C,(0x2640)",7
UNI_ASSEMBLES_DIFF,ldb_d8,"ld D,(0x1951)",7
UNI_ASSEMBLES_DIFF,ldw_d16,"ld DE,(0x0c75)",7
UNI_ASSEMBLES_DIFF,ldw_d16,"ld DE,(0x3010)",7
UNI_ASSEMBLES_DIFF,ldw_d16,"ld DE,(0x3247)",7
UNI_ASSEMBLES_DIFF,ldw_d16,"ld DE,(0x8342)",7
UNI_ASSEMBLES_DIFF,ldb_d8,"ld E,(0x0ec4)",7
UNI_ASSEMBLES_DIFF,ldb_d8,"ld E,(0x372d)",7
UNI_ASSEMBLES_DIFF,ldb_d8,"ld H,(0x2765)",7
UNI_ASSEMBLES_DIFF,ldb_d8,"ld H,(0x28b0)",7
UNI_ASSEMBLES_DIFF,ldw_d16,"ld HL,(0x0475)",7
UNI_ASSEMBLES_DIFF,ldw_d16,"ld HL,(0x107c)",7
UNI_ASSEMBLES_DIFF,ldw_d16,"ld IY,(0x0d0a)",7
UNI_ASSEMBLES_DIFF,ldb_d8,"ld L,(0x0c52)",7
UNI_ASSEMBLES_DIFF,ldb_d8,"ld L,(0x0ec4)",7
UNI_ASSEMBLES_DIFF,ldb_d8,"ld L,(0x0f70)",7
UNI_ASSEMBLES_DIFF,ldb_d8,"ld L,(0x1976)",7
UNI_ASSEMBLES_DIFF,ldb_d8,"ld L,(0x20b9)",7
UNI_ASSEMBLES_DIFF,ldb_d8,"ld L,(0x2682)",7
UNI_ASSEMBLES_DIFF,ldb_d8,"ld L,(0x95ce)",7
UNI_ASSEMBLES_DIFF,ldb_d8,"ld W,(0xfbbe)",7
UNI_ASSEMBLES_DIFF,ldw_d16,"ld WA,(0x0cd6)",7
UNI_ASSEMBLES_DIFF,ldw_d16,"ld WA,(0x11f5)",7
UNI_ASSEMBLES_DIFF,ldw_d16,"ld WA,(0x2555)",7
UNI_ASSEMBLES_DIFF,ldw_d16,"ld WA,(0x33cf)",7
UNI_ASSEMBLES_DIFF,ldw_d16,"ld WA,(0x36f2)",7
UNI_ASSEMBLES_DIFF,ldw_d16,"ld WA,(0x38da)",7
UNI_ASSEMBLES_DIFF,ldw_d16,"ld WA,(0x7eac)",7
UNI_ASSEMBLES_DIFF,ldda32,"ld XIX,(0x0c6e)",7
UNI_ASSEMBLES_DIFF,ldda32,"ld XIX,(0x9056)",7
UNI_ASSEMBLES_DIFF,ldda32,"ld XIY,(0x0c72)",7
UNI_ASSEMBLES_DIFF,ldda32,"ld XIY,(0x3237)",7
UNI_ASSEMBLES_DIFF,ldda32,"ld XWA,(0x2846)",7
UNI_ASSEMBLES_DIFF,ldda32,"ld XWA,(0x349a)",7
UNI_ASSEMBLES_DIFF,ldda32,"ld XWA,(0x8104)",7
UNI_ASSEMBLES_DIFF,ldda32,"ld XWA,(0x8114)",7
UNI_ASSEMBLES_DIFF,ordi8,"or (0x3258),0x01",7
UNI_ASSEMBLES_DIFF,ordi8,"or (0xe31c),0x08",7
UNI_ASSEMBLES_DIFF,resda,"res 0,(0x266a)",7
UNI_ASSEMBLES_DIFF,res_dd8,"res 1,(0x1e)",7
UNI_ASSEMBLES_DIFF,res_dd8,"res 3,(0x18)",7
UNI_ASSEMBLES_DIFF,res_dd8,"res 3,(0x20)",7
UNI_ASSEMBLES_DIFF,set_dd8,"set 0,(0x1e)",7
UNI_ASSEMBLES_DIFF,setda,"set 0,(0x266a)",7
UNI_ASSEMBLES_DIFF,setda,"set 1,(0x266a)",7
UNI_ASSEMBLES_DIFF,set_dd8,"set 4,(0x0d)",7
UNI_ASSEMBLES_DIFF,set_dd8,"set 5,(0x0d)",7
UNI_ASSEMBLES_DIFF,set_dd8,"set 7,(0x06)",7
UNI_ASSEMBLES_DIFF,set_dd8,"set 7,(0x9e)",7
UNI_ASSEMBLES_DIFF,adddm8,"add (0x0462),A",6
UNI_ASSEMBLES_DIFF,adddm8,"add (0x0464),A",6
UNI_ASSEMBLES_DIFF,adddm32,"add (0x0642),XWA",6
UNI_ASSEMBLES_DIFF,adddm16,"add (0x0f62),WA",6
UNI_ASSEMBLES_DIFF,adddm32,"add (0xebfd),XWA",6
UNI_ASSEMBLES_DIFF,addda8,"add A,(0x34ef)",6
UNI_ASSEMBLES_DIFF,addda16,"add WA,(0x045e)",6
UNI_ASSEMBLES_DIFF,addda16,"add WA,(0x27c2)",6
UNI_ASSEMBLES_DIFF,addda32,"add XHL,(0x110a)",6
UNI_ASSEMBLES_DIFF,addda32,"add XHL,(0x283e)",6
UNI_ASSEMBLES_DIFF,addda32,"add XIX,(0x3277)",6
UNI_ASSEMBLES_DIFF,addda32,"add XWA,(0x283e)",6
UNI_ASSEMBLES_DIFF,anddi8,"and (0x041e),0xf7",6
UNI_ASSEMBLES_DIFF,anddi8,"and (0x0420),0xf7",6
UNI_ASSEMBLES_DIFF,anddi8,"and (0x0427),0xbd",6
UNI_ASSEMBLES_DIFF,anddi8,"and (0x045b),0xfd",6
UNI_ASSEMBLES_DIFF,anddi8,"and (0x0cee),0x02",6
UNI_ASSEMBLES_DIFF,anddi8,"and (0x0d53),0xfd",6
UNI_ASSEMBLES_DIFF,anddi8,"and (0x0f67),0xbf",6
UNI_ASSEMBLES_DIFF,anddi8,"and (0x1129),0xfb",6
UNI_ASSEMBLES_DIFF,anddm16,"and (0x1da2),BC",6
UNI_ASSEMBLES_DIFF,anddm16,"and (0x2314),DE",6
UNI_ASSEMBLES_DIFF,anddm16,"and (0x2316),DE",6
UNI_ASSEMBLES_DIFF,anddm16,"and (0x2875),BC",6
UNI_ASSEMBLES_DIFF,anddi8,"and (0x2879),0xfc",6
UNI_ASSEMBLES_DIFF,anddi8,"and (0x28a6),0xfe",6
UNI_ASSEMBLES_DIFF,anddi8,"and (0x28a7),0xfb",6
UNI_ASSEMBLES_DIFF,anddi8,"and (0x3258),0xfc",6
UNI_ASSEMBLES_DIFF,anddi8,"and (0x3309),0xfd",6
UNI_ASSEMBLES_DIFF,anddi8,"and (0x3309),0xfe",6
UNI_ASSEMBLES_DIFF,anddi8,"and (0x330b),0xfd",6
UNI_ASSEMBLES_DIFF,anddi8,"and (0x330b),0xfe",6
UNI_ASSEMBLES_DIFF,anddi8,"and (0x330e),0xfc",6
UNI_ASSEMBLES_DIFF,anddi8,"and (0x332c),0xdf",6
UNI_ASSEMBLES_DIFF,anddi8,"and (0x332c),0xef",6
UNI_ASSEMBLES_DIFF,anddi8,"and (0x332c),0xf7",6
UNI_ASSEMBLES_DIFF,anddi8,"and (0x332c),0xfb",6
UNI_ASSEMBLES_DIFF,anddi8,"and (0x3345),0xfe",6
UNI_ASSEMBLES_DIFF,anddm8,"and (0x335d),A",6
UNI_ASSEMBLES_DIFF,anddi8,"and (0x3391),0xfe",6
UNI_ASSEMBLES_DIFF,anddi8,"and (0x33d1),0xef",6
UNI_ASSEMBLES_DIFF,anddi8,"and (0x3498),0xfe",6
UNI_ASSEMBLES_DIFF,anddi8,"and (0x3499),0xfe",6
UNI_ASSEMBLES_DIFF,anddi8,"and (0x3558),0x7f",6
UNI_ASSEMBLES_DIFF,anddi8,"and (0x7e24),0x7f",6
UNI_ASSEMBLES_DIFF,anddi8,"and (0x8d88),0xfe",6
UNI_ASSEMBLES_DIFF,anddi8,"and (0x8d8c),0xfd",6
UNI_ASSEMBLES_DIFF,anddi8,"and (0x8d8e),0xaf",6
UNI_ASSEMBLES_DIFF,anddi8,"and (0x8d8e),0xbf",6
UNI_ASSEMBLES_DIFF,anddi8,"and (0x8d8f),0xaf",6
UNI_ASSEMBLES_DIFF,anddi8,"and (0xc2c3),0x01",6
UNI_ASSEMBLES_DIFF,anddi8,"and (0xc2c7),0x01",6
UNI_ASSEMBLES_DIFF,anddi8,"and (0xc2ce),0x80",6
UNI_ASSEMBLES_DIFF,anddm16,"and (0xf19e),DE",6
UNI_ASSEMBLES_DIFF,anddm16,"and (0xf19e),WA",6
UNI_ASSEMBLES_DIFF,anddm16,"and (0xf290),HL",6
UNI_ASSEMBLES_DIFF,anddi8,"and (0xfc5b),0x80",6
UNI_ASSEMBLES_DIFF,anddi8,"and (0xfc5f),0xf3",6
UNI_ASSEMBLES_DIFF,anddi8,"and (0xfc61),0xcf",6
UNI_ASSEMBLES_DIFF,anddi8,"and (0xfdad),0xfe",6
UNI_ASSEMBLES_DIFF,andda8,"and A,(0x3312)",6
UNI_ASSEMBLES_DIFF,andda16,"and BC,(0x0d4f)",6
UNI_ASSEMBLES_DIFF,andda16,"and BC,(0x25e8)",6
UNI_ASSEMBLES_DIFF,andda16,"and BC,(0x294e)",6
UNI_ASSEMBLES_DIFF,andda16,"and HL,(0x28a8)",6
UNI_ASSEMBLES_DIFF,andda16,"and HL,(0xf1d0)",6
UNI_ASSEMBLES_DIFF,andda16,"and HL,(0xf290)",6
UNI_ASSEMBLES_DIFF,andda16,"and IX,(0x28a8)",6
UNI_ASSEMBLES_DIFF,andda16,"and IZ,(0x28a8)",6
UNI_ASSEMBLES_DIFF,andda16,"and WA,(0x1091)",6
UNI_ASSEMBLES_DIFF,bitda,"bit 0,(0x0432)",6
UNI_ASSEMBLES_DIFF,bitda,"bit 0,(0x2660)",6
UNI_ASSEMBLES_DIFF,bitda,"bit 0,(0x2662)",6
UNI_ASSEMBLES_DIFF,bitda,"bit 0,(0x271e)",6
UNI_ASSEMBLES_DIFF,bitda,"bit 0,(0x2879)",6
UNI_ASSEMBLES_DIFF,bitda,"bit 0,(0x28a7)",6
UNI_ASSEMBLES_DIFF,bitda,"bit 0,(0x330d)",6
UNI_ASSEMBLES_DIFF,bitda,"bit 0,(0x334c)",6
UNI_ASSEMBLES_DIFF,bitda,"bit 0,(0x3391)",6
UNI_ASSEMBLES_DIFF,bitda,"bit 0,(0x3431)",6
UNI_ASSEMBLES_DIFF,bitda,"bit 0,(0x3498)",6
UNI_ASSEMBLES_DIFF,bitda,"bit 0,(0x7e24)",6
UNI_ASSEMBLES_DIFF,bit_dd8,"bit 0,(0x95)",6
UNI_ASSEMBLES_DIFF,bit_dd8,"bit 0,(0x96)",6
UNI_ASSEMBLES_DIFF,bitda,"bit 0,(0xc07e)",6
UNI_ASSEMBLES_DIFF,bitda,"bit 0,(0xc07f)",6
UNI_ASSEMBLES_DIFF,bitda,"bit 0,(0xc364)",6
UNI_ASSEMBLES_DIFF,bitda,"bit 1,(0x3299)",6
UNI_ASSEMBLES_DIFF,bitda,"bit 1,(0x32d7)",6
UNI_ASSEMBLES_DIFF,bit_dd8,"bit 1,(0x68)",6
UNI_ASSEMBLES_DIFF,bitda,"bit 1,(0x7e24)",6
UNI_ASSEMBLES_DIFF,bitda,"bit 1,(0xc364)",6
UNI_ASSEMBLES_DIFF,bitda,"bit 2,(0x28ac)",6
UNI_ASSEMBLES_DIFF,bitda,"bit 2,(0x28b1)",6
UNI_ASSEMBLES_DIFF,bitda,"bit 2,(0x32f4)",6
UNI_ASSEMBLES_DIFF,bitda,"bit 2,(0x32ff)",6
UNI_ASSEMBLES_DIFF,bitda,"bit 2,(0x3433)",6
UNI_ASSEMBLES_DIFF,bitda,"bit 2,(0x7e1f)",6
UNI_ASSEMBLES_DIFF,bitda,"bit 2,(0x7f15)",6
UNI_ASSEMBLES_DIFF,bitda,"bit 2,(0xc1f0)",6
UNI_ASSEMBLES_DIFF,bitda,"bit 2,(0xc364)",6
UNI_ASSEMBLES_DIFF,bitda,"bit 3,(0x0421)",6
UNI_ASSEMBLES_DIFF,bitda,"bit 3,(0x295f)",6
UNI_ASSEMBLES_DIFF,bitda,"bit 3,(0xc1fe)",6
UNI_ASSEMBLES_DIFF,bitda,"bit 3,(0xc364)",6
UNI_ASSEMBLES_DIFF,bitda,"bit 4,(0x28ac)",6
UNI_ASSEMBLES_DIFF,bitda,"bit 4,(0xc1f0)",6
UNI_ASSEMBLES_DIFF,bit_dd8,"bit 5,(0x38)",6
UNI_ASSEMBLES_DIFF,bitda,"bit 5,(0xc1f0)",6
UNI_ASSEMBLES_DIFF,bitda,"bit 6,(0x287b)",6
UNI_ASSEMBLES_DIFF,bitda,"bit 6,(0x28ad)",6
UNI_ASSEMBLES_DIFF,bitda,"bit 6,(0x3258)",6
UNI_ASSEMBLES_DIFF,bitda,"bit 7,(0x108a)",6
UNI_ASSEMBLES_DIFF,bitda,"bit 7,(0x33d1)",6
UNI_ASSEMBLES_DIFF,bitda,"bit 7,(0x7e24)",6
UNI_ASSEMBLES_DIFF,cpdm8,"cp (0x0389),A",6
UNI_ASSEMBLES_DIFF,cpdi8,"cp (0x041a),0x01",6
UNI_ASSEMBLES_DIFF,cpdi8,"cp (0x041b),0x00",6
UNI_ASSEMBLES_DIFF,cpdi8,"cp (0x041b),0x60",6
UNI_ASSEMBLES_DIFF,cpdi8,"cp (0x0474),0x55",6
UNI_ASSEMBLES_DIFF,cpdm8,"cp (0x0489),A",6
UNI_ASSEMBLES_DIFF,cpdi8,"cp (0x0d57),0x30",6
UNI_ASSEMBLES_DIFF,cpdm16,"cp (0x0d58),WA",6
UNI_ASSEMBLES_DIFF,cpdm8,"cp (0x0d5c),A",6
UNI_ASSEMBLES_DIFF,cpdi8,"cp (0x0def),0x12",6
UNI_ASSEMBLES_DIFF,cpdi8,"cp (0x0eb5),0x81",6
UNI_ASSEMBLES_DIFF,cpdm8,"cp (0x0ec4),C",6
UNI_ASSEMBLES_DIFF,cpdi8,"cp (0x0fa9),0xff",6
UNI_ASSEMBLES_DIFF,cpdi8,"cp (0x1075),0x7f",6
UNI_ASSEMBLES_DIFF,cpdi8,"cp (0x1158),0x12",6
UNI_ASSEMBLES_DIFF,cpdi8,"cp (0x1ae7),0x01",6
UNI_ASSEMBLES_DIFF,cpdi8,"cp (0x1d68),0x00",6
UNI_ASSEMBLES_DIFF,cpdm8,"cp (0x207d),A",6
UNI_ASSEMBLES_DIFF,cpdm8,"cp (0x216a),A",6
UNI_ASSEMBLES_DIFF,cpdi8,"cp (0x231c),0xff",6
UNI_ASSEMBLES_DIFF,cpdi8,"cp (0x2586),0x84",6
UNI_ASSEMBLES_DIFF,cpdm16,"cp (0x258e),IZ",6
UNI_ASSEMBLES_DIFF,cpdm16,"cp (0x2668),WA",6
UNI_ASSEMBLES_DIFF,cpdm16,"cp (0x2694),BC",6
UNI_ASSEMBLES_DIFF,cpdi8,"cp (0x2958),0x00",6
UNI_ASSEMBLES_DIFF,cpdi8,"cp (0x295d),0x00",6
UNI_ASSEMBLES_DIFF,cpdi8,"cp (0x295d),0x01",6
UNI_ASSEMBLES_DIFF,cpdi8,"cp (0x295d),0x02",6
UNI_ASSEMBLES_DIFF,cpdi8,"cp (0x295d),0x03",6
UNI_ASSEMBLES_DIFF,cpdi8,"cp (0x295d),0x04",6
UNI_ASSEMBLES_DIFF,cpdi8,"cp (0x295d),0x05",6
UNI_ASSEMBLES_DIFF,cpdi8,"cp (0x332f),0x00",6
UNI_ASSEMBLES_DIFF,cpdi8,"cp (0x3330),0x00",6
UNI_ASSEMBLES_DIFF,cpdi8,"cp (0x3331),0x00",6
UNI_ASSEMBLES_DIFF,cpdi8,"cp (0x3332),0x00",6
UNI_ASSEMBLES_DIFF,cpdi8,"cp (0x333a),0x00",6
UNI_ASSEMBLES_DIFF,cpdi8,"cp (0x34a4),0x80",6
UNI_ASSEMBLES_DIFF,cpdi8,"cp (0x34d6),0x0c",6
UNI_ASSEMBLES_DIFF,cpdi8,"cp (0x34fb),0x04",6
UNI_ASSEMBLES_DIFF,cpdi8,"cp (0x3a77),0x00",6
UNI_ASSEMBLES_DIFF,cpdi8,"cp (0x3a77),0x01",6
UNI_ASSEMBLES_DIFF,cpdi8,"cp (0x3a77),0x02",6
UNI_ASSEMBLES_DIFF,cpdi8,"cp (0x3a77),0x03",6
UNI_ASSEMBLES_DIFF,cpdi8,"cp (0x3a80),0x00",6
UNI_ASSEMBLES_DIFF,cpdi8,"cp (0x7f0c),0x00",6
UNI_ASSEMBLES_DIFF,cpdi8,"cp (0x8924),0x00",6
UNI_ASSEMBLES_DIFF,cpdi8,"cp (0x8d34),0x01",6
UNI_ASSEMBLES_DIFF,cpdi8,"cp (0x8d34),0x07",6
UNI_ASSEMBLES_DIFF,cpdi8,"cp (0x8d36),0x16",6
UNI_ASSEMBLES_DIFF,cpdi8,"cp (0x8d36),0x77",6
UNI_ASSEMBLES_DIFF,cpdi8,"cp (0x8d36),0x79",6
UNI_ASSEMBLES_DIFF,cpdi8,"cp (0x8d36),0x8a",6
UNI_ASSEMBLES_DIFF,cpdi8,"cp (0x8d36),0xb8",6
UNI_ASSEMBLES_DIFF,cpdi8,"cp (0x8d36),0xf7",6
UNI_ASSEMBLES_DIFF,cpdi8,"cp (0x8d38),0x81",6
UNI_ASSEMBLES_DIFF,cpdi8,"cp (0x8d39),0xee",6
UNI_ASSEMBLES_DIFF,cpdi8,"cp (0x91b5),0xff",6
UNI_ASSEMBLES_DIFF,cpdi8,"cp (0xc365),0xff",6
UNI_ASSEMBLES_DIFF,cpdm16,"cp (0xf238),WA",6
UNI_ASSEMBLES_DIFF,cpda8,"cp A,(0x2587)",6
UNI_ASSEMBLES_DIFF,cpda8,"cp A,(0x25aa)",6
UNI_ASSEMBLES_DIFF,cpda8,"cp A,(0x263c)",6
UNI_ASSEMBLES_DIFF,cpda8,"cp A,(0x2658)",6
UNI_ASSEMBLES_DIFF,cpda8,"cp A,(0x2878)",6
UNI_ASSEMBLES_DIFF,cpda8,"cp A,(0x34d7)",6
UNI_ASSEMBLES_DIFF,cpda8,"cp A,(0x893c)",6
UNI_ASSEMBLES_DIFF,cpda8,"cp A,(0xc2b4)",6
UNI_ASSEMBLES_DIFF,cpda8,"cp A,(0xc5a2)",6
UNI_ASSEMBLES_DIFF,cpda8,"cp A,(0xf1d3)",6
UNI_ASSEMBLES_DIFF,cpda8,"cp A,(0xf1d4)",6
UNI_ASSEMBLES_DIFF,cpda8,"cp C,(0x263c)",6
UNI_ASSEMBLES_DIFF,cpda16,"cp DE,(0x2632)",6
UNI_ASSEMBLES_DIFF,cpda8,"cp E,(0x2682)",6
UNI_ASSEMBLES_DIFF,cpda8,"cp E,(0x27a2)",6
UNI_ASSEMBLES_DIFF,cpda16,"cp HL,(0x1132)",6
UNI_ASSEMBLES_DIFF,cpda16,"cp HL,(0x849c)",6
UNI_ASSEMBLES_DIFF,cpda16,"cp HL,(0x84fc)",6
UNI_ASSEMBLES_DIFF,cpda16,"cp IY,(0x0dff)",6
UNI_ASSEMBLES_DIFF,cpda16,"cp IZ,(0x8438)",6
UNI_ASSEMBLES_DIFF,cpda8,"cp L,(0x2784)",6
UNI_ASSEMBLES_DIFF,cpda8,"cp L,(0x2958)",6
UNI_ASSEMBLES_DIFF,cpda8,"cp W,(0x32b4)",6
UNI_ASSEMBLES_DIFF,cpda16,"cp WA,(0x0ce6)",6
UNI_ASSEMBLES_DIFF,cpda16,"cp WA,(0x23c0)",6
UNI_ASSEMBLES_DIFF,cpda16,"cp WA,(0x2668)",6
UNI_ASSEMBLES_DIFF,cpda16,"cp WA,(0x2782)",6
UNI_ASSEMBLES_DIFF,cpda16,"cp WA,(0x279c)",6
UNI_ASSEMBLES_DIFF,cpda16,"cp WA,(0x2838)",6
UNI_ASSEMBLES_DIFF,cpda16,"cp WA,(0x286d)",6
UNI_ASSEMBLES_DIFF,cpda16,"cp WA,(0x28bc)",6
UNI_ASSEMBLES_DIFF,cpda16,"cp WA,(0x365e)",6
UNI_ASSEMBLES_DIFF,cpda16,"cp WA,(0x7dfe)",6
UNI_ASSEMBLES_DIFF,cpda16,"cp WA,(0x8504)",6
UNI_ASSEMBLES_DIFF,decdi8,"dec 1,(0x0de7)",6
UNI_ASSEMBLES_DIFF,decdi8,"dec 1,(0x8920)",6
UNI_ASSEMBLES_DIFF,decdi16,"decw 1,(0x0d5a)",6
UNI_ASSEMBLES_DIFF,decdi16,"decw 1,(0xf231)",6
UNI_ASSEMBLES_DIFF,incdi8,"inc 1,(0x041b)",6
UNI_ASSEMBLES_DIFF,incdi8,"inc 1,(0x0dc2)",6
UNI_ASSEMBLES_DIFF,incdi8,"inc 1,(0x0e43)",6
UNI_ASSEMBLES_DIFF,incdi8,"inc 1,(0x25d8)",6
UNI_ASSEMBLES_DIFF,incdi8,"inc 1,(0x2682)",6
UNI_ASSEMBLES_DIFF,incdi8,"inc 1,(0x333a)",6
UNI_ASSEMBLES_DIFF,incdi8,"inc 1,(0x3435)",6
UNI_ASSEMBLES_DIFF,incdi8,"inc 1,(0x34d6)",6
UNI_ASSEMBLES_DIFF,incdi8,"inc 1,(0x350e)",6
UNI_ASSEMBLES_DIFF,incdi8,"inc 1,(0x893a)",6
UNI_ASSEMBLES_DIFF,incdi8,"inc 1,(0x893c)",6
UNI_ASSEMBLES_DIFF,incdi8,"inc 4,(0x0f62)",6
UNI_ASSEMBLES_DIFF,incdi8,"inc 4,(0x2a80)",6
UNI_ASSEMBLES_DIFF,incdi16,"incw 1,(0x0418)",6
UNI_ASSEMBLES_DIFF,incdi16,"incw 1,(0x1086)",6
UNI_ASSEMBLES_DIFF,incdi16,"incw 1,(0x2532)",6
UNI_ASSEMBLES_DIFF,incdi16,"incw 1,(0x258e)",6
UNI_ASSEMBLES_DIFF,incdi16,"incw 1,(0x2666)",6
UNI_ASSEMBLES_DIFF,incdi16,"incw 1,(0x2782)",6
UNI_ASSEMBLES_DIFF,incdi16,"incw 1,(0x3946)",6
UNI_ASSEMBLES_DIFF,stdi8,"ld (0x010a),0x04",6
UNI_ASSEMBLES_DIFF,stdi8,"ld (0x0110),0x00",6
UNI_ASSEMBLES_DIFF,stdi8,"ld (0x0111),0xb1",6
UNI_ASSEMBLES_DIFF,stdi8,"ld (0x0145),0x81",6
UNI_ASSEMBLES_DIFF,stdi8,"ld (0x014c),0x22",6
UNI_ASSEMBLES_DIFF,stdi8,"ld (0x014d),0x8a",6
UNI_ASSEMBLES_DIFF,stdi8,"ld (0x014e),0x1f",6
UNI_ASSEMBLES_DIFF,stdi8,"ld (0x014f),0x00",6
UNI_ASSEMBLES_DIFF,stdi8,"ld (0x0155),0x81",6
UNI_ASSEMBLES_DIFF,stdi8,"ld (0x0162),0x8b",6
UNI_ASSEMBLES_DIFF,stdi8,"ld (0x0163),0x58",6
UNI_ASSEMBLES_DIFF,stdi8,"ld (0x0165),0x71",6
UNI_ASSEMBLES_DIFF,stdi8,"ld (0x041e),0x08",6
UNI_ASSEMBLES_DIFF,stdi8,"ld (0x041e),0x80",6
UNI_ASSEMBLES_DIFF,stdi8,"ld (0x041f),0x01",6
UNI_ASSEMBLES_DIFF,stdi8,"ld (0x0424),0x00",6
UNI_ASSEMBLES_DIFF,stdi8,"ld (0x042a),0x00",6
UNI_ASSEMBLES_DIFF,stb_d8,"ld (0x042f),A",6
UNI_ASSEMBLES_DIFF,stb_d8,"ld (0x0430),A",6
UNI_ASSEMBLES_DIFF,stb_d8,"ld (0x0457),W",6
UNI_ASSEMBLES_DIFF,stda16,"ld (0x045e),WA",6
UNI_ASSEMBLES_DIFF,stdi8,"ld (0x0464),0x00",6
UNI_ASSEMBLES_DIFF,stda16,"ld (0x046e),WA",6
UNI_ASSEMBLES_DIFF,stda16,"ld (0x0470),WA",6
UNI_ASSEMBLES_DIFF,stb_d8,"ld (0x0472),A",6
UNI_ASSEMBLES_DIFF,stda16,"ld (0x0475),IX",6
UNI_ASSEMBLES_DIFF,stda32,"ld (0x0622),XHL",6
UNI_ASSEMBLES_DIFF,stda32,"ld (0x063e),XWA",6
UNI_ASSEMBLES_DIFF,stda32,"ld (0x0646),XWA",6
UNI_ASSEMBLES_DIFF,stb_d8,"ld (0x0654),A",6
UNI_ASSEMBLES_DIFF,stda32,"ld (0x0656),XWA",6
UNI_ASSEMBLES_DIFF,stdi8,"ld (0x065d),0x01",6
UNI_ASSEMBLES_DIFF,stda16,"ld (0x06aa),HL",6
UNI_ASSEMBLES_DIFF,stdi8,"ld (0x087b),0x1d",6
UNI_ASSEMBLES_DIFF,stb_d8,"ld (0x0c06),A",6
UNI_ASSEMBLES_DIFF,stda16,"ld (0x0c1a),WA",6
UNI_ASSEMBLES_DIFF,stda16,"ld (0x0c26),WA",6
UNI_ASSEMBLES_DIFF,stda32,"ld (0x0c59),XWA",6
UNI_ASSEMBLES_DIFF,stda32,"ld (0x0c63),XWA",6
UNI_ASSEMBLES_DIFF,stda16,"ld (0x0c75),WA",6
UNI_ASSEMBLES_DIFF,stb_d8,"ld (0x0c8f),A",6
UNI_ASSEMBLES_DIFF,stda16,"ld (0x0c96),WA",6
UNI_ASSEMBLES_DIFF,stda16,"ld (0x0c98),BC",6
UNI_ASSEMBLES_DIFF,stda16,"ld (0x0c9a),BC",6
UNI_ASSEMBLES_DIFF,stda16,"ld (0x0c9c),WA",6
UNI_ASSEMBLES_DIFF,stda16,"ld (0x0cae),WA",6
UNI_ASSEMBLES_DIFF,stdi8,"ld (0x0cdf),0x00",6
UNI_ASSEMBLES_DIFF,stb_d8,"ld (0x0cdf),A",6
UNI_ASSEMBLES_DIFF,stb_d8,"ld (0x0ce0),C",6
UNI_ASSEMBLES_DIFF,stb_d8,"ld (0x0ce1),A",6
UNI_ASSEMBLES_DIFF,stda32,"ld (0x0ce8),XIY",6
UNI_ASSEMBLES_DIFF,stda16,"ld (0x0cec),IX",6
UNI_ASSEMBLES_DIFF,stda32,"ld (0x0d14),XWA",6
UNI_ASSEMBLES_DIFF,stb_d8,"ld (0x0d1d),W",6
UNI_ASSEMBLES_DIFF,stdi8,"ld (0x0d3b),0xff",6
UNI_ASSEMBLES_DIFF,stdi8,"ld (0x0d4a),0x02",6
UNI_ASSEMBLES_DIFF,stb_d8,"ld (0x0d56),A",6
UNI_ASSEMBLES_DIFF,stb_d8,"ld (0x0d56),W",6
UNI_ASSEMBLES_DIFF,stda16,"ld (0x0d62),WA",6
UNI_ASSEMBLES_DIFF,stdi8,"ld (0x0d67),0x00",6
UNI_ASSEMBLES_DIFF,stdi8,"ld (0x0d68),0x00",6
UNI_ASSEMBLES_DIFF,stdi8,"ld (0x0dc1),0x00",6
UNI_ASSEMBLES_DIFF,stb_d8,"ld (0x0dcc),C",6
UNI_ASSEMBLES_DIFF,stdi8,"ld (0x0dd2),0x04",6
UNI_ASSEMBLES_DIFF,stdi8,"ld (0x0dd4),0x00",6
UNI_ASSEMBLES_DIFF,stb_d8,"ld (0x0de6),A",6
UNI_ASSEMBLES_DIFF,stb_d8,"ld (0x0dee),A",6
UNI_ASSEMBLES_DIFF,stdi8,"ld (0x0def),0x02",6
UNI_ASSEMBLES_DIFF,stdi8,"ld (0x0def),0x08",6
UNI_ASSEMBLES_DIFF,stda16,"ld (0x0df0),WA",6
UNI_ASSEMBLES_DIFF,stb_d8,"ld (0x0df1),A",6
UNI_ASSEMBLES_DIFF,stda16,"ld (0x0df2),WA",6
UNI_ASSEMBLES_DIFF,stb_d8,"ld (0x0df6),A",6
UNI_ASSEMBLES_DIFF,stb_d8,"ld (0x0df8),A",6
UNI_ASSEMBLES_DIFF,stda16,"ld (0x0df8),WA",6
UNI_ASSEMBLES_DIFF,stda16,"ld (0x0dfa),WA",6
UNI_ASSEMBLES_DIFF,stda16,"ld (0x0e06),WA",6
UNI_ASSEMBLES_DIFF,stb_d8,"ld (0x0e29),A",6
UNI_ASSEMBLES_DIFF,stb_d8,"ld (0x0e2a),A",6
UNI_ASSEMBLES_DIFF,stb_d8,"ld (0x0ec1),A",6
UNI_ASSEMBLES_DIFF,stb_d8,"ld (0x0ec1),E",6
UNI_ASSEMBLES_DIFF,stb_d8,"ld (0x0ec6),L",6
UNI_ASSEMBLES_DIFF,stdi8,"ld (0x0ef6),0x01",6
UNI_ASSEMBLES_DIFF,stb_d8,"ld (0x0ef7),A",6
UNI_ASSEMBLES_DIFF,stdi8,"ld (0x0f53),0x01",6
UNI_ASSEMBLES_DIFF,stdi8,"ld (0x0f5a),0x02",6
UNI_ASSEMBLES_DIFF,stda16,"ld (0x0f64),DE",6
UNI_ASSEMBLES_DIFF,stda16,"ld (0x0f66),BC",6
UNI_ASSEMBLES_DIFF,stda16,"ld (0x0f66),WA",6
UNI_ASSEMBLES_DIFF,stda16,"ld (0x0f75),IY",6
UNI_ASSEMBLES_DIFF,stda16,"ld (0x0fa2),WA",6
UNI_ASSEMBLES_DIFF,stda16,"ld (0x0fa4),WA",6
UNI_ASSEMBLES_DIFF,stdi8,"ld (0x0fa8),0x7f",6
UNI_ASSEMBLES_DIFF,stb_d8,"ld (0x0fa8),A",6
UNI_ASSEMBLES_DIFF,stdi8,"ld (0x0fa9),0x00",6
UNI_ASSEMBLES_DIFF,stb_d8,"ld (0x0faa),A",6
UNI_ASSEMBLES_DIFF,stda16,"ld (0x0fac),HL",6
UNI_ASSEMBLES_DIFF,stda16,"ld (0x0fd4),IY",6
UNI_ASSEMBLES_DIFF,stda32,"ld (0x1088),XWA",6
UNI_ASSEMBLES_DIFF,stdi8,"ld (0x1089),0x03",6
UNI_ASSEMBLES_DIFF,stdi8,"ld (0x1089),0x04",6
UNI_ASSEMBLES_DIFF,stdi8,"ld (0x1089),0x05",6
UNI_ASSEMBLES_DIFF,stdi8,"ld (0x1089),0x07",6
UNI_ASSEMBLES_DIFF,stdi8,"ld (0x108b),0x08",6
UNI_ASSEMBLES_DIFF,stdi8,"ld (0x108c),0x00",6
UNI_ASSEMBLES_DIFF,stda16,"ld (0x108c),WA",6
UNI_ASSEMBLES_DIFF,stda16,"ld (0x108e),DE",6
UNI_ASSEMBLES_DIFF,stda16,"ld (0x108f),DE",6
UNI_ASSEMBLES_DIFF,stda16,"ld (0x1091),DE",6
UNI_ASSEMBLES_DIFF,stda16,"ld (0x10d2),WA",6
UNI_ASSEMBLES_DIFF,stdi8,"ld (0x10e4),0x00",6
UNI_ASSEMBLES_DIFF,stdi8,"ld (0x10e4),0xff",6
UNI_ASSEMBLES_DIFF,stb_d8,"ld (0x10f5),A",6
UNI_ASSEMBLES_DIFF,stb_d8,"ld (0x10f8),A",6
UNI_ASSEMBLES_DIFF,stda16,"ld (0x10fb),WA",6
UNI_ASSEMBLES_DIFF,stda32,"ld (0x10fd),XIX",6
UNI_ASSEMBLES_DIFF,stb_d8,"ld (0x111d),A",6
UNI_ASSEMBLES_DIFF,stb_d8,"ld (0x112b),A",6
UNI_ASSEMBLES_DIFF,stda16,"ld (0x113f),WA",6
UNI_ASSEMBLES_DIFF,stdi8,"ld (0x1158),0x00",6
UNI_ASSEMBLES_DIFF,stdi8,"ld (0x1158),0x12",6
UNI_ASSEMBLES_DIFF,stda16,"ld (0x1178),WA",6
UNI_ASSEMBLES_DIFF,stb_d8,"ld (0x1181),C",6
UNI_ASSEMBLES_DIFF,stb_d8,"ld (0x1182),C",6
UNI_ASSEMBLES_DIFF,stb_d8,"ld (0x118d),A",6
UNI_ASSEMBLES_DIFF,stb_d8,"ld (0x118e),A",6
UNI_ASSEMBLES_DIFF,stb_d8,"ld (0x1191),A",6
UNI_ASSEMBLES_DIFF,stb_d8,"ld (0x11f7),A",6
UNI_ASSEMBLES_DIFF,stb_d8,"ld (0x1238),W",6
UNI_ASSEMBLES_DIFF,stb_d8,"ld (0x1258),A",6
UNI_ASSEMBLES_DIFF,stda16,"ld (0x129e),WA",6
UNI_ASSEMBLES_DIFF,stdi8,"ld (0x12c0),0x00",6
UNI_ASSEMBLES_DIFF,stda16,"ld (0x1a2b),HL",6
UNI_ASSEMBLES_DIFF,stda32,"ld (0x1a2d),XWA",6
UNI_ASSEMBLES_DIFF,stb_d8,"ld (0x1a5a),L",6
UNI_ASSEMBLES_DIFF,stb_d8,"ld (0x1ae3),A",6
UNI_ASSEMBLES_DIFF,stb_d8,"ld (0x1ae4),A",6
UNI_ASSEMBLES_DIFF,stb_d8,"ld (0x1ae5),A",6
UNI_ASSEMBLES_DIFF,stb_d8,"ld (0x1ae6),A",6
UNI_ASSEMBLES_DIFF,stdi8,"ld (0x1ae7),0x01",6
UNI_ASSEMBLES_DIFF,stda16,"ld (0x1bd0),WA",6
UNI_ASSEMBLES_DIFF,stda16,"ld (0x1c1c),WA",6
UNI_ASSEMBLES_DIFF,stdi8,"ld (0x1d5e),0xfa",6
UNI_ASSEMBLES_DIFF,stdi8,"ld (0x1d6a),0x00",6
UNI_ASSEMBLES_DIFF,stdi8,"ld (0x1d84),0x00",6
UNI_ASSEMBLES_DIFF,stdi8,"ld (0x1d84),0x01",6
UNI_ASSEMBLES_DIFF,stdi8,"ld (0x1d86),0x00",6
UNI_ASSEMBLES_DIFF,stdi8,"ld (0x1d8a),0x00",6
UNI_ASSEMBLES_DIFF,stdi8,"ld (0x209b),0x85",6
UNI_ASSEMBLES_DIFF,stdi8,"ld (0x209c),0x05",6
UNI_ASSEMBLES_DIFF,stdi8,"ld (0x21d0),0x3f",6
UNI_ASSEMBLES_DIFF,stdi8,"ld (0x21d0),0x53",6
UNI_ASSEMBLES_DIFF,stdi8,"ld (0x21d1),0x3f",6
UNI_ASSEMBLES_DIFF,stdi8,"ld (0x21d2),0x3f",6
UNI_ASSEMBLES_DIFF,stb_d8,"ld (0x220a),A",6
UNI_ASSEMBLES_DIFF,stdi8,"ld (0x22fc),0x01",6
UNI_ASSEMBLES_DIFF,stdi8,"ld (0x22fc),0x03",6
UNI_ASSEMBLES_DIFF,stda16,"ld (0x2316),WA",6
UNI_ASSEMBLES_DIFF,stda16,"ld (0x2318),WA",6
UNI_ASSEMBLES_DIFF,stb_d8,"ld (0x2320),L",6
UNI_ASSEMBLES_DIFF,stb_d8,"ld (0x2322),L",6
UNI_ASSEMBLES_DIFF,stb_d8,"ld (0x2324),L",6
UNI_ASSEMBLES_DIFF,stb_d8,"ld (0x2332),E",6
UNI_ASSEMBLES_DIFF,stda16,"ld (0x2336),WA",6
UNI_ASSEMBLES_DIFF,stdi8,"ld (0x2524),0x00",6
UNI_ASSEMBLES_DIFF,stb_d8,"ld (0x2586),L",6
UNI_ASSEMBLES_DIFF,stb_d8,"ld (0x2587),L",6
UNI_ASSEMBLES_DIFF,stda16,"ld (0x258e),DE",6
UNI_ASSEMBLES_DIFF,stda16,"ld (0x258e),IZ",6
UNI_ASSEMBLES_DIFF,stda16,"ld (0x2590),BC",6
UNI_ASSEMBLES_DIFF,stda16,"ld (0x25a0),BC",6
UNI_ASSEMBLES_DIFF,stda16,"ld (0x25a0),WA",6
UNI_ASSEMBLES_DIFF,stda16,"ld (0x25ac),BC",6
UNI_ASSEMBLES_DIFF,stda16,"ld (0x25ac),WA",6
UNI_ASSEMBLES_DIFF,stda16,"ld (0x25b0),BC",6
UNI_ASSEMBLES_DIFF,stda16,"ld (0x25b0),WA",6
UNI_ASSEMBLES_DIFF,stda16,"ld (0x25b4),BC",6
UNI_ASSEMBLES_DIFF,stda16,"ld (0x25b4),HL",6
UNI_ASSEMBLES_DIFF,stda16,"ld (0x25b4),WA",6
UNI_ASSEMBLES_DIFF,stda16,"ld (0x25b8),BC",6
UNI_ASSEMBLES_DIFF,stda16,"ld (0x25ba),WA",6
UNI_ASSEMBLES_DIFF,stda16,"ld (0x25be),WA",6
UNI_ASSEMBLES_DIFF,stb_d8,"ld (0x25cc),L",6
UNI_ASSEMBLES_DIFF,stb_d8,"ld (0x25d6),L",6
UNI_ASSEMBLES_DIFF,stb_d8,"ld (0x2600),A",6
UNI_ASSEMBLES_DIFF,stb_d8,"ld (0x2602),A",6
UNI_ASSEMBLES_DIFF,stb_d8,"ld (0x260c),A",6
UNI_ASSEMBLES_DIFF,stb_d8,"ld (0x2616),A",6
UNI_ASSEMBLES_DIFF,stb_d8,"ld (0x2622),A",6
UNI_ASSEMBLES_DIFF,stb_d8,"ld (0x262a),A",6
UNI_ASSEMBLES_DIFF,stb_d8,"ld (0x2630),A",6
UNI_ASSEMBLES_DIFF,stb_d8,"ld (0x2640),C",6
UNI_ASSEMBLES_DIFF,stda32,"ld (0x2640),XIY",6
UNI_ASSEMBLES_DIFF,stb_d8,"ld (0x2647),A",6
UNI_ASSEMBLES_DIFF,stb_d8,"ld (0x264c),L",6
UNI_ASSEMBLES_DIFF,stb_d8,"ld (0x2658),A",6
UNI_ASSEMBLES_DIFF,stda16,"ld (0x265c),WA",6
UNI_ASSEMBLES_DIFF,stda16,"ld (0x2666),IX",6
UNI_ASSEMBLES_DIFF,stda16,"ld (0x2668),BC",6
UNI_ASSEMBLES_DIFF,stdi8,"ld (0x2670),0x00",6
UNI_ASSEMBLES_DIFF,stda16,"ld (0x2692),IY",6
UNI_ASSEMBLES_DIFF,stda16,"ld (0x2692),WA",6
UNI_ASSEMBLES_DIFF,stda16,"ld (0x2694),BC",6
UNI_ASSEMBLES_DIFF,stda16,"ld (0x2694),IX",6
UNI_ASSEMBLES_DIFF,stda16,"ld (0x2698),BC",6
UNI_ASSEMBLES_DIFF,stda16,"ld (0x269c),WA",6
UNI_ASSEMBLES_DIFF,stda16,"ld (0x26cc),WA",6
UNI_ASSEMBLES_DIFF,stda16,"ld (0x26ec),BC",6
UNI_ASSEMBLES_DIFF,stb_d8,"ld (0x2708),A",6
UNI_ASSEMBLES_DIFF,stb_d8,"ld (0x270a),A",6
UNI_ASSEMBLES_DIFF,stb_d8,"ld (0x270c),A",6
UNI_ASSEMBLES_DIFF,stb_d8,"ld (0x270e),A",6
UNI_ASSEMBLES_DIFF,stb_d8,"ld (0x2721),C",6
UNI_ASSEMBLES_DIFF,stdi8,"ld (0x2740),0x00",6
UNI_ASSEMBLES_DIFF,stb_d8,"ld (0x2740),L",6
UNI_ASSEMBLES_DIFF,stda16,"ld (0x275e),BC",6
UNI_ASSEMBLES_DIFF,stda16,"ld (0x275e),IZ",6
UNI_ASSEMBLES_DIFF,stb_d8,"ld (0x2760),L",6
UNI_ASSEMBLES_DIFF,stdi8,"ld (0x2767),0x00",6
UNI_ASSEMBLES_DIFF,stdi8,"ld (0x277e),0x00",6
UNI_ASSEMBLES_DIFF,stda16,"ld (0x2782),WA",6
UNI_ASSEMBLES_DIFF,stdi8,"ld (0x2784),0x5f",6
UNI_ASSEMBLES_DIFF,stb_d8,"ld (0x2788),A",6
UNI_ASSEMBLES_DIFF,stb_d8,"ld (0x278a),A",6
UNI_ASSEMBLES_DIFF,stda16,"ld (0x278c),WA",6
UNI_ASSEMBLES_DIFF,stda16,"ld (0x278e),WA",6
UNI_ASSEMBLES_DIFF,stb_d8,"ld (0x2798),A",6
UNI_ASSEMBLES_DIFF,stb_d8,"ld (0x2798),C",6
UNI_ASSEMBLES_DIFF,stda16,"ld (0x279a),DE",6
UNI_ASSEMBLES_DIFF,stda16,"ld (0x279a),WA",6
UNI_ASSEMBLES_DIFF,stda16,"ld (0x279e),WA",6
UNI_ASSEMBLES_DIFF,stda16,"ld (0x27a0),WA",6
UNI_ASSEMBLES_DIFF,stda16,"ld (0x27b4),WA",6
UNI_ASSEMBLES_DIFF,stda16,"ld (0x27c2),WA",6
UNI_ASSEMBLES_DIFF,stda16,"ld (0x27c4),WA",6
UNI_ASSEMBLES_DIFF,stda16,"ld (0x27c8),WA",6
UNI_ASSEMBLES_DIFF,stb_d8,"ld (0x27cc),C",6
UNI_ASSEMBLES_DIFF,stdi8,"ld (0x27d2),0x00",6
UNI_ASSEMBLES_DIFF,stdi8,"ld (0x27d2),0xff",6
UNI_ASSEMBLES_DIFF,stda32,"ld (0x27e0),XWA",6
UNI_ASSEMBLES_DIFF,stda16,"ld (0x2804),WA",6
UNI_ASSEMBLES_DIFF,stda16,"ld (0x282c),HL",6
UNI_ASSEMBLES_DIFF,stda32,"ld (0x2846),XBC",6
UNI_ASSEMBLES_DIFF,stdi8,"ld (0x2862),0x00",6
UNI_ASSEMBLES_DIFF,stdi8,"ld (0x2864),0x00",6
UNI_ASSEMBLES_DIFF,stdi8,"ld (0x2866),0x00",6
UNI_ASSEMBLES_DIFF,stda16,"ld (0x2875),BC",6
UNI_ASSEMBLES_DIFF,stdi8,"ld (0x2877),0x00",6
UNI_ASSEMBLES_DIFF,stdi8,"ld (0x2877),0x01",6
UNI_ASSEMBLES_DIFF,stdi8,"ld (0x2880),0x0f",6
UNI_ASSEMBLES_DIFF,stda16,"ld (0x2885),IY",6
UNI_ASSEMBLES_DIFF,stda16,"ld (0x2889),IY",6
UNI_ASSEMBLES_DIFF,stb_d8,"ld (0x288d),C",6
UNI_ASSEMBLES_DIFF,stb_d8,"ld (0x288d),W",6
UNI_ASSEMBLES_DIFF,stb_d8,"ld (0x288e),L",6
UNI_ASSEMBLES_DIFF,stda16,"ld (0x2893),WA",6
UNI_ASSEMBLES_DIFF,stdi8,"ld (0x289e),0x0f",6
UNI_ASSEMBLES_DIFF,stdi8,"ld (0x28a1),0x10",6
UNI_ASSEMBLES_DIFF,stdi8,"ld (0x28b1),0x00",6
UNI_ASSEMBLES_DIFF,stda16,"ld (0x28b4),WA",6
UNI_ASSEMBLES_DIFF,stda16,"ld (0x28ba),WA",6
UNI_ASSEMBLES_DIFF,stdi8,"ld (0x28c5),0x00",6
UNI_ASSEMBLES_DIFF,stda16,"ld (0x2959),DE",6
UNI_ASSEMBLES_DIFF,stdi8,"ld (0x295c),0x81",6
UNI_ASSEMBLES_DIFF,stdi8,"ld (0x295d),0x02",6
UNI_ASSEMBLES_DIFF,stdi8,"ld (0x295d),0x03",6
UNI_ASSEMBLES_DIFF,stdi8,"ld (0x295d),0x04",6
UNI_ASSEMBLES_DIFF,stdi8,"ld (0x295d),0x05",6
UNI_ASSEMBLES_DIFF,stdi8,"ld (0x2967),0x90",6
UNI_ASSEMBLES_DIFF,stda32,"ld (0x2972),XDE",6
UNI_ASSEMBLES_DIFF,stda32,"ld (0x2972),XWA",6
UNI_ASSEMBLES_DIFF,stda16,"ld (0x29aa),HL",6
UNI_ASSEMBLES_DIFF,stda16,"ld (0x29aa),WA",6
UNI_ASSEMBLES_DIFF,stda16,"ld (0x3010),DE",6
UNI_ASSEMBLES_DIFF,stda16,"ld (0x3012),DE",6
UNI_ASSEMBLES_DIFF,stdi8,"ld (0x3251),0x00",6
UNI_ASSEMBLES_DIFF,stdi8,"ld (0x3252),0x00",6
UNI_ASSEMBLES_DIFF,stb_d8,"ld (0x326d),A",6
UNI_ASSEMBLES_DIFF,stb_d8,"ld (0x326f),A",6
UNI_ASSEMBLES_DIFF,stda32,"ld (0x3293),XHL",6
UNI_ASSEMBLES_DIFF,stda32,"ld (0x3293),XWA",6
UNI_ASSEMBLES_DIFF,stb_d8,"ld (0x32a4),A",6
UNI_ASSEMBLES_DIFF,stb_d8,"ld (0x32a5),A",6
UNI_ASSEMBLES_DIFF,stb_d8,"ld (0x32a6),A",6
UNI_ASSEMBLES_DIFF,stb_d8,"ld (0x32a7),A",6
UNI_ASSEMBLES_DIFF,stb_d8,"ld (0x32a8),A",6
UNI_ASSEMBLES_DIFF,stb_d8,"ld (0x32ab),A",6
UNI_ASSEMBLES_DIFF,stb_d8,"ld (0x32ac),A",6
UNI_ASSEMBLES_DIFF,stb_d8,"ld (0x32ae),A",6
UNI_ASSEMBLES_DIFF,stb_d8,"ld (0x32af),A",6
UNI_ASSEMBLES_DIFF,stb_d8,"ld (0x32b0),A",6
UNI_ASSEMBLES_DIFF,stb_d8,"ld (0x32d7),A",6
UNI_ASSEMBLES_DIFF,stb_d8,"ld (0x32d8),A",6
UNI_ASSEMBLES_DIFF,stb_d8,"ld (0x332f),A",6
UNI_ASSEMBLES_DIFF,stb_d8,"ld (0x3330),A",6
UNI_ASSEMBLES_DIFF,stb_d8,"ld (0x3331),A",6
UNI_ASSEMBLES_DIFF,stb_d8,"ld (0x3332),A",6
UNI_ASSEMBLES_DIFF,stb_d8,"ld (0x3376),A",6
UNI_ASSEMBLES_DIFF,stdi8,"ld (0x3380),0x02",6
UNI_ASSEMBLES_DIFF,stdi8,"ld (0x3380),0x05",6
UNI_ASSEMBLES_DIFF,stb_d8,"ld (0x3388),A",6
UNI_ASSEMBLES_DIFF,stda16,"ld (0x33ad),IY",6
UNI_ASSEMBLES_DIFF,stda16,"ld (0x33cf),WA",6
UNI_ASSEMBLES_DIFF,stdi8,"ld (0x33d6),0xfe",6
UNI_ASSEMBLES_DIFF,stdi8,"ld (0x33d8),0x06",6
UNI_ASSEMBLES_DIFF,stb_d8,"ld (0x33db),W",6
UNI_ASSEMBLES_DIFF,stb_d8,"ld (0x33df),L",6
UNI_ASSEMBLES_DIFF,stb_d8,"ld (0x33ec),A",6
UNI_ASSEMBLES_DIFF,stb_d8,"ld (0x33ec),E",6
UNI_ASSEMBLES_DIFF,stb_d8,"ld (0x342e),E",6
UNI_ASSEMBLES_DIFF,stb_d8,"ld (0x3432),A",6
UNI_ASSEMBLES_DIFF,stdi8,"ld (0x3433),0x00",6
UNI_ASSEMBLES_DIFF,stb_d8,"ld (0x3434),A",6
UNI_ASSEMBLES_DIFF,stb_d8,"ld (0x3435),C",6
UNI_ASSEMBLES_DIFF,stb_d8,"ld (0x3458),A",6
UNI_ASSEMBLES_DIFF,stb_d8,"ld (0x3460),A",6
UNI_ASSEMBLES_DIFF,stdi8,"ld (0x3470),0x00",6
UNI_ASSEMBLES_DIFF,stdi8,"ld (0x3474),0x00",6
UNI_ASSEMBLES_DIFF,stb_d8,"ld (0x3475),L",6
UNI_ASSEMBLES_DIFF,stb_d8,"ld (0x347c),L",6
UNI_ASSEMBLES_DIFF,stdi8,"ld (0x347d),0x04",6
UNI_ASSEMBLES_DIFF,stb_d8,"ld (0x3480),A",6
UNI_ASSEMBLES_DIFF,stda16,"ld (0x3492),WA",6
UNI_ASSEMBLES_DIFF,stda32,"ld (0x349a),XWA",6
UNI_ASSEMBLES_DIFF,stda16,"ld (0x34d4),WA",6
UNI_ASSEMBLES_DIFF,stdi8,"ld (0x34d6),0x08",6
UNI_ASSEMBLES_DIFF,stdi8,"ld (0x34d6),0x1f",6
UNI_ASSEMBLES_DIFF,stdi8,"ld (0x34ef),0x10",6
UNI_ASSEMBLES_DIFF,stda16,"ld (0x3520),BC",6
UNI_ASSEMBLES_DIFF,stda16,"ld (0x3596),DE",6
UNI_ASSEMBLES_DIFF,stda16,"ld (0x360c),DE",6
UNI_ASSEMBLES_DIFF,stda16,"ld (0x3658),HL",6
UNI_ASSEMBLES_DIFF,stda16,"ld (0x3658),WA",6
UNI_ASSEMBLES_DIFF,stda16,"ld (0x365a),HL",6
UNI_ASSEMBLES_DIFF,stda16,"ld (0x3664),WA",6
UNI_ASSEMBLES_DIFF,stda16,"ld (0x36fa),WA",6
UNI_ASSEMBLES_DIFF,stb_d8,"ld (0x370f),H",6
UNI_ASSEMBLES_DIFF,stb_d8,"ld (0x3712),A",6
UNI_ASSEMBLES_DIFF,stdi8,"ld (0x3715),0x00",6
UNI_ASSEMBLES_DIFF,stb_d8,"ld (0x3717),A",6
UNI_ASSEMBLES_DIFF,stb_d8,"ld (0x3736),C",6
UNI_ASSEMBLES_DIFF,stb_d8,"ld (0x373e),A",6
UNI_ASSEMBLES_DIFF,stda16,"ld (0x377e),WA",6
UNI_ASSEMBLES_DIFF,stdi8,"ld (0x379a),0x00",6
UNI_ASSEMBLES_DIFF,stdi8,"ld (0x379b),0x02",6
UNI_ASSEMBLES_DIFF,stdi8,"ld (0x379b),0x04",6
UNI_ASSEMBLES_DIFF,stdi8,"ld (0x37c9),0x08",6
UNI_ASSEMBLES_DIFF,stdi8,"ld (0x37c9),0x10",6
UNI_ASSEMBLES_DIFF,stdi8,"ld (0x37c9),0x20",6
UNI_ASSEMBLES_DIFF,stdi8,"ld (0x37c9),0x40",6
UNI_ASSEMBLES_DIFF,stda16,"ld (0x38dc),WA",6
UNI_ASSEMBLES_DIFF,stdi8,"ld (0x390d),0x00",6
UNI_ASSEMBLES_DIFF,stdi8,"ld (0x3950),0x82",6
UNI_ASSEMBLES_DIFF,stdi8,"ld (0x3950),0x83",6
UNI_ASSEMBLES_DIFF,stb_d8,"ld (0x3990),A",6
UNI_ASSEMBLES_DIFF,stb_d8,"ld (0x39b7),A",6
UNI_ASSEMBLES_DIFF,stb_d8,"ld (0x39ba),A",6
UNI_ASSEMBLES_DIFF,stdi8,"ld (0x3a77),0x03",6
UNI_ASSEMBLES_DIFF,stdi8,"ld (0x3a7e),0x00",6
UNI_ASSEMBLES_DIFF,stda16,"ld (0x3c68),WA",6
UNI_ASSEMBLES_DIFF,stda16,"ld (0x3d04),BC",6
UNI_ASSEMBLES_DIFF,stda32,"ld (0x3d60),XWA",6
UNI_ASSEMBLES_DIFF,stdi8,"ld (0x48d6),0x00",6
UNI_ASSEMBLES_DIFF,stb_d8,"ld (0x7dfc),A",6
UNI_ASSEMBLES_DIFF,stda16,"ld (0x7dfe),WA",6
UNI_ASSEMBLES_DIFF,stda16,"ld (0x7e28),WA",6
UNI_ASSEMBLES_DIFF,stda16,"ld (0x7e2a),WA",6
UNI_ASSEMBLES_DIFF,stda16,"ld (0x7e3c),WA",6
UNI_ASSEMBLES_DIFF,stda16,"ld (0x7e3e),WA",6
UNI_ASSEMBLES_DIFF,stb_d8,"ld (0x7e40),W",6
UNI_ASSEMBLES_DIFF,stb_d8,"ld (0x7e6f),A",6
UNI_ASSEMBLES_DIFF,stdi8,"ld (0x7ea6),0x0f",6
UNI_ASSEMBLES_DIFF,stdi8,"ld (0x7f42),0x14",6
UNI_ASSEMBLES_DIFF,stda16,"ld (0x83de),IZ",6
UNI_ASSEMBLES_DIFF,stdi8,"ld (0x843c),0x00",6
UNI_ASSEMBLES_DIFF,stdi8,"ld (0x8870),0x00",6
UNI_ASSEMBLES_DIFF,stdi8,"ld (0x8920),0x00",6
UNI_ASSEMBLES_DIFF,stb_d8,"ld (0x8920),A",6
UNI_ASSEMBLES_DIFF,stdi8,"ld (0x8924),0x00",6
UNI_ASSEMBLES_DIFF,stdi8,"ld (0x8924),0x01",6
UNI_ASSEMBLES_DIFF,stdi8,"ld (0x893c),0x00",6
UNI_ASSEMBLES_DIFF,stb_d8,"ld (0x89fc),C",6
UNI_ASSEMBLES_DIFF,stb_d8,"ld (0x89fe),C",6
UNI_ASSEMBLES_DIFF,stb_d8,"ld (0x8a02),C",6
UNI_ASSEMBLES_DIFF,stb_d8,"ld (0x8a06),C",6
UNI_ASSEMBLES_DIFF,stdi8,"ld (0x8a2d),0x01",6
UNI_ASSEMBLES_DIFF,stdi8,"ld (0x8a35),0x01",6
UNI_ASSEMBLES_DIFF,stda16,"ld (0x8a4a),WA",6
UNI_ASSEMBLES_DIFF,stdi8,"ld (0x8a6c),0x00",6
UNI_ASSEMBLES_DIFF,stdi8,"ld (0x8cb0),0x00",6
UNI_ASSEMBLES_DIFF,stdi8,"ld (0x8cb0),0x7f",6
UNI_ASSEMBLES_DIFF,stdi8,"ld (0x8d44),0x00",6
UNI_ASSEMBLES_DIFF,stdi8,"ld (0x8d4c),0x01",6
UNI_ASSEMBLES_DIFF,stdi8,"ld (0x8d4c),0x02",6
UNI_ASSEMBLES_DIFF,stdi8,"ld (0x8d4c),0x03",6
UNI_ASSEMBLES_DIFF,stdi8,"ld (0x8d4c),0x0f",6
UNI_ASSEMBLES_DIFF,stdi8,"ld (0x8d4c),0xff",6
UNI_ASSEMBLES_DIFF,stdi8,"ld (0x8d4e),0x00",6
UNI_ASSEMBLES_DIFF,stb_d8,"ld (0x8d54),L",6
UNI_ASSEMBLES_DIFF,stb_d8,"ld (0x8d7c),A",6
UNI_ASSEMBLES_DIFF,stdi8,"ld (0x8d8a),0x00",6
UNI_ASSEMBLES_DIFF,stdi8,"ld (0x8d8a),0x04",6
UNI_ASSEMBLES_DIFF,stda16,"ld (0x8d9b),WA",6
UNI_ASSEMBLES_DIFF,stda16,"ld (0x8dff),IY",6
UNI_ASSEMBLES_DIFF,stdi8,"ld (0x908c),0x01",6
UNI_ASSEMBLES_DIFF,stb_d8,"ld (0x908d),A",6
UNI_ASSEMBLES_DIFF,stda16,"ld (0x908d),DE",6
UNI_ASSEMBLES_DIFF,stda16,"ld (0x90e2),HL",6
UNI_ASSEMBLES_DIFF,stda16,"ld (0x90ea),WA",6
UNI_ASSEMBLES_DIFF,stda32,"ld (0x90f2),XWA",6
UNI_ASSEMBLES_DIFF,stda32,"ld (0x9125),XIX",6
UNI_ASSEMBLES_DIFF,stb_d8,"ld (0x9132),C",6
UNI_ASSEMBLES_DIFF,stb_d8,"ld (0x9132),E",6
UNI_ASSEMBLES_DIFF,stdi8,"ld (0x9153),0x01",6
UNI_ASSEMBLES_DIFF,stdi8,"ld (0x9155),0x00",6
UNI_ASSEMBLES_DIFF,stdi8,"ld (0x9181),0x7f",6
UNI_ASSEMBLES_DIFF,stdi8,"ld (0x91b5),0xff",6
UNI_ASSEMBLES_DIFF,stda16,"ld (0x91bd),WA",6
UNI_ASSEMBLES_DIFF,stda16,"ld (0x91bf),WA",6
UNI_ASSEMBLES_DIFF,stda16,"ld (0x91c5),WA",6
UNI_ASSEMBLES_DIFF,stdi8,"ld (0x91ca),0x04",6
UNI_ASSEMBLES_DIFF,stda16,"ld (0x963c),WA",6
UNI_ASSEMBLES_DIFF,stda16,"ld (0x963f),DE",6
UNI_ASSEMBLES_DIFF,stb_d8,"ld (0xb7ec),A",6
UNI_ASSEMBLES_DIFF,stdi8,"ld (0xbd18),0x00",6
UNI_ASSEMBLES_DIFF,stdi8,"ld (0xbd1e),0x00",6
UNI_ASSEMBLES_DIFF,stdi8,"ld (0xbd3c),0xff",6
UNI_ASSEMBLES_DIFF,stdi8,"ld (0xbf39),0xff",6
UNI_ASSEMBLES_DIFF,stdi8,"ld (0xc039),0xff",6
UNI_ASSEMBLES_DIFF,stdi8,"ld (0xc07e),0x04",6
UNI_ASSEMBLES_DIFF,stb_d8,"ld (0xc07e),A",6
UNI_ASSEMBLES_DIFF,stb_d8,"ld (0xc07e),W",6
UNI_ASSEMBLES_DIFF,stda32,"ld (0xc081),XIY",6
UNI_ASSEMBLES_DIFF,stda32,"ld (0xc085),XIY",6
UNI_ASSEMBLES_DIFF,stda32,"ld (0xc089),XIY",6
UNI_ASSEMBLES_DIFF,stda16,"ld (0xc1ee),BC",6
UNI_ASSEMBLES_DIFF,stb_d8,"ld (0xc1ff),C",6
UNI_ASSEMBLES_DIFF,stdi8,"ld (0xc201),0xff",6
UNI_ASSEMBLES_DIFF,stdi8,"ld (0xc217),0xff",6
UNI_ASSEMBLES_DIFF,stdi8,"ld (0xc2bb),0x16",6
UNI_ASSEMBLES_DIFF,stdi8,"ld (0xc5a0),0x10",6
UNI_ASSEMBLES_DIFF,stdi8,"ld (0xc5a0),0x1f",6
UNI_ASSEMBLES_DIFF,stdi8,"ld (0xe318),0x10",6
UNI_ASSEMBLES_DIFF,stdi8,"ld (0xe3dc),0xee",6
UNI_ASSEMBLES_DIFF,stdi8,"ld (0xe3de),0x40",6
UNI_ASSEMBLES_DIFF,stda16,"ld (0xf19e),IZ",6
UNI_ASSEMBLES_DIFF,stda16,"ld (0xf1ce),IZ",6
UNI_ASSEMBLES_DIFF,stdi8,"ld (0xf1d3),0x10",6
UNI_ASSEMBLES_DIFF,stdi8,"ld (0xf1d4),0x01",6
UNI_ASSEMBLES_DIFF,stdi8,"ld (0xf1d4),0x10",6
UNI_ASSEMBLES_DIFF,stb_d8,"ld (0xf1d5),A",6
UNI_ASSEMBLES_DIFF,stda16,"ld (0xf1d9),WA",6
UNI_ASSEMBLES_DIFF,stda16,"ld (0xf1de),WA",6
UNI_ASSEMBLES_DIFF,stb_d8,"ld (0xf1e0),A",6
UNI_ASSEMBLES_DIFF,stb_d8,"ld (0xf1e1),A",6
UNI_ASSEMBLES_DIFF,stda16,"ld (0xf1e4),WA",6
UNI_ASSEMBLES_DIFF,stb_d8,"ld (0xf1e6),A",6
UNI_ASSEMBLES_DIFF,stda16,"ld (0xf1e7),WA",6
UNI_ASSEMBLES_DIFF,stb_d8,"ld (0xf1e9),A",6
UNI_ASSEMBLES_DIFF,stda16,"ld (0xf1ec),WA",6
UNI_ASSEMBLES_DIFF,stb_d8,"ld (0xf1ee),A",6
UNI_ASSEMBLES_DIFF,stda16,"ld (0xf1ef),WA",6
UNI_ASSEMBLES_DIFF,stb_d8,"ld (0xf1f6),A",6
UNI_ASSEMBLES_DIFF,stb_d8,"ld (0xf22e),A",6
UNI_ASSEMBLES_DIFF,stda16,"ld (0xf231),BC",6
UNI_ASSEMBLES_DIFF,stb_d8,"ld (0xfd62),A",6
UNI_ASSEMBLES_DIFF,stb_d8,"ld (0xfd63),W",6
UNI_ASSEMBLES_DIFF,stb_d8,"ld (0xfd66),W",6
UNI_ASSEMBLES_DIFF,stb_d8,"ld (0xfd6f),A",6
UNI_ASSEMBLES_DIFF,ldb_d8,"ld A,(0x0402)",6
UNI_ASSEMBLES_DIFF,ldb_d8,"ld A,(0x042a)",6
UNI_ASSEMBLES_DIFF,ldb_d8,"ld A,(0x042c)",6
UNI_ASSEMBLES_DIFF,ldb_d8,"ld A,(0x042e)",6
UNI_ASSEMBLES_DIFF,ldb_d8,"ld A,(0x0437)",6
UNI_ASSEMBLES_DIFF,ldb_d8,"ld A,(0x0654)",6
UNI_ASSEMBLES_DIFF,ldb_d8,"ld A,(0x0660)",6
UNI_ASSEMBLES_DIFF,ldb_d8,"ld A,(0x068d)",6
UNI_ASSEMBLES_DIFF,ldb_d8,"ld A,(0x068e)",6
UNI_ASSEMBLES_DIFF,ldb_d8,"ld A,(0x068f)",6
UNI_ASSEMBLES_DIFF,ldb_d8,"ld A,(0x0cee)",6
UNI_ASSEMBLES_DIFF,ldb_d8,"ld A,(0x0d2f)",6
UNI_ASSEMBLES_DIFF,ldb_d8,"ld A,(0x0d44)",6
UNI_ASSEMBLES_DIFF,ldb_d8,"ld A,(0x0d4a)",6
UNI_ASSEMBLES_DIFF,ldb_d8,"ld A,(0x0de6)",6
UNI_ASSEMBLES_DIFF,ldb_d8,"ld A,(0x0def)",6
UNI_ASSEMBLES_DIFF,ldb_d8,"ld A,(0x0df7)",6
UNI_ASSEMBLES_DIFF,ldb_d8,"ld A,(0x0e0f)",6
UNI_ASSEMBLES_DIFF,ldb_d8,"ld A,(0x0fa8)",6
UNI_ASSEMBLES_DIFF,ldb_d8,"ld A,(0x1078)",6
UNI_ASSEMBLES_DIFF,ldb_d8,"ld A,(0x1089)",6
UNI_ASSEMBLES_DIFF,ldb_d8,"ld A,(0x108b)",6
UNI_ASSEMBLES_DIFF,ldb_d8,"ld A,(0x112b)",6
UNI_ASSEMBLES_DIFF,ldb_d8,"ld A,(0x1158)",6
UNI_ASSEMBLES_DIFF,ldb_d8,"ld A,(0x116f)",6
UNI_ASSEMBLES_DIFF,ldb_d8,"ld A,(0x119d)",6
UNI_ASSEMBLES_DIFF,ldb_d8,"ld A,(0x1db2)",6
UNI_ASSEMBLES_DIFF,ldb_d8,"ld A,(0x2302)",6
UNI_ASSEMBLES_DIFF,ldb_d8,"ld A,(0x2304)",6
UNI_ASSEMBLES_DIFF,ldb_d8,"ld A,(0x2306)",6
UNI_ASSEMBLES_DIFF,ldb_d8,"ld A,(0x2332)",6
UNI_ASSEMBLES_DIFF,ldb_d8,"ld A,(0x25a6)",6
UNI_ASSEMBLES_DIFF,ldb_d8,"ld A,(0x25ae)",6
UNI_ASSEMBLES_DIFF,ldb_d8,"ld A,(0x25fe)",6
UNI_ASSEMBLES_DIFF,ldb_d8,"ld A,(0x2622)",6
UNI_ASSEMBLES_DIFF,ldb_d8,"ld A,(0x2650)",6
UNI_ASSEMBLES_DIFF,ldb_d8,"ld A,(0x2666)",6
UNI_ASSEMBLES_DIFF,ldb_d8,"ld A,(0x270c)",6
UNI_ASSEMBLES_DIFF,ldb_d8,"ld A,(0x271c)",6
UNI_ASSEMBLES_DIFF,ldb_d8,"ld A,(0x2760)",6
UNI_ASSEMBLES_DIFF,ldb_d8,"ld A,(0x279e)",6
UNI_ASSEMBLES_DIFF,ldb_d8,"ld A,(0x27de)",6
UNI_ASSEMBLES_DIFF,ldb_d8,"ld A,(0x286c)",6
UNI_ASSEMBLES_DIFF,ldb_d8,"ld A,(0x287c)",6
UNI_ASSEMBLES_DIFF,ldb_d8,"ld A,(0x295f)",6
UNI_ASSEMBLES_DIFF,ldb_d8,"ld A,(0x323d)",6
UNI_ASSEMBLES_DIFF,ldb_d8,"ld A,(0x326e)",6
UNI_ASSEMBLES_DIFF,ldb_d8,"ld A,(0x327a)",6
UNI_ASSEMBLES_DIFF,ldb_d8,"ld A,(0x3280)",6
UNI_ASSEMBLES_DIFF,ldb_d8,"ld A,(0x32a8)",6
UNI_ASSEMBLES_DIFF,ldb_d8,"ld A,(0x32b3)",6
UNI_ASSEMBLES_DIFF,ldb_d8,"ld A,(0x32c3)",6
UNI_ASSEMBLES_DIFF,ldb_d8,"ld A,(0x32c4)",6
UNI_ASSEMBLES_DIFF,ldb_d8,"ld A,(0x32c5)",6
UNI_ASSEMBLES_DIFF,ldb_d8,"ld A,(0x32c6)",6
UNI_ASSEMBLES_DIFF,ldb_d8,"ld A,(0x32c7)",6
UNI_ASSEMBLES_DIFF,ldb_d8,"ld A,(0x3317)",6
UNI_ASSEMBLES_DIFF,ldb_d8,"ld A,(0x3318)",6
UNI_ASSEMBLES_DIFF,ldb_d8,"ld A,(0x3335)",6
UNI_ASSEMBLES_DIFF,ldb_d8,"ld A,(0x3336)",6
UNI_ASSEMBLES_DIFF,ldb_d8,"ld A,(0x333e)",6
UNI_ASSEMBLES_DIFF,ldb_d8,"ld A,(0x3365)",6
UNI_ASSEMBLES_DIFF,ldb_d8,"ld A,(0x3367)",6
UNI_ASSEMBLES_DIFF,ldb_d8,"ld A,(0x3369)",6
UNI_ASSEMBLES_DIFF,ldb_d8,"ld A,(0x336b)",6
UNI_ASSEMBLES_DIFF,ldb_d8,"ld A,(0x3386)",6
UNI_ASSEMBLES_DIFF,ldb_d8,"ld A,(0x3392)",6
UNI_ASSEMBLES_DIFF,ldb_d8,"ld A,(0x3399)",6
UNI_ASSEMBLES_DIFF,ldb_d8,"ld A,(0x33ee)",6
UNI_ASSEMBLES_DIFF,ldb_d8,"ld A,(0x33ef)",6
UNI_ASSEMBLES_DIFF,ldb_d8,"ld A,(0x33f0)",6
UNI_ASSEMBLES_DIFF,ldb_d8,"ld A,(0x33f1)",6
UNI_ASSEMBLES_DIFF,ldb_d8,"ld A,(0x342a)",6
UNI_ASSEMBLES_DIFF,ldb_d8,"ld A,(0x3460)",6
UNI_ASSEMBLES_DIFF,ldb_d8,"ld A,(0x347a)",6
UNI_ASSEMBLES_DIFF,ldb_d8,"ld A,(0x349e)",6
UNI_ASSEMBLES_DIFF,ldb_d8,"ld A,(0x34ae)",6
UNI_ASSEMBLES_DIFF,ldb_d8,"ld A,(0x34cd)",6
UNI_ASSEMBLES_DIFF,ldb_d8,"ld A,(0x34ee)",6
UNI_ASSEMBLES_DIFF,ldb_d8,"ld A,(0x34ef)",6
UNI_ASSEMBLES_DIFF,ldb_d8,"ld A,(0x34fb)",6
UNI_ASSEMBLES_DIFF,ldb_d8,"ld A,(0x3558)",6
UNI_ASSEMBLES_DIFF,ldb_d8,"ld A,(0x35fc)",6
UNI_ASSEMBLES_DIFF,ldb_d8,"ld A,(0x36eb)",6
UNI_ASSEMBLES_DIFF,ldb_d8,"ld A,(0x36ec)",6
UNI_ASSEMBLES_DIFF,ldb_d8,"ld A,(0x3716)",6
UNI_ASSEMBLES_DIFF,ldb_d8,"ld A,(0x3717)",6
UNI_ASSEMBLES_DIFF,ldb_d8,"ld A,(0x38d1)",6
UNI_ASSEMBLES_DIFF,ldb_d8,"ld A,(0x38f3)",6
UNI_ASSEMBLES_DIFF,ldb_d8,"ld A,(0x3986)",6
UNI_ASSEMBLES_DIFF,ldb_d8,"ld A,(0x3990)",6
UNI_ASSEMBLES_DIFF,ldb_d8,"ld A,(0x3991)",6
UNI_ASSEMBLES_DIFF,ldb_d8,"ld A,(0x3992)",6
UNI_ASSEMBLES_DIFF,ldb_d8,"ld A,(0x3993)",6
UNI_ASSEMBLES_DIFF,ldb_d8,"ld A,(0x3994)",6
UNI_ASSEMBLES_DIFF,ldb_d8,"ld A,(0x3995)",6
UNI_ASSEMBLES_DIFF,ldb_d8,"ld A,(0x39aa)",6
UNI_ASSEMBLES_DIFF,ldb_d8,"ld A,(0x3d06)",6
UNI_ASSEMBLES_DIFF,ld_sd8b,"ld A,(0x40)",6
UNI_ASSEMBLES_DIFF,ldb_d8,"ld A,(0x4371)",6
UNI_ASSEMBLES_DIFF,ldb_d8,"ld A,(0x7dbb)",6
UNI_ASSEMBLES_DIFF,ldb_d8,"ld A,(0x7e1e)",6
UNI_ASSEMBLES_DIFF,ldb_d8,"ld A,(0x7e59)",6
UNI_ASSEMBLES_DIFF,ldb_d8,"ld A,(0x7e6f)",6
UNI_ASSEMBLES_DIFF,ldb_d8,"ld A,(0x7f0b)",6
UNI_ASSEMBLES_DIFF,ldb_d8,"ld A,(0x889a)",6
UNI_ASSEMBLES_DIFF,ldb_d8,"ld A,(0x88ac)",6
UNI_ASSEMBLES_DIFF,ldb_d8,"ld A,(0x8920)",6
UNI_ASSEMBLES_DIFF,ldb_d8,"ld A,(0x8a00)",6
UNI_ASSEMBLES_DIFF,ldb_d8,"ld A,(0x8a04)",6
UNI_ASSEMBLES_DIFF,ldb_d8,"ld A,(0x8a24)",6
UNI_ASSEMBLES_DIFF,ldb_d8,"ld A,(0x8a2d)",6
UNI_ASSEMBLES_DIFF,ldb_d8,"ld A,(0x8c9b)",6
UNI_ASSEMBLES_DIFF,ldb_d8,"ld A,(0x8d82)",6
UNI_ASSEMBLES_DIFF,ldb_d8,"ld A,(0x90eb)",6
UNI_ASSEMBLES_DIFF,ldb_d8,"ld A,(0x90f8)",6
UNI_ASSEMBLES_DIFF,ldb_d8,"ld A,(0x90f9)",6
UNI_ASSEMBLES_DIFF,ldb_d8,"ld A,(0x9128)",6
UNI_ASSEMBLES_DIFF,ldb_d8,"ld A,(0x912a)",6
UNI_ASSEMBLES_DIFF,ldb_d8,"ld A,(0x915b)",6
UNI_ASSEMBLES_DIFF,ldb_d8,"ld A,(0x915e)",6
UNI_ASSEMBLES_DIFF,ldb_d8,"ld A,(0x959a)",6
UNI_ASSEMBLES_DIFF,ldb_d8,"ld A,(0xb750)",6
UNI_ASSEMBLES_DIFF,ldb_d8,"ld A,(0xbd0c)",6
UNI_ASSEMBLES_DIFF,ldb_d8,"ld A,(0xbd36)",6
UNI_ASSEMBLES_DIFF,ldb_d8,"ld A,(0xc1e4)",6
UNI_ASSEMBLES_DIFF,ldb_d8,"ld A,(0xc1fe)",6
UNI_ASSEMBLES_DIFF,ldb_d8,"ld A,(0xc2b4)",6
UNI_ASSEMBLES_DIFF,ldb_d8,"ld A,(0xc2ce)",6
UNI_ASSEMBLES_DIFF,ldb_d8,"ld A,(0xc365)",6
UNI_ASSEMBLES_DIFF,ldb_d8,"ld A,(0xcc1f)",6
UNI_ASSEMBLES_DIFF,ldb_d8,"ld A,(0xcee5)",6
UNI_ASSEMBLES_DIFF,ld_sd8b,"ld A,(0xd4)",6
UNI_ASSEMBLES_DIFF,ldb_d8,"ld A,(0xe3dc)",6
UNI_ASSEMBLES_DIFF,ldb_d8,"ld A,(0xe9e4)",6
UNI_ASSEMBLES_DIFF,ldb_d8,"ld A,(0xf1d6)",6
UNI_ASSEMBLES_DIFF,ldb_d8,"ld A,(0xf1db)",6
UNI_ASSEMBLES_DIFF,ldb_d8,"ld A,(0xf1f1)",6
UNI_ASSEMBLES_DIFF,ldb_d8,"ld A,(0xf228)",6
UNI_ASSEMBLES_DIFF,ldb_d8,"ld A,(0xf22e)",6
UNI_ASSEMBLES_DIFF,ldb_d8,"ld A,(0xf9c3)",6
UNI_ASSEMBLES_DIFF,ldb_d8,"ld A,(0xf9f7)",6
UNI_ASSEMBLES_DIFF,ldb_d8,"ld A,(0xfa2b)",6
UNI_ASSEMBLES_DIFF,ldb_d8,"ld A,(0xfa5f)",6
UNI_ASSEMBLES_DIFF,ldb_d8,"ld A,(0xfa93)",6
UNI_ASSEMBLES_DIFF,ldb_d8,"ld A,(0xfac7)",6
UNI_ASSEMBLES_DIFF,ldb_d8,"ld A,(0xfafb)",6
UNI_ASSEMBLES_DIFF,ldb_d8,"ld A,(0xfb2f)",6
UNI_ASSEMBLES_DIFF,ldb_d8,"ld A,(0xfb63)",6
UNI_ASSEMBLES_DIFF,ldb_d8,"ld A,(0xfb97)",6
UNI_ASSEMBLES_DIFF,ldb_d8,"ld A,(0xfbbe)",6
UNI_ASSEMBLES_DIFF,ldb_d8,"ld A,(0xfbcb)",6
UNI_ASSEMBLES_DIFF,ldb_d8,"ld A,(0xfbff)",6
UNI_ASSEMBLES_DIFF,ldb_d8,"ld A,(0xfd6a)",6
UNI_ASSEMBLES_DIFF,ldb_d8,"ld A,(0xfd6f)",6
UNI_ASSEMBLES_DIFF,ldb_d8,"ld B,(0x915b)",6
UNI_ASSEMBLES_DIFF,ldw_d16,"ld BC,(0x0c98)",6
UNI_ASSEMBLES_DIFF,ldw_d16,"ld BC,(0x1077)",6
UNI_ASSEMBLES_DIFF,ldw_d16,"ld BC,(0x14ff)",6
UNI_ASSEMBLES_DIFF,ldw_d16,"ld BC,(0x207c)",6
UNI_ASSEMBLES_DIFF,ldw_d16,"ld BC,(0x20b8)",6
UNI_ASSEMBLES_DIFF,ldw_d16,"ld BC,(0x2326)",6
UNI_ASSEMBLES_DIFF,ldw_d16,"ld BC,(0x2594)",6
UNI_ASSEMBLES_DIFF,ldw_d16,"ld BC,(0x25a0)",6
UNI_ASSEMBLES_DIFF,ldw_d16,"ld BC,(0x25ac)",6
UNI_ASSEMBLES_DIFF,ldw_d16,"ld BC,(0x25b8)",6
UNI_ASSEMBLES_DIFF,ldw_d16,"ld BC,(0x26ca)",6
UNI_ASSEMBLES_DIFF,ldw_d16,"ld BC,(0x26f7)",6
UNI_ASSEMBLES_DIFF,ldw_d16,"ld BC,(0x2720)",6
UNI_ASSEMBLES_DIFF,ldw_d16,"ld BC,(0x2730)",6
UNI_ASSEMBLES_DIFF,ldw_d16,"ld BC,(0x275e)",6
UNI_ASSEMBLES_DIFF,ldw_d16,"ld BC,(0x2772)",6
UNI_ASSEMBLES_DIFF,ldw_d16,"ld BC,(0x2782)",6
UNI_ASSEMBLES_DIFF,ldw_d16,"ld BC,(0x2792)",6
UNI_ASSEMBLES_DIFF,ldw_d16,"ld BC,(0x2875)",6
UNI_ASSEMBLES_DIFF,ldw_d16,"ld BC,(0x287d)",6
UNI_ASSEMBLES_DIFF,ldw_d16,"ld BC,(0x28bc)",6
UNI_ASSEMBLES_DIFF,ldw_d16,"ld BC,(0x31e1)",6
UNI_ASSEMBLES_DIFF,ldw_d16,"ld BC,(0x35b8)",6
UNI_ASSEMBLES_DIFF,ldw_d16,"ld BC,(0x360a)",6
UNI_ASSEMBLES_DIFF,ldw_d16,"ld BC,(0x398a)",6
UNI_ASSEMBLES_DIFF,ldw_d16,"ld BC,(0x81b4)",6
UNI_ASSEMBLES_DIFF,ldw_d16,"ld BC,(0x90bf)",6
UNI_ASSEMBLES_DIFF,ldb_d8,"ld C,(0x0670)",6
UNI_ASSEMBLES_DIFF,ldb_d8,"ld C,(0x08e8)",6
UNI_ASSEMBLES_DIFF,ldb_d8,"ld C,(0x0c6a)",6
UNI_ASSEMBLES_DIFF,ldb_d8,"ld C,(0x0ce0)",6
UNI_ASSEMBLES_DIFF,ldb_d8,"ld C,(0x0e40)",6
UNI_ASSEMBLES_DIFF,ldb_d8,"ld C,(0x21e7)",6
UNI_ASSEMBLES_DIFF,ldb_d8,"ld C,(0x2322)",6
UNI_ASSEMBLES_DIFF,ldb_d8,"ld C,(0x2638)",6
UNI_ASSEMBLES_DIFF,ldb_d8,"ld C,(0x2682)",6
UNI_ASSEMBLES_DIFF,ldb_d8,"ld C,(0x2684)",6
UNI_ASSEMBLES_DIFF,ldb_d8,"ld C,(0x270e)",6
UNI_ASSEMBLES_DIFF,ldb_d8,"ld C,(0x2765)",6
UNI_ASSEMBLES_DIFF,ldb_d8,"ld C,(0x2774)",6
UNI_ASSEMBLES_DIFF,ldb_d8,"ld C,(0x2791)",6
UNI_ASSEMBLES_DIFF,ldb_d8,"ld C,(0x289d)",6
UNI_ASSEMBLES_DIFF,ldb_d8,"ld C,(0x34d9)",6
UNI_ASSEMBLES_DIFF,ldb_d8,"ld C,(0x373e)",6
UNI_ASSEMBLES_DIFF,ldb_d8,"ld C,(0x39b7)",6
UNI_ASSEMBLES_DIFF,ldb_d8,"ld C,(0x8a02)",6
UNI_ASSEMBLES_DIFF,ldb_d8,"ld C,(0x8d34)",6
UNI_ASSEMBLES_DIFF,ldb_d8,"ld C,(0x8d3a)",6
UNI_ASSEMBLES_DIFF,ldb_d8,"ld C,(0x8ee4)",6
UNI_ASSEMBLES_DIFF,ldb_d8,"ld C,(0x915b)",6
UNI_ASSEMBLES_DIFF,ldb_d8,"ld D,(0x28c5)",6
UNI_ASSEMBLES_DIFF,ldb_d8,"ld D,(0x964e)",6
UNI_ASSEMBLES_DIFF,ldw_d16,"ld DE,(0x041c)",6
UNI_ASSEMBLES_DIFF,ldw_d16,"ld DE,(0x0ccc)",6
UNI_ASSEMBLES_DIFF,ldw_d16,"ld DE,(0x1108)",6
UNI_ASSEMBLES_DIFF,ldw_d16,"ld DE,(0x258e)",6
UNI_ASSEMBLES_DIFF,ldw_d16,"ld DE,(0x2668)",6
UNI_ASSEMBLES_DIFF,ldw_d16,"ld DE,(0x3012)",6
UNI_ASSEMBLES_DIFF,ldw_d16,"ld DE,(0x345c)",6
UNI_ASSEMBLES_DIFF,ldw_d16,"ld DE,(0x3598)",6
UNI_ASSEMBLES_DIFF,ldw_d16,"ld DE,(0x359a)",6
UNI_ASSEMBLES_DIFF,ldw_d16,"ld DE,(0x359c)",6
UNI_ASSEMBLES_DIFF,ldw_d16,"ld DE,(0x359e)",6
UNI_ASSEMBLES_DIFF,ldw_d16,"ld DE,(0x35a0)",6
UNI_ASSEMBLES_DIFF,ldw_d16,"ld DE,(0x3c68)",6
UNI_ASSEMBLES_DIFF,ldw_d16,"ld DE,(0x90c1)",6
UNI_ASSEMBLES_DIFF,ldw_d16,"ld DE,(0x90ee)",6
UNI_ASSEMBLES_DIFF,ldb_d8,"ld E,(0x0c6c)",6
UNI_ASSEMBLES_DIFF,ldb_d8,"ld E,(0x2332)",6
UNI_ASSEMBLES_DIFF,ldb_d8,"ld E,(0x2602)",6
UNI_ASSEMBLES_DIFF,ldb_d8,"ld E,(0x260c)",6
UNI_ASSEMBLES_DIFF,ldb_d8,"ld E,(0x2708)",6
UNI_ASSEMBLES_DIFF,ldb_d8,"ld E,(0x2774)",6
UNI_ASSEMBLES_DIFF,ldb_d8,"ld E,(0x34cd)",6
UNI_ASSEMBLES_DIFF,ldb_d8,"ld E,(0x8d34)",6
UNI_ASSEMBLES_DIFF,ldb_d8,"ld E,(0x8d38)",6
UNI_ASSEMBLES_DIFF,ldb_d8,"ld E,(0x91b9)",6
UNI_ASSEMBLES_DIFF,ldb_d8,"ld E,(0x9635)",6
UNI_ASSEMBLES_DIFF,ldb_d8,"ld E,(0xc07f)",6
UNI_ASSEMBLES_DIFF,ldb_d8,"ld E,(0xc080)",6
UNI_ASSEMBLES_DIFF,ldb_d8,"ld H,(0x1073)",6
UNI_ASSEMBLES_DIFF,ldb_d8,"ld H,(0x1a5b)",6
UNI_ASSEMBLES_DIFF,ldb_d8,"ld H,(0x20ba)",6
UNI_ASSEMBLES_DIFF,ldb_d8,"ld H,(0x34d6)",6
UNI_ASSEMBLES_DIFF,ldb_d8,"ld H,(0x34ee)",6
UNI_ASSEMBLES_DIFF,ldw_d16,"ld HL,(0x041c)",6
UNI_ASSEMBLES_DIFF,ldw_d16,"ld HL,(0x0d30)",6
UNI_ASSEMBLES_DIFF,ldw_d16,"ld HL,(0x0fac)",6
UNI_ASSEMBLES_DIFF,ldw_d16,"ld HL,(0x117a)",6
UNI_ASSEMBLES_DIFF,ldw_d16,"ld HL,(0x1a2b)",6
UNI_ASSEMBLES_DIFF,ldw_d16,"ld HL,(0x2744)",6
UNI_ASSEMBLES_DIFF,ldw_d16,"ld HL,(0x287d)",6
UNI_ASSEMBLES_DIFF,ldw_d16,"ld HL,(0x288b)",6
UNI_ASSEMBLES_DIFF,ldw_d16,"ld HL,(0x289f)",6
UNI_ASSEMBLES_DIFF,ldw_d16,"ld HL,(0x28ba)",6
UNI_ASSEMBLES_DIFF,ldw_d16,"ld HL,(0x28bf)",6
UNI_ASSEMBLES_DIFF,ldw_d16,"ld HL,(0x3970)",6
UNI_ASSEMBLES_DIFF,ldw_d16,"ld HL,(0x7f12)",6
UNI_ASSEMBLES_DIFF,ldw_d16,"ld HL,(0x90e2)",6
UNI_ASSEMBLES_DIFF,ldw_d16,"ld IX,(0x0475)",6
UNI_ASSEMBLES_DIFF,ldw_d16,"ld IX,(0x05b7)",6
UNI_ASSEMBLES_DIFF,ldw_d16,"ld IX,(0x1046)",6
UNI_ASSEMBLES_DIFF,ldw_d16,"ld IX,(0x3449)",6
UNI_ASSEMBLES_DIFF,ldw_d16,"ld IX,(0x3d04)",6
UNI_ASSEMBLES_DIFF,ldw_d16,"ld IX,(0x7e0f)",6
UNI_ASSEMBLES_DIFF,ldw_d16,"ld IY,(0x0d00)",6
UNI_ASSEMBLES_DIFF,ldw_d16,"ld IY,(0x1198)",6
UNI_ASSEMBLES_DIFF,ldw_d16,"ld IY,(0x3476)",6
UNI_ASSEMBLES_DIFF,ldw_d16,"ld IY,(0x356a)",6
UNI_ASSEMBLES_DIFF,ldw_d16,"ld IY,(0x356c)",6
UNI_ASSEMBLES_DIFF,ldw_d16,"ld IY,(0x356e)",6
UNI_ASSEMBLES_DIFF,ldw_d16,"ld IY,(0x3570)",6
UNI_ASSEMBLES_DIFF,ldw_d16,"ld IY,(0x3572)",6
UNI_ASSEMBLES_DIFF,ldw_d16,"ld IZ,(0x041c)",6
UNI_ASSEMBLES_DIFF,ldw_d16,"ld IZ,(0x1da2)",6
UNI_ASSEMBLES_DIFF,ldw_d16,"ld IZ,(0x2875)",6
UNI_ASSEMBLES_DIFF,ldw_d16,"ld IZ,(0x288b)",6
UNI_ASSEMBLES_DIFF,ldw_d16,"ld IZ,(0x349a)",6
UNI_ASSEMBLES_DIFF,ldw_d16,"ld IZ,(0x349c)",6
UNI_ASSEMBLES_DIFF,ldw_d16,"ld IZ,(0xf1ce)",6
UNI_ASSEMBLES_DIFF,ldb_d8,"ld L,(0x0433)",6
UNI_ASSEMBLES_DIFF,ldb_d8,"ld L,(0x0d4a)",6
UNI_ASSEMBLES_DIFF,ldb_d8,"ld L,(0x0dc8)",6
UNI_ASSEMBLES_DIFF,ldb_d8,"ld L,(0x1008)",6
UNI_ASSEMBLES_DIFF,ldb_d8,"ld L,(0x106f)",6
UNI_ASSEMBLES_DIFF,ldb_d8,"ld L,(0x1086)",6
UNI_ASSEMBLES_DIFF,ldb_d8,"ld L,(0x10f2)",6
UNI_ASSEMBLES_DIFF,ldb_d8,"ld L,(0x10f3)",6
UNI_ASSEMBLES_DIFF,ldb_d8,"ld L,(0x119d)",6
UNI_ASSEMBLES_DIFF,ldb_d8,"ld L,(0x1a57)",6
UNI_ASSEMBLES_DIFF,ldb_d8,"ld L,(0x1a58)",6
UNI_ASSEMBLES_DIFF,ldb_d8,"ld L,(0x1a5a)",6
UNI_ASSEMBLES_DIFF,ldb_d8,"ld L,(0x2786)",6
UNI_ASSEMBLES_DIFF,ldb_d8,"ld L,(0x287b)",6
UNI_ASSEMBLES_DIFF,ldb_d8,"ld L,(0x323c)",6
UNI_ASSEMBLES_DIFF,ldb_d8,"ld L,(0x349f)",6
UNI_ASSEMBLES_DIFF,ldb_d8,"ld L,(0x3714)",6
UNI_ASSEMBLES_DIFF,ldb_d8,"ld L,(0x390a)",6
UNI_ASSEMBLES_DIFF,ldb_d8,"ld L,(0x39ac)",6
UNI_ASSEMBLES_DIFF,ldb_d8,"ld L,(0x91b8)",6
UNI_ASSEMBLES_DIFF,ldb_d8,"ld L,(0xfbe5)",6
UNI_ASSEMBLES_DIFF,ldb_d8,"ld W,(0x0458)",6
UNI_ASSEMBLES_DIFF,ldb_d8,"ld W,(0x0dcc)",6
UNI_ASSEMBLES_DIFF,ldb_d8,"ld W,(0x11bb)",6
UNI_ASSEMBLES_DIFF,ldb_d8,"ld W,(0x1a59)",6
UNI_ASSEMBLES_DIFF,ldb_d8,"ld W,(0x33db)",6
UNI_ASSEMBLES_DIFF,ldb_d8,"ld W,(0x34d7)",6
UNI_ASSEMBLES_DIFF,ldb_d8,"ld W,(0x358c)",6
UNI_ASSEMBLES_DIFF,ldb_d8,"ld W,(0x358d)",6
UNI_ASSEMBLES_DIFF,ldb_d8,"ld W,(0x358e)",6
UNI_ASSEMBLES_DIFF,ldb_d8,"ld W,(0x358f)",6
UNI_ASSEMBLES_DIFF,ldb_d8,"ld W,(0x3590)",6
UNI_ASSEMBLES_DIFF,ldb_d8,"ld W,(0x91c7)",6
UNI_ASSEMBLES_DIFF,ldb_d8,"ld W,(0x964e)",6
UNI_ASSEMBLES_DIFF,ldb_d8,"ld W,(0xfbbf)",6
UNI_ASSEMBLES_DIFF,ldw_d16,"ld WA,(0x0652)",6
UNI_ASSEMBLES_DIFF,ldw_d16,"ld WA,(0x0c22)",6
UNI_ASSEMBLES_DIFF,ldw_d16,"ld WA,(0x0c28)",6
UNI_ASSEMBLES_DIFF,ldw_d16,"ld WA,(0x0c2c)",6
UNI_ASSEMBLES_DIFF,ldw_d16,"ld WA,(0x0c32)",6
UNI_ASSEMBLES_DIFF,ldw_d16,"ld WA,(0x0c5d)",6
UNI_ASSEMBLES_DIFF,ldw_d16,"ld WA,(0x0cae)",6
UNI_ASSEMBLES_DIFF,ldw_d16,"ld WA,(0x0cd0)",6
UNI_ASSEMBLES_DIFF,ldw_d16,"ld WA,(0x0cec)",6
UNI_ASSEMBLES_DIFF,ldw_d16,"ld WA,(0x0dd8)",6
UNI_ASSEMBLES_DIFF,ldw_d16,"ld WA,(0x0dde)",6
UNI_ASSEMBLES_DIFF,ldw_d16,"ld WA,(0x0dea)",6
UNI_ASSEMBLES_DIFF,ldw_d16,"ld WA,(0x0f6a)",6
UNI_ASSEMBLES_DIFF,ldw_d16,"ld WA,(0x108f)",6
UNI_ASSEMBLES_DIFF,ldw_d16,"ld WA,(0x1bd0)",6
UNI_ASSEMBLES_DIFF,ldw_d16,"ld WA,(0x1da4)",6
UNI_ASSEMBLES_DIFF,ldw_d16,"ld WA,(0x2328)",6
UNI_ASSEMBLES_DIFF,ldw_d16,"ld WA,(0x2330)",6
UNI_ASSEMBLES_DIFF,ldw_d16,"ld WA,(0x23c0)",6
UNI_ASSEMBLES_DIFF,ldw_d16,"ld WA,(0x2522)",6
UNI_ASSEMBLES_DIFF,ldw_d16,"ld WA,(0x2594)",6
UNI_ASSEMBLES_DIFF,ldw_d16,"ld WA,(0x25a0)",6
UNI_ASSEMBLES_DIFF,ldw_d16,"ld WA,(0x25b0)",6
UNI_ASSEMBLES_DIFF,ldw_d16,"ld WA,(0x25c4)",6
UNI_ASSEMBLES_DIFF,ldw_d16,"ld WA,(0x265e)",6
UNI_ASSEMBLES_DIFF,ldw_d16,"ld WA,(0x268e)",6
UNI_ASSEMBLES_DIFF,ldw_d16,"ld WA,(0x2690)",6
UNI_ASSEMBLES_DIFF,ldw_d16,"ld WA,(0x26a2)",6
UNI_ASSEMBLES_DIFF,ldw_d16,"ld WA,(0x26a4)",6
UNI_ASSEMBLES_DIFF,ldw_d16,"ld WA,(0x26a8)",6
UNI_ASSEMBLES_DIFF,ldw_d16,"ld WA,(0x26cc)",6
UNI_ASSEMBLES_DIFF,ldw_d16,"ld WA,(0x2727)",6
UNI_ASSEMBLES_DIFF,ldw_d16,"ld WA,(0x275e)",6
UNI_ASSEMBLES_DIFF,ldw_d16,"ld WA,(0x27a0)",6
UNI_ASSEMBLES_DIFF,ldw_d16,"ld WA,(0x27e8)",6
UNI_ASSEMBLES_DIFF,ldw_d16,"ld WA,(0x2802)",6
UNI_ASSEMBLES_DIFF,ldw_d16,"ld WA,(0x2804)",6
UNI_ASSEMBLES_DIFF,ldw_d16,"ld WA,(0x280a)",6
UNI_ASSEMBLES_DIFF,ldw_d16,"ld WA,(0x286d)",6
UNI_ASSEMBLES_DIFF,ldw_d16,"ld WA,(0x2893)",6
UNI_ASSEMBLES_DIFF,ldw_d16,"ld WA,(0x29f4)",6
UNI_ASSEMBLES_DIFF,ldw_d16,"ld WA,(0x29f6)",6
UNI_ASSEMBLES_DIFF,ldw_d16,"ld WA,(0x3478)",6
UNI_ASSEMBLES_DIFF,ldw_d16,"ld WA,(0x360a)",6
UNI_ASSEMBLES_DIFF,ldw_d16,"ld WA,(0x378e)",6
UNI_ASSEMBLES_DIFF,ldw_d16,"ld WA,(0x38dc)",6
UNI_ASSEMBLES_DIFF,ldw_d16,"ld WA,(0x38f0)",6
UNI_ASSEMBLES_DIFF,ldw_d16,"ld WA,(0x7e2c)",6
UNI_ASSEMBLES_DIFF,ldw_d16,"ld WA,(0x7e2e)",6
UNI_ASSEMBLES_DIFF,ldw_d16,"ld WA,(0x7e30)",6
UNI_ASSEMBLES_DIFF,ldw_d16,"ld WA,(0x7e32)",6
UNI_ASSEMBLES_DIFF,ldw_d16,"ld WA,(0x81b4)",6
UNI_ASSEMBLES_DIFF,ldw_d16,"ld WA,(0x8504)",6
UNI_ASSEMBLES_DIFF,ldw_d16,"ld WA,(0x8b0a)",6
UNI_ASSEMBLES_DIFF,ldw_d16,"ld WA,(0x8d56)",6
UNI_ASSEMBLES_DIFF,ldw_d16,"ld WA,(0x8f40)",6
UNI_ASSEMBLES_DIFF,ldw_d16,"ld WA,(0x91bd)",6
UNI_ASSEMBLES_DIFF,ldw_d16,"ld WA,(0x91bf)",6
UNI_ASSEMBLES_DIFF,ldw_d16,"ld WA,(0xe3b8)",6
UNI_ASSEMBLES_DIFF,ldw_d16,"ld WA,(0xf1d7)",6
UNI_ASSEMBLES_DIFF,ldw_d16,"ld WA,(0xf1dc)",6
UNI_ASSEMBLES_DIFF,ldw_d16,"ld WA,(0xf23f)",6
UNI_ASSEMBLES_DIFF,ldda32,"ld XBC,(0x1ae3)",6
UNI_ASSEMBLES_DIFF,ldda32,"ld XBC,(0x25da)",6
UNI_ASSEMBLES_DIFF,ldda32,"ld XBC,(0x27e0)",6
UNI_ASSEMBLES_DIFF,ldda32,"ld XBC,(0x90f2)",6
UNI_ASSEMBLES_DIFF,ldda32,"ld XDE,(0x0c7a)",6
UNI_ASSEMBLES_DIFF,ldda32,"ld XDE,(0x0c7e)",6
UNI_ASSEMBLES_DIFF,ldda32,"ld XDE,(0x0c82)",6
UNI_ASSEMBLES_DIFF,ldda32,"ld XDE,(0x267a)",6
UNI_ASSEMBLES_DIFF,ldda32,"ld XDE,(0x33f2)",6
UNI_ASSEMBLES_DIFF,ldda32,"ld XHL,(0x0d14)",6
UNI_ASSEMBLES_DIFF,ldda32,"ld XHL,(0x1a2d)",6
UNI_ASSEMBLES_DIFF,ldda32,"ld XHL,(0x25da)",6
UNI_ASSEMBLES_DIFF,ldda32,"ld XHL,(0x267e)",6
UNI_ASSEMBLES_DIFF,ldda32,"ld XHL,(0x34c8)",6
UNI_ASSEMBLES_DIFF,ldda32,"ld XHL,(0x7db0)",6
UNI_ASSEMBLES_DIFF,ldda32,"ld XHL,(0xe14e)",6
UNI_ASSEMBLES_DIFF,ldda32,"ld XIX,(0x0c72)",6
UNI_ASSEMBLES_DIFF,ldda32,"ld XIX,(0x0c86)",6
UNI_ASSEMBLES_DIFF,ldda32,"ld XIX,(0x0c8a)",6
UNI_ASSEMBLES_DIFF,ldda32,"ld XIX,(0x0c8e)",6
UNI_ASSEMBLES_DIFF,ldda32,"ld XIX,(0x218b)",6
UNI_ASSEMBLES_DIFF,ldda32,"ld XIX,(0x267a)",6
UNI_ASSEMBLES_DIFF,ldda32,"ld XIX,(0x354c)",6
UNI_ASSEMBLES_DIFF,ldda32,"ld XIY,(0x267e)",6
UNI_ASSEMBLES_DIFF,ldda32,"ld XIY,(0x39ae)",6
UNI_ASSEMBLES_DIFF,ldda32,"ld XWA,(0x0622)",6
UNI_ASSEMBLES_DIFF,ldda32,"ld XWA,(0x0c24)",6
UNI_ASSEMBLES_DIFF,ldda32,"ld XWA,(0x1ae3)",6
UNI_ASSEMBLES_DIFF,ldda32,"ld XWA,(0x1d50)",6
UNI_ASSEMBLES_DIFF,ldda32,"ld XWA,(0x2722)",6
UNI_ASSEMBLES_DIFF,ldda32,"ld XWA,(0x27e4)",6
UNI_ASSEMBLES_DIFF,ldda32,"ld XWA,(0x3008)",6
UNI_ASSEMBLES_DIFF,ldda32,"ld XWA,(0x3010)",6
UNI_ASSEMBLES_DIFF,ldda32,"ld XWA,(0x4888)",6
UNI_ASSEMBLES_DIFF,ldda32,"ld XWA,(0x7ed6)",6
UNI_ASSEMBLES_DIFF,ldda32,"ld XWA,(0x7ee0)",6
UNI_ASSEMBLES_DIFF,ldda32,"ld XWA,(0x81ca)",6
UNI_ASSEMBLES_DIFF,ldda32,"ld XWA,(0x81d2)",6
UNI_ASSEMBLES_DIFF,ldda32,"ld XWA,(0x81d8)",6
UNI_ASSEMBLES_DIFF,ldda32,"ld XWA,(0x81e4)",6
UNI_ASSEMBLES_DIFF,ldda32,"ld XWA,(0x81e8)",6
UNI_ASSEMBLES_DIFF,ldda32,"ld XWA,(0x81ec)",6
UNI_ASSEMBLES_DIFF,ldda32,"ld XWA,(0x81fc)",6
UNI_ASSEMBLES_DIFF,ldda32,"ld XWA,(0x83a2)",6
UNI_ASSEMBLES_DIFF,ldda32,"ld XWA,(0x8402)",6
UNI_ASSEMBLES_DIFF,ldda32,"ld XWA,(0xbcb8)",6
UNI_ASSEMBLES_DIFF,ldda32,"ld XWA,(0xbcd4)",6
UNI_ASSEMBLES_DIFF,ldda32,"ld XWA,(0xe9eb)",6
UNI_ASSEMBLES_DIFF,ordi8,"or (0x0d35),0x01",6
UNI_ASSEMBLES_DIFF,ordi8,"or (0x1134),0x01",6
UNI_ASSEMBLES_DIFF,ordi8,"or (0x1134),0x04",6
UNI_ASSEMBLES_DIFF,orddm16,"or (0x2875),BC",6
UNI_ASSEMBLES_DIFF,ordi8,"or (0x28b2),0x04",6
UNI_ASSEMBLES_DIFF,ordi8,"or (0x28b3),0x10",6
UNI_ASSEMBLES_DIFF,ordi8,"or (0x3284),0x08",6
UNI_ASSEMBLES_DIFF,ordi8,"or (0x32f4),0x04",6
UNI_ASSEMBLES_DIFF,ordi8,"or (0x32f4),0x08",6
UNI_ASSEMBLES_DIFF,ordi8,"or (0x330c),0x01",6
UNI_ASSEMBLES_DIFF,ordi8,"or (0x3316),0x3f",6
UNI_ASSEMBLES_DIFF,ordi8,"or (0x3318),0x3f",6
UNI_ASSEMBLES_DIFF,ordi8,"or (0x3326),0x3f",6
UNI_ASSEMBLES_DIFF,orddm8,"or (0x3328),A",6
UNI_ASSEMBLES_DIFF,orddm8,"or (0x332a),A",6
UNI_ASSEMBLES_DIFF,ordi8,"or (0x3345),0x01",6
UNI_ASSEMBLES_DIFF,ordi8,"or (0x3480),0x20",6
UNI_ASSEMBLES_DIFF,ordi8,"or (0x3481),0x10",6
UNI_ASSEMBLES_DIFF,ordi8,"or (0x3481),0x40",6
UNI_ASSEMBLES_DIFF,ordi8,"or (0x3481),0x80",6
UNI_ASSEMBLES_DIFF,orddm16,"or (0x89f6),DE",6
UNI_ASSEMBLES_DIFF,ordi8,"or (0x8d8c),0x02",6
UNI_ASSEMBLES_DIFF,ordi8,"or (0x8d8e),0x50",6
UNI_ASSEMBLES_DIFF,ordi8,"or (0x8d8f),0x50",6
UNI_ASSEMBLES_DIFF,ordi8,"or (0x8d92),0x80",6
UNI_ASSEMBLES_DIFF,orddm16,"or (0xc1f0),HL",6
UNI_ASSEMBLES_DIFF,orddm8,"or (0xc1fe),A",6
UNI_ASSEMBLES_DIFF,orddm16,"or (0xf290),HL",6
UNI_ASSEMBLES_DIFF,orddm8,"or (0xfc61),A",6
UNI_ASSEMBLES_DIFF,orda8,"or A,(0x3316)",6
UNI_ASSEMBLES_DIFF,popw_dd16,"popw (0x288b)",6
UNI_ASSEMBLES_DIFF,push_sd16w,"pushw (0x288b)",6
UNI_ASSEMBLES_DIFF,resda,"res 0,(0x0d54)",6
UNI_ASSEMBLES_DIFF,res_dd8,"res 0,(0x13)",6
UNI_ASSEMBLES_DIFF,resda,"res 0,(0x2742)",6
UNI_ASSEMBLES_DIFF,resda,"res 0,(0x289d)",6
UNI_ASSEMBLES_DIFF,resda,"res 0,(0x32f3)",6
UNI_ASSEMBLES_DIFF,resda,"res 0,(0xb7ee)",6
UNI_ASSEMBLES_DIFF,resda,"res 0,(0xc1f0)",6
UNI_ASSEMBLES_DIFF,resda,"res 1,(0xc1f0)",6
UNI_ASSEMBLES_DIFF,resda,"res 2,(0x289d)",6
UNI_ASSEMBLES_DIFF,resda,"res 2,(0xc1f0)",6
UNI_ASSEMBLES_DIFF,resda,"res 3,(0x287b)",6
UNI_ASSEMBLES_DIFF,resda,"res 3,(0x295f)",6
UNI_ASSEMBLES_DIFF,resda,"res 3,(0xc1f0)",6
UNI_ASSEMBLES_DIFF,resda,"res 3,(0xc1fe)",6
UNI_ASSEMBLES_DIFF,resda,"res 4,(0x0166)",6
UNI_ASSEMBLES_DIFF,res_dd8,"res 4,(0x0d)",6
UNI_ASSEMBLES_DIFF,res_dd8,"res 4,(0x18)",6
UNI_ASSEMBLES_DIFF,resda,"res 4,(0x90f9)",6
UNI_ASSEMBLES_DIFF,res_dd8,"res 5,(0x0d)",6
UNI_ASSEMBLES_DIFF,res_dd8,"res 5,(0x12)",6
UNI_ASSEMBLES_DIFF,resda,"res 6,(0xb7e2)",6
UNI_ASSEMBLES_DIFF,res_dd8,"res 7,(0x06)",6
UNI_ASSEMBLES_DIFF,resda,"res 7,(0xb7e2)",6
UNI_ASSEMBLES_DIFF,setda,"set 0,(0x045b)",6
UNI_ASSEMBLES_DIFF,setda,"set 0,(0x0d54)",6
UNI_ASSEMBLES_DIFF,setda,"set 0,(0x26e2)",6
UNI_ASSEMBLES_DIFF,setda,"set 0,(0x2879)",6
UNI_ASSEMBLES_DIFF,setda,"set 0,(0x287b)",6
UNI_ASSEMBLES_DIFF,setda,"set 0,(0x28a5)",6
UNI_ASSEMBLES_DIFF,setda,"set 0,(0x8d88)",6
UNI_ASSEMBLES_DIFF,setda,"set 0,(0x91ad)",6
UNI_ASSEMBLES_DIFF,setda,"set 0,(0xc1f0)",6
UNI_ASSEMBLES_DIFF,set_dd8,"set 1,(0x13)",6
UNI_ASSEMBLES_DIFF,setda,"set 1,(0x2879)",6
UNI_ASSEMBLES_DIFF,set_dd8,"set 1,(0x80)",6
UNI_ASSEMBLES_DIFF,set_dd8,"set 3,(0x0d)",6
UNI_ASSEMBLES_DIFF,set_dd8,"set 3,(0x18)",6
UNI_ASSEMBLES_DIFF,setda,"set 4,(0x90f9)",6
UNI_ASSEMBLES_DIFF,set_dd8,"set 5,(0x12)",6
UNI_ASSEMBLES_DIFF,setda,"set 6,(0x287b)",6
UNI_ASSEMBLES_DIFF,setda,"set 6,(0x28c5)",6
UNI_ASSEMBLES_DIFF,setda,"set 6,(0xb7e2)",6
UNI_ASSEMBLES_DIFF,setda,"set 7,(0x28ae)",6
UNI_ASSEMBLES_DIFF,setda,"set 7,(0x34cd)",6
UNI_ASSEMBLES_DIFF,setda,"set 7,(0x8a0d)",6
UNI_ASSEMBLES_DIFF,subdm16,"sub (0x0ec2),WA",6
UNI_ASSEMBLES_DIFF,subdm16,"sub (0x0ec4),BC",6
UNI_ASSEMBLES_DIFF,subdm8,"sub (0x116e),L",6
UNI_ASSEMBLES_DIFF,subdm8,"sub (0x286e),L",6
UNI_ASSEMBLES_DIFF,subda8,"sub A,(0x0457)",6
UNI_ASSEMBLES_DIFF,subda8,"sub A,(0x25b2)",6
UNI_ASSEMBLES_DIFF,subda8,"sub A,(0x3746)",6
UNI_ASSEMBLES_DIFF,subda16,"sub BC,(0x2694)",6
UNI_ASSEMBLES_DIFF,subda16,"sub BC,(0x276a)",6
UNI_ASSEMBLES_DIFF,subda16,"sub BC,(0x28b6)",6
UNI_ASSEMBLES_DIFF,subda16,"sub BC,(0x365e)",6
UNI_ASSEMBLES_DIFF,subda16,"sub IZ,(0x25ac)",6
UNI_ASSEMBLES_DIFF,subda16,"sub WA,(0x045e)",6
UNI_ASSEMBLES_DIFF,subda16,"sub WA,(0x2326)",6
UNI_ASSEMBLES_DIFF,subda16,"sub WA,(0x28b6)",6
UNI_ASSEMBLES_DIFF,subda16,"sub WA,(0x28bc)",6
UNI_ASSEMBLES_DIFF,subda16,"sub WA,(0x8d9b)",6
UNI_ASSEMBLES_DIFF,addda8,"add A,(0x0df2)",5
UNI_ASSEMBLES_DIFF,addda32,"add XHL,(0x3604)",5
UNI_ASSEMBLES_DIFF,anddi8,"and (0x3258),0xf7",5
UNI_ASSEMBLES_DIFF,anddi8,"and (0x3258),0xfb",5
UNI_ASSEMBLES_DIFF,and_sd8b_im,"and (0xd3),0xcf",5
UNI_ASSEMBLES_DIFF,and_sd8b_im,"and (0xd3),0xf0",5
UNI_ASSEMBLES_DIFF,and_sd8b_im,"and (0xe5),0xf8",5
UNI_ASSEMBLES_DIFF,bitda,"bit 0,(0x0431)",5
UNI_ASSEMBLES_DIFF,bitda,"bit 0,(0x326d)",5
UNI_ASSEMBLES_DIFF,bit_dd8,"bit 0,(0xaa)",5
UNI_ASSEMBLES_DIFF,bitda,"bit 0,(0xfc69)",5
UNI_ASSEMBLES_DIFF,bitda,"bit 1,(0x28b3)",5
UNI_ASSEMBLES_DIFF,bitda,"bit 3,(0x0431)",5
UNI_ASSEMBLES_DIFF,bitda,"bit 4,(0x3258)",5
UNI_ASSEMBLES_DIFF,bit_dd8,"bit 5,(0x18)",5
UNI_ASSEMBLES_DIFF,bitda,"bit 6,(0x33d4)",5
UNI_ASSEMBLES_DIFF,cpdi8,"cp (0x0415),0x60",5
UNI_ASSEMBLES_DIFF,cpdi8,"cp (0x0d55),0xff",5
UNI_ASSEMBLES_DIFF,cpdi8,"cp (0x111c),0x02",5
UNI_ASSEMBLES_DIFF,cpdi8,"cp (0x2877),0x7f",5
UNI_ASSEMBLES_DIFF,cpdi8,"cp (0x3470),0x00",5
UNI_ASSEMBLES_DIFF,cpdi8,"cp (0x38b4),0x81",5
UNI_ASSEMBLES_DIFF,cpdi8,"cp (0x8c9a),0x6f",5
UNI_ASSEMBLES_DIFF,cpdi8,"cp (0x8c9a),0x72",5
UNI_ASSEMBLES_DIFF,cpdi8,"cp (0xfc5a),0x07",5
UNI_ASSEMBLES_DIFF,cpdi8,"cp (0xfc5b),0x02",5
UNI_ASSEMBLES_DIFF,cpda8,"cp A,(0x1157)",5
UNI_ASSEMBLES_DIFF,cpda16,"cp HL,(0x0d5a)",5
UNI_ASSEMBLES_DIFF,cpda16,"cp IZ,(0xf231)",5
UNI_ASSEMBLES_DIFF,cpda16,"cp WA,(0x2522)",5
UNI_ASSEMBLES_DIFF,incdi8,"inc 1,(0x0415)",5
UNI_ASSEMBLES_DIFF,incdi8,"inc 1,(0x0416)",5
UNI_ASSEMBLES_DIFF,incdi8,"inc 1,(0x0434)",5
UNI_ASSEMBLES_DIFF,incdi8,"inc 1,(0x0435)",5
UNI_ASSEMBLES_DIFF,incdi8,"inc 1,(0xe0fb)",5
UNI_ASSEMBLES_DIFF,incdi16,"incw 1,(0x0468)",5
UNI_ASSEMBLES_DIFF,incdi16,"incw 1,(0x0ec4)",5
UNI_ASSEMBLES_DIFF,incdi16,"incw 1,(0x126c)",5
UNI_ASSEMBLES_DIFF,incdi16,"incw 1,(0x36f2)",5
UNI_ASSEMBLES_DIFF,stdi8,"ld (0x041f),0x06",5
UNI_ASSEMBLES_DIFF,stb_d8,"ld (0x0420),A",5
UNI_ASSEMBLES_DIFF,stb_d8,"ld (0x042c),A",5
UNI_ASSEMBLES_DIFF,stdi8,"ld (0x0454),0x00",5
UNI_ASSEMBLES_DIFF,stdi8,"ld (0x0462),0x00",5
UNI_ASSEMBLES_DIFF,stb_d8,"ld (0x046a),C",5
UNI_ASSEMBLES_DIFF,stb_d8,"ld (0x0472),C",5
UNI_ASSEMBLES_DIFF,stda16,"ld (0x0c20),WA",5
UNI_ASSEMBLES_DIFF,stda16,"ld (0x0c2a),WA",5
UNI_ASSEMBLES_DIFF,stda16,"ld (0x0c30),WA",5
UNI_ASSEMBLES_DIFF,stb_d8,"ld (0x0c36),A",5
UNI_ASSEMBLES_DIFF,stda16,"ld (0x0c4a),WA",5
UNI_ASSEMBLES_DIFF,stda16,"ld (0x0c57),IY",5
UNI_ASSEMBLES_DIFF,stb_d8,"ld (0x0c64),A",5
UNI_ASSEMBLES_DIFF,stda16,"ld (0x0cd2),WA",5
UNI_ASSEMBLES_DIFF,stda16,"ld (0x0cd8),WA",5
UNI_ASSEMBLES_DIFF,stb_d8,"ld (0x0d18),A",5
UNI_ASSEMBLES_DIFF,stdi8,"ld (0x0d2f),0x00",5
UNI_ASSEMBLES_DIFF,stdi8,"ld (0x0d36),0x00",5
UNI_ASSEMBLES_DIFF,stdi8,"ld (0x0d4a),0x08",5
UNI_ASSEMBLES_DIFF,stda16,"ld (0x0d51),WA",5
UNI_ASSEMBLES_DIFF,stda32,"ld (0x0d5e),XWA",5
UNI_ASSEMBLES_DIFF,stb_d8,"ld (0x0dc8),A",5
UNI_ASSEMBLES_DIFF,stb_d8,"ld (0x0dd0),A",5
UNI_ASSEMBLES_DIFF,stb_d8,"ld (0x0dd2),A",5
UNI_ASSEMBLES_DIFF,stb_d8,"ld (0x0dd4),A",5
UNI_ASSEMBLES_DIFF,stda16,"ld (0x0dd6),WA",5
UNI_ASSEMBLES_DIFF,stda16,"ld (0x0ddc),WA",5
UNI_ASSEMBLES_DIFF,stb_d8,"ld (0x0de5),A",5
UNI_ASSEMBLES_DIFF,stb_d8,"ld (0x0dec),A",5
UNI_ASSEMBLES_DIFF,stdi8,"ld (0x0def),0x0c",5
UNI_ASSEMBLES_DIFF,stb_d8,"ld (0x0def),A",5
UNI_ASSEMBLES_DIFF,stdi8,"ld (0x0df2),0xff",5
UNI_ASSEMBLES_DIFF,stb_d8,"ld (0x0e0e),A",5
UNI_ASSEMBLES_DIFF,stb_d8,"ld (0x0e0f),A",5
UNI_ASSEMBLES_DIFF,stb_d8,"ld (0x0e32),A",5
UNI_ASSEMBLES_DIFF,stb_d8,"ld (0x0e40),A",5
UNI_ASSEMBLES_DIFF,stda16,"ld (0x0e44),WA",5
UNI_ASSEMBLES_DIFF,stb_d8,"ld (0x0e46),A",5
UNI_ASSEMBLES_DIFF,stda16,"ld (0x0f62),WA",5
UNI_ASSEMBLES_DIFF,stb_d8,"ld (0x0f64),A",5
UNI_ASSEMBLES_DIFF,stb_d8,"ld (0x0f6d),A",5
UNI_ASSEMBLES_DIFF,stda16,"ld (0x0fd4),WA",5
UNI_ASSEMBLES_DIFF,stb_d8,"ld (0x1076),A",5
UNI_ASSEMBLES_DIFF,stdi8,"ld (0x10fa),0x00",5
UNI_ASSEMBLES_DIFF,stda32,"ld (0x1101),XIY",5
UNI_ASSEMBLES_DIFF,stb_d8,"ld (0x1193),C",5
UNI_ASSEMBLES_DIFF,stb_d8,"ld (0x1193),L",5
UNI_ASSEMBLES_DIFF,stb_d8,"ld (0x1194),L",5
UNI_ASSEMBLES_DIFF,stb_d8,"ld (0x1195),A",5
UNI_ASSEMBLES_DIFF,stb_d8,"ld (0x11bb),A",5
UNI_ASSEMBLES_DIFF,stb_d8,"ld (0x11bd),A",5
UNI_ASSEMBLES_DIFF,stb_d8,"ld (0x11be),H",5
UNI_ASSEMBLES_DIFF,stda32,"ld (0x11d0),XWA",5
UNI_ASSEMBLES_DIFF,stda16,"ld (0x12ff),WA",5
UNI_ASSEMBLES_DIFF,stda32,"ld (0x1336),XWA",5
UNI_ASSEMBLES_DIFF,stdi8,"ld (0x1d7a),0x48",5
UNI_ASSEMBLES_DIFF,stb_d8,"ld (0x1d82),A",5
UNI_ASSEMBLES_DIFF,stb_d8,"ld (0x2072),A",5
UNI_ASSEMBLES_DIFF,stb_d8,"ld (0x207c),A",5
UNI_ASSEMBLES_DIFF,stdi8,"ld (0x209b),0x80",5
UNI_ASSEMBLES_DIFF,stdi8,"ld (0x209b),0x82",5
UNI_ASSEMBLES_DIFF,stdi8,"ld (0x209c),0x02",5
UNI_ASSEMBLES_DIFF,stb_d8,"ld (0x2169),A",5
UNI_ASSEMBLES_DIFF,stb_d8,"ld (0x222d),A",5
UNI_ASSEMBLES_DIFF,stb_d8,"ld (0x230a),C",5
UNI_ASSEMBLES_DIFF,stdi8,"ld (0x2310),0x00",5
UNI_ASSEMBLES_DIFF,stda16,"ld (0x2532),IX",5
UNI_ASSEMBLES_DIFF,stda16,"ld (0x259a),BC",5
UNI_ASSEMBLES_DIFF,stb_d8,"ld (0x2642),A",5
UNI_ASSEMBLES_DIFF,stdi8,"ld (0x2678),0x00",5
UNI_ASSEMBLES_DIFF,stda16,"ld (0x26b8),IZ",5
UNI_ASSEMBLES_DIFF,stdi8,"ld (0x26fc),0x00",5
UNI_ASSEMBLES_DIFF,stb_d8,"ld (0x2724),C",5
UNI_ASSEMBLES_DIFF,stdi8,"ld (0x272d),0x00",5
UNI_ASSEMBLES_DIFF,stdi8,"ld (0x272e),0x00",5
UNI_ASSEMBLES_DIFF,stb_d8,"ld (0x276d),H",5
UNI_ASSEMBLES_DIFF,stdi8,"ld (0x277d),0x01",5
UNI_ASSEMBLES_DIFF,stda16,"ld (0x27f2),BC",5
UNI_ASSEMBLES_DIFF,stda16,"ld (0x2834),HL",5
UNI_ASSEMBLES_DIFF,stda16,"ld (0x2836),HL",5
UNI_ASSEMBLES_DIFF,stb_d8,"ld (0x2880),L",5
UNI_ASSEMBLES_DIFF,stda16,"ld (0x28b8),IY",5
UNI_ASSEMBLES_DIFF,stda16,"ld (0x2978),HL",5
UNI_ASSEMBLES_DIFF,stda16,"ld (0x2ae4),WA",5
UNI_ASSEMBLES_DIFF,stda32,"ld (0x3000),XWA",5
UNI_ASSEMBLES_DIFF,stb_d8,"ld (0x323e),A",5
UNI_ASSEMBLES_DIFF,stb_d8,"ld (0x325b),A",5
UNI_ASSEMBLES_DIFF,stb_d8,"ld (0x325e),A",5
UNI_ASSEMBLES_DIFF,stb_d8,"ld (0x3262),A",5
UNI_ASSEMBLES_DIFF,stb_d8,"ld (0x326e),A",5
UNI_ASSEMBLES_DIFF,stb_d8,"ld (0x327f),A",5
UNI_ASSEMBLES_DIFF,stb_d8,"ld (0x3280),A",5
UNI_ASSEMBLES_DIFF,stb_d8,"ld (0x3283),A",5
UNI_ASSEMBLES_DIFF,stb_d8,"ld (0x32ea),A",5
UNI_ASSEMBLES_DIFF,stb_d8,"ld (0x32f6),A",5
UNI_ASSEMBLES_DIFF,stdi8,"ld (0x3338),0x04",5
UNI_ASSEMBLES_DIFF,stdi8,"ld (0x3338),0x08",5
UNI_ASSEMBLES_DIFF,stdi8,"ld (0x3338),0x10",5
UNI_ASSEMBLES_DIFF,stdi8,"ld (0x3338),0x20",5
UNI_ASSEMBLES_DIFF,stb_d8,"ld (0x334d),A",5
UNI_ASSEMBLES_DIFF,stdi8,"ld (0x3399),0x06",5
UNI_ASSEMBLES_DIFF,stb_d8,"ld (0x3399),A",5
UNI_ASSEMBLES_DIFF,stb_d8,"ld (0x33dd),A",5
UNI_ASSEMBLES_DIFF,stb_d8,"ld (0x343b),A",5
UNI_ASSEMBLES_DIFF,stda16,"ld (0x345c),DE",5
UNI_ASSEMBLES_DIFF,stda16,"ld (0x345e),IX",5
UNI_ASSEMBLES_DIFF,stb_d8,"ld (0x345f),A",5
UNI_ASSEMBLES_DIFF,stb_d8,"ld (0x34a4),A",5
UNI_ASSEMBLES_DIFF,stda16,"ld (0x3542),WA",5
UNI_ASSEMBLES_DIFF,stda16,"ld (0x3544),WA",5
UNI_ASSEMBLES_DIFF,stda16,"ld (0x356e),HL",5
UNI_ASSEMBLES_DIFF,stda32,"ld (0x35b0),XIX",5
UNI_ASSEMBLES_DIFF,stda32,"ld (0x35b4),XIX",5
UNI_ASSEMBLES_DIFF,stda16,"ld (0x35bc),HL",5
UNI_ASSEMBLES_DIFF,stda16,"ld (0x35be),HL",5
UNI_ASSEMBLES_DIFF,stda16,"ld (0x360e),DE",5
UNI_ASSEMBLES_DIFF,stb_d8,"ld (0x365c),A",5
UNI_ASSEMBLES_DIFF,stda16,"ld (0x3666),BC",5
UNI_ASSEMBLES_DIFF,stb_d8,"ld (0x36aa),C",5
UNI_ASSEMBLES_DIFF,stda16,"ld (0x36d4),WA",5
UNI_ASSEMBLES_DIFF,stda16,"ld (0x36f2),WA",5
UNI_ASSEMBLES_DIFF,stda32,"ld (0x3916),XWA",5
UNI_ASSEMBLES_DIFF,stda16,"ld (0x6400),IY",5
UNI_ASSEMBLES_DIFF,stdi8,"ld (0x7e6f),0x00",5
UNI_ASSEMBLES_DIFF,stdi8,"ld (0x7ea6),0x0b",5
UNI_ASSEMBLES_DIFF,stdi8,"ld (0x889e),0x00",5
UNI_ASSEMBLES_DIFF,stb_d8,"ld (0x8964),C",5
UNI_ASSEMBLES_DIFF,stb_d8,"ld (0x896c),C",5
UNI_ASSEMBLES_DIFF,stda32,"ld (0x8a94),XWA",5
UNI_ASSEMBLES_DIFF,stb_d8,"ld (0x8c9e),A",5
UNI_ASSEMBLES_DIFF,stb_d8,"ld (0x8e44),A",5
UNI_ASSEMBLES_DIFF,stb_d8,"ld (0x905c),A",5
UNI_ASSEMBLES_DIFF,stdi8,"ld (0x908b),0xb0",5
UNI_ASSEMBLES_DIFF,stda16,"ld (0x908b),BC",5
UNI_ASSEMBLES_DIFF,stdi8,"ld (0x908c),0x00",5
UNI_ASSEMBLES_DIFF,stdi8,"ld (0x908e),0xff",5
UNI_ASSEMBLES_DIFF,st_dd8b,"ld (0x93),A",5
UNI_ASSEMBLES_DIFF,st_dd8w,"ld (0xac),HL",5
UNI_ASSEMBLES_DIFF,stb_d8,"ld (0xbfe1),A",5
UNI_ASSEMBLES_DIFF,stb_d8,"ld (0xbfe3),A",5
UNI_ASSEMBLES_DIFF,stdi8,"ld (0xe2f0),0x00",5
UNI_ASSEMBLES_DIFF,stda16,"ld (0xf19e),BC",5
UNI_ASSEMBLES_DIFF,stda16,"ld (0xf1ce),WA",5
UNI_ASSEMBLES_DIFF,st_dd8b,"ld (0xf4),A",5
UNI_ASSEMBLES_DIFF,stb_d8,"ld (0xfc74),A",5
UNI_ASSEMBLES_DIFF,stdi8,"ld (0xfc94),0x50",5
UNI_ASSEMBLES_DIFF,ldb_d8,"ld A,(0x00d0)",5
UNI_ASSEMBLES_DIFF,ldb_d8,"ld A,(0x0c5c)",5
UNI_ASSEMBLES_DIFF,ldb_d8,"ld A,(0x0d67)",5
UNI_ASSEMBLES_DIFF,ldb_d8,"ld A,(0x0d9e)",5
UNI_ASSEMBLES_DIFF,ldb_d8,"ld A,(0x0dbb)",5
UNI_ASSEMBLES_DIFF,ldb_d8,"ld A,(0x0df4)",5
UNI_ASSEMBLES_DIFF,ldb_d8,"ld A,(0x0e0e)",5
UNI_ASSEMBLES_DIFF,ldb_d8,"ld A,(0x0e31)",5
UNI_ASSEMBLES_DIFF,ldb_d8,"ld A,(0x0e46)",5
UNI_ASSEMBLES_DIFF,ldb_d8,"ld A,(0x0e58)",5
UNI_ASSEMBLES_DIFF,ldb_d8,"ld A,(0x0f51)",5
UNI_ASSEMBLES_DIFF,ldb_d8,"ld A,(0x11af)",5
UNI_ASSEMBLES_DIFF,ldb_d8,"ld A,(0x1d82)",5
UNI_ASSEMBLES_DIFF,ldb_d8,"ld A,(0x220a)",5
UNI_ASSEMBLES_DIFF,ldb_d8,"ld A,(0x26f3)",5
UNI_ASSEMBLES_DIFF,ldb_d8,"ld A,(0x2954)",5
UNI_ASSEMBLES_DIFF,ldb_d8,"ld A,(0x31e7)",5
UNI_ASSEMBLES_DIFF,ldb_d8,"ld A,(0x3228)",5
UNI_ASSEMBLES_DIFF,ldb_d8,"ld A,(0x322b)",5
UNI_ASSEMBLES_DIFF,ldb_d8,"ld A,(0x323e)",5
UNI_ASSEMBLES_DIFF,ldb_d8,"ld A,(0x3250)",5
UNI_ASSEMBLES_DIFF,ldb_d8,"ld A,(0x3258)",5
UNI_ASSEMBLES_DIFF,ldb_d8,"ld A,(0x325d)",5
UNI_ASSEMBLES_DIFF,ldb_d8,"ld A,(0x325f)",5
UNI_ASSEMBLES_DIFF,ldb_d8,"ld A,(0x3261)",5
UNI_ASSEMBLES_DIFF,ldb_d8,"ld A,(0x3265)",5
UNI_ASSEMBLES_DIFF,ldb_d8,"ld A,(0x3267)",5
UNI_ASSEMBLES_DIFF,ldb_d8,"ld A,(0x3269)",5
UNI_ASSEMBLES_DIFF,ldb_d8,"ld A,(0x326d)",5
UNI_ASSEMBLES_DIFF,ldb_d8,"ld A,(0x3480)",5
UNI_ASSEMBLES_DIFF,ldb_d8,"ld A,(0x34ad)",5
UNI_ASSEMBLES_DIFF,ldb_d8,"ld A,(0x367c)",5
UNI_ASSEMBLES_DIFF,ldb_d8,"ld A,(0x36ea)",5
UNI_ASSEMBLES_DIFF,ldb_d8,"ld A,(0x7f16)",5
UNI_ASSEMBLES_DIFF,ldb_d8,"ld A,(0x8962)",5
UNI_ASSEMBLES_DIFF,ldb_d8,"ld A,(0x8e48)",5
UNI_ASSEMBLES_DIFF,ldb_d8,"ld A,(0x9095)",5
UNI_ASSEMBLES_DIFF,ldb_d8,"ld A,(0xce43)",5
UNI_ASSEMBLES_DIFF,ldb_d8,"ld A,(0xfb56)",5
UNI_ASSEMBLES_DIFF,ldb_d8,"ld A,(0xfb70)",5
UNI_ASSEMBLES_DIFF,ldb_d8,"ld A,(0xfb8a)",5
UNI_ASSEMBLES_DIFF,ldb_d8,"ld A,(0xfba4)",5
UNI_ASSEMBLES_DIFF,ldb_d8,"ld A,(0xfd12)",5
UNI_ASSEMBLES_DIFF,ldb_d8,"ld A,(0xfda1)",5
UNI_ASSEMBLES_DIFF,ldb_d8,"ld B,(0x1d7c)",5
UNI_ASSEMBLES_DIFF,ldw_d16,"ld BC,(0x151d)",5
UNI_ASSEMBLES_DIFF,ldw_d16,"ld BC,(0x2536)",5
UNI_ASSEMBLES_DIFF,ldw_d16,"ld BC,(0x26f4)",5
UNI_ASSEMBLES_DIFF,ldw_d16,"ld BC,(0x28a8)",5
UNI_ASSEMBLES_DIFF,ldw_d16,"ld BC,(0x28d0)",5
UNI_ASSEMBLES_DIFF,ldw_d16,"ld BC,(0x45b4)",5
UNI_ASSEMBLES_DIFF,ldb_d8,"ld C,(0x0415)",5
UNI_ASSEMBLES_DIFF,ldb_d8,"ld C,(0x0eee)",5
UNI_ASSEMBLES_DIFF,ldb_d8,"ld C,(0x11ac)",5
UNI_ASSEMBLES_DIFF,ldb_d8,"ld C,(0x1d7a)",5
UNI_ASSEMBLES_DIFF,ldb_d8,"ld C,(0x26a7)",5
UNI_ASSEMBLES_DIFF,ldb_d8,"ld C,(0x2726)",5
UNI_ASSEMBLES_DIFF,ldb_d8,"ld C,(0x287a)",5
UNI_ASSEMBLES_DIFF,ldb_d8,"ld C,(0x287b)",5
UNI_ASSEMBLES_DIFF,ldb_d8,"ld C,(0x2954)",5
UNI_ASSEMBLES_DIFF,ldb_d8,"ld C,(0x2957)",5
UNI_ASSEMBLES_DIFF,ldb_d8,"ld C,(0x78a2)",5
UNI_ASSEMBLES_DIFF,ldb_d8,"ld C,(0x7f07)",5
UNI_ASSEMBLES_DIFF,ldb_d8,"ld C,(0x7f32)",5
UNI_ASSEMBLES_DIFF,ldb_d8,"ld C,(0x896c)",5
UNI_ASSEMBLES_DIFF,ldb_d8,"ld C,(0x9095)",5
UNI_ASSEMBLES_DIFF,ldb_d8,"ld D,(0x1d80)",5
UNI_ASSEMBLES_DIFF,ldb_d8,"ld D,(0x20ba)",5
UNI_ASSEMBLES_DIFF,ldw_d16,"ld DE,(0x0cae)",5
UNI_ASSEMBLES_DIFF,ldw_d16,"ld DE,(0x2088)",5
UNI_ASSEMBLES_DIFF,ldw_d16,"ld DE,(0x3000)",5
UNI_ASSEMBLES_DIFF,ldw_d16,"ld DE,(0x3002)",5
UNI_ASSEMBLES_DIFF,ldw_d16,"ld DE,(0x38aa)",5
UNI_ASSEMBLES_DIFF,ldw_d16,"ld DE,(0x45b6)",5
UNI_ASSEMBLES_DIFF,ldw_d16,"ld DE,(0x95aa)",5
UNI_ASSEMBLES_DIFF,ldb_d8,"ld E,(0x0def)",5
UNI_ASSEMBLES_DIFF,ldb_d8,"ld E,(0x0efb)",5
UNI_ASSEMBLES_DIFF,ldb_d8,"ld E,(0x1d7e)",5
UNI_ASSEMBLES_DIFF,ldb_d8,"ld E,(0xfda1)",5
UNI_ASSEMBLES_DIFF,ldw_d16,"ld HL,(0x0fd4)",5
UNI_ASSEMBLES_DIFF,ldw_d16,"ld IX,(0x345e)",5
UNI_ASSEMBLES_DIFF,ldw_d16,"ld IY,(0x38de)",5
UNI_ASSEMBLES_DIFF,ldw_d16,"ld IZ,(0x0c00)",5
UNI_ASSEMBLES_DIFF,ldw_d16,"ld IZ,(0x3738)",5
UNI_ASSEMBLES_DIFF,ldw_d16,"ld IZ,(0x373a)",5
UNI_ASSEMBLES_DIFF,ldb_d8,"ld L,(0x0e5c)",5
UNI_ASSEMBLES_DIFF,ldb_d8,"ld L,(0x10d1)",5
UNI_ASSEMBLES_DIFF,ldb_d8,"ld L,(0x2250)",5
UNI_ASSEMBLES_DIFF,ldb_d8,"ld L,(0x2540)",5
UNI_ASSEMBLES_DIFF,ldb_d8,"ld L,(0x33da)",5
UNI_ASSEMBLES_DIFF,ldb_d8,"ld L,(0x7f32)",5
UNI_ASSEMBLES_DIFF,ldb_d8,"ld L,(0x8988)",5
UNI_ASSEMBLES_DIFF,ldb_d8,"ld L,(0xe0fb)",5
UNI_ASSEMBLES_DIFF,ldb_d8,"ld L,(0xfb5a)",5
UNI_ASSEMBLES_DIFF,ldb_d8,"ld L,(0xfb74)",5
UNI_ASSEMBLES_DIFF,ldb_d8,"ld L,(0xfb8e)",5
UNI_ASSEMBLES_DIFF,ldb_d8,"ld L,(0xfba8)",5
UNI_ASSEMBLES_DIFF,ldb_d8,"ld W,(0x0d9e)",5
UNI_ASSEMBLES_DIFF,ldb_d8,"ld W,(0x0eed)",5
UNI_ASSEMBLES_DIFF,ldb_d8,"ld W,(0x119b)",5
UNI_ASSEMBLES_DIFF,ldb_d8,"ld W,(0x2641)",5
UNI_ASSEMBLES_DIFF,ldb_d8,"ld W,(0x27a4)",5
UNI_ASSEMBLES_DIFF,ldb_d8,"ld W,(0x333f)",5
UNI_ASSEMBLES_DIFF,ldb_d8,"ld W,(0x345e)",5
UNI_ASSEMBLES_DIFF,ldb_d8,"ld W,(0x912d)",5
UNI_ASSEMBLES_DIFF,ldb_d8,"ld W,(0xbfe2)",5
UNI_ASSEMBLES_DIFF,ldb_d8,"ld W,(0xfb57)",5
UNI_ASSEMBLES_DIFF,ldb_d8,"ld W,(0xfb71)",5
UNI_ASSEMBLES_DIFF,ldb_d8,"ld W,(0xfb8b)",5
UNI_ASSEMBLES_DIFF,ldb_d8,"ld W,(0xfba5)",5
UNI_ASSEMBLES_DIFF,ldw_d16,"ld WA,(0x0cbc)",5
UNI_ASSEMBLES_DIFF,ldw_d16,"ld WA,(0x0cd4)",5
UNI_ASSEMBLES_DIFF,ldw_d16,"ld WA,(0x0de8)",5
UNI_ASSEMBLES_DIFF,ldw_d16,"ld WA,(0x0e2f)",5
UNI_ASSEMBLES_DIFF,ldw_d16,"ld WA,(0x0e4c)",5
UNI_ASSEMBLES_DIFF,ldw_d16,"ld WA,(0x0fd7)",5
UNI_ASSEMBLES_DIFF,ldw_d16,"ld WA,(0x28aa)",5
UNI_ASSEMBLES_DIFF,ldw_d16,"ld WA,(0x3620)",5
UNI_ASSEMBLES_DIFF,ldw_d16,"ld WA,(0x365e)",5
UNI_ASSEMBLES_DIFF,ldw_d16,"ld WA,(0x7da8)",5
UNI_ASSEMBLES_DIFF,ldw_d16,"ld WA,(0x83a6)",5
UNI_ASSEMBLES_DIFF,ldw_d16,"ld WA,(0x8406)",5
UNI_ASSEMBLES_DIFF,ldw_d16,"ld WA,(0x90c1)",5
UNI_ASSEMBLES_DIFF,ldw_d16,"ld WA,(0x9129)",5
UNI_ASSEMBLES_DIFF,ldw_d16,"ld WA,(0xf1ce)",5
UNI_ASSEMBLES_DIFF,ldw_d16,"ld WA,(0xf1d0)",5
UNI_ASSEMBLES_DIFF,ldda32,"ld XDE,(0x3604)",5
UNI_ASSEMBLES_DIFF,ldda32,"ld XHL,(0x0c6e)",5
UNI_ASSEMBLES_DIFF,ldda32,"ld XHL,(0x0c7a)",5
UNI_ASSEMBLES_DIFF,ldda32,"ld XIY,(0x1114)",5
UNI_ASSEMBLES_DIFF,ldda32,"ld XWA,(0x0d14)",5
UNI_ASSEMBLES_DIFF,ldda32,"ld XWA,(0x1040)",5
UNI_ASSEMBLES_DIFF,ldda32,"ld XWA,(0x11d0)",5
UNI_ASSEMBLES_DIFF,ldda32,"ld XWA,(0x1336)",5
UNI_ASSEMBLES_DIFF,ldda32,"ld XWA,(0x21d3)",5
UNI_ASSEMBLES_DIFF,ldda32,"ld XWA,(0x7eda)",5
UNI_ASSEMBLES_DIFF,ldda32,"ld XWA,(0x823e)",5
UNI_ASSEMBLES_DIFF,ldda32,"ld XWA,(0x8394)",5
UNI_ASSEMBLES_DIFF,ldda32,"ld XWA,(0xbc18)",5
UNI_ASSEMBLES_DIFF,ordi8,"or (0x0429),0x02",5
UNI_ASSEMBLES_DIFF,ordi8,"or (0x0429),0x08",5
UNI_ASSEMBLES_DIFF,ordi8,"or (0x3431),0x80",5
UNI_ASSEMBLES_DIFF,ordi8,"or (0xfc5f),0x40",5
UNI_ASSEMBLES_DIFF,ordi8,"or (0xfc5f),0x80",5
UNI_ASSEMBLES_DIFF,orda8,"or A,(0x327b)",5
UNI_ASSEMBLES_DIFF,orda8,"or A,(0x327c)",5
UNI_ASSEMBLES_DIFF,resda,"res 0,(0x0429)",5
UNI_ASSEMBLES_DIFF,resda,"res 0,(0x230a)",5
UNI_ASSEMBLES_DIFF,res_dd8,"res 0,(0xc6)",5
UNI_ASSEMBLES_DIFF,resda,"res 0,(0xfdad)",5
UNI_ASSEMBLES_DIFF,resda,"res 1,(0x0429)",5
UNI_ASSEMBLES_DIFF,resda,"res 1,(0x28b1)",5
UNI_ASSEMBLES_DIFF,res_dd8,"res 1,(0x30)",5
UNI_ASSEMBLES_DIFF,resda,"res 2,(0x0429)",5
UNI_ASSEMBLES_DIFF,resda,"res 3,(0x0429)",5
UNI_ASSEMBLES_DIFF,resda,"res 4,(0x0429)",5
UNI_ASSEMBLES_DIFF,resda,"res 4,(0x28ad)",5
UNI_ASSEMBLES_DIFF,resda,"res 4,(0x28b3)",5
UNI_ASSEMBLES_DIFF,resda,"res 7,(0x28ad)",5
UNI_ASSEMBLES_DIFF,setda,"set 0,(0x2742)",5
UNI_ASSEMBLES_DIFF,setda,"set 0,(0x28a6)",5
UNI_ASSEMBLES_DIFF,setda,"set 0,(0x28a7)",5
UNI_ASSEMBLES_DIFF,setda,"set 0,(0x28b1)",5
UNI_ASSEMBLES_DIFF,set_dd8,"set 0,(0x44)",5
UNI_ASSEMBLES_DIFF,set_dd8,"set 0,(0x9e)",5
UNI_ASSEMBLES_DIFF,setda,"set 1,(0x230a)",5
UNI_ASSEMBLES_DIFF,set_dd8,"set 1,(0x34)",5
UNI_ASSEMBLES_DIFF,set_dd8,"set 4,(0x18)",5
UNI_ASSEMBLES_DIFF,subda8,"sub A,(0x0464)",5
UNI_ASSEMBLES_DIFF,adddm16,"add (0x8a1c),WA",4
UNI_ASSEMBLES_DIFF,adddm32,"add (0xe9e7),XWA",4
UNI_ASSEMBLES_DIFF,addda16,"add IX,(0x7e02)",4
UNI_ASSEMBLES_DIFF,addda16,"add IY,(0x0fd5)",4
UNI_ASSEMBLES_DIFF,addda16,"add IY,(0x8d9f)",4
UNI_ASSEMBLES_DIFF,addda32,"add XBC,(0x55dc)",4
UNI_ASSEMBLES_DIFF,anddi8,"and (0x0427),0xd3",4
UNI_ASSEMBLES_DIFF,anddi8,"and (0x0f57),0xfe",4
UNI_ASSEMBLES_DIFF,anddi8,"and (0x0f66),0x9f",4
UNI_ASSEMBLES_DIFF,and_sd8b_im,"and (0x2c),0xf0",4
UNI_ASSEMBLES_DIFF,anddi8,"and (0x320f),0x0f",4
UNI_ASSEMBLES_DIFF,anddi8,"and (0x3210),0x0f",4
UNI_ASSEMBLES_DIFF,anddi8,"and (0x3211),0x0f",4
UNI_ASSEMBLES_DIFF,anddi8,"and (0x3212),0x0f",4
UNI_ASSEMBLES_DIFF,anddi8,"and (0x3213),0x0f",4
UNI_ASSEMBLES_DIFF,anddi8,"and (0x3214),0x0f",4
UNI_ASSEMBLES_DIFF,anddi8,"and (0x3258),0xef",4
UNI_ASSEMBLES_DIFF,anddi8,"and (0x3258),0xf3",4
UNI_ASSEMBLES_DIFF,anddi8,"and (0x327b),0xc0",4
UNI_ASSEMBLES_DIFF,anddi8,"and (0x32f3),0xdf",4
UNI_ASSEMBLES_DIFF,anddi8,"and (0x32f3),0xfe",4
UNI_ASSEMBLES_DIFF,anddi8,"and (0x32f4),0xfe",4
UNI_ASSEMBLES_DIFF,anddi8,"and (0x32fd),0xfd",4
UNI_ASSEMBLES_DIFF,anddi8,"and (0x32fd),0xfe",4
UNI_ASSEMBLES_DIFF,anddi8,"and (0x32ff),0xfb",4
UNI_ASSEMBLES_DIFF,anddi8,"and (0x32ff),0xfd",4
UNI_ASSEMBLES_DIFF,anddi8,"and (0x32ff),0xfe",4
UNI_ASSEMBLES_DIFF,anddi8,"and (0x330a),0xf7",4
UNI_ASSEMBLES_DIFF,anddi8,"and (0x330a),0xfb",4
UNI_ASSEMBLES_DIFF,anddi8,"and (0x330a),0xfe",4
UNI_ASSEMBLES_DIFF,anddi8,"and (0x330c),0xfe",4
UNI_ASSEMBLES_DIFF,anddi8,"and (0x3312),0xc0",4
UNI_ASSEMBLES_DIFF,anddi8,"and (0x3313),0xc0",4
UNI_ASSEMBLES_DIFF,anddi8,"and (0x332c),0xfc",4
UNI_ASSEMBLES_DIFF,anddi8,"and (0x3393),0xfe",4
UNI_ASSEMBLES_DIFF,anddi8,"and (0x33d1),0xfe",4
UNI_ASSEMBLES_DIFF,anddm8,"and (0x33e0),A",4
UNI_ASSEMBLES_DIFF,anddi8,"and (0x33e5),0xfb",4
UNI_ASSEMBLES_DIFF,anddi8,"and (0x346e),0x1f",4
UNI_ASSEMBLES_DIFF,anddi8,"and (0x3470),0xf7",4
UNI_ASSEMBLES_DIFF,anddi8,"and (0x3470),0xfb",4
UNI_ASSEMBLES_DIFF,anddi8,"and (0x3470),0xfe",4
UNI_ASSEMBLES_DIFF,anddi8,"and (0x3490),0xfe",4
UNI_ASSEMBLES_DIFF,anddi8,"and (0x349f),0xf6",4
UNI_ASSEMBLES_DIFF,anddi8,"and (0x34d0),0x7f",4
UNI_ASSEMBLES_DIFF,anddi8,"and (0x34d0),0xfe",4
UNI_ASSEMBLES_DIFF,anddi8,"and (0x364a),0xfe",4
UNI_ASSEMBLES_DIFF,anddi8,"and (0x7e6d),0xfe",4
UNI_ASSEMBLES_DIFF,anddi8,"and (0x7e6e),0xfe",4
UNI_ASSEMBLES_DIFF,anddi8,"and (0x7e6f),0xfe",4
UNI_ASSEMBLES_DIFF,anddi8,"and (0x8d8c),0xfc",4
UNI_ASSEMBLES_DIFF,anddi8,"and (0x8d8c),0xfe",4
UNI_ASSEMBLES_DIFF,anddi8,"and (0x8f58),0xf8",4
UNI_ASSEMBLES_DIFF,anddi8,"and (0x90f9),0xf3",4
UNI_ASSEMBLES_DIFF,anddi8,"and (0xc2ca),0x80",4
UNI_ASSEMBLES_DIFF,anddi8,"and (0xc2d3),0x01",4
UNI_ASSEMBLES_DIFF,anddi8,"and (0xe3e2),0x6f",4
UNI_ASSEMBLES_DIFF,anddi8,"and (0xe3e2),0x9e",4
UNI_ASSEMBLES_DIFF,anddi8,"and (0xe3e2),0xf7",4
UNI_ASSEMBLES_DIFF,andda8,"and A,(0x20ba)",4
UNI_ASSEMBLES_DIFF,andda8,"and A,(0x3329)",4
UNI_ASSEMBLES_DIFF,andda8,"and A,(0x3381)",4
UNI_ASSEMBLES_DIFF,andda8,"and A,(0x33e0)",4
UNI_ASSEMBLES_DIFF,andda8,"and A,(0x3481)",4
UNI_ASSEMBLES_DIFF,andda8,"and A,(0x3485)",4
UNI_ASSEMBLES_DIFF,andda8,"and A,(0x4266)",4
UNI_ASSEMBLES_DIFF,bitda,"bit 0,(0x041f)",4
UNI_ASSEMBLES_DIFF,bit_dd8,"bit 0,(0x30)",4
UNI_ASSEMBLES_DIFF,bitda,"bit 0,(0x3263)",4
UNI_ASSEMBLES_DIFF,bitda,"bit 0,(0x32d7)",4
UNI_ASSEMBLES_DIFF,bitda,"bit 0,(0x32fd)",4
UNI_ASSEMBLES_DIFF,bitda,"bit 0,(0x3307)",4
UNI_ASSEMBLES_DIFF,bitda,"bit 0,(0x330a)",4
UNI_ASSEMBLES_DIFF,bitda,"bit 0,(0x330e)",4
UNI_ASSEMBLES_DIFF,bitda,"bit 0,(0x3393)",4
UNI_ASSEMBLES_DIFF,bitda,"bit 0,(0x3470)",4
UNI_ASSEMBLES_DIFF,bitda,"bit 0,(0x3499)",4
UNI_ASSEMBLES_DIFF,bitda,"bit 0,(0x379b)",4
UNI_ASSEMBLES_DIFF,bitda,"bit 0,(0x37c9)",4
UNI_ASSEMBLES_DIFF,bit_dd8,"bit 0,(0x38)",4
UNI_ASSEMBLES_DIFF,bitda,"bit 0,(0x7e53)",4
UNI_ASSEMBLES_DIFF,bitda,"bit 0,(0x7e56)",4
UNI_ASSEMBLES_DIFF,bitda,"bit 0,(0x7e5f)",4
UNI_ASSEMBLES_DIFF,bitda,"bit 0,(0x8d46)",4
UNI_ASSEMBLES_DIFF,bitda,"bit 0,(0x8d8c)",4
UNI_ASSEMBLES_DIFF,bit_dd8,"bit 0,(0x94)",4
UNI_ASSEMBLES_DIFF,bitda,"bit 0,(0xb74b)",4
UNI_ASSEMBLES_DIFF,bitda,"bit 0,(0xc1f0)",4
UNI_ASSEMBLES_DIFF,bitda,"bit 1,(0x0432)",4
UNI_ASSEMBLES_DIFF,bitda,"bit 1,(0x3284)",4
UNI_ASSEMBLES_DIFF,bitda,"bit 1,(0x32f4)",4
UNI_ASSEMBLES_DIFF,bitda,"bit 1,(0x32fd)",4
UNI_ASSEMBLES_DIFF,bitda,"bit 1,(0x330b)",4
UNI_ASSEMBLES_DIFF,bitda,"bit 1,(0x35b1)",4
UNI_ASSEMBLES_DIFF,bitda,"bit 1,(0x364a)",4
UNI_ASSEMBLES_DIFF,bitda,"bit 1,(0x379b)",4
UNI_ASSEMBLES_DIFF,bitda,"bit 1,(0x8d8c)",4
UNI_ASSEMBLES_DIFF,bit_dd8,"bit 1,(0x97)",4
UNI_ASSEMBLES_DIFF,bitda,"bit 1,(0xc1f0)",4
UNI_ASSEMBLES_DIFF,bitda,"bit 2,(0x3283)",4
UNI_ASSEMBLES_DIFF,bitda,"bit 2,(0x332c)",4
UNI_ASSEMBLES_DIFF,bitda,"bit 2,(0x3470)",4
UNI_ASSEMBLES_DIFF,bitda,"bit 2,(0x347e)",4
UNI_ASSEMBLES_DIFF,bitda,"bit 2,(0x347f)",4
UNI_ASSEMBLES_DIFF,bitda,"bit 2,(0x35b1)",4
UNI_ASSEMBLES_DIFF,bitda,"bit 2,(0x379b)",4
UNI_ASSEMBLES_DIFF,bit_dd8,"bit 2,(0x44)",4
UNI_ASSEMBLES_DIFF,bit_dd8,"bit 3,(0x1e)",4
UNI_ASSEMBLES_DIFF,bitda,"bit 3,(0x332c)",4
UNI_ASSEMBLES_DIFF,bitda,"bit 3,(0x3470)",4
UNI_ASSEMBLES_DIFF,bitda,"bit 3,(0x34cf)",4
UNI_ASSEMBLES_DIFF,bitda,"bit 3,(0x35b1)",4
UNI_ASSEMBLES_DIFF,bit_dd8,"bit 3,(0x95)",4
UNI_ASSEMBLES_DIFF,bitda,"bit 3,(0xc1f0)",4
UNI_ASSEMBLES_DIFF,bitda,"bit 3,(0xfd50)",4
UNI_ASSEMBLES_DIFF,bitda,"bit 3,(0xfd58)",4
UNI_ASSEMBLES_DIFF,bitda,"bit 4,(0x332c)",4
UNI_ASSEMBLES_DIFF,bitda,"bit 4,(0x3470)",4
UNI_ASSEMBLES_DIFF,bitda,"bit 4,(0x34d0)",4
UNI_ASSEMBLES_DIFF,bitda,"bit 4,(0x35b1)",4
UNI_ASSEMBLES_DIFF,bitda,"bit 4,(0x372d)",4
UNI_ASSEMBLES_DIFF,bitda,"bit 4,(0xbd1a)",4
UNI_ASSEMBLES_DIFF,bitda,"bit 5,(0x0432)",4
UNI_ASSEMBLES_DIFF,bitda,"bit 5,(0x332c)",4
UNI_ASSEMBLES_DIFF,bitda,"bit 5,(0x3470)",4
UNI_ASSEMBLES_DIFF,bitda,"bit 5,(0x35b1)",4
UNI_ASSEMBLES_DIFF,bitda,"bit 5,(0xfbe5)",4
UNI_ASSEMBLES_DIFF,bitda,"bit 6,(0xfd50)",4
UNI_ASSEMBLES_DIFF,bitda,"bit 6,(0xfd53)",4
UNI_ASSEMBLES_DIFF,bitda,"bit 7,(0x33d4)",4
UNI_ASSEMBLES_DIFF,bitda,"bit 7,(0x34d0)",4
UNI_ASSEMBLES_DIFF,bitda,"bit 7,(0x3558)",4
UNI_ASSEMBLES_DIFF,bitda,"bit 7,(0x7d88)",4
UNI_ASSEMBLES_DIFF,bitda,"bit 7,(0xb7e2)",4
UNI_ASSEMBLES_DIFF,cpdm8,"cp (0x0e4a),A",4
UNI_ASSEMBLES_DIFF,cpdi8,"cp (0x0eb7),0x48",4
UNI_ASSEMBLES_DIFF,cpdi8,"cp (0x26fc),0x01",4
UNI_ASSEMBLES_DIFF,cpdi8,"cp (0x323c),0x00",4
UNI_ASSEMBLES_DIFF,cpdi8,"cp (0x32b4),0x00",4
UNI_ASSEMBLES_DIFF,cpdi8,"cp (0x32b4),0xff",4
UNI_ASSEMBLES_DIFF,cpdi8,"cp (0x333a),0x03",4
UNI_ASSEMBLES_DIFF,cpdi8,"cp (0x3384),0x08",4
UNI_ASSEMBLES_DIFF,cpdm8,"cp (0x3424),A",4
UNI_ASSEMBLES_DIFF,cpdi8,"cp (0x342d),0x91",4
UNI_ASSEMBLES_DIFF,cpdi8,"cp (0x3453),0x10",4
UNI_ASSEMBLES_DIFF,cpdi8,"cp (0x3453),0x1a",4
UNI_ASSEMBLES_DIFF,cpdi8,"cp (0x348a),0x06",4
UNI_ASSEMBLES_DIFF,cpdi8,"cp (0x34a6),0x00",4
UNI_ASSEMBLES_DIFF,cpdi8,"cp (0x34d7),0x02",4
UNI_ASSEMBLES_DIFF,cpdi8,"cp (0x34d9),0x05",4
UNI_ASSEMBLES_DIFF,cpdi8,"cp (0x34db),0x00",4
UNI_ASSEMBLES_DIFF,cpdi8,"cp (0x34db),0x01",4
UNI_ASSEMBLES_DIFF,cpdi8,"cp (0x34db),0x04",4
UNI_ASSEMBLES_DIFF,cpdi8,"cp (0x34ed),0x84",4
UNI_ASSEMBLES_DIFF,cpdi8,"cp (0x34ed),0x88",4
UNI_ASSEMBLES_DIFF,cpdi8,"cp (0x34ef),0x00",4
UNI_ASSEMBLES_DIFF,cpdi8,"cp (0x34ef),0x01",4
UNI_ASSEMBLES_DIFF,cpdi8,"cp (0x34ef),0x02",4
UNI_ASSEMBLES_DIFF,cpdi8,"cp (0x34ef),0x03",4
UNI_ASSEMBLES_DIFF,cpdi8,"cp (0x34ef),0x1a",4
UNI_ASSEMBLES_DIFF,cpdm16,"cp (0x3666),BC",4
UNI_ASSEMBLES_DIFF,cpdi8,"cp (0x36f9),0x91",4
UNI_ASSEMBLES_DIFF,cpdi8,"cp (0x3746),0x00",4
UNI_ASSEMBLES_DIFF,cpdi8,"cp (0x37c9),0x01",4
UNI_ASSEMBLES_DIFF,cpdi8,"cp (0x37c9),0x02",4
UNI_ASSEMBLES_DIFF,cpdi8,"cp (0x37c9),0x04",4
UNI_ASSEMBLES_DIFF,cpdi8,"cp (0x37c9),0x08",4
UNI_ASSEMBLES_DIFF,cpdi8,"cp (0x37c9),0x10",4
UNI_ASSEMBLES_DIFF,cpdi8,"cp (0x37c9),0x20",4
UNI_ASSEMBLES_DIFF,cpdm8,"cp (0x38d0),C",4
UNI_ASSEMBLES_DIFF,cpdi8,"cp (0x39a7),0x00",4
UNI_ASSEMBLES_DIFF,cpdi8,"cp (0x39a7),0x01",4
UNI_ASSEMBLES_DIFF,cpdi8,"cp (0x39a7),0x02",4
UNI_ASSEMBLES_DIFF,cpdi8,"cp (0x39a8),0x00",4
UNI_ASSEMBLES_DIFF,cpdi8,"cp (0x39a8),0x01",4
UNI_ASSEMBLES_DIFF,cpdi8,"cp (0x3a80),0x01",4
UNI_ASSEMBLES_DIFF,cpdi8,"cp (0x48da),0x00",4
UNI_ASSEMBLES_DIFF,cpdi8,"cp (0x7e25),0x80",4
UNI_ASSEMBLES_DIFF,cpdi8,"cp (0x7e52),0x01",4
UNI_ASSEMBLES_DIFF,cpdi8,"cp (0x7e54),0x00",4
UNI_ASSEMBLES_DIFF,cpdi8,"cp (0x8a0c),0x01",4
UNI_ASSEMBLES_DIFF,cpdi8,"cp (0x8a0c),0x02",4
UNI_ASSEMBLES_DIFF,cpdi8,"cp (0x8a2d),0x09",4
UNI_ASSEMBLES_DIFF,cpdi8,"cp (0x8c98),0x0e",4
UNI_ASSEMBLES_DIFF,cpdi8,"cp (0x8c9a),0x6c",4
UNI_ASSEMBLES_DIFF,cpdi8,"cp (0x8c9a),0x70",4
UNI_ASSEMBLES_DIFF,cpdi8,"cp (0x8c9a),0x71",4
UNI_ASSEMBLES_DIFF,cpdi8,"cp (0x8c9a),0x73",4
UNI_ASSEMBLES_DIFF,cpdi8,"cp (0x8c9a),0x74",4
UNI_ASSEMBLES_DIFF,cpdi8,"cp (0x8c9a),0x75",4
UNI_ASSEMBLES_DIFF,cpdi8,"cp (0x8c9a),0x76",4
UNI_ASSEMBLES_DIFF,cpdi8,"cp (0x8d34),0x0a",4
UNI_ASSEMBLES_DIFF,cpdi8,"cp (0x8d34),0x10",4
UNI_ASSEMBLES_DIFF,cpdi8,"cp (0x8d36),0x51",4
UNI_ASSEMBLES_DIFF,cpdi8,"cp (0x8d36),0x60",4
UNI_ASSEMBLES_DIFF,cpdi8,"cp (0x8d36),0x67",4
UNI_ASSEMBLES_DIFF,cpdi8,"cp (0x8d36),0x6d",4
UNI_ASSEMBLES_DIFF,cpdi8,"cp (0x8d36),0x6e",4
UNI_ASSEMBLES_DIFF,cpdi8,"cp (0x8d36),0x81",4
UNI_ASSEMBLES_DIFF,cpdi8,"cp (0x8d36),0x88",4
UNI_ASSEMBLES_DIFF,cpdi8,"cp (0x8d36),0x8e",4
UNI_ASSEMBLES_DIFF,cpdi8,"cp (0x8d36),0x98",4
UNI_ASSEMBLES_DIFF,cpdi8,"cp (0x8d36),0xb4",4
UNI_ASSEMBLES_DIFF,cpdi8,"cp (0x8d36),0xb5",4
UNI_ASSEMBLES_DIFF,cpdi8,"cp (0x8d36),0xc9",4
UNI_ASSEMBLES_DIFF,cpdi8,"cp (0x8d36),0xdc",4
UNI_ASSEMBLES_DIFF,cpdi8,"cp (0x8d36),0xf6",4
UNI_ASSEMBLES_DIFF,cpdi8,"cp (0x8d37),0x78",4
UNI_ASSEMBLES_DIFF,cpdi8,"cp (0x8d37),0x7a",4
UNI_ASSEMBLES_DIFF,cpdi8,"cp (0x8d37),0xb2",4
UNI_ASSEMBLES_DIFF,cpdi8,"cp (0x8d37),0xb5",4
UNI_ASSEMBLES_DIFF,cpdi8,"cp (0x8d38),0x20",4
UNI_ASSEMBLES_DIFF,cpdi8,"cp (0x8d38),0xec",4
UNI_ASSEMBLES_DIFF,cpdi8,"cp (0x8d8b),0x00",4
UNI_ASSEMBLES_DIFF,cpdi8,"cp (0x8d8b),0x01",4
UNI_ASSEMBLES_DIFF,cpdi8,"cp (0xbd3c),0xff",4
UNI_ASSEMBLES_DIFF,cpdi8,"cp (0xc07d),0x03",4
UNI_ASSEMBLES_DIFF,cpdi8,"cp (0xc07d),0x20",4
UNI_ASSEMBLES_DIFF,cpdi8,"cp (0xc07e),0x00",4
UNI_ASSEMBLES_DIFF,cpdi8,"cp (0xc07f),0x00",4
UNI_ASSEMBLES_DIFF,cpdi8,"cp (0xc1ff),0x00",4
UNI_ASSEMBLES_DIFF,cpdi8,"cp (0xc1ff),0x01",4
UNI_ASSEMBLES_DIFF,cpdi8,"cp (0xceb3),0x00",4
UNI_ASSEMBLES_DIFF,cpdi8,"cp (0xceb5),0x00",4
UNI_ASSEMBLES_DIFF,cpdi8,"cp (0xcedf),0x00",4
UNI_ASSEMBLES_DIFF,cpdi8,"cp (0xe9c4),0x00",4
UNI_ASSEMBLES_DIFF,cpdi8,"cp (0xe9e4),0x01",4
UNI_ASSEMBLES_DIFF,cpda8,"cp A,(0x045d)",4
UNI_ASSEMBLES_DIFF,cpda8,"cp A,(0x0dc2)",4
UNI_ASSEMBLES_DIFF,cpda8,"cp A,(0x0e01)",4
UNI_ASSEMBLES_DIFF,cpda8,"cp A,(0x32f6)",4
UNI_ASSEMBLES_DIFF,cpda8,"cp A,(0x3306)",4
UNI_ASSEMBLES_DIFF,cpda8,"cp A,(0x3364)",4
UNI_ASSEMBLES_DIFF,cpda8,"cp A,(0x3366)",4
UNI_ASSEMBLES_DIFF,cpda8,"cp A,(0x3368)",4
UNI_ASSEMBLES_DIFF,cpda8,"cp A,(0x336a)",4
UNI_ASSEMBLES_DIFF,cpda8,"cp A,(0x336c)",4
UNI_ASSEMBLES_DIFF,cpda8,"cp A,(0x336e)",4
UNI_ASSEMBLES_DIFF,cpda8,"cp A,(0x3377)",4
UNI_ASSEMBLES_DIFF,cpda8,"cp A,(0x342f)",4
UNI_ASSEMBLES_DIFF,cpda8,"cp A,(0x34d9)",4
UNI_ASSEMBLES_DIFF,cpda8,"cp A,(0x36f8)",4
UNI_ASSEMBLES_DIFF,cpda8,"cp A,(0x3a4e)",4
UNI_ASSEMBLES_DIFF,cpda8,"cp A,(0x889a)",4
UNI_ASSEMBLES_DIFF,cpda8,"cp A,(0x889c)",4
UNI_ASSEMBLES_DIFF,cpda8,"cp A,(0x8c9b)",4
UNI_ASSEMBLES_DIFF,cpda8,"cp A,(0x8c9c)",4
UNI_ASSEMBLES_DIFF,cpda8,"cp A,(0x8d36)",4
UNI_ASSEMBLES_DIFF,cpda8,"cp A,(0x8d39)",4
UNI_ASSEMBLES_DIFF,cpda8,"cp A,(0x8d3a)",4
UNI_ASSEMBLES_DIFF,cpda8,"cp A,(0xceaa)",4
UNI_ASSEMBLES_DIFF,cpda16,"cp BC,(0x360a)",4
UNI_ASSEMBLES_DIFF,cpda16,"cp BC,(0xcf17)",4
UNI_ASSEMBLES_DIFF,cpda8,"cp C,(0x3368)",4
UNI_ASSEMBLES_DIFF,cpda8,"cp C,(0x38d1)",4
UNI_ASSEMBLES_DIFF,cpda8,"cp C,(0x8920)",4
UNI_ASSEMBLES_DIFF,cpda16,"cp IX,(0x7e04)",4
UNI_ASSEMBLES_DIFF,cpda16,"cp IZ,(0x29aa)",4
UNI_ASSEMBLES_DIFF,cpda16,"cp IZ,(0xc4ca)",4
UNI_ASSEMBLES_DIFF,cpda8,"cp L,(0x3376)",4
UNI_ASSEMBLES_DIFF,cpda8,"cp L,(0x7dfc)",4
UNI_ASSEMBLES_DIFF,cpda16,"cp WA,(0x045e)",4
UNI_ASSEMBLES_DIFF,cpda16,"cp WA,(0x0d3a)",4
UNI_ASSEMBLES_DIFF,cpda16,"cp WA,(0x0dea)",4
UNI_ASSEMBLES_DIFF,cpda16,"cp WA,(0x3374)",4
UNI_ASSEMBLES_DIFF,cpda16,"cp WA,(0x3447)",4
UNI_ASSEMBLES_DIFF,cpda16,"cp WA,(0x35e2)",4
UNI_ASSEMBLES_DIFF,cpda16,"cp WA,(0x35e4)",4
UNI_ASSEMBLES_DIFF,cpda16,"cp WA,(0x360e)",4
UNI_ASSEMBLES_DIFF,cpda16,"cp WA,(0x48d8)",4
UNI_ASSEMBLES_DIFF,cpda16,"cp WA,(0x7f64)",4
UNI_ASSEMBLES_DIFF,cpda16,"cp WA,(0x8b08)",4
UNI_ASSEMBLES_DIFF,cpda32,"cp XWA,(0x0c20)",4
UNI_ASSEMBLES_DIFF,decdi8,"dec 1,(0x333a)",4
UNI_ASSEMBLES_DIFF,decdi8,"dec 1,(0x889a)",4
UNI_ASSEMBLES_DIFF,decdi8,"dec 1,(0x893a)",4
UNI_ASSEMBLES_DIFF,decdi8,"dec 1,(0x8d8b)",4
UNI_ASSEMBLES_DIFF,decdi16,"decw 1,(0x259a)",4
UNI_ASSEMBLES_DIFF,decdi16,"decw 1,(0x7e18)",4
UNI_ASSEMBLES_DIFF,ex_sd16b,"ex (0x0458),W",4
UNI_ASSEMBLES_DIFF,incdi8,"inc 1,(0x0e49)",4
UNI_ASSEMBLES_DIFF,incdi8,"inc 1,(0x3384)",4
UNI_ASSEMBLES_DIFF,incdi8,"inc 1,(0x34db)",4
UNI_ASSEMBLES_DIFF,incdi8,"inc 1,(0x8800)",4
UNI_ASSEMBLES_DIFF,incdi8,"inc 1,(0x8a2d)",4
UNI_ASSEMBLES_DIFF,incdi8,"inc 1,(0xb7dd)",4
UNI_ASSEMBLES_DIFF,incdi16,"incw 1,(0x0cae)",4
UNI_ASSEMBLES_DIFF,incdi16,"incw 1,(0x0fd5)",4
UNI_ASSEMBLES_DIFF,incdi16,"incw 1,(0x1248)",4
UNI_ASSEMBLES_DIFF,incdi16,"incw 1,(0x2530)",4
UNI_ASSEMBLES_DIFF,incdi16,"incw 1,(0x2ae0)",4
UNI_ASSEMBLES_DIFF,incdi16,"incw 1,(0x39e6)",4
UNI_ASSEMBLES_DIFF,incdi16,"incw 1,(0x8d9f)",4
UNI_ASSEMBLES_DIFF,stdi8,"ld (0x00d0),0xfe",4
UNI_ASSEMBLES_DIFF,stdi8,"ld (0x0100),0x0a",4
UNI_ASSEMBLES_DIFF,stdi8,"ld (0x0100),0xd8",4
UNI_ASSEMBLES_DIFF,stdi8,"ld (0x0130),0xff",4
UNI_ASSEMBLES_DIFF,stdi8,"ld (0x0131),0x00",4
UNI_ASSEMBLES_DIFF,stb_d8,"ld (0x0131),A",4
UNI_ASSEMBLES_DIFF,stdi8,"ld (0x0132),0x03",4
UNI_ASSEMBLES_DIFF,stdi8,"ld (0x0140),0x11",4
UNI_ASSEMBLES_DIFF,stdi8,"ld (0x0141),0x80",4
UNI_ASSEMBLES_DIFF,stdi8,"ld (0x0142),0x0f",4
UNI_ASSEMBLES_DIFF,stdi8,"ld (0x0143),0x1e",4
UNI_ASSEMBLES_DIFF,stdi8,"ld (0x0144),0x33",4
UNI_ASSEMBLES_DIFF,stdi8,"ld (0x0146),0x3f",4
UNI_ASSEMBLES_DIFF,stdi8,"ld (0x0147),0x10",4
UNI_ASSEMBLES_DIFF,stdi8,"ld (0x0148),0x11",4
UNI_ASSEMBLES_DIFF,stdi8,"ld (0x0149),0xc2",4
UNI_ASSEMBLES_DIFF,stdi8,"ld (0x014a),0x7f",4
UNI_ASSEMBLES_DIFF,stdi8,"ld (0x014b),0xc0",4
UNI_ASSEMBLES_DIFF,stdi8,"ld (0x0150),0x11",4
UNI_ASSEMBLES_DIFF,stdi8,"ld (0x0151),0x82",4
UNI_ASSEMBLES_DIFF,stdi8,"ld (0x0152),0xff",4
UNI_ASSEMBLES_DIFF,stdi8,"ld (0x0153),0x80",4
UNI_ASSEMBLES_DIFF,stdi8,"ld (0x0154),0x22",4
UNI_ASSEMBLES_DIFF,stdi8,"ld (0x0156),0xff",4
UNI_ASSEMBLES_DIFF,stdi8,"ld (0x0157),0x00",4
UNI_ASSEMBLES_DIFF,stdi8,"ld (0x0165),0x81",4
UNI_ASSEMBLES_DIFF,stdi8,"ld (0x0424),0xf0",4
UNI_ASSEMBLES_DIFF,stda16,"ld (0x0475),HL",4
UNI_ASSEMBLES_DIFF,stdi8,"ld (0x0518),0x00",4
UNI_ASSEMBLES_DIFF,stdi8,"ld (0x0c03),0x00",4
UNI_ASSEMBLES_DIFF,stdi8,"ld (0x0c05),0xe4",4
UNI_ASSEMBLES_DIFF,stb_d8,"ld (0x0c24),A",4
UNI_ASSEMBLES_DIFF,stb_d8,"ld (0x0c25),A",4
UNI_ASSEMBLES_DIFF,stb_d8,"ld (0x0c2f),A",4
UNI_ASSEMBLES_DIFF,stb_d8,"ld (0x0c34),A",4
UNI_ASSEMBLES_DIFF,stdi8,"ld (0x0c36),0x00",4
UNI_ASSEMBLES_DIFF,stdi8,"ld (0x0c52),0x00",4
UNI_ASSEMBLES_DIFF,stb_d8,"ld (0x0c57),A",4
UNI_ASSEMBLES_DIFF,stb_d8,"ld (0x0c5a),A",4
UNI_ASSEMBLES_DIFF,stdi8,"ld (0x0c5c),0x02",4
UNI_ASSEMBLES_DIFF,stb_d8,"ld (0x0c72),A",4
UNI_ASSEMBLES_DIFF,stdi8,"ld (0x0c7f),0x1d",4
UNI_ASSEMBLES_DIFF,stda16,"ld (0x0c88),WA",4
UNI_ASSEMBLES_DIFF,stda16,"ld (0x0c90),HL",4
UNI_ASSEMBLES_DIFF,stda16,"ld (0x0cd2),IY",4
UNI_ASSEMBLES_DIFF,stda16,"ld (0x0cda),IX",4
UNI_ASSEMBLES_DIFF,stda16,"ld (0x0cde),IY",4
UNI_ASSEMBLES_DIFF,stda16,"ld (0x0cde),WA",4
UNI_ASSEMBLES_DIFF,stda16,"ld (0x0d04),IX",4
UNI_ASSEMBLES_DIFF,stdi8,"ld (0x0d18),0x00",4
UNI_ASSEMBLES_DIFF,stb_d8,"ld (0x0d18),L",4
UNI_ASSEMBLES_DIFF,stb_d8,"ld (0x0d1c),A",4
UNI_ASSEMBLES_DIFF,stda16,"ld (0x0d40),WA",4
UNI_ASSEMBLES_DIFF,stb_d8,"ld (0x0d44),L",4
UNI_ASSEMBLES_DIFF,stdi8,"ld (0x0d4a),0x01",4
UNI_ASSEMBLES_DIFF,stda16,"ld (0x0dac),BC",4
UNI_ASSEMBLES_DIFF,stb_d8,"ld (0x0dc8),W",4
UNI_ASSEMBLES_DIFF,stb_d8,"ld (0x0dcd),A",4
UNI_ASSEMBLES_DIFF,stb_d8,"ld (0x0dd1),A",4
UNI_ASSEMBLES_DIFF,stb_d8,"ld (0x0ddb),A",4
UNI_ASSEMBLES_DIFF,stb_d8,"ld (0x0de0),A",4
UNI_ASSEMBLES_DIFF,stb_d8,"ld (0x0de3),A",4
UNI_ASSEMBLES_DIFF,stdi8,"ld (0x0df3),0x03",4
UNI_ASSEMBLES_DIFF,stb_d8,"ld (0x0df4),A",4
UNI_ASSEMBLES_DIFF,stb_d8,"ld (0x0df5),A",4
UNI_ASSEMBLES_DIFF,stda16,"ld (0x0e2b),WA",4
UNI_ASSEMBLES_DIFF,stda16,"ld (0x0e2d),WA",4
UNI_ASSEMBLES_DIFF,stb_d8,"ld (0x0e3f),A",4
UNI_ASSEMBLES_DIFF,stda16,"ld (0x0e4c),IY",4
UNI_ASSEMBLES_DIFF,stb_d8,"ld (0x0e50),A",4
UNI_ASSEMBLES_DIFF,stdi8,"ld (0x0e53),0x04",4
UNI_ASSEMBLES_DIFF,stb_d8,"ld (0x0e53),E",4
UNI_ASSEMBLES_DIFF,stb_d8,"ld (0x0e53),W",4
UNI_ASSEMBLES_DIFF,stdi8,"ld (0x0e5a),0x10",4
UNI_ASSEMBLES_DIFF,stda16,"ld (0x0eea),WA",4
UNI_ASSEMBLES_DIFF,stda32,"ld (0x0ef0),XHL",4
UNI_ASSEMBLES_DIFF,stb_d8,"ld (0x0ef4),A",4
UNI_ASSEMBLES_DIFF,stdi8,"ld (0x0ef5),0x03",4
UNI_ASSEMBLES_DIFF,stb_d8,"ld (0x0ef6),A",4
UNI_ASSEMBLES_DIFF,stdi8,"ld (0x0efb),0x02",4
UNI_ASSEMBLES_DIFF,stdi8,"ld (0x0f63),0x00",4
UNI_ASSEMBLES_DIFF,stda16,"ld (0x0fd6),WA",4
UNI_ASSEMBLES_DIFF,stb_d8,"ld (0x1006),A",4
UNI_ASSEMBLES_DIFF,stdi8,"ld (0x106d),0x00",4
UNI_ASSEMBLES_DIFF,stda16,"ld (0x1090),DE",4
UNI_ASSEMBLES_DIFF,stb_d8,"ld (0x10ec),A",4
UNI_ASSEMBLES_DIFF,stb_d8,"ld (0x10f2),A",4
UNI_ASSEMBLES_DIFF,stb_d8,"ld (0x10f3),W",4
UNI_ASSEMBLES_DIFF,stda16,"ld (0x117a),WA",4
UNI_ASSEMBLES_DIFF,stda16,"ld (0x117c),WA",4
UNI_ASSEMBLES_DIFF,stdi8,"ld (0x11aa),0xff",4
UNI_ASSEMBLES_DIFF,stda16,"ld (0x11aa),BC",4
UNI_ASSEMBLES_DIFF,stda16,"ld (0x11aa),DE",4
UNI_ASSEMBLES_DIFF,stdi8,"ld (0x11ab),0xff",4
UNI_ASSEMBLES_DIFF,stdi8,"ld (0x11ac),0x1f",4
UNI_ASSEMBLES_DIFF,stb_d8,"ld (0x11ac),A",4
UNI_ASSEMBLES_DIFF,stdi8,"ld (0x11b1),0x00",4
UNI_ASSEMBLES_DIFF,stdi8,"ld (0x1238),0x03",4
UNI_ASSEMBLES_DIFF,stdi8,"ld (0x1268),0x01",4
UNI_ASSEMBLES_DIFF,stb_d8,"ld (0x12f9),A",4
UNI_ASSEMBLES_DIFF,stb_d8,"ld (0x12fa),A",4
UNI_ASSEMBLES_DIFF,stb_d8,"ld (0x1303),A",4
UNI_ASSEMBLES_DIFF,stda32,"ld (0x133a),XWA",4
UNI_ASSEMBLES_DIFF,stda16,"ld (0x1948),WA",4
UNI_ASSEMBLES_DIFF,stda16,"ld (0x194b),DE",4
UNI_ASSEMBLES_DIFF,stdi8,"ld (0x2000),0xff",4
UNI_ASSEMBLES_DIFF,stdi8,"ld (0x2070),0x34",4
UNI_ASSEMBLES_DIFF,stdi8,"ld (0x2070),0xb0",4
UNI_ASSEMBLES_DIFF,stdi8,"ld (0x2070),0xb7",4
UNI_ASSEMBLES_DIFF,stdi8,"ld (0x209b),0x83",4
UNI_ASSEMBLES_DIFF,stdi8,"ld (0x209c),0x00",4
UNI_ASSEMBLES_DIFF,stdi8,"ld (0x209c),0x03",4
UNI_ASSEMBLES_DIFF,stdi8,"ld (0x209c),0x06",4
UNI_ASSEMBLES_DIFF,stdi8,"ld (0x20a2),0x00",4
UNI_ASSEMBLES_DIFF,stb_d8,"ld (0x216b),L",4
UNI_ASSEMBLES_DIFF,stb_d8,"ld (0x2208),A",4
UNI_ASSEMBLES_DIFF,stb_d8,"ld (0x2209),A",4
UNI_ASSEMBLES_DIFF,stda16,"ld (0x2520),WA",4
UNI_ASSEMBLES_DIFF,stda16,"ld (0x2522),WA",4
UNI_ASSEMBLES_DIFF,stda32,"ld (0x259f),XIX",4
UNI_ASSEMBLES_DIFF,stb_d8,"ld (0x2646),A",4
UNI_ASSEMBLES_DIFF,stda32,"ld (0x2666),XWA",4
UNI_ASSEMBLES_DIFF,stb_d8,"ld (0x2670),A",4
UNI_ASSEMBLES_DIFF,stdi8,"ld (0x2684),0x07",4
UNI_ASSEMBLES_DIFF,stdi8,"ld (0x2700),0x00",4
UNI_ASSEMBLES_DIFF,stdi8,"ld (0x2730),0x01",4
UNI_ASSEMBLES_DIFF,stda16,"ld (0x274a),BC",4
UNI_ASSEMBLES_DIFF,stdi8,"ld (0x2768),0x00",4
UNI_ASSEMBLES_DIFF,stdi8,"ld (0x2776),0x00",4
UNI_ASSEMBLES_DIFF,stdi8,"ld (0x2798),0x00",4
UNI_ASSEMBLES_DIFF,stdi8,"ld (0x2806),0x00",4
UNI_ASSEMBLES_DIFF,stb_d8,"ld (0x28b1),C",4
UNI_ASSEMBLES_DIFF,stda16,"ld (0x293e),WA",4
UNI_ASSEMBLES_DIFF,stdi8,"ld (0x2a81),0x00",4
UNI_ASSEMBLES_DIFF,stda16,"ld (0x2a90),IY",4
UNI_ASSEMBLES_DIFF,stda16,"ld (0x3004),IZ",4
UNI_ASSEMBLES_DIFF,stda16,"ld (0x3006),IZ",4
UNI_ASSEMBLES_DIFF,stda16,"ld (0x31fb),WA",4
UNI_ASSEMBLES_DIFF,stda16,"ld (0x31fd),WA",4
UNI_ASSEMBLES_DIFF,stda16,"ld (0x31ff),WA",4
UNI_ASSEMBLES_DIFF,stda16,"ld (0x3201),WA",4
UNI_ASSEMBLES_DIFF,stda16,"ld (0x3203),WA",4
UNI_ASSEMBLES_DIFF,stda16,"ld (0x3205),WA",4
UNI_ASSEMBLES_DIFF,stda32,"ld (0x3232),XIY",4
UNI_ASSEMBLES_DIFF,stb_d8,"ld (0x323d),A",4
UNI_ASSEMBLES_DIFF,stb_d8,"ld (0x3246),A",4
UNI_ASSEMBLES_DIFF,stb_d8,"ld (0x3247),A",4
UNI_ASSEMBLES_DIFF,stb_d8,"ld (0x324d),A",4
UNI_ASSEMBLES_DIFF,stb_d8,"ld (0x324e),W",4
UNI_ASSEMBLES_DIFF,stb_d8,"ld (0x3254),A",4
UNI_ASSEMBLES_DIFF,stb_d8,"ld (0x3255),W",4
UNI_ASSEMBLES_DIFF,stb_d8,"ld (0x3257),A",4
UNI_ASSEMBLES_DIFF,stb_d8,"ld (0x325c),W",4
UNI_ASSEMBLES_DIFF,stb_d8,"ld (0x3263),W",4
UNI_ASSEMBLES_DIFF,stb_d8,"ld (0x3265),A",4
UNI_ASSEMBLES_DIFF,stda32,"ld (0x3277),XWA",4
UNI_ASSEMBLES_DIFF,stb_d8,"ld (0x329c),A",4
UNI_ASSEMBLES_DIFF,stb_d8,"ld (0x32b1),W",4
UNI_ASSEMBLES_DIFF,stb_d8,"ld (0x32b4),A",4
UNI_ASSEMBLES_DIFF,stb_d8,"ld (0x32b5),A",4
UNI_ASSEMBLES_DIFF,stb_d8,"ld (0x32b6),A",4
UNI_ASSEMBLES_DIFF,stb_d8,"ld (0x32b7),A",4
UNI_ASSEMBLES_DIFF,stb_d8,"ld (0x32b8),A",4
UNI_ASSEMBLES_DIFF,stb_d8,"ld (0x32b9),A",4
UNI_ASSEMBLES_DIFF,stb_d8,"ld (0x32ba),A",4
UNI_ASSEMBLES_DIFF,stb_d8,"ld (0x32bd),A",4
UNI_ASSEMBLES_DIFF,stb_d8,"ld (0x32be),A",4
UNI_ASSEMBLES_DIFF,stb_d8,"ld (0x32bf),A",4
UNI_ASSEMBLES_DIFF,stb_d8,"ld (0x32c0),A",4
UNI_ASSEMBLES_DIFF,stb_d8,"ld (0x32c1),A",4
UNI_ASSEMBLES_DIFF,stb_d8,"ld (0x32c2),A",4
UNI_ASSEMBLES_DIFF,stda32,"ld (0x32ce),XWA",4
UNI_ASSEMBLES_DIFF,stda32,"ld (0x32d3),XIY",4
UNI_ASSEMBLES_DIFF,stda16,"ld (0x32d6),WA",4
UNI_ASSEMBLES_DIFF,stdi8,"ld (0x32e2),0x00",4
UNI_ASSEMBLES_DIFF,stdi8,"ld (0x32e2),0x01",4
UNI_ASSEMBLES_DIFF,stb_d8,"ld (0x32e5),A",4
UNI_ASSEMBLES_DIFF,stb_d8,"ld (0x32e6),A",4
UNI_ASSEMBLES_DIFF,stb_d8,"ld (0x32e7),A",4
UNI_ASSEMBLES_DIFF,stb_d8,"ld (0x32e8),A",4
UNI_ASSEMBLES_DIFF,stdi8,"ld (0x32f5),0xff",4
UNI_ASSEMBLES_DIFF,stb_d8,"ld (0x32fb),A",4
UNI_ASSEMBLES_DIFF,stb_d8,"ld (0x32fd),A",4
UNI_ASSEMBLES_DIFF,stb_d8,"ld (0x32ff),A",4
UNI_ASSEMBLES_DIFF,stb_d8,"ld (0x333a),A",4
UNI_ASSEMBLES_DIFF,stda16,"ld (0x333c),IY",4
UNI_ASSEMBLES_DIFF,stb_d8,"ld (0x3370),A",4
UNI_ASSEMBLES_DIFF,stda16,"ld (0x3374),WA",4
UNI_ASSEMBLES_DIFF,stb_d8,"ld (0x3377),A",4
UNI_ASSEMBLES_DIFF,stb_d8,"ld (0x3381),A",4
UNI_ASSEMBLES_DIFF,stb_d8,"ld (0x3382),A",4
UNI_ASSEMBLES_DIFF,stb_d8,"ld (0x3383),A",4
UNI_ASSEMBLES_DIFF,stdi8,"ld (0x3384),0x00",4
UNI_ASSEMBLES_DIFF,stb_d8,"ld (0x3385),A",4
UNI_ASSEMBLES_DIFF,stb_d8,"ld (0x3386),A",4
UNI_ASSEMBLES_DIFF,stb_d8,"ld (0x3389),A",4
UNI_ASSEMBLES_DIFF,stb_d8,"ld (0x338a),A",4
UNI_ASSEMBLES_DIFF,stdi8,"ld (0x338c),0x04",4
UNI_ASSEMBLES_DIFF,stdi8,"ld (0x338c),0x05",4
UNI_ASSEMBLES_DIFF,stdi8,"ld (0x338c),0x06",4
UNI_ASSEMBLES_DIFF,stdi8,"ld (0x338c),0x07",4
UNI_ASSEMBLES_DIFF,stdi8,"ld (0x338e),0x00",4
UNI_ASSEMBLES_DIFF,stdi8,"ld (0x338e),0x01",4
UNI_ASSEMBLES_DIFF,stdi8,"ld (0x338f),0x00",4
UNI_ASSEMBLES_DIFF,stb_d8,"ld (0x3391),A",4
UNI_ASSEMBLES_DIFF,stdi8,"ld (0x3394),0x00",4
UNI_ASSEMBLES_DIFF,stda16,"ld (0x3395),WA",4
UNI_ASSEMBLES_DIFF,stda16,"ld (0x3397),WA",4
UNI_ASSEMBLES_DIFF,stda16,"ld (0x3399),WA",4
UNI_ASSEMBLES_DIFF,stda16,"ld (0x339b),WA",4
UNI_ASSEMBLES_DIFF,stda16,"ld (0x339d),WA",4
UNI_ASSEMBLES_DIFF,stdi8,"ld (0x339f),0x00",4
UNI_ASSEMBLES_DIFF,stb_d8,"ld (0x33da),C",4
UNI_ASSEMBLES_DIFF,stdi8,"ld (0x33db),0x00",4
UNI_ASSEMBLES_DIFF,stdi8,"ld (0x33e0),0x00",4
UNI_ASSEMBLES_DIFF,stb_d8,"ld (0x33e2),A",4
UNI_ASSEMBLES_DIFF,stb_d8,"ld (0x33ee),A",4
UNI_ASSEMBLES_DIFF,stb_d8,"ld (0x33f1),A",4
UNI_ASSEMBLES_DIFF,stda32,"ld (0x33f2),XWA",4
UNI_ASSEMBLES_DIFF,stb_d8,"ld (0x3424),A",4
UNI_ASSEMBLES_DIFF,stda32,"ld (0x3426),XBC",4
UNI_ASSEMBLES_DIFF,stb_d8,"ld (0x342c),A",4
UNI_ASSEMBLES_DIFF,stdi8,"ld (0x342d),0xd0",4
UNI_ASSEMBLES_DIFF,stb_d8,"ld (0x342d),L",4
UNI_ASSEMBLES_DIFF,stb_d8,"ld (0x342d),W",4
UNI_ASSEMBLES_DIFF,stdi8,"ld (0x342f),0x01",4
UNI_ASSEMBLES_DIFF,stdi8,"ld (0x342f),0x02",4
UNI_ASSEMBLES_DIFF,stdi8,"ld (0x342f),0x03",4
UNI_ASSEMBLES_DIFF,stdi8,"ld (0x342f),0x05",4
UNI_ASSEMBLES_DIFF,stb_d8,"ld (0x342f),W",4
UNI_ASSEMBLES_DIFF,stdi8,"ld (0x3430),0x40",4
UNI_ASSEMBLES_DIFF,stdi8,"ld (0x3430),0x7f",4
UNI_ASSEMBLES_DIFF,stdi8,"ld (0x3431),0x01",4
UNI_ASSEMBLES_DIFF,stdi8,"ld (0x3434),0x00",4
UNI_ASSEMBLES_DIFF,stb_d8,"ld (0x343c),A",4
UNI_ASSEMBLES_DIFF,stda16,"ld (0x3445),WA",4
UNI_ASSEMBLES_DIFF,stda16,"ld (0x3447),WA",4
UNI_ASSEMBLES_DIFF,stda16,"ld (0x3449),IX",4
UNI_ASSEMBLES_DIFF,stda16,"ld (0x344b),IY",4
UNI_ASSEMBLES_DIFF,stda16,"ld (0x344b),WA",4
UNI_ASSEMBLES_DIFF,stdi8,"ld (0x344d),0x06",4
UNI_ASSEMBLES_DIFF,stdi8,"ld (0x344d),0x08",4
UNI_ASSEMBLES_DIFF,stb_d8,"ld (0x3452),W",4
UNI_ASSEMBLES_DIFF,stdi8,"ld (0x3453),0x00",4
UNI_ASSEMBLES_DIFF,stdi8,"ld (0x3455),0x00",4
UNI_ASSEMBLES_DIFF,stb_d8,"ld (0x345b),A",4
UNI_ASSEMBLES_DIFF,stb_d8,"ld (0x3476),C",4
UNI_ASSEMBLES_DIFF,stb_d8,"ld (0x3476),E",4
UNI_ASSEMBLES_DIFF,stdi8,"ld (0x3479),0x00",4
UNI_ASSEMBLES_DIFF,stb_d8,"ld (0x3479),A",4
UNI_ASSEMBLES_DIFF,stdi8,"ld (0x347c),0x00",4
UNI_ASSEMBLES_DIFF,stb_d8,"ld (0x347c),A",4
UNI_ASSEMBLES_DIFF,stb_d8,"ld (0x347c),E",4
UNI_ASSEMBLES_DIFF,stb_d8,"ld (0x347e),A",4
UNI_ASSEMBLES_DIFF,stb_d8,"ld (0x347f),A",4
UNI_ASSEMBLES_DIFF,stb_d8,"ld (0x3481),A",4
UNI_ASSEMBLES_DIFF,stb_d8,"ld (0x3484),A",4
UNI_ASSEMBLES_DIFF,stb_d8,"ld (0x3485),A",4
UNI_ASSEMBLES_DIFF,stdi8,"ld (0x3489),0x05",4
UNI_ASSEMBLES_DIFF,stdi8,"ld (0x3489),0x06",4
UNI_ASSEMBLES_DIFF,stb_d8,"ld (0x3489),B",4
UNI_ASSEMBLES_DIFF,stb_d8,"ld (0x348a),A",4
UNI_ASSEMBLES_DIFF,stda16,"ld (0x349a),IZ",4
UNI_ASSEMBLES_DIFF,stda16,"ld (0x349c),IZ",4
UNI_ASSEMBLES_DIFF,stb_d8,"ld (0x34a5),A",4
UNI_ASSEMBLES_DIFF,stb_d8,"ld (0x34ab),A",4
UNI_ASSEMBLES_DIFF,stdi8,"ld (0x34cc),0x00",4
UNI_ASSEMBLES_DIFF,stb_d8,"ld (0x34cd),A",4
UNI_ASSEMBLES_DIFF,stdi8,"ld (0x34d6),0x06",4
UNI_ASSEMBLES_DIFF,stdi8,"ld (0x34d6),0x07",4
UNI_ASSEMBLES_DIFF,stdi8,"ld (0x34d6),0x09",4
UNI_ASSEMBLES_DIFF,stdi8,"ld (0x34d6),0x1e",4
UNI_ASSEMBLES_DIFF,stdi8,"ld (0x34d6),0x20",4
UNI_ASSEMBLES_DIFF,stb_d8,"ld (0x34d6),H",4
UNI_ASSEMBLES_DIFF,stb_d8,"ld (0x34d7),A",4
UNI_ASSEMBLES_DIFF,stb_d8,"ld (0x34d8),A",4
UNI_ASSEMBLES_DIFF,stdi8,"ld (0x34db),0x04",4
UNI_ASSEMBLES_DIFF,stb_d8,"ld (0x34dc),A",4
UNI_ASSEMBLES_DIFF,stb_d8,"ld (0x34ed),L",4
UNI_ASSEMBLES_DIFF,stdi8,"ld (0x34ee),0x00",4
UNI_ASSEMBLES_DIFF,stb_d8,"ld (0x34ef),A",4
UNI_ASSEMBLES_DIFF,stb_d8,"ld (0x34ef),L",4
UNI_ASSEMBLES_DIFF,stdi8,"ld (0x34fa),0x00",4
UNI_ASSEMBLES_DIFF,stdi8,"ld (0x34fb),0x00",4
UNI_ASSEMBLES_DIFF,stdi8,"ld (0x34fc),0x00",4
UNI_ASSEMBLES_DIFF,stb_d8,"ld (0x3518),A",4
UNI_ASSEMBLES_DIFF,stda16,"ld (0x351a),WA",4
UNI_ASSEMBLES_DIFF,stb_d8,"ld (0x351c),A",4
UNI_ASSEMBLES_DIFF,stda16,"ld (0x351e),WA",4
UNI_ASSEMBLES_DIFF,stda16,"ld (0x3530),WA",4
UNI_ASSEMBLES_DIFF,stda16,"ld (0x3532),WA",4
UNI_ASSEMBLES_DIFF,stb_d8,"ld (0x3540),C",4
UNI_ASSEMBLES_DIFF,stda32,"ld (0x355c),XIY",4
UNI_ASSEMBLES_DIFF,stda32,"ld (0x3560),XIY",4
UNI_ASSEMBLES_DIFF,stda32,"ld (0x3564),XHL",4
UNI_ASSEMBLES_DIFF,stda16,"ld (0x3566),WA",4
UNI_ASSEMBLES_DIFF,stda16,"ld (0x3568),WA",4
UNI_ASSEMBLES_DIFF,stda16,"ld (0x356a),HL",4
UNI_ASSEMBLES_DIFF,stda16,"ld (0x356c),HL",4
UNI_ASSEMBLES_DIFF,stda16,"ld (0x3570),HL",4
UNI_ASSEMBLES_DIFF,stda16,"ld (0x3572),HL",4
UNI_ASSEMBLES_DIFF,stb_d8,"ld (0x358c),A",4
UNI_ASSEMBLES_DIFF,stb_d8,"ld (0x358d),A",4
UNI_ASSEMBLES_DIFF,stb_d8,"ld (0x358e),A",4
UNI_ASSEMBLES_DIFF,stb_d8,"ld (0x358f),A",4
UNI_ASSEMBLES_DIFF,stb_d8,"ld (0x3590),A",4
UNI_ASSEMBLES_DIFF,stda16,"ld (0x35ae),WA",4
UNI_ASSEMBLES_DIFF,stda16,"ld (0x35b8),WA",4
UNI_ASSEMBLES_DIFF,stda16,"ld (0x35ba),BC",4
UNI_ASSEMBLES_DIFF,stda16,"ld (0x35be),WA",4
UNI_ASSEMBLES_DIFF,stda16,"ld (0x35c2),WA",4
UNI_ASSEMBLES_DIFF,stda16,"ld (0x35c8),BC",4
UNI_ASSEMBLES_DIFF,stda16,"ld (0x35ca),WA",4
UNI_ASSEMBLES_DIFF,stdi8,"ld (0x35d5),0x01",4
UNI_ASSEMBLES_DIFF,stdi8,"ld (0x35fe),0x00",4
UNI_ASSEMBLES_DIFF,stdi8,"ld (0x35ff),0x00",4
UNI_ASSEMBLES_DIFF,stda16,"ld (0x360a),WA",4
UNI_ASSEMBLES_DIFF,stda16,"ld (0x3620),WA",4
UNI_ASSEMBLES_DIFF,stdi8,"ld (0x3627),0x01",4
UNI_ASSEMBLES_DIFF,stdi8,"ld (0x3629),0x00",4
UNI_ASSEMBLES_DIFF,stdi8,"ld (0x3629),0x01",4
UNI_ASSEMBLES_DIFF,stdi8,"ld (0x3629),0x02",4
UNI_ASSEMBLES_DIFF,stda32,"ld (0x364c),XWA",4
UNI_ASSEMBLES_DIFF,stda32,"ld (0x3650),XHL",4
UNI_ASSEMBLES_DIFF,stda16,"ld (0x3660),IY",4
UNI_ASSEMBLES_DIFF,stda16,"ld (0x3662),WA",4
UNI_ASSEMBLES_DIFF,stda16,"ld (0x3664),IY",4
UNI_ASSEMBLES_DIFF,stda16,"ld (0x3666),IX",4
UNI_ASSEMBLES_DIFF,stda16,"ld (0x3668),BC",4
UNI_ASSEMBLES_DIFF,stb_d8,"ld (0x367c),A",4
UNI_ASSEMBLES_DIFF,stb_d8,"ld (0x3685),A",4
UNI_ASSEMBLES_DIFF,stb_d8,"ld (0x36eb),A",4
UNI_ASSEMBLES_DIFF,stdi8,"ld (0x36f0),0x03",4
UNI_ASSEMBLES_DIFF,stda16,"ld (0x36fe),WA",4
UNI_ASSEMBLES_DIFF,stda16,"ld (0x3700),WA",4
UNI_ASSEMBLES_DIFF,stda16,"ld (0x3704),IX",4
UNI_ASSEMBLES_DIFF,stdi8,"ld (0x3714),0x04",4
UNI_ASSEMBLES_DIFF,stdi8,"ld (0x3716),0x01",4
UNI_ASSEMBLES_DIFF,stda16,"ld (0x371a),WA",4
UNI_ASSEMBLES_DIFF,stb_d8,"ld (0x371c),A",4
UNI_ASSEMBLES_DIFF,stdi8,"ld (0x3720),0x01",4
UNI_ASSEMBLES_DIFF,stdi8,"ld (0x3720),0x02",4
UNI_ASSEMBLES_DIFF,stb_d8,"ld (0x3722),A",4
UNI_ASSEMBLES_DIFF,stb_d8,"ld (0x3723),A",4
UNI_ASSEMBLES_DIFF,stb_d8,"ld (0x3728),A",4
UNI_ASSEMBLES_DIFF,stdi8,"ld (0x372d),0x01",4
UNI_ASSEMBLES_DIFF,stda16,"ld (0x3738),IZ",4
UNI_ASSEMBLES_DIFF,stda32,"ld (0x3738),XWA",4
UNI_ASSEMBLES_DIFF,stda16,"ld (0x373a),IZ",4
UNI_ASSEMBLES_DIFF,stdi8,"ld (0x373e),0x04",4
UNI_ASSEMBLES_DIFF,stb_d8,"ld (0x3740),A",4
UNI_ASSEMBLES_DIFF,stb_d8,"ld (0x3741),A",4
UNI_ASSEMBLES_DIFF,stdi8,"ld (0x3742),0x01",4
UNI_ASSEMBLES_DIFF,stb_d8,"ld (0x3742),A",4
UNI_ASSEMBLES_DIFF,stb_d8,"ld (0x3744),A",4
UNI_ASSEMBLES_DIFF,stb_d8,"ld (0x3756),A",4
UNI_ASSEMBLES_DIFF,stdi8,"ld (0x379b),0x00",4
UNI_ASSEMBLES_DIFF,stdi8,"ld (0x379b),0x40",4
UNI_ASSEMBLES_DIFF,stb_d8,"ld (0x3834),A",4
UNI_ASSEMBLES_DIFF,stdi8,"ld (0x3871),0x00",4
UNI_ASSEMBLES_DIFF,stb_d8,"ld (0x38d1),A",4
UNI_ASSEMBLES_DIFF,stb_d8,"ld (0x38d1),C",4
UNI_ASSEMBLES_DIFF,stda16,"ld (0x38ee),BC",4
UNI_ASSEMBLES_DIFF,stda16,"ld (0x38ee),WA",4
UNI_ASSEMBLES_DIFF,stda16,"ld (0x38f0),BC",4
UNI_ASSEMBLES_DIFF,stda16,"ld (0x38f0),WA",4
UNI_ASSEMBLES_DIFF,stdi8,"ld (0x3908),0x00",4
UNI_ASSEMBLES_DIFF,stb_d8,"ld (0x390a),A",4
UNI_ASSEMBLES_DIFF,stb_d8,"ld (0x391c),A",4
UNI_ASSEMBLES_DIFF,stda16,"ld (0x3954),WA",4
UNI_ASSEMBLES_DIFF,stda16,"ld (0x3958),WA",4
UNI_ASSEMBLES_DIFF,stda16,"ld (0x395a),WA",4
UNI_ASSEMBLES_DIFF,stda16,"ld (0x395c),WA",4
UNI_ASSEMBLES_DIFF,stda16,"ld (0x395e),WA",4
UNI_ASSEMBLES_DIFF,stda16,"ld (0x3960),WA",4
UNI_ASSEMBLES_DIFF,stda16,"ld (0x3962),WA",4
UNI_ASSEMBLES_DIFF,stda16,"ld (0x3964),WA",4
UNI_ASSEMBLES_DIFF,stda16,"ld (0x397a),WA",4
UNI_ASSEMBLES_DIFF,stb_d8,"ld (0x398e),C",4
UNI_ASSEMBLES_DIFF,stb_d8,"ld (0x398f),A",4
UNI_ASSEMBLES_DIFF,stb_d8,"ld (0x3990),C",4
UNI_ASSEMBLES_DIFF,stb_d8,"ld (0x39a5),L",4
UNI_ASSEMBLES_DIFF,stb_d8,"ld (0x39a6),L",4
UNI_ASSEMBLES_DIFF,stdi8,"ld (0x39ac),0x0d",4
UNI_ASSEMBLES_DIFF,stdi8,"ld (0x39ac),0x0e",4
UNI_ASSEMBLES_DIFF,stdi8,"ld (0x39ac),0x10",4
UNI_ASSEMBLES_DIFF,stdi8,"ld (0x39ac),0x13",4
UNI_ASSEMBLES_DIFF,stb_d8,"ld (0x39b6),A",4
UNI_ASSEMBLES_DIFF,stdi8,"ld (0x39b7),0x0a",4
UNI_ASSEMBLES_DIFF,stb_d8,"ld (0x39b9),A",4
UNI_ASSEMBLES_DIFF,stdi8,"ld (0x39e4),0x00",4
UNI_ASSEMBLES_DIFF,stdi8,"ld (0x39e4),0x01",4
UNI_ASSEMBLES_DIFF,stdi8,"ld (0x3a77),0x00",4
UNI_ASSEMBLES_DIFF,stdi8,"ld (0x3a77),0x01",4
UNI_ASSEMBLES_DIFF,stdi8,"ld (0x3a77),0x02",4
UNI_ASSEMBLES_DIFF,stdi8,"ld (0x3a78),0xff",4
UNI_ASSEMBLES_DIFF,stdi8,"ld (0x3a7a),0xff",4
UNI_ASSEMBLES_DIFF,stb_d8,"ld (0x3a7c),A",4
UNI_ASSEMBLES_DIFF,stdi8,"ld (0x3d06),0x00",4
UNI_ASSEMBLES_DIFF,stda32,"ld (0x3d64),XHL",4
UNI_ASSEMBLES_DIFF,stda16,"ld (0x48ac),WA",4
UNI_ASSEMBLES_DIFF,stdi8,"ld (0x48d6),0x01",4
UNI_ASSEMBLES_DIFF,stdi8,"ld (0x48da),0xff",4
UNI_ASSEMBLES_DIFF,stda16,"ld (0x4a00),HL",4
UNI_ASSEMBLES_DIFF,stda32,"ld (0x55dc),XBC",4
UNI_ASSEMBLES_DIFF,stda32,"ld (0x55e0),XWA",4
UNI_ASSEMBLES_DIFF,stda16,"ld (0x6800),HL",4
UNI_ASSEMBLES_DIFF,stb_d8,"ld (0x7d88),A",4
UNI_ASSEMBLES_DIFF,stdi8,"ld (0x7e07),0x01",4
UNI_ASSEMBLES_DIFF,stdi8,"ld (0x7e07),0x02",4
UNI_ASSEMBLES_DIFF,stb_d8,"ld (0x7e0a),A",4
UNI_ASSEMBLES_DIFF,stda16,"ld (0x7e1c),WA",4
UNI_ASSEMBLES_DIFF,stb_d8,"ld (0x7e1e),A",4
UNI_ASSEMBLES_DIFF,stb_d8,"ld (0x7e25),L",4
UNI_ASSEMBLES_DIFF,stb_d8,"ld (0x7e26),H",4
UNI_ASSEMBLES_DIFF,stb_d8,"ld (0x7e27),A",4
UNI_ASSEMBLES_DIFF,stda32,"ld (0x7e4c),XWA",4
UNI_ASSEMBLES_DIFF,stdi8,"ld (0x7e52),0x00",4
UNI_ASSEMBLES_DIFF,stdi8,"ld (0x7e52),0x01",4
UNI_ASSEMBLES_DIFF,stb_d8,"ld (0x7e55),E",4
UNI_ASSEMBLES_DIFF,stb_d8,"ld (0x7e57),A",4
UNI_ASSEMBLES_DIFF,stb_d8,"ld (0x7e6e),A",4
UNI_ASSEMBLES_DIFF,stdi8,"ld (0x7e72),0x7f",4
UNI_ASSEMBLES_DIFF,stdi8,"ld (0x7e73),0x7f",4
UNI_ASSEMBLES_DIFF,stda16,"ld (0x7e76),WA",4
UNI_ASSEMBLES_DIFF,stdi8,"ld (0x7e78),0x00",4
UNI_ASSEMBLES_DIFF,stdi8,"ld (0x7ea6),0x17",4
UNI_ASSEMBLES_DIFF,stdi8,"ld (0x7ea6),0x25",4
UNI_ASSEMBLES_DIFF,stdi8,"ld (0x7ea6),0x28",4
UNI_ASSEMBLES_DIFF,stb_d8,"ld (0x7ea6),A",4
UNI_ASSEMBLES_DIFF,stda16,"ld (0x7eca),WA",4
UNI_ASSEMBLES_DIFF,stdi8,"ld (0x7ed0),0x00",4
UNI_ASSEMBLES_DIFF,stb_d8,"ld (0x7f0b),A",4
UNI_ASSEMBLES_DIFF,stdi8,"ld (0x7f42),0x0e",4
UNI_ASSEMBLES_DIFF,stdi8,"ld (0x7f42),0x13",4
UNI_ASSEMBLES_DIFF,stdi8,"ld (0x7f42),0x31",4
UNI_ASSEMBLES_DIFF,stdi8,"ld (0x7f42),0x3f",4
UNI_ASSEMBLES_DIFF,stdi8,"ld (0x7f42),0x4a",4
UNI_ASSEMBLES_DIFF,stda16,"ld (0x7f66),HL",4
UNI_ASSEMBLES_DIFF,stda16,"ld (0x7f7a),BC",4
UNI_ASSEMBLES_DIFF,stda16,"ld (0x81ac),HL",4
UNI_ASSEMBLES_DIFF,stda16,"ld (0x81b4),HL",4
UNI_ASSEMBLES_DIFF,stda32,"ld (0x81ca),XWA",4
UNI_ASSEMBLES_DIFF,stdi8,"ld (0x81ce),0x00",4
UNI_ASSEMBLES_DIFF,stdi8,"ld (0x81ce),0x01",4
UNI_ASSEMBLES_DIFF,stdi8,"ld (0x81d0),0x00",4
UNI_ASSEMBLES_DIFF,stda32,"ld (0x81d2),XWA",4
UNI_ASSEMBLES_DIFF,stdi8,"ld (0x81d6),0x01",4
UNI_ASSEMBLES_DIFF,stda32,"ld (0x81d8),XWA",4
UNI_ASSEMBLES_DIFF,stdi8,"ld (0x81dc),0x00",4
UNI_ASSEMBLES_DIFF,stdi8,"ld (0x81dc),0x01",4
UNI_ASSEMBLES_DIFF,stdi8,"ld (0x81de),0x00",4
UNI_ASSEMBLES_DIFF,stda32,"ld (0x81e4),XWA",4
UNI_ASSEMBLES_DIFF,stda32,"ld (0x81e8),XWA",4
UNI_ASSEMBLES_DIFF,stda32,"ld (0x82de),XWA",4
UNI_ASSEMBLES_DIFF,stda32,"ld (0x8434),XWA",4
UNI_ASSEMBLES_DIFF,stda32,"ld (0x8498),XWA",4
UNI_ASSEMBLES_DIFF,stda32,"ld (0x84f8),XWA",4
UNI_ASSEMBLES_DIFF,stdi8,"ld (0x850c),0x00",4
UNI_ASSEMBLES_DIFF,stdi8,"ld (0x8800),0x00",4
UNI_ASSEMBLES_DIFF,stdi8,"ld (0x889a),0x00",4
UNI_ASSEMBLES_DIFF,stdi8,"ld (0x8948),0x00",4
UNI_ASSEMBLES_DIFF,stb_d8,"ld (0x8948),C",4
UNI_ASSEMBLES_DIFF,stdi8,"ld (0x895c),0x04",4
UNI_ASSEMBLES_DIFF,stdi8,"ld (0x89f8),0x02",4
UNI_ASSEMBLES_DIFF,stb_d8,"ld (0x89fa),A",4
UNI_ASSEMBLES_DIFF,stdi8,"ld (0x89fe),0x00",4
UNI_ASSEMBLES_DIFF,stdi8,"ld (0x8a06),0x00",4
UNI_ASSEMBLES_DIFF,stdi8,"ld (0x8a28),0x4d",4
UNI_ASSEMBLES_DIFF,stdi8,"ld (0x8a2e),0x03",4
UNI_ASSEMBLES_DIFF,stdi8,"ld (0x8a30),0x1b",4
UNI_ASSEMBLES_DIFF,stdi8,"ld (0x8a33),0x6c",4
UNI_ASSEMBLES_DIFF,stdi8,"ld (0x8a33),0x74",4
UNI_ASSEMBLES_DIFF,stda16,"ld (0x8a4a),IZ",4
UNI_ASSEMBLES_DIFF,stda32,"ld (0x8a4c),XWA",4
UNI_ASSEMBLES_DIFF,stda32,"ld (0x8a4e),XHL",4
UNI_ASSEMBLES_DIFF,stdi8,"ld (0x8a68),0x01",4
UNI_ASSEMBLES_DIFF,stdi8,"ld (0x8a68),0x08",4
UNI_ASSEMBLES_DIFF,stdi8,"ld (0x8a6a),0x00",4
UNI_ASSEMBLES_DIFF,st_dd8b,"ld (0x8d),A",4
UNI_ASSEMBLES_DIFF,stb_d8,"ld (0x8d37),A",4
UNI_ASSEMBLES_DIFF,stb_d8,"ld (0x8d38),L",4
UNI_ASSEMBLES_DIFF,stb_d8,"ld (0x8d46),A",4
UNI_ASSEMBLES_DIFF,stb_d8,"ld (0x8d46),B",4
UNI_ASSEMBLES_DIFF,stda16,"ld (0x8d56),BC",4
UNI_ASSEMBLES_DIFF,stda16,"ld (0x8d58),HL",4
UNI_ASSEMBLES_DIFF,stb_d8,"ld (0x8d80),A",4
UNI_ASSEMBLES_DIFF,stb_d8,"ld (0x8d80),C",4
UNI_ASSEMBLES_DIFF,stdi8,"ld (0x8d82),0x00",4
UNI_ASSEMBLES_DIFF,stdi8,"ld (0x8d8b),0x02",4
UNI_ASSEMBLES_DIFF,stb_d8,"ld (0x8d8b),A",4
UNI_ASSEMBLES_DIFF,stb_d8,"ld (0x8d94),W",4
UNI_ASSEMBLES_DIFF,stb_d8,"ld (0x8d95),A",4
UNI_ASSEMBLES_DIFF,stb_d8,"ld (0x8d96),L",4
UNI_ASSEMBLES_DIFF,stda16,"ld (0x8e01),WA",4
UNI_ASSEMBLES_DIFF,stb_d8,"ld (0x8e6a),W",4
UNI_ASSEMBLES_DIFF,stb_d8,"ld (0x8e76),A",4
UNI_ASSEMBLES_DIFF,stb_d8,"ld (0x8ec4),C",4
UNI_ASSEMBLES_DIFF,stb_d8,"ld (0x8ee2),A",4
UNI_ASSEMBLES_DIFF,stb_d8,"ld (0x8ee4),A",4
UNI_ASSEMBLES_DIFF,stb_d8,"ld (0x8ee8),A",4
UNI_ASSEMBLES_DIFF,stb_d8,"ld (0x8ef4),A",4
UNI_ASSEMBLES_DIFF,stb_d8,"ld (0x9049),W",4
UNI_ASSEMBLES_DIFF,stdi8,"ld (0x905b),0x48",4
UNI_ASSEMBLES_DIFF,stb_d8,"ld (0x905b),A",4
UNI_ASSEMBLES_DIFF,stda16,"ld (0x90de),BC",4
UNI_ASSEMBLES_DIFF,stda16,"ld (0x90de),HL",4
UNI_ASSEMBLES_DIFF,stda16,"ld (0x90e2),IY",4
UNI_ASSEMBLES_DIFF,stda16,"ld (0x90ea),HL",4
UNI_ASSEMBLES_DIFF,stb_d8,"ld (0x90ea),L",4
UNI_ASSEMBLES_DIFF,stb_d8,"ld (0x90ee),A",4
UNI_ASSEMBLES_DIFF,stb_d8,"ld (0x90ef),W",4
UNI_ASSEMBLES_DIFF,stb_d8,"ld (0x90f6),A",4
UNI_ASSEMBLES_DIFF,stdi8,"ld (0x90f8),0x00",4
UNI_ASSEMBLES_DIFF,stdi8,"ld (0x90f8),0x7f",4
UNI_ASSEMBLES_DIFF,stb_d8,"ld (0x90f9),A",4
UNI_ASSEMBLES_DIFF,stdi8,"ld (0x9127),0xb1",4
UNI_ASSEMBLES_DIFF,stdi8,"ld (0x9127),0xb2",4
UNI_ASSEMBLES_DIFF,stdi8,"ld (0x9127),0xb3",4
UNI_ASSEMBLES_DIFF,stdi8,"ld (0x9129),0x7f",4
UNI_ASSEMBLES_DIFF,stb_d8,"ld (0x9129),C",4
UNI_ASSEMBLES_DIFF,stdi8,"ld (0x912a),0x40",4
UNI_ASSEMBLES_DIFF,stb_d8,"ld (0x912c),A",4
UNI_ASSEMBLES_DIFF,stb_d8,"ld (0x912d),A",4
UNI_ASSEMBLES_DIFF,stdi8,"ld (0x912e),0x03",4
UNI_ASSEMBLES_DIFF,stdi8,"ld (0x9153),0xff",4
UNI_ASSEMBLES_DIFF,stdi8,"ld (0x9154),0xff",4
UNI_ASSEMBLES_DIFF,stda32,"ld (0x9182),XWA",4
UNI_ASSEMBLES_DIFF,stdi8,"ld (0x91c7),0x00",4
UNI_ASSEMBLES_DIFF,stda16,"ld (0x91cf),HL",4
UNI_ASSEMBLES_DIFF,stda16,"ld (0xb7ea),HL",4
UNI_ASSEMBLES_DIFF,stdi8,"ld (0xbd00),0x00",4
UNI_ASSEMBLES_DIFF,stb_d8,"ld (0xbd0c),A",4
UNI_ASSEMBLES_DIFF,stb_d8,"ld (0xbd14),A",4
UNI_ASSEMBLES_DIFF,stb_d8,"ld (0xbd36),A",4
UNI_ASSEMBLES_DIFF,stdi8,"ld (0xc07f),0x04",4
UNI_ASSEMBLES_DIFF,stda16,"ld (0xc1ea),WA",4
UNI_ASSEMBLES_DIFF,stb_d8,"ld (0xc1ec),C",4
UNI_ASSEMBLES_DIFF,stda16,"ld (0xc1f8),HL",4
UNI_ASSEMBLES_DIFF,stda16,"ld (0xc1fa),HL",4
UNI_ASSEMBLES_DIFF,stdi8,"ld (0xc1ff),0xff",4
UNI_ASSEMBLES_DIFF,stdi8,"ld (0xc217),0x15",4
UNI_ASSEMBLES_DIFF,stdi8,"ld (0xc27a),0xff",4
UNI_ASSEMBLES_DIFF,stdi8,"ld (0xc2b4),0x00",4
UNI_ASSEMBLES_DIFF,stdi8,"ld (0xc2b4),0x01",4
UNI_ASSEMBLES_DIFF,stdi8,"ld (0xc2ba),0x15",4
UNI_ASSEMBLES_DIFF,stdi8,"ld (0xc2bc),0x00",4
UNI_ASSEMBLES_DIFF,stdi8,"ld (0xc2bc),0x01",4
UNI_ASSEMBLES_DIFF,st_dd8b,"ld (0xc3),A",4
UNI_ASSEMBLES_DIFF,stdi8,"ld (0xc362),0x00",4
UNI_ASSEMBLES_DIFF,stdi8,"ld (0xc363),0xff",4
UNI_ASSEMBLES_DIFF,stb_d8,"ld (0xc5a2),A",4
UNI_ASSEMBLES_DIFF,stdi8,"ld (0xc5c8),0xff",4
UNI_ASSEMBLES_DIFF,stdi8,"ld (0xca6a),0x08",4
UNI_ASSEMBLES_DIFF,stdi8,"ld (0xca6b),0x00",4
UNI_ASSEMBLES_DIFF,stdi8,"ld (0xca6c),0x08",4
UNI_ASSEMBLES_DIFF,stdi8,"ld (0xca6d),0x00",4
UNI_ASSEMBLES_DIFF,stdi8,"ld (0xca6e),0x10",4
UNI_ASSEMBLES_DIFF,stdi8,"ld (0xca6f),0x00",4
UNI_ASSEMBLES_DIFF,stdi8,"ld (0xceaa),0xff",4
UNI_ASSEMBLES_DIFF,stdi8,"ld (0xceab),0xff",4
UNI_ASSEMBLES_DIFF,stdi8,"ld (0xceae),0xff",4
UNI_ASSEMBLES_DIFF,stdi8,"ld (0xceb0),0xff",4
UNI_ASSEMBLES_DIFF,stda32,"ld (0xcfb4),XWA",4
UNI_ASSEMBLES_DIFF,stda32,"ld (0xcfb8),XWA",4
UNI_ASSEMBLES_DIFF,stda32,"ld (0xcfbc),XWA",4
UNI_ASSEMBLES_DIFF,stda32,"ld (0xcfc0),XWA",4
UNI_ASSEMBLES_DIFF,stda32,"ld (0xcfc4),XWA",4
UNI_ASSEMBLES_DIFF,stda32,"ld (0xd0a0),XWA",4
UNI_ASSEMBLES_DIFF,stda32,"ld (0xd0a4),XWA",4
UNI_ASSEMBLES_DIFF,stda32,"ld (0xe193),XDE",4
UNI_ASSEMBLES_DIFF,stda32,"ld (0xe193),XIZ",4
UNI_ASSEMBLES_DIFF,stdi8,"ld (0xe2f0),0x01",4
UNI_ASSEMBLES_DIFF,stdi8,"ld (0xe2f2),0x00",4
UNI_ASSEMBLES_DIFF,stdi8,"ld (0xe31a),0x00",4
UNI_ASSEMBLES_DIFF,stdi8,"ld (0xe388),0x00",4
UNI_ASSEMBLES_DIFF,stdi8,"ld (0xe3dc),0x00",4
UNI_ASSEMBLES_DIFF,stb_d8,"ld (0xe3dc),A",4
UNI_ASSEMBLES_DIFF,stdi8,"ld (0xe3de),0x00",4
UNI_ASSEMBLES_DIFF,stdi8,"ld (0xe3e2),0x00",4
UNI_ASSEMBLES_DIFF,stdi8,"ld (0xe3e4),0xff",4
UNI_ASSEMBLES_DIFF,stdi8,"ld (0xe3e6),0xff",4
UNI_ASSEMBLES_DIFF,st_dd8b,"ld (0xe5),A",4
UNI_ASSEMBLES_DIFF,stda32,"ld (0xe925),XWA",4
UNI_ASSEMBLES_DIFF,stda32,"ld (0xe9e7),XWA",4
UNI_ASSEMBLES_DIFF,stda16,"ld (0xe9f1),WA",4
UNI_ASSEMBLES_DIFF,stdi8,"ld (0xec05),0x7f",4
UNI_ASSEMBLES_DIFF,stda16,"ld (0xf19e),DE",4
UNI_ASSEMBLES_DIFF,stb_d8,"ld (0xfc8e),A",4
UNI_ASSEMBLES_DIFF,stb_d8,"ld (0xfd12),A",4
UNI_ASSEMBLES_DIFF,ldb_d8,"ld A,(0x065d)",4
UNI_ASSEMBLES_DIFF,ldb_d8,"ld A,(0x0c1e)",4
UNI_ASSEMBLES_DIFF,ldb_d8,"ld A,(0x0c56)",4
UNI_ASSEMBLES_DIFF,ldb_d8,"ld A,(0x0c57)",4
UNI_ASSEMBLES_DIFF,ldb_d8,"ld A,(0x0c59)",4
UNI_ASSEMBLES_DIFF,ldb_d8,"ld A,(0x0c5a)",4
UNI_ASSEMBLES_DIFF,ldb_d8,"ld A,(0x0c64)",4
UNI_ASSEMBLES_DIFF,ldb_d8,"ld A,(0x0c68)",4
UNI_ASSEMBLES_DIFF,ldb_d8,"ld A,(0x0c83)",4
UNI_ASSEMBLES_DIFF,ldb_d8,"ld A,(0x0d1e)",4
UNI_ASSEMBLES_DIFF,ldb_d8,"ld A,(0x0dba)",4
UNI_ASSEMBLES_DIFF,ldb_d8,"ld A,(0x0dbc)",4
UNI_ASSEMBLES_DIFF,ldb_d8,"ld A,(0x0dc8)",4
UNI_ASSEMBLES_DIFF,ldb_d8,"ld A,(0x0dda)",4
UNI_ASSEMBLES_DIFF,ldb_d8,"ld A,(0x0dec)",4
UNI_ASSEMBLES_DIFF,ldb_d8,"ld A,(0x0df5)",4
UNI_ASSEMBLES_DIFF,ldb_d8,"ld A,(0x0e43)",4
UNI_ASSEMBLES_DIFF,ldb_d8,"ld A,(0x0e59)",4
UNI_ASSEMBLES_DIFF,ldb_d8,"ld A,(0x0eb7)",4
UNI_ASSEMBLES_DIFF,ldb_d8,"ld A,(0x0ebb)",4
UNI_ASSEMBLES_DIFF,ldb_d8,"ld A,(0x0f64)",4
UNI_ASSEMBLES_DIFF,ldb_d8,"ld A,(0x0f6e)",4
UNI_ASSEMBLES_DIFF,ldb_d8,"ld A,(0x0fc7)",4
UNI_ASSEMBLES_DIFF,ldb_d8,"ld A,(0x106c)",4
UNI_ASSEMBLES_DIFF,ldb_d8,"ld A,(0x1076)",4
UNI_ASSEMBLES_DIFF,ldb_d8,"ld A,(0x108c)",4
UNI_ASSEMBLES_DIFF,ldb_d8,"ld A,(0x108d)",4
UNI_ASSEMBLES_DIFF,ldb_d8,"ld A,(0x108e)",4
UNI_ASSEMBLES_DIFF,ldb_d8,"ld A,(0x11ae)",4
UNI_ASSEMBLES_DIFF,ldb_d8,"ld A,(0x11b0)",4
UNI_ASSEMBLES_DIFF,ldb_d8,"ld A,(0x1259)",4
UNI_ASSEMBLES_DIFF,ldb_d8,"ld A,(0x1950)",4
UNI_ASSEMBLES_DIFF,ldb_d8,"ld A,(0x255e)",4
UNI_ASSEMBLES_DIFF,ldb_d8,"ld A,(0x27b6)",4
UNI_ASSEMBLES_DIFF,ldb_d8,"ld A,(0x2892)",4
UNI_ASSEMBLES_DIFF,ldb_d8,"ld A,(0x2893)",4
UNI_ASSEMBLES_DIFF,ldb_d8,"ld A,(0x2894)",4
UNI_ASSEMBLES_DIFF,ldb_d8,"ld A,(0x2895)",4
UNI_ASSEMBLES_DIFF,ldb_d8,"ld A,(0x31e3)",4
UNI_ASSEMBLES_DIFF,ldb_d8,"ld A,(0x3214)",4
UNI_ASSEMBLES_DIFF,ldb_d8,"ld A,(0x324f)",4
UNI_ASSEMBLES_DIFF,ldb_d8,"ld A,(0x3251)",4
UNI_ASSEMBLES_DIFF,ldb_d8,"ld A,(0x3252)",4
UNI_ASSEMBLES_DIFF,ldb_d8,"ld A,(0x3253)",4
UNI_ASSEMBLES_DIFF,ldb_d8,"ld A,(0x3256)",4
UNI_ASSEMBLES_DIFF,ldb_d8,"ld A,(0x3257)",4
UNI_ASSEMBLES_DIFF,ldb_d8,"ld A,(0x325a)",4
UNI_ASSEMBLES_DIFF,ldb_d8,"ld A,(0x325b)",4
UNI_ASSEMBLES_DIFF,ldb_d8,"ld A,(0x325e)",4
UNI_ASSEMBLES_DIFF,ldb_d8,"ld A,(0x3260)",4
UNI_ASSEMBLES_DIFF,ldb_d8,"ld A,(0x3263)",4
UNI_ASSEMBLES_DIFF,ldb_d8,"ld A,(0x3264)",4
UNI_ASSEMBLES_DIFF,ldb_d8,"ld A,(0x3266)",4
UNI_ASSEMBLES_DIFF,ldb_d8,"ld A,(0x3268)",4
UNI_ASSEMBLES_DIFF,ldb_d8,"ld A,(0x326f)",4
UNI_ASSEMBLES_DIFF,ldb_d8,"ld A,(0x32ab)",4
UNI_ASSEMBLES_DIFF,ldb_d8,"ld A,(0x32ac)",4
UNI_ASSEMBLES_DIFF,ldb_d8,"ld A,(0x32ad)",4
UNI_ASSEMBLES_DIFF,ldb_d8,"ld A,(0x32ae)",4
UNI_ASSEMBLES_DIFF,ldb_d8,"ld A,(0x32af)",4
UNI_ASSEMBLES_DIFF,ldb_d8,"ld A,(0x32b0)",4
UNI_ASSEMBLES_DIFF,ldb_d8,"ld A,(0x32df)",4
UNI_ASSEMBLES_DIFF,ldb_d8,"ld A,(0x32e7)",4
UNI_ASSEMBLES_DIFF,ldb_d8,"ld A,(0x32ea)",4
UNI_ASSEMBLES_DIFF,ldb_d8,"ld A,(0x32f9)",4
UNI_ASSEMBLES_DIFF,ldb_d8,"ld A,(0x3301)",4
UNI_ASSEMBLES_DIFF,ldb_d8,"ld A,(0x3307)",4
UNI_ASSEMBLES_DIFF,ldb_d8,"ld A,(0x3315)",4
UNI_ASSEMBLES_DIFF,ldb_d8,"ld A,(0x3327)",4
UNI_ASSEMBLES_DIFF,ldb_d8,"ld A,(0x332c)",4
UNI_ASSEMBLES_DIFF,ldb_d8,"ld A,(0x336d)",4
UNI_ASSEMBLES_DIFF,ldb_d8,"ld A,(0x336f)",4
UNI_ASSEMBLES_DIFF,ldb_d8,"ld A,(0x3380)",4
UNI_ASSEMBLES_DIFF,ldb_d8,"ld A,(0x3382)",4
UNI_ASSEMBLES_DIFF,ldb_d8,"ld A,(0x33e4)",4
UNI_ASSEMBLES_DIFF,ldb_d8,"ld A,(0x3438)",4
UNI_ASSEMBLES_DIFF,ldb_d8,"ld A,(0x344d)",4
UNI_ASSEMBLES_DIFF,ldb_d8,"ld A,(0x346d)",4
UNI_ASSEMBLES_DIFF,ldb_d8,"ld A,(0x3484)",4
UNI_ASSEMBLES_DIFF,ldb_d8,"ld A,(0x3489)",4
UNI_ASSEMBLES_DIFF,ldb_d8,"ld A,(0x34a0)",4
UNI_ASSEMBLES_DIFF,ldb_d8,"ld A,(0x34ab)",4
UNI_ASSEMBLES_DIFF,ldb_d8,"ld A,(0x34b0)",4
UNI_ASSEMBLES_DIFF,ldb_d8,"ld A,(0x34d8)",4
UNI_ASSEMBLES_DIFF,ldb_d8,"ld A,(0x34db)",4
UNI_ASSEMBLES_DIFF,ldb_d8,"ld A,(0x34f1)",4
UNI_ASSEMBLES_DIFF,ldb_d8,"ld A,(0x3516)",4
UNI_ASSEMBLES_DIFF,ldb_d8,"ld A,(0x3525)",4
UNI_ASSEMBLES_DIFF,ldb_d8,"ld A,(0x3673)",4
UNI_ASSEMBLES_DIFF,ldb_d8,"ld A,(0x3706)",4
UNI_ASSEMBLES_DIFF,ldb_d8,"ld A,(0x3713)",4
UNI_ASSEMBLES_DIFF,ldb_d8,"ld A,(0x3728)",4
UNI_ASSEMBLES_DIFF,ldb_d8,"ld A,(0x38d0)",4
UNI_ASSEMBLES_DIFF,ldb_d8,"ld A,(0x390b)",4
UNI_ASSEMBLES_DIFF,ldb_d8,"ld A,(0x390c)",4
UNI_ASSEMBLES_DIFF,ldb_d8,"ld A,(0x398e)",4
UNI_ASSEMBLES_DIFF,ldb_d8,"ld A,(0x39a5)",4
UNI_ASSEMBLES_DIFF,ldb_d8,"ld A,(0x3a80)",4
UNI_ASSEMBLES_DIFF,ldb_d8,"ld A,(0x3b13)",4
UNI_ASSEMBLES_DIFF,ldb_d8,"ld A,(0x7dbc)",4
UNI_ASSEMBLES_DIFF,ldb_d8,"ld A,(0x7e5a)",4
UNI_ASSEMBLES_DIFF,ldb_d8,"ld A,(0x7e5b)",4
UNI_ASSEMBLES_DIFF,ldb_d8,"ld A,(0x7e6e)",4
UNI_ASSEMBLES_DIFF,ldb_d8,"ld A,(0x7e78)",4
UNI_ASSEMBLES_DIFF,ldb_d8,"ld A,(0x7ea6)",4
UNI_ASSEMBLES_DIFF,ldb_d8,"ld A,(0x7f04)",4
UNI_ASSEMBLES_DIFF,ldb_d8,"ld A,(0x7f37)",4
UNI_ASSEMBLES_DIFF,ldb_d8,"ld A,(0x7f38)",4
UNI_ASSEMBLES_DIFF,ldb_d8,"ld A,(0x7f39)",4
UNI_ASSEMBLES_DIFF,ldb_d8,"ld A,(0x7f5c)",4
UNI_ASSEMBLES_DIFF,ldb_d8,"ld A,(0x7f5e)",4
UNI_ASSEMBLES_DIFF,ldb_d8,"ld A,(0x7f6a)",4
UNI_ASSEMBLES_DIFF,ldb_d8,"ld A,(0x7f6e)",4
UNI_ASSEMBLES_DIFF,ldb_d8,"ld A,(0x808a)",4
UNI_ASSEMBLES_DIFF,ldb_d8,"ld A,(0x889c)",4
UNI_ASSEMBLES_DIFF,ldb_d8,"ld A,(0x895c)",4
UNI_ASSEMBLES_DIFF,ldb_d8,"ld A,(0x8a02)",4
UNI_ASSEMBLES_DIFF,ldb_d8,"ld A,(0x8a08)",4
UNI_ASSEMBLES_DIFF,ldb_d8,"ld A,(0x8a6c)",4
UNI_ASSEMBLES_DIFF,ldb_d8,"ld A,(0x8a6e)",4
UNI_ASSEMBLES_DIFF,ldb_d8,"ld A,(0x8ca4)",4
UNI_ASSEMBLES_DIFF,ldb_d8,"ld A,(0x8ca6)",4
UNI_ASSEMBLES_DIFF,ldb_d8,"ld A,(0x8ca8)",4
UNI_ASSEMBLES_DIFF,ld_sd8b,"ld A,(0x8d)",4
UNI_ASSEMBLES_DIFF,ldb_d8,"ld A,(0x8d7c)",4
UNI_ASSEMBLES_DIFF,ldb_d8,"ld A,(0x8d8c)",4
UNI_ASSEMBLES_DIFF,ldb_d8,"ld A,(0x8e8c)",4
UNI_ASSEMBLES_DIFF,ldb_d8,"ld A,(0x8ec4)",4
UNI_ASSEMBLES_DIFF,ldb_d8,"ld A,(0x8ee0)",4
UNI_ASSEMBLES_DIFF,ldb_d8,"ld A,(0x8ee6)",4
UNI_ASSEMBLES_DIFF,ldb_d8,"ld A,(0x8ef4)",4
UNI_ASSEMBLES_DIFF,ldb_d8,"ld A,(0x90c1)",4
UNI_ASSEMBLES_DIFF,ldb_d8,"ld A,(0x90f7)",4
UNI_ASSEMBLES_DIFF,ldb_d8,"ld A,(0x91b6)",4
UNI_ASSEMBLES_DIFF,ldb_d8,"ld A,(0x91b7)",4
UNI_ASSEMBLES_DIFF,ldb_d8,"ld A,(0x91ba)",4
UNI_ASSEMBLES_DIFF,ldb_d8,"ld A,(0x91c8)",4
UNI_ASSEMBLES_DIFF,ld_sd8b,"ld A,(0x95)",4
UNI_ASSEMBLES_DIFF,ldb_d8,"ld A,(0x9634)",4
UNI_ASSEMBLES_DIFF,ldb_d8,"ld A,(0xbcfc)",4
UNI_ASSEMBLES_DIFF,ldb_d8,"ld A,(0xbd00)",4
UNI_ASSEMBLES_DIFF,ldb_d8,"ld A,(0xbd10)",4
UNI_ASSEMBLES_DIFF,ldb_d8,"ld A,(0xbd14)",4
UNI_ASSEMBLES_DIFF,ldb_d8,"ld A,(0xbfe4)",4
UNI_ASSEMBLES_DIFF,ldb_d8,"ld A,(0xc2bc)",4
UNI_ASSEMBLES_DIFF,ldb_d8,"ld A,(0xc2c3)",4
UNI_ASSEMBLES_DIFF,ldb_d8,"ld A,(0xc2c7)",4
UNI_ASSEMBLES_DIFF,ldb_d8,"ld A,(0xc422)",4
UNI_ASSEMBLES_DIFF,ldb_d8,"ld A,(0xceac)",4
UNI_ASSEMBLES_DIFF,ldb_d8,"ld A,(0xcede)",4
UNI_ASSEMBLES_DIFF,ldb_d8,"ld A,(0xcee1)",4
UNI_ASSEMBLES_DIFF,ld_sd8b,"ld A,(0xe5)",4
UNI_ASSEMBLES_DIFF,ldb_d8,"ld A,(0xec03)",4
UNI_ASSEMBLES_DIFF,ldb_d8,"ld A,(0xfd50)",4
UNI_ASSEMBLES_DIFF,ldb_d8,"ld B,(0x0e0d)",4
UNI_ASSEMBLES_DIFF,ldb_d8,"ld B,(0x2642)",4
UNI_ASSEMBLES_DIFF,ldb_d8,"ld B,(0x34d7)",4
UNI_ASSEMBLES_DIFF,ldw_d16,"ld BC,(0x1082)",4
UNI_ASSEMBLES_DIFF,ldw_d16,"ld BC,(0x119c)",4
UNI_ASSEMBLES_DIFF,ldw_d16,"ld BC,(0x2076)",4
UNI_ASSEMBLES_DIFF,ldw_d16,"ld BC,(0x207e)",4
UNI_ASSEMBLES_DIFF,ldw_d16,"ld BC,(0x2316)",4
UNI_ASSEMBLES_DIFF,ldw_d16,"ld BC,(0x345c)",4
UNI_ASSEMBLES_DIFF,ldw_d16,"ld BC,(0x348e)",4
UNI_ASSEMBLES_DIFF,ldw_d16,"ld BC,(0x35ba)",4
UNI_ASSEMBLES_DIFF,ldw_d16,"ld BC,(0x365e)",4
UNI_ASSEMBLES_DIFF,ldw_d16,"ld BC,(0x3664)",4
UNI_ASSEMBLES_DIFF,ldw_d16,"ld BC,(0x3666)",4
UNI_ASSEMBLES_DIFF,ldw_d16,"ld BC,(0x3668)",4
UNI_ASSEMBLES_DIFF,ldw_d16,"ld BC,(0x3974)",4
UNI_ASSEMBLES_DIFF,ldw_d16,"ld BC,(0x398c)",4
UNI_ASSEMBLES_DIFF,ldw_d16,"ld BC,(0x7e46)",4
UNI_ASSEMBLES_DIFF,ldw_d16,"ld BC,(0x81ac)",4
UNI_ASSEMBLES_DIFF,ldw_d16,"ld BC,(0x82d8)",4
UNI_ASSEMBLES_DIFF,ldw_d16,"ld BC,(0x8400)",4
UNI_ASSEMBLES_DIFF,ldw_d16,"ld BC,(0x8460)",4
UNI_ASSEMBLES_DIFF,ldw_d16,"ld BC,(0x8a1c)",4
UNI_ASSEMBLES_DIFF,ldw_d16,"ld BC,(0x8d56)",4
UNI_ASSEMBLES_DIFF,ldw_d16,"ld BC,(0x90de)",4
UNI_ASSEMBLES_DIFF,ldw_d16,"ld BC,(0x9121)",4
UNI_ASSEMBLES_DIFF,ldw_d16,"ld BC,(0x95a8)",4
UNI_ASSEMBLES_DIFF,ldw_d16,"ld BC,(0xbd3a)",4
UNI_ASSEMBLES_DIFF,ldw_d16,"ld BC,(0xc1ee)",4
UNI_ASSEMBLES_DIFF,ldw_d16,"ld BC,(0xe9ef)",4
UNI_ASSEMBLES_DIFF,ldb_d8,"ld C,(0x0e0e)",4
UNI_ASSEMBLES_DIFF,ldb_d8,"ld C,(0x10d0)",4
UNI_ASSEMBLES_DIFF,ldb_d8,"ld C,(0x2075)",4
UNI_ASSEMBLES_DIFF,ldb_d8,"ld C,(0x207b)",4
UNI_ASSEMBLES_DIFF,ldb_d8,"ld C,(0x2229)",4
UNI_ASSEMBLES_DIFF,ldb_d8,"ld C,(0x343b)",4
UNI_ASSEMBLES_DIFF,ldb_d8,"ld C,(0x34d6)",4
UNI_ASSEMBLES_DIFF,ldb_d8,"ld C,(0x373f)",4
UNI_ASSEMBLES_DIFF,ldb_d8,"ld C,(0x3740)",4
UNI_ASSEMBLES_DIFF,ldb_d8,"ld C,(0x3741)",4
UNI_ASSEMBLES_DIFF,ldb_d8,"ld C,(0x7f38)",4
UNI_ASSEMBLES_DIFF,ldb_d8,"ld C,(0x7f39)",4
UNI_ASSEMBLES_DIFF,ldb_d8,"ld C,(0x7f3e)",4
UNI_ASSEMBLES_DIFF,ldb_d8,"ld C,(0x8922)",4
UNI_ASSEMBLES_DIFF,ldb_d8,"ld C,(0x8946)",4
UNI_ASSEMBLES_DIFF,ldb_d8,"ld C,(0x8948)",4
UNI_ASSEMBLES_DIFF,ldb_d8,"ld C,(0x894a)",4
UNI_ASSEMBLES_DIFF,ldb_d8,"ld C,(0x89fe)",4
UNI_ASSEMBLES_DIFF,ldb_d8,"ld C,(0x8a00)",4
UNI_ASSEMBLES_DIFF,ldb_d8,"ld C,(0x8a06)",4
UNI_ASSEMBLES_DIFF,ldb_d8,"ld C,(0x8c9a)",4
UNI_ASSEMBLES_DIFF,ldb_d8,"ld C,(0x8c9c)",4
UNI_ASSEMBLES_DIFF,ldb_d8,"ld C,(0x9130)",4
UNI_ASSEMBLES_DIFF,ldb_d8,"ld C,(0x91c8)",4
UNI_ASSEMBLES_DIFF,ldb_d8,"ld C,(0xc07d)",4
UNI_ASSEMBLES_DIFF,ldb_d8,"ld C,(0xc2ce)",4
UNI_ASSEMBLES_DIFF,ldb_d8,"ld D,(0x195a)",4
UNI_ASSEMBLES_DIFF,ldb_d8,"ld D,(0x20bb)",4
UNI_ASSEMBLES_DIFF,ldb_d8,"ld D,(0x324e)",4
UNI_ASSEMBLES_DIFF,ldb_d8,"ld D,(0x3255)",4
UNI_ASSEMBLES_DIFF,ldb_d8,"ld D,(0x325c)",4
UNI_ASSEMBLES_DIFF,ldb_d8,"ld D,(0x3263)",4
UNI_ASSEMBLES_DIFF,ldb_d8,"ld D,(0x8d36)",4
UNI_ASSEMBLES_DIFF,ldb_d8,"ld D,(0x91c0)",4
UNI_ASSEMBLES_DIFF,ldb_d8,"ld D,(0x95a9)",4
UNI_ASSEMBLES_DIFF,ldb_d8,"ld D,(0x9636)",4
UNI_ASSEMBLES_DIFF,ldw_d16,"ld DE,(0x0da2)",4
UNI_ASSEMBLES_DIFF,ldw_d16,"ld DE,(0x0ec2)",4
UNI_ASSEMBLES_DIFF,ldw_d16,"ld DE,(0x1082)",4
UNI_ASSEMBLES_DIFF,ldw_d16,"ld DE,(0x2875)",4
UNI_ASSEMBLES_DIFF,ldw_d16,"ld DE,(0x3441)",4
UNI_ASSEMBLES_DIFF,ldw_d16,"ld DE,(0x394c)",4
UNI_ASSEMBLES_DIFF,ldw_d16,"ld DE,(0x7f66)",4
UNI_ASSEMBLES_DIFF,ldw_d16,"ld DE,(0x7f7a)",4
UNI_ASSEMBLES_DIFF,ldw_d16,"ld DE,(0x7f80)",4
UNI_ASSEMBLES_DIFF,ldw_d16,"ld DE,(0x8200)",4
UNI_ASSEMBLES_DIFF,ldw_d16,"ld DE,(0x82d8)",4
UNI_ASSEMBLES_DIFF,ldw_d16,"ld DE,(0x9127)",4
UNI_ASSEMBLES_DIFF,ldw_d16,"ld DE,(0xe9f3)",4
UNI_ASSEMBLES_DIFF,ldw_d16,"ld DE,(0xebfb)",4
UNI_ASSEMBLES_DIFF,ldb_d8,"ld E,(0x20b9)",4
UNI_ASSEMBLES_DIFF,ldb_d8,"ld E,(0x25e0)",4
UNI_ASSEMBLES_DIFF,ldb_d8,"ld E,(0x324d)",4
UNI_ASSEMBLES_DIFF,ldb_d8,"ld E,(0x3254)",4
UNI_ASSEMBLES_DIFF,ldb_d8,"ld E,(0x325b)",4
UNI_ASSEMBLES_DIFF,ldb_d8,"ld E,(0x3262)",4
UNI_ASSEMBLES_DIFF,ldb_d8,"ld E,(0x3297)",4
UNI_ASSEMBLES_DIFF,ldb_d8,"ld E,(0x33ed)",4
UNI_ASSEMBLES_DIFF,ldb_d8,"ld E,(0x33ee)",4
UNI_ASSEMBLES_DIFF,ldb_d8,"ld E,(0x33ef)",4
UNI_ASSEMBLES_DIFF,ldb_d8,"ld E,(0x33f0)",4
UNI_ASSEMBLES_DIFF,ldb_d8,"ld E,(0x3480)",4
UNI_ASSEMBLES_DIFF,ldb_d8,"ld E,(0x3484)",4
UNI_ASSEMBLES_DIFF,ldb_d8,"ld E,(0x34fc)",4
UNI_ASSEMBLES_DIFF,ldb_d8,"ld E,(0x34fe)",4
UNI_ASSEMBLES_DIFF,ldb_d8,"ld E,(0x894c)",4
UNI_ASSEMBLES_DIFF,ldb_d8,"ld E,(0x8a06)",4
UNI_ASSEMBLES_DIFF,ldb_d8,"ld E,(0x8a0c)",4
UNI_ASSEMBLES_DIFF,ldb_d8,"ld E,(0x90f0)",4
UNI_ASSEMBLES_DIFF,ldb_d8,"ld E,(0x915d)",4
UNI_ASSEMBLES_DIFF,ldb_d8,"ld E,(0x915e)",4
UNI_ASSEMBLES_DIFF,ldb_d8,"ld E,(0x91cf)",4
UNI_ASSEMBLES_DIFF,ldb_d8,"ld E,(0xc07d)",4
UNI_ASSEMBLES_DIFF,ldb_d8,"ld E,(0xfc5f)",4
UNI_ASSEMBLES_DIFF,ldb_d8,"ld H,(0x0ef5)",4
UNI_ASSEMBLES_DIFF,ldb_d8,"ld H,(0x1198)",4
UNI_ASSEMBLES_DIFF,ldb_d8,"ld H,(0x276b)",4
UNI_ASSEMBLES_DIFF,ldb_d8,"ld H,(0x32e6)",4
UNI_ASSEMBLES_DIFF,ldb_d8,"ld H,(0x3723)",4
UNI_ASSEMBLES_DIFF,ldb_d8,"ld H,(0x7f4d)",4
UNI_ASSEMBLES_DIFF,ldw_d16,"ld HL,(0x0d5a)",4
UNI_ASSEMBLES_DIFF,ldw_d16,"ld HL,(0x0da2)",4
UNI_ASSEMBLES_DIFF,ldw_d16,"ld HL,(0x343d)",4
UNI_ASSEMBLES_DIFF,ldw_d16,"ld HL,(0x356a)",4
UNI_ASSEMBLES_DIFF,ldw_d16,"ld HL,(0x35a2)",4
UNI_ASSEMBLES_DIFF,ldw_d16,"ld HL,(0x3602)",4
UNI_ASSEMBLES_DIFF,ldw_d16,"ld HL,(0x360a)",4
UNI_ASSEMBLES_DIFF,ldw_d16,"ld HL,(0x3658)",4
UNI_ASSEMBLES_DIFF,ldw_d16,"ld HL,(0x365a)",4
UNI_ASSEMBLES_DIFF,ldw_d16,"ld HL,(0x3976)",4
UNI_ASSEMBLES_DIFF,ldw_d16,"ld HL,(0x7f1a)",4
UNI_ASSEMBLES_DIFF,ldw_d16,"ld HL,(0x7f48)",4
UNI_ASSEMBLES_DIFF,ldw_d16,"ld HL,(0x81ac)",4
UNI_ASSEMBLES_DIFF,ldw_d16,"ld HL,(0x82d8)",4
UNI_ASSEMBLES_DIFF,ldw_d16,"ld HL,(0x9042)",4
UNI_ASSEMBLES_DIFF,ldw_d16,"ld HL,(0x90ee)",4
UNI_ASSEMBLES_DIFF,ldw_d16,"ld IX,(0x345c)",4
UNI_ASSEMBLES_DIFF,ldw_d16,"ld IX,(0x397c)",4
UNI_ASSEMBLES_DIFF,ldw_d16,"ld IY,(0x0cde)",4
UNI_ASSEMBLES_DIFF,ldw_d16,"ld IY,(0x0da0)",4
UNI_ASSEMBLES_DIFF,ldw_d16,"ld IY,(0x333c)",4
UNI_ASSEMBLES_DIFF,ldw_d16,"ld IY,(0x3574)",4
UNI_ASSEMBLES_DIFF,ldw_d16,"ld IY,(0x3576)",4
UNI_ASSEMBLES_DIFF,ldw_d16,"ld IY,(0x3578)",4
UNI_ASSEMBLES_DIFF,ldw_d16,"ld IY,(0x357a)",4
UNI_ASSEMBLES_DIFF,ldw_d16,"ld IY,(0x357c)",4
UNI_ASSEMBLES_DIFF,ldw_d16,"ld IY,(0x371a)",4
UNI_ASSEMBLES_DIFF,ldw_d16,"ld IY,(0x8dff)",4
UNI_ASSEMBLES_DIFF,ldw_d16,"ld IZ,(0x3000)",4
UNI_ASSEMBLES_DIFF,ldw_d16,"ld IZ,(0x3002)",4
UNI_ASSEMBLES_DIFF,ldw_d16,"ld IZ,(0x333a)",4
UNI_ASSEMBLES_DIFF,ldw_d16,"ld IZ,(0x397a)",4
UNI_ASSEMBLES_DIFF,ldw_d16,"ld IZ,(0x397c)",4
UNI_ASSEMBLES_DIFF,ldb_d8,"ld L,(0x0c8e)",4
UNI_ASSEMBLES_DIFF,ldb_d8,"ld L,(0x0c8f)",4
UNI_ASSEMBLES_DIFF,ldb_d8,"ld L,(0x0e0d)",4
UNI_ASSEMBLES_DIFF,ldb_d8,"ld L,(0x0eb6)",4
UNI_ASSEMBLES_DIFF,ldb_d8,"ld L,(0x0ec2)",4
UNI_ASSEMBLES_DIFF,ldb_d8,"ld L,(0x0ef4)",4
UNI_ASSEMBLES_DIFF,ldb_d8,"ld L,(0x1198)",4
UNI_ASSEMBLES_DIFF,ldb_d8,"ld L,(0x259e)",4
UNI_ASSEMBLES_DIFF,ldb_d8,"ld L,(0x2684)",4
UNI_ASSEMBLES_DIFF,ldb_d8,"ld L,(0x33db)",4
UNI_ASSEMBLES_DIFF,ldb_d8,"ld L,(0x3453)",4
UNI_ASSEMBLES_DIFF,ldb_d8,"ld L,(0x360a)",4
UNI_ASSEMBLES_DIFF,ldb_d8,"ld L,(0x36ff)",4
UNI_ASSEMBLES_DIFF,ldb_d8,"ld L,(0x3715)",4
UNI_ASSEMBLES_DIFF,ldb_d8,"ld L,(0x3722)",4
UNI_ASSEMBLES_DIFF,ldb_d8,"ld L,(0x8d3a)",4
UNI_ASSEMBLES_DIFF,ldb_d8,"ld L,(0x8d8a)",4
UNI_ASSEMBLES_DIFF,ldb_d8,"ld L,(0x904e)",4
UNI_ASSEMBLES_DIFF,ldb_d8,"ld L,(0x91b5)",4
UNI_ASSEMBLES_DIFF,ldb_d8,"ld L,(0x9634)",4
UNI_ASSEMBLES_DIFF,ldb_d8,"ld W,(0x10d0)",4
UNI_ASSEMBLES_DIFF,ldb_d8,"ld W,(0x195a)",4
UNI_ASSEMBLES_DIFF,ldb_d8,"ld W,(0x216b)",4
UNI_ASSEMBLES_DIFF,ldb_d8,"ld W,(0x32b1)",4
UNI_ASSEMBLES_DIFF,ldb_d8,"ld W,(0x32b5)",4
UNI_ASSEMBLES_DIFF,ldb_d8,"ld W,(0x32bb)",4
UNI_ASSEMBLES_DIFF,ldb_d8,"ld W,(0x32d8)",4
UNI_ASSEMBLES_DIFF,ldb_d8,"ld W,(0x32e5)",4
UNI_ASSEMBLES_DIFF,ldb_d8,"ld W,(0x3314)",4
UNI_ASSEMBLES_DIFF,ldb_d8,"ld W,(0x3338)",4
UNI_ASSEMBLES_DIFF,ldb_d8,"ld W,(0x333e)",4
UNI_ASSEMBLES_DIFF,ldb_d8,"ld W,(0x343d)",4
UNI_ASSEMBLES_DIFF,ldb_d8,"ld W,(0x34d6)",4
UNI_ASSEMBLES_DIFF,ldb_d8,"ld W,(0x34fb)",4
UNI_ASSEMBLES_DIFF,ldb_d8,"ld W,(0x3510)",4
UNI_ASSEMBLES_DIFF,ldb_d8,"ld W,(0x3591)",4
UNI_ASSEMBLES_DIFF,ldb_d8,"ld W,(0x3592)",4
UNI_ASSEMBLES_DIFF,ldb_d8,"ld W,(0x3593)",4
UNI_ASSEMBLES_DIFF,ldb_d8,"ld W,(0x3594)",4
UNI_ASSEMBLES_DIFF,ldb_d8,"ld W,(0x3595)",4
UNI_ASSEMBLES_DIFF,ldb_d8,"ld W,(0x7922)",4
UNI_ASSEMBLES_DIFF,ldb_d8,"ld W,(0x91c8)",4
UNI_ASSEMBLES_DIFF,ldb_d8,"ld W,(0xc07f)",4
UNI_ASSEMBLES_DIFF,ldb_d8,"ld W,(0xfc61)",4
UNI_ASSEMBLES_DIFF,ldw_d16,"ld WA,(0x0c1a)",4
UNI_ASSEMBLES_DIFF,ldw_d16,"ld WA,(0x0c6e)",4
UNI_ASSEMBLES_DIFF,ldw_d16,"ld WA,(0x0ca4)",4
UNI_ASSEMBLES_DIFF,ldw_d16,"ld WA,(0x0cd8)",4
UNI_ASSEMBLES_DIFF,ldw_d16,"ld WA,(0x0d04)",4
UNI_ASSEMBLES_DIFF,ldw_d16,"ld WA,(0x0d40)",4
UNI_ASSEMBLES_DIFF,ldw_d16,"ld WA,(0x0d62)",4
UNI_ASSEMBLES_DIFF,ldw_d16,"ld WA,(0x0da0)",4
UNI_ASSEMBLES_DIFF,ldw_d16,"ld WA,(0x0dae)",4
UNI_ASSEMBLES_DIFF,ldw_d16,"ld WA,(0x0e56)",4
UNI_ASSEMBLES_DIFF,ldw_d16,"ld WA,(0x0eea)",4
UNI_ASSEMBLES_DIFF,ldw_d16,"ld WA,(0x0f60)",4
UNI_ASSEMBLES_DIFF,ldw_d16,"ld WA,(0x0f62)",4
UNI_ASSEMBLES_DIFF,ldw_d16,"ld WA,(0x107e)",4
UNI_ASSEMBLES_DIFF,ldw_d16,"ld WA,(0x1082)",4
UNI_ASSEMBLES_DIFF,ldw_d16,"ld WA,(0x10d2)",4
UNI_ASSEMBLES_DIFF,ldw_d16,"ld WA,(0x1178)",4
UNI_ASSEMBLES_DIFF,ldw_d16,"ld WA,(0x1248)",4
UNI_ASSEMBLES_DIFF,ldw_d16,"ld WA,(0x269b)",4
UNI_ASSEMBLES_DIFF,ldw_d16,"ld WA,(0x276e)",4
UNI_ASSEMBLES_DIFF,ldw_d16,"ld WA,(0x27ce)",4
UNI_ASSEMBLES_DIFF,ldw_d16,"ld WA,(0x280c)",4
UNI_ASSEMBLES_DIFF,ldw_d16,"ld WA,(0x28c6)",4
UNI_ASSEMBLES_DIFF,ldw_d16,"ld WA,(0x2ae2)",4
UNI_ASSEMBLES_DIFF,ldw_d16,"ld WA,(0x3247)",4
UNI_ASSEMBLES_DIFF,ldw_d16,"ld WA,(0x3287)",4
UNI_ASSEMBLES_DIFF,ldw_d16,"ld WA,(0x3289)",4
UNI_ASSEMBLES_DIFF,ldw_d16,"ld WA,(0x328b)",4
UNI_ASSEMBLES_DIFF,ldw_d16,"ld WA,(0x328d)",4
UNI_ASSEMBLES_DIFF,ldw_d16,"ld WA,(0x328f)",4
UNI_ASSEMBLES_DIFF,ldw_d16,"ld WA,(0x3291)",4
UNI_ASSEMBLES_DIFF,ldw_d16,"ld WA,(0x344b)",4
UNI_ASSEMBLES_DIFF,ldw_d16,"ld WA,(0x3542)",4
UNI_ASSEMBLES_DIFF,ldw_d16,"ld WA,(0x3544)",4
UNI_ASSEMBLES_DIFF,ldw_d16,"ld WA,(0x3566)",4
UNI_ASSEMBLES_DIFF,ldw_d16,"ld WA,(0x3568)",4
UNI_ASSEMBLES_DIFF,ldw_d16,"ld WA,(0x356c)",4
UNI_ASSEMBLES_DIFF,ldw_d16,"ld WA,(0x3596)",4
UNI_ASSEMBLES_DIFF,ldw_d16,"ld WA,(0x35be)",4
UNI_ASSEMBLES_DIFF,ldw_d16,"ld WA,(0x3654)",4
UNI_ASSEMBLES_DIFF,ldw_d16,"ld WA,(0x3656)",4
UNI_ASSEMBLES_DIFF,ldw_d16,"ld WA,(0x3704)",4
UNI_ASSEMBLES_DIFF,ldw_d16,"ld WA,(0x377e)",4
UNI_ASSEMBLES_DIFF,ldw_d16,"ld WA,(0x38e4)",4
UNI_ASSEMBLES_DIFF,ldw_d16,"ld WA,(0x3952)",4
UNI_ASSEMBLES_DIFF,ldw_d16,"ld WA,(0x3954)",4
UNI_ASSEMBLES_DIFF,ldw_d16,"ld WA,(0x3956)",4
UNI_ASSEMBLES_DIFF,ldw_d16,"ld WA,(0x3958)",4
UNI_ASSEMBLES_DIFF,ldw_d16,"ld WA,(0x395a)",4
UNI_ASSEMBLES_DIFF,ldw_d16,"ld WA,(0x397e)",4
UNI_ASSEMBLES_DIFF,ldw_d16,"ld WA,(0x45b2)",4
UNI_ASSEMBLES_DIFF,ldw_d16,"ld WA,(0x48ac)",4
UNI_ASSEMBLES_DIFF,ldw_d16,"ld WA,(0x7d8c)",4
UNI_ASSEMBLES_DIFF,ldw_d16,"ld WA,(0x7d8e)",4
UNI_ASSEMBLES_DIFF,ldw_d16,"ld WA,(0x7dd4)",4
UNI_ASSEMBLES_DIFF,ldw_d16,"ld WA,(0x7e18)",4
UNI_ASSEMBLES_DIFF,ldw_d16,"ld WA,(0x7e3c)",4
UNI_ASSEMBLES_DIFF,ldw_d16,"ld WA,(0x7e3e)",4
UNI_ASSEMBLES_DIFF,ldw_d16,"ld WA,(0x7ede)",4
UNI_ASSEMBLES_DIFF,ldw_d16,"ld WA,(0x7f10)",4
UNI_ASSEMBLES_DIFF,ldw_d16,"ld WA,(0x7f80)",4
UNI_ASSEMBLES_DIFF,ldw_d16,"ld WA,(0x8164)",4
UNI_ASSEMBLES_DIFF,ldw_d16,"ld WA,(0x82d8)",4
UNI_ASSEMBLES_DIFF,ldw_d16,"ld WA,(0x8506)",4
UNI_ASSEMBLES_DIFF,ldw_d16,"ld WA,(0x8508)",4
UNI_ASSEMBLES_DIFF,ldw_d16,"ld WA,(0x8a1c)",4
UNI_ASSEMBLES_DIFF,ldw_d16,"ld WA,(0x8a1e)",4
UNI_ASSEMBLES_DIFF,ldw_d16,"ld WA,(0x8a44)",4
UNI_ASSEMBLES_DIFF,ldw_d16,"ld WA,(0x8a46)",4
UNI_ASSEMBLES_DIFF,ldw_d16,"ld WA,(0x8b12)",4
UNI_ASSEMBLES_DIFF,ldw_d16,"ld WA,(0x8f3c)",4
UNI_ASSEMBLES_DIFF,ldw_d16,"ld WA,(0x8f44)",4
UNI_ASSEMBLES_DIFF,ldw_d16,"ld WA,(0x8f48)",4
UNI_ASSEMBLES_DIFF,ldw_d16,"ld WA,(0x9044)",4
UNI_ASSEMBLES_DIFF,ldw_d16,"ld WA,(0x90bf)",4
UNI_ASSEMBLES_DIFF,ldw_d16,"ld WA,(0x911b)",4
UNI_ASSEMBLES_DIFF,ldw_d16,"ld WA,(0x9644)",4
UNI_ASSEMBLES_DIFF,ldw_d16,"ld WA,(0x9646)",4
UNI_ASSEMBLES_DIFF,ldw_d16,"ld WA,(0xc07e)",4
UNI_ASSEMBLES_DIFF,ldw_d16,"ld WA,(0xe91f)",4
UNI_ASSEMBLES_DIFF,ldda32,"ld XBC,(0x208c)",4
UNI_ASSEMBLES_DIFF,ldda32,"ld XBC,(0x2640)",4
UNI_ASSEMBLES_DIFF,ldda32,"ld XBC,(0x3d5c)",4
UNI_ASSEMBLES_DIFF,ldda32,"ld XBC,(0xbcac)",4
UNI_ASSEMBLES_DIFF,ldda32,"ld XBC,(0xe14e)",4
UNI_ASSEMBLES_DIFF,ldda32,"ld XDE,(0xe14e)",4
UNI_ASSEMBLES_DIFF,ldda32,"ld XHL,(0x354c)",4
UNI_ASSEMBLES_DIFF,ldda32,"ld XHL,(0x3560)",4
UNI_ASSEMBLES_DIFF,ldda32,"ld XHL,(0x3650)",4
UNI_ASSEMBLES_DIFF,ldda32,"ld XHL,(0x39ae)",4
UNI_ASSEMBLES_DIFF,ldda32,"ld XHL,(0x8a4c)",4
UNI_ASSEMBLES_DIFF,ldda32,"ld XHL,(0x8a4e)",4
UNI_ASSEMBLES_DIFF,ldda32,"ld XHL,(0xbc5c)",4
UNI_ASSEMBLES_DIFF,ldda32,"ld XIX,(0x126e)",4
UNI_ASSEMBLES_DIFF,ldda32,"ld XIX,(0x34ac)",4
UNI_ASSEMBLES_DIFF,ldda32,"ld XIX,(0x364c)",4
UNI_ASSEMBLES_DIFF,ldda32,"ld XIX,(0x376a)",4
UNI_ASSEMBLES_DIFF,ldda32,"ld XIX,(0x39ae)",4
UNI_ASSEMBLES_DIFF,ldda32,"ld XIX,(0x9125)",4
UNI_ASSEMBLES_DIFF,ldda32,"ld XIY,(0x34c8)",4
UNI_ASSEMBLES_DIFF,ldda32,"ld XIY,(0x355c)",4
UNI_ASSEMBLES_DIFF,ldda32,"ld XIY,(0x3560)",4
UNI_ASSEMBLES_DIFF,ldda32,"ld XIY,(0x375a)",4
UNI_ASSEMBLES_DIFF,ldda32,"ld XIY,(0x7e74)",4
UNI_ASSEMBLES_DIFF,ldda32,"ld XWA,(0x2088)",4
UNI_ASSEMBLES_DIFF,ldda32,"ld XWA,(0x3564)",4
UNI_ASSEMBLES_DIFF,ldda32,"ld XWA,(0x364c)",4
UNI_ASSEMBLES_DIFF,ldda32,"ld XWA,(0x39e0)",4
UNI_ASSEMBLES_DIFF,ldda32,"ld XWA,(0x3d60)",4
UNI_ASSEMBLES_DIFF,ldda32,"ld XWA,(0x7e65)",4
UNI_ASSEMBLES_DIFF,ldda32,"ld XWA,(0x7e69)",4
UNI_ASSEMBLES_DIFF,ldda32,"ld XWA,(0x7f60)",4
UNI_ASSEMBLES_DIFF,ldda32,"ld XWA,(0x7f82)",4
UNI_ASSEMBLES_DIFF,ldda32,"ld XWA,(0x82de)",4
UNI_ASSEMBLES_DIFF,ldda32,"ld XWA,(0x83f8)",4
UNI_ASSEMBLES_DIFF,ldda32,"ld XWA,(0x8434)",4
UNI_ASSEMBLES_DIFF,ldda32,"ld XWA,(0x8458)",4
UNI_ASSEMBLES_DIFF,ldda32,"ld XWA,(0x8498)",4
UNI_ASSEMBLES_DIFF,ldda32,"ld XWA,(0x84f8)",4
UNI_ASSEMBLES_DIFF,ldda32,"ld XWA,(0xbc60)",4
UNI_ASSEMBLES_DIFF,ldcf_dd8,"ldcf 4,(0x38)",4
UNI_ASSEMBLES_DIFF,ordi8,"or (0x0429),0x01",4
UNI_ASSEMBLES_DIFF,ordi8,"or (0x0dd3),0x01",4
UNI_ASSEMBLES_DIFF,ordi8,"or (0x0f66),0x40",4
UNI_ASSEMBLES_DIFF,orddm8,"or (0x2770),C",4
UNI_ASSEMBLES_DIFF,ordi8,"or (0x3284),0x10",4
UNI_ASSEMBLES_DIFF,ordi8,"or (0x32f3),0x80",4
UNI_ASSEMBLES_DIFF,ordi8,"or (0x32f4),0x02",4
UNI_ASSEMBLES_DIFF,ordi8,"or (0x330d),0x01",4
UNI_ASSEMBLES_DIFF,ordi8,"or (0x330e),0x01",4
UNI_ASSEMBLES_DIFF,ordi8,"or (0x330e),0x02",4
UNI_ASSEMBLES_DIFF,orddm8,"or (0x3312),A",4
UNI_ASSEMBLES_DIFF,ordi8,"or (0x3317),0x3f",4
UNI_ASSEMBLES_DIFF,ordi8,"or (0x3329),0x3f",4
UNI_ASSEMBLES_DIFF,ordi8,"or (0x332c),0x80",4
UNI_ASSEMBLES_DIFF,ordi8,"or (0x3349),0x04",4
UNI_ASSEMBLES_DIFF,ordi8,"or (0x33d1),0x08",4
UNI_ASSEMBLES_DIFF,ordi8,"or (0x346d),0x04",4
UNI_ASSEMBLES_DIFF,ordi8,"or (0x346e),0xa0",4
UNI_ASSEMBLES_DIFF,ordi8,"or (0x346e),0xe0",4
UNI_ASSEMBLES_DIFF,ordi8,"or (0x3474),0x01",4
UNI_ASSEMBLES_DIFF,ordi8,"or (0x3480),0x04",4
UNI_ASSEMBLES_DIFF,ordi8,"or (0x3480),0x08",4
UNI_ASSEMBLES_DIFF,ordi8,"or (0x3480),0x10",4
UNI_ASSEMBLES_DIFF,ordi8,"or (0x3480),0x40",4
UNI_ASSEMBLES_DIFF,ordi8,"or (0x3480),0x80",4
UNI_ASSEMBLES_DIFF,ordi8,"or (0x3483),0x10",4
UNI_ASSEMBLES_DIFF,ordi8,"or (0x3483),0x20",4
UNI_ASSEMBLES_DIFF,ordi8,"or (0x3483),0x40",4
UNI_ASSEMBLES_DIFF,ordi8,"or (0x3483),0x80",4
UNI_ASSEMBLES_DIFF,ordi8,"or (0x3484),0x04",4
UNI_ASSEMBLES_DIFF,ordi8,"or (0x3498),0x01",4
UNI_ASSEMBLES_DIFF,ordi8,"or (0x34d0),0x20",4
UNI_ASSEMBLES_DIFF,ordi8,"or (0x34d0),0x40",4
UNI_ASSEMBLES_DIFF,ordi8,"or (0x3522),0x02",4
UNI_ASSEMBLES_DIFF,ordi8,"or (0x35b0),0x01",4
UNI_ASSEMBLES_DIFF,orddm8,"or (0x37c8),W",4
UNI_ASSEMBLES_DIFF,ordi8,"or (0x8cec),0x01",4
UNI_ASSEMBLES_DIFF,orddm16,"or (0x8f3a),HL",4
UNI_ASSEMBLES_DIFF,orddm16,"or (0x8f3e),HL",4
UNI_ASSEMBLES_DIFF,orddm16,"or (0x8f42),HL",4
UNI_ASSEMBLES_DIFF,ordi8,"or (0xc2ce),0x7f",4
UNI_ASSEMBLES_DIFF,ordi8,"or (0xe3e0),0x10",4
UNI_ASSEMBLES_DIFF,orda8,"or A,(0x3276)",4
UNI_ASSEMBLES_DIFF,orda8,"or A,(0x7d6b)",4
UNI_ASSEMBLES_DIFF,orda8,"or A,(0x9130)",4
UNI_ASSEMBLES_DIFF,orda8,"or E,(0x9130)",4
UNI_ASSEMBLES_DIFF,orda8,"or W,(0x3315)",4
UNI_ASSEMBLES_DIFF,res_dd8,"res 0,(0x1e)",4
UNI_ASSEMBLES_DIFF,res_dd8,"res 0,(0x3c)",4
UNI_ASSEMBLES_DIFF,res_dd8,"res 0,(0x44)",4
UNI_ASSEMBLES_DIFF,resda,"res 0,(0x8f5c)",4
UNI_ASSEMBLES_DIFF,resda,"res 2,(0x0d54)",4
UNI_ASSEMBLES_DIFF,res_dd8,"res 2,(0x1f)",4
UNI_ASSEMBLES_DIFF,res_dd8,"res 2,(0x20)",4
UNI_ASSEMBLES_DIFF,resda,"res 2,(0xc1fe)",4
UNI_ASSEMBLES_DIFF,res_dd8,"res 3,(0x1f)",4
UNI_ASSEMBLES_DIFF,res_dd8,"res 3,(0x80)",4
UNI_ASSEMBLES_DIFF,resda,"res 7,(0x0162)",4
UNI_ASSEMBLES_DIFF,set_dd8,"set 0,(0x3c)",4
UNI_ASSEMBLES_DIFF,setda,"set 0,(0x8d46)",4
UNI_ASSEMBLES_DIFF,setda,"set 0,(0x8f5c)",4
UNI_ASSEMBLES_DIFF,setda,"set 0,(0xb7ee)",4
UNI_ASSEMBLES_DIFF,set_dd8,"set 0,(0xc6)",4
UNI_ASSEMBLES_DIFF,setda,"set 1,(0x91ad)",4
UNI_ASSEMBLES_DIFF,setda,"set 1,(0xc1f0)",4
UNI_ASSEMBLES_DIFF,setda,"set 2,(0x0427)",4
UNI_ASSEMBLES_DIFF,set_dd8,"set 2,(0x1f)",4
UNI_ASSEMBLES_DIFF,setda,"set 2,(0x347a)",4
UNI_ASSEMBLES_DIFF,setda,"set 2,(0x34cd)",4
UNI_ASSEMBLES_DIFF,setda,"set 2,(0x90f9)",4
UNI_ASSEMBLES_DIFF,setda,"set 2,(0xbd18)",4
UNI_ASSEMBLES_DIFF,set_dd8,"set 3,(0x1f)",4
UNI_ASSEMBLES_DIFF,setda,"set 3,(0x28ad)",4
UNI_ASSEMBLES_DIFF,set_dd8,"set 3,(0x80)",4
UNI_ASSEMBLES_DIFF,setda,"set 3,(0x8d52)",4
UNI_ASSEMBLES_DIFF,setda,"set 3,(0x90f9)",4
UNI_ASSEMBLES_DIFF,setda,"set 6,(0x8a0d)",4
UNI_ASSEMBLES_DIFF,setda,"set 7,(0xbd18)",4
UNI_ASSEMBLES_DIFF,setda,"set 7,(0xc2c2)",4
UNI_ASSEMBLES_DIFF,setda,"set 7,(0xc2c6)",4
UNI_ASSEMBLES_DIFF,setda,"set 7,(0xc2ca)",4
UNI_ASSEMBLES_DIFF,subda8,"sub A,(0x045d)",4
UNI_ASSEMBLES_DIFF,subda16,"sub BC,(0x3660)",4
UNI_ASSEMBLES_DIFF,subda16,"sub BC,(0x3666)",4
UNI_ASSEMBLES_DIFF,subda16,"sub DE,(0x360a)",4
UNI_ASSEMBLES_DIFF,subda16,"sub WA,(0x0fd5)",4
UNI_ASSEMBLES_DIFF,subda16,"sub WA,(0x365e)",4
UNI_ASSEMBLES_DIFF,subda16,"sub WA,(0x3660)",4
UNI_ASSEMBLES_DIFF,subda16,"sub WA,(0x398a)",4
UNI_ASSEMBLES_DIFF,xorda8,"xor A,(0x3392)",4
UNI_ASSEMBLES_DIFF,xorda8,"xor A,(0x347b)",4
UNI_ASSEMBLES_DIFF,adddm32,"add (0x0409),XHL",3
UNI_ASSEMBLES_DIFF,adddm8,"add (0x0437),A",3
UNI_ASSEMBLES_DIFF,adddm8,"add (0x046b),A",3
UNI_ASSEMBLES_DIFF,adddm8,"add (0x046d),A",3
UNI_ASSEMBLES_DIFF,adddm32,"add (0x063e),XHL",3
UNI_ASSEMBLES_DIFF,adddm32,"add (0x063e),XWA",3
UNI_ASSEMBLES_DIFF,adddm16,"add (0x0d58),WA",3
UNI_ASSEMBLES_DIFF,adddm16,"add (0x0d5a),BC",3
UNI_ASSEMBLES_DIFF,adddm16,"add (0x1101),BC",3
UNI_ASSEMBLES_DIFF,adddi8,"add (0x1181),0x30",3
UNI_ASSEMBLES_DIFF,adddm16,"add (0x1d76),WA",3
UNI_ASSEMBLES_DIFF,adddm16,"add (0x25b4),HL",3
UNI_ASSEMBLES_DIFF,adddm16,"add (0x25b4),WA",3
UNI_ASSEMBLES_DIFF,adddm16,"add (0x25be),HL",3
UNI_ASSEMBLES_DIFF,adddm16,"add (0x26cc),WA",3
UNI_ASSEMBLES_DIFF,adddm16,"add (0x26e0),WA",3
UNI_ASSEMBLES_DIFF,adddm16,"add (0x29f2),WA",3
UNI_ASSEMBLES_DIFF,addda8,"add A,(0x0462)",3
UNI_ASSEMBLES_DIFF,addda8,"add A,(0x0df7)",3
UNI_ASSEMBLES_DIFF,addda8,"add A,(0x260c)",3
UNI_ASSEMBLES_DIFF,addda16,"add BC,(0x0f62)",3
UNI_ASSEMBLES_DIFF,addda16,"add BC,(0x2816)",3
UNI_ASSEMBLES_DIFF,addda16,"add DE,(0x25de)",3
UNI_ASSEMBLES_DIFF,addda16,"add HL,(0x0d5a)",3
UNI_ASSEMBLES_DIFF,addda16,"add IY,(0x0df5)",3
UNI_ASSEMBLES_DIFF,addda8,"add W,(0x0464)",3
UNI_ASSEMBLES_DIFF,addda16,"add WA,(0x0409)",3
UNI_ASSEMBLES_DIFF,addda16,"add WA,(0x0470)",3
UNI_ASSEMBLES_DIFF,addda16,"add WA,(0x0f70)",3
UNI_ASSEMBLES_DIFF,addda16,"add WA,(0x10ef)",3
UNI_ASSEMBLES_DIFF,addda16,"add WA,(0x1d78)",3
UNI_ASSEMBLES_DIFF,addda16,"add WA,(0x27a0)",3
UNI_ASSEMBLES_DIFF,addda16,"add WA,(0x27f8)",3
UNI_ASSEMBLES_DIFF,addda16,"add WA,(0x280e)",3
UNI_ASSEMBLES_DIFF,addda16,"add WA,(0xf1d9)",3
UNI_ASSEMBLES_DIFF,addda16,"add WA,(0xf1de)",3
UNI_ASSEMBLES_DIFF,addda16,"add WA,(0xf1e4)",3
UNI_ASSEMBLES_DIFF,addda16,"add WA,(0xf1ec)",3
UNI_ASSEMBLES_DIFF,addda32,"add XHL,(0x0c72)",3
UNI_ASSEMBLES_DIFF,addda32,"add XHL,(0x1d54)",3
UNI_ASSEMBLES_DIFF,addda32,"add XIX,(0x0c72)",3
UNI_ASSEMBLES_DIFF,addda32,"add XIX,(0x1073)",3
UNI_ASSEMBLES_DIFF,addda32,"add XIY,(0x10fd)",3
UNI_ASSEMBLES_DIFF,addda32,"add XWA,(0x0c72)",3
UNI_ASSEMBLES_DIFF,addda32,"add XWA,(0x25da)",3
UNI_ASSEMBLES_DIFF,anddi8,"and (0x0421),0xf7",3
UNI_ASSEMBLES_DIFF,anddi8,"and (0x0422),0x6e",3
UNI_ASSEMBLES_DIFF,anddi8,"and (0x0422),0x7f",3
UNI_ASSEMBLES_DIFF,anddi8,"and (0x0431),0xf7",3
UNI_ASSEMBLES_DIFF,anddi8,"and (0x0431),0xfe",3
UNI_ASSEMBLES_DIFF,anddi8,"and (0x0437),0x07",3
UNI_ASSEMBLES_DIFF,anddm8,"and (0x065e),A",3
UNI_ASSEMBLES_DIFF,anddi8,"and (0x0d35),0xfe",3
UNI_ASSEMBLES_DIFF,anddi8,"and (0x0d3d),0xfe",3
UNI_ASSEMBLES_DIFF,anddi8,"and (0x0f52),0xcf",3
UNI_ASSEMBLES_DIFF,anddi8,"and (0x0f52),0xf3",3
UNI_ASSEMBLES_DIFF,anddi8,"and (0x0f52),0xfc",3
UNI_ASSEMBLES_DIFF,anddi8,"and (0x0f54),0xfe",3
UNI_ASSEMBLES_DIFF,anddi8,"and (0x0f56),0xfd",3
UNI_ASSEMBLES_DIFF,anddi8,"and (0x0f64),0xfd",3
UNI_ASSEMBLES_DIFF,anddi8,"and (0x0f66),0xaf",3
UNI_ASSEMBLES_DIFF,anddi8,"and (0x0f66),0xbf",3
UNI_ASSEMBLES_DIFF,anddi8,"and (0x0f67),0xaf",3
UNI_ASSEMBLES_DIFF,anddi8,"and (0x1073),0xf0",3
UNI_ASSEMBLES_DIFF,anddi8,"and (0x10eb),0xfe",3
UNI_ASSEMBLES_DIFF,anddi8,"and (0x1129),0xfd",3
UNI_ASSEMBLES_DIFF,anddi8,"and (0x112b),0x01",3
UNI_ASSEMBLES_DIFF,anddi8,"and (0x1185),0xfc",3
UNI_ASSEMBLES_DIFF,anddm16,"and (0x2314),BC",3
UNI_ASSEMBLES_DIFF,anddi8,"and (0x27d2),0xfd",3
UNI_ASSEMBLES_DIFF,anddi8,"and (0x27d2),0xfe",3
UNI_ASSEMBLES_DIFF,anddi8,"and (0x2879),0xfd",3
UNI_ASSEMBLES_DIFF,anddi8,"and (0x2879),0xfe",3
UNI_ASSEMBLES_DIFF,anddi8,"and (0x287b),0xdf",3
UNI_ASSEMBLES_DIFF,anddi8,"and (0x289d),0xfa",3
UNI_ASSEMBLES_DIFF,anddi8,"and (0x289d),0xfe",3
UNI_ASSEMBLES_DIFF,anddi8,"and (0x28a5),0xfe",3
UNI_ASSEMBLES_DIFF,anddm16,"and (0x28a8),DE",3
UNI_ASSEMBLES_DIFF,anddi8,"and (0x28ac),0xdf",3
UNI_ASSEMBLES_DIFF,anddi8,"and (0x28b2),0xf9",3
UNI_ASSEMBLES_DIFF,anddi8,"and (0x28b3),0xf7",3
UNI_ASSEMBLES_DIFF,anddm16,"and (0x28b4),BC",3
UNI_ASSEMBLES_DIFF,anddm16,"and (0x28b4),DE",3
UNI_ASSEMBLES_DIFF,anddm16,"and (0x294e),BC",3
UNI_ASSEMBLES_DIFF,anddm8,"and (0x3276),A",3
UNI_ASSEMBLES_DIFF,anddm8,"and (0x3277),A",3
UNI_ASSEMBLES_DIFF,anddi8,"and (0x327a),0xc0",3
UNI_ASSEMBLES_DIFF,anddm8,"and (0x327a),A",3
UNI_ASSEMBLES_DIFF,anddm8,"and (0x327b),A",3
UNI_ASSEMBLES_DIFF,anddi8,"and (0x327c),0xc0",3
UNI_ASSEMBLES_DIFF,anddm8,"and (0x327c),A",3
UNI_ASSEMBLES_DIFF,anddm8,"and (0x328d),A",3
UNI_ASSEMBLES_DIFF,anddi8,"and (0x3290),0xdf",3
UNI_ASSEMBLES_DIFF,anddi8,"and (0x3290),0xef",3
UNI_ASSEMBLES_DIFF,anddi8,"and (0x3290),0xf7",3
UNI_ASSEMBLES_DIFF,anddi8,"and (0x3290),0xfb",3
UNI_ASSEMBLES_DIFF,anddm8,"and (0x32c1),A",3
UNI_ASSEMBLES_DIFF,anddi8,"and (0x33e4),0xf7",3
UNI_ASSEMBLES_DIFF,anddi8,"and (0x33e4),0xfb",3
UNI_ASSEMBLES_DIFF,anddi8,"and (0x33e6),0xf7",3
UNI_ASSEMBLES_DIFF,anddi8,"and (0x33e6),0xfb",3
UNI_ASSEMBLES_DIFF,anddi8,"and (0x33e8),0xfb",3
UNI_ASSEMBLES_DIFF,anddi8,"and (0x33ea),0xfb",3
UNI_ASSEMBLES_DIFF,anddi8,"and (0x7d88),0x7f",3
UNI_ASSEMBLES_DIFF,and_sd8b_im,"and (0xc8),0xf7",3
UNI_ASSEMBLES_DIFF,anddi8,"and (0xe31c),0x6f",3
UNI_ASSEMBLES_DIFF,anddm16,"and (0xf1d0),HL",3
UNI_ASSEMBLES_DIFF,anddi8,"and (0xfb57),0x80",3
UNI_ASSEMBLES_DIFF,anddi8,"and (0xfb5a),0xbf",3
UNI_ASSEMBLES_DIFF,anddi8,"and (0xfb71),0x80",3
UNI_ASSEMBLES_DIFF,anddi8,"and (0xfb74),0xbf",3
UNI_ASSEMBLES_DIFF,anddi8,"and (0xfb8b),0x80",3
UNI_ASSEMBLES_DIFF,anddi8,"and (0xfb8e),0xbf",3
UNI_ASSEMBLES_DIFF,anddi8,"and (0xfba5),0x80",3
UNI_ASSEMBLES_DIFF,anddi8,"and (0xfba8),0xbf",3
UNI_ASSEMBLES_DIFF,anddi8,"and (0xfbbf),0x80",3
UNI_ASSEMBLES_DIFF,anddi8,"and (0xfc5f),0x03",3
UNI_ASSEMBLES_DIFF,anddi8,"and (0xfc5f),0xfd",3
UNI_ASSEMBLES_DIFF,anddi8,"and (0xfc5f),0xfe",3
UNI_ASSEMBLES_DIFF,anddm8,"and (0xfc5f),A",3
UNI_ASSEMBLES_DIFF,anddm8,"and (0xfc5f),W",3
UNI_ASSEMBLES_DIFF,anddi8,"and (0xfdb6),0xf0",3
UNI_ASSEMBLES_DIFF,andda8,"and A,(0x0cee)",3
UNI_ASSEMBLES_DIFF,andda8,"and A,(0x3338)",3
UNI_ASSEMBLES_DIFF,andda8,"and A,(0x9095)",3
UNI_ASSEMBLES_DIFF,andda16,"and BC,(0x2314)",3
UNI_ASSEMBLES_DIFF,andda8,"and D,(0xc3c2)",3
UNI_ASSEMBLES_DIFF,andda16,"and DE,(0x294e)",3
UNI_ASSEMBLES_DIFF,andda16,"and WA,(0x2314)",3
UNI_ASSEMBLES_DIFF,andda16,"and WA,(0x28a8)",3
UNI_ASSEMBLES_DIFF,bitda,"bit 0,(0x0412)",3
UNI_ASSEMBLES_DIFF,bitda,"bit 0,(0x0429)",3
UNI_ASSEMBLES_DIFF,bitda,"bit 0,(0x045b)",3
UNI_ASSEMBLES_DIFF,bitda,"bit 0,(0x0486)",3
UNI_ASSEMBLES_DIFF,bitda,"bit 0,(0x0d35)",3
UNI_ASSEMBLES_DIFF,bitda,"bit 0,(0x0d3d)",3
UNI_ASSEMBLES_DIFF,bitda,"bit 0,(0x0d54)",3
UNI_ASSEMBLES_DIFF,bitda,"bit 0,(0x0f54)",3
UNI_ASSEMBLES_DIFF,bitda,"bit 0,(0x10f8)",3
UNI_ASSEMBLES_DIFF,bitda,"bit 0,(0x1134)",3
UNI_ASSEMBLES_DIFF,bitda,"bit 0,(0x1185)",3
UNI_ASSEMBLES_DIFF,bitda,"bit 0,(0x230a)",3
UNI_ASSEMBLES_DIFF,bitda,"bit 0,(0x2776)",3
UNI_ASSEMBLES_DIFF,bitda,"bit 0,(0x289d)",3
UNI_ASSEMBLES_DIFF,bitda,"bit 0,(0x28b3)",3
UNI_ASSEMBLES_DIFF,bitda,"bit 0,(0x33d1)",3
UNI_ASSEMBLES_DIFF,bitda,"bit 0,(0x372d)",3
UNI_ASSEMBLES_DIFF,bitda,"bit 1,(0x0429)",3
UNI_ASSEMBLES_DIFF,bitda,"bit 1,(0x1134)",3
UNI_ASSEMBLES_DIFF,bitda,"bit 1,(0x113b)",3
UNI_ASSEMBLES_DIFF,bitda,"bit 1,(0x1185)",3
UNI_ASSEMBLES_DIFF,bitda,"bit 1,(0x230a)",3
UNI_ASSEMBLES_DIFF,bitda,"bit 1,(0x287b)",3
UNI_ASSEMBLES_DIFF,bitda,"bit 1,(0x31e7)",3
UNI_ASSEMBLES_DIFF,bitda,"bit 1,(0x323b)",3
UNI_ASSEMBLES_DIFF,bitda,"bit 1,(0x33de)",3
UNI_ASSEMBLES_DIFF,bitda,"bit 2,(0x0429)",3
UNI_ASSEMBLES_DIFF,bitda,"bit 2,(0x289d)",3
UNI_ASSEMBLES_DIFF,bitda,"bit 2,(0x28b3)",3
UNI_ASSEMBLES_DIFF,bitda,"bit 2,(0x372d)",3
UNI_ASSEMBLES_DIFF,bit_dd8,"bit 2,(0x68)",3
UNI_ASSEMBLES_DIFF,bitda,"bit 2,(0x7d83)",3
UNI_ASSEMBLES_DIFF,bitda,"bit 3,(0x0429)",3
UNI_ASSEMBLES_DIFF,bitda,"bit 3,(0x3258)",3
UNI_ASSEMBLES_DIFF,bit_dd8,"bit 3,(0x94)",3
UNI_ASSEMBLES_DIFF,bitda,"bit 4,(0x0421)",3
UNI_ASSEMBLES_DIFF,bitda,"bit 4,(0x0eba)",3
UNI_ASSEMBLES_DIFF,bitda,"bit 4,(0x28c5)",3
UNI_ASSEMBLES_DIFF,bit_dd8,"bit 4,(0x97)",3
UNI_ASSEMBLES_DIFF,bitda,"bit 5,(0x0420)",3
UNI_ASSEMBLES_DIFF,bitda,"bit 5,(0x287b)",3
UNI_ASSEMBLES_DIFF,bitda,"bit 6,(0x28ac)",3
UNI_ASSEMBLES_DIFF,bitda,"bit 7,(0x0422)",3
UNI_ASSEMBLES_DIFF,bitda,"bit 7,(0x042c)",3
UNI_ASSEMBLES_DIFF,bitda,"bit 7,(0x0620)",3
UNI_ASSEMBLES_DIFF,bitda,"bit 7,(0x108b)",3
UNI_ASSEMBLES_DIFF,bitda,"bit 7,(0x1a5e)",3
UNI_ASSEMBLES_DIFF,bitda,"bit 7,(0x22fe)",3
UNI_ASSEMBLES_DIFF,bitda,"bit 7,(0x287b)",3
UNI_ASSEMBLES_DIFF,bitda,"bit 7,(0x28ae)",3
UNI_ASSEMBLES_DIFF,bitda,"bit 7,(0x28c5)",3
UNI_ASSEMBLES_DIFF,bitda,"bit 7,(0xf9c4)",3
UNI_ASSEMBLES_DIFF,bitda,"bit 7,(0xf9c7)",3
UNI_ASSEMBLES_DIFF,bitda,"bit 7,(0xf9de)",3
UNI_ASSEMBLES_DIFF,bitda,"bit 7,(0xf9e1)",3
UNI_ASSEMBLES_DIFF,bitda,"bit 7,(0xf9f8)",3
UNI_ASSEMBLES_DIFF,bitda,"bit 7,(0xf9fb)",3
UNI_ASSEMBLES_DIFF,cpdi8,"cp (0x0400),0x80",3
UNI_ASSEMBLES_DIFF,cpdi8,"cp (0x0402),0x04",3
UNI_ASSEMBLES_DIFF,cpdi8,"cp (0x0417),0x60",3
UNI_ASSEMBLES_DIFF,cpdm8,"cp (0x041b),A",3
UNI_ASSEMBLES_DIFF,cpdm8,"cp (0x041b),C",3
UNI_ASSEMBLES_DIFF,cpdi8,"cp (0x0425),0xa5",3
UNI_ASSEMBLES_DIFF,cpdm8,"cp (0x042f),A",3
UNI_ASSEMBLES_DIFF,cpdm8,"cp (0x0430),A",3
UNI_ASSEMBLES_DIFF,cpdi8,"cp (0x0437),0xff",3
UNI_ASSEMBLES_DIFF,cpdi8,"cp (0x045b),0x01",3
UNI_ASSEMBLES_DIFF,cpdi8,"cp (0x0462),0x00",3
UNI_ASSEMBLES_DIFF,cpdi8,"cp (0x0464),0x07",3
UNI_ASSEMBLES_DIFF,cpdi8,"cp (0x0466),0x00",3
UNI_ASSEMBLES_DIFF,cpdi8,"cp (0x046a),0x60",3
UNI_ASSEMBLES_DIFF,cpdi8,"cp (0x046d),0x00",3
UNI_ASSEMBLES_DIFF,cpdm16,"cp (0x0487),WA",3
UNI_ASSEMBLES_DIFF,cpdi8,"cp (0x0516),0x01",3
UNI_ASSEMBLES_DIFF,cpdi8,"cp (0x05e0),0x02",3
UNI_ASSEMBLES_DIFF,cpdm32,"cp (0x0642),XWA",3
UNI_ASSEMBLES_DIFF,cpdi8,"cp (0x0c5a),0x00",3
UNI_ASSEMBLES_DIFF,cpdi8,"cp (0x0ce5),0x0f",3
UNI_ASSEMBLES_DIFF,cpdi8,"cp (0x0d3b),0xff",3
UNI_ASSEMBLES_DIFF,cpdi8,"cp (0x0d41),0x00",3
UNI_ASSEMBLES_DIFF,cpdm8,"cp (0x0d55),A",3
UNI_ASSEMBLES_DIFF,cpdm16,"cp (0x0d5a),DE",3
UNI_ASSEMBLES_DIFF,cpdi8,"cp (0x0d5e),0x00",3
UNI_ASSEMBLES_DIFF,cpdi8,"cp (0x0d60),0x00",3
UNI_ASSEMBLES_DIFF,cpdi8,"cp (0x0d60),0x10",3
UNI_ASSEMBLES_DIFF,cpdi8,"cp (0x0d65),0x01",3
UNI_ASSEMBLES_DIFF,cpdm8,"cp (0x0dca),B",3
UNI_ASSEMBLES_DIFF,cpdi8,"cp (0x0def),0x0f",3
UNI_ASSEMBLES_DIFF,cpdi8,"cp (0x0e4c),0x00",3
UNI_ASSEMBLES_DIFF,cpdm8,"cp (0x0e53),A",3
UNI_ASSEMBLES_DIFF,cpdm8,"cp (0x0e58),A",3
UNI_ASSEMBLES_DIFF,cpdi8,"cp (0x0eb6),0x00",3
UNI_ASSEMBLES_DIFF,cpdi8,"cp (0x0eb8),0x06",3
UNI_ASSEMBLES_DIFF,cpdi8,"cp (0x0f5a),0x00",3
UNI_ASSEMBLES_DIFF,cpdi8,"cp (0x0fa8),0x09",3
UNI_ASSEMBLES_DIFF,cpdi8,"cp (0x0fac),0x06",3
UNI_ASSEMBLES_DIFF,cpdi8,"cp (0x0fae),0xff",3
UNI_ASSEMBLES_DIFF,cpdi8,"cp (0x1073),0x00",3
UNI_ASSEMBLES_DIFF,cpdi8,"cp (0x1087),0x00",3
UNI_ASSEMBLES_DIFF,cpdi8,"cp (0x1087),0x1f",3
UNI_ASSEMBLES_DIFF,cpdi8,"cp (0x10e8),0x01",3
UNI_ASSEMBLES_DIFF,cpdi8,"cp (0x10f4),0xb5",3
UNI_ASSEMBLES_DIFF,cpdi8,"cp (0x10f4),0xb6",3
UNI_ASSEMBLES_DIFF,cpdi8,"cp (0x10f4),0xb7",3
UNI_ASSEMBLES_DIFF,cpdi8,"cp (0x10f7),0x01",3
UNI_ASSEMBLES_DIFF,cpdi8,"cp (0x111c),0x01",3
UNI_ASSEMBLES_DIFF,cpdi8,"cp (0x111c),0x03",3
UNI_ASSEMBLES_DIFF,cpdm8,"cp (0x111c),L",3
UNI_ASSEMBLES_DIFF,cpdi8,"cp (0x112a),0x01",3
UNI_ASSEMBLES_DIFF,cpdi8,"cp (0x1143),0x01",3
UNI_ASSEMBLES_DIFF,cpdm8,"cp (0x1157),L",3
UNI_ASSEMBLES_DIFF,cpdi8,"cp (0x1158),0x13",3
UNI_ASSEMBLES_DIFF,cpdi8,"cp (0x13f9),0x10",3
UNI_ASSEMBLES_DIFF,cpdi8,"cp (0x1a36),0x00",3
UNI_ASSEMBLES_DIFF,cpdi8,"cp (0x1ae2),0x01",3
UNI_ASSEMBLES_DIFF,cpdi8,"cp (0x1d60),0x00",3
UNI_ASSEMBLES_DIFF,cpdi8,"cp (0x1d62),0x00",3
UNI_ASSEMBLES_DIFF,cpdi8,"cp (0x1d68),0x01",3
UNI_ASSEMBLES_DIFF,cpdi8,"cp (0x1d6a),0x00",3
UNI_ASSEMBLES_DIFF,cpdi8,"cp (0x1d72),0x01",3
UNI_ASSEMBLES_DIFF,cpdi8,"cp (0x1d73),0x01",3
UNI_ASSEMBLES_DIFF,cpdi8,"cp (0x1d74),0x01",3
UNI_ASSEMBLES_DIFF,cpdi8,"cp (0x1d86),0x01",3
UNI_ASSEMBLES_DIFF,cpdi8,"cp (0x1d94),0x01",3
UNI_ASSEMBLES_DIFF,cpdi8,"cp (0x1da0),0x00",3
UNI_ASSEMBLES_DIFF,cpdm8,"cp (0x2208),C",3
UNI_ASSEMBLES_DIFF,cpdi8,"cp (0x2308),0x00",3
UNI_ASSEMBLES_DIFF,cpdi8,"cp (0x230c),0x00",3
UNI_ASSEMBLES_DIFF,cpdi8,"cp (0x231e),0xff",3
UNI_ASSEMBLES_DIFF,cpdi8,"cp (0x2324),0xff",3
UNI_ASSEMBLES_DIFF,cpdi8,"cp (0x2524),0x00",3
UNI_ASSEMBLES_DIFF,cpdm8,"cp (0x2587),C",3
UNI_ASSEMBLES_DIFF,cpdi8,"cp (0x2592),0x00",3
UNI_ASSEMBLES_DIFF,cpdi8,"cp (0x25c8),0x01",3
UNI_ASSEMBLES_DIFF,cpdi8,"cp (0x25d6),0x81",3
UNI_ASSEMBLES_DIFF,cpdm32,"cp (0x25da),XIZ",3
UNI_ASSEMBLES_DIFF,cpdi8,"cp (0x2600),0x00",3
UNI_ASSEMBLES_DIFF,cpdi8,"cp (0x2602),0x00",3
UNI_ASSEMBLES_DIFF,cpdi8,"cp (0x2616),0x7f",3
UNI_ASSEMBLES_DIFF,cpdi8,"cp (0x2622),0x00",3
UNI_ASSEMBLES_DIFF,cpdm16,"cp (0x2632),WA",3
UNI_ASSEMBLES_DIFF,cpdi8,"cp (0x2658),0x7f",3
UNI_ASSEMBLES_DIFF,cpdi8,"cp (0x272c),0x00",3
UNI_ASSEMBLES_DIFF,cpdi8,"cp (0x2740),0x00",3
UNI_ASSEMBLES_DIFF,cpdi8,"cp (0x2760),0x00",3
UNI_ASSEMBLES_DIFF,cpdm16,"cp (0x279c),WA",3
UNI_ASSEMBLES_DIFF,cpdi8,"cp (0x27d2),0x03",3
UNI_ASSEMBLES_DIFF,cpdi8,"cp (0x283a),0x00",3
UNI_ASSEMBLES_DIFF,cpdi8,"cp (0x2862),0x00",3
UNI_ASSEMBLES_DIFF,cpdi8,"cp (0x2864),0x00",3
UNI_ASSEMBLES_DIFF,cpdi8,"cp (0x2866),0x00",3
UNI_ASSEMBLES_DIFF,cpdi8,"cp (0x2873),0x00",3
UNI_ASSEMBLES_DIFF,cpdi8,"cp (0x2873),0x01",3
UNI_ASSEMBLES_DIFF,cpdi8,"cp (0x2873),0x02",3
UNI_ASSEMBLES_DIFF,cpdi8,"cp (0x2877),0x0f",3
UNI_ASSEMBLES_DIFF,cpdm8,"cp (0x2877),A",3
UNI_ASSEMBLES_DIFF,cpdm8,"cp (0x288e),C",3
UNI_ASSEMBLES_DIFF,cpdm16,"cp (0x28a8),IZ",3
UNI_ASSEMBLES_DIFF,cpdi8,"cp (0x295c),0x80",3
UNI_ASSEMBLES_DIFF,cpdi8,"cp (0x295e),0x80",3
UNI_ASSEMBLES_DIFF,cpdi8,"cp (0x2961),0x00",3
UNI_ASSEMBLES_DIFF,cpdi8,"cp (0x3249),0xf0",3
UNI_ASSEMBLES_DIFF,cpdi8,"cp (0x3293),0x00",3
UNI_ASSEMBLES_DIFF,cpdi8,"cp (0x3294),0x00",3
UNI_ASSEMBLES_DIFF,cpdi8,"cp (0x3295),0x00",3
UNI_ASSEMBLES_DIFF,cpdi8,"cp (0x3296),0x00",3
UNI_ASSEMBLES_DIFF,cpdi8,"cp (0x329e),0x00",3
UNI_ASSEMBLES_DIFF,cpdi8,"cp (0x329e),0x03",3
UNI_ASSEMBLES_DIFF,cpdi8,"cp (0x345f),0x04",3
UNI_ASSEMBLES_DIFF,cpdi8,"cp (0x36ff),0x00",3
UNI_ASSEMBLES_DIFF,cpdi8,"cp (0x39db),0x01",3
UNI_ASSEMBLES_DIFF,cpdi8,"cp (0x39db),0x02",3
UNI_ASSEMBLES_DIFF,cpdi8,"cp (0x436a),0x7f",3
UNI_ASSEMBLES_DIFF,cpdi8,"cp (0x7db6),0x00",3
UNI_ASSEMBLES_DIFF,cpdi8,"cp (0x7ea6),0x01",3
UNI_ASSEMBLES_DIFF,cpdi8,"cp (0x896e),0x00",3
UNI_ASSEMBLES_DIFF,cpdi8,"cp (0x8c98),0x01",3
UNI_ASSEMBLES_DIFF,cpdi8,"cp (0x8c98),0x06",3
UNI_ASSEMBLES_DIFF,cpdi8,"cp (0x8c9a),0x16",3
UNI_ASSEMBLES_DIFF,cpdi8,"cp (0x8c9a),0xfb",3
UNI_ASSEMBLES_DIFF,cpdi8,"cp (0x8d34),0x0d",3
UNI_ASSEMBLES_DIFF,cpdi8,"cp (0x8d36),0x87",3
UNI_ASSEMBLES_DIFF,cpdi8,"cp (0xbfe1),0x00",3
UNI_ASSEMBLES_DIFF,cpdi8,"cp (0xbfe3),0x00",3
UNI_ASSEMBLES_DIFF,cpdi8,"cp (0xc07d),0x02",3
UNI_ASSEMBLES_DIFF,cpdi8,"cp (0xf1d6),0x11",3
UNI_ASSEMBLES_DIFF,cpdi8,"cp (0xf1db),0x11",3
UNI_ASSEMBLES_DIFF,cpdi8,"cp (0xf1e1),0x11",3
UNI_ASSEMBLES_DIFF,cpdm16,"cp (0xf1e2),WA",3
UNI_ASSEMBLES_DIFF,cpdi8,"cp (0xf1e9),0x11",3
UNI_ASSEMBLES_DIFF,cpdm16,"cp (0xf1ea),WA",3
UNI_ASSEMBLES_DIFF,cpdi8,"cp (0xf1f1),0x11",3
UNI_ASSEMBLES_DIFF,cpdi8,"cp (0xf228),0x11",3
UNI_ASSEMBLES_DIFF,cpdm16,"cp (0xf23f),WA",3
UNI_ASSEMBLES_DIFF,cpdi8,"cp (0xf24b),0xff",3
UNI_ASSEMBLES_DIFF,cpdm8,"cp (0xfc74),C",3
UNI_ASSEMBLES_DIFF,cpdi8,"cp (0xfd32),0xb6",3
UNI_ASSEMBLES_DIFF,cpdi8,"cp (0xfd32),0xb7",3
UNI_ASSEMBLES_DIFF,cpda8,"cp A,(0x042f)",3
UNI_ASSEMBLES_DIFF,cpda8,"cp A,(0x0430)",3
UNI_ASSEMBLES_DIFF,cpda8,"cp A,(0x046c)",3
UNI_ASSEMBLES_DIFF,cpda8,"cp A,(0x0dc1)",3
UNI_ASSEMBLES_DIFF,cpda8,"cp A,(0x0dc3)",3
UNI_ASSEMBLES_DIFF,cpda8,"cp A,(0x0dc6)",3
UNI_ASSEMBLES_DIFF,cpda8,"cp A,(0x0dd0)",3
UNI_ASSEMBLES_DIFF,cpda8,"cp A,(0x0dd1)",3
UNI_ASSEMBLES_DIFF,cpda8,"cp A,(0x0e43)",3
UNI_ASSEMBLES_DIFF,cpda8,"cp A,(0x230c)",3
UNI_ASSEMBLES_DIFF,cpda8,"cp A,(0x2322)",3
UNI_ASSEMBLES_DIFF,cpda8,"cp A,(0x25a2)",3
UNI_ASSEMBLES_DIFF,cpda8,"cp A,(0x25d8)",3
UNI_ASSEMBLES_DIFF,cpda8,"cp A,(0x2634)",3
UNI_ASSEMBLES_DIFF,cpda8,"cp A,(0x264e)",3
UNI_ASSEMBLES_DIFF,cpda8,"cp A,(0x2798)",3
UNI_ASSEMBLES_DIFF,cpda8,"cp A,(0x27a0)",3
UNI_ASSEMBLES_DIFF,cpda8,"cp A,(0x286a)",3
UNI_ASSEMBLES_DIFF,cpda8,"cp A,(0x2877)",3
UNI_ASSEMBLES_DIFF,cpda8,"cp A,(0x2970)",3
UNI_ASSEMBLES_DIFF,cpda8,"cp A,(0x4066)",3
UNI_ASSEMBLES_DIFF,cpda8,"cp A,(0x88a0)",3
UNI_ASSEMBLES_DIFF,cpda8,"cp A,(0x8c9e)",3
UNI_ASSEMBLES_DIFF,cpda8,"cp B,(0x231c)",3
UNI_ASSEMBLES_DIFF,cpda8,"cp C,(0x0e54)",3
UNI_ASSEMBLES_DIFF,cpda8,"cp C,(0x0ec1)",3
UNI_ASSEMBLES_DIFF,cpda8,"cp C,(0x2708)",3
UNI_ASSEMBLES_DIFF,cpda8,"cp C,(0x270e)",3
UNI_ASSEMBLES_DIFF,cpda8,"cp C,(0x2960)",3
UNI_ASSEMBLES_DIFF,cpda8,"cp D,(0x0433)",3
UNI_ASSEMBLES_DIFF,cpda16,"cp DE,(0x287f)",3
UNI_ASSEMBLES_DIFF,cpda8,"cp E,(0x041b)",3
UNI_ASSEMBLES_DIFF,cpda8,"cp E,(0x0d57)",3
UNI_ASSEMBLES_DIFF,cpda8,"cp E,(0x270a)",3
UNI_ASSEMBLES_DIFF,cpda8,"cp E,(0x27de)",3
UNI_ASSEMBLES_DIFF,cpda16,"cp HL,(0x0475)",3
UNI_ASSEMBLES_DIFF,cpda16,"cp HL,(0x0d58)",3
UNI_ASSEMBLES_DIFF,cpda16,"cp IX,(0x286d)",3
UNI_ASSEMBLES_DIFF,cpda16,"cp IZ,(0x1d78)",3
UNI_ASSEMBLES_DIFF,cpda16,"cp IZ,(0x27f4)",3
UNI_ASSEMBLES_DIFF,cpda16,"cp IZ,(0x287f)",3
UNI_ASSEMBLES_DIFF,cpda8,"cp L,(0x0dd5)",3
UNI_ASSEMBLES_DIFF,cpda8,"cp L,(0x231e)",3
UNI_ASSEMBLES_DIFF,cpda8,"cp L,(0x2616)",3
UNI_ASSEMBLES_DIFF,cpda8,"cp L,(0x2786)",3
UNI_ASSEMBLES_DIFF,cpda8,"cp W,(0x0458)",3
UNI_ASSEMBLES_DIFF,cpda8,"cp W,(0x32cc)",3
UNI_ASSEMBLES_DIFF,cpda16,"cp WA,(0x0409)",3
UNI_ASSEMBLES_DIFF,cpda16,"cp WA,(0x0ce3)",3
UNI_ASSEMBLES_DIFF,cpda16,"cp WA,(0x0d58)",3
UNI_ASSEMBLES_DIFF,cpda16,"cp WA,(0x0f5e)",3
UNI_ASSEMBLES_DIFF,cpda16,"cp WA,(0x0f60)",3
UNI_ASSEMBLES_DIFF,cpda16,"cp WA,(0x1085)",3
UNI_ASSEMBLES_DIFF,cpda16,"cp WA,(0x2328)",3
UNI_ASSEMBLES_DIFF,cpda16,"cp WA,(0x2338)",3
UNI_ASSEMBLES_DIFF,cpda16,"cp WA,(0x2340)",3
UNI_ASSEMBLES_DIFF,cpda16,"cp WA,(0x2348)",3
UNI_ASSEMBLES_DIFF,cpda16,"cp WA,(0x2350)",3
UNI_ASSEMBLES_DIFF,cpda16,"cp WA,(0x2358)",3
UNI_ASSEMBLES_DIFF,cpda16,"cp WA,(0x2360)",3
UNI_ASSEMBLES_DIFF,cpda16,"cp WA,(0x2368)",3
UNI_ASSEMBLES_DIFF,cpda16,"cp WA,(0x2370)",3
UNI_ASSEMBLES_DIFF,cpda16,"cp WA,(0x2378)",3
UNI_ASSEMBLES_DIFF,cpda16,"cp WA,(0x2380)",3
UNI_ASSEMBLES_DIFF,cpda16,"cp WA,(0x2388)",3
UNI_ASSEMBLES_DIFF,cpda16,"cp WA,(0x2390)",3
UNI_ASSEMBLES_DIFF,cpda16,"cp WA,(0x2398)",3
UNI_ASSEMBLES_DIFF,cpda16,"cp WA,(0x23a0)",3
UNI_ASSEMBLES_DIFF,cpda16,"cp WA,(0x23a8)",3
UNI_ASSEMBLES_DIFF,cpda16,"cp WA,(0x23b0)",3
UNI_ASSEMBLES_DIFF,cpda16,"cp WA,(0x2590)",3
UNI_ASSEMBLES_DIFF,cpda16,"cp WA,(0x2594)",3
UNI_ASSEMBLES_DIFF,cpda16,"cp WA,(0x2596)",3
UNI_ASSEMBLES_DIFF,cpda16,"cp WA,(0x2628)",3
UNI_ASSEMBLES_DIFF,cpda16,"cp WA,(0x262e)",3
UNI_ASSEMBLES_DIFF,cpda16,"cp WA,(0x2632)",3
UNI_ASSEMBLES_DIFF,cpda16,"cp WA,(0x2644)",3
UNI_ASSEMBLES_DIFF,cpda16,"cp WA,(0x2646)",3
UNI_ASSEMBLES_DIFF,cpda16,"cp WA,(0x2666)",3
UNI_ASSEMBLES_DIFF,cpda16,"cp WA,(0x269a)",3
UNI_ASSEMBLES_DIFF,cpda16,"cp WA,(0x26dc)",3
UNI_ASSEMBLES_DIFF,cpda16,"cp WA,(0x2726)",3
UNI_ASSEMBLES_DIFF,cpda16,"cp WA,(0x2766)",3
UNI_ASSEMBLES_DIFF,cpda16,"cp WA,(0x2768)",3
UNI_ASSEMBLES_DIFF,cpda16,"cp WA,(0x27b2)",3
UNI_ASSEMBLES_DIFF,cpda16,"cp WA,(0x287f)",3
UNI_ASSEMBLES_DIFF,cpda16,"cp WA,(0x2889)",3
UNI_ASSEMBLES_DIFF,cpda16,"cp WA,(0x28af)",3
UNI_ASSEMBLES_DIFF,cpda16,"cp WA,(0xf23a)",3
UNI_ASSEMBLES_DIFF,cpda32,"cp XWA,(0x064a)",3
UNI_ASSEMBLES_DIFF,decdi8,"dec 1,(0x0466)",3
UNI_ASSEMBLES_DIFF,decdi8,"dec 1,(0x0d41)",3
UNI_ASSEMBLES_DIFF,decdi8,"dec 1,(0x1073)",3
UNI_ASSEMBLES_DIFF,decdi8,"dec 1,(0x329e)",3
UNI_ASSEMBLES_DIFF,decdi8,"dec 1,(0x8884)",3
UNI_ASSEMBLES_DIFF,decdi16,"decw 1,(0x2744)",3
UNI_ASSEMBLES_DIFF,decdi16,"decw 1,(0x2772)",3
UNI_ASSEMBLES_DIFF,decdi16,"decw 1,(0x28c9)",3
UNI_ASSEMBLES_DIFF,decdi16,"decw 1,(0x3438)",3
UNI_ASSEMBLES_DIFF,decdi16,"decw 2,(0x27c6)",3
UNI_ASSEMBLES_DIFF,incdi8,"inc 1,(0x0412)",3
UNI_ASSEMBLES_DIFF,incdi8,"inc 1,(0x0417)",3
UNI_ASSEMBLES_DIFF,incdi8,"inc 1,(0x041a)",3
UNI_ASSEMBLES_DIFF,incdi8,"inc 1,(0x0425)",3
UNI_ASSEMBLES_DIFF,incdi8,"inc 1,(0x0454)",3
UNI_ASSEMBLES_DIFF,incdi8,"inc 1,(0x046c)",3
UNI_ASSEMBLES_DIFF,incdi8,"inc 1,(0x0486)",3
UNI_ASSEMBLES_DIFF,incdi8,"inc 1,(0x0626)",3
UNI_ASSEMBLES_DIFF,incdi8,"inc 1,(0x0c71)",3
UNI_ASSEMBLES_DIFF,incdi8,"inc 1,(0x0ce5)",3
UNI_ASSEMBLES_DIFF,incdi8,"inc 1,(0x0dcd)",3
UNI_ASSEMBLES_DIFF,incdi8,"inc 1,(0x0dfb)",3
UNI_ASSEMBLES_DIFF,incdi8,"inc 1,(0x10f7)",3
UNI_ASSEMBLES_DIFF,incdi8,"inc 1,(0x1158)",3
UNI_ASSEMBLES_DIFF,incdi8,"inc 1,(0x13f9)",3
UNI_ASSEMBLES_DIFF,incdi8,"inc 1,(0x220a)",3
UNI_ASSEMBLES_DIFF,incdi8,"inc 1,(0x276a)",3
UNI_ASSEMBLES_DIFF,incdi8,"inc 1,(0x329e)",3
UNI_ASSEMBLES_DIFF,incdi8,"inc 1,(0x3472)",3
UNI_ASSEMBLES_DIFF,incdi8,"inc 3,(0x2806)",3
UNI_ASSEMBLES_DIFF,incdi8,"inc 4,(0x0415)",3
UNI_ASSEMBLES_DIFF,incdi8,"inc 4,(0x0417)",3
UNI_ASSEMBLES_DIFF,incdi8,"inc 4,(0x041b)",3
UNI_ASSEMBLES_DIFF,incdi8,"inc 4,(0x046a)",3
UNI_ASSEMBLES_DIFF,incdi8,"inc 4,(0x8cee)",3
UNI_ASSEMBLES_DIFF,incdi16,"incw 0,(0x064e)",3
UNI_ASSEMBLES_DIFF,incdi16,"incw 1,(0x040d)",3
UNI_ASSEMBLES_DIFF,incdi16,"incw 1,(0x0d5a)",3
UNI_ASSEMBLES_DIFF,incdi16,"incw 1,(0x0d62)",3
UNI_ASSEMBLES_DIFF,incdi16,"incw 1,(0x108d)",3
UNI_ASSEMBLES_DIFF,incdi16,"incw 1,(0x10fb)",3
UNI_ASSEMBLES_DIFF,incdi16,"incw 1,(0x1141)",3
UNI_ASSEMBLES_DIFF,incdi16,"incw 1,(0x23c0)",3
UNI_ASSEMBLES_DIFF,incdi16,"incw 1,(0x2534)",3
UNI_ASSEMBLES_DIFF,incdi16,"incw 1,(0x2536)",3
UNI_ASSEMBLES_DIFF,incdi16,"incw 1,(0x2594)",3
UNI_ASSEMBLES_DIFF,incdi16,"incw 1,(0x2596)",3
UNI_ASSEMBLES_DIFF,incdi16,"incw 1,(0x2772)",3
UNI_ASSEMBLES_DIFF,incdi16,"incw 1,(0x27fe)",3
UNI_ASSEMBLES_DIFF,incdi16,"incw 1,(0x287f)",3
UNI_ASSEMBLES_DIFF,incdi16,"incw 1,(0x29f4)",3
UNI_ASSEMBLES_DIFF,incdi16,"incw 1,(0x38aa)",3
UNI_ASSEMBLES_DIFF,incdi16,"incw 2,(0x27c8)",3
UNI_ASSEMBLES_DIFF,stda16,"ld (0x0092),WA",3
UNI_ASSEMBLES_DIFF,stb_d8,"ld (0x00d0),L",3
UNI_ASSEMBLES_DIFF,stdi8,"ld (0x00ea),0xfd",3
UNI_ASSEMBLES_DIFF,stdi8,"ld (0x0109),0x01",3
UNI_ASSEMBLES_DIFF,stdi8,"ld (0x0109),0x08",3
UNI_ASSEMBLES_DIFF,stdi8,"ld (0x0400),0x00",3
UNI_ASSEMBLES_DIFF,stdi8,"ld (0x0400),0x02",3
UNI_ASSEMBLES_DIFF,stdi8,"ld (0x0400),0x03",3
UNI_ASSEMBLES_DIFF,stdi8,"ld (0x0400),0x06",3
UNI_ASSEMBLES_DIFF,stdi8,"ld (0x0400),0x80",3
UNI_ASSEMBLES_DIFF,stda16,"ld (0x0400),IZ",3
UNI_ASSEMBLES_DIFF,stb_d8,"ld (0x0402),L",3
UNI_ASSEMBLES_DIFF,stdi8,"ld (0x0408),0x01",3
UNI_ASSEMBLES_DIFF,stdi8,"ld (0x0408),0x02",3
UNI_ASSEMBLES_DIFF,stdi8,"ld (0x0408),0x03",3
UNI_ASSEMBLES_DIFF,stdi8,"ld (0x0408),0x04",3
UNI_ASSEMBLES_DIFF,stb_d8,"ld (0x0411),A",3
UNI_ASSEMBLES_DIFF,stb_d8,"ld (0x0413),A",3
UNI_ASSEMBLES_DIFF,stb_d8,"ld (0x0415),C",3
UNI_ASSEMBLES_DIFF,stb_d8,"ld (0x0416),B",3
UNI_ASSEMBLES_DIFF,stdi8,"ld (0x0417),0x00",3
UNI_ASSEMBLES_DIFF,stdi8,"ld (0x041a),0x00",3
UNI_ASSEMBLES_DIFF,stda16,"ld (0x041c),IZ",3
UNI_ASSEMBLES_DIFF,stdi8,"ld (0x041e),0x86",3
UNI_ASSEMBLES_DIFF,stdi8,"ld (0x041f),0x0c",3
UNI_ASSEMBLES_DIFF,stb_d8,"ld (0x0422),A",3
UNI_ASSEMBLES_DIFF,stb_d8,"ld (0x0423),A",3
UNI_ASSEMBLES_DIFF,stdi8,"ld (0x0424),0xf3",3
UNI_ASSEMBLES_DIFF,stdi8,"ld (0x0425),0x00",3
UNI_ASSEMBLES_DIFF,stb_d8,"ld (0x0426),W",3
UNI_ASSEMBLES_DIFF,stb_d8,"ld (0x0427),A",3
UNI_ASSEMBLES_DIFF,stdi8,"ld (0x0429),0x00",3
UNI_ASSEMBLES_DIFF,stb_d8,"ld (0x042a),A",3
UNI_ASSEMBLES_DIFF,stdi8,"ld (0x0432),0x01",3
UNI_ASSEMBLES_DIFF,stdi8,"ld (0x0432),0x04",3
UNI_ASSEMBLES_DIFF,stdi8,"ld (0x0432),0x10",3
UNI_ASSEMBLES_DIFF,stb_d8,"ld (0x0433),A",3
UNI_ASSEMBLES_DIFF,stdi8,"ld (0x0436),0x00",3
UNI_ASSEMBLES_DIFF,stdi8,"ld (0x0436),0xff",3
UNI_ASSEMBLES_DIFF,stdi8,"ld (0x0437),0x00",3
UNI_ASSEMBLES_DIFF,stdi8,"ld (0x0437),0xff",3
UNI_ASSEMBLES_DIFF,stb_d8,"ld (0x0437),W",3
UNI_ASSEMBLES_DIFF,stdi8,"ld (0x0440),0x00",3
UNI_ASSEMBLES_DIFF,stdi8,"ld (0x0444),0x00",3
UNI_ASSEMBLES_DIFF,stdi8,"ld (0x0448),0x00",3
UNI_ASSEMBLES_DIFF,stb_d8,"ld (0x0457),A",3
UNI_ASSEMBLES_DIFF,stdi8,"ld (0x045b),0x00",3
UNI_ASSEMBLES_DIFF,stb_d8,"ld (0x045d),L",3
UNI_ASSEMBLES_DIFF,stb_d8,"ld (0x0462),A",3
UNI_ASSEMBLES_DIFF,stb_d8,"ld (0x0464),A",3
UNI_ASSEMBLES_DIFF,stda16,"ld (0x0468),HL",3
UNI_ASSEMBLES_DIFF,stdi8,"ld (0x046a),0x00",3
UNI_ASSEMBLES_DIFF,stb_d8,"ld (0x046b),A",3
UNI_ASSEMBLES_DIFF,stb_d8,"ld (0x046c),L",3
UNI_ASSEMBLES_DIFF,stb_d8,"ld (0x046d),A",3
UNI_ASSEMBLES_DIFF,stb_d8,"ld (0x0472),W",3
UNI_ASSEMBLES_DIFF,stb_d8,"ld (0x0473),A",3
UNI_ASSEMBLES_DIFF,stdi8,"ld (0x0485),0x00",3
UNI_ASSEMBLES_DIFF,stda16,"ld (0x0487),HL",3
UNI_ASSEMBLES_DIFF,stda32,"ld (0x0512),XWA",3
UNI_ASSEMBLES_DIFF,stdi8,"ld (0x0516),0x01",3
UNI_ASSEMBLES_DIFF,stda32,"ld (0x05da),XDE",3
UNI_ASSEMBLES_DIFF,stda32,"ld (0x05da),XHL",3
UNI_ASSEMBLES_DIFF,stda16,"ld (0x05de),BC",3
UNI_ASSEMBLES_DIFF,stdi8,"ld (0x05e0),0x02",3
UNI_ASSEMBLES_DIFF,stdi8,"ld (0x05e2),0x01",3
UNI_ASSEMBLES_DIFF,stdi8,"ld (0x05e2),0x02",3
UNI_ASSEMBLES_DIFF,stdi8,"ld (0x05e2),0x03",3
UNI_ASSEMBLES_DIFF,stdi8,"ld (0x05e2),0x04",3
UNI_ASSEMBLES_DIFF,stb_d8,"ld (0x05e4),A",3
UNI_ASSEMBLES_DIFF,stdi8,"ld (0x05e6),0xff",3
UNI_ASSEMBLES_DIFF,stda32,"ld (0x063e),XHL",3
UNI_ASSEMBLES_DIFF,stb_d8,"ld (0x065a),A",3
UNI_ASSEMBLES_DIFF,stb_d8,"ld (0x065c),A",3
UNI_ASSEMBLES_DIFF,stb_d8,"ld (0x065d),A",3
UNI_ASSEMBLES_DIFF,stb_d8,"ld (0x065d),C",3
UNI_ASSEMBLES_DIFF,stb_d8,"ld (0x065e),A",3
UNI_ASSEMBLES_DIFF,stb_d8,"ld (0x0670),A",3
UNI_ASSEMBLES_DIFF,stb_d8,"ld (0x0678),A",3
UNI_ASSEMBLES_DIFF,stdi8,"ld (0x068d),0x01",3
UNI_ASSEMBLES_DIFF,stdi8,"ld (0x068e),0x01",3
UNI_ASSEMBLES_DIFF,stdi8,"ld (0x068f),0x01",3
UNI_ASSEMBLES_DIFF,stb_d8,"ld (0x0693),A",3
UNI_ASSEMBLES_DIFF,stdi8,"ld (0x0694),0x00",3
UNI_ASSEMBLES_DIFF,stb_d8,"ld (0x0694),A",3
UNI_ASSEMBLES_DIFF,stb_d8,"ld (0x0694),L",3
UNI_ASSEMBLES_DIFF,stb_d8,"ld (0x0695),A",3
UNI_ASSEMBLES_DIFF,stb_d8,"ld (0x0698),A",3
UNI_ASSEMBLES_DIFF,stda16,"ld (0x06aa),BC",3
UNI_ASSEMBLES_DIFF,stda16,"ld (0x06aa),WA",3
UNI_ASSEMBLES_DIFF,stb_d8,"ld (0x06ac),A",3
UNI_ASSEMBLES_DIFF,stb_d8,"ld (0x06ae),A",3
UNI_ASSEMBLES_DIFF,stb_d8,"ld (0x06af),A",3
UNI_ASSEMBLES_DIFF,stda16,"ld (0x06b0),BC",3
UNI_ASSEMBLES_DIFF,stda16,"ld (0x06b0),WA",3
UNI_ASSEMBLES_DIFF,stda16,"ld (0x06b2),BC",3
UNI_ASSEMBLES_DIFF,stda16,"ld (0x06b2),WA",3
UNI_ASSEMBLES_DIFF,stb_d8,"ld (0x06b4),A",3
UNI_ASSEMBLES_DIFF,stb_d8,"ld (0x06b5),A",3
UNI_ASSEMBLES_DIFF,stb_d8,"ld (0x06b6),A",3
UNI_ASSEMBLES_DIFF,stb_d8,"ld (0x06b7),A",3
UNI_ASSEMBLES_DIFF,stb_d8,"ld (0x06b8),A",3
UNI_ASSEMBLES_DIFF,stb_d8,"ld (0x06b9),A",3
UNI_ASSEMBLES_DIFF,stb_d8,"ld (0x06c4),A",3
UNI_ASSEMBLES_DIFF,stb_d8,"ld (0x06c5),A",3
UNI_ASSEMBLES_DIFF,stda32,"ld (0x06cc),XIY",3
UNI_ASSEMBLES_DIFF,stda16,"ld (0x06d2),BC",3
UNI_ASSEMBLES_DIFF,stda16,"ld (0x06d4),HL",3
UNI_ASSEMBLES_DIFF,stda16,"ld (0x06d4),WA",3
UNI_ASSEMBLES_DIFF,stda16,"ld (0x073a),WA",3
UNI_ASSEMBLES_DIFF,stdi8,"ld (0x091f),0x00",3
UNI_ASSEMBLES_DIFF,stda32,"ld (0x0c00),XWA",3
UNI_ASSEMBLES_DIFF,stdi8,"ld (0x0c10),0x00",3
UNI_ASSEMBLES_DIFF,stb_d8,"ld (0x0c16),A",3
UNI_ASSEMBLES_DIFF,stb_d8,"ld (0x0c1e),A",3
UNI_ASSEMBLES_DIFF,stda32,"ld (0x0c24),XWA",3
UNI_ASSEMBLES_DIFF,stda32,"ld (0x0c2c),XWA",3
UNI_ASSEMBLES_DIFF,stb_d8,"ld (0x0c2e),A",3
UNI_ASSEMBLES_DIFF,stb_d8,"ld (0x0c37),A",3
UNI_ASSEMBLES_DIFF,stb_d8,"ld (0x0c52),A",3
UNI_ASSEMBLES_DIFF,stda16,"ld (0x0c55),WA",3
UNI_ASSEMBLES_DIFF,stdi8,"ld (0x0c5b),0x01",3
UNI_ASSEMBLES_DIFF,stda16,"ld (0x0c61),IY",3
UNI_ASSEMBLES_DIFF,stdi8,"ld (0x0c63),0x01",3
UNI_ASSEMBLES_DIFF,stda16,"ld (0x0c67),IY",3
UNI_ASSEMBLES_DIFF,stda16,"ld (0x0c6b),IY",3
UNI_ASSEMBLES_DIFF,stda32,"ld (0x0c6e),XIZ",3
UNI_ASSEMBLES_DIFF,stda32,"ld (0x0c6e),XWA",3
UNI_ASSEMBLES_DIFF,stdi8,"ld (0x0c70),0x00",3
UNI_ASSEMBLES_DIFF,stb_d8,"ld (0x0c71),A",3
UNI_ASSEMBLES_DIFF,stda32,"ld (0x0c72),XWA",3
UNI_ASSEMBLES_DIFF,stda32,"ld (0x0c76),XWA",3
UNI_ASSEMBLES_DIFF,stda16,"ld (0x0c78),WA",3
UNI_ASSEMBLES_DIFF,stda32,"ld (0x0c7a),XBC",3
UNI_ASSEMBLES_DIFF,stda32,"ld (0x0c7e),XBC",3
UNI_ASSEMBLES_DIFF,stda32,"ld (0x0c82),XBC",3
UNI_ASSEMBLES_DIFF,stb_d8,"ld (0x0c83),L",3
UNI_ASSEMBLES_DIFF,stda32,"ld (0x0c86),XBC",3
UNI_ASSEMBLES_DIFF,stda32,"ld (0x0c8a),XBC",3
UNI_ASSEMBLES_DIFF,stb_d8,"ld (0x0c8e),H",3
UNI_ASSEMBLES_DIFF,stda32,"ld (0x0c8e),XBC",3
UNI_ASSEMBLES_DIFF,stda16,"ld (0x0c90),BC",3
UNI_ASSEMBLES_DIFF,stda32,"ld (0x0c92),XBC",3
UNI_ASSEMBLES_DIFF,stda32,"ld (0x0c96),XWA",3
UNI_ASSEMBLES_DIFF,stdi8,"ld (0x0c9a),0x00",3
UNI_ASSEMBLES_DIFF,stda16,"ld (0x0c9a),IY",3
UNI_ASSEMBLES_DIFF,stda16,"ld (0x0c9a),WA",3
UNI_ASSEMBLES_DIFF,stda32,"ld (0x0c9a),XWA",3
UNI_ASSEMBLES_DIFF,stda16,"ld (0x0c9c),BC",3
UNI_ASSEMBLES_DIFF,stda16,"ld (0x0c9c),IX",3
UNI_ASSEMBLES_DIFF,stda16,"ld (0x0ca0),BC",3
UNI_ASSEMBLES_DIFF,stda32,"ld (0x0ca6),XIY",3
UNI_ASSEMBLES_DIFF,stda16,"ld (0x0cda),WA",3
UNI_ASSEMBLES_DIFF,stdi8,"ld (0x0cde),0x02",3
UNI_ASSEMBLES_DIFF,stdi8,"ld (0x0cdf),0x08",3
UNI_ASSEMBLES_DIFF,stdi8,"ld (0x0ce2),0x00",3
UNI_ASSEMBLES_DIFF,stdi8,"ld (0x0ce2),0x01",3
UNI_ASSEMBLES_DIFF,stdi8,"ld (0x0ce2),0x02",3
UNI_ASSEMBLES_DIFF,stdi8,"ld (0x0ce2),0x03",3
UNI_ASSEMBLES_DIFF,stda16,"ld (0x0ce3),HL",3
UNI_ASSEMBLES_DIFF,stdi8,"ld (0x0ce5),0x00",3
UNI_ASSEMBLES_DIFF,stda32,"ld (0x0ce8),XWA",3
UNI_ASSEMBLES_DIFF,stda32,"ld (0x0d14),XHL",3
UNI_ASSEMBLES_DIFF,stb_d8,"ld (0x0d20),A",3
UNI_ASSEMBLES_DIFF,stda16,"ld (0x0d28),IY",3
UNI_ASSEMBLES_DIFF,stdi8,"ld (0x0d2f),0x0f",3
UNI_ASSEMBLES_DIFF,stb_d8,"ld (0x0d2f),A",3
UNI_ASSEMBLES_DIFF,stb_d8,"ld (0x0d32),A",3
UNI_ASSEMBLES_DIFF,stb_d8,"ld (0x0d32),E",3
UNI_ASSEMBLES_DIFF,stdi8,"ld (0x0d33),0x10",3
UNI_ASSEMBLES_DIFF,stb_d8,"ld (0x0d33),A",3
UNI_ASSEMBLES_DIFF,stda16,"ld (0x0d37),IX",3
UNI_ASSEMBLES_DIFF,stb_d8,"ld (0x0d39),W",3
UNI_ASSEMBLES_DIFF,stb_d8,"ld (0x0d3c),A",3
UNI_ASSEMBLES_DIFF,stb_d8,"ld (0x0d3c),L",3
UNI_ASSEMBLES_DIFF,stb_d8,"ld (0x0d3f),A",3
UNI_ASSEMBLES_DIFF,stb_d8,"ld (0x0d40),W",3
UNI_ASSEMBLES_DIFF,stb_d8,"ld (0x0d42),A",3
UNI_ASSEMBLES_DIFF,stdi8,"ld (0x0d57),0x30",3
UNI_ASSEMBLES_DIFF,stdi8,"ld (0x0d57),0x54",3
UNI_ASSEMBLES_DIFF,stb_d8,"ld (0x0d57),L",3
UNI_ASSEMBLES_DIFF,stb_d8,"ld (0x0d5c),C",3
UNI_ASSEMBLES_DIFF,stb_d8,"ld (0x0d5d),A",3
UNI_ASSEMBLES_DIFF,stb_d8,"ld (0x0d5f),A",3
UNI_ASSEMBLES_DIFF,stdi8,"ld (0x0d60),0x00",3
UNI_ASSEMBLES_DIFF,stb_d8,"ld (0x0d60),E",3
UNI_ASSEMBLES_DIFF,stdi8,"ld (0x0d61),0x00",3
UNI_ASSEMBLES_DIFF,stb_d8,"ld (0x0d61),W",3
UNI_ASSEMBLES_DIFF,stb_d8,"ld (0x0d64),A",3
UNI_ASSEMBLES_DIFF,stb_d8,"ld (0x0d66),A",3
UNI_ASSEMBLES_DIFF,stdi8,"ld (0x0d67),0x04",3
UNI_ASSEMBLES_DIFF,stdi8,"ld (0x0d68),0x01",3
UNI_ASSEMBLES_DIFF,stdi8,"ld (0x0d68),0x02",3
UNI_ASSEMBLES_DIFF,stdi8,"ld (0x0d68),0x03",3
UNI_ASSEMBLES_DIFF,stdi8,"ld (0x0d68),0x04",3
UNI_ASSEMBLES_DIFF,stdi8,"ld (0x0d69),0x18",3
UNI_ASSEMBLES_DIFF,stdi8,"ld (0x0d6a),0xff",3
UNI_ASSEMBLES_DIFF,stb_d8,"ld (0x0d6a),A",3
UNI_ASSEMBLES_DIFF,stb_d8,"ld (0x0d6a),W",3
UNI_ASSEMBLES_DIFF,stb_d8,"ld (0x0d9e),W",3
UNI_ASSEMBLES_DIFF,stda16,"ld (0x0da0),IY",3
UNI_ASSEMBLES_DIFF,stda16,"ld (0x0da2),WA",3
UNI_ASSEMBLES_DIFF,stb_d8,"ld (0x0db4),A",3
UNI_ASSEMBLES_DIFF,stdi8,"ld (0x0dbf),0x00",3
UNI_ASSEMBLES_DIFF,stb_d8,"ld (0x0dbf),A",3
UNI_ASSEMBLES_DIFF,stb_d8,"ld (0x0dc0),A",3
UNI_ASSEMBLES_DIFF,stdi8,"ld (0x0dc2),0x00",3
UNI_ASSEMBLES_DIFF,stb_d8,"ld (0x0dc3),A",3
UNI_ASSEMBLES_DIFF,stb_d8,"ld (0x0dc4),A",3
UNI_ASSEMBLES_DIFF,stb_d8,"ld (0x0dc7),A",3
UNI_ASSEMBLES_DIFF,stb_d8,"ld (0x0dc9),W",3
UNI_ASSEMBLES_DIFF,stb_d8,"ld (0x0dca),B",3
UNI_ASSEMBLES_DIFF,stb_d8,"ld (0x0dcb),A",3
UNI_ASSEMBLES_DIFF,stdi8,"ld (0x0dcd),0x00",3
UNI_ASSEMBLES_DIFF,stda16,"ld (0x0dcd),HL",3
UNI_ASSEMBLES_DIFF,stdi8,"ld (0x0dce),0x00",3
UNI_ASSEMBLES_DIFF,stb_d8,"ld (0x0dce),A",3
UNI_ASSEMBLES_DIFF,stb_d8,"ld (0x0dce),W",3
UNI_ASSEMBLES_DIFF,stdi8,"ld (0x0dcf),0x00",3
UNI_ASSEMBLES_DIFF,stdi8,"ld (0x0dcf),0x01",3
UNI_ASSEMBLES_DIFF,stdi8,"ld (0x0dd2),0x03",3
UNI_ASSEMBLES_DIFF,stb_d8,"ld (0x0dd4),L",3
UNI_ASSEMBLES_DIFF,stdi8,"ld (0x0dd5),0x00",3
UNI_ASSEMBLES_DIFF,stb_d8,"ld (0x0dd5),A",3
UNI_ASSEMBLES_DIFF,stb_d8,"ld (0x0dd5),L",3
UNI_ASSEMBLES_DIFF,stb_d8,"ld (0x0de7),W",3
UNI_ASSEMBLES_DIFF,stdi8,"ld (0x0def),0x05",3
UNI_ASSEMBLES_DIFF,stdi8,"ld (0x0def),0x09",3
UNI_ASSEMBLES_DIFF,stdi8,"ld (0x0def),0x0b",3
UNI_ASSEMBLES_DIFF,stb_d8,"ld (0x0df4),W",3
UNI_ASSEMBLES_DIFF,stdi8,"ld (0x0df9),0x01",3
UNI_ASSEMBLES_DIFF,stdi8,"ld (0x0df9),0x02",3
UNI_ASSEMBLES_DIFF,stb_d8,"ld (0x0dfb),A",3
UNI_ASSEMBLES_DIFF,stda16,"ld (0x0e08),WA",3
UNI_ASSEMBLES_DIFF,stb_d8,"ld (0x0e0c),A",3
UNI_ASSEMBLES_DIFF,stb_d8,"ld (0x0e0d),A",3
UNI_ASSEMBLES_DIFF,stda16,"ld (0x0e1a),WA",3
UNI_ASSEMBLES_DIFF,stda32,"ld (0x0e1f),XWA",3
UNI_ASSEMBLES_DIFF,stb_d8,"ld (0x0e35),A",3
UNI_ASSEMBLES_DIFF,stdi8,"ld (0x0e3f),0x04",3
UNI_ASSEMBLES_DIFF,stb_d8,"ld (0x0e47),A",3
UNI_ASSEMBLES_DIFF,stb_d8,"ld (0x0e4b),A",3
UNI_ASSEMBLES_DIFF,stb_d8,"ld (0x0e51),W",3
UNI_ASSEMBLES_DIFF,stdi8,"ld (0x0e52),0x00",3
UNI_ASSEMBLES_DIFF,stdi8,"ld (0x0e53),0x00",3
UNI_ASSEMBLES_DIFF,stb_d8,"ld (0x0e54),L",3
UNI_ASSEMBLES_DIFF,stdi8,"ld (0x0e5a),0x00",3
UNI_ASSEMBLES_DIFF,stdi8,"ld (0x0e76),0x01",3
UNI_ASSEMBLES_DIFF,stdi8,"ld (0x0ecc),0x31",3
UNI_ASSEMBLES_DIFF,stdi8,"ld (0x0ed2),0xff",3
UNI_ASSEMBLES_DIFF,stdi8,"ld (0x0ed4),0x45",3
UNI_ASSEMBLES_DIFF,stb_d8,"ld (0x0ed4),A",3
UNI_ASSEMBLES_DIFF,stdi8,"ld (0x0ed5),0x4e",3
UNI_ASSEMBLES_DIFF,stdi8,"ld (0x0ed6),0x44",3
UNI_ASSEMBLES_DIFF,stb_d8,"ld (0x0eef),A",3
UNI_ASSEMBLES_DIFF,stdi8,"ld (0x0ef5),0x00",3
UNI_ASSEMBLES_DIFF,stdi8,"ld (0x0ef5),0x08",3
UNI_ASSEMBLES_DIFF,stdi8,"ld (0x0ef5),0x0f",3
UNI_ASSEMBLES_DIFF,stdi8,"ld (0x0efa),0x01",3
UNI_ASSEMBLES_DIFF,stdi8,"ld (0x0efa),0xff",3
UNI_ASSEMBLES_DIFF,stb_d8,"ld (0x0f53),A",3
UNI_ASSEMBLES_DIFF,stb_d8,"ld (0x0f55),W",3
UNI_ASSEMBLES_DIFF,stdi8,"ld (0x0f5a),0x03",3
UNI_ASSEMBLES_DIFF,stb_d8,"ld (0x0f5c),A",3
UNI_ASSEMBLES_DIFF,stb_d8,"ld (0x0f5d),A",3
UNI_ASSEMBLES_DIFF,stb_d8,"ld (0x0f5e),A",3
UNI_ASSEMBLES_DIFF,stda16,"ld (0x0f5e),IY",3
UNI_ASSEMBLES_DIFF,stda16,"ld (0x0f5e),WA",3
UNI_ASSEMBLES_DIFF,stb_d8,"ld (0x0f5f),A",3
UNI_ASSEMBLES_DIFF,stb_d8,"ld (0x0f60),A",3
UNI_ASSEMBLES_DIFF,stda16,"ld (0x0f60),WA",3
UNI_ASSEMBLES_DIFF,stb_d8,"ld (0x0f61),A",3
UNI_ASSEMBLES_DIFF,stdi8,"ld (0x0f62),0x00",3
UNI_ASSEMBLES_DIFF,stdi8,"ld (0x0f62),0x04",3
UNI_ASSEMBLES_DIFF,stb_d8,"ld (0x0f68),A",3
UNI_ASSEMBLES_DIFF,stda16,"ld (0x0f68),WA",3
UNI_ASSEMBLES_DIFF,stb_d8,"ld (0x0f6c),A",3
UNI_ASSEMBLES_DIFF,stda16,"ld (0x0f6c),WA",3
UNI_ASSEMBLES_DIFF,stdi8,"ld (0x0f6e),0x00",3
UNI_ASSEMBLES_DIFF,stda16,"ld (0x0f6e),DE",3
UNI_ASSEMBLES_DIFF,stb_d8,"ld (0x0f6f),A",3
UNI_ASSEMBLES_DIFF,stda16,"ld (0x0f70),DE",3
UNI_ASSEMBLES_DIFF,stda16,"ld (0x0f73),WA",3
UNI_ASSEMBLES_DIFF,stb_d8,"ld (0x0fa2),D",3
UNI_ASSEMBLES_DIFF,stb_d8,"ld (0x0fa3),E",3
UNI_ASSEMBLES_DIFF,stb_d8,"ld (0x0fa4),W",3
UNI_ASSEMBLES_DIFF,stb_d8,"ld (0x0fa5),A",3
UNI_ASSEMBLES_DIFF,stdi8,"ld (0x0fa8),0x09",3
UNI_ASSEMBLES_DIFF,stdi8,"ld (0x0fa8),0x0f",3
UNI_ASSEMBLES_DIFF,stb_d8,"ld (0x0fa8),C",3
UNI_ASSEMBLES_DIFF,stdi8,"ld (0x0fa9),0xff",3
UNI_ASSEMBLES_DIFF,stda16,"ld (0x0fd7),IY",3
UNI_ASSEMBLES_DIFF,stda16,"ld (0x1002),WA",3
UNI_ASSEMBLES_DIFF,stda16,"ld (0x100c),WA",3
UNI_ASSEMBLES_DIFF,stda16,"ld (0x1046),WA",3
UNI_ASSEMBLES_DIFF,stb_d8,"ld (0x106e),A",3
UNI_ASSEMBLES_DIFF,stb_d8,"ld (0x106e),C",3
UNI_ASSEMBLES_DIFF,stb_d8,"ld (0x106e),L",3
UNI_ASSEMBLES_DIFF,stb_d8,"ld (0x106f),A",3
UNI_ASSEMBLES_DIFF,stb_d8,"ld (0x106f),L",3
UNI_ASSEMBLES_DIFF,stb_d8,"ld (0x1070),A",3
UNI_ASSEMBLES_DIFF,stdi8,"ld (0x1073),0x80",3
UNI_ASSEMBLES_DIFF,stdi8,"ld (0x1073),0xd0",3
UNI_ASSEMBLES_DIFF,stdi8,"ld (0x1073),0xd1",3
UNI_ASSEMBLES_DIFF,stdi8,"ld (0x1073),0xd2",3
UNI_ASSEMBLES_DIFF,stdi8,"ld (0x1073),0xd3",3
UNI_ASSEMBLES_DIFF,stb_d8,"ld (0x1073),A",3
UNI_ASSEMBLES_DIFF,stb_d8,"ld (0x1073),C",3
UNI_ASSEMBLES_DIFF,stb_d8,"ld (0x1073),L",3
UNI_ASSEMBLES_DIFF,stda16,"ld (0x1073),WA",3
UNI_ASSEMBLES_DIFF,stb_d8,"ld (0x1074),A",3
UNI_ASSEMBLES_DIFF,stb_d8,"ld (0x1074),L",3
UNI_ASSEMBLES_DIFF,stdi8,"ld (0x1075),0x02",3
UNI_ASSEMBLES_DIFF,stda16,"ld (0x1075),WA",3
UNI_ASSEMBLES_DIFF,stda16,"ld (0x1080),DE",3
UNI_ASSEMBLES_DIFF,stb_d8,"ld (0x1084),A",3
UNI_ASSEMBLES_DIFF,stda16,"ld (0x1084),WA",3
UNI_ASSEMBLES_DIFF,stdi8,"ld (0x1085),0xff",3
UNI_ASSEMBLES_DIFF,stda16,"ld (0x1085),BC",3
UNI_ASSEMBLES_DIFF,stda16,"ld (0x1085),DE",3
UNI_ASSEMBLES_DIFF,stdi8,"ld (0x1086),0xff",3
UNI_ASSEMBLES_DIFF,stdi8,"ld (0x1087),0x1f",3
UNI_ASSEMBLES_DIFF,stb_d8,"ld (0x1087),A",3
UNI_ASSEMBLES_DIFF,stda16,"ld (0x108d),WA",3
UNI_ASSEMBLES_DIFF,stdi8,"ld (0x10cb),0x00",3
UNI_ASSEMBLES_DIFF,stb_d8,"ld (0x10e3),A",3
UNI_ASSEMBLES_DIFF,stda32,"ld (0x10e4),XWA",3
UNI_ASSEMBLES_DIFF,stda16,"ld (0x10e5),WA",3
UNI_ASSEMBLES_DIFF,stdi8,"ld (0x10e8),0x01",3
UNI_ASSEMBLES_DIFF,stb_d8,"ld (0x10ea),A",3
UNI_ASSEMBLES_DIFF,stda16,"ld (0x10ed),WA",3
UNI_ASSEMBLES_DIFF,stda16,"ld (0x10ef),DE",3
UNI_ASSEMBLES_DIFF,stb_d8,"ld (0x10f4),C",3
UNI_ASSEMBLES_DIFF,stb_d8,"ld (0x10f7),A",3
UNI_ASSEMBLES_DIFF,stdi8,"ld (0x10f8),0x01",3
UNI_ASSEMBLES_DIFF,stdi8,"ld (0x10fa),0x01",3
UNI_ASSEMBLES_DIFF,stda32,"ld (0x10fd),XDE",3
UNI_ASSEMBLES_DIFF,stb_d8,"ld (0x1107),A",3
UNI_ASSEMBLES_DIFF,stdi8,"ld (0x111c),0x00",3
UNI_ASSEMBLES_DIFF,stb_d8,"ld (0x111c),A",3
UNI_ASSEMBLES_DIFF,stdi8,"ld (0x112a),0x00",3
UNI_ASSEMBLES_DIFF,stdi8,"ld (0x112a),0x01",3
UNI_ASSEMBLES_DIFF,stdi8,"ld (0x112a),0x04",3
UNI_ASSEMBLES_DIFF,stdi8,"ld (0x112a),0x05",3
UNI_ASSEMBLES_DIFF,stda16,"ld (0x113c),BC",3
UNI_ASSEMBLES_DIFF,stb_d8,"ld (0x113e),C",3
UNI_ASSEMBLES_DIFF,stda16,"ld (0x1141),IY",3
UNI_ASSEMBLES_DIFF,stdi8,"ld (0x1143),0x01",3
UNI_ASSEMBLES_DIFF,stb_d8,"ld (0x1144),W",3
UNI_ASSEMBLES_DIFF,stdi8,"ld (0x1155),0x02",3
UNI_ASSEMBLES_DIFF,stdi8,"ld (0x1155),0x03",3
UNI_ASSEMBLES_DIFF,stdi8,"ld (0x1155),0x04",3
UNI_ASSEMBLES_DIFF,stb_d8,"ld (0x1156),A",3
UNI_ASSEMBLES_DIFF,stdi8,"ld (0x117f),0x00",3
UNI_ASSEMBLES_DIFF,stdi8,"ld (0x117f),0xff",3
UNI_ASSEMBLES_DIFF,stdi8,"ld (0x1180),0x20",3
UNI_ASSEMBLES_DIFF,stdi8,"ld (0x1180),0x2b",3
UNI_ASSEMBLES_DIFF,stdi8,"ld (0x1180),0x2d",3
UNI_ASSEMBLES_DIFF,stdi8,"ld (0x1181),0x00",3
UNI_ASSEMBLES_DIFF,stdi8,"ld (0x1181),0x20",3
UNI_ASSEMBLES_DIFF,stdi8,"ld (0x1182),0x20",3
UNI_ASSEMBLES_DIFF,stdi8,"ld (0x1183),0x20",3
UNI_ASSEMBLES_DIFF,stb_d8,"ld (0x1183),A",3
UNI_ASSEMBLES_DIFF,stda16,"ld (0x1187),WA",3
UNI_ASSEMBLES_DIFF,stda16,"ld (0x1189),WA",3
UNI_ASSEMBLES_DIFF,stda16,"ld (0x118b),WA",3
UNI_ASSEMBLES_DIFF,stb_d8,"ld (0x118f),A",3
UNI_ASSEMBLES_DIFF,stb_d8,"ld (0x1192),A",3
UNI_ASSEMBLES_DIFF,stda16,"ld (0x1198),WA",3
UNI_ASSEMBLES_DIFF,stb_d8,"ld (0x119a),A",3
UNI_ASSEMBLES_DIFF,stda16,"ld (0x119a),WA",3
UNI_ASSEMBLES_DIFF,stb_d8,"ld (0x119b),A",3
UNI_ASSEMBLES_DIFF,stb_d8,"ld (0x119c),A",3
UNI_ASSEMBLES_DIFF,stb_d8,"ld (0x119d),A",3
UNI_ASSEMBLES_DIFF,stdi8,"ld (0x11b3),0x00",3
UNI_ASSEMBLES_DIFF,stdi8,"ld (0x11b3),0x01",3
UNI_ASSEMBLES_DIFF,stdi8,"ld (0x11b3),0x03",3
UNI_ASSEMBLES_DIFF,stb_d8,"ld (0x11b3),A",3
UNI_ASSEMBLES_DIFF,stb_d8,"ld (0x11be),A",3
UNI_ASSEMBLES_DIFF,stdi8,"ld (0x11e3),0x06",3
UNI_ASSEMBLES_DIFF,stdi8,"ld (0x11e4),0x07",3
UNI_ASSEMBLES_DIFF,stda16,"ld (0x11e5),IX",3
UNI_ASSEMBLES_DIFF,stdi8,"ld (0x11e7),0x45",3
UNI_ASSEMBLES_DIFF,stdi8,"ld (0x11e8),0x4e",3
UNI_ASSEMBLES_DIFF,stdi8,"ld (0x11e9),0x44",3
UNI_ASSEMBLES_DIFF,stdi8,"ld (0x11ea),0x0e",3
UNI_ASSEMBLES_DIFF,stdi8,"ld (0x11eb),0x08",3
UNI_ASSEMBLES_DIFF,stda16,"ld (0x11ec),IY",3
UNI_ASSEMBLES_DIFF,stda16,"ld (0x11ee),BC",3
UNI_ASSEMBLES_DIFF,stda16,"ld (0x11f0),HL",3
UNI_ASSEMBLES_DIFF,stb_d8,"ld (0x11f2),A",3
UNI_ASSEMBLES_DIFF,stb_d8,"ld (0x11f3),W",3
UNI_ASSEMBLES_DIFF,stb_d8,"ld (0x11f8),C",3
UNI_ASSEMBLES_DIFF,stdi8,"ld (0x1238),0xff",3
UNI_ASSEMBLES_DIFF,stb_d8,"ld (0x124e),A",3
UNI_ASSEMBLES_DIFF,stda32,"ld (0x126e),XIX",3
UNI_ASSEMBLES_DIFF,stda32,"ld (0x126e),XIY",3
UNI_ASSEMBLES_DIFF,stb_d8,"ld (0x129b),A",3
UNI_ASSEMBLES_DIFF,stdi8,"ld (0x12af),0xff",3
UNI_ASSEMBLES_DIFF,stb_d8,"ld (0x12b0),A",3
UNI_ASSEMBLES_DIFF,stb_d8,"ld (0x12ba),A",3
UNI_ASSEMBLES_DIFF,stb_d8,"ld (0x12eb),A",3
UNI_ASSEMBLES_DIFF,stb_d8,"ld (0x12f7),W",3
UNI_ASSEMBLES_DIFF,stb_d8,"ld (0x12f9),W",3
UNI_ASSEMBLES_DIFF,stdi8,"ld (0x12fc),0x01",3
UNI_ASSEMBLES_DIFF,stda16,"ld (0x12fe),WA",3
UNI_ASSEMBLES_DIFF,stb_d8,"ld (0x1350),A",3
UNI_ASSEMBLES_DIFF,stdi8,"ld (0x13f9),0x00",3
UNI_ASSEMBLES_DIFF,stb_d8,"ld (0x196a),E",3
UNI_ASSEMBLES_DIFF,stb_d8,"ld (0x196b),D",3
UNI_ASSEMBLES_DIFF,stdi8,"ld (0x19fa),0x00",3
UNI_ASSEMBLES_DIFF,stda32,"ld (0x1a31),XIX",3
UNI_ASSEMBLES_DIFF,stb_d8,"ld (0x1a35),C",3
UNI_ASSEMBLES_DIFF,stb_d8,"ld (0x1a36),E",3
UNI_ASSEMBLES_DIFF,stb_d8,"ld (0x1a5b),A",3
UNI_ASSEMBLES_DIFF,stb_d8,"ld (0x1a5b),D",3
UNI_ASSEMBLES_DIFF,stdi8,"ld (0x1a5d),0xb0",3
UNI_ASSEMBLES_DIFF,stdi8,"ld (0x1a5e),0x9a",3
UNI_ASSEMBLES_DIFF,stda16,"ld (0x1a5f),DE",3
UNI_ASSEMBLES_DIFF,stdi8,"ld (0x1ae0),0x00",3
UNI_ASSEMBLES_DIFF,stdi8,"ld (0x1ae0),0xff",3
UNI_ASSEMBLES_DIFF,stdi8,"ld (0x1ae1),0x09",3
UNI_ASSEMBLES_DIFF,stdi8,"ld (0x1ae1),0x0f",3
UNI_ASSEMBLES_DIFF,stb_d8,"ld (0x1ae1),A",3
UNI_ASSEMBLES_DIFF,stdi8,"ld (0x1ae2),0x00",3
UNI_ASSEMBLES_DIFF,stdi8,"ld (0x1ae2),0x01",3
UNI_ASSEMBLES_DIFF,stda32,"ld (0x1bcc),XDE",3
UNI_ASSEMBLES_DIFF,stda32,"ld (0x1c18),XDE",3
UNI_ASSEMBLES_DIFF,stdi8,"ld (0x1c73),0x00",3
UNI_ASSEMBLES_DIFF,stdi8,"ld (0x1cc5),0x00",3
UNI_ASSEMBLES_DIFF,stdi8,"ld (0x1cc9),0x00",3
UNI_ASSEMBLES_DIFF,stda32,"ld (0x1d5a),XWA",3
UNI_ASSEMBLES_DIFF,stb_d8,"ld (0x1d5e),A",3
UNI_ASSEMBLES_DIFF,stb_d8,"ld (0x1d60),A",3
UNI_ASSEMBLES_DIFF,stdi8,"ld (0x1d62),0x01",3
UNI_ASSEMBLES_DIFF,stda16,"ld (0x1d64),WA",3
UNI_ASSEMBLES_DIFF,stda16,"ld (0x1d66),WA",3
UNI_ASSEMBLES_DIFF,stda16,"ld (0x1d76),WA",3
UNI_ASSEMBLES_DIFF,stda16,"ld (0x1d78),WA",3
UNI_ASSEMBLES_DIFF,stdi8,"ld (0x1d7c),0x07",3
UNI_ASSEMBLES_DIFF,stb_d8,"ld (0x1d7e),A",3
UNI_ASSEMBLES_DIFF,stb_d8,"ld (0x1d80),A",3
UNI_ASSEMBLES_DIFF,stdi8,"ld (0x1d86),0x01",3
UNI_ASSEMBLES_DIFF,stdi8,"ld (0x1d90),0x01",3
UNI_ASSEMBLES_DIFF,stdi8,"ld (0x1d92),0x00",3
UNI_ASSEMBLES_DIFF,stb_d8,"ld (0x1d92),L",3
UNI_ASSEMBLES_DIFF,stdi8,"ld (0x1d94),0x01",3
UNI_ASSEMBLES_DIFF,stdi8,"ld (0x1da0),0x00",3
UNI_ASSEMBLES_DIFF,stdi8,"ld (0x1da0),0x01",3
UNI_ASSEMBLES_DIFF,stdi8,"ld (0x2070),0x08",3
UNI_ASSEMBLES_DIFF,stdi8,"ld (0x2070),0x33",3
UNI_ASSEMBLES_DIFF,stdi8,"ld (0x2070),0x3c",3
UNI_ASSEMBLES_DIFF,stdi8,"ld (0x2070),0x66",3
UNI_ASSEMBLES_DIFF,stdi8,"ld (0x2070),0xa3",3
UNI_ASSEMBLES_DIFF,stdi8,"ld (0x2070),0xb6",3
UNI_ASSEMBLES_DIFF,stb_d8,"ld (0x2070),A",3
UNI_ASSEMBLES_DIFF,stb_d8,"ld (0x2073),A",3
UNI_ASSEMBLES_DIFF,stb_d8,"ld (0x2083),A",3
UNI_ASSEMBLES_DIFF,stdi8,"ld (0x209c),0x07",3
UNI_ASSEMBLES_DIFF,stb_d8,"ld (0x209c),H",3
UNI_ASSEMBLES_DIFF,stb_d8,"ld (0x20a7),A",3
UNI_ASSEMBLES_DIFF,stda32,"ld (0x20ad),XIY",3
UNI_ASSEMBLES_DIFF,stda32,"ld (0x20c0),XIY",3
UNI_ASSEMBLES_DIFF,stda32,"ld (0x20c4),XIY",3
UNI_ASSEMBLES_DIFF,stdi8,"ld (0x216e),0x00",3
UNI_ASSEMBLES_DIFF,stdi8,"ld (0x219a),0x00",3
UNI_ASSEMBLES_DIFF,stdi8,"ld (0x21d0),0x43",3
UNI_ASSEMBLES_DIFF,stb_d8,"ld (0x21f9),A",3
UNI_ASSEMBLES_DIFF,stdi8,"ld (0x2218),0x00",3
UNI_ASSEMBLES_DIFF,stda32,"ld (0x221d),XBC",3
UNI_ASSEMBLES_DIFF,stdi8,"ld (0x2229),0x02",3
UNI_ASSEMBLES_DIFF,stda16,"ld (0x2245),BC",3
UNI_ASSEMBLES_DIFF,stdi8,"ld (0x2250),0x00",3
UNI_ASSEMBLES_DIFF,stdi8,"ld (0x22d0),0x0a",3
UNI_ASSEMBLES_DIFF,stda16,"ld (0x22fa),HL",3
UNI_ASSEMBLES_DIFF,stdi8,"ld (0x22fc),0x04",3
UNI_ASSEMBLES_DIFF,stdi8,"ld (0x22fc),0x06",3
UNI_ASSEMBLES_DIFF,stb_d8,"ld (0x2300),A",3
UNI_ASSEMBLES_DIFF,stb_d8,"ld (0x2302),A",3
UNI_ASSEMBLES_DIFF,stb_d8,"ld (0x2304),A",3
UNI_ASSEMBLES_DIFF,stb_d8,"ld (0x2308),A",3
UNI_ASSEMBLES_DIFF,stb_d8,"ld (0x230a),A",3
UNI_ASSEMBLES_DIFF,stda16,"ld (0x2314),HL",3
UNI_ASSEMBLES_DIFF,stb_d8,"ld (0x231a),A",3
UNI_ASSEMBLES_DIFF,stb_d8,"ld (0x231c),L",3
UNI_ASSEMBLES_DIFF,stb_d8,"ld (0x231e),L",3
UNI_ASSEMBLES_DIFF,stda16,"ld (0x2326),WA",3
UNI_ASSEMBLES_DIFF,stda16,"ld (0x232e),WA",3
UNI_ASSEMBLES_DIFF,stda16,"ld (0x2330),WA",3
UNI_ASSEMBLES_DIFF,stda32,"ld (0x23c0),XIY",3
UNI_ASSEMBLES_DIFF,stb_d8,"ld (0x23c8),A",3
UNI_ASSEMBLES_DIFF,stda16,"ld (0x23d0),WA",3
UNI_ASSEMBLES_DIFF,stda16,"ld (0x23d8),WA",3
UNI_ASSEMBLES_DIFF,stda16,"ld (0x2532),HL",3
UNI_ASSEMBLES_DIFF,stb_d8,"ld (0x2540),H",3
UNI_ASSEMBLES_DIFF,stb_d8,"ld (0x2540),L",3
UNI_ASSEMBLES_DIFF,stda16,"ld (0x2541),WA",3
UNI_ASSEMBLES_DIFF,stda16,"ld (0x2543),WA",3
UNI_ASSEMBLES_DIFF,stda16,"ld (0x2548),WA",3
UNI_ASSEMBLES_DIFF,stda16,"ld (0x2550),IX",3
UNI_ASSEMBLES_DIFF,stda16,"ld (0x2552),IX",3
UNI_ASSEMBLES_DIFF,stb_d8,"ld (0x2557),A",3
UNI_ASSEMBLES_DIFF,stb_d8,"ld (0x2558),A",3
UNI_ASSEMBLES_DIFF,stb_d8,"ld (0x2559),A",3
UNI_ASSEMBLES_DIFF,stdi8,"ld (0x2587),0x00",3
UNI_ASSEMBLES_DIFF,stda16,"ld (0x2590),DE",3
UNI_ASSEMBLES_DIFF,stdi8,"ld (0x2592),0x00",3
UNI_ASSEMBLES_DIFF,stda16,"ld (0x2598),BC",3
UNI_ASSEMBLES_DIFF,stda16,"ld (0x25a0),DE",3
UNI_ASSEMBLES_DIFF,stdi8,"ld (0x25a2),0x00",3
UNI_ASSEMBLES_DIFF,stda16,"ld (0x25a4),WA",3
UNI_ASSEMBLES_DIFF,stdi8,"ld (0x25a6),0xff",3
UNI_ASSEMBLES_DIFF,stb_d8,"ld (0x25a6),A",3
UNI_ASSEMBLES_DIFF,stda16,"ld (0x25a8),WA",3
UNI_ASSEMBLES_DIFF,stdi8,"ld (0x25aa),0xff",3
UNI_ASSEMBLES_DIFF,stb_d8,"ld (0x25aa),A",3
UNI_ASSEMBLES_DIFF,stb_d8,"ld (0x25ae),A",3
UNI_ASSEMBLES_DIFF,stb_d8,"ld (0x25ae),E",3
UNI_ASSEMBLES_DIFF,stb_d8,"ld (0x25b2),A",3
UNI_ASSEMBLES_DIFF,stda16,"ld (0x25b4),DE",3
UNI_ASSEMBLES_DIFF,stda16,"ld (0x25b6),WA",3
UNI_ASSEMBLES_DIFF,stda16,"ld (0x25b8),HL",3
UNI_ASSEMBLES_DIFF,stda16,"ld (0x25b8),WA",3
UNI_ASSEMBLES_DIFF,stdi8,"ld (0x25c6),0x00",3
UNI_ASSEMBLES_DIFF,stdi8,"ld (0x25c8),0x00",3
UNI_ASSEMBLES_DIFF,stdi8,"ld (0x25c8),0x01",3
UNI_ASSEMBLES_DIFF,stb_d8,"ld (0x25ca),A",3
UNI_ASSEMBLES_DIFF,stb_d8,"ld (0x25cc),E",3
UNI_ASSEMBLES_DIFF,stdi8,"ld (0x25d8),0x01",3
UNI_ASSEMBLES_DIFF,stdi8,"ld (0x25e6),0x00",3
UNI_ASSEMBLES_DIFF,stda16,"ld (0x25e8),BC",3
UNI_ASSEMBLES_DIFF,stb_d8,"ld (0x25fe),A",3
UNI_ASSEMBLES_DIFF,stdi8,"ld (0x2600),0x64",3
UNI_ASSEMBLES_DIFF,stdi8,"ld (0x2602),0x64",3
UNI_ASSEMBLES_DIFF,stdi8,"ld (0x2604),0x01",3
UNI_ASSEMBLES_DIFF,stdi8,"ld (0x260c),0x00",3
UNI_ASSEMBLES_DIFF,stdi8,"ld (0x260e),0x01",3
UNI_ASSEMBLES_DIFF,stdi8,"ld (0x2616),0x3c",3
UNI_ASSEMBLES_DIFF,stdi8,"ld (0x261c),0x01",3
UNI_ASSEMBLES_DIFF,stdi8,"ld (0x2622),0x00",3
UNI_ASSEMBLES_DIFF,stdi8,"ld (0x2624),0x01",3
UNI_ASSEMBLES_DIFF,stda16,"ld (0x2626),WA",3
UNI_ASSEMBLES_DIFF,stdi8,"ld (0x262a),0x00",3
UNI_ASSEMBLES_DIFF,stda16,"ld (0x262c),WA",3
UNI_ASSEMBLES_DIFF,stdi8,"ld (0x2630),0x00",3
UNI_ASSEMBLES_DIFF,stb_d8,"ld (0x2638),L",3
UNI_ASSEMBLES_DIFF,stb_d8,"ld (0x263c),A",3
UNI_ASSEMBLES_DIFF,stb_d8,"ld (0x263e),E",3
UNI_ASSEMBLES_DIFF,stdi8,"ld (0x2640),0x30",3
UNI_ASSEMBLES_DIFF,stb_d8,"ld (0x2641),C",3
UNI_ASSEMBLES_DIFF,stdi8,"ld (0x2642),0x30",3
UNI_ASSEMBLES_DIFF,stb_d8,"ld (0x2643),A",3
UNI_ASSEMBLES_DIFF,stb_d8,"ld (0x2644),A",3
UNI_ASSEMBLES_DIFF,stb_d8,"ld (0x2645),A",3
UNI_ASSEMBLES_DIFF,stb_d8,"ld (0x264e),L",3
UNI_ASSEMBLES_DIFF,stdi8,"ld (0x2658),0x3c",3
UNI_ASSEMBLES_DIFF,stda16,"ld (0x265c),HL",3
UNI_ASSEMBLES_DIFF,stda16,"ld (0x265e),HL",3
UNI_ASSEMBLES_DIFF,stda16,"ld (0x265e),WA",3
UNI_ASSEMBLES_DIFF,stda16,"ld (0x2661),WA",3
UNI_ASSEMBLES_DIFF,stdi8,"ld (0x2662),0x01",3
UNI_ASSEMBLES_DIFF,stb_d8,"ld (0x2664),C",3
UNI_ASSEMBLES_DIFF,stda16,"ld (0x2666),DE",3
UNI_ASSEMBLES_DIFF,stda16,"ld (0x2666),HL",3
UNI_ASSEMBLES_DIFF,stda32,"ld (0x2666),XBC",3
UNI_ASSEMBLES_DIFF,stdi8,"ld (0x2676),0x00",3
UNI_ASSEMBLES_DIFF,stdi8,"ld (0x2677),0x00",3
UNI_ASSEMBLES_DIFF,stb_d8,"ld (0x2682),C",3
UNI_ASSEMBLES_DIFF,stb_d8,"ld (0x2682),L",3
UNI_ASSEMBLES_DIFF,stdi8,"ld (0x2687),0x00",3
UNI_ASSEMBLES_DIFF,stdi8,"ld (0x2694),0x00",3
UNI_ASSEMBLES_DIFF,stdi8,"ld (0x2697),0x00",3
UNI_ASSEMBLES_DIFF,stda16,"ld (0x26a8),HL",3
UNI_ASSEMBLES_DIFF,stda16,"ld (0x26aa),WA",3
UNI_ASSEMBLES_DIFF,stda16,"ld (0x26ac),HL",3
UNI_ASSEMBLES_DIFF,stda16,"ld (0x26ac),WA",3
UNI_ASSEMBLES_DIFF,stda16,"ld (0x26ae),IZ",3
UNI_ASSEMBLES_DIFF,stda32,"ld (0x26ba),XHL",3
UNI_ASSEMBLES_DIFF,stda16,"ld (0x26c0),BC",3
UNI_ASSEMBLES_DIFF,stda16,"ld (0x26ca),HL",3
UNI_ASSEMBLES_DIFF,stda16,"ld (0x26ca),WA",3
UNI_ASSEMBLES_DIFF,stdi8,"ld (0x2708),0x01",3
UNI_ASSEMBLES_DIFF,stdi8,"ld (0x270a),0x01",3
UNI_ASSEMBLES_DIFF,stdi8,"ld (0x270c),0x01",3
UNI_ASSEMBLES_DIFF,stdi8,"ld (0x270c),0x10",3
UNI_ASSEMBLES_DIFF,stdi8,"ld (0x270c),0x11",3
UNI_ASSEMBLES_DIFF,stdi8,"ld (0x270e),0x01",3
UNI_ASSEMBLES_DIFF,stdi8,"ld (0x270e),0x10",3
UNI_ASSEMBLES_DIFF,stdi8,"ld (0x270e),0x11",3
UNI_ASSEMBLES_DIFF,stdi8,"ld (0x271e),0x00",3
UNI_ASSEMBLES_DIFF,stdi8,"ld (0x271e),0x01",3
UNI_ASSEMBLES_DIFF,stdi8,"ld (0x2720),0x01",3
UNI_ASSEMBLES_DIFF,stdi8,"ld (0x2720),0xff",3
UNI_ASSEMBLES_DIFF,stdi8,"ld (0x2721),0x00",3
UNI_ASSEMBLES_DIFF,stdi8,"ld (0x2725),0x01",3
UNI_ASSEMBLES_DIFF,stb_d8,"ld (0x2725),A",3
UNI_ASSEMBLES_DIFF,stda16,"ld (0x2726),HL",3
UNI_ASSEMBLES_DIFF,stda16,"ld (0x2728),IZ",3
UNI_ASSEMBLES_DIFF,stb_d8,"ld (0x2730),C",3
UNI_ASSEMBLES_DIFF,stdi8,"ld (0x2732),0xff",3
UNI_ASSEMBLES_DIFF,stb_d8,"ld (0x2740),A",3
UNI_ASSEMBLES_DIFF,stda16,"ld (0x2744),BC",3
UNI_ASSEMBLES_DIFF,stda16,"ld (0x275e),HL",3
UNI_ASSEMBLES_DIFF,stb_d8,"ld (0x2760),A",3
UNI_ASSEMBLES_DIFF,stb_d8,"ld (0x2766),C",3
UNI_ASSEMBLES_DIFF,stdi8,"ld (0x2769),0x03",3
UNI_ASSEMBLES_DIFF,stdi8,"ld (0x276a),0x00",3
UNI_ASSEMBLES_DIFF,stda16,"ld (0x276a),HL",3
UNI_ASSEMBLES_DIFF,stdi8,"ld (0x276c),0x00",3
UNI_ASSEMBLES_DIFF,stdi8,"ld (0x276f),0x00",3
UNI_ASSEMBLES_DIFF,stb_d8,"ld (0x2770),A",3
UNI_ASSEMBLES_DIFF,stda16,"ld (0x2772),HL",3
UNI_ASSEMBLES_DIFF,stdi8,"ld (0x2774),0x0a",3
UNI_ASSEMBLES_DIFF,stdi8,"ld (0x2776),0x01",3
UNI_ASSEMBLES_DIFF,stda16,"ld (0x2782),DE",3
UNI_ASSEMBLES_DIFF,stb_d8,"ld (0x2784),C",3
UNI_ASSEMBLES_DIFF,stb_d8,"ld (0x2786),L",3
UNI_ASSEMBLES_DIFF,stb_d8,"ld (0x2788),L",3
UNI_ASSEMBLES_DIFF,stdi8,"ld (0x278a),0x64",3
UNI_ASSEMBLES_DIFF,stda16,"ld (0x278c),HL",3
UNI_ASSEMBLES_DIFF,stdi8,"ld (0x2798),0x05",3
UNI_ASSEMBLES_DIFF,stdi8,"ld (0x27a2),0x0b",3
UNI_ASSEMBLES_DIFF,stda16,"ld (0x27b2),WA",3
UNI_ASSEMBLES_DIFF,stda16,"ld (0x27b6),BC",3
UNI_ASSEMBLES_DIFF,stda16,"ld (0x27b6),WA",3
UNI_ASSEMBLES_DIFF,stda16,"ld (0x27b8),WA",3
UNI_ASSEMBLES_DIFF,stda16,"ld (0x27c6),WA",3
UNI_ASSEMBLES_DIFF,stb_d8,"ld (0x27cc),A",3
UNI_ASSEMBLES_DIFF,stda16,"ld (0x27d4),WA",3
UNI_ASSEMBLES_DIFF,stda16,"ld (0x27d8),WA",3
UNI_ASSEMBLES_DIFF,stb_d8,"ld (0x27dc),A",3
UNI_ASSEMBLES_DIFF,stb_d8,"ld (0x27dc),L",3
UNI_ASSEMBLES_DIFF,stb_d8,"ld (0x27de),A",3
UNI_ASSEMBLES_DIFF,stb_d8,"ld (0x27de),L",3
UNI_ASSEMBLES_DIFF,stda32,"ld (0x27e4),XBC",3
UNI_ASSEMBLES_DIFF,stda32,"ld (0x27e4),XWA",3
UNI_ASSEMBLES_DIFF,stda16,"ld (0x27e8),HL",3
UNI_ASSEMBLES_DIFF,stda16,"ld (0x27ee),WA",3
UNI_ASSEMBLES_DIFF,stb_d8,"ld (0x27f4),A",3
UNI_ASSEMBLES_DIFF,stda16,"ld (0x27f4),WA",3
UNI_ASSEMBLES_DIFF,stda16,"ld (0x27f6),WA",3
UNI_ASSEMBLES_DIFF,stda16,"ld (0x27f7),BC",3
UNI_ASSEMBLES_DIFF,stda16,"ld (0x27f8),WA",3
UNI_ASSEMBLES_DIFF,stda16,"ld (0x27f9),BC",3
UNI_ASSEMBLES_DIFF,stda16,"ld (0x27fa),WA",3
UNI_ASSEMBLES_DIFF,stda16,"ld (0x27fc),WA",3
UNI_ASSEMBLES_DIFF,stdi8,"ld (0x2806),0x01",3
UNI_ASSEMBLES_DIFF,stda16,"ld (0x2808),BC",3
UNI_ASSEMBLES_DIFF,stda16,"ld (0x280a),BC",3
UNI_ASSEMBLES_DIFF,stda16,"ld (0x280a),HL",3
UNI_ASSEMBLES_DIFF,stda16,"ld (0x280e),WA",3
UNI_ASSEMBLES_DIFF,stda16,"ld (0x2812),WA",3
UNI_ASSEMBLES_DIFF,stda16,"ld (0x2816),HL",3
UNI_ASSEMBLES_DIFF,stda16,"ld (0x2816),WA",3
UNI_ASSEMBLES_DIFF,stb_d8,"ld (0x281c),L",3
UNI_ASSEMBLES_DIFF,stda16,"ld (0x281e),BC",3
UNI_ASSEMBLES_DIFF,stda16,"ld (0x2820),HL",3
UNI_ASSEMBLES_DIFF,stdi8,"ld (0x2824),0x00",3
UNI_ASSEMBLES_DIFF,stdi8,"ld (0x2826),0x02",3
UNI_ASSEMBLES_DIFF,stda16,"ld (0x282e),HL",3
UNI_ASSEMBLES_DIFF,stdi8,"ld (0x283a),0x00",3
UNI_ASSEMBLES_DIFF,stda32,"ld (0x283e),XHL",3
UNI_ASSEMBLES_DIFF,stdi8,"ld (0x2862),0x01",3
UNI_ASSEMBLES_DIFF,stdi8,"ld (0x2864),0x01",3
UNI_ASSEMBLES_DIFF,stdi8,"ld (0x2866),0x01",3
UNI_ASSEMBLES_DIFF,stb_d8,"ld (0x2868),L",3
UNI_ASSEMBLES_DIFF,stb_d8,"ld (0x286b),C",3
UNI_ASSEMBLES_DIFF,stdi8,"ld (0x286c),0x00",3
UNI_ASSEMBLES_DIFF,stb_d8,"ld (0x286c),A",3
UNI_ASSEMBLES_DIFF,stb_d8,"ld (0x2873),A",3
UNI_ASSEMBLES_DIFF,stb_d8,"ld (0x2873),C",3
UNI_ASSEMBLES_DIFF,stda16,"ld (0x2875),IZ",3
UNI_ASSEMBLES_DIFF,stb_d8,"ld (0x2877),L",3
UNI_ASSEMBLES_DIFF,stb_d8,"ld (0x2878),C",3
UNI_ASSEMBLES_DIFF,stb_d8,"ld (0x2878),L",3
UNI_ASSEMBLES_DIFF,stdi8,"ld (0x287a),0x06",3
UNI_ASSEMBLES_DIFF,stdi8,"ld (0x287a),0x07",3
UNI_ASSEMBLES_DIFF,stb_d8,"ld (0x287a),A",3
UNI_ASSEMBLES_DIFF,stb_d8,"ld (0x287c),L",3
UNI_ASSEMBLES_DIFF,stdi8,"ld (0x2880),0x00",3
UNI_ASSEMBLES_DIFF,stdi8,"ld (0x2880),0x03",3
UNI_ASSEMBLES_DIFF,stdi8,"ld (0x2880),0x19",3
UNI_ASSEMBLES_DIFF,stdi8,"ld (0x2880),0x24",3
UNI_ASSEMBLES_DIFF,stdi8,"ld (0x2880),0x31",3
UNI_ASSEMBLES_DIFF,stdi8,"ld (0x288d),0x00",3
UNI_ASSEMBLES_DIFF,stb_d8,"ld (0x288d),A",3
UNI_ASSEMBLES_DIFF,stda32,"ld (0x288f),XWA",3
UNI_ASSEMBLES_DIFF,stda16,"ld (0x2895),HL",3
UNI_ASSEMBLES_DIFF,stda32,"ld (0x2897),XWA",3
UNI_ASSEMBLES_DIFF,stda16,"ld (0x289b),IY",3
UNI_ASSEMBLES_DIFF,stda16,"ld (0x28a2),IY",3
UNI_ASSEMBLES_DIFF,stdi8,"ld (0x28a4),0x13",3
UNI_ASSEMBLES_DIFF,stb_d8,"ld (0x28a4),A",3
UNI_ASSEMBLES_DIFF,stb_d8,"ld (0x28ae),A",3
UNI_ASSEMBLES_DIFF,stb_d8,"ld (0x28ae),E",3
UNI_ASSEMBLES_DIFF,stda16,"ld (0x28af),BC",3
UNI_ASSEMBLES_DIFF,stdi8,"ld (0x28b2),0x00",3
UNI_ASSEMBLES_DIFF,stdi8,"ld (0x28c8),0x00",3
UNI_ASSEMBLES_DIFF,stb_d8,"ld (0x28c8),A",3
UNI_ASSEMBLES_DIFF,stda16,"ld (0x28d4),WA",3
UNI_ASSEMBLES_DIFF,stb_d8,"ld (0x2954),A",3
UNI_ASSEMBLES_DIFF,stb_d8,"ld (0x2957),A",3
UNI_ASSEMBLES_DIFF,stda16,"ld (0x2959),IY",3
UNI_ASSEMBLES_DIFF,stb_d8,"ld (0x295b),A",3
UNI_ASSEMBLES_DIFF,stdi8,"ld (0x295c),0x82",3
UNI_ASSEMBLES_DIFF,stdi8,"ld (0x295c),0x85",3
UNI_ASSEMBLES_DIFF,stb_d8,"ld (0x295c),A",3
UNI_ASSEMBLES_DIFF,stdi8,"ld (0x295d),0x00",3
UNI_ASSEMBLES_DIFF,stdi8,"ld (0x295d),0x01",3
UNI_ASSEMBLES_DIFF,stdi8,"ld (0x295e),0x00",3
UNI_ASSEMBLES_DIFF,stb_d8,"ld (0x295e),A",3
UNI_ASSEMBLES_DIFF,stb_d8,"ld (0x295f),A",3
UNI_ASSEMBLES_DIFF,stb_d8,"ld (0x2960),A",3
UNI_ASSEMBLES_DIFF,stb_d8,"ld (0x2960),L",3
UNI_ASSEMBLES_DIFF,stb_d8,"ld (0x2961),A",3
UNI_ASSEMBLES_DIFF,stb_d8,"ld (0x2961),L",3
UNI_ASSEMBLES_DIFF,stdi8,"ld (0x2966),0x85",3
UNI_ASSEMBLES_DIFF,stb_d8,"ld (0x2966),A",3
UNI_ASSEMBLES_DIFF,stb_d8,"ld (0x2968),A",3
UNI_ASSEMBLES_DIFF,stb_d8,"ld (0x2969),L",3
UNI_ASSEMBLES_DIFF,stb_d8,"ld (0x296a),L",3
UNI_ASSEMBLES_DIFF,stb_d8,"ld (0x296b),A",3
UNI_ASSEMBLES_DIFF,stb_d8,"ld (0x296b),L",3
UNI_ASSEMBLES_DIFF,stb_d8,"ld (0x296c),A",3
UNI_ASSEMBLES_DIFF,stb_d8,"ld (0x296c),L",3
UNI_ASSEMBLES_DIFF,stb_d8,"ld (0x296e),A",3
UNI_ASSEMBLES_DIFF,stdi8,"ld (0x2970),0xff",3
UNI_ASSEMBLES_DIFF,stb_d8,"ld (0x2970),A",3
UNI_ASSEMBLES_DIFF,stda32,"ld (0x29c6),XDE",3
UNI_ASSEMBLES_DIFF,stda32,"ld (0x29ee),XHL",3
UNI_ASSEMBLES_DIFF,stda16,"ld (0x29f6),WA",3
UNI_ASSEMBLES_DIFF,stdi8,"ld (0x2a80),0x00",3
UNI_ASSEMBLES_DIFF,stdi8,"ld (0x2a80),0x04",3
UNI_ASSEMBLES_DIFF,stda16,"ld (0x2a8e),WA",3
UNI_ASSEMBLES_DIFF,stda16,"ld (0x3000),DE",3
UNI_ASSEMBLES_DIFF,stda16,"ld (0x3002),DE",3
UNI_ASSEMBLES_DIFF,stda32,"ld (0x3004),XWA",3
UNI_ASSEMBLES_DIFF,stda16,"ld (0x31eb),WA",3
UNI_ASSEMBLES_DIFF,stda16,"ld (0x31ed),WA",3
UNI_ASSEMBLES_DIFF,stda16,"ld (0x31ef),WA",3
UNI_ASSEMBLES_DIFF,stda16,"ld (0x31f1),WA",3
UNI_ASSEMBLES_DIFF,stda16,"ld (0x31f3),WA",3
UNI_ASSEMBLES_DIFF,stda16,"ld (0x31f5),WA",3
UNI_ASSEMBLES_DIFF,stda32,"ld (0x31f7),XHL",3
UNI_ASSEMBLES_DIFF,stb_d8,"ld (0x3207),A",3
UNI_ASSEMBLES_DIFF,stb_d8,"ld (0x3208),A",3
UNI_ASSEMBLES_DIFF,stb_d8,"ld (0x3209),A",3
UNI_ASSEMBLES_DIFF,stb_d8,"ld (0x320a),A",3
UNI_ASSEMBLES_DIFF,stb_d8,"ld (0x320b),A",3
UNI_ASSEMBLES_DIFF,stb_d8,"ld (0x320c),A",3
UNI_ASSEMBLES_DIFF,stb_d8,"ld (0x320f),A",3
UNI_ASSEMBLES_DIFF,stb_d8,"ld (0x3210),A",3
UNI_ASSEMBLES_DIFF,stb_d8,"ld (0x3211),A",3
UNI_ASSEMBLES_DIFF,stb_d8,"ld (0x3212),A",3
UNI_ASSEMBLES_DIFF,stb_d8,"ld (0x3213),A",3
UNI_ASSEMBLES_DIFF,stb_d8,"ld (0x3214),A",3
UNI_ASSEMBLES_DIFF,stb_d8,"ld (0x323c),A",3
UNI_ASSEMBLES_DIFF,stb_d8,"ld (0x3281),A",3
UNI_ASSEMBLES_DIFF,stb_d8,"ld (0x3282),A",3
UNI_ASSEMBLES_DIFF,stb_d8,"ld (0x32b1),A",3
UNI_ASSEMBLES_DIFF,stb_d8,"ld (0x32c6),A",3
UNI_ASSEMBLES_DIFF,stdi8,"ld (0x32e4),0x02",3
UNI_ASSEMBLES_DIFF,stdi8,"ld (0x32e4),0x05",3
UNI_ASSEMBLES_DIFF,stb_d8,"ld (0x3336),A",3
UNI_ASSEMBLES_DIFF,stdi8,"ld (0x3338),0x01",3
UNI_ASSEMBLES_DIFF,stdi8,"ld (0x3338),0x02",3
UNI_ASSEMBLES_DIFF,stdi8,"ld (0x333a),0xfe",3
UNI_ASSEMBLES_DIFF,stdi8,"ld (0x333c),0x06",3
UNI_ASSEMBLES_DIFF,stdi8,"ld (0x334e),0x00",3
UNI_ASSEMBLES_DIFF,stdi8,"ld (0x3354),0x00",3
UNI_ASSEMBLES_DIFF,stdi8,"ld (0x3397),0x00",3
UNI_ASSEMBLES_DIFF,stdi8,"ld (0x33d8),0x00",3
UNI_ASSEMBLES_DIFF,stb_d8,"ld (0x33d9),L",3
UNI_ASSEMBLES_DIFF,stb_d8,"ld (0x33ed),A",3
UNI_ASSEMBLES_DIFF,stda16,"ld (0x3438),WA",3
UNI_ASSEMBLES_DIFF,stdi8,"ld (0x343a),0x1f",3
UNI_ASSEMBLES_DIFF,stb_d8,"ld (0x343d),A",3
UNI_ASSEMBLES_DIFF,stdi8,"ld (0x3453),0x10",3
UNI_ASSEMBLES_DIFF,stda16,"ld (0x3456),WA",3
UNI_ASSEMBLES_DIFF,stda16,"ld (0x345c),IX",3
UNI_ASSEMBLES_DIFF,stb_d8,"ld (0x347a),A",3
UNI_ASSEMBLES_DIFF,stb_d8,"ld (0x347b),E",3
UNI_ASSEMBLES_DIFF,stdi8,"ld (0x3487),0x00",3
UNI_ASSEMBLES_DIFF,stb_d8,"ld (0x3489),A",3
UNI_ASSEMBLES_DIFF,stda16,"ld (0x349a),DE",3
UNI_ASSEMBLES_DIFF,stda16,"ld (0x349c),DE",3
UNI_ASSEMBLES_DIFF,stb_d8,"ld (0x34a0),A",3
UNI_ASSEMBLES_DIFF,stb_d8,"ld (0x34aa),A",3
UNI_ASSEMBLES_DIFF,stb_d8,"ld (0x3517),E",3
UNI_ASSEMBLES_DIFF,stda16,"ld (0x356a),WA",3
UNI_ASSEMBLES_DIFF,stda16,"ld (0x356c),WA",3
UNI_ASSEMBLES_DIFF,stda16,"ld (0x35bc),WA",3
UNI_ASSEMBLES_DIFF,stda16,"ld (0x35c4),WA",3
UNI_ASSEMBLES_DIFF,stdi8,"ld (0x3602),0x00",3
UNI_ASSEMBLES_DIFF,stdi8,"ld (0x3602),0x01",3
UNI_ASSEMBLES_DIFF,stdi8,"ld (0x3602),0x02",3
UNI_ASSEMBLES_DIFF,stdi8,"ld (0x3602),0x03",3
UNI_ASSEMBLES_DIFF,stdi8,"ld (0x3602),0x04",3
UNI_ASSEMBLES_DIFF,stdi8,"ld (0x3602),0x05",3
UNI_ASSEMBLES_DIFF,stdi8,"ld (0x3602),0x06",3
UNI_ASSEMBLES_DIFF,stdi8,"ld (0x3602),0x07",3
UNI_ASSEMBLES_DIFF,stdi8,"ld (0x3602),0x08",3
UNI_ASSEMBLES_DIFF,stdi8,"ld (0x3602),0x09",3
UNI_ASSEMBLES_DIFF,stdi8,"ld (0x3602),0x0a",3
UNI_ASSEMBLES_DIFF,stdi8,"ld (0x3602),0x0b",3
UNI_ASSEMBLES_DIFF,stdi8,"ld (0x3602),0x0c",3
UNI_ASSEMBLES_DIFF,stdi8,"ld (0x3602),0x0d",3
UNI_ASSEMBLES_DIFF,stdi8,"ld (0x3602),0x0e",3
UNI_ASSEMBLES_DIFF,stdi8,"ld (0x3602),0x0f",3
UNI_ASSEMBLES_DIFF,stda16,"ld (0x3610),WA",3
UNI_ASSEMBLES_DIFF,stb_d8,"ld (0x3616),A",3
UNI_ASSEMBLES_DIFF,stda16,"ld (0x3624),WA",3
UNI_ASSEMBLES_DIFF,stdi8,"ld (0x3628),0x00",3
UNI_ASSEMBLES_DIFF,stb_d8,"ld (0x3673),H",3
UNI_ASSEMBLES_DIFF,stb_d8,"ld (0x3676),A",3
UNI_ASSEMBLES_DIFF,stdi8,"ld (0x3679),0x00",3
UNI_ASSEMBLES_DIFF,stda16,"ld (0x36c6),BC",3
UNI_ASSEMBLES_DIFF,stda16,"ld (0x36c8),BC",3
UNI_ASSEMBLES_DIFF,stb_d8,"ld (0x36d6),A",3
UNI_ASSEMBLES_DIFF,stda16,"ld (0x36e2),WA",3
UNI_ASSEMBLES_DIFF,stdi8,"ld (0x36f0),0x06",3
UNI_ASSEMBLES_DIFF,stb_d8,"ld (0x36f0),A",3
UNI_ASSEMBLES_DIFF,stdi8,"ld (0x36fe),0x00",3
UNI_ASSEMBLES_DIFF,stdi8,"ld (0x372d),0x08",3
UNI_ASSEMBLES_DIFF,stdi8,"ld (0x372d),0x10",3
UNI_ASSEMBLES_DIFF,stdi8,"ld (0x372d),0x20",3
UNI_ASSEMBLES_DIFF,stdi8,"ld (0x372d),0x40",3
UNI_ASSEMBLES_DIFF,stda16,"ld (0x373e),WA",3
UNI_ASSEMBLES_DIFF,stda16,"ld (0x3740),WA",3
UNI_ASSEMBLES_DIFF,stda16,"ld (0x3744),WA",3
UNI_ASSEMBLES_DIFF,stb_d8,"ld (0x3746),A",3
UNI_ASSEMBLES_DIFF,stb_d8,"ld (0x3753),A",3
UNI_ASSEMBLES_DIFF,stb_d8,"ld (0x3755),A",3
UNI_ASSEMBLES_DIFF,stb_d8,"ld (0x391e),A",3
UNI_ASSEMBLES_DIFF,stb_d8,"ld (0x39b8),W",3
UNI_ASSEMBLES_DIFF,st_dd8b,"ld (0x3a),A",3
UNI_ASSEMBLES_DIFF,st_dd8b,"ld (0x3b),A",3
UNI_ASSEMBLES_DIFF,stda16,"ld (0x3c68),BC",3
UNI_ASSEMBLES_DIFF,stb_d8,"ld (0x4004),D",3
UNI_ASSEMBLES_DIFF,stdi8,"ld (0x483e),0x00",3
UNI_ASSEMBLES_DIFF,stda16,"ld (0x5a4f),BC",3
UNI_ASSEMBLES_DIFF,stb_d8,"ld (0x76a7),A",3
UNI_ASSEMBLES_DIFF,stb_d8,"ld (0x76a9),A",3
UNI_ASSEMBLES_DIFF,stb_d8,"ld (0x7d60),A",3
UNI_ASSEMBLES_DIFF,stda16,"ld (0x7d62),WA",3
UNI_ASSEMBLES_DIFF,stda16,"ld (0x7d8c),WA",3
UNI_ASSEMBLES_DIFF,stda16,"ld (0x7d8e),WA",3
UNI_ASSEMBLES_DIFF,stb_d8,"ld (0x7da4),W",3
UNI_ASSEMBLES_DIFF,stb_d8,"ld (0x7db8),A",3
UNI_ASSEMBLES_DIFF,stb_d8,"ld (0x7db9),A",3
UNI_ASSEMBLES_DIFF,stda16,"ld (0x7e74),WA",3
UNI_ASSEMBLES_DIFF,stda16,"ld (0x7ee2),WA",3
UNI_ASSEMBLES_DIFF,stdi8,"ld (0x7f35),0x00",3
UNI_ASSEMBLES_DIFF,stdi8,"ld (0x7f35),0x01",3
UNI_ASSEMBLES_DIFF,stda16,"ld (0x8110),WA",3
UNI_ASSEMBLES_DIFF,stda16,"ld (0x8342),IZ",3
UNI_ASSEMBLES_DIFF,stdi8,"ld (0x83a0),0x00",3
UNI_ASSEMBLES_DIFF,stdi8,"ld (0x87d4),0x00",3
UNI_ASSEMBLES_DIFF,stdi8,"ld (0x8884),0x00",3
UNI_ASSEMBLES_DIFF,stb_d8,"ld (0x8884),A",3
UNI_ASSEMBLES_DIFF,stdi8,"ld (0x8888),0x00",3
UNI_ASSEMBLES_DIFF,stdi8,"ld (0x8888),0x01",3
UNI_ASSEMBLES_DIFF,stb_d8,"ld (0x8960),C",3
UNI_ASSEMBLES_DIFF,stb_d8,"ld (0x8962),C",3
UNI_ASSEMBLES_DIFF,stb_d8,"ld (0x8966),C",3
UNI_ASSEMBLES_DIFF,stb_d8,"ld (0x896a),C",3
UNI_ASSEMBLES_DIFF,stdi8,"ld (0x8999),0x01",3
UNI_ASSEMBLES_DIFF,stdi8,"ld (0x8cb0),0x01",3
UNI_ASSEMBLES_DIFF,stdi8,"ld (0x8cb0),0x02",3
UNI_ASSEMBLES_DIFF,stdi8,"ld (0x8cb0),0x03",3
UNI_ASSEMBLES_DIFF,stdi8,"ld (0x8cb0),0x0f",3
UNI_ASSEMBLES_DIFF,stdi8,"ld (0x8cb0),0xff",3
UNI_ASSEMBLES_DIFF,stb_d8,"ld (0x8cb6),A",3
UNI_ASSEMBLES_DIFF,stb_d8,"ld (0x8ce0),A",3
UNI_ASSEMBLES_DIFF,stda16,"ld (0x8cff),WA",3
UNI_ASSEMBLES_DIFF,stda16,"ld (0x8d01),IY",3
UNI_ASSEMBLES_DIFF,st_dd8w,"ld (0x8e),WA",3
UNI_ASSEMBLES_DIFF,stdi8,"ld (0x8eb2),0x04",3
UNI_ASSEMBLES_DIFF,stda32,"ld (0x9056),XWA",3
UNI_ASSEMBLES_DIFF,stb_d8,"ld (0x908c),A",3
UNI_ASSEMBLES_DIFF,stdi8,"ld (0x908e),0x00",3
UNI_ASSEMBLES_DIFF,stdi8,"ld (0x90b7),0x01",3
UNI_ASSEMBLES_DIFF,stdi8,"ld (0x90b9),0x00",3
UNI_ASSEMBLES_DIFF,stdi8,"ld (0x9119),0xff",3
UNI_ASSEMBLES_DIFF,stda16,"ld (0x9121),WA",3
UNI_ASSEMBLES_DIFF,stda16,"ld (0x9123),WA",3
UNI_ASSEMBLES_DIFF,stb_d8,"ld (0xb750),A",3
UNI_ASSEMBLES_DIFF,stdi8,"ld (0xbca0),0xff",3
UNI_ASSEMBLES_DIFF,stdi8,"ld (0xbe9d),0xff",3
UNI_ASSEMBLES_DIFF,st_dd8w,"ld (0xbf),WA",3
UNI_ASSEMBLES_DIFF,stdi8,"ld (0xbf9d),0xff",3
UNI_ASSEMBLES_DIFF,stdi8,"ld (0xbfe2),0x04",3
UNI_ASSEMBLES_DIFF,stb_d8,"ld (0xbfe2),A",3
UNI_ASSEMBLES_DIFF,stb_d8,"ld (0xbfe2),W",3
UNI_ASSEMBLES_DIFF,stda16,"ld (0xe100),IX",3
UNI_ASSEMBLES_DIFF,stda16,"ld (0xf19e),HL",3
UNI_ASSEMBLES_DIFF,stdi8,"ld (0xf1d2),0x00",3
UNI_ASSEMBLES_DIFF,stdi8,"ld (0xf1d4),0x02",3
UNI_ASSEMBLES_DIFF,stdi8,"ld (0xf1d5),0x03",3
UNI_ASSEMBLES_DIFF,stdi8,"ld (0xf1d6),0x01",3
UNI_ASSEMBLES_DIFF,stdi8,"ld (0xf1db),0x01",3
UNI_ASSEMBLES_DIFF,stdi8,"ld (0xf1e0),0x00",3
UNI_ASSEMBLES_DIFF,stdi8,"ld (0xf1e1),0x01",3
UNI_ASSEMBLES_DIFF,stdi8,"ld (0xf1e1),0x10",3
UNI_ASSEMBLES_DIFF,stdi8,"ld (0xf1e1),0x11",3
UNI_ASSEMBLES_DIFF,stdi8,"ld (0xf1e6),0x01",3
UNI_ASSEMBLES_DIFF,stdi8,"ld (0xf1e6),0x10",3
UNI_ASSEMBLES_DIFF,stdi8,"ld (0xf1e6),0x11",3
UNI_ASSEMBLES_DIFF,stdi8,"ld (0xf1e9),0x01",3
UNI_ASSEMBLES_DIFF,stdi8,"ld (0xf1e9),0x10",3
UNI_ASSEMBLES_DIFF,stdi8,"ld (0xf1e9),0x11",3
UNI_ASSEMBLES_DIFF,stdi8,"ld (0xf1ee),0x01",3
UNI_ASSEMBLES_DIFF,stdi8,"ld (0xf1ee),0x10",3
UNI_ASSEMBLES_DIFF,stdi8,"ld (0xf1ee),0x11",3
UNI_ASSEMBLES_DIFF,stdi8,"ld (0xf1f1),0x01",3
UNI_ASSEMBLES_DIFF,stdi8,"ld (0xf1f6),0x03",3
UNI_ASSEMBLES_DIFF,stdi8,"ld (0xf228),0x01",3
UNI_ASSEMBLES_DIFF,stdi8,"ld (0xf22d),0x00",3
UNI_ASSEMBLES_DIFF,stdi8,"ld (0xf22e),0x00",3
UNI_ASSEMBLES_DIFF,stda16,"ld (0xf22f),IZ",3
UNI_ASSEMBLES_DIFF,stdi8,"ld (0xf233),0x00",3
UNI_ASSEMBLES_DIFF,stdi8,"ld (0xf234),0x00",3
UNI_ASSEMBLES_DIFF,stdi8,"ld (0xf23d),0x00",3
UNI_ASSEMBLES_DIFF,stdi8,"ld (0xf23d),0xff",3
UNI_ASSEMBLES_DIFF,stib_d8,"ld (0xf8),0x0d",3
UNI_ASSEMBLES_DIFF,stb_d8,"ld (0xf9c3),A",3
UNI_ASSEMBLES_DIFF,stb_d8,"ld (0xf9dd),W",3
UNI_ASSEMBLES_DIFF,stb_d8,"ld (0xf9f7),A",3
UNI_ASSEMBLES_DIFF,stb_d8,"ld (0xfa11),W",3
UNI_ASSEMBLES_DIFF,stb_d8,"ld (0xfa2b),A",3
UNI_ASSEMBLES_DIFF,stb_d8,"ld (0xfa45),W",3
UNI_ASSEMBLES_DIFF,stb_d8,"ld (0xfa5f),A",3
UNI_ASSEMBLES_DIFF,stb_d8,"ld (0xfa79),W",3
UNI_ASSEMBLES_DIFF,stb_d8,"ld (0xfa93),A",3
UNI_ASSEMBLES_DIFF,stb_d8,"ld (0xfaad),W",3
UNI_ASSEMBLES_DIFF,stb_d8,"ld (0xfac7),A",3
UNI_ASSEMBLES_DIFF,stb_d8,"ld (0xfae1),W",3
UNI_ASSEMBLES_DIFF,stb_d8,"ld (0xfafb),A",3
UNI_ASSEMBLES_DIFF,stb_d8,"ld (0xfb15),W",3
UNI_ASSEMBLES_DIFF,stb_d8,"ld (0xfb2f),A",3
UNI_ASSEMBLES_DIFF,stb_d8,"ld (0xfb49),W",3
UNI_ASSEMBLES_DIFF,stb_d8,"ld (0xfb56),A",3
UNI_ASSEMBLES_DIFF,stb_d8,"ld (0xfb63),A",3
UNI_ASSEMBLES_DIFF,stb_d8,"ld (0xfb70),A",3
UNI_ASSEMBLES_DIFF,stb_d8,"ld (0xfb7d),W",3
UNI_ASSEMBLES_DIFF,stb_d8,"ld (0xfb8a),A",3
UNI_ASSEMBLES_DIFF,stb_d8,"ld (0xfb97),A",3
UNI_ASSEMBLES_DIFF,stb_d8,"ld (0xfba4),A",3
UNI_ASSEMBLES_DIFF,stb_d8,"ld (0xfbb1),W",3
UNI_ASSEMBLES_DIFF,stb_d8,"ld (0xfbbe),A",3
UNI_ASSEMBLES_DIFF,stb_d8,"ld (0xfbcb),A",3
UNI_ASSEMBLES_DIFF,stb_d8,"ld (0xfbe5),W",3
UNI_ASSEMBLES_DIFF,stb_d8,"ld (0xfbff),A",3
UNI_ASSEMBLES_DIFF,stb_d8,"ld (0xfc19),W",3
UNI_ASSEMBLES_DIFF,stb_d8,"ld (0xfc26),A",3
UNI_ASSEMBLES_DIFF,stb_d8,"ld (0xfc5b),A",3
UNI_ASSEMBLES_DIFF,stdi8,"ld (0xfc5f),0x00",3
UNI_ASSEMBLES_DIFF,stdi8,"ld (0xfc60),0x00",3
UNI_ASSEMBLES_DIFF,stda16,"ld (0xfc62),WA",3
UNI_ASSEMBLES_DIFF,stda16,"ld (0xfc66),WA",3
UNI_ASSEMBLES_DIFF,stb_d8,"ld (0xfd6a),A",3
UNI_ASSEMBLES_DIFF,ldb_d8,"ld A,(0x00d1)",3
UNI_ASSEMBLES_DIFF,ldb_d8,"ld A,(0x0411)",3
UNI_ASSEMBLES_DIFF,ldb_d8,"ld A,(0x0412)",3
UNI_ASSEMBLES_DIFF,ldb_d8,"ld A,(0x041f)",3
UNI_ASSEMBLES_DIFF,ldb_d8,"ld A,(0x0436)",3
UNI_ASSEMBLES_DIFF,ldb_d8,"ld A,(0x0458)",3
UNI_ASSEMBLES_DIFF,ldb_d8,"ld A,(0x045b)",3
UNI_ASSEMBLES_DIFF,ldb_d8,"ld A,(0x05e2)",3
UNI_ASSEMBLES_DIFF,ldb_d8,"ld A,(0x05e4)",3
UNI_ASSEMBLES_DIFF,ldb_d8,"ld A,(0x0626)",3
UNI_ASSEMBLES_DIFF,ldb_d8,"ld A,(0x065e)",3
UNI_ASSEMBLES_DIFF,ldb_d8,"ld A,(0x066a)",3
UNI_ASSEMBLES_DIFF,ldb_d8,"ld A,(0x0891)",3
UNI_ASSEMBLES_DIFF,ldb_d8,"ld A,(0x08ec)",3
UNI_ASSEMBLES_DIFF,ldb_d8,"ld A,(0x0c36)",3
UNI_ASSEMBLES_DIFF,ldb_d8,"ld A,(0x0c5b)",3
UNI_ASSEMBLES_DIFF,ldb_d8,"ld A,(0x0c7b)",3
UNI_ASSEMBLES_DIFF,ldb_d8,"ld A,(0x0ce2)",3
UNI_ASSEMBLES_DIFF,ldb_d8,"ld A,(0x0d21)",3
UNI_ASSEMBLES_DIFF,ldb_d8,"ld A,(0x0d33)",3
UNI_ASSEMBLES_DIFF,ldb_d8,"ld A,(0x0d3c)",3
UNI_ASSEMBLES_DIFF,ldb_d8,"ld A,(0x0d45)",3
UNI_ASSEMBLES_DIFF,ldb_d8,"ld A,(0x0d68)",3
UNI_ASSEMBLES_DIFF,ldb_d8,"ld A,(0x0d8f)",3
UNI_ASSEMBLES_DIFF,ldb_d8,"ld A,(0x0dcb)",3
UNI_ASSEMBLES_DIFF,ldb_d8,"ld A,(0x0dee)",3
UNI_ASSEMBLES_DIFF,ldb_d8,"ld A,(0x0df8)",3
UNI_ASSEMBLES_DIFF,ldb_d8,"ld A,(0x0dfb)",3
UNI_ASSEMBLES_DIFF,ldb_d8,"ld A,(0x0e41)",3
UNI_ASSEMBLES_DIFF,ldb_d8,"ld A,(0x0e4b)",3
UNI_ASSEMBLES_DIFF,ldb_d8,"ld A,(0x0eb8)",3
UNI_ASSEMBLES_DIFF,ldb_d8,"ld A,(0x0eba)",3
UNI_ASSEMBLES_DIFF,ldb_d8,"ld A,(0x0ebc)",3
UNI_ASSEMBLES_DIFF,ldb_d8,"ld A,(0x0ec4)",3
UNI_ASSEMBLES_DIFF,ldb_d8,"ld A,(0x0eed)",3
UNI_ASSEMBLES_DIFF,ldb_d8,"ld A,(0x0eef)",3
UNI_ASSEMBLES_DIFF,ldb_d8,"ld A,(0x0ef7)",3
UNI_ASSEMBLES_DIFF,ldb_d8,"ld A,(0x0f5a)",3
UNI_ASSEMBLES_DIFF,ldb_d8,"ld A,(0x0f5b)",3
UNI_ASSEMBLES_DIFF,ldb_d8,"ld A,(0x0f6c)",3
UNI_ASSEMBLES_DIFF,ldb_d8,"ld A,(0x0f6d)",3
UNI_ASSEMBLES_DIFF,ldb_d8,"ld A,(0x1006)",3
UNI_ASSEMBLES_DIFF,ldb_d8,"ld A,(0x1077)",3
UNI_ASSEMBLES_DIFF,ldb_d8,"ld A,(0x10c7)",3
UNI_ASSEMBLES_DIFF,ldb_d8,"ld A,(0x10ca)",3
UNI_ASSEMBLES_DIFF,ldb_d8,"ld A,(0x10cc)",3
UNI_ASSEMBLES_DIFF,ldb_d8,"ld A,(0x1156)",3
UNI_ASSEMBLES_DIFF,ldb_d8,"ld A,(0x1193)",3
UNI_ASSEMBLES_DIFF,ldb_d8,"ld A,(0x119b)",3
UNI_ASSEMBLES_DIFF,ldb_d8,"ld A,(0x119c)",3
UNI_ASSEMBLES_DIFF,ldb_d8,"ld A,(0x11bb)",3
UNI_ASSEMBLES_DIFF,ldb_d8,"ld A,(0x11bd)",3
UNI_ASSEMBLES_DIFF,ldb_d8,"ld A,(0x11f2)",3
UNI_ASSEMBLES_DIFF,ldb_d8,"ld A,(0x11f3)",3
UNI_ASSEMBLES_DIFF,ldb_d8,"ld A,(0x11f8)",3
UNI_ASSEMBLES_DIFF,ldb_d8,"ld A,(0x1258)",3
UNI_ASSEMBLES_DIFF,ldb_d8,"ld A,(0x1264)",3
UNI_ASSEMBLES_DIFF,ldb_d8,"ld A,(0x12b9)",3
UNI_ASSEMBLES_DIFF,ldb_d8,"ld A,(0x12ec)",3
UNI_ASSEMBLES_DIFF,ldb_d8,"ld A,(0x12ed)",3
UNI_ASSEMBLES_DIFF,ldb_d8,"ld A,(0x1940)",3
UNI_ASSEMBLES_DIFF,ldb_d8,"ld A,(0x1942)",3
UNI_ASSEMBLES_DIFF,ldb_d8,"ld A,(0x1a5d)",3
UNI_ASSEMBLES_DIFF,ldb_d8,"ld A,(0x1a5e)",3
UNI_ASSEMBLES_DIFF,ldb_d8,"ld A,(0x1d4a)",3
UNI_ASSEMBLES_DIFF,ldb_d8,"ld A,(0x1d4c)",3
UNI_ASSEMBLES_DIFF,ldb_d8,"ld A,(0x1d4e)",3
UNI_ASSEMBLES_DIFF,ldb_d8,"ld A,(0x1d58)",3
UNI_ASSEMBLES_DIFF,ldb_d8,"ld A,(0x1d5e)",3
UNI_ASSEMBLES_DIFF,ldb_d8,"ld A,(0x1d68)",3
UNI_ASSEMBLES_DIFF,ldb_d8,"ld A,(0x1d86)",3
UNI_ASSEMBLES_DIFF,ldb_d8,"ld A,(0x1db4)",3
UNI_ASSEMBLES_DIFF,ldb_d8,"ld A,(0x2070)",3
UNI_ASSEMBLES_DIFF,ldb_d8,"ld A,(0x2075)",3
UNI_ASSEMBLES_DIFF,ldb_d8,"ld A,(0x2092)",3
UNI_ASSEMBLES_DIFF,ldb_d8,"ld A,(0x222d)",3
UNI_ASSEMBLES_DIFF,ldb_d8,"ld A,(0x2300)",3
UNI_ASSEMBLES_DIFF,ldb_d8,"ld A,(0x230a)",3
UNI_ASSEMBLES_DIFF,ldb_d8,"ld A,(0x230c)",3
UNI_ASSEMBLES_DIFF,ldb_d8,"ld A,(0x2310)",3
UNI_ASSEMBLES_DIFF,ldb_d8,"ld A,(0x2322)",3
UNI_ASSEMBLES_DIFF,ldb_d8,"ld A,(0x23c2)",3
UNI_ASSEMBLES_DIFF,ldb_d8,"ld A,(0x23c8)",3
UNI_ASSEMBLES_DIFF,ldb_d8,"ld A,(0x25d0)",3
UNI_ASSEMBLES_DIFF,ldb_d8,"ld A,(0x25d2)",3
UNI_ASSEMBLES_DIFF,ldb_d8,"ld A,(0x2604)",3
UNI_ASSEMBLES_DIFF,ldb_d8,"ld A,(0x260e)",3
UNI_ASSEMBLES_DIFF,ldb_d8,"ld A,(0x261c)",3
UNI_ASSEMBLES_DIFF,ldb_d8,"ld A,(0x2636)",3
UNI_ASSEMBLES_DIFF,ldb_d8,"ld A,(0x263a)",3
UNI_ASSEMBLES_DIFF,ldb_d8,"ld A,(0x2641)",3
UNI_ASSEMBLES_DIFF,ldb_d8,"ld A,(0x264c)",3
UNI_ASSEMBLES_DIFF,ldb_d8,"ld A,(0x2664)",3
UNI_ASSEMBLES_DIFF,ldb_d8,"ld A,(0x269c)",3
UNI_ASSEMBLES_DIFF,ldb_d8,"ld A,(0x26e2)",3
UNI_ASSEMBLES_DIFF,ldb_d8,"ld A,(0x27ca)",3
UNI_ASSEMBLES_DIFF,ldb_d8,"ld A,(0x281c)",3
UNI_ASSEMBLES_DIFF,ldb_d8,"ld A,(0x2826)",3
UNI_ASSEMBLES_DIFF,ldb_d8,"ld A,(0x283a)",3
UNI_ASSEMBLES_DIFF,ldb_d8,"ld A,(0x286b)",3
UNI_ASSEMBLES_DIFF,ldb_d8,"ld A,(0x28ae)",3
UNI_ASSEMBLES_DIFF,ldb_d8,"ld A,(0x28be)",3
UNI_ASSEMBLES_DIFF,ldb_d8,"ld A,(0x295b)",3
UNI_ASSEMBLES_DIFF,ldb_d8,"ld A,(0x295c)",3
UNI_ASSEMBLES_DIFF,ldb_d8,"ld A,(0x295d)",3
UNI_ASSEMBLES_DIFF,ldb_d8,"ld A,(0x295e)",3
UNI_ASSEMBLES_DIFF,ldb_d8,"ld A,(0x2966)",3
UNI_ASSEMBLES_DIFF,ldb_d8,"ld A,(0x29aa)",3
UNI_ASSEMBLES_DIFF,ldb_d8,"ld A,(0x3217)",3
UNI_ASSEMBLES_DIFF,ldb_d8,"ld A,(0x3219)",3
UNI_ASSEMBLES_DIFF,ldb_d8,"ld A,(0x321c)",3
UNI_ASSEMBLES_DIFF,ldb_d8,"ld A,(0x321e)",3
UNI_ASSEMBLES_DIFF,ldb_d8,"ld A,(0x3227)",3
UNI_ASSEMBLES_DIFF,ldb_d8,"ld A,(0x3229)",3
UNI_ASSEMBLES_DIFF,ldb_d8,"ld A,(0x322a)",3
UNI_ASSEMBLES_DIFF,ldb_d8,"ld A,(0x322c)",3
UNI_ASSEMBLES_DIFF,ldb_d8,"ld A,(0x322d)",3
UNI_ASSEMBLES_DIFF,ldb_d8,"ld A,(0x322e)",3
UNI_ASSEMBLES_DIFF,ldb_d8,"ld A,(0x328a)",3
UNI_ASSEMBLES_DIFF,ldb_d8,"ld A,(0x3387)",3
UNI_ASSEMBLES_DIFF,ldb_d8,"ld A,(0x339f)",3
UNI_ASSEMBLES_DIFF,ldb_d8,"ld A,(0x33ec)",3
UNI_ASSEMBLES_DIFF,ldb_d8,"ld A,(0x3409)",3
UNI_ASSEMBLES_DIFF,ldb_d8,"ld A,(0x3453)",3
UNI_ASSEMBLES_DIFF,ldb_d8,"ld A,(0x3454)",3
UNI_ASSEMBLES_DIFF,ldb_d8,"ld A,(0x347c)",3
UNI_ASSEMBLES_DIFF,ldb_d8,"ld A,(0x34b9)",3
UNI_ASSEMBLES_DIFF,ldb_d8,"ld A,(0x360b)",3
UNI_ASSEMBLES_DIFF,ldb_d8,"ld A,(0x3616)",3
UNI_ASSEMBLES_DIFF,ldb_d8,"ld A,(0x367b)",3
UNI_ASSEMBLES_DIFF,ldb_d8,"ld A,(0x3685)",3
UNI_ASSEMBLES_DIFF,ldb_d8,"ld A,(0x36aa)",3
UNI_ASSEMBLES_DIFF,ldb_d8,"ld A,(0x36f8)",3
UNI_ASSEMBLES_DIFF,ldb_d8,"ld A,(0x3757)",3
UNI_ASSEMBLES_DIFF,ldb_d8,"ld A,(0x3835)",3
UNI_ASSEMBLES_DIFF,ldb_d8,"ld A,(0x38ea)",3
UNI_ASSEMBLES_DIFF,ldb_d8,"ld A,(0x38f9)",3
UNI_ASSEMBLES_DIFF,ldb_d8,"ld A,(0x4369)",3
UNI_ASSEMBLES_DIFF,ldb_d8,"ld A,(0x436b)",3
UNI_ASSEMBLES_DIFF,ldb_d8,"ld A,(0x436e)",3
UNI_ASSEMBLES_DIFF,ldb_d8,"ld A,(0x78b7)",3
UNI_ASSEMBLES_DIFF,ldb_d8,"ld A,(0x7d6e)",3
UNI_ASSEMBLES_DIFF,ldb_d8,"ld A,(0x7d82)",3
UNI_ASSEMBLES_DIFF,ldb_d8,"ld A,(0x7ea1)",3
UNI_ASSEMBLES_DIFF,ldb_d8,"ld A,(0x7f05)",3
UNI_ASSEMBLES_DIFF,ldb_d8,"ld A,(0x7f36)",3
UNI_ASSEMBLES_DIFF,ldb_d8,"ld A,(0x7f4d)",3
UNI_ASSEMBLES_DIFF,ldb_d8,"ld A,(0x87fe)",3
UNI_ASSEMBLES_DIFF,ldb_d8,"ld A,(0x8884)",3
UNI_ASSEMBLES_DIFF,ldb_d8,"ld A,(0x8964)",3
UNI_ASSEMBLES_DIFF,ldb_d8,"ld A,(0x8968)",3
UNI_ASSEMBLES_DIFF,ld_sd8b,"ld A,(0x8b)",3
UNI_ASSEMBLES_DIFF,ldb_d8,"ld A,(0x8cb6)",3
UNI_ASSEMBLES_DIFF,ldb_d8,"ld A,(0x8ce6)",3
UNI_ASSEMBLES_DIFF,ldb_d8,"ld A,(0x904f)",3
UNI_ASSEMBLES_DIFF,ldb_d8,"ld A,(0x905c)",3
UNI_ASSEMBLES_DIFF,ldb_d8,"ld A,(0x908c)",3
UNI_ASSEMBLES_DIFF,ldb_d8,"ld A,(0x90c2)",3
UNI_ASSEMBLES_DIFF,ldb_d8,"ld A,(0x9123)",3
UNI_ASSEMBLES_DIFF,ld_sd8b,"ld A,(0x96)",3
UNI_ASSEMBLES_DIFF,ldb_d8,"ld A,(0xce0e)",3
UNI_ASSEMBLES_DIFF,ldb_d8,"ld A,(0xe316)",3
UNI_ASSEMBLES_DIFF,ldb_d8,"ld A,(0xf9c4)",3
UNI_ASSEMBLES_DIFF,ldb_d8,"ld A,(0xf9c5)",3
UNI_ASSEMBLES_DIFF,ldb_d8,"ld A,(0xf9c7)",3
UNI_ASSEMBLES_DIFF,ldb_d8,"ld A,(0xf9dd)",3
UNI_ASSEMBLES_DIFF,ldb_d8,"ld A,(0xf9de)",3
UNI_ASSEMBLES_DIFF,ldb_d8,"ld A,(0xf9df)",3
UNI_ASSEMBLES_DIFF,ldb_d8,"ld A,(0xf9e1)",3
UNI_ASSEMBLES_DIFF,ldb_d8,"ld A,(0xf9f8)",3
UNI_ASSEMBLES_DIFF,ldb_d8,"ld A,(0xf9f9)",3
UNI_ASSEMBLES_DIFF,ldb_d8,"ld A,(0xf9fb)",3
UNI_ASSEMBLES_DIFF,ldb_d8,"ld A,(0xfa11)",3
UNI_ASSEMBLES_DIFF,ldb_d8,"ld A,(0xfa45)",3
UNI_ASSEMBLES_DIFF,ldb_d8,"ld A,(0xfa79)",3
UNI_ASSEMBLES_DIFF,ldb_d8,"ld A,(0xfaad)",3
UNI_ASSEMBLES_DIFF,ldb_d8,"ld A,(0xfae1)",3
UNI_ASSEMBLES_DIFF,ldb_d8,"ld A,(0xfb15)",3
UNI_ASSEMBLES_DIFF,ldb_d8,"ld A,(0xfb49)",3
UNI_ASSEMBLES_DIFF,ldb_d8,"ld A,(0xfb7d)",3
UNI_ASSEMBLES_DIFF,ldb_d8,"ld A,(0xfbb1)",3
UNI_ASSEMBLES_DIFF,ldb_d8,"ld A,(0xfbe5)",3
UNI_ASSEMBLES_DIFF,ldb_d8,"ld A,(0xfc19)",3
UNI_ASSEMBLES_DIFF,ldb_d8,"ld A,(0xfc6a)",3
UNI_ASSEMBLES_DIFF,ldb_d8,"ld A,(0xfd20)",3
UNI_ASSEMBLES_DIFF,ldb_d8,"ld A,(0xfdad)",3
UNI_ASSEMBLES_DIFF,ldb_d8,"ld B,(0x288e)",3
UNI_ASSEMBLES_DIFF,ldb_d8,"ld B,(0x345f)",3
UNI_ASSEMBLES_DIFF,ldb_d8,"ld B,(0x7ee3)",3
UNI_ASSEMBLES_DIFF,ldb_d8,"ld B,(0xfc63)",3
UNI_ASSEMBLES_DIFF,ldw_d16,"ld BC,(0x0650)",3
UNI_ASSEMBLES_DIFF,ldw_d16,"ld BC,(0x0c9a)",3
UNI_ASSEMBLES_DIFF,ldw_d16,"ld BC,(0x0c9c)",3
UNI_ASSEMBLES_DIFF,ldw_d16,"ld BC,(0x0ca0)",3
UNI_ASSEMBLES_DIFF,ldw_d16,"ld BC,(0x0ce3)",3
UNI_ASSEMBLES_DIFF,ldw_d16,"ld BC,(0x0f66)",3
UNI_ASSEMBLES_DIFF,ldw_d16,"ld BC,(0x0f6a)",3
UNI_ASSEMBLES_DIFF,ldw_d16,"ld BC,(0x1073)",3
UNI_ASSEMBLES_DIFF,ldw_d16,"ld BC,(0x113c)",3
UNI_ASSEMBLES_DIFF,ldw_d16,"ld BC,(0x1bd0)",3
UNI_ASSEMBLES_DIFF,ldw_d16,"ld BC,(0x1c1c)",3
UNI_ASSEMBLES_DIFF,ldw_d16,"ld BC,(0x220f)",3
UNI_ASSEMBLES_DIFF,ldw_d16,"ld BC,(0x2210)",3
UNI_ASSEMBLES_DIFF,ldw_d16,"ld BC,(0x2328)",3
UNI_ASSEMBLES_DIFF,ldw_d16,"ld BC,(0x232e)",3
UNI_ASSEMBLES_DIFF,ldw_d16,"ld BC,(0x251c)",3
UNI_ASSEMBLES_DIFF,ldw_d16,"ld BC,(0x2520)",3
UNI_ASSEMBLES_DIFF,ldw_d16,"ld BC,(0x2590)",3
UNI_ASSEMBLES_DIFF,ldw_d16,"ld BC,(0x2596)",3
UNI_ASSEMBLES_DIFF,ldw_d16,"ld BC,(0x259a)",3
UNI_ASSEMBLES_DIFF,ldw_d16,"ld BC,(0x25a4)",3
UNI_ASSEMBLES_DIFF,ldw_d16,"ld BC,(0x25b0)",3
UNI_ASSEMBLES_DIFF,ldw_d16,"ld BC,(0x25b4)",3
UNI_ASSEMBLES_DIFF,ldw_d16,"ld BC,(0x25b6)",3
UNI_ASSEMBLES_DIFF,ldw_d16,"ld BC,(0x25de)",3
UNI_ASSEMBLES_DIFF,ldw_d16,"ld BC,(0x25e8)",3
UNI_ASSEMBLES_DIFF,ldw_d16,"ld BC,(0x2632)",3
UNI_ASSEMBLES_DIFF,ldw_d16,"ld BC,(0x265e)",3
UNI_ASSEMBLES_DIFF,ldw_d16,"ld BC,(0x26c0)",3
UNI_ASSEMBLES_DIFF,ldw_d16,"ld BC,(0x26fa)",3
UNI_ASSEMBLES_DIFF,ldw_d16,"ld BC,(0x26fd)",3
UNI_ASSEMBLES_DIFF,ldw_d16,"ld BC,(0x2724)",3
UNI_ASSEMBLES_DIFF,ldw_d16,"ld BC,(0x2744)",3
UNI_ASSEMBLES_DIFF,ldw_d16,"ld BC,(0x27b2)",3
UNI_ASSEMBLES_DIFF,ldw_d16,"ld BC,(0x27ea)",3
UNI_ASSEMBLES_DIFF,ldw_d16,"ld BC,(0x2814)",3
UNI_ASSEMBLES_DIFF,ldw_d16,"ld BC,(0x2885)",3
UNI_ASSEMBLES_DIFF,ldw_d16,"ld BC,(0x2887)",3
UNI_ASSEMBLES_DIFF,ldw_d16,"ld BC,(0x288b)",3
UNI_ASSEMBLES_DIFF,ldw_d16,"ld BC,(0x28b6)",3
UNI_ASSEMBLES_DIFF,ldw_d16,"ld BC,(0x28cc)",3
UNI_ASSEMBLES_DIFF,ldw_d16,"ld BC,(0x29f2)",3
UNI_ASSEMBLES_DIFF,ldw_d16,"ld BC,(0x29f6)",3
UNI_ASSEMBLES_DIFF,ldw_d16,"ld BC,(0x36c6)",3
UNI_ASSEMBLES_DIFF,ldw_d16,"ld BC,(0x36c8)",3
UNI_ASSEMBLES_DIFF,ldw_d16,"ld BC,(0x4c04)",3
UNI_ASSEMBLES_DIFF,ldw_d16,"ld BC,(0x8118)",3
UNI_ASSEMBLES_DIFF,ldw_d16,"ld BC,(0x9046)",3
UNI_ASSEMBLES_DIFF,ldb_d8,"ld C,(0x05e4)",3
UNI_ASSEMBLES_DIFF,ldb_d8,"ld C,(0x0654)",3
UNI_ASSEMBLES_DIFF,ldb_d8,"ld C,(0x065d)",3
UNI_ASSEMBLES_DIFF,ldb_d8,"ld C,(0x0660)",3
UNI_ASSEMBLES_DIFF,ldb_d8,"ld C,(0x0695)",3
UNI_ASSEMBLES_DIFF,ldb_d8,"ld C,(0x0c4e)",3
UNI_ASSEMBLES_DIFF,ldb_d8,"ld C,(0x0c71)",3
UNI_ASSEMBLES_DIFF,ldb_d8,"ld C,(0x0ce5)",3
UNI_ASSEMBLES_DIFF,ld_sd8b,"ld C,(0x0d)",3
UNI_ASSEMBLES_DIFF,ldb_d8,"ld C,(0x0d5c)",3
UNI_ASSEMBLES_DIFF,ldb_d8,"ld C,(0x0dcd)",3
UNI_ASSEMBLES_DIFF,ldb_d8,"ld C,(0x0de7)",3
UNI_ASSEMBLES_DIFF,ldb_d8,"ld C,(0x0df8)",3
UNI_ASSEMBLES_DIFF,ldb_d8,"ld C,(0x0e0d)",3
UNI_ASSEMBLES_DIFF,ldb_d8,"ld C,(0x0e53)",3
UNI_ASSEMBLES_DIFF,ldb_d8,"ld C,(0x0e54)",3
UNI_ASSEMBLES_DIFF,ldb_d8,"ld C,(0x0f55)",3
UNI_ASSEMBLES_DIFF,ldb_d8,"ld C,(0x1070)",3
UNI_ASSEMBLES_DIFF,ldb_d8,"ld C,(0x1087)",3
UNI_ASSEMBLES_DIFF,ldb_d8,"ld C,(0x113e)",3
UNI_ASSEMBLES_DIFF,ldb_d8,"ld C,(0x11bc)",3
UNI_ASSEMBLES_DIFF,ldb_d8,"ld C,(0x13f9)",3
UNI_ASSEMBLES_DIFF,ldb_d8,"ld C,(0x207d)",3
UNI_ASSEMBLES_DIFF,ldb_d8,"ld C,(0x2169)",3
UNI_ASSEMBLES_DIFF,ldb_d8,"ld C,(0x21c8)",3
UNI_ASSEMBLES_DIFF,ldb_d8,"ld C,(0x222d)",3
UNI_ASSEMBLES_DIFF,ldb_d8,"ld C,(0x2267)",3
UNI_ASSEMBLES_DIFF,ldb_d8,"ld C,(0x2300)",3
UNI_ASSEMBLES_DIFF,ldb_d8,"ld C,(0x231e)",3
UNI_ASSEMBLES_DIFF,ldb_d8,"ld C,(0x2333)",3
UNI_ASSEMBLES_DIFF,ldb_d8,"ld C,(0x2592)",3
UNI_ASSEMBLES_DIFF,ldb_d8,"ld C,(0x25ae)",3
UNI_ASSEMBLES_DIFF,ldb_d8,"ld C,(0x25b2)",3
UNI_ASSEMBLES_DIFF,ldb_d8,"ld C,(0x25d6)",3
UNI_ASSEMBLES_DIFF,ldb_d8,"ld C,(0x2600)",3
UNI_ASSEMBLES_DIFF,ldb_d8,"ld C,(0x2622)",3
UNI_ASSEMBLES_DIFF,ldb_d8,"ld C,(0x263a)",3
UNI_ASSEMBLES_DIFF,ldb_d8,"ld C,(0x269a)",3
UNI_ASSEMBLES_DIFF,ldb_d8,"ld C,(0x26f3)",3
UNI_ASSEMBLES_DIFF,ldb_d8,"ld C,(0x2704)",3
UNI_ASSEMBLES_DIFF,ldb_d8,"ld C,(0x2720)",3
UNI_ASSEMBLES_DIFF,ldb_d8,"ld C,(0x272c)",3
UNI_ASSEMBLES_DIFF,ldb_d8,"ld C,(0x2767)",3
UNI_ASSEMBLES_DIFF,ldb_d8,"ld C,(0x2769)",3
UNI_ASSEMBLES_DIFF,ldb_d8,"ld C,(0x2792)",3
UNI_ASSEMBLES_DIFF,ldb_d8,"ld C,(0x286b)",3
UNI_ASSEMBLES_DIFF,ldb_d8,"ld C,(0x288d)",3
UNI_ASSEMBLES_DIFF,ldb_d8,"ld C,(0x288e)",3
UNI_ASSEMBLES_DIFF,ldb_d8,"ld C,(0x28b2)",3
UNI_ASSEMBLES_DIFF,ldb_d8,"ld C,(0x28c5)",3
UNI_ASSEMBLES_DIFF,ldb_d8,"ld C,(0x2962)",3
UNI_ASSEMBLES_DIFF,ldb_d8,"ld C,(0x296e)",3
UNI_ASSEMBLES_DIFF,ldb_d8,"ld C,(0x343d)",3
UNI_ASSEMBLES_DIFF,ldb_d8,"ld C,(0x36a2)",3
UNI_ASSEMBLES_DIFF,ldb_d8,"ld C,(0x36d6)",3
UNI_ASSEMBLES_DIFF,ldb_d8,"ld C,(0x36ff)",3
UNI_ASSEMBLES_DIFF,ld_sd8b,"ld C,(0x40)",3
UNI_ASSEMBLES_DIFF,ldb_d8,"ld C,(0x4a48)",3
UNI_ASSEMBLES_DIFF,ldb_d8,"ld C,(0x76a2)",3
UNI_ASSEMBLES_DIFF,ldb_d8,"ld C,(0x7ee4)",3
UNI_ASSEMBLES_DIFF,ldb_d8,"ld C,(0x7f02)",3
UNI_ASSEMBLES_DIFF,ldb_d8,"ld C,(0x8966)",3
UNI_ASSEMBLES_DIFF,ldb_d8,"ld C,(0xfc26)",3
UNI_ASSEMBLES_DIFF,ldb_d8,"ld C,(0xfc5d)",3
UNI_ASSEMBLES_DIFF,ldb_d8,"ld C,(0xfc60)",3
UNI_ASSEMBLES_DIFF,ldb_d8,"ld D,(0x0437)",3
UNI_ASSEMBLES_DIFF,ldb_d8,"ld D,(0x10c5)",3
UNI_ASSEMBLES_DIFF,ldb_d8,"ld D,(0xfc64)",3
UNI_ASSEMBLES_DIFF,ldw_d16,"ld DE,(0x0cdc)",3
UNI_ASSEMBLES_DIFF,ldw_d16,"ld DE,(0x0da6)",3
UNI_ASSEMBLES_DIFF,ldw_d16,"ld DE,(0x0f66)",3
UNI_ASSEMBLES_DIFF,ldw_d16,"ld DE,(0x10e5)",3
UNI_ASSEMBLES_DIFF,ldw_d16,"ld DE,(0x11d0)",3
UNI_ASSEMBLES_DIFF,ldw_d16,"ld DE,(0x1246)",3
UNI_ASSEMBLES_DIFF,ldw_d16,"ld DE,(0x1bd0)",3
UNI_ASSEMBLES_DIFF,ldw_d16,"ld DE,(0x1c1c)",3
UNI_ASSEMBLES_DIFF,ldw_d16,"ld DE,(0x2590)",3
UNI_ASSEMBLES_DIFF,ldw_d16,"ld DE,(0x25a8)",3
UNI_ASSEMBLES_DIFF,ldw_d16,"ld DE,(0x25ce)",3
UNI_ASSEMBLES_DIFF,ldw_d16,"ld DE,(0x2686)",3
UNI_ASSEMBLES_DIFF,ldw_d16,"ld DE,(0x2744)",3
UNI_ASSEMBLES_DIFF,ldw_d16,"ld DE,(0x2792)",3
UNI_ASSEMBLES_DIFF,ldw_d16,"ld DE,(0x2834)",3
UNI_ASSEMBLES_DIFF,ldw_d16,"ld DE,(0x2836)",3
UNI_ASSEMBLES_DIFF,ldw_d16,"ld DE,(0x28b4)",3
UNI_ASSEMBLES_DIFF,ldw_d16,"ld DE,(0x349a)",3
UNI_ASSEMBLES_DIFF,ldw_d16,"ld DE,(0x349c)",3
UNI_ASSEMBLES_DIFF,ldw_d16,"ld DE,(0x3552)",3
UNI_ASSEMBLES_DIFF,ldw_d16,"ld DE,(0xf1ce)",3
UNI_ASSEMBLES_DIFF,ldw_d16,"ld DE,(0xf251)",3
UNI_ASSEMBLES_DIFF,ldb_d8,"ld E,(0x0420)",3
UNI_ASSEMBLES_DIFF,ldb_d8,"ld E,(0x0436)",3
UNI_ASSEMBLES_DIFF,ldb_d8,"ld E,(0x0654)",3
UNI_ASSEMBLES_DIFF,ldb_d8,"ld E,(0x0d65)",3
UNI_ASSEMBLES_DIFF,ldb_d8,"ld E,(0x0dd5)",3
UNI_ASSEMBLES_DIFF,ldb_d8,"ld E,(0x0e52)",3
UNI_ASSEMBLES_DIFF,ldb_d8,"ld E,(0x0eee)",3
UNI_ASSEMBLES_DIFF,ldb_d8,"ld E,(0x119a)",3
UNI_ASSEMBLES_DIFF,ldb_d8,"ld E,(0x1941)",3
UNI_ASSEMBLES_DIFF,ldb_d8,"ld E,(0x231a)",3
UNI_ASSEMBLES_DIFF,ldb_d8,"ld E,(0x2322)",3
UNI_ASSEMBLES_DIFF,ldb_d8,"ld E,(0x2324)",3
UNI_ASSEMBLES_DIFF,ldb_d8,"ld E,(0x25b2)",3
UNI_ASSEMBLES_DIFF,ldb_d8,"ld E,(0x25c6)",3
UNI_ASSEMBLES_DIFF,ldb_d8,"ld E,(0x2622)",3
UNI_ASSEMBLES_DIFF,ldb_d8,"ld E,(0x263a)",3
UNI_ASSEMBLES_DIFF,ldb_d8,"ld E,(0x2652)",3
UNI_ASSEMBLES_DIFF,ldb_d8,"ld E,(0x27a2)",3
UNI_ASSEMBLES_DIFF,ldb_d8,"ld E,(0x27d2)",3
UNI_ASSEMBLES_DIFF,ldb_d8,"ld E,(0x27dc)",3
UNI_ASSEMBLES_DIFF,ldb_d8,"ld E,(0x2873)",3
UNI_ASSEMBLES_DIFF,ldb_d8,"ld E,(0x287b)",3
UNI_ASSEMBLES_DIFF,ldb_d8,"ld E,(0x288d)",3
UNI_ASSEMBLES_DIFF,ldb_d8,"ld E,(0x28ae)",3
UNI_ASSEMBLES_DIFF,ldb_d8,"ld E,(0x28cb)",3
UNI_ASSEMBLES_DIFF,ldb_d8,"ld E,(0x33e8)",3
UNI_ASSEMBLES_DIFF,ldb_d8,"ld E,(0x3431)",3
UNI_ASSEMBLES_DIFF,ldb_d8,"ld E,(0x8c9c)",3
UNI_ASSEMBLES_DIFF,ldb_d8,"ld E,(0x9599)",3
UNI_ASSEMBLES_DIFF,ldb_d8,"ld E,(0xf22e)",3
UNI_ASSEMBLES_DIFF,ldb_d8,"ld E,(0xfc5d)",3
UNI_ASSEMBLES_DIFF,ldb_d8,"ld E,(0xfc6f)",3
UNI_ASSEMBLES_DIFF,ldb_d8,"ld E,(0xfc74)",3
UNI_ASSEMBLES_DIFF,ldb_d8,"ld H,(0x0d57)",3
UNI_ASSEMBLES_DIFF,ldb_d8,"ld H,(0x0f6f)",3
UNI_ASSEMBLES_DIFF,ldb_d8,"ld H,(0x11bc)",3
UNI_ASSEMBLES_DIFF,ldb_d8,"ld H,(0x11be)",3
UNI_ASSEMBLES_DIFF,ldb_d8,"ld H,(0x20b8)",3
UNI_ASSEMBLES_DIFF,ldb_d8,"ld H,(0x27a7)",3
UNI_ASSEMBLES_DIFF,ldb_d8,"ld H,(0x7f03)",3
UNI_ASSEMBLES_DIFF,ldb_d8,"ld H,(0x7f39)",3
UNI_ASSEMBLES_DIFF,ldw_d16,"ld HL,(0x0404)",3
UNI_ASSEMBLES_DIFF,ldw_d16,"ld HL,(0x0468)",3
UNI_ASSEMBLES_DIFF,ldw_d16,"ld HL,(0x05c3)",3
UNI_ASSEMBLES_DIFF,ldw_d16,"ld HL,(0x0c61)",3
UNI_ASSEMBLES_DIFF,ldw_d16,"ld HL,(0x0cd8)",3
UNI_ASSEMBLES_DIFF,ldw_d16,"ld HL,(0x0d58)",3
UNI_ASSEMBLES_DIFF,ldw_d16,"ld HL,(0x0da6)",3
UNI_ASSEMBLES_DIFF,ldw_d16,"ld HL,(0x0dbe)",3
UNI_ASSEMBLES_DIFF,ldw_d16,"ld HL,(0x1075)",3
UNI_ASSEMBLES_DIFF,ldw_d16,"ld HL,(0x108d)",3
UNI_ASSEMBLES_DIFF,ldw_d16,"ld HL,(0x119a)",3
UNI_ASSEMBLES_DIFF,ldw_d16,"ld HL,(0x22fa)",3
UNI_ASSEMBLES_DIFF,ldw_d16,"ld HL,(0x2522)",3
UNI_ASSEMBLES_DIFF,ldw_d16,"ld HL,(0x25c4)",3
UNI_ASSEMBLES_DIFF,ldw_d16,"ld HL,(0x2782)",3
UNI_ASSEMBLES_DIFF,ldw_d16,"ld HL,(0x2784)",3
UNI_ASSEMBLES_DIFF,ldw_d16,"ld HL,(0x2792)",3
UNI_ASSEMBLES_DIFF,ldw_d16,"ld HL,(0x27b2)",3
UNI_ASSEMBLES_DIFF,ldw_d16,"ld HL,(0x27b4)",3
UNI_ASSEMBLES_DIFF,ldw_d16,"ld HL,(0x27b6)",3
UNI_ASSEMBLES_DIFF,ldw_d16,"ld HL,(0x27b8)",3
UNI_ASSEMBLES_DIFF,ldw_d16,"ld HL,(0x286d)",3
UNI_ASSEMBLES_DIFF,ldw_d16,"ld HL,(0x2895)",3
UNI_ASSEMBLES_DIFF,ldw_d16,"ld HL,(0x3608)",3
UNI_ASSEMBLES_DIFF,ldw_d16,"ld HL,(0x360e)",3
UNI_ASSEMBLES_DIFF,ldw_d16,"ld HL,(0x38d4)",3
UNI_ASSEMBLES_DIFF,ldw_d16,"ld HL,(0x38da)",3
UNI_ASSEMBLES_DIFF,ldw_d16,"ld HL,(0x7e74)",3
UNI_ASSEMBLES_DIFF,ldw_d16,"ld IX,(0x2330)",3
UNI_ASSEMBLES_DIFF,ldw_d16,"ld IX,(0x2590)",3
UNI_ASSEMBLES_DIFF,ldw_d16,"ld IX,(0x2666)",3
UNI_ASSEMBLES_DIFF,ldw_d16,"ld IX,(0x28c1)",3
UNI_ASSEMBLES_DIFF,ldw_d16,"ld IX,(0x33ad)",3
UNI_ASSEMBLES_DIFF,ldw_d16,"ld IX,(0x3c68)",3
UNI_ASSEMBLES_DIFF,ldw_d16,"ld IY,(0x041c)",3
UNI_ASSEMBLES_DIFF,ldw_d16,"ld IY,(0x0487)",3
UNI_ASSEMBLES_DIFF,ldw_d16,"ld IY,(0x0cba)",3
UNI_ASSEMBLES_DIFF,ldw_d16,"ld IY,(0x0da4)",3
UNI_ASSEMBLES_DIFF,ldw_d16,"ld IY,(0x2520)",3
UNI_ASSEMBLES_DIFF,ldw_d16,"ld IY,(0x286d)",3
UNI_ASSEMBLES_DIFF,ldw_d16,"ld IY,(0x2877)",3
UNI_ASSEMBLES_DIFF,ldw_d16,"ld IY,(0x289b)",3
UNI_ASSEMBLES_DIFF,ldw_d16,"ld IY,(0xf22f)",3
UNI_ASSEMBLES_DIFF,ldw_d16,"ld IZ,(0x251e)",3
UNI_ASSEMBLES_DIFF,ldw_d16,"ld IZ,(0x27d8)",3
UNI_ASSEMBLES_DIFF,ldw_d16,"ld IZ,(0x28a8)",3
UNI_ASSEMBLES_DIFF,ldw_d16,"ld IZ,(0x3008)",3
UNI_ASSEMBLES_DIFF,ldw_d16,"ld IZ,(0x300a)",3
UNI_ASSEMBLES_DIFF,ldw_d16,"ld IZ,(0xf290)",3
UNI_ASSEMBLES_DIFF,ldb_d8,"ld L,(0x0402)",3
UNI_ASSEMBLES_DIFF,ldb_d8,"ld L,(0x0408)",3
UNI_ASSEMBLES_DIFF,ldb_d8,"ld L,(0x0416)",3
UNI_ASSEMBLES_DIFF,ldb_d8,"ld L,(0x042d)",3
UNI_ASSEMBLES_DIFF,ldb_d8,"ld L,(0x0462)",3
UNI_ASSEMBLES_DIFF,ldb_d8,"ld L,(0x046d)",3
UNI_ASSEMBLES_DIFF,ldb_d8,"ld L,(0x0694)",3
UNI_ASSEMBLES_DIFF,ldb_d8,"ld L,(0x0c06)",3
UNI_ASSEMBLES_DIFF,ldb_d8,"ld L,(0x0c68)",3
UNI_ASSEMBLES_DIFF,ldb_d8,"ld L,(0x0c83)",3
UNI_ASSEMBLES_DIFF,ldb_d8,"ld L,(0x0d3f)",3
UNI_ASSEMBLES_DIFF,ldb_d8,"ld L,(0x0d5d)",3
UNI_ASSEMBLES_DIFF,ldb_d8,"ld L,(0x0d61)",3
UNI_ASSEMBLES_DIFF,ldb_d8,"ld L,(0x0d6d)",3
UNI_ASSEMBLES_DIFF,ldb_d8,"ld L,(0x0d6e)",3
UNI_ASSEMBLES_DIFF,ldb_d8,"ld L,(0x0d9e)",3
UNI_ASSEMBLES_DIFF,ldb_d8,"ld L,(0x0dcd)",3
UNI_ASSEMBLES_DIFF,ldb_d8,"ld L,(0x0dce)",3
UNI_ASSEMBLES_DIFF,ldb_d8,"ld L,(0x0dd4)",3
UNI_ASSEMBLES_DIFF,ldb_d8,"ld L,(0x0def)",3
UNI_ASSEMBLES_DIFF,ldb_d8,"ld L,(0x0e0c)",3
UNI_ASSEMBLES_DIFF,ldb_d8,"ld L,(0x0eb9)",3
UNI_ASSEMBLES_DIFF,ldb_d8,"ld L,(0x0eba)",3
UNI_ASSEMBLES_DIFF,ldb_d8,"ld L,(0x0f6c)",3
UNI_ASSEMBLES_DIFF,ldb_d8,"ld L,(0x1078)",3
UNI_ASSEMBLES_DIFF,ldb_d8,"ld L,(0x10ec)",3
UNI_ASSEMBLES_DIFF,ldb_d8,"ld L,(0x1107)",3
UNI_ASSEMBLES_DIFF,ldb_d8,"ld L,(0x111c)",3
UNI_ASSEMBLES_DIFF,ldb_d8,"ld L,(0x1155)",3
UNI_ASSEMBLES_DIFF,ldb_d8,"ld L,(0x11bd)",3
UNI_ASSEMBLES_DIFF,ldb_d8,"ld L,(0x124e)",3
UNI_ASSEMBLES_DIFF,ldb_d8,"ld L,(0x129b)",3
UNI_ASSEMBLES_DIFF,ldb_d8,"ld L,(0x1350)",3
UNI_ASSEMBLES_DIFF,ldb_d8,"ld L,(0x207c)",3
UNI_ASSEMBLES_DIFF,ldb_d8,"ld L,(0x222d)",3
UNI_ASSEMBLES_DIFF,ldb_d8,"ld L,(0x25fe)",3
UNI_ASSEMBLES_DIFF,ldb_d8,"ld L,(0x2638)",3
UNI_ASSEMBLES_DIFF,ldb_d8,"ld L,(0x2640)",3
UNI_ASSEMBLES_DIFF,ldb_d8,"ld L,(0x2720)",3
UNI_ASSEMBLES_DIFF,ldb_d8,"ld L,(0x2774)",3
UNI_ASSEMBLES_DIFF,ldb_d8,"ld L,(0x2788)",3
UNI_ASSEMBLES_DIFF,ldb_d8,"ld L,(0x2798)",3
UNI_ASSEMBLES_DIFF,ldb_d8,"ld L,(0x279e)",3
UNI_ASSEMBLES_DIFF,ldb_d8,"ld L,(0x2873)",3
UNI_ASSEMBLES_DIFF,ldb_d8,"ld L,(0x2878)",3
UNI_ASSEMBLES_DIFF,ldb_d8,"ld L,(0x28be)",3
UNI_ASSEMBLES_DIFF,ldb_d8,"ld L,(0x296e)",3
UNI_ASSEMBLES_DIFF,ldb_d8,"ld L,(0x29aa)",3
UNI_ASSEMBLES_DIFF,ldb_d8,"ld L,(0x33dd)",3
UNI_ASSEMBLES_DIFF,ldb_d8,"ld L,(0x3451)",3
UNI_ASSEMBLES_DIFF,ldb_d8,"ld L,(0x3678)",3
UNI_ASSEMBLES_DIFF,ldb_d8,"ld L,(0x3679)",3
UNI_ASSEMBLES_DIFF,ldb_d8,"ld L,(0x3910)",3
UNI_ASSEMBLES_DIFF,ldb_d8,"ld L,(0x7ee2)",3
UNI_ASSEMBLES_DIFF,ldb_d8,"ld L,(0x911c)",3
UNI_ASSEMBLES_DIFF,ldb_d8,"ld L,(0xf9c3)",3
UNI_ASSEMBLES_DIFF,ldb_d8,"ld L,(0xf9f7)",3
UNI_ASSEMBLES_DIFF,ldb_d8,"ld L,(0xfc5d)",3
UNI_ASSEMBLES_DIFF,ldb_d8,"ld L,(0xfc62)",3
UNI_ASSEMBLES_DIFF,ldb_d8,"ld L,(0xfd02)",3
UNI_ASSEMBLES_DIFF,ldb_d8,"ld L,(0xfd03)",3
UNI_ASSEMBLES_DIFF,ldb_d8,"ld L,(0xfd12)",3
UNI_ASSEMBLES_DIFF,ldb_d8,"ld L,(0xfd52)",3
UNI_ASSEMBLES_DIFF,ldb_d8,"ld L,(0xfdad)",3
UNI_ASSEMBLES_DIFF,ldb_d8,"ld W,(0x0426)",3
UNI_ASSEMBLES_DIFF,ldb_d8,"ld W,(0x0434)",3
UNI_ASSEMBLES_DIFF,ldb_d8,"ld W,(0x0462)",3
UNI_ASSEMBLES_DIFF,ldb_d8,"ld W,(0x046d)",3
UNI_ASSEMBLES_DIFF,ldb_d8,"ld W,(0x0aaf)",3
UNI_ASSEMBLES_DIFF,ldb_d8,"ld W,(0x0d56)",3
UNI_ASSEMBLES_DIFF,ldb_d8,"ld W,(0x0d5c)",3
UNI_ASSEMBLES_DIFF,ldb_d8,"ld W,(0x0d5d)",3
UNI_ASSEMBLES_DIFF,ldb_d8,"ld W,(0x0df1)",3
UNI_ASSEMBLES_DIFF,ldb_d8,"ld W,(0x0eb5)",3
UNI_ASSEMBLES_DIFF,ldb_d8,"ld W,(0x0eee)",3
UNI_ASSEMBLES_DIFF,ldb_d8,"ld W,(0x1076)",3
UNI_ASSEMBLES_DIFF,ldb_d8,"ld W,(0x1077)",3
UNI_ASSEMBLES_DIFF,ldb_d8,"ld W,(0x10c6)",3
UNI_ASSEMBLES_DIFF,ldb_d8,"ld W,(0x1135)",3
UNI_ASSEMBLES_DIFF,ldb_d8,"ld W,(0x1144)",3
UNI_ASSEMBLES_DIFF,ldb_d8,"ld W,(0x1198)",3
UNI_ASSEMBLES_DIFF,ldb_d8,"ld W,(0x119c)",3
UNI_ASSEMBLES_DIFF,ldb_d8,"ld W,(0x125a)",3
UNI_ASSEMBLES_DIFF,ldb_d8,"ld W,(0x207c)",3
UNI_ASSEMBLES_DIFF,ldb_d8,"ld W,(0x2243)",3
UNI_ASSEMBLES_DIFF,ldb_d8,"ld W,(0x2250)",3
UNI_ASSEMBLES_DIFF,ldb_d8,"ld W,(0x2682)",3
UNI_ASSEMBLES_DIFF,ldb_d8,"ld W,(0x27de)",3
UNI_ASSEMBLES_DIFF,ldb_d8,"ld W,(0x3215)",3
UNI_ASSEMBLES_DIFF,ldb_d8,"ld W,(0x321f)",3
UNI_ASSEMBLES_DIFF,ldb_d8,"ld W,(0x3452)",3
UNI_ASSEMBLES_DIFF,ldb_d8,"ld W,(0x7db9)",3
UNI_ASSEMBLES_DIFF,ldb_d8,"ld W,(0xf9dd)",3
UNI_ASSEMBLES_DIFF,ldb_d8,"ld W,(0xfa11)",3
UNI_ASSEMBLES_DIFF,ldb_d8,"ld W,(0xfa45)",3
UNI_ASSEMBLES_DIFF,ldb_d8,"ld W,(0xfa79)",3
UNI_ASSEMBLES_DIFF,ldb_d8,"ld W,(0xfaad)",3
UNI_ASSEMBLES_DIFF,ldb_d8,"ld W,(0xfae1)",3
UNI_ASSEMBLES_DIFF,ldb_d8,"ld W,(0xfb15)",3
UNI_ASSEMBLES_DIFF,ldb_d8,"ld W,(0xfb49)",3
UNI_ASSEMBLES_DIFF,ldb_d8,"ld W,(0xfb7d)",3
UNI_ASSEMBLES_DIFF,ldb_d8,"ld W,(0xfbb1)",3
UNI_ASSEMBLES_DIFF,ldb_d8,"ld W,(0xfbe5)",3
UNI_ASSEMBLES_DIFF,ldb_d8,"ld W,(0xfc19)",3
UNI_ASSEMBLES_DIFF,ldb_d8,"ld W,(0xfc5b)",3
UNI_ASSEMBLES_DIFF,ldb_d8,"ld W,(0xfc5f)",3
UNI_ASSEMBLES_DIFF,ldb_d8,"ld W,(0xfc60)",3
UNI_ASSEMBLES_DIFF,ldw_d16,"ld WA,(0x040f)",3
UNI_ASSEMBLES_DIFF,ldw_d16,"ld WA,(0x0415)",3
UNI_ASSEMBLES_DIFF,ldw_d16,"ld WA,(0x0460)",3
UNI_ASSEMBLES_DIFF,ldw_d16,"ld WA,(0x0468)",3
UNI_ASSEMBLES_DIFF,ldw_d16,"ld WA,(0x0470)",3
UNI_ASSEMBLES_DIFF,ldw_d16,"ld WA,(0x05de)",3
UNI_ASSEMBLES_DIFF,ldw_d16,"ld WA,(0x064e)",3
UNI_ASSEMBLES_DIFF,ldw_d16,"ld WA,(0x0700)",3
UNI_ASSEMBLES_DIFF,ldw_d16,"ld WA,(0x0c4a)",3
UNI_ASSEMBLES_DIFF,ldw_d16,"ld WA,(0x0c76)",3
UNI_ASSEMBLES_DIFF,ldw_d16,"ld WA,(0x0c96)",3
UNI_ASSEMBLES_DIFF,ldw_d16,"ld WA,(0x0c98)",3
UNI_ASSEMBLES_DIFF,ldw_d16,"ld WA,(0x0cbe)",3
UNI_ASSEMBLES_DIFF,ldw_d16,"ld WA,(0x0cda)",3
UNI_ASSEMBLES_DIFF,ldw_d16,"ld WA,(0x0d0a)",3
UNI_ASSEMBLES_DIFF,ldw_d16,"ld WA,(0x0d38)",3
UNI_ASSEMBLES_DIFF,ldw_d16,"ld WA,(0x0da4)",3
UNI_ASSEMBLES_DIFF,ldw_d16,"ld WA,(0x0df0)",3
UNI_ASSEMBLES_DIFF,ldw_d16,"ld WA,(0x0df8)",3
UNI_ASSEMBLES_DIFF,ldw_d16,"ld WA,(0x0e2b)",3
UNI_ASSEMBLES_DIFF,ldw_d16,"ld WA,(0x0e2d)",3
UNI_ASSEMBLES_DIFF,ldw_d16,"ld WA,(0x0e50)",3
UNI_ASSEMBLES_DIFF,ldw_d16,"ld WA,(0x0ee8)",3
UNI_ASSEMBLES_DIFF,ldw_d16,"ld WA,(0x0ef2)",3
UNI_ASSEMBLES_DIFF,ldw_d16,"ld WA,(0x0f66)",3
UNI_ASSEMBLES_DIFF,ldw_d16,"ld WA,(0x0fa2)",3
UNI_ASSEMBLES_DIFF,ldw_d16,"ld WA,(0x0fa4)",3
UNI_ASSEMBLES_DIFF,ldw_d16,"ld WA,(0x1086)",3
UNI_ASSEMBLES_DIFF,ldw_d16,"ld WA,(0x108d)",3
UNI_ASSEMBLES_DIFF,ldw_d16,"ld WA,(0x10ed)",3
UNI_ASSEMBLES_DIFF,ldw_d16,"ld WA,(0x10fb)",3
UNI_ASSEMBLES_DIFF,ldw_d16,"ld WA,(0x1108)",3
UNI_ASSEMBLES_DIFF,ldw_d16,"ld WA,(0x1181)",3
UNI_ASSEMBLES_DIFF,ldw_d16,"ld WA,(0x1182)",3
UNI_ASSEMBLES_DIFF,ldw_d16,"ld WA,(0x1198)",3
UNI_ASSEMBLES_DIFF,ldw_d16,"ld WA,(0x1c1c)",3
UNI_ASSEMBLES_DIFF,ldw_d16,"ld WA,(0x1d78)",3
UNI_ASSEMBLES_DIFF,ldw_d16,"ld WA,(0x20b9)",3
UNI_ASSEMBLES_DIFF,ldw_d16,"ld WA,(0x2314)",3
UNI_ASSEMBLES_DIFF,ldw_d16,"ld WA,(0x232e)",3
UNI_ASSEMBLES_DIFF,ldw_d16,"ld WA,(0x2334)",3
UNI_ASSEMBLES_DIFF,ldw_d16,"ld WA,(0x23bc)",3
UNI_ASSEMBLES_DIFF,ldw_d16,"ld WA,(0x2596)",3
UNI_ASSEMBLES_DIFF,ldw_d16,"ld WA,(0x2598)",3
UNI_ASSEMBLES_DIFF,ldw_d16,"ld WA,(0x259a)",3
UNI_ASSEMBLES_DIFF,ldw_d16,"ld WA,(0x25b4)",3
UNI_ASSEMBLES_DIFF,ldw_d16,"ld WA,(0x25b8)",3
UNI_ASSEMBLES_DIFF,ldw_d16,"ld WA,(0x25d4)",3
UNI_ASSEMBLES_DIFF,ldw_d16,"ld WA,(0x25e8)",3
UNI_ASSEMBLES_DIFF,ldw_d16,"ld WA,(0x25fa)",3
UNI_ASSEMBLES_DIFF,ldw_d16,"ld WA,(0x25fc)",3
UNI_ASSEMBLES_DIFF,ldw_d16,"ld WA,(0x2606)",3
UNI_ASSEMBLES_DIFF,ldw_d16,"ld WA,(0x2608)",3
UNI_ASSEMBLES_DIFF,ldw_d16,"ld WA,(0x2610)",3
UNI_ASSEMBLES_DIFF,ldw_d16,"ld WA,(0x2612)",3
UNI_ASSEMBLES_DIFF,ldw_d16,"ld WA,(0x261e)",3
UNI_ASSEMBLES_DIFF,ldw_d16,"ld WA,(0x2620)",3
UNI_ASSEMBLES_DIFF,ldw_d16,"ld WA,(0x2662)",3
UNI_ASSEMBLES_DIFF,ldw_d16,"ld WA,(0x26a6)",3
UNI_ASSEMBLES_DIFF,ldw_d16,"ld WA,(0x26aa)",3
UNI_ASSEMBLES_DIFF,ldw_d16,"ld WA,(0x26b8)",3
UNI_ASSEMBLES_DIFF,ldw_d16,"ld WA,(0x26ca)",3
UNI_ASSEMBLES_DIFF,ldw_d16,"ld WA,(0x2706)",3
UNI_ASSEMBLES_DIFF,ldw_d16,"ld WA,(0x2737)",3
UNI_ASSEMBLES_DIFF,ldw_d16,"ld WA,(0x2738)",3
UNI_ASSEMBLES_DIFF,ldw_d16,"ld WA,(0x2769)",3
UNI_ASSEMBLES_DIFF,ldw_d16,"ld WA,(0x276a)",3
UNI_ASSEMBLES_DIFF,ldw_d16,"ld WA,(0x27c6)",3
UNI_ASSEMBLES_DIFF,ldw_d16,"ld WA,(0x27ee)",3
UNI_ASSEMBLES_DIFF,ldw_d16,"ld WA,(0x27f6)",3
UNI_ASSEMBLES_DIFF,ldw_d16,"ld WA,(0x27fe)",3
UNI_ASSEMBLES_DIFF,ldw_d16,"ld WA,(0x2800)",3
UNI_ASSEMBLES_DIFF,ldw_d16,"ld WA,(0x28a2)",3
UNI_ASSEMBLES_DIFF,ldw_d16,"ld WA,(0x28b8)",3
UNI_ASSEMBLES_DIFF,ldw_d16,"ld WA,(0x28bc)",3
UNI_ASSEMBLES_DIFF,ldw_d16,"ld WA,(0x28c3)",3
UNI_ASSEMBLES_DIFF,ldw_d16,"ld WA,(0x2963)",3
UNI_ASSEMBLES_DIFF,ldw_d16,"ld WA,(0x2978)",3
UNI_ASSEMBLES_DIFF,ldw_d16,"ld WA,(0x297a)",3
UNI_ASSEMBLES_DIFF,ldw_d16,"ld WA,(0x297c)",3
UNI_ASSEMBLES_DIFF,ldw_d16,"ld WA,(0x297e)",3
UNI_ASSEMBLES_DIFF,ldw_d16,"ld WA,(0x2980)",3
UNI_ASSEMBLES_DIFF,ldw_d16,"ld WA,(0x2982)",3
UNI_ASSEMBLES_DIFF,ldw_d16,"ld WA,(0x2984)",3
UNI_ASSEMBLES_DIFF,ldw_d16,"ld WA,(0x2986)",3
UNI_ASSEMBLES_DIFF,ldw_d16,"ld WA,(0x34ce)",3
UNI_ASSEMBLES_DIFF,ldw_d16,"ld WA,(0x356e)",3
UNI_ASSEMBLES_DIFF,ldw_d16,"ld WA,(0x3610)",3
UNI_ASSEMBLES_DIFF,ldw_d16,"ld WA,(0x38e8)",3
UNI_ASSEMBLES_DIFF,ldw_d16,"ld WA,(0x4496)",3
UNI_ASSEMBLES_DIFF,ldw_d16,"ld WA,(0x7daa)",3
UNI_ASSEMBLES_DIFF,ldw_d16,"ld WA,(0x8118)",3
UNI_ASSEMBLES_DIFF,ldw_d16,"ld WA,(0x8468)",3
UNI_ASSEMBLES_DIFF,ldw_d16,"ld WA,(0x8cba)",3
UNI_ASSEMBLES_DIFF,ldw_d16,"ld WA,(0x8ea4)",3
UNI_ASSEMBLES_DIFF,ldw_d16,"ld WA,(0xf1f2)",3
UNI_ASSEMBLES_DIFF,ldw_d16,"ld WA,(0xf229)",3
UNI_ASSEMBLES_DIFF,ldw_d16,"ld WA,(0xfc66)",3
UNI_ASSEMBLES_DIFF,ldda32,"ld XBC,(0x043c)",3
UNI_ASSEMBLES_DIFF,ldda32,"ld XBC,(0x0c7a)",3
UNI_ASSEMBLES_DIFF,ldda32,"ld XBC,(0x0c7e)",3
UNI_ASSEMBLES_DIFF,ldda32,"ld XBC,(0x0c82)",3
UNI_ASSEMBLES_DIFF,ldda32,"ld XBC,(0x0c86)",3
UNI_ASSEMBLES_DIFF,ldda32,"ld XBC,(0x0c8a)",3
UNI_ASSEMBLES_DIFF,ldda32,"ld XBC,(0x0c8e)",3
UNI_ASSEMBLES_DIFF,ldda32,"ld XBC,(0x0c92)",3
UNI_ASSEMBLES_DIFF,ldda32,"ld XBC,(0x0c9a)",3
UNI_ASSEMBLES_DIFF,ldda32,"ld XBC,(0x1d50)",3
UNI_ASSEMBLES_DIFF,ldda32,"ld XBC,(0x1d5a)",3
UNI_ASSEMBLES_DIFF,ldda32,"ld XBC,(0x27e4)",3
UNI_ASSEMBLES_DIFF,ldda32,"ld XBC,(0x2846)",3
UNI_ASSEMBLES_DIFF,ldda32,"ld XDE,(0x0440)",3
UNI_ASSEMBLES_DIFF,ldda32,"ld XDE,(0x0c9a)",3
UNI_ASSEMBLES_DIFF,ldda32,"ld XHL,(0x0c76)",3
UNI_ASSEMBLES_DIFF,ldda32,"ld XHL,(0x0c7e)",3
UNI_ASSEMBLES_DIFF,ldda32,"ld XHL,(0x0c82)",3
UNI_ASSEMBLES_DIFF,ldda32,"ld XHL,(0x0c86)",3
UNI_ASSEMBLES_DIFF,ldda32,"ld XHL,(0x0c8a)",3
UNI_ASSEMBLES_DIFF,ldda32,"ld XHL,(0x0c8e)",3
UNI_ASSEMBLES_DIFF,ldda32,"ld XHL,(0x0cec)",3
UNI_ASSEMBLES_DIFF,ldda32,"ld XHL,(0x1118)",3
UNI_ASSEMBLES_DIFF,ldda32,"ld XHL,(0x2897)",3
UNI_ASSEMBLES_DIFF,ldda32,"ld XHL,(0x31f7)",3
UNI_ASSEMBLES_DIFF,ldda32,"ld XIX,(0x0c59)",3
UNI_ASSEMBLES_DIFF,ldda32,"ld XIX,(0x10fd)",3
UNI_ASSEMBLES_DIFF,ldda32,"ld XIX,(0x29ee)",3
UNI_ASSEMBLES_DIFF,ldda32,"ld XIX,(0xfc62)",3
UNI_ASSEMBLES_DIFF,ldda32,"ld XIY,(0x0c63)",3
UNI_ASSEMBLES_DIFF,ldda32,"ld XIY,(0x0c6e)",3
UNI_ASSEMBLES_DIFF,ldda32,"ld XIY,(0x1272)",3
UNI_ASSEMBLES_DIFF,ldda32,"ld XIY,(0x23c0)",3
UNI_ASSEMBLES_DIFF,ldda32,"ld XIY,(0x3912)",3
UNI_ASSEMBLES_DIFF,ldda32,"ld XIY,(0x7dac)",3
UNI_ASSEMBLES_DIFF,ldda32,"ld XIZ,(0x1d5a)",3
UNI_ASSEMBLES_DIFF,ldda32,"ld XWA,(0x0409)",3
UNI_ASSEMBLES_DIFF,ldda32,"ld XWA,(0x0438)",3
UNI_ASSEMBLES_DIFF,ldda32,"ld XWA,(0x05da)",3
UNI_ASSEMBLES_DIFF,ldda32,"ld XWA,(0x063e)",3
UNI_ASSEMBLES_DIFF,ldda32,"ld XWA,(0x0646)",3
UNI_ASSEMBLES_DIFF,ldda32,"ld XWA,(0x064a)",3
UNI_ASSEMBLES_DIFF,ldda32,"ld XWA,(0x0656)",3
UNI_ASSEMBLES_DIFF,ldda32,"ld XWA,(0x0c76)",3
UNI_ASSEMBLES_DIFF,ldda32,"ld XWA,(0x0c7a)",3
UNI_ASSEMBLES_DIFF,ldda32,"ld XWA,(0x0c7e)",3
UNI_ASSEMBLES_DIFF,ldda32,"ld XWA,(0x0c82)",3
UNI_ASSEMBLES_DIFF,ldda32,"ld XWA,(0x0c86)",3
UNI_ASSEMBLES_DIFF,ldda32,"ld XWA,(0x0c8a)",3
UNI_ASSEMBLES_DIFF,ldda32,"ld XWA,(0x0c8e)",3
UNI_ASSEMBLES_DIFF,ldda32,"ld XWA,(0x29c6)",3
UNI_ASSEMBLES_DIFF,ldda32,"ld XWA,(0x3604)",3
UNI_ASSEMBLES_DIFF,ldda32,"ld XWA,(0x3916)",3
UNI_ASSEMBLES_DIFF,ldda32,"ld XWA,(0x4a3e)",3
UNI_ASSEMBLES_DIFF,ldda32,"ld XWA,(0x812e)",3
UNI_ASSEMBLES_DIFF,ldda32,"ld XWA,(0x8136)",3
UNI_ASSEMBLES_DIFF,ldda32,"ld XWA,(0x813c)",3
UNI_ASSEMBLES_DIFF,ldda32,"ld XWA,(0x8148)",3
UNI_ASSEMBLES_DIFF,ldda32,"ld XWA,(0x814c)",3
UNI_ASSEMBLES_DIFF,ldda32,"ld XWA,(0x8150)",3
UNI_ASSEMBLES_DIFF,ldda32,"ld XWA,(0x8160)",3
UNI_ASSEMBLES_DIFF,ldcf_dd8,"ldcf 6,(0x34)",3
UNI_ASSEMBLES_DIFF,ldcf_dd16,"ldcf 7,(0x0406)",3
UNI_ASSEMBLES_DIFF,ordi8,"or (0x041f),0x01",3
UNI_ASSEMBLES_DIFF,ordi8,"or (0x041f),0x08",3
UNI_ASSEMBLES_DIFF,ordi8,"or (0x0429),0x04",3
UNI_ASSEMBLES_DIFF,ordi8,"or (0x0459),0x01",3
UNI_ASSEMBLES_DIFF,orddm8,"or (0x065e),L",3
UNI_ASSEMBLES_DIFF,ordi8,"or (0x0d53),0x02",3
UNI_ASSEMBLES_DIFF,ordi8,"or (0x0f56),0x02",3
UNI_ASSEMBLES_DIFF,ordi8,"or (0x0f64),0x02",3
UNI_ASSEMBLES_DIFF,ordi8,"or (0x0f66),0x50",3
UNI_ASSEMBLES_DIFF,ordi8,"or (0x0f67),0x50",3
UNI_ASSEMBLES_DIFF,ordi8,"or (0x0f6a),0x80",3
UNI_ASSEMBLES_DIFF,ordi8,"or (0x10eb),0x01",3
UNI_ASSEMBLES_DIFF,orddm8,"or (0x10f4),A",3
UNI_ASSEMBLES_DIFF,ordi8,"or (0x1129),0x01",3
UNI_ASSEMBLES_DIFF,ordi8,"or (0x1129),0x02",3
UNI_ASSEMBLES_DIFF,ordi8,"or (0x1134),0x02",3
UNI_ASSEMBLES_DIFF,ordi8,"or (0x113b),0x02",3
UNI_ASSEMBLES_DIFF,ordi8,"or (0x1185),0x01",3
UNI_ASSEMBLES_DIFF,ordi8,"or (0x1185),0x02",3
UNI_ASSEMBLES_DIFF,orddm16,"or (0x2314),DE",3
UNI_ASSEMBLES_DIFF,orddm16,"or (0x2316),DE",3
UNI_ASSEMBLES_DIFF,ordi8,"or (0x27d2),0x01",3
UNI_ASSEMBLES_DIFF,ordi8,"or (0x27d2),0x02",3
UNI_ASSEMBLES_DIFF,ordi8,"or (0x2879),0x01",3
UNI_ASSEMBLES_DIFF,ordi8,"or (0x2879),0x02",3
UNI_ASSEMBLES_DIFF,ordi8,"or (0x289d),0x01",3
UNI_ASSEMBLES_DIFF,ordi8,"or (0x289d),0x04",3
UNI_ASSEMBLES_DIFF,ordi8,"or (0x28a5),0x01",3
UNI_ASSEMBLES_DIFF,orddm16,"or (0x28a8),DE",3
UNI_ASSEMBLES_DIFF,ordi8,"or (0x28b3),0x40",3
UNI_ASSEMBLES_DIFF,orddm16,"or (0x28b4),DE",3
UNI_ASSEMBLES_DIFF,ordi8,"or (0x3258),0x04",3
UNI_ASSEMBLES_DIFF,ordi8,"or (0x3258),0x08",3
UNI_ASSEMBLES_DIFF,ordi8,"or (0x328a),0x3f",3
UNI_ASSEMBLES_DIFF,orddm8,"or (0x328c),A",3
UNI_ASSEMBLES_DIFF,orddm8,"or (0x328e),A",3
UNI_ASSEMBLES_DIFF,ordi8,"or (0x3290),0x3f",3
UNI_ASSEMBLES_DIFF,ordi8,"or (0x33d1),0x01",3
UNI_ASSEMBLES_DIFF,ordi8,"or (0x33e5),0x08",3
UNI_ASSEMBLES_DIFF,ordi8,"or (0x33e7),0x04",3
UNI_ASSEMBLES_DIFF,ordi8,"or (0x33e7),0x08",3
UNI_ASSEMBLES_DIFF,ordi8,"or (0x33e9),0x04",3
UNI_ASSEMBLES_DIFF,ordi8,"or (0x33eb),0x04",3
UNI_ASSEMBLES_DIFF,or_sd8b_im,"or (0xc8),0x10",3
UNI_ASSEMBLES_DIFF,or_sd8b_im,"or (0xd6),0x20",3
UNI_ASSEMBLES_DIFF,orddm16,"or (0xf19e),DE",3
UNI_ASSEMBLES_DIFF,orddm16,"or (0xf1d0),HL",3
UNI_ASSEMBLES_DIFF,orddm8,"or (0xf9c3),A",3
UNI_ASSEMBLES_DIFF,orddm8,"or (0xf9dd),A",3
UNI_ASSEMBLES_DIFF,orddm8,"or (0xf9f7),A",3
UNI_ASSEMBLES_DIFF,orddm8,"or (0xfa11),A",3
UNI_ASSEMBLES_DIFF,orddm8,"or (0xfa2b),A",3
UNI_ASSEMBLES_DIFF,orddm8,"or (0xfa45),A",3
UNI_ASSEMBLES_DIFF,orddm8,"or (0xfa5f),A",3
UNI_ASSEMBLES_DIFF,orddm8,"or (0xfa79),A",3
UNI_ASSEMBLES_DIFF,orddm8,"or (0xfa93),A",3
UNI_ASSEMBLES_DIFF,orddm8,"or (0xfaad),A",3
UNI_ASSEMBLES_DIFF,orddm8,"or (0xfac7),A",3
UNI_ASSEMBLES_DIFF,orddm8,"or (0xfae1),A",3
UNI_ASSEMBLES_DIFF,orddm8,"or (0xfafb),A",3
UNI_ASSEMBLES_DIFF,orddm8,"or (0xfb15),A",3
UNI_ASSEMBLES_DIFF,orddm8,"or (0xfb2f),A",3
UNI_ASSEMBLES_DIFF,orddm8,"or (0xfb49),A",3
UNI_ASSEMBLES_DIFF,orddm8,"or (0xfb57),W",3
UNI_ASSEMBLES_DIFF,orddm8,"or (0xfb5a),A",3
UNI_ASSEMBLES_DIFF,orddm8,"or (0xfb63),A",3
UNI_ASSEMBLES_DIFF,orddm8,"or (0xfb71),W",3
UNI_ASSEMBLES_DIFF,orddm8,"or (0xfb74),A",3
UNI_ASSEMBLES_DIFF,orddm8,"or (0xfb7d),A",3
UNI_ASSEMBLES_DIFF,orddm8,"or (0xfb8b),W",3
UNI_ASSEMBLES_DIFF,orddm8,"or (0xfb8e),A",3
UNI_ASSEMBLES_DIFF,orddm8,"or (0xfb97),A",3
UNI_ASSEMBLES_DIFF,orddm8,"or (0xfba5),W",3
UNI_ASSEMBLES_DIFF,orddm8,"or (0xfba8),A",3
UNI_ASSEMBLES_DIFF,orddm8,"or (0xfbb1),A",3
UNI_ASSEMBLES_DIFF,orddm8,"or (0xfbbf),W",3
UNI_ASSEMBLES_DIFF,orddm8,"or (0xfbcb),A",3
UNI_ASSEMBLES_DIFF,orddm8,"or (0xfbe5),A",3
UNI_ASSEMBLES_DIFF,orddm8,"or (0xfbff),A",3
UNI_ASSEMBLES_DIFF,orddm8,"or (0xfc19),A",3
UNI_ASSEMBLES_DIFF,orddm8,"or (0xfc5d),A",3
UNI_ASSEMBLES_DIFF,ordi8,"or (0xfc5f),0x01",3
UNI_ASSEMBLES_DIFF,ordi8,"or (0xfc5f),0x04",3
UNI_ASSEMBLES_DIFF,ordi8,"or (0xfc5f),0x08",3
UNI_ASSEMBLES_DIFF,ordi8,"or (0xfc5f),0x10",3
UNI_ASSEMBLES_DIFF,ordi8,"or (0xfc5f),0x20",3
UNI_ASSEMBLES_DIFF,ordi8,"or (0xfc60),0x04",3
UNI_ASSEMBLES_DIFF,ordi8,"or (0xfdad),0x01",3
UNI_ASSEMBLES_DIFF,orda8,"or A,(0x0fa8)",3
UNI_ASSEMBLES_DIFF,orda8,"or A,(0x112b)",3
UNI_ASSEMBLES_DIFF,orda8,"or A,(0x3278)",3
UNI_ASSEMBLES_DIFF,orda8,"or W,(0x0cee)",3
UNI_ASSEMBLES_DIFF,orda8,"or W,(0x112b)",3
UNI_ASSEMBLES_DIFF,popw_dd16,"popw (0x0d58)",3
UNI_ASSEMBLES_DIFF,push_sd16w,"pushw (0x0d58)",3
UNI_ASSEMBLES_DIFF,push_sd16w,"pushw (0x2728)",3
UNI_ASSEMBLES_DIFF,push_sd16w,"pushw (0x278c)",3
UNI_ASSEMBLES_DIFF,push_sd16w,"pushw (0x278e)",3
UNI_ASSEMBLES_DIFF,push_sd16w,"pushw (0xf238)",3
UNI_ASSEMBLES_DIFF,push_sd16w,"pushw (0xf23a)",3
UNI_ASSEMBLES_DIFF,push_sd16w,"pushw (0xf23f)",3
UNI_ASSEMBLES_DIFF,resda,"res 0,(0x0413)",3
UNI_ASSEMBLES_DIFF,resda,"res 0,(0x0414)",3
UNI_ASSEMBLES_DIFF,resda,"res 0,(0x0ce0)",3
UNI_ASSEMBLES_DIFF,resda,"res 0,(0x25e6)",3
UNI_ASSEMBLES_DIFF,resda,"res 0,(0x27b0)",3
UNI_ASSEMBLES_DIFF,resda,"res 0,(0x27d2)",3
UNI_ASSEMBLES_DIFF,resda,"res 0,(0x282a)",3
UNI_ASSEMBLES_DIFF,resda,"res 0,(0x2879)",3
UNI_ASSEMBLES_DIFF,resda,"res 0,(0x28b3)",3
UNI_ASSEMBLES_DIFF,resda,"res 0,(0x295b)",3
UNI_ASSEMBLES_DIFF,resda,"res 0,(0xf23c)",3
UNI_ASSEMBLES_DIFF,resda,"res 0,(0xf23e)",3
UNI_ASSEMBLES_DIFF,resda,"res 1,(0x0413)",3
UNI_ASSEMBLES_DIFF,res_dd8,"res 1,(0x13)",3
UNI_ASSEMBLES_DIFF,resda,"res 1,(0x230e)",3
UNI_ASSEMBLES_DIFF,resda,"res 1,(0x25e6)",3
UNI_ASSEMBLES_DIFF,resda,"res 1,(0x266a)",3
UNI_ASSEMBLES_DIFF,resda,"res 1,(0x27d2)",3
UNI_ASSEMBLES_DIFF,resda,"res 1,(0x2879)",3
UNI_ASSEMBLES_DIFF,resda,"res 1,(0x287b)",3
UNI_ASSEMBLES_DIFF,res_dd8,"res 1,(0x68)",3
UNI_ASSEMBLES_DIFF,resda,"res 1,(0xf23e)",3
UNI_ASSEMBLES_DIFF,resda,"res 2,(0x0413)",3
UNI_ASSEMBLES_DIFF,resda,"res 2,(0x25e6)",3
UNI_ASSEMBLES_DIFF,resda,"res 2,(0x28b3)",3
UNI_ASSEMBLES_DIFF,resda,"res 2,(0x295f)",3
UNI_ASSEMBLES_DIFF,resda,"res 2,(0xfd50)",3
UNI_ASSEMBLES_DIFF,resda,"res 2,(0xfd52)",3
UNI_ASSEMBLES_DIFF,resda,"res 3,(0x0413)",3
UNI_ASSEMBLES_DIFF,res_dd8,"res 3,(0x0d)",3
UNI_ASSEMBLES_DIFF,resda,"res 3,(0x25e6)",3
UNI_ASSEMBLES_DIFF,res_dd8,"res 3,(0x28)",3
UNI_ASSEMBLES_DIFF,resda,"res 4,(0x0413)",3
UNI_ASSEMBLES_DIFF,resda,"res 4,(0x25e6)",3
UNI_ASSEMBLES_DIFF,resda,"res 4,(0x28ac)",3
UNI_ASSEMBLES_DIFF,resda,"res 5,(0x0413)",3
UNI_ASSEMBLES_DIFF,resda,"res 5,(0x25e6)",3
UNI_ASSEMBLES_DIFF,resda,"res 6,(0x0413)",3
UNI_ASSEMBLES_DIFF,resda,"res 6,(0x0422)",3
UNI_ASSEMBLES_DIFF,resda,"res 6,(0x28c5)",3
UNI_ASSEMBLES_DIFF,resda,"res 7,(0x0406)",3
UNI_ASSEMBLES_DIFF,resda,"res 7,(0x0413)",3
UNI_ASSEMBLES_DIFF,resda,"res 7,(0x042e)",3
UNI_ASSEMBLES_DIFF,resda,"res 7,(0x0620)",3
UNI_ASSEMBLES_DIFF,resda,"res 7,(0x1a5e)",3
UNI_ASSEMBLES_DIFF,resda,"res 7,(0x22fe)",3
UNI_ASSEMBLES_DIFF,setda,"set 0,(0x0431)",3
UNI_ASSEMBLES_DIFF,setda,"set 0,(0x0ce0)",3
UNI_ASSEMBLES_DIFF,setda,"set 0,(0x25e6)",3
UNI_ASSEMBLES_DIFF,setda,"set 0,(0x27b0)",3
UNI_ASSEMBLES_DIFF,setda,"set 0,(0x27d2)",3
UNI_ASSEMBLES_DIFF,set_dd8,"set 0,(0x28)",3
UNI_ASSEMBLES_DIFF,setda,"set 0,(0x282a)",3
UNI_ASSEMBLES_DIFF,setda,"set 0,(0x289d)",3
UNI_ASSEMBLES_DIFF,setda,"set 0,(0x295f)",3
UNI_ASSEMBLES_DIFF,setda,"set 0,(0xf23c)",3
UNI_ASSEMBLES_DIFF,setda,"set 0,(0xf23e)",3
UNI_ASSEMBLES_DIFF,setda,"set 1,(0x0420)",3
UNI_ASSEMBLES_DIFF,setda,"set 1,(0x25e6)",3
UNI_ASSEMBLES_DIFF,setda,"set 1,(0x27d2)",3
UNI_ASSEMBLES_DIFF,setda,"set 1,(0x287b)",3
UNI_ASSEMBLES_DIFF,setda,"set 1,(0x28b1)",3
UNI_ASSEMBLES_DIFF,setda,"set 1,(0x28b3)",3
UNI_ASSEMBLES_DIFF,setda,"set 1,(0x295f)",3
UNI_ASSEMBLES_DIFF,setda,"set 2,(0x0420)",3
UNI_ASSEMBLES_DIFF,setda,"set 2,(0x1a5d)",3
UNI_ASSEMBLES_DIFF,setda,"set 2,(0x25e6)",3
UNI_ASSEMBLES_DIFF,setda,"set 2,(0x289d)",3
UNI_ASSEMBLES_DIFF,setda,"set 2,(0x295f)",3
UNI_ASSEMBLES_DIFF,setda,"set 3,(0x0431)",3
UNI_ASSEMBLES_DIFF,setda,"set 3,(0x25e6)",3
UNI_ASSEMBLES_DIFF,set_dd8,"set 3,(0x28)",3
UNI_ASSEMBLES_DIFF,setda,"set 4,(0x25e6)",3
UNI_ASSEMBLES_DIFF,setda,"set 4,(0x28ac)",3
UNI_ASSEMBLES_DIFF,setda,"set 4,(0x28ad)",3
UNI_ASSEMBLES_DIFF,setda,"set 4,(0x295f)",3
UNI_ASSEMBLES_DIFF,setda,"set 4,(0xfd50)",3
UNI_ASSEMBLES_DIFF,setda,"set 5,(0x25e6)",3
UNI_ASSEMBLES_DIFF,setda,"set 5,(0x28c5)",3
UNI_ASSEMBLES_DIFF,setda,"set 6,(0x28ac)",3
UNI_ASSEMBLES_DIFF,setda,"set 6,(0x28ad)",3
UNI_ASSEMBLES_DIFF,setda,"set 6,(0x28b3)",3
UNI_ASSEMBLES_DIFF,setda,"set 7,(0x0406)",3
UNI_ASSEMBLES_DIFF,setda,"set 7,(0x061e)",3
UNI_ASSEMBLES_DIFF,setda,"set 7,(0x0620)",3
UNI_ASSEMBLES_DIFF,setda,"set 7,(0x287b)",3
UNI_ASSEMBLES_DIFF,setda,"set 7,(0x28c5)",3
UNI_ASSEMBLES_DIFF,sla_sd16b,"sla (0x0cee)",3
UNI_ASSEMBLES_DIFF,stcfa_dd16,"stcf A,(0x19fa)",3
UNI_ASSEMBLES_DIFF,subdm16,"sub (0x25a0),WA",3
UNI_ASSEMBLES_DIFF,subdi8,"sub (0x25a2),0x28",3
UNI_ASSEMBLES_DIFF,subdm32,"sub (0x25da),XWA",3
UNI_ASSEMBLES_DIFF,subdm8,"sub (0x2806),A",3
UNI_ASSEMBLES_DIFF,subda8,"sub A,(0x0433)",3
UNI_ASSEMBLES_DIFF,subda8,"sub A,(0x046b)",3
UNI_ASSEMBLES_DIFF,subda8,"sub A,(0x046c)",3
UNI_ASSEMBLES_DIFF,subda8,"sub A,(0x0472)",3
UNI_ASSEMBLES_DIFF,subda8,"sub A,(0x0e40)",3
UNI_ASSEMBLES_DIFF,subda8,"sub A,(0x2806)",3
UNI_ASSEMBLES_DIFF,subda8,"sub A,(0x36aa)",3
UNI_ASSEMBLES_DIFF,subda16,"sub BC,(0x27b2)",3
UNI_ASSEMBLES_DIFF,subda16,"sub BC,(0x35c2)",3
UNI_ASSEMBLES_DIFF,subda8,"sub C,(0x0e41)",3
UNI_ASSEMBLES_DIFF,subda16,"sub DE,(0x0f66)",3
UNI_ASSEMBLES_DIFF,subda16,"sub DE,(0x2792)",3
UNI_ASSEMBLES_DIFF,subda16,"sub DE,(0x27b2)",3
UNI_ASSEMBLES_DIFF,subda16,"sub HL,(0x0409)",3
UNI_ASSEMBLES_DIFF,subda16,"sub HL,(0x27b2)",3
UNI_ASSEMBLES_DIFF,subda16,"sub IX,(0x28b6)",3
UNI_ASSEMBLES_DIFF,subda16,"sub IY,(0x28bc)",3
UNI_ASSEMBLES_DIFF,subda16,"sub IZ,(0x041c)",3
UNI_ASSEMBLES_DIFF,subda8,"sub L,(0x0d5c)",3
UNI_ASSEMBLES_DIFF,subda16,"sub WA,(0x046e)",3
UNI_ASSEMBLES_DIFF,subda16,"sub WA,(0x0f73)",3
UNI_ASSEMBLES_DIFF,subda16,"sub WA,(0x1085)",3
UNI_ASSEMBLES_DIFF,subda16,"sub WA,(0x25b0)",3
UNI_ASSEMBLES_DIFF,subda16,"sub WA,(0x2606)",3
UNI_ASSEMBLES_DIFF,subda16,"sub WA,(0x2610)",3
UNI_ASSEMBLES_DIFF,subda16,"sub WA,(0x261e)",3
UNI_ASSEMBLES_DIFF,subda16,"sub WA,(0x28b8)",3
UNI_ASSEMBLES_DIFF,subda16,"sub WA,(0xf1f2)",3
UNI_ASSEMBLES_DIFF,subda16,"sub WA,(0xf229)",3
UNI_ASSEMBLES_DIFF,subda32,"sub XDE,(0x267a)",3
UNI_ASSEMBLES_DIFF,subda32,"sub XHL,(0x267e)",3
UNI_ASSEMBLES_DIFF,subda32,"sub XIX,(0x267a)",3
UNI_ASSEMBLES_DIFF,subda32,"sub XIY,(0x267e)",3
UNI_ASSEMBLES_DIFF,subda32,"sub XWA,(0x1073)",3
UNI_ASSEMBLES_DIFF,xordm8,"xor (0x28b0),A",3
UNI_ASSEMBLES_DIFF,xordm8,"xor (0x28b0),C",3
UNI_ASSEMBLES_DIFF,adddm8,"add (0x0415),A",2
UNI_ASSEMBLES_DIFF,adddm8,"add (0x0417),A",2
UNI_ASSEMBLES_DIFF,adddm8,"add (0x041b),A",2
UNI_ASSEMBLES_DIFF,adddm8,"add (0x046a),A",2
UNI_ASSEMBLES_DIFF,adddm32,"add (0x0c24),XWA",2
UNI_ASSEMBLES_DIFF,adddm16,"add (0x0c4a),WA",2
UNI_ASSEMBLES_DIFF,adddm16,"add (0x0ec2),WA",2
UNI_ASSEMBLES_DIFF,adddm16,"add (0x360a),BC",2
UNI_ASSEMBLES_DIFF,adddm8,"add (0x36ec),A",2
UNI_ASSEMBLES_DIFF,adddm8,"add (0x36ec),W",2
UNI_ASSEMBLES_DIFF,adddm32,"add (0x376e),XIZ",2
UNI_ASSEMBLES_DIFF,adddm32,"add (0x3d60),XWA",2
UNI_ASSEMBLES_DIFF,adddi8,"add (0x7e0a),0x02",2
UNI_ASSEMBLES_DIFF,adddm8,"add (0x8bc9),B",2
UNI_ASSEMBLES_DIFF,adddi8,"add (0x8d8c),0x40",2
UNI_ASSEMBLES_DIFF,adddi8,"add (0x90de),0x04",2
UNI_ASSEMBLES_DIFF,adddm8,"add (0xa066),L",2
UNI_ASSEMBLES_DIFF,adddm32,"add (0xe9e7),XIZ",2
UNI_ASSEMBLES_DIFF,adddm16,"add (0xe9ef),WA",2
UNI_ASSEMBLES_DIFF,adddm16,"add (0xe9f1),WA",2
UNI_ASSEMBLES_DIFF,adddm32,"add (0xe9f5),XWA",2
UNI_ASSEMBLES_DIFF,adddm16,"add (0xebfb),WA",2
UNI_ASSEMBLES_DIFF,addda8,"add A,(0x0710)",2
UNI_ASSEMBLES_DIFF,addda8,"add A,(0x0d5d)",2
UNI_ASSEMBLES_DIFF,addda8,"add A,(0x0efa)",2
UNI_ASSEMBLES_DIFF,addda8,"add A,(0x3280)",2
UNI_ASSEMBLES_DIFF,addda8,"add A,(0x3453)",2
UNI_ASSEMBLES_DIFF,addda8,"add A,(0x3454)",2
UNI_ASSEMBLES_DIFF,addda8,"add A,(0x34fc)",2
UNI_ASSEMBLES_DIFF,addda8,"add A,(0x8a2d)",2
UNI_ASSEMBLES_DIFF,addda16,"add BC,(0x27d0)",2
UNI_ASSEMBLES_DIFF,addda8,"add C,(0x272e)",2
UNI_ASSEMBLES_DIFF,addda8,"add C,(0x2792)",2
UNI_ASSEMBLES_DIFF,addda8,"add C,(0x2794)",2
UNI_ASSEMBLES_DIFF,addda16,"add DE,(0x360a)",2
UNI_ASSEMBLES_DIFF,addda16,"add HL,(0x90de)",2
UNI_ASSEMBLES_DIFF,addda16,"add HL,(0x90e2)",2
UNI_ASSEMBLES_DIFF,addda16,"add IX,(0x3610)",2
UNI_ASSEMBLES_DIFF,addda16,"add IY,(0x0f77)",2
UNI_ASSEMBLES_DIFF,addda16,"add IY,(0x7e02)",2
UNI_ASSEMBLES_DIFF,addda16,"add IY,(0xc07b)",2
UNI_ASSEMBLES_DIFF,addda8,"add L,(0x0f70)",2
UNI_ASSEMBLES_DIFF,addda8,"add W,(0x0d57)",2
UNI_ASSEMBLES_DIFF,addda8,"add W,(0x32cb)",2
UNI_ASSEMBLES_DIFF,addda8,"add W,(0x34fb)",2
UNI_ASSEMBLES_DIFF,addda16,"add WA,(0x046e)",2
UNI_ASSEMBLES_DIFF,addda16,"add WA,(0x0ef0)",2
UNI_ASSEMBLES_DIFF,addda16,"add WA,(0x360a)",2
UNI_ASSEMBLES_DIFF,addda16,"add WA,(0x7e0f)",2
UNI_ASSEMBLES_DIFF,addda32,"add XHL,(0x3277)",2
UNI_ASSEMBLES_DIFF,addda32,"add XIX,(0x1114)",2
UNI_ASSEMBLES_DIFF,addda32,"add XIX,(0x31db)",2
UNI_ASSEMBLES_DIFF,addda32,"add XIY,(0x39ae)",2
UNI_ASSEMBLES_DIFF,addda32,"add XIY,(0x39b2)",2
UNI_ASSEMBLES_DIFF,addda32,"add XIZ,(0x39ae)",2
UNI_ASSEMBLES_DIFF,addda32,"add XWA,(0x21d3)",2
UNI_ASSEMBLES_DIFF,anddi8,"and (0x0415),0xfc",2
UNI_ASSEMBLES_DIFF,anddi8,"and (0x0417),0xfc",2
UNI_ASSEMBLES_DIFF,anddi8,"and (0x041b),0xfc",2
UNI_ASSEMBLES_DIFF,anddi8,"and (0x0428),0xfe",2
UNI_ASSEMBLES_DIFF,anddi8,"and (0x0432),0xcc",2
UNI_ASSEMBLES_DIFF,anddi8,"and (0x046a),0xfc",2
UNI_ASSEMBLES_DIFF,anddi8,"and (0x0ef4),0x04",2
UNI_ASSEMBLES_DIFF,anddi8,"and (0x0f64),0xfc",2
UNI_ASSEMBLES_DIFF,anddi8,"and (0x0f64),0xfe",2
UNI_ASSEMBLES_DIFF,anddm8,"and (0x255e),A",2
UNI_ASSEMBLES_DIFF,anddi8,"and (0x2877),0x0f",2
UNI_ASSEMBLES_DIFF,anddi8,"and (0x3257),0xdf",2
UNI_ASSEMBLES_DIFF,anddi8,"and (0x3284),0xe7",2
UNI_ASSEMBLES_DIFF,anddi8,"and (0x3284),0xef",2
UNI_ASSEMBLES_DIFF,anddi8,"and (0x3284),0xf7",2
UNI_ASSEMBLES_DIFF,anddi8,"and (0x3284),0xfb",2
UNI_ASSEMBLES_DIFF,anddi8,"and (0x3284),0xfd",2
UNI_ASSEMBLES_DIFF,anddi8,"and (0x32ab),0xf0",2
UNI_ASSEMBLES_DIFF,anddi8,"and (0x32ac),0xf0",2
UNI_ASSEMBLES_DIFF,anddi8,"and (0x32ad),0xf0",2
UNI_ASSEMBLES_DIFF,anddi8,"and (0x32ae),0xf0",2
UNI_ASSEMBLES_DIFF,anddi8,"and (0x32af),0xf0",2
UNI_ASSEMBLES_DIFF,anddi8,"and (0x32b0),0xf0",2
UNI_ASSEMBLES_DIFF,anddi8,"and (0x32f3),0x7f",2
UNI_ASSEMBLES_DIFF,anddi8,"and (0x32f4),0x9f",2
UNI_ASSEMBLES_DIFF,anddi8,"and (0x32f5),0xfe",2
UNI_ASSEMBLES_DIFF,anddi8,"and (0x32fb),0xfd",2
UNI_ASSEMBLES_DIFF,anddi8,"and (0x32fb),0xfe",2
UNI_ASSEMBLES_DIFF,anddi8,"and (0x32fc),0xfd",2
UNI_ASSEMBLES_DIFF,anddi8,"and (0x32fc),0xfe",2
UNI_ASSEMBLES_DIFF,anddi8,"and (0x3300),0xfb",2
UNI_ASSEMBLES_DIFF,anddi8,"and (0x3300),0xfd",2
UNI_ASSEMBLES_DIFF,anddi8,"and (0x3300),0xfe",2
UNI_ASSEMBLES_DIFF,anddi8,"and (0x3309),0xfc",2
UNI_ASSEMBLES_DIFF,anddi8,"and (0x330a),0xf3",2
UNI_ASSEMBLES_DIFF,anddi8,"and (0x330a),0xf6",2
UNI_ASSEMBLES_DIFF,anddi8,"and (0x330a),0xfa",2
UNI_ASSEMBLES_DIFF,anddi8,"and (0x330b),0xfc",2
UNI_ASSEMBLES_DIFF,anddi8,"and (0x330d),0xfe",2
UNI_ASSEMBLES_DIFF,anddm8,"and (0x3312),W",2
UNI_ASSEMBLES_DIFF,anddm8,"and (0x3313),W",2
UNI_ASSEMBLES_DIFF,anddi8,"and (0x3314),0xc0",2
UNI_ASSEMBLES_DIFF,anddi8,"and (0x3315),0xc0",2
UNI_ASSEMBLES_DIFF,anddi8,"and (0x332a),0xc0",2
UNI_ASSEMBLES_DIFF,anddi8,"and (0x332b),0xfb",2
UNI_ASSEMBLES_DIFF,anddi8,"and (0x332b),0xfd",2
UNI_ASSEMBLES_DIFF,anddi8,"and (0x332c),0x7f",2
UNI_ASSEMBLES_DIFF,anddi8,"and (0x332c),0xc0",2
UNI_ASSEMBLES_DIFF,anddi8,"and (0x332c),0xfd",2
UNI_ASSEMBLES_DIFF,anddi8,"and (0x332c),0xfe",2
UNI_ASSEMBLES_DIFF,anddi8,"and (0x332d),0xfe",2
UNI_ASSEMBLES_DIFF,anddi8,"and (0x3335),0xfe",2
UNI_ASSEMBLES_DIFF,anddi8,"and (0x333b),0xfe",2
UNI_ASSEMBLES_DIFF,anddm8,"and (0x3344),A",2
UNI_ASSEMBLES_DIFF,anddi8,"and (0x3349),0xfb",2
UNI_ASSEMBLES_DIFF,anddi8,"and (0x3357),0xfc",2
UNI_ASSEMBLES_DIFF,anddi8,"and (0x335d),0xc0",2
UNI_ASSEMBLES_DIFF,anddi8,"and (0x3361),0x78",2
UNI_ASSEMBLES_DIFF,anddi8,"and (0x3361),0xfb",2
UNI_ASSEMBLES_DIFF,anddi8,"and (0x338d),0xfe",2
UNI_ASSEMBLES_DIFF,anddi8,"and (0x33d3),0xfc",2
UNI_ASSEMBLES_DIFF,anddi8,"and (0x33d4),0xf7",2
UNI_ASSEMBLES_DIFF,anddi8,"and (0x33d4),0xfb",2
UNI_ASSEMBLES_DIFF,anddi8,"and (0x33d4),0xfe",2
UNI_ASSEMBLES_DIFF,anddi8,"and (0x33de),0xfd",2
UNI_ASSEMBLES_DIFF,anddi8,"and (0x33e5),0xfd",2
UNI_ASSEMBLES_DIFF,anddi8,"and (0x33e5),0xfe",2
UNI_ASSEMBLES_DIFF,anddi8,"and (0x33e8),0xfe",2
UNI_ASSEMBLES_DIFF,anddi8,"and (0x3403),0xf6",2
UNI_ASSEMBLES_DIFF,anddi8,"and (0x3434),0xdf",2
UNI_ASSEMBLES_DIFF,anddi8,"and (0x346d),0xed",2
UNI_ASSEMBLES_DIFF,anddi8,"and (0x346d),0xee",2
UNI_ASSEMBLES_DIFF,anddi8,"and (0x346d),0xf7",2
UNI_ASSEMBLES_DIFF,anddi8,"and (0x346e),0xfb",2
UNI_ASSEMBLES_DIFF,anddi8,"and (0x3470),0x02",2
UNI_ASSEMBLES_DIFF,anddi8,"and (0x3470),0x7f",2
UNI_ASSEMBLES_DIFF,anddi8,"and (0x3470),0xbf",2
UNI_ASSEMBLES_DIFF,anddi8,"and (0x3470),0xdf",2
UNI_ASSEMBLES_DIFF,anddi8,"and (0x3470),0xef",2
UNI_ASSEMBLES_DIFF,anddi8,"and (0x347a),0x7f",2
UNI_ASSEMBLES_DIFF,anddi8,"and (0x347a),0xfe",2
UNI_ASSEMBLES_DIFF,anddi8,"and (0x3480),0x7f",2
UNI_ASSEMBLES_DIFF,anddi8,"and (0x3480),0xbf",2
UNI_ASSEMBLES_DIFF,anddi8,"and (0x3480),0xdf",2
UNI_ASSEMBLES_DIFF,anddi8,"and (0x3480),0xef",2
UNI_ASSEMBLES_DIFF,anddi8,"and (0x3482),0x7f",2
UNI_ASSEMBLES_DIFF,anddi8,"and (0x3482),0xbf",2
UNI_ASSEMBLES_DIFF,anddi8,"and (0x3482),0xdf",2
UNI_ASSEMBLES_DIFF,anddi8,"and (0x3482),0xef",2
UNI_ASSEMBLES_DIFF,anddi8,"and (0x3491),0xfe",2
UNI_ASSEMBLES_DIFF,anddi8,"and (0x3498),0x7f",2
UNI_ASSEMBLES_DIFF,anddi8,"and (0x349e),0xfe",2
UNI_ASSEMBLES_DIFF,anddi8,"and (0x349f),0xf7",2
UNI_ASSEMBLES_DIFF,anddi8,"and (0x349f),0xfe",2
UNI_ASSEMBLES_DIFF,anddi8,"and (0x34cd),0x7f",2
UNI_ASSEMBLES_DIFF,anddi8,"and (0x34cd),0xbf",2
UNI_ASSEMBLES_DIFF,anddi8,"and (0x34cd),0xcf",2
UNI_ASSEMBLES_DIFF,anddi8,"and (0x34cd),0xf7",2
UNI_ASSEMBLES_DIFF,anddi8,"and (0x34cd),0xfb",2
UNI_ASSEMBLES_DIFF,anddi8,"and (0x34ce),0x7f",2
UNI_ASSEMBLES_DIFF,anddi8,"and (0x34ce),0xfd",2
UNI_ASSEMBLES_DIFF,anddi8,"and (0x34ce),0xfe",2
UNI_ASSEMBLES_DIFF,anddi8,"and (0x34cf),0xfd",2
UNI_ASSEMBLES_DIFF,anddi8,"and (0x34d0),0xbf",2
UNI_ASSEMBLES_DIFF,anddi8,"and (0x34d0),0xef",2
UNI_ASSEMBLES_DIFF,anddi8,"and (0x34d1),0x7f",2
UNI_ASSEMBLES_DIFF,anddi8,"and (0x34d1),0xfe",2
UNI_ASSEMBLES_DIFF,anddi8,"and (0x34d2),0xfb",2
UNI_ASSEMBLES_DIFF,anddi8,"and (0x34d2),0xfd",2
UNI_ASSEMBLES_DIFF,anddi8,"and (0x34d2),0xfe",2
UNI_ASSEMBLES_DIFF,anddi8,"and (0x34d3),0xfd",2
UNI_ASSEMBLES_DIFF,anddi8,"and (0x34d3),0xfe",2
UNI_ASSEMBLES_DIFF,anddi8,"and (0x34ea),0x8f",2
UNI_ASSEMBLES_DIFF,anddi8,"and (0x3522),0x73",2
UNI_ASSEMBLES_DIFF,anddi8,"and (0x3522),0xfb",2
UNI_ASSEMBLES_DIFF,anddi8,"and (0x3522),0xfd",2
UNI_ASSEMBLES_DIFF,anddi8,"and (0x3522),0xfe",2
UNI_ASSEMBLES_DIFF,anddi8,"and (0x35b0),0xf9",2
UNI_ASSEMBLES_DIFF,anddi8,"and (0x35b0),0xfe",2
UNI_ASSEMBLES_DIFF,anddi8,"and (0x35fb),0xfd",2
UNI_ASSEMBLES_DIFF,anddi8,"and (0x35fd),0xfe",2
UNI_ASSEMBLES_DIFF,anddi8,"and (0x364a),0xfd",2
UNI_ASSEMBLES_DIFF,anddi8,"and (0x3713),0x3f",2
UNI_ASSEMBLES_DIFF,anddi8,"and (0x3713),0xdf",2
UNI_ASSEMBLES_DIFF,anddi8,"and (0x3713),0xfb",2
UNI_ASSEMBLES_DIFF,anddi8,"and (0x3713),0xfc",2
UNI_ASSEMBLES_DIFF,anddi8,"and (0x372d),0xc0",2
UNI_ASSEMBLES_DIFF,anddi8,"and (0x7dd1),0xfe",2
UNI_ASSEMBLES_DIFF,anddi8,"and (0x7dd2),0xfe",2
UNI_ASSEMBLES_DIFF,anddi8,"and (0x7dd3),0xfe",2
UNI_ASSEMBLES_DIFF,anddi8,"and (0x7e24),0xfd",2
UNI_ASSEMBLES_DIFF,anddi8,"and (0x7e24),0xfe",2
UNI_ASSEMBLES_DIFF,anddi8,"and (0x7e53),0xdf",2
UNI_ASSEMBLES_DIFF,anddi8,"and (0x7e53),0xfc",2
UNI_ASSEMBLES_DIFF,anddi8,"and (0x7e53),0xfe",2
UNI_ASSEMBLES_DIFF,anddi8,"and (0x7e5f),0xfc",2
UNI_ASSEMBLES_DIFF,anddi8,"and (0x7e5f),0xfd",2
UNI_ASSEMBLES_DIFF,anddi8,"and (0x7f15),0xef",2
UNI_ASSEMBLES_DIFF,anddi8,"and (0x7f15),0xf7",2
UNI_ASSEMBLES_DIFF,anddi8,"and (0x7f15),0xfb",2
UNI_ASSEMBLES_DIFF,anddi8,"and (0x7f15),0xfd",2
UNI_ASSEMBLES_DIFF,anddi8,"and (0x7f15),0xfe",2
UNI_ASSEMBLES_DIFF,anddi8,"and (0x7f35),0xfe",2
UNI_ASSEMBLES_DIFF,anddi8,"and (0x8d46),0xfc",2
UNI_ASSEMBLES_DIFF,anddi8,"and (0x8d8c),0xfb",2
UNI_ASSEMBLES_DIFF,anddi8,"and (0x8d92),0xfe",2
UNI_ASSEMBLES_DIFF,anddi8,"and (0x8ee0),0x7f",2
UNI_ASSEMBLES_DIFF,anddi8,"and (0x8ee2),0x7f",2
UNI_ASSEMBLES_DIFF,anddi8,"and (0x8f1c),0x8f",2
UNI_ASSEMBLES_DIFF,anddm16,"and (0x8f3c),WA",2
UNI_ASSEMBLES_DIFF,anddm16,"and (0x8f40),WA",2
UNI_ASSEMBLES_DIFF,anddm16,"and (0x8f44),WA",2
UNI_ASSEMBLES_DIFF,anddi8,"and (0x905d),0xf3",2
UNI_ASSEMBLES_DIFF,anddi8,"and (0x90f9),0xef",2
UNI_ASSEMBLES_DIFF,anddi8,"and (0x91c0),0xb7",2
UNI_ASSEMBLES_DIFF,anddi8,"and (0xb7e2),0xbf",2
UNI_ASSEMBLES_DIFF,anddi8,"and (0xc1f0),0xbf",2
UNI_ASSEMBLES_DIFF,anddi8,"and (0xc1f0),0xdf",2
UNI_ASSEMBLES_DIFF,anddi8,"and (0xc1f0),0xef",2
UNI_ASSEMBLES_DIFF,anddi8,"and (0xc1f0),0xf3",2
UNI_ASSEMBLES_DIFF,anddi8,"and (0xc1f0),0xfc",2
UNI_ASSEMBLES_DIFF,anddi8,"and (0xc2c5),0x01",2
UNI_ASSEMBLES_DIFF,anddi8,"and (0xc2c9),0x01",2
UNI_ASSEMBLES_DIFF,anddi8,"and (0xc2cb),0x01",2
UNI_ASSEMBLES_DIFF,anddi8,"and (0xc2cd),0x01",2
UNI_ASSEMBLES_DIFF,anddi8,"and (0xc2cf),0x01",2
UNI_ASSEMBLES_DIFF,anddi8,"and (0xc2d1),0x01",2
UNI_ASSEMBLES_DIFF,anddi8,"and (0xc2d5),0x01",2
UNI_ASSEMBLES_DIFF,and_sd8b_im,"and (0xd7),0xcf",2
UNI_ASSEMBLES_DIFF,and_sd8b_im,"and (0xd7),0xf0",2
UNI_ASSEMBLES_DIFF,anddi8,"and (0xe3e2),0xdf",2
UNI_ASSEMBLES_DIFF,anddi8,"and (0xe3e2),0xfe",2
UNI_ASSEMBLES_DIFF,anddi8,"and (0xfc5f),0x0f",2
UNI_ASSEMBLES_DIFF,anddi8,"and (0xfc5f),0xcf",2
UNI_ASSEMBLES_DIFF,andda8,"and A,(0x3314)",2
UNI_ASSEMBLES_DIFF,andda8,"and A,(0x3315)",2
UNI_ASSEMBLES_DIFF,andda8,"and A,(0x3316)",2
UNI_ASSEMBLES_DIFF,andda8,"and A,(0x3317)",2
UNI_ASSEMBLES_DIFF,andda8,"and A,(0x3318)",2
UNI_ASSEMBLES_DIFF,andda8,"and A,(0x3326)",2
UNI_ASSEMBLES_DIFF,andda8,"and A,(0x3327)",2
UNI_ASSEMBLES_DIFF,andda8,"and A,(0x3328)",2
UNI_ASSEMBLES_DIFF,andda8,"and A,(0x3344)",2
UNI_ASSEMBLES_DIFF,andda8,"and A,(0x335d)",2
UNI_ASSEMBLES_DIFF,andda8,"and A,(0x33e5)",2
UNI_ASSEMBLES_DIFF,andda8,"and A,(0x33e7)",2
UNI_ASSEMBLES_DIFF,andda8,"and A,(0x33e9)",2
UNI_ASSEMBLES_DIFF,andda8,"and A,(0x33eb)",2
UNI_ASSEMBLES_DIFF,andda8,"and A,(0x3c66)",2
UNI_ASSEMBLES_DIFF,andda8,"and A,(0x4066)",2
UNI_ASSEMBLES_DIFF,andda8,"and A,(0x4866)",2
UNI_ASSEMBLES_DIFF,andda8,"and A,(0x4a66)",2
UNI_ASSEMBLES_DIFF,andda8,"and A,(0x7e0b)",2
UNI_ASSEMBLES_DIFF,andda8,"and A,(0x8bc9)",2
UNI_ASSEMBLES_DIFF,andda8,"and A,(0x966d)",2
UNI_ASSEMBLES_DIFF,andda8,"and A,(0xc364)",2
UNI_ASSEMBLES_DIFF,andda8,"and A,(0xe5c9)",2
UNI_ASSEMBLES_DIFF,andda8,"and A,(0xfc3c)",2
UNI_ASSEMBLES_DIFF,andda8,"and W,(0x3317)",2
UNI_ASSEMBLES_DIFF,andda16,"and WA,(0x0f58)",2
UNI_ASSEMBLES_DIFF,andda16,"and WA,(0x8f3a)",2
UNI_ASSEMBLES_DIFF,andda16,"and WA,(0x8f3e)",2
UNI_ASSEMBLES_DIFF,andda16,"and WA,(0x8f42)",2
UNI_ASSEMBLES_DIFF,andda16,"and WA,(0x8f46)",2
UNI_ASSEMBLES_DIFF,andda16,"and WA,(0xf19e)",2
UNI_ASSEMBLES_DIFF,andda16,"and WA,(0xf1d0)",2
UNI_ASSEMBLES_DIFF,andda16,"and WA,(0xf290)",2
UNI_ASSEMBLES_DIFF,bitda,"bit 0,(0x0f64)",2
UNI_ASSEMBLES_DIFF,bitda,"bit 0,(0x1034)",2
UNI_ASSEMBLES_DIFF,bitda,"bit 0,(0x10ea)",2
UNI_ASSEMBLES_DIFF,bitda,"bit 0,(0x323b)",2
UNI_ASSEMBLES_DIFF,bitda,"bit 0,(0x325f)",2
UNI_ASSEMBLES_DIFF,bitda,"bit 0,(0x3265)",2
UNI_ASSEMBLES_DIFF,bitda,"bit 0,(0x326b)",2
UNI_ASSEMBLES_DIFF,bitda,"bit 0,(0x32f3)",2
UNI_ASSEMBLES_DIFF,bitda,"bit 0,(0x32f5)",2
UNI_ASSEMBLES_DIFF,bitda,"bit 0,(0x32fc)",2
UNI_ASSEMBLES_DIFF,bitda,"bit 0,(0x32fe)",2
UNI_ASSEMBLES_DIFF,bitda,"bit 0,(0x3300)",2
UNI_ASSEMBLES_DIFF,bitda,"bit 0,(0x3310)",2
UNI_ASSEMBLES_DIFF,bitda,"bit 0,(0x332c)",2
UNI_ASSEMBLES_DIFF,bitda,"bit 0,(0x332d)",2
UNI_ASSEMBLES_DIFF,bitda,"bit 0,(0x333b)",2
UNI_ASSEMBLES_DIFF,bitda,"bit 0,(0x3362)",2
UNI_ASSEMBLES_DIFF,bitda,"bit 0,(0x338d)",2
UNI_ASSEMBLES_DIFF,bitda,"bit 0,(0x33d4)",2
UNI_ASSEMBLES_DIFF,bitda,"bit 0,(0x33e5)",2
UNI_ASSEMBLES_DIFF,bitda,"bit 0,(0x33fc)",2
UNI_ASSEMBLES_DIFF,bitda,"bit 0,(0x346d)",2
UNI_ASSEMBLES_DIFF,bitda,"bit 0,(0x3474)",2
UNI_ASSEMBLES_DIFF,bitda,"bit 0,(0x3490)",2
UNI_ASSEMBLES_DIFF,bitda,"bit 0,(0x349e)",2
UNI_ASSEMBLES_DIFF,bitda,"bit 0,(0x349f)",2
UNI_ASSEMBLES_DIFF,bitda,"bit 0,(0x34ce)",2
UNI_ASSEMBLES_DIFF,bitda,"bit 0,(0x34d0)",2
UNI_ASSEMBLES_DIFF,bitda,"bit 0,(0x34d1)",2
UNI_ASSEMBLES_DIFF,bitda,"bit 0,(0x34d2)",2
UNI_ASSEMBLES_DIFF,bitda,"bit 0,(0x34d3)",2
UNI_ASSEMBLES_DIFF,bitda,"bit 0,(0x3515)",2
UNI_ASSEMBLES_DIFF,bitda,"bit 0,(0x3522)",2
UNI_ASSEMBLES_DIFF,bitda,"bit 0,(0x357a)",2
UNI_ASSEMBLES_DIFF,bitda,"bit 0,(0x35fb)",2
UNI_ASSEMBLES_DIFF,bitda,"bit 0,(0x3601)",2
UNI_ASSEMBLES_DIFF,bitda,"bit 0,(0x364a)",2
UNI_ASSEMBLES_DIFF,bitda,"bit 0,(0x36ff)",2
UNI_ASSEMBLES_DIFF,bitda,"bit 0,(0x3713)",2
UNI_ASSEMBLES_DIFF,bitda,"bit 0,(0x3997)",2
UNI_ASSEMBLES_DIFF,bit_dd8,"bit 0,(0x40)",2
UNI_ASSEMBLES_DIFF,bitda,"bit 0,(0x7d88)",2
UNI_ASSEMBLES_DIFF,bitda,"bit 0,(0x7e27)",2
UNI_ASSEMBLES_DIFF,bitda,"bit 0,(0x7e57)",2
UNI_ASSEMBLES_DIFF,bitda,"bit 0,(0x7e6d)",2
UNI_ASSEMBLES_DIFF,bitda,"bit 0,(0x7f0b)",2
UNI_ASSEMBLES_DIFF,bitda,"bit 0,(0x7f15)",2
UNI_ASSEMBLES_DIFF,bitda,"bit 0,(0x7f35)",2
UNI_ASSEMBLES_DIFF,bitda,"bit 0,(0x8d92)",2
UNI_ASSEMBLES_DIFF,bitda,"bit 0,(0x8ec6)",2
UNI_ASSEMBLES_DIFF,bitda,"bit 0,(0x8f5c)",2
UNI_ASSEMBLES_DIFF,bit_dd8,"bit 0,(0xa9)",2
UNI_ASSEMBLES_DIFF,bitda,"bit 0,(0xb7ee)",2
UNI_ASSEMBLES_DIFF,bitda,"bit 0,(0xc5a0)",2
UNI_ASSEMBLES_DIFF,bitda,"bit 0,(0xfc66)",2
UNI_ASSEMBLES_DIFF,bitda,"bit 0,(0xfd58)",2
UNI_ASSEMBLES_DIFF,bitda,"bit 0,(0xfd59)",2
UNI_ASSEMBLES_DIFF,bitda,"bit 1,(0x0427)",2
UNI_ASSEMBLES_DIFF,bitda,"bit 1,(0x0dc9)",2
UNI_ASSEMBLES_DIFF,bitda,"bit 1,(0x0f64)",2
UNI_ASSEMBLES_DIFF,bitda,"bit 1,(0x230e)",2
UNI_ASSEMBLES_DIFF,bitda,"bit 1,(0x266a)",2
UNI_ASSEMBLES_DIFF,bitda,"bit 1,(0x325f)",2
UNI_ASSEMBLES_DIFF,bitda,"bit 1,(0x3263)",2
UNI_ASSEMBLES_DIFF,bitda,"bit 1,(0x32fc)",2
UNI_ASSEMBLES_DIFF,bitda,"bit 1,(0x32fe)",2
UNI_ASSEMBLES_DIFF,bitda,"bit 1,(0x3300)",2
UNI_ASSEMBLES_DIFF,bitda,"bit 1,(0x3307)",2
UNI_ASSEMBLES_DIFF,bitda,"bit 1,(0x3309)",2
UNI_ASSEMBLES_DIFF,bitda,"bit 1,(0x330e)",2
UNI_ASSEMBLES_DIFF,bitda,"bit 1,(0x3310)",2
UNI_ASSEMBLES_DIFF,bitda,"bit 1,(0x332c)",2
UNI_ASSEMBLES_DIFF,bitda,"bit 1,(0x33e5)",2
UNI_ASSEMBLES_DIFF,bitda,"bit 1,(0x346d)",2
UNI_ASSEMBLES_DIFF,bitda,"bit 1,(0x346e)",2
UNI_ASSEMBLES_DIFF,bitda,"bit 1,(0x34ce)",2
UNI_ASSEMBLES_DIFF,bitda,"bit 1,(0x34cf)",2
UNI_ASSEMBLES_DIFF,bitda,"bit 1,(0x34d2)",2
UNI_ASSEMBLES_DIFF,bitda,"bit 1,(0x34d3)",2
UNI_ASSEMBLES_DIFF,bitda,"bit 1,(0x3522)",2
UNI_ASSEMBLES_DIFF,bitda,"bit 1,(0x3523)",2
UNI_ASSEMBLES_DIFF,bitda,"bit 1,(0x36ff)",2
UNI_ASSEMBLES_DIFF,bitda,"bit 1,(0x37c9)",2
UNI_ASSEMBLES_DIFF,bitda,"bit 1,(0x3997)",2
UNI_ASSEMBLES_DIFF,bitda,"bit 1,(0x7d88)",2
UNI_ASSEMBLES_DIFF,bitda,"bit 1,(0x7e27)",2
UNI_ASSEMBLES_DIFF,bitda,"bit 1,(0x7e53)",2
UNI_ASSEMBLES_DIFF,bitda,"bit 1,(0x7e5f)",2
UNI_ASSEMBLES_DIFF,bitda,"bit 1,(0x7f0b)",2
UNI_ASSEMBLES_DIFF,bitda,"bit 1,(0x7f15)",2
UNI_ASSEMBLES_DIFF,bit_dd8,"bit 1,(0xa9)",2
UNI_ASSEMBLES_DIFF,bitda,"bit 1,(0xc07f)",2
UNI_ASSEMBLES_DIFF,bitda,"bit 1,(0xc5a0)",2
UNI_ASSEMBLES_DIFF,bitda,"bit 1,(0xcede)",2
UNI_ASSEMBLES_DIFF,bitda,"bit 1,(0xe3de)",2
UNI_ASSEMBLES_DIFF,bitda,"bit 1,(0xfc66)",2
UNI_ASSEMBLES_DIFF,bitda,"bit 1,(0xfd2c)",2
UNI_ASSEMBLES_DIFF,bitda,"bit 1,(0xfd58)",2
UNI_ASSEMBLES_DIFF,bitda,"bit 2,(0x1034)",2
UNI_ASSEMBLES_DIFF,bitda,"bit 2,(0x31e7)",2
UNI_ASSEMBLES_DIFF,bitda,"bit 2,(0x3263)",2
UNI_ASSEMBLES_DIFF,bitda,"bit 2,(0x3290)",2
UNI_ASSEMBLES_DIFF,bitda,"bit 2,(0x3300)",2
UNI_ASSEMBLES_DIFF,bitda,"bit 2,(0x3307)",2
UNI_ASSEMBLES_DIFF,bitda,"bit 2,(0x3310)",2
UNI_ASSEMBLES_DIFF,bitda,"bit 2,(0x3362)",2
UNI_ASSEMBLES_DIFF,bitda,"bit 2,(0x33d4)",2
UNI_ASSEMBLES_DIFF,bitda,"bit 2,(0x33e5)",2
UNI_ASSEMBLES_DIFF,bit_dd8,"bit 2,(0x34)",2
UNI_ASSEMBLES_DIFF,bitda,"bit 2,(0x346d)",2
UNI_ASSEMBLES_DIFF,bitda,"bit 2,(0x346e)",2
UNI_ASSEMBLES_DIFF,bitda,"bit 2,(0x34cd)",2
UNI_ASSEMBLES_DIFF,bitda,"bit 2,(0x34d2)",2
UNI_ASSEMBLES_DIFF,bitda,"bit 2,(0x3522)",2
UNI_ASSEMBLES_DIFF,bitda,"bit 2,(0x35b0)",2
UNI_ASSEMBLES_DIFF,bitda,"bit 2,(0x36ff)",2
UNI_ASSEMBLES_DIFF,bitda,"bit 2,(0x3713)",2
UNI_ASSEMBLES_DIFF,bitda,"bit 2,(0x37c9)",2
UNI_ASSEMBLES_DIFF,bitda,"bit 2,(0x7d8b)",2
UNI_ASSEMBLES_DIFF,bitda,"bit 2,(0x7e23)",2
UNI_ASSEMBLES_DIFF,bitda,"bit 2,(0x7e27)",2
UNI_ASSEMBLES_DIFF,bitda,"bit 2,(0x7e79)",2
UNI_ASSEMBLES_DIFF,bit_dd8,"bit 2,(0x80)",2
UNI_ASSEMBLES_DIFF,bitda,"bit 2,(0x8d46)",2
UNI_ASSEMBLES_DIFF,bitda,"bit 2,(0xbd18)",2
UNI_ASSEMBLES_DIFF,bitda,"bit 2,(0xbd1a)",2
UNI_ASSEMBLES_DIFF,bitda,"bit 2,(0xc07e)",2
UNI_ASSEMBLES_DIFF,bitda,"bit 2,(0xc07f)",2
UNI_ASSEMBLES_DIFF,bitda,"bit 2,(0xc5a0)",2
UNI_ASSEMBLES_DIFF,bitda,"bit 3,(0x3284)",2
UNI_ASSEMBLES_DIFF,bitda,"bit 3,(0x3290)",2
UNI_ASSEMBLES_DIFF,bitda,"bit 3,(0x3307)",2
UNI_ASSEMBLES_DIFF,bitda,"bit 3,(0x3362)",2
UNI_ASSEMBLES_DIFF,bitda,"bit 3,(0x33d4)",2
UNI_ASSEMBLES_DIFF,bitda,"bit 3,(0x33de)",2
UNI_ASSEMBLES_DIFF,bitda,"bit 3,(0x346d)",2
UNI_ASSEMBLES_DIFF,bitda,"bit 3,(0x347e)",2
UNI_ASSEMBLES_DIFF,bitda,"bit 3,(0x347f)",2
UNI_ASSEMBLES_DIFF,bitda,"bit 3,(0x349f)",2
UNI_ASSEMBLES_DIFF,bitda,"bit 3,(0x3522)",2
UNI_ASSEMBLES_DIFF,bitda,"bit 3,(0x35fc)",2
UNI_ASSEMBLES_DIFF,bitda,"bit 3,(0x36ff)",2
UNI_ASSEMBLES_DIFF,bitda,"bit 3,(0x37c9)",2
UNI_ASSEMBLES_DIFF,bit_dd8,"bit 3,(0x67)",2
UNI_ASSEMBLES_DIFF,bitda,"bit 3,(0x7e27)",2
UNI_ASSEMBLES_DIFF,bitda,"bit 3,(0x7f15)",2
UNI_ASSEMBLES_DIFF,bitda,"bit 3,(0x8d52)",2
UNI_ASSEMBLES_DIFF,bit_dd8,"bit 3,(0x96)",2
UNI_ASSEMBLES_DIFF,bitda,"bit 3,(0xc5a0)",2
UNI_ASSEMBLES_DIFF,bitda,"bit 3,(0xe3e2)",2
UNI_ASSEMBLES_DIFF,bit_dd8,"bit 4,(0x1f)",2
UNI_ASSEMBLES_DIFF,bitda,"bit 4,(0x28ad)",2
UNI_ASSEMBLES_DIFF,bitda,"bit 4,(0x28b3)",2
UNI_ASSEMBLES_DIFF,bitda,"bit 4,(0x3284)",2
UNI_ASSEMBLES_DIFF,bitda,"bit 4,(0x3290)",2
UNI_ASSEMBLES_DIFF,bitda,"bit 4,(0x3307)",2
UNI_ASSEMBLES_DIFF,bitda,"bit 4,(0x3362)",2
UNI_ASSEMBLES_DIFF,bitda,"bit 4,(0x33d4)",2
UNI_ASSEMBLES_DIFF,bitda,"bit 4,(0x33de)",2
UNI_ASSEMBLES_DIFF,bitda,"bit 4,(0x347e)",2
UNI_ASSEMBLES_DIFF,bitda,"bit 4,(0x347f)",2
UNI_ASSEMBLES_DIFF,bitda,"bit 4,(0x34cf)",2
UNI_ASSEMBLES_DIFF,bitda,"bit 4,(0x36ff)",2
UNI_ASSEMBLES_DIFF,bitda,"bit 4,(0x7f15)",2
UNI_ASSEMBLES_DIFF,bitda,"bit 4,(0x8d8c)",2
UNI_ASSEMBLES_DIFF,bitda,"bit 4,(0x90f9)",2
UNI_ASSEMBLES_DIFF,bitda,"bit 4,(0xbd18)",2
UNI_ASSEMBLES_DIFF,bitda,"bit 4,(0xc488)",2
UNI_ASSEMBLES_DIFF,bitda,"bit 4,(0xe3de)",2
UNI_ASSEMBLES_DIFF,bitda,"bit 4,(0xe3e0)",2
UNI_ASSEMBLES_DIFF,bitda,"bit 4,(0xfd57)",2
UNI_ASSEMBLES_DIFF,bitda,"bit 5,(0x0d54)",2
UNI_ASSEMBLES_DIFF,bitda,"bit 5,(0x3290)",2
UNI_ASSEMBLES_DIFF,bitda,"bit 5,(0x32f3)",2
UNI_ASSEMBLES_DIFF,bitda,"bit 5,(0x32f4)",2
UNI_ASSEMBLES_DIFF,bitda,"bit 5,(0x3362)",2
UNI_ASSEMBLES_DIFF,bitda,"bit 5,(0x33d4)",2
UNI_ASSEMBLES_DIFF,bitda,"bit 5,(0x33de)",2
UNI_ASSEMBLES_DIFF,bitda,"bit 5,(0x347e)",2
UNI_ASSEMBLES_DIFF,bitda,"bit 5,(0x347f)",2
UNI_ASSEMBLES_DIFF,bitda,"bit 5,(0x3713)",2
UNI_ASSEMBLES_DIFF,bitda,"bit 5,(0x7e53)",2
UNI_ASSEMBLES_DIFF,bitda,"bit 5,(0x8e76)",2
UNI_ASSEMBLES_DIFF,bit_dd8,"bit 5,(0xa9)",2
UNI_ASSEMBLES_DIFF,bitda,"bit 5,(0xbd18)",2
UNI_ASSEMBLES_DIFF,bitda,"bit 5,(0xbd1a)",2
UNI_ASSEMBLES_DIFF,bitda,"bit 5,(0xfd57)",2
UNI_ASSEMBLES_DIFF,bitda,"bit 6,(0x0427)",2
UNI_ASSEMBLES_DIFF,bitda,"bit 6,(0x3281)",2
UNI_ASSEMBLES_DIFF,bitda,"bit 6,(0x346e)",2
UNI_ASSEMBLES_DIFF,bitda,"bit 6,(0x347e)",2
UNI_ASSEMBLES_DIFF,bitda,"bit 6,(0x347f)",2
UNI_ASSEMBLES_DIFF,bitda,"bit 6,(0x34cd)",2
UNI_ASSEMBLES_DIFF,bitda,"bit 6,(0x34d0)",2
UNI_ASSEMBLES_DIFF,bitda,"bit 6,(0x3713)",2
UNI_ASSEMBLES_DIFF,bitda,"bit 6,(0x8a0d)",2
UNI_ASSEMBLES_DIFF,bitda,"bit 6,(0xb7e2)",2
UNI_ASSEMBLES_DIFF,bitda,"bit 6,(0xbd1a)",2
UNI_ASSEMBLES_DIFF,bitda,"bit 6,(0xbd1c)",2
UNI_ASSEMBLES_DIFF,bitda,"bit 6,(0xc1f0)",2
UNI_ASSEMBLES_DIFF,bitda,"bit 6,(0xe3de)",2
UNI_ASSEMBLES_DIFF,bitda,"bit 6,(0xf9c3)",2
UNI_ASSEMBLES_DIFF,bitda,"bit 6,(0xf9dd)",2
UNI_ASSEMBLES_DIFF,bitda,"bit 6,(0xf9f7)",2
UNI_ASSEMBLES_DIFF,bitda,"bit 6,(0xfd57)",2
UNI_ASSEMBLES_DIFF,bitda,"bit 6,(0xfd9e)",2
UNI_ASSEMBLES_DIFF,bitda,"bit 7,(0x041e)",2
UNI_ASSEMBLES_DIFF,bitda,"bit 7,(0x2966)",2
UNI_ASSEMBLES_DIFF,bitda,"bit 7,(0x3281)",2
UNI_ASSEMBLES_DIFF,bitda,"bit 7,(0x32f3)",2
UNI_ASSEMBLES_DIFF,bitda,"bit 7,(0x332c)",2
UNI_ASSEMBLES_DIFF,bitda,"bit 7,(0x3361)",2
UNI_ASSEMBLES_DIFF,bitda,"bit 7,(0x347a)",2
UNI_ASSEMBLES_DIFF,bitda,"bit 7,(0x347e)",2
UNI_ASSEMBLES_DIFF,bitda,"bit 7,(0x347f)",2
UNI_ASSEMBLES_DIFF,bitda,"bit 7,(0x3498)",2
UNI_ASSEMBLES_DIFF,bitda,"bit 7,(0x34cd)",2
UNI_ASSEMBLES_DIFF,bitda,"bit 7,(0x34cf)",2
UNI_ASSEMBLES_DIFF,bitda,"bit 7,(0x34d1)",2
UNI_ASSEMBLES_DIFF,bitda,"bit 7,(0x34f1)",2
UNI_ASSEMBLES_DIFF,bitda,"bit 7,(0x3522)",2
UNI_ASSEMBLES_DIFF,bitda,"bit 7,(0x3713)",2
UNI_ASSEMBLES_DIFF,bitda,"bit 7,(0x7f16)",2
UNI_ASSEMBLES_DIFF,bitda,"bit 7,(0x8a0d)",2
UNI_ASSEMBLES_DIFF,bitda,"bit 7,(0x8ee0)",2
UNI_ASSEMBLES_DIFF,bitda,"bit 7,(0x8ee2)",2
UNI_ASSEMBLES_DIFF,bitda,"bit 7,(0x8ee4)",2
UNI_ASSEMBLES_DIFF,bitda,"bit 7,(0x915d)",2
UNI_ASSEMBLES_DIFF,bitda,"bit 7,(0x91cf)",2
UNI_ASSEMBLES_DIFF,bit_dd8,"bit 7,(0x94)",2
UNI_ASSEMBLES_DIFF,bitda,"bit 7,(0xbd18)",2
UNI_ASSEMBLES_DIFF,bitda,"bit 7,(0xbd1a)",2
UNI_ASSEMBLES_DIFF,bitda,"bit 7,(0xc2ce)",2
UNI_ASSEMBLES_DIFF,bitda,"bit 7,(0xe3de)",2
UNI_ASSEMBLES_DIFF,bitda,"bit 7,(0xfd53)",2
UNI_ASSEMBLES_DIFF,bitda,"bit 7,(0xfd58)",2
UNI_ASSEMBLES_DIFF,cpdm32,"cp (0x0000),XSP",2
UNI_ASSEMBLES_DIFF,cpdi8,"cp (0x0415),0x5f",2
UNI_ASSEMBLES_DIFF,cpdm8,"cp (0x0416),A",2
UNI_ASSEMBLES_DIFF,cpdi8,"cp (0x0434),0x01",2
UNI_ASSEMBLES_DIFF,cpdi8,"cp (0x0454),0x00",2
UNI_ASSEMBLES_DIFF,cpdi8,"cp (0x06b8),0x01",2
UNI_ASSEMBLES_DIFF,cpdi8,"cp (0x0c52),0x09",2
UNI_ASSEMBLES_DIFF,cpdi8,"cp (0x0c5b),0x09",2
UNI_ASSEMBLES_DIFF,cpdi8,"cp (0x0c8f),0x80",2
UNI_ASSEMBLES_DIFF,cpdi8,"cp (0x0c9a),0x02",2
UNI_ASSEMBLES_DIFF,cpdi8,"cp (0x0d67),0x04",2
UNI_ASSEMBLES_DIFF,cpdi8,"cp (0x0dc1),0x00",2
UNI_ASSEMBLES_DIFF,cpdi8,"cp (0x0dc2),0x00",2
UNI_ASSEMBLES_DIFF,cpdi8,"cp (0x0def),0x02",2
UNI_ASSEMBLES_DIFF,cpdi8,"cp (0x0f63),0x00",2
UNI_ASSEMBLES_DIFF,cpdi8,"cp (0x0f63),0x01",2
UNI_ASSEMBLES_DIFF,cpdm32,"cp (0x1040),XIZ",2
UNI_ASSEMBLES_DIFF,cpdm8,"cp (0x1073),A",2
UNI_ASSEMBLES_DIFF,cpdi8,"cp (0x10fa),0x00",2
UNI_ASSEMBLES_DIFF,cpdi8,"cp (0x11bb),0x40",2
UNI_ASSEMBLES_DIFF,cpdi8,"cp (0x11f4),0x01",2
UNI_ASSEMBLES_DIFF,cpdm32,"cp (0x19e8),XWA",2
UNI_ASSEMBLES_DIFF,cpdi8,"cp (0x1ae0),0xff",2
UNI_ASSEMBLES_DIFF,cpdi8,"cp (0x1d5e),0x00",2
UNI_ASSEMBLES_DIFF,cpdi8,"cp (0x1d90),0x00",2
UNI_ASSEMBLES_DIFF,cpdm8,"cp (0x207b),A",2
UNI_ASSEMBLES_DIFF,cpdm8,"cp (0x207d),L",2
UNI_ASSEMBLES_DIFF,cpdm8,"cp (0x2208),A",2
UNI_ASSEMBLES_DIFF,cpdm8,"cp (0x2209),A",2
UNI_ASSEMBLES_DIFF,cpdm16,"cp (0x251c),WA",2
UNI_ASSEMBLES_DIFF,cpdm16,"cp (0x2520),WA",2
UNI_ASSEMBLES_DIFF,cpdi8,"cp (0x327f),0x30",2
UNI_ASSEMBLES_DIFF,cpdm8,"cp (0x327f),A",2
UNI_ASSEMBLES_DIFF,cpdi8,"cp (0x3280),0x00",2
UNI_ASSEMBLES_DIFF,cpdm8,"cp (0x3280),W",2
UNI_ASSEMBLES_DIFF,cpdi8,"cp (0x32cc),0x0c",2
UNI_ASSEMBLES_DIFF,cpdi8,"cp (0x32d9),0x00",2
UNI_ASSEMBLES_DIFF,cpdi8,"cp (0x32dc),0x00",2
UNI_ASSEMBLES_DIFF,cpdi8,"cp (0x32e2),0x00",2
UNI_ASSEMBLES_DIFF,cpdi8,"cp (0x32e6),0x00",2
UNI_ASSEMBLES_DIFF,cpdi8,"cp (0x32e6),0x01",2
UNI_ASSEMBLES_DIFF,cpdi8,"cp (0x32e6),0x02",2
UNI_ASSEMBLES_DIFF,cpdi8,"cp (0x32e6),0x03",2
UNI_ASSEMBLES_DIFF,cpdi8,"cp (0x32e6),0x04",2
UNI_ASSEMBLES_DIFF,cpdi8,"cp (0x32e6),0x05",2
UNI_ASSEMBLES_DIFF,cpdi8,"cp (0x32e6),0x06",2
UNI_ASSEMBLES_DIFF,cpdi8,"cp (0x32ed),0x20",2
UNI_ASSEMBLES_DIFF,cpdi8,"cp (0x32ee),0x20",2
UNI_ASSEMBLES_DIFF,cpdi8,"cp (0x32f1),0x0e",2
UNI_ASSEMBLES_DIFF,cpdi8,"cp (0x32f5),0x80",2
UNI_ASSEMBLES_DIFF,cpdi8,"cp (0x3312),0x00",2
UNI_ASSEMBLES_DIFF,cpdi8,"cp (0x3313),0x00",2
UNI_ASSEMBLES_DIFF,cpdi8,"cp (0x3314),0x00",2
UNI_ASSEMBLES_DIFF,cpdi8,"cp (0x3315),0x00",2
UNI_ASSEMBLES_DIFF,cpdi8,"cp (0x3316),0x00",2
UNI_ASSEMBLES_DIFF,cpdi8,"cp (0x3317),0x00",2
UNI_ASSEMBLES_DIFF,cpdi8,"cp (0x3318),0x00",2
UNI_ASSEMBLES_DIFF,cpdi8,"cp (0x3334),0x03",2
UNI_ASSEMBLES_DIFF,cpdm16,"cp (0x3372),WA",2
UNI_ASSEMBLES_DIFF,cpdi8,"cp (0x3391),0x91",2
UNI_ASSEMBLES_DIFF,cpdi8,"cp (0x3392),0x00",2
UNI_ASSEMBLES_DIFF,cpdm16,"cp (0x3395),WA",2
UNI_ASSEMBLES_DIFF,cpdm16,"cp (0x3397),WA",2
UNI_ASSEMBLES_DIFF,cpdm16,"cp (0x3399),WA",2
UNI_ASSEMBLES_DIFF,cpdm16,"cp (0x339b),WA",2
UNI_ASSEMBLES_DIFF,cpdm16,"cp (0x339d),WA",2
UNI_ASSEMBLES_DIFF,cpdi8,"cp (0x339f),0x01",2
UNI_ASSEMBLES_DIFF,cpdi8,"cp (0x3408),0x80",2
UNI_ASSEMBLES_DIFF,cpdi8,"cp (0x340a),0x00",2
UNI_ASSEMBLES_DIFF,cpdi8,"cp (0x342d),0x90",2
UNI_ASSEMBLES_DIFF,cpdi8,"cp (0x342e),0x00",2
UNI_ASSEMBLES_DIFF,cpdi8,"cp (0x342f),0x5d",2
UNI_ASSEMBLES_DIFF,cpdi8,"cp (0x343a),0x0b",2
UNI_ASSEMBLES_DIFF,cpdi8,"cp (0x343a),0x0c",2
UNI_ASSEMBLES_DIFF,cpdi8,"cp (0x343d),0x04",2
UNI_ASSEMBLES_DIFF,cpdi8,"cp (0x343d),0x05",2
UNI_ASSEMBLES_DIFF,cpdi8,"cp (0x3453),0x00",2
UNI_ASSEMBLES_DIFF,cpdi8,"cp (0x3453),0x01",2
UNI_ASSEMBLES_DIFF,cpdi8,"cp (0x3453),0x02",2
UNI_ASSEMBLES_DIFF,cpdi8,"cp (0x3453),0x03",2
UNI_ASSEMBLES_DIFF,cpdi8,"cp (0x3479),0x00",2
UNI_ASSEMBLES_DIFF,cpdm8,"cp (0x34a1),A",2
UNI_ASSEMBLES_DIFF,cpdi8,"cp (0x34a7),0x00",2
UNI_ASSEMBLES_DIFF,cpdi8,"cp (0x34a8),0x00",2
UNI_ASSEMBLES_DIFF,cpdi8,"cp (0x34a9),0x00",2
UNI_ASSEMBLES_DIFF,cpdi8,"cp (0x34aa),0x00",2
UNI_ASSEMBLES_DIFF,cpdi8,"cp (0x34d6),0x0b",2
UNI_ASSEMBLES_DIFF,cpdi8,"cp (0x34d6),0x0e",2
UNI_ASSEMBLES_DIFF,cpdi8,"cp (0x34d6),0x0f",2
UNI_ASSEMBLES_DIFF,cpdi8,"cp (0x34d6),0x14",2
UNI_ASSEMBLES_DIFF,cpdi8,"cp (0x34d6),0x15",2
UNI_ASSEMBLES_DIFF,cpdi8,"cp (0x34d6),0x1a",2
UNI_ASSEMBLES_DIFF,cpdi8,"cp (0x34d6),0x1b",2
UNI_ASSEMBLES_DIFF,cpdi8,"cp (0x34d7),0x00",2
UNI_ASSEMBLES_DIFF,cpdi8,"cp (0x34d7),0x01",2
UNI_ASSEMBLES_DIFF,cpdi8,"cp (0x34d9),0x03",2
UNI_ASSEMBLES_DIFF,cpdi8,"cp (0x34d9),0x06",2
UNI_ASSEMBLES_DIFF,cpdi8,"cp (0x34d9),0x08",2
UNI_ASSEMBLES_DIFF,cpdi8,"cp (0x34db),0x03",2
UNI_ASSEMBLES_DIFF,cpdi8,"cp (0x34db),0x07",2
UNI_ASSEMBLES_DIFF,cpdi8,"cp (0x34db),0x08",2
UNI_ASSEMBLES_DIFF,cpdi8,"cp (0x34ee),0x00",2
UNI_ASSEMBLES_DIFF,cpdi8,"cp (0x34ef),0x10",2
UNI_ASSEMBLES_DIFF,cpdi8,"cp (0x34ef),0x13",2
UNI_ASSEMBLES_DIFF,cpdi8,"cp (0x34fa),0x00",2
UNI_ASSEMBLES_DIFF,cpdi8,"cp (0x34fb),0x00",2
UNI_ASSEMBLES_DIFF,cpdi8,"cp (0x34fc),0x00",2
UNI_ASSEMBLES_DIFF,cpdi8,"cp (0x34fc),0x30",2
UNI_ASSEMBLES_DIFF,cpdi8,"cp (0x3518),0x00",2
UNI_ASSEMBLES_DIFF,cpdi8,"cp (0x3525),0xb5",2
UNI_ASSEMBLES_DIFF,cpdi8,"cp (0x35ff),0x00",2
UNI_ASSEMBLES_DIFF,cpdi8,"cp (0x365d),0x91",2
UNI_ASSEMBLES_DIFF,cpdi8,"cp (0x36ed),0x00",2
UNI_ASSEMBLES_DIFF,cpdi8,"cp (0x370f),0x00",2
UNI_ASSEMBLES_DIFF,cpdi8,"cp (0x3712),0x04",2
UNI_ASSEMBLES_DIFF,cpdi8,"cp (0x3712),0x05",2
UNI_ASSEMBLES_DIFF,cpdi8,"cp (0x3717),0x63",2
UNI_ASSEMBLES_DIFF,cpdi8,"cp (0x3720),0x03",2
UNI_ASSEMBLES_DIFF,cpdi8,"cp (0x372d),0x01",2
UNI_ASSEMBLES_DIFF,cpdi8,"cp (0x372d),0x02",2
UNI_ASSEMBLES_DIFF,cpdi8,"cp (0x372d),0x04",2
UNI_ASSEMBLES_DIFF,cpdi8,"cp (0x372d),0x08",2
UNI_ASSEMBLES_DIFF,cpdi8,"cp (0x372d),0x10",2
UNI_ASSEMBLES_DIFF,cpdi8,"cp (0x372d),0x20",2
UNI_ASSEMBLES_DIFF,cpdi8,"cp (0x37b9),0xff",2
UNI_ASSEMBLES_DIFF,cpdi8,"cp (0x37c8),0x00",2
UNI_ASSEMBLES_DIFF,cpdm8,"cp (0x3834),C",2
UNI_ASSEMBLES_DIFF,cpdi8,"cp (0x38b4),0x84",2
UNI_ASSEMBLES_DIFF,cpdi8,"cp (0x390b),0x02",2
UNI_ASSEMBLES_DIFF,cpdi8,"cp (0x390c),0x00",2
UNI_ASSEMBLES_DIFF,cpdi8,"cp (0x390c),0x01",2
UNI_ASSEMBLES_DIFF,cpdi8,"cp (0x3950),0x83",2
UNI_ASSEMBLES_DIFF,cpdi8,"cp (0x3991),0x00",2
UNI_ASSEMBLES_DIFF,cpdi8,"cp (0x3992),0x00",2
UNI_ASSEMBLES_DIFF,cpdi8,"cp (0x3993),0x00",2
UNI_ASSEMBLES_DIFF,cpdi8,"cp (0x3994),0x00",2
UNI_ASSEMBLES_DIFF,cpdi8,"cp (0x3995),0x00",2
UNI_ASSEMBLES_DIFF,cpdi8,"cp (0x3996),0x00",2
UNI_ASSEMBLES_DIFF,cpdi8,"cp (0x39b6),0x0a",2
UNI_ASSEMBLES_DIFF,cpdi8,"cp (0x39b7),0x0a",2
UNI_ASSEMBLES_DIFF,cpdi8,"cp (0x39db),0x00",2
UNI_ASSEMBLES_DIFF,cpdi8,"cp (0x39e2),0x00",2
UNI_ASSEMBLES_DIFF,cpdi8,"cp (0x39e4),0x01",2
UNI_ASSEMBLES_DIFF,cpdi8,"cp (0x3a78),0x00",2
UNI_ASSEMBLES_DIFF,cpdi8,"cp (0x3a79),0xc0",2
UNI_ASSEMBLES_DIFF,cpdi8,"cp (0x3a7a),0x00",2
UNI_ASSEMBLES_DIFF,cpdi8,"cp (0x3a7b),0xc0",2
UNI_ASSEMBLES_DIFF,cpdi8,"cp (0x483a),0x00",2
UNI_ASSEMBLES_DIFF,cpdi8,"cp (0x4a4a),0x01",2
UNI_ASSEMBLES_DIFF,cpdi8,"cp (0x7d89),0x80",2
UNI_ASSEMBLES_DIFF,cpdi8,"cp (0x7e70),0x00",2
UNI_ASSEMBLES_DIFF,cpdi8,"cp (0x7ea6),0x0f",2
UNI_ASSEMBLES_DIFF,cpdi8,"cp (0x7f14),0x05",2
UNI_ASSEMBLES_DIFF,cpdi8,"cp (0x7f3d),0x00",2
UNI_ASSEMBLES_DIFF,cpdi8,"cp (0x7f5c),0x7c",2
UNI_ASSEMBLES_DIFF,cpdi8,"cp (0x7f5e),0x7b",2
UNI_ASSEMBLES_DIFF,cpdi8,"cp (0x7f6c),0x00",2
UNI_ASSEMBLES_DIFF,cpdi8,"cp (0x7f6e),0x64",2
UNI_ASSEMBLES_DIFF,cpdi8,"cp (0x808a),0x61",2
UNI_ASSEMBLES_DIFF,cpdm8,"cp (0x843c),A",2
UNI_ASSEMBLES_DIFF,cpdi8,"cp (0x889e),0x00",2
UNI_ASSEMBLES_DIFF,cpdi8,"cp (0x893e),0x00",2
UNI_ASSEMBLES_DIFF,cpdi8,"cp (0x8940),0x00",2
UNI_ASSEMBLES_DIFF,cpdi8,"cp (0x895c),0x04",2
UNI_ASSEMBLES_DIFF,cpdi8,"cp (0x89f8),0x00",2
UNI_ASSEMBLES_DIFF,cpdi8,"cp (0x89f8),0x02",2
UNI_ASSEMBLES_DIFF,cpdm8,"cp (0x8a00),A",2
UNI_ASSEMBLES_DIFF,cpdm8,"cp (0x8a08),L",2
UNI_ASSEMBLES_DIFF,cpdi8,"cp (0x8a0a),0x00",2
UNI_ASSEMBLES_DIFF,cpdi8,"cp (0x8a16),0xa5",2
UNI_ASSEMBLES_DIFF,cpdi8,"cp (0x8a29),0x00",2
UNI_ASSEMBLES_DIFF,cpdi8,"cp (0x8a29),0x01",2
UNI_ASSEMBLES_DIFF,cpdi8,"cp (0x8a2a),0x01",2
UNI_ASSEMBLES_DIFF,cpdi8,"cp (0x8a2c),0x00",2
UNI_ASSEMBLES_DIFF,cpdi8,"cp (0x8a2d),0x00",2
UNI_ASSEMBLES_DIFF,cpdi8,"cp (0x8a2d),0x08",2
UNI_ASSEMBLES_DIFF,cpdi8,"cp (0x8a2d),0x12",2
UNI_ASSEMBLES_DIFF,cpdi8,"cp (0x8a2d),0xff",2
UNI_ASSEMBLES_DIFF,cpdi8,"cp (0x8a61),0x80",2
UNI_ASSEMBLES_DIFF,cpdi8,"cp (0x8c98),0x07",2
UNI_ASSEMBLES_DIFF,cpdi8,"cp (0x8c98),0x0b",2
UNI_ASSEMBLES_DIFF,cpdi8,"cp (0x8c9a),0x67",2
UNI_ASSEMBLES_DIFF,cpdi8,"cp (0x8c9a),0x6b",2
UNI_ASSEMBLES_DIFF,cpdi8,"cp (0x8c9a),0x77",2
UNI_ASSEMBLES_DIFF,cpdi8,"cp (0x8c9a),0x79",2
UNI_ASSEMBLES_DIFF,cpdi8,"cp (0x8c9a),0x88",2
UNI_ASSEMBLES_DIFF,cpdi8,"cp (0x8c9a),0xb4",2
UNI_ASSEMBLES_DIFF,cpdi8,"cp (0x8c9b),0x78",2
UNI_ASSEMBLES_DIFF,cpdi8,"cp (0x8c9b),0x7a",2
UNI_ASSEMBLES_DIFF,cpdi8,"cp (0x8c9b),0xb6",2
UNI_ASSEMBLES_DIFF,cpdi8,"cp (0x8c9c),0x81",2
UNI_ASSEMBLES_DIFF,cpdi8,"cp (0x8c9c),0xb5",2
UNI_ASSEMBLES_DIFF,cpdi8,"cp (0x8c9c),0xc9",2
UNI_ASSEMBLES_DIFF,cpdi8,"cp (0x8c9c),0xe7",2
UNI_ASSEMBLES_DIFF,cpdi8,"cp (0x8ca4),0x00",2
UNI_ASSEMBLES_DIFF,cpdi8,"cp (0x8d34),0x14",2
UNI_ASSEMBLES_DIFF,cpdi8,"cp (0x8d35),0x0e",2
UNI_ASSEMBLES_DIFF,cpdi8,"cp (0x8d35),0x11",2
UNI_ASSEMBLES_DIFF,cpdi8,"cp (0x8d36),0x01",2
UNI_ASSEMBLES_DIFF,cpdi8,"cp (0x8d36),0x03",2
UNI_ASSEMBLES_DIFF,cpdi8,"cp (0x8d36),0x08",2
UNI_ASSEMBLES_DIFF,cpdi8,"cp (0x8d36),0x10",2
UNI_ASSEMBLES_DIFF,cpdi8,"cp (0x8d36),0x41",2
UNI_ASSEMBLES_DIFF,cpdi8,"cp (0x8d36),0x85",2
UNI_ASSEMBLES_DIFF,cpdi8,"cp (0x8d36),0x8b",2
UNI_ASSEMBLES_DIFF,cpdi8,"cp (0x8d36),0x95",2
UNI_ASSEMBLES_DIFF,cpdi8,"cp (0x8d36),0xb0",2
UNI_ASSEMBLES_DIFF,cpdi8,"cp (0x8d36),0xb1",2
UNI_ASSEMBLES_DIFF,cpdi8,"cp (0x8d36),0xb2",2
UNI_ASSEMBLES_DIFF,cpdi8,"cp (0x8d36),0xbd",2
UNI_ASSEMBLES_DIFF,cpdi8,"cp (0x8d36),0xc0",2
UNI_ASSEMBLES_DIFF,cpdi8,"cp (0x8d36),0xf8",2
UNI_ASSEMBLES_DIFF,cpdm8,"cp (0x8d36),A",2
UNI_ASSEMBLES_DIFF,cpdi8,"cp (0x8d37),0x60",2
UNI_ASSEMBLES_DIFF,cpdi8,"cp (0x8d37),0x66",2
UNI_ASSEMBLES_DIFF,cpdi8,"cp (0x8d37),0x72",2
UNI_ASSEMBLES_DIFF,cpdi8,"cp (0x8d37),0x76",2
UNI_ASSEMBLES_DIFF,cpdi8,"cp (0x8d37),0x77",2
UNI_ASSEMBLES_DIFF,cpdi8,"cp (0x8d37),0x79",2
UNI_ASSEMBLES_DIFF,cpdi8,"cp (0x8d37),0xb4",2
UNI_ASSEMBLES_DIFF,cpdi8,"cp (0x8d37),0xb9",2
UNI_ASSEMBLES_DIFF,cpdi8,"cp (0x8d37),0xba",2
UNI_ASSEMBLES_DIFF,cpdi8,"cp (0x8d37),0xbe",2
UNI_ASSEMBLES_DIFF,cpdi8,"cp (0x8d37),0xc9",2
UNI_ASSEMBLES_DIFF,cpdi8,"cp (0x8d37),0xcb",2
UNI_ASSEMBLES_DIFF,cpdi8,"cp (0x8d37),0xcc",2
UNI_ASSEMBLES_DIFF,cpdi8,"cp (0x8d37),0xdc",2
UNI_ASSEMBLES_DIFF,cpdi8,"cp (0x8d38),0x22",2
UNI_ASSEMBLES_DIFF,cpdi8,"cp (0x8d38),0x26",2
UNI_ASSEMBLES_DIFF,cpdi8,"cp (0x8d38),0x85",2
UNI_ASSEMBLES_DIFF,cpdi8,"cp (0x8d38),0xb6",2
UNI_ASSEMBLES_DIFF,cpdi8,"cp (0x8d38),0xb8",2
UNI_ASSEMBLES_DIFF,cpdi8,"cp (0x8d38),0xc8",2
UNI_ASSEMBLES_DIFF,cpdi8,"cp (0x8d38),0xe7",2
UNI_ASSEMBLES_DIFF,cpdi8,"cp (0x8d38),0xea",2
UNI_ASSEMBLES_DIFF,cpdm8,"cp (0x8d38),A",2
UNI_ASSEMBLES_DIFF,cpdi8,"cp (0x8d39),0x82",2
UNI_ASSEMBLES_DIFF,cpdi8,"cp (0x8d39),0x83",2
UNI_ASSEMBLES_DIFF,cpdi8,"cp (0x8d39),0x88",2
UNI_ASSEMBLES_DIFF,cpdm8,"cp (0x8d3a),A",2
UNI_ASSEMBLES_DIFF,cpdi8,"cp (0x8d3c),0x00",2
UNI_ASSEMBLES_DIFF,cpdi8,"cp (0x8d44),0x00",2
UNI_ASSEMBLES_DIFF,cpdi8,"cp (0x8d50),0x01",2
UNI_ASSEMBLES_DIFF,cpdi8,"cp (0x8d97),0x00",2
UNI_ASSEMBLES_DIFF,cpdi8,"cp (0x8d98),0x14",2
UNI_ASSEMBLES_DIFF,cpdi8,"cp (0x8d9a),0x2a",2
UNI_ASSEMBLES_DIFF,cpdi8,"cp (0x8e4b),0x70",2
UNI_ASSEMBLES_DIFF,cpdi8,"cp (0x8e50),0x0f",2
UNI_ASSEMBLES_DIFF,cpdi8,"cp (0x8e5e),0x6c",2
UNI_ASSEMBLES_DIFF,cpdi8,"cp (0x8e60),0x38",2
UNI_ASSEMBLES_DIFF,cpdm8,"cp (0x8e6a),W",2
UNI_ASSEMBLES_DIFF,cpdi8,"cp (0x8e74),0x00",2
UNI_ASSEMBLES_DIFF,cpdm8,"cp (0x8ee8),A",2
UNI_ASSEMBLES_DIFF,cpdi8,"cp (0x8f60),0x02",2
UNI_ASSEMBLES_DIFF,cpdi8,"cp (0x9093),0x01",2
UNI_ASSEMBLES_DIFF,cpdi8,"cp (0x90ea),0x80",2
UNI_ASSEMBLES_DIFF,cpdi8,"cp (0x90ea),0xf0",2
UNI_ASSEMBLES_DIFF,cpdi8,"cp (0x9119),0xff",2
UNI_ASSEMBLES_DIFF,cpdi8,"cp (0x912a),0x00",2
UNI_ASSEMBLES_DIFF,cpdi8,"cp (0x915b),0x00",2
UNI_ASSEMBLES_DIFF,cpdi8,"cp (0x915b),0x17",2
UNI_ASSEMBLES_DIFF,cpdi8,"cp (0x915b),0xb0",2
UNI_ASSEMBLES_DIFF,cpdi8,"cp (0x91ad),0xff",2
UNI_ASSEMBLES_DIFF,cpdi8,"cp (0x91b5),0x80",2
UNI_ASSEMBLES_DIFF,cpdi8,"cp (0x91c7),0x0f",2
UNI_ASSEMBLES_DIFF,cpdi8,"cp (0x91c8),0x10",2
UNI_ASSEMBLES_DIFF,cpdi8,"cp (0x91cd),0x0f",2
UNI_ASSEMBLES_DIFF,cpdi8,"cp (0x91d2),0xff",2
UNI_ASSEMBLES_DIFF,cpdi8,"cp (0x95d1),0x80",2
UNI_ASSEMBLES_DIFF,cpdi8,"cp (0x964d),0x00",2
UNI_ASSEMBLES_DIFF,cpdi8,"cp (0xb7f0),0x00",2
UNI_ASSEMBLES_DIFF,cpdi8,"cp (0xbca0),0xff",2
UNI_ASSEMBLES_DIFF,cpdi8,"cp (0xbd20),0x01",2
UNI_ASSEMBLES_DIFF,cpdi8,"cp (0xbf39),0xff",2
UNI_ASSEMBLES_DIFF,cpdi8,"cp (0xbfe1),0x20",2
UNI_ASSEMBLES_DIFF,cpdi8,"cp (0xbfe2),0x00",2
UNI_ASSEMBLES_DIFF,cpdi8,"cp (0xc039),0xff",2
UNI_ASSEMBLES_DIFF,cpdi8,"cp (0xc07d),0x01",2
UNI_ASSEMBLES_DIFF,cpdi8,"cp (0xc07d),0x06",2
UNI_ASSEMBLES_DIFF,cpdi8,"cp (0xc07d),0x10",2
UNI_ASSEMBLES_DIFF,cpdi8,"cp (0xc07d),0x21",2
UNI_ASSEMBLES_DIFF,cpdi8,"cp (0xc07d),0x41",2
UNI_ASSEMBLES_DIFF,cpdi8,"cp (0xc07e),0x04",2
UNI_ASSEMBLES_DIFF,cpdi8,"cp (0xc080),0x18",2
UNI_ASSEMBLES_DIFF,cpdi8,"cp (0xc1ec),0x00",2
UNI_ASSEMBLES_DIFF,cpdi8,"cp (0xc1ec),0x7f",2
UNI_ASSEMBLES_DIFF,cpdi8,"cp (0xc2ba),0x02",2
UNI_ASSEMBLES_DIFF,cpdi8,"cp (0xc2ba),0x15",2
UNI_ASSEMBLES_DIFF,cpdi8,"cp (0xc2bb),0x16",2
UNI_ASSEMBLES_DIFF,cpdi8,"cp (0xc362),0x00",2
UNI_ASSEMBLES_DIFF,cpdi8,"cp (0xc363),0xff",2
UNI_ASSEMBLES_DIFF,cpdi8,"cp (0xc365),0x15",2
UNI_ASSEMBLES_DIFF,cpdi8,"cp (0xc420),0x02",2
UNI_ASSEMBLES_DIFF,cpdi8,"cp (0xc420),0x15",2
UNI_ASSEMBLES_DIFF,cpdi8,"cp (0xc421),0x16",2
UNI_ASSEMBLES_DIFF,cpdi8,"cp (0xc59e),0xff",2
UNI_ASSEMBLES_DIFF,cpdm8,"cp (0xc5a8),C",2
UNI_ASSEMBLES_DIFF,cpdi8,"cp (0xce43),0x00",2
UNI_ASSEMBLES_DIFF,cpdi8,"cp (0xceab),0x0f",2
UNI_ASSEMBLES_DIFF,cpdi8,"cp (0xceb2),0x00",2
UNI_ASSEMBLES_DIFF,cpdi8,"cp (0xceb4),0x00",2
UNI_ASSEMBLES_DIFF,cpdi8,"cp (0xcee5),0x00",2
UNI_ASSEMBLES_DIFF,cpdm16,"cp (0xd0ac),IZ",2
UNI_ASSEMBLES_DIFF,cpdm8,"cp (0xe351),A",2
UNI_ASSEMBLES_DIFF,cpdm8,"cp (0xe352),A",2
UNI_ASSEMBLES_DIFF,cpdm8,"cp (0xe353),A",2
UNI_ASSEMBLES_DIFF,cpdm8,"cp (0xe354),A",2
UNI_ASSEMBLES_DIFF,cpdm8,"cp (0xe357),C",2
UNI_ASSEMBLES_DIFF,cpdm8,"cp (0xe358),C",2
UNI_ASSEMBLES_DIFF,cpdm8,"cp (0xe359),C",2
UNI_ASSEMBLES_DIFF,cpdm8,"cp (0xe35a),C",2
UNI_ASSEMBLES_DIFF,cpdm8,"cp (0xe35b),A",2
UNI_ASSEMBLES_DIFF,cpdi8,"cp (0xe386),0x01",2
UNI_ASSEMBLES_DIFF,cpdi8,"cp (0xe388),0x01",2
UNI_ASSEMBLES_DIFF,cpdi8,"cp (0xe38e),0x00",2
UNI_ASSEMBLES_DIFF,cpdi8,"cp (0xe8fe),0x00",2
UNI_ASSEMBLES_DIFF,cpdi8,"cp (0xe9c0),0x0e",2
UNI_ASSEMBLES_DIFF,cpdi8,"cp (0xe9e4),0x02",2
UNI_ASSEMBLES_DIFF,cpdi8,"cp (0xe9e4),0x03",2
UNI_ASSEMBLES_DIFF,cpdi8,"cp (0xe9e4),0x04",2
UNI_ASSEMBLES_DIFF,cpdm32,"cp (0xe9e7),XIZ",2
UNI_ASSEMBLES_DIFF,cpdi8,"cp (0xec04),0x07",2
UNI_ASSEMBLES_DIFF,cpdi8,"cp (0xec05),0x00",2
UNI_ASSEMBLES_DIFF,cpdi8,"cp (0xec05),0x7f",2
UNI_ASSEMBLES_DIFF,cpda8,"cp A,(0x262a)",2
UNI_ASSEMBLES_DIFF,cpda8,"cp A,(0x2630)",2
UNI_ASSEMBLES_DIFF,cpda8,"cp A,(0x2666)",2
UNI_ASSEMBLES_DIFF,cpda8,"cp A,(0x32cb)",2
UNI_ASSEMBLES_DIFF,cpda8,"cp A,(0x32d8)",2
UNI_ASSEMBLES_DIFF,cpda8,"cp A,(0x32dc)",2
UNI_ASSEMBLES_DIFF,cpda8,"cp A,(0x32dd)",2
UNI_ASSEMBLES_DIFF,cpda8,"cp A,(0x32de)",2
UNI_ASSEMBLES_DIFF,cpda8,"cp A,(0x32f8)",2
UNI_ASSEMBLES_DIFF,cpda8,"cp A,(0x32fa)",2
UNI_ASSEMBLES_DIFF,cpda8,"cp A,(0x3300)",2
UNI_ASSEMBLES_DIFF,cpda8,"cp A,(0x3302)",2
UNI_ASSEMBLES_DIFF,cpda8,"cp A,(0x3308)",2
UNI_ASSEMBLES_DIFF,cpda8,"cp A,(0x332e)",2
UNI_ASSEMBLES_DIFF,cpda8,"cp A,(0x3338)",2
UNI_ASSEMBLES_DIFF,cpda8,"cp A,(0x3393)",2
UNI_ASSEMBLES_DIFF,cpda8,"cp A,(0x3421)",2
UNI_ASSEMBLES_DIFF,cpda8,"cp A,(0x3425)",2
UNI_ASSEMBLES_DIFF,cpda8,"cp A,(0x342a)",2
UNI_ASSEMBLES_DIFF,cpda8,"cp A,(0x342d)",2
UNI_ASSEMBLES_DIFF,cpda8,"cp A,(0x343d)",2
UNI_ASSEMBLES_DIFF,cpda8,"cp A,(0x34d6)",2
UNI_ASSEMBLES_DIFF,cpda8,"cp A,(0x34dc)",2
UNI_ASSEMBLES_DIFF,cpda8,"cp A,(0x3510)",2
UNI_ASSEMBLES_DIFF,cpda8,"cp A,(0x3525)",2
UNI_ASSEMBLES_DIFF,cpda8,"cp A,(0x35fe)",2
UNI_ASSEMBLES_DIFF,cpda8,"cp A,(0x37c7)",2
UNI_ASSEMBLES_DIFF,cpda8,"cp A,(0x7dfd)",2
UNI_ASSEMBLES_DIFF,cpda8,"cp A,(0x7e06)",2
UNI_ASSEMBLES_DIFF,cpda8,"cp A,(0x87fe)",2
UNI_ASSEMBLES_DIFF,cpda8,"cp A,(0x8800)",2
UNI_ASSEMBLES_DIFF,cpda8,"cp A,(0x8920)",2
UNI_ASSEMBLES_DIFF,cpda8,"cp A,(0x893a)",2
UNI_ASSEMBLES_DIFF,cpda8,"cp A,(0x8948)",2
UNI_ASSEMBLES_DIFF,cpda8,"cp A,(0x8b04)",2
UNI_ASSEMBLES_DIFF,cpda8,"cp A,(0x8c9d)",2
UNI_ASSEMBLES_DIFF,cpda8,"cp A,(0x8d42)",2
UNI_ASSEMBLES_DIFF,cpda8,"cp A,(0x8d5c)",2
UNI_ASSEMBLES_DIFF,cpda8,"cp A,(0x8ef4)",2
UNI_ASSEMBLES_DIFF,cpda8,"cp A,(0x9131)",2
UNI_ASSEMBLES_DIFF,cpda8,"cp A,(0x9154)",2
UNI_ASSEMBLES_DIFF,cpda8,"cp A,(0xbd02)",2
UNI_ASSEMBLES_DIFF,cpda8,"cp A,(0xbd06)",2
UNI_ASSEMBLES_DIFF,cpda8,"cp A,(0xbd0a)",2
UNI_ASSEMBLES_DIFF,cpda8,"cp A,(0xbd0e)",2
UNI_ASSEMBLES_DIFF,cpda8,"cp A,(0xbd12)",2
UNI_ASSEMBLES_DIFF,cpda8,"cp A,(0xbd16)",2
UNI_ASSEMBLES_DIFF,cpda8,"cp A,(0xbd38)",2
UNI_ASSEMBLES_DIFF,cpda8,"cp A,(0xc1ff)",2
UNI_ASSEMBLES_DIFF,cpda8,"cp A,(0xcd44)",2
UNI_ASSEMBLES_DIFF,cpda8,"cp A,(0xceae)",2
UNI_ASSEMBLES_DIFF,cpda8,"cp A,(0xceb0)",2
UNI_ASSEMBLES_DIFF,cpda8,"cp A,(0xe35c)",2
UNI_ASSEMBLES_DIFF,cpda8,"cp A,(0xe9c2)",2
UNI_ASSEMBLES_DIFF,cpda16,"cp BC,(0x8504)",2
UNI_ASSEMBLES_DIFF,cpda16,"cp BC,(0x8506)",2
UNI_ASSEMBLES_DIFF,cpda16,"cp BC,(0x8508)",2
UNI_ASSEMBLES_DIFF,cpda16,"cp BC,(0x9163)",2
UNI_ASSEMBLES_DIFF,cpda8,"cp C,(0x3364)",2
UNI_ASSEMBLES_DIFF,cpda8,"cp C,(0x3366)",2
UNI_ASSEMBLES_DIFF,cpda8,"cp C,(0x336a)",2
UNI_ASSEMBLES_DIFF,cpda8,"cp C,(0x336c)",2
UNI_ASSEMBLES_DIFF,cpda8,"cp C,(0x336e)",2
UNI_ASSEMBLES_DIFF,cpda8,"cp C,(0x37c9)",2
UNI_ASSEMBLES_DIFF,cpda8,"cp C,(0x3835)",2
UNI_ASSEMBLES_DIFF,cpda8,"cp C,(0x8884)",2
UNI_ASSEMBLES_DIFF,cpda8,"cp C,(0xbd02)",2
UNI_ASSEMBLES_DIFF,cpda8,"cp C,(0xbd0e)",2
UNI_ASSEMBLES_DIFF,cpda16,"cp DE,(0x3445)",2
UNI_ASSEMBLES_DIFF,cpda16,"cp DE,(0x3530)",2
UNI_ASSEMBLES_DIFF,cpda16,"cp DE,(0x3532)",2
UNI_ASSEMBLES_DIFF,cpda16,"cp DE,(0x3534)",2
UNI_ASSEMBLES_DIFF,cpda16,"cp DE,(0x35e0)",2
UNI_ASSEMBLES_DIFF,cpda16,"cp DE,(0x360a)",2
UNI_ASSEMBLES_DIFF,cpda16,"cp DE,(0x3700)",2
UNI_ASSEMBLES_DIFF,cpda8,"cp E,(0x32a5)",2
UNI_ASSEMBLES_DIFF,cpda8,"cp E,(0x32a6)",2
UNI_ASSEMBLES_DIFF,cpda8,"cp E,(0x32a7)",2
UNI_ASSEMBLES_DIFF,cpda8,"cp E,(0x32a8)",2
UNI_ASSEMBLES_DIFF,cpda8,"cp E,(0x33d5)",2
UNI_ASSEMBLES_DIFF,cpda8,"cp H,(0x34fa)",2
UNI_ASSEMBLES_DIFF,cpda16,"cp HL,(0x35de)",2
UNI_ASSEMBLES_DIFF,cpda16,"cp HL,(0x36fe)",2
UNI_ASSEMBLES_DIFF,cpda16,"cp HL,(0x378e)",2
UNI_ASSEMBLES_DIFF,cpda16,"cp HL,(0x8d58)",2
UNI_ASSEMBLES_DIFF,cpda16,"cp HL,(0xcf5f)",2
UNI_ASSEMBLES_DIFF,cpda16,"cp IY,(0x3441)",2
UNI_ASSEMBLES_DIFF,cpda16,"cp IY,(0x3449)",2
UNI_ASSEMBLES_DIFF,cpda16,"cp IY,(0x344b)",2
UNI_ASSEMBLES_DIFF,cpda16,"cp IY,(0x7e04)",2
UNI_ASSEMBLES_DIFF,cpda16,"cp IZ,(0x8504)",2
UNI_ASSEMBLES_DIFF,cpda16,"cp IZ,(0xd0ac)",2
UNI_ASSEMBLES_DIFF,cpda16,"cp IZ,(0xd8b2)",2
UNI_ASSEMBLES_DIFF,cpda16,"cp IZ,(0xe0b8)",2
UNI_ASSEMBLES_DIFF,cpda16,"cp IZ,(0xec01)",2
UNI_ASSEMBLES_DIFF,cpda8,"cp L,(0x34fe)",2
UNI_ASSEMBLES_DIFF,cpda8,"cp L,(0x35b3)",2
UNI_ASSEMBLES_DIFF,cpda8,"cp L,(0x8d44)",2
UNI_ASSEMBLES_DIFF,cpda8,"cp L,(0x8f5e)",2
UNI_ASSEMBLES_DIFF,cpda8,"cp L,(0x8f60)",2
UNI_ASSEMBLES_DIFF,cpda8,"cp L,(0xbd0a)",2
UNI_ASSEMBLES_DIFF,cpda8,"cp L,(0xbd16)",2
UNI_ASSEMBLES_DIFF,cpda8,"cp W,(0x3218)",2
UNI_ASSEMBLES_DIFF,cpda8,"cp W,(0x3368)",2
UNI_ASSEMBLES_DIFF,cpda8,"cp W,(0x336a)",2
UNI_ASSEMBLES_DIFF,cpda8,"cp W,(0x8d40)",2
UNI_ASSEMBLES_DIFF,cpda16,"cp WA,(0x046e)",2
UNI_ASSEMBLES_DIFF,cpda16,"cp WA,(0x0d36)",2
UNI_ASSEMBLES_DIFF,cpda16,"cp WA,(0x32d6)",2
UNI_ASSEMBLES_DIFF,cpda16,"cp WA,(0x3534)",2
UNI_ASSEMBLES_DIFF,cpda16,"cp WA,(0x3572)",2
UNI_ASSEMBLES_DIFF,cpda16,"cp WA,(0x3606)",2
UNI_ASSEMBLES_DIFF,cpda16,"cp WA,(0x3658)",2
UNI_ASSEMBLES_DIFF,cpda16,"cp WA,(0x371a)",2
UNI_ASSEMBLES_DIFF,cpda16,"cp WA,(0x3970)",2
UNI_ASSEMBLES_DIFF,cpda16,"cp WA,(0x7d62)",2
UNI_ASSEMBLES_DIFF,cpda16,"cp WA,(0x7e00)",2
UNI_ASSEMBLES_DIFF,cpda16,"cp WA,(0x7e1c)",2
UNI_ASSEMBLES_DIFF,cpda16,"cp WA,(0x7ec8)",2
UNI_ASSEMBLES_DIFF,cpda16,"cp WA,(0x7f7a)",2
UNI_ASSEMBLES_DIFF,cpda16,"cp WA,(0x8468)",2
UNI_ASSEMBLES_DIFF,cpda16,"cp WA,(0x8506)",2
UNI_ASSEMBLES_DIFF,cpda16,"cp WA,(0x8508)",2
UNI_ASSEMBLES_DIFF,cpda16,"cp WA,(0x850a)",2
UNI_ASSEMBLES_DIFF,cpda16,"cp WA,(0x8dfd)",2
UNI_ASSEMBLES_DIFF,cpda16,"cp WA,(0xc1fc)",2
UNI_ASSEMBLES_DIFF,cpda16,"cp WA,(0xce68)",2
UNI_ASSEMBLES_DIFF,cpda16,"cp WA,(0xd0aa)",2
UNI_ASSEMBLES_DIFF,cpda16,"cp WA,(0xd0ac)",2
UNI_ASSEMBLES_DIFF,cpda16,"cp WA,(0xd8b0)",2
UNI_ASSEMBLES_DIFF,cpda16,"cp WA,(0xd8b2)",2
UNI_ASSEMBLES_DIFF,cpda16,"cp WA,(0xe0b6)",2
UNI_ASSEMBLES_DIFF,cpda16,"cp WA,(0xe0b8)",2
UNI_ASSEMBLES_DIFF,cpda32,"cp XWA,(0x3277)",2
UNI_ASSEMBLES_DIFF,decdi8,"dec 1,(0x0c96)",2
UNI_ASSEMBLES_DIFF,decdi8,"dec 1,(0x0dfe)",2
UNI_ASSEMBLES_DIFF,decdi8,"dec 1,(0x0e49)",2
UNI_ASSEMBLES_DIFF,decdi8,"dec 1,(0x0ee9)",2
UNI_ASSEMBLES_DIFF,decdi8,"dec 1,(0x0f63)",2
UNI_ASSEMBLES_DIFF,decdi8,"dec 1,(0x2073)",2
UNI_ASSEMBLES_DIFF,decdi8,"dec 1,(0x272b)",2
UNI_ASSEMBLES_DIFF,decdi8,"dec 1,(0x2a81)",2
UNI_ASSEMBLES_DIFF,decdi8,"dec 1,(0x3435)",2
UNI_ASSEMBLES_DIFF,decdi8,"dec 1,(0x34a6)",2
UNI_ASSEMBLES_DIFF,decdi8,"dec 1,(0x34d6)",2
UNI_ASSEMBLES_DIFF,decdi8,"dec 1,(0x34d7)",2
UNI_ASSEMBLES_DIFF,decdi8,"dec 1,(0x34d8)",2
UNI_ASSEMBLES_DIFF,decdi8,"dec 1,(0x34e9)",2
UNI_ASSEMBLES_DIFF,decdi8,"dec 1,(0x3714)",2
UNI_ASSEMBLES_DIFF,decdi8,"dec 1,(0x3715)",2
UNI_ASSEMBLES_DIFF,decdi8,"dec 1,(0x3716)",2
UNI_ASSEMBLES_DIFF,decdi8,"dec 1,(0x3908)",2
UNI_ASSEMBLES_DIFF,decdi8,"dec 1,(0x87fe)",2
UNI_ASSEMBLES_DIFF,decdi8,"dec 1,(0x889e)",2
UNI_ASSEMBLES_DIFF,decdi8,"dec 1,(0x8d97)",2
UNI_ASSEMBLES_DIFF,decdi8,"dec 1,(0x966b)",2
UNI_ASSEMBLES_DIFF,decdi8,"dec 1,(0xceb3)",2
UNI_ASSEMBLES_DIFF,decdi8,"dec 1,(0xceb4)",2
UNI_ASSEMBLES_DIFF,decdi8,"dec 1,(0xceb5)",2
UNI_ASSEMBLES_DIFF,decdi8,"dec 1,(0xcee5)",2
UNI_ASSEMBLES_DIFF,decdi8,"dec 4,(0x8d8a)",2
UNI_ASSEMBLES_DIFF,decdi8,"dec 6,(0xd8c9)",2
UNI_ASSEMBLES_DIFF,decdi16,"decw 1,(0x0e56)",2
UNI_ASSEMBLES_DIFF,decdi16,"decw 1,(0x345e)",2
UNI_ASSEMBLES_DIFF,decdi16,"decw 1,(0x36f2)",2
UNI_ASSEMBLES_DIFF,decdi16,"decw 1,(0x8d9f)",2
UNI_ASSEMBLES_DIFF,decdi16,"decw 1,(0xd0ac)",2
UNI_ASSEMBLES_DIFF,decdi16,"decw 1,(0xd8b2)",2
UNI_ASSEMBLES_DIFF,decdi16,"decw 1,(0xe0b8)",2
UNI_ASSEMBLES_DIFF,decdi16,"decw 1,(0xe9ba)",2
UNI_ASSEMBLES_DIFF,decdi16,"decw 1,(0xec0e)",2
UNI_ASSEMBLES_DIFF,decdi16,"decw 6,(0xc834)",2
UNI_ASSEMBLES_DIFF,incdi8,"inc 1,(0x0932)",2
UNI_ASSEMBLES_DIFF,incdi8,"inc 1,(0x0c5b)",2
UNI_ASSEMBLES_DIFF,incdi8,"inc 1,(0x0dd2)",2
UNI_ASSEMBLES_DIFF,incdi8,"inc 1,(0x0ec2)",2
UNI_ASSEMBLES_DIFF,incdi8,"inc 1,(0x0f55)",2
UNI_ASSEMBLES_DIFF,incdi8,"inc 1,(0x117e)",2
UNI_ASSEMBLES_DIFF,incdi8,"inc 1,(0x1965)",2
UNI_ASSEMBLES_DIFF,incdi8,"inc 1,(0x2724)",2
UNI_ASSEMBLES_DIFF,incdi8,"inc 1,(0x272b)",2
UNI_ASSEMBLES_DIFF,incdi8,"inc 1,(0x2768)",2
UNI_ASSEMBLES_DIFF,incdi8,"inc 1,(0x32bb)",2
UNI_ASSEMBLES_DIFF,incdi8,"inc 1,(0x32ed)",2
UNI_ASSEMBLES_DIFF,incdi8,"inc 1,(0x32ee)",2
UNI_ASSEMBLES_DIFF,incdi8,"inc 1,(0x3399)",2
UNI_ASSEMBLES_DIFF,incdi8,"inc 1,(0x33d5)",2
UNI_ASSEMBLES_DIFF,incdi8,"inc 1,(0x33da)",2
UNI_ASSEMBLES_DIFF,incdi8,"inc 1,(0x343a)",2
UNI_ASSEMBLES_DIFF,incdi8,"inc 1,(0x34d7)",2
UNI_ASSEMBLES_DIFF,incdi8,"inc 1,(0x34d8)",2
UNI_ASSEMBLES_DIFF,incdi8,"inc 1,(0x34e9)",2
UNI_ASSEMBLES_DIFF,incdi8,"inc 1,(0x34fa)",2
UNI_ASSEMBLES_DIFF,incdi8,"inc 1,(0x350f)",2
UNI_ASSEMBLES_DIFF,incdi8,"inc 1,(0x35ff)",2
UNI_ASSEMBLES_DIFF,incdi8,"inc 1,(0x3714)",2
UNI_ASSEMBLES_DIFF,incdi8,"inc 1,(0x3715)",2
UNI_ASSEMBLES_DIFF,incdi8,"inc 1,(0x3716)",2
UNI_ASSEMBLES_DIFF,incdi8,"inc 1,(0x38a1)",2
UNI_ASSEMBLES_DIFF,incdi8,"inc 1,(0x3908)",2
UNI_ASSEMBLES_DIFF,incdi8,"inc 1,(0x390a)",2
UNI_ASSEMBLES_DIFF,incdi8,"inc 1,(0x3942)",2
UNI_ASSEMBLES_DIFF,incdi8,"inc 1,(0x843c)",2
UNI_ASSEMBLES_DIFF,incdi8,"inc 1,(0x87fe)",2
UNI_ASSEMBLES_DIFF,incdi8,"inc 1,(0x88a0)",2
UNI_ASSEMBLES_DIFF,incdi8,"inc 1,(0x8d7a)",2
UNI_ASSEMBLES_DIFF,incdi8,"inc 1,(0x8d98)",2
UNI_ASSEMBLES_DIFF,incdi8,"inc 1,(0x8d9a)",2
UNI_ASSEMBLES_DIFF,incdi8,"inc 1,(0x8e8c)",2
UNI_ASSEMBLES_DIFF,incdi8,"inc 1,(0x8ec6)",2
UNI_ASSEMBLES_DIFF,incdi8,"inc 1,(0x8f4a)",2
UNI_ASSEMBLES_DIFF,incdi8,"inc 1,(0x91c7)",2
UNI_ASSEMBLES_DIFF,incdi8,"inc 1,(0x91c8)",2
UNI_ASSEMBLES_DIFF,incdi8,"inc 1,(0x9668)",2
UNI_ASSEMBLES_DIFF,incdi8,"inc 1,(0x966e)",2
UNI_ASSEMBLES_DIFF,incdi8,"inc 1,(0x966f)",2
UNI_ASSEMBLES_DIFF,incdi8,"inc 1,(0x9670)",2
UNI_ASSEMBLES_DIFF,incdi8,"inc 1,(0xb741)",2
UNI_ASSEMBLES_DIFF,incdi8,"inc 1,(0xb7de)",2
UNI_ASSEMBLES_DIFF,incdi8,"inc 1,(0xcee5)",2
UNI_ASSEMBLES_DIFF,incdi8,"inc 1,(0xe35e)",2
UNI_ASSEMBLES_DIFF,incdi8,"inc 1,(0xe364)",2
UNI_ASSEMBLES_DIFF,incdi8,"inc 4,(0x9133)",2
UNI_ASSEMBLES_DIFF,incdi16,"incw 0,(0x90de)",2
UNI_ASSEMBLES_DIFF,incdi16,"incw 1,(0x0e44)",2
UNI_ASSEMBLES_DIFF,incdi16,"incw 1,(0x0e54)",2
UNI_ASSEMBLES_DIFF,incdi16,"incw 1,(0x0f77)",2
UNI_ASSEMBLES_DIFF,incdi16,"incw 1,(0x10d2)",2
UNI_ASSEMBLES_DIFF,incdi16,"incw 1,(0x1174)",2
UNI_ASSEMBLES_DIFF,incdi16,"incw 1,(0x23c4)",2
UNI_ASSEMBLES_DIFF,incdi16,"incw 1,(0x2552)",2
UNI_ASSEMBLES_DIFF,incdi16,"incw 1,(0x2a92)",2
UNI_ASSEMBLES_DIFF,incdi16,"incw 1,(0x378e)",2
UNI_ASSEMBLES_DIFF,incdi16,"incw 1,(0x38e8)",2
UNI_ASSEMBLES_DIFF,incdi16,"incw 1,(0x3944)",2
UNI_ASSEMBLES_DIFF,incdi16,"incw 1,(0x48d8)",2
UNI_ASSEMBLES_DIFF,incdi16,"incw 1,(0x7e18)",2
UNI_ASSEMBLES_DIFF,incdi16,"incw 1,(0x7e46)",2
UNI_ASSEMBLES_DIFF,incdi16,"incw 1,(0x8d56)",2
UNI_ASSEMBLES_DIFF,incdi16,"incw 1,(0xc4ca)",2
UNI_ASSEMBLES_DIFF,incdi16,"incw 1,(0xd0a8)",2
UNI_ASSEMBLES_DIFF,incdi16,"incw 1,(0xd0aa)",2
UNI_ASSEMBLES_DIFF,incdi16,"incw 1,(0xd0ac)",2
UNI_ASSEMBLES_DIFF,incdi16,"incw 1,(0xd8ae)",2
UNI_ASSEMBLES_DIFF,incdi16,"incw 1,(0xd8b0)",2
UNI_ASSEMBLES_DIFF,incdi16,"incw 1,(0xd8b2)",2
UNI_ASSEMBLES_DIFF,incdi16,"incw 1,(0xe0b4)",2
UNI_ASSEMBLES_DIFF,incdi16,"incw 1,(0xe0b6)",2
UNI_ASSEMBLES_DIFF,incdi16,"incw 1,(0xe0b8)",2
UNI_ASSEMBLES_DIFF,incdi16,"incw 1,(0xe360)",2
UNI_ASSEMBLES_DIFF,incdi16,"incw 1,(0xe3da)",2
UNI_ASSEMBLES_DIFF,incdi16,"incw 1,(0xe9ba)",2
UNI_ASSEMBLES_DIFF,incdi16,"incw 4,(0x90de)",2
UNI_ASSEMBLES_DIFF,stda16,"ld (0x0092),DE",2
UNI_ASSEMBLES_DIFF,stdi8,"ld (0x00d0),0xf8",2
UNI_ASSEMBLES_DIFF,stdi8,"ld (0x00d0),0xfa",2
UNI_ASSEMBLES_DIFF,stdi8,"ld (0x00d0),0xfb",2
UNI_ASSEMBLES_DIFF,stdi8,"ld (0x00d0),0xfc",2
UNI_ASSEMBLES_DIFF,stdi8,"ld (0x00d1),0x00",2
UNI_ASSEMBLES_DIFF,stdi8,"ld (0x00d2),0x29",2
UNI_ASSEMBLES_DIFF,stb_d8,"ld (0x00d3),A",2
UNI_ASSEMBLES_DIFF,stdi8,"ld (0x00ea),0x5d",2
UNI_ASSEMBLES_DIFF,stdi8,"ld (0x0128),0x07",2
UNI_ASSEMBLES_DIFF,stdi8,"ld (0x0129),0x83",2
UNI_ASSEMBLES_DIFF,stdi8,"ld (0x0141),0x81",2
UNI_ASSEMBLES_DIFF,stdi8,"ld (0x0142),0x07",2
UNI_ASSEMBLES_DIFF,stdi8,"ld (0x0143),0x10",2
UNI_ASSEMBLES_DIFF,stdi8,"ld (0x0146),0x03",2
UNI_ASSEMBLES_DIFF,stdi8,"ld (0x0147),0x11",2
UNI_ASSEMBLES_DIFF,stdi8,"ld (0x0148),0x22",2
UNI_ASSEMBLES_DIFF,stdi8,"ld (0x0149),0xc0",2
UNI_ASSEMBLES_DIFF,stdi8,"ld (0x014a),0x01",2
UNI_ASSEMBLES_DIFF,stdi8,"ld (0x014b),0xff",2
UNI_ASSEMBLES_DIFF,stdi8,"ld (0x0151),0x80",2
UNI_ASSEMBLES_DIFF,stdi8,"ld (0x0152),0x01",2
UNI_ASSEMBLES_DIFF,stdi8,"ld (0x0153),0x12",2
UNI_ASSEMBLES_DIFF,stdi8,"ld (0x0156),0x01",2
UNI_ASSEMBLES_DIFF,stdi8,"ld (0x0157),0x13",2
UNI_ASSEMBLES_DIFF,stdi8,"ld (0x0200),0x3d",2
UNI_ASSEMBLES_DIFF,stdi8,"ld (0x0200),0x92",2
UNI_ASSEMBLES_DIFF,stdi8,"ld (0x0200),0x9e",2
UNI_ASSEMBLES_DIFF,stdi8,"ld (0x0276),0x68",2
UNI_ASSEMBLES_DIFF,stdi8,"ld (0x0300),0x0b",2
UNI_ASSEMBLES_DIFF,stdi8,"ld (0x0300),0x98",2
UNI_ASSEMBLES_DIFF,stdi8,"ld (0x0300),0xab",2
UNI_ASSEMBLES_DIFF,stdi8,"ld (0x0300),0xba",2
UNI_ASSEMBLES_DIFF,stb_d8,"ld (0x0400),H",2
UNI_ASSEMBLES_DIFF,stdi8,"ld (0x0424),0xf2",2
UNI_ASSEMBLES_DIFF,stb_d8,"ld (0x0424),A",2
UNI_ASSEMBLES_DIFF,stb_d8,"ld (0x042d),A",2
UNI_ASSEMBLES_DIFF,stb_d8,"ld (0x042e),W",2
UNI_ASSEMBLES_DIFF,stdi8,"ld (0x0432),0x00",2
UNI_ASSEMBLES_DIFF,stdi8,"ld (0x0438),0x00",2
UNI_ASSEMBLES_DIFF,stda32,"ld (0x0438),XWA",2
UNI_ASSEMBLES_DIFF,stdi8,"ld (0x043c),0x00",2
UNI_ASSEMBLES_DIFF,stda32,"ld (0x043c),XBC",2
UNI_ASSEMBLES_DIFF,stda32,"ld (0x0440),XDE",2
UNI_ASSEMBLES_DIFF,stda32,"ld (0x0444),XHL",2
UNI_ASSEMBLES_DIFF,stda32,"ld (0x0448),XIX",2
UNI_ASSEMBLES_DIFF,stdi8,"ld (0x044c),0x00",2
UNI_ASSEMBLES_DIFF,stda32,"ld (0x044c),XIY",2
UNI_ASSEMBLES_DIFF,stdi8,"ld (0x0450),0x00",2
UNI_ASSEMBLES_DIFF,stda32,"ld (0x0450),XIZ",2
UNI_ASSEMBLES_DIFF,stdi8,"ld (0x046d),0x00",2
UNI_ASSEMBLES_DIFF,stdi8,"ld (0x0476),0x1d",2
UNI_ASSEMBLES_DIFF,stdi8,"ld (0x0500),0x8c",2
UNI_ASSEMBLES_DIFF,stdi8,"ld (0x0500),0x92",2
UNI_ASSEMBLES_DIFF,stdi8,"ld (0x0500),0x98",2
UNI_ASSEMBLES_DIFF,stdi8,"ld (0x0516),0x00",2
UNI_ASSEMBLES_DIFF,stb_d8,"ld (0x0556),L",2
UNI_ASSEMBLES_DIFF,stdi8,"ld (0x0600),0xaa",2
UNI_ASSEMBLES_DIFF,stb_d8,"ld (0x0660),W",2
UNI_ASSEMBLES_DIFF,stb_d8,"ld (0x066a),W",2
UNI_ASSEMBLES_DIFF,stb_d8,"ld (0x06ad),A",2
UNI_ASSEMBLES_DIFF,stda16,"ld (0x06c6),WA",2
UNI_ASSEMBLES_DIFF,stda16,"ld (0x06c8),WA",2
UNI_ASSEMBLES_DIFF,stda16,"ld (0x06ce),IX",2
UNI_ASSEMBLES_DIFF,stda16,"ld (0x06d2),IX",2
UNI_ASSEMBLES_DIFF,stdi8,"ld (0x0800),0x49",2
UNI_ASSEMBLES_DIFF,stdi8,"ld (0x0876),0x1d",2
UNI_ASSEMBLES_DIFF,stdi8,"ld (0x087e),0x1d",2
UNI_ASSEMBLES_DIFF,stdi8,"ld (0x091e),0x00",2
UNI_ASSEMBLES_DIFF,stb_d8,"ld (0x091f),H",2
UNI_ASSEMBLES_DIFF,stdi8,"ld (0x0960),0x00",2
UNI_ASSEMBLES_DIFF,stb_d8,"ld (0x0c03),A",2
UNI_ASSEMBLES_DIFF,stdi8,"ld (0x0c05),0x00",2
UNI_ASSEMBLES_DIFF,stb_d8,"ld (0x0c06),C",2
UNI_ASSEMBLES_DIFF,stb_d8,"ld (0x0c06),L",2
UNI_ASSEMBLES_DIFF,stb_d8,"ld (0x0c0d),A",2
UNI_ASSEMBLES_DIFF,stb_d8,"ld (0x0c0f),A",2
UNI_ASSEMBLES_DIFF,stb_d8,"ld (0x0c13),L",2
UNI_ASSEMBLES_DIFF,stb_d8,"ld (0x0c14),L",2
UNI_ASSEMBLES_DIFF,stb_d8,"ld (0x0c15),A",2
UNI_ASSEMBLES_DIFF,stda32,"ld (0x0c20),XWA",2
UNI_ASSEMBLES_DIFF,stda32,"ld (0x0c28),XWA",2
UNI_ASSEMBLES_DIFF,stdi8,"ld (0x0c35),0x00",2
UNI_ASSEMBLES_DIFF,stda32,"ld (0x0c38),XWA",2
UNI_ASSEMBLES_DIFF,stdi8,"ld (0x0c56),0x4d",2
UNI_ASSEMBLES_DIFF,stdi8,"ld (0x0c5c),0x03",2
UNI_ASSEMBLES_DIFF,stda16,"ld (0x0c5d),IY",2
UNI_ASSEMBLES_DIFF,stdi8,"ld (0x0c5e),0x1b",2
UNI_ASSEMBLES_DIFF,stdi8,"ld (0x0c61),0x6c",2
UNI_ASSEMBLES_DIFF,stdi8,"ld (0x0c61),0x74",2
UNI_ASSEMBLES_DIFF,stdi8,"ld (0x0c70),0x7f",2
UNI_ASSEMBLES_DIFF,stb_d8,"ld (0x0c70),L",2
UNI_ASSEMBLES_DIFF,stb_d8,"ld (0x0c71),L",2
UNI_ASSEMBLES_DIFF,stda16,"ld (0x0c78),IZ",2
UNI_ASSEMBLES_DIFF,stda32,"ld (0x0c7a),XWA",2
UNI_ASSEMBLES_DIFF,stda32,"ld (0x0c7c),XHL",2
UNI_ASSEMBLES_DIFF,stb_d8,"ld (0x0c83),A",2
UNI_ASSEMBLES_DIFF,stdi8,"ld (0x0c8b),0x00",2
UNI_ASSEMBLES_DIFF,stdi8,"ld (0x0c8b),0xff",2
UNI_ASSEMBLES_DIFF,stdi8,"ld (0x0c96),0x08",2
UNI_ASSEMBLES_DIFF,stdi8,"ld (0x0c98),0x00",2
UNI_ASSEMBLES_DIFF,stda16,"ld (0x0cb0),WA",2
UNI_ASSEMBLES_DIFF,stda16,"ld (0x0cba),IX",2
UNI_ASSEMBLES_DIFF,stda16,"ld (0x0cce),WA",2
UNI_ASSEMBLES_DIFF,stda16,"ld (0x0cd4),WA",2
UNI_ASSEMBLES_DIFF,stda16,"ld (0x0cd6),IY",2
UNI_ASSEMBLES_DIFF,stda16,"ld (0x0cd8),HL",2
UNI_ASSEMBLES_DIFF,stda16,"ld (0x0ce8),BC",2
UNI_ASSEMBLES_DIFF,stda16,"ld (0x0cf8),WA",2
UNI_ASSEMBLES_DIFF,stda16,"ld (0x0cfe),WA",2
UNI_ASSEMBLES_DIFF,stda16,"ld (0x0d08),WA",2
UNI_ASSEMBLES_DIFF,stda16,"ld (0x0d0c),WA",2
UNI_ASSEMBLES_DIFF,stb_d8,"ld (0x0d1a),A",2
UNI_ASSEMBLES_DIFF,stb_d8,"ld (0x0d1e),A",2
UNI_ASSEMBLES_DIFF,stb_d8,"ld (0x0d1f),A",2
UNI_ASSEMBLES_DIFF,stda16,"ld (0x0d22),IY",2
UNI_ASSEMBLES_DIFF,stda32,"ld (0x0d24),XHL",2
UNI_ASSEMBLES_DIFF,stda32,"ld (0x0d2a),XHL",2
UNI_ASSEMBLES_DIFF,stda16,"ld (0x0d3e),WA",2
UNI_ASSEMBLES_DIFF,stb_d8,"ld (0x0d43),A",2
UNI_ASSEMBLES_DIFF,stb_d8,"ld (0x0d49),A",2
UNI_ASSEMBLES_DIFF,stda16,"ld (0x0d4e),WA",2
UNI_ASSEMBLES_DIFF,stda16,"ld (0x0d4f),DE",2
UNI_ASSEMBLES_DIFF,stda16,"ld (0x0d51),DE",2
UNI_ASSEMBLES_DIFF,stb_d8,"ld (0x0d57),W",2
UNI_ASSEMBLES_DIFF,stb_d8,"ld (0x0d5e),A",2
UNI_ASSEMBLES_DIFF,stda16,"ld (0x0da4),IY",2
UNI_ASSEMBLES_DIFF,stda16,"ld (0x0da6),WA",2
UNI_ASSEMBLES_DIFF,stda16,"ld (0x0dae),WA",2
UNI_ASSEMBLES_DIFF,stda16,"ld (0x0db0),WA",2
UNI_ASSEMBLES_DIFF,stdi8,"ld (0x0db8),0x01",2
UNI_ASSEMBLES_DIFF,stdi8,"ld (0x0db9),0x01",2
UNI_ASSEMBLES_DIFF,stdi8,"ld (0x0dba),0x01",2
UNI_ASSEMBLES_DIFF,stdi8,"ld (0x0dbb),0x01",2
UNI_ASSEMBLES_DIFF,stdi8,"ld (0x0dc1),0x01",2
UNI_ASSEMBLES_DIFF,stdi8,"ld (0x0dc7),0x00",2
UNI_ASSEMBLES_DIFF,stb_d8,"ld (0x0dcf),A",2
UNI_ASSEMBLES_DIFF,stb_d8,"ld (0x0dcf),L",2
UNI_ASSEMBLES_DIFF,stdi8,"ld (0x0dd2),0x00",2
UNI_ASSEMBLES_DIFF,stdi8,"ld (0x0dd4),0x01",2
UNI_ASSEMBLES_DIFF,stdi8,"ld (0x0def),0x07",2
UNI_ASSEMBLES_DIFF,stdi8,"ld (0x0def),0x11",2
UNI_ASSEMBLES_DIFF,stb_d8,"ld (0x0df0),A",2
UNI_ASSEMBLES_DIFF,stb_d8,"ld (0x0dfa),A",2
UNI_ASSEMBLES_DIFF,stdi8,"ld (0x0e04),0x64",2
UNI_ASSEMBLES_DIFF,stdi8,"ld (0x0e05),0x64",2
UNI_ASSEMBLES_DIFF,stdi8,"ld (0x0e16),0x00",2
UNI_ASSEMBLES_DIFF,stdi8,"ld (0x0e17),0x00",2
UNI_ASSEMBLES_DIFF,stda16,"ld (0x0e23),IX",2
UNI_ASSEMBLES_DIFF,stb_d8,"ld (0x0e36),W",2
UNI_ASSEMBLES_DIFF,stb_d8,"ld (0x0e42),A",2
UNI_ASSEMBLES_DIFF,stdi8,"ld (0x0e45),0x00",2
UNI_ASSEMBLES_DIFF,stdi8,"ld (0x0e45),0x04",2
UNI_ASSEMBLES_DIFF,stb_d8,"ld (0x0e49),A",2
UNI_ASSEMBLES_DIFF,stb_d8,"ld (0x0e4a),A",2
UNI_ASSEMBLES_DIFF,stda16,"ld (0x0e4c),HL",2
UNI_ASSEMBLES_DIFF,stda16,"ld (0x0e54),WA",2
UNI_ASSEMBLES_DIFF,stda16,"ld (0x0e56),WA",2
UNI_ASSEMBLES_DIFF,stda16,"ld (0x0e60),WA",2
UNI_ASSEMBLES_DIFF,stb_d8,"ld (0x0e65),A",2
UNI_ASSEMBLES_DIFF,stdi8,"ld (0x0e69),0x00",2
UNI_ASSEMBLES_DIFF,stda16,"ld (0x0e6a),WA",2
UNI_ASSEMBLES_DIFF,stb_d8,"ld (0x0ec2),A",2
UNI_ASSEMBLES_DIFF,stda16,"ld (0x0ec2),DE",2
UNI_ASSEMBLES_DIFF,stda16,"ld (0x0ec4),WA",2
UNI_ASSEMBLES_DIFF,stdi8,"ld (0x0ec6),0x01",2
UNI_ASSEMBLES_DIFF,stb_d8,"ld (0x0ec6),A",2
UNI_ASSEMBLES_DIFF,stb_d8,"ld (0x0ec7),A",2
UNI_ASSEMBLES_DIFF,stb_d8,"ld (0x0ec8),A",2
UNI_ASSEMBLES_DIFF,stdi8,"ld (0x0ece),0x20",2
UNI_ASSEMBLES_DIFF,stb_d8,"ld (0x0ece),C",2
UNI_ASSEMBLES_DIFF,stb_d8,"ld (0x0ecf),A",2
UNI_ASSEMBLES_DIFF,stb_d8,"ld (0x0ed2),A",2
UNI_ASSEMBLES_DIFF,stdi8,"ld (0x0ed4),0x04",2
UNI_ASSEMBLES_DIFF,stdi8,"ld (0x0ed6),0x00",2
UNI_ASSEMBLES_DIFF,stb_d8,"ld (0x0ed6),A",2
UNI_ASSEMBLES_DIFF,stb_d8,"ld (0x0ef4),W",2
UNI_ASSEMBLES_DIFF,stdi8,"ld (0x0ef5),0x02",2
UNI_ASSEMBLES_DIFF,stdi8,"ld (0x0ef5),0x04",2
UNI_ASSEMBLES_DIFF,stdi8,"ld (0x0ef5),0x05",2
UNI_ASSEMBLES_DIFF,stdi8,"ld (0x0ef5),0x0c",2
UNI_ASSEMBLES_DIFF,stdi8,"ld (0x0efb),0x03",2
UNI_ASSEMBLES_DIFF,stb_d8,"ld (0x0f51),A",2
UNI_ASSEMBLES_DIFF,stb_d8,"ld (0x0f52),A",2
UNI_ASSEMBLES_DIFF,stb_d8,"ld (0x0f55),A",2
UNI_ASSEMBLES_DIFF,stda16,"ld (0x0f58),WA",2
UNI_ASSEMBLES_DIFF,stb_d8,"ld (0x0f5a),A",2
UNI_ASSEMBLES_DIFF,stdi8,"ld (0x0f63),0x02",2
UNI_ASSEMBLES_DIFF,stb_d8,"ld (0x0f63),A",2
UNI_ASSEMBLES_DIFF,stdi8,"ld (0x0f64),0x04",2
UNI_ASSEMBLES_DIFF,stb_d8,"ld (0x0f65),A",2
UNI_ASSEMBLES_DIFF,stb_d8,"ld (0x0f6c),W",2
UNI_ASSEMBLES_DIFF,stb_d8,"ld (0x0f6e),L",2
UNI_ASSEMBLES_DIFF,stb_d8,"ld (0x0f70),W",2
UNI_ASSEMBLES_DIFF,stdi8,"ld (0x0f76),0x38",2
UNI_ASSEMBLES_DIFF,stb_d8,"ld (0x0fd3),A",2
UNI_ASSEMBLES_DIFF,stda16,"ld (0x0fd4),HL",2
UNI_ASSEMBLES_DIFF,stda16,"ld (0x0fd9),WA",2
UNI_ASSEMBLES_DIFF,stb_d8,"ld (0x1007),A",2
UNI_ASSEMBLES_DIFF,stb_d8,"ld (0x100f),A",2
UNI_ASSEMBLES_DIFF,stb_d8,"ld (0x1042),W",2
UNI_ASSEMBLES_DIFF,stdi8,"ld (0x106d),0x01",2
UNI_ASSEMBLES_DIFF,stb_d8,"ld (0x10c4),D",2
UNI_ASSEMBLES_DIFF,stda16,"ld (0x10c4),WA",2
UNI_ASSEMBLES_DIFF,stb_d8,"ld (0x10c5),E",2
UNI_ASSEMBLES_DIFF,stb_d8,"ld (0x10c6),W",2
UNI_ASSEMBLES_DIFF,stda16,"ld (0x10c6),WA",2
UNI_ASSEMBLES_DIFF,stb_d8,"ld (0x10c7),A",2
UNI_ASSEMBLES_DIFF,stdi8,"ld (0x10cb),0xff",2
UNI_ASSEMBLES_DIFF,stb_d8,"ld (0x10cc),A",2
UNI_ASSEMBLES_DIFF,stda16,"ld (0x10d1),HL",2
UNI_ASSEMBLES_DIFF,stdi8,"ld (0x10e8),0x00",2
UNI_ASSEMBLES_DIFF,stb_d8,"ld (0x10f1),A",2
UNI_ASSEMBLES_DIFF,stdi8,"ld (0x10f6),0x00",2
UNI_ASSEMBLES_DIFF,stb_d8,"ld (0x10f6),A",2
UNI_ASSEMBLES_DIFF,stb_d8,"ld (0x10f9),A",2
UNI_ASSEMBLES_DIFF,stb_d8,"ld (0x10fa),A",2
UNI_ASSEMBLES_DIFF,stda16,"ld (0x1108),WA",2
UNI_ASSEMBLES_DIFF,stb_d8,"ld (0x1112),C",2
UNI_ASSEMBLES_DIFF,stb_d8,"ld (0x1128),A",2
UNI_ASSEMBLES_DIFF,stb_d8,"ld (0x116d),A",2
UNI_ASSEMBLES_DIFF,stda16,"ld (0x1174),WA",2
UNI_ASSEMBLES_DIFF,stda16,"ld (0x1176),HL",2
UNI_ASSEMBLES_DIFF,stda16,"ld (0x117a),HL",2
UNI_ASSEMBLES_DIFF,stdi8,"ld (0x117e),0x01",2
UNI_ASSEMBLES_DIFF,stda16,"ld (0x1198),HL",2
UNI_ASSEMBLES_DIFF,stdi8,"ld (0x11ae),0x03",2
UNI_ASSEMBLES_DIFF,stdi8,"ld (0x11ae),0x05",2
UNI_ASSEMBLES_DIFF,stdi8,"ld (0x11ae),0x06",2
UNI_ASSEMBLES_DIFF,stdi8,"ld (0x11ae),0x07",2
UNI_ASSEMBLES_DIFF,stb_d8,"ld (0x11b1),A",2
UNI_ASSEMBLES_DIFF,stb_d8,"ld (0x11bc),A",2
UNI_ASSEMBLES_DIFF,stb_d8,"ld (0x1239),A",2
UNI_ASSEMBLES_DIFF,stdi8,"ld (0x124a),0x01",2
UNI_ASSEMBLES_DIFF,stb_d8,"ld (0x124a),A",2
UNI_ASSEMBLES_DIFF,stb_d8,"ld (0x124b),A",2
UNI_ASSEMBLES_DIFF,stb_d8,"ld (0x125b),A",2
UNI_ASSEMBLES_DIFF,stb_d8,"ld (0x1268),A",2
UNI_ASSEMBLES_DIFF,stdi8,"ld (0x126b),0x00",2
UNI_ASSEMBLES_DIFF,stda16,"ld (0x126c),WA",2
UNI_ASSEMBLES_DIFF,stda32,"ld (0x1272),XIY",2
UNI_ASSEMBLES_DIFF,stb_d8,"ld (0x129c),A",2
UNI_ASSEMBLES_DIFF,stb_d8,"ld (0x12af),A",2
UNI_ASSEMBLES_DIFF,stb_d8,"ld (0x12b5),A",2
UNI_ASSEMBLES_DIFF,stb_d8,"ld (0x12b6),A",2
UNI_ASSEMBLES_DIFF,stb_d8,"ld (0x12b7),A",2
UNI_ASSEMBLES_DIFF,stdi8,"ld (0x12b8),0x01",2
UNI_ASSEMBLES_DIFF,stdi8,"ld (0x12b8),0x02",2
UNI_ASSEMBLES_DIFF,stb_d8,"ld (0x12bb),A",2
UNI_ASSEMBLES_DIFF,stb_d8,"ld (0x12c2),H",2
UNI_ASSEMBLES_DIFF,stb_d8,"ld (0x12e8),A",2
UNI_ASSEMBLES_DIFF,stb_d8,"ld (0x12ed),A",2
UNI_ASSEMBLES_DIFF,stdi8,"ld (0x12f6),0x00",2
UNI_ASSEMBLES_DIFF,stdi8,"ld (0x12f6),0x01",2
UNI_ASSEMBLES_DIFF,stb_d8,"ld (0x12f6),C",2
UNI_ASSEMBLES_DIFF,stda16,"ld (0x12fd),WA",2
UNI_ASSEMBLES_DIFF,stb_d8,"ld (0x1340),A",2
UNI_ASSEMBLES_DIFF,stb_d8,"ld (0x1341),A",2
UNI_ASSEMBLES_DIFF,stb_d8,"ld (0x1342),A",2
UNI_ASSEMBLES_DIFF,stb_d8,"ld (0x1343),A",2
UNI_ASSEMBLES_DIFF,stb_d8,"ld (0x1344),A",2
UNI_ASSEMBLES_DIFF,stb_d8,"ld (0x1345),A",2
UNI_ASSEMBLES_DIFF,stb_d8,"ld (0x1346),A",2
UNI_ASSEMBLES_DIFF,stb_d8,"ld (0x134e),A",2
UNI_ASSEMBLES_DIFF,stb_d8,"ld (0x134f),A",2
UNI_ASSEMBLES_DIFF,stb_d8,"ld (0x1960),A",2
UNI_ASSEMBLES_DIFF,stdi8,"ld (0x1d00),0xec",2
UNI_ASSEMBLES_DIFF,stda32,"ld (0x1d50),XHL",2
UNI_ASSEMBLES_DIFF,stda32,"ld (0x1d54),XHL",2
UNI_ASSEMBLES_DIFF,stdi8,"ld (0x1d88),0x01",2
UNI_ASSEMBLES_DIFF,stdi8,"ld (0x1d90),0x00",2
UNI_ASSEMBLES_DIFF,st_dd8b,"ld (0x1e),A",2
UNI_ASSEMBLES_DIFF,st_dd8l,"ld (0x1e),XIX",2
UNI_ASSEMBLES_DIFF,st_dd8b,"ld (0x1f),A",2
UNI_ASSEMBLES_DIFF,stdi8,"ld (0x2070),0x02",2
UNI_ASSEMBLES_DIFF,stdi8,"ld (0x2070),0x50",2
UNI_ASSEMBLES_DIFF,stdi8,"ld (0x2070),0x51",2
UNI_ASSEMBLES_DIFF,stdi8,"ld (0x2070),0x5e",2
UNI_ASSEMBLES_DIFF,stdi8,"ld (0x2070),0x6e",2
UNI_ASSEMBLES_DIFF,stdi8,"ld (0x2070),0xb2",2
UNI_ASSEMBLES_DIFF,stdi8,"ld (0x2073),0x70",2
UNI_ASSEMBLES_DIFF,stdi8,"ld (0x2075),0x09",2
UNI_ASSEMBLES_DIFF,stb_d8,"ld (0x207a),A",2
UNI_ASSEMBLES_DIFF,stb_d8,"ld (0x207b),A",2
UNI_ASSEMBLES_DIFF,stda16,"ld (0x2088),WA",2
UNI_ASSEMBLES_DIFF,stda16,"ld (0x208c),WA",2
UNI_ASSEMBLES_DIFF,stdi8,"ld (0x209a),0xff",2
UNI_ASSEMBLES_DIFF,stdi8,"ld (0x209b),0x04",2
UNI_ASSEMBLES_DIFF,stdi8,"ld (0x209b),0x05",2
UNI_ASSEMBLES_DIFF,stdi8,"ld (0x209b),0x09",2
UNI_ASSEMBLES_DIFF,stdi8,"ld (0x209b),0x0a",2
UNI_ASSEMBLES_DIFF,stdi8,"ld (0x209b),0x86",2
UNI_ASSEMBLES_DIFF,stb_d8,"ld (0x209b),C",2
UNI_ASSEMBLES_DIFF,stdi8,"ld (0x209c),0x09",2
UNI_ASSEMBLES_DIFF,stdi8,"ld (0x209c),0x84",2
UNI_ASSEMBLES_DIFF,stdi8,"ld (0x20b9),0x7f",2
UNI_ASSEMBLES_DIFF,stdi8,"ld (0x2150),0xf1",2
UNI_ASSEMBLES_DIFF,stb_d8,"ld (0x2169),L",2
UNI_ASSEMBLES_DIFF,stb_d8,"ld (0x216a),W",2
UNI_ASSEMBLES_DIFF,stb_d8,"ld (0x216b),H",2
UNI_ASSEMBLES_DIFF,stdi8,"ld (0x216e),0x01",2
UNI_ASSEMBLES_DIFF,stda32,"ld (0x2181),XWA",2
UNI_ASSEMBLES_DIFF,stdi8,"ld (0x21d0),0x44",2
UNI_ASSEMBLES_DIFF,stdi8,"ld (0x21d1),0x44",2
UNI_ASSEMBLES_DIFF,stdi8,"ld (0x21d1),0x45",2
UNI_ASSEMBLES_DIFF,stdi8,"ld (0x21d1),0x4d",2
UNI_ASSEMBLES_DIFF,stdi8,"ld (0x21d1),0x51",2
UNI_ASSEMBLES_DIFF,stdi8,"ld (0x21d1),0x52",2
UNI_ASSEMBLES_DIFF,stdi8,"ld (0x21d2),0x46",2
UNI_ASSEMBLES_DIFF,stdi8,"ld (0x21d2),0x4d",2
UNI_ASSEMBLES_DIFF,stdi8,"ld (0x21d2),0x51",2
UNI_ASSEMBLES_DIFF,stdi8,"ld (0x21d2),0x53",2
UNI_ASSEMBLES_DIFF,stda32,"ld (0x21d3),XIX",2
UNI_ASSEMBLES_DIFF,stdi8,"ld (0x21f9),0x00",2
UNI_ASSEMBLES_DIFF,stb_d8,"ld (0x220a),C",2
UNI_ASSEMBLES_DIFF,stb_d8,"ld (0x220b),A",2
UNI_ASSEMBLES_DIFF,stdi8,"ld (0x220c),0x00",2
UNI_ASSEMBLES_DIFF,stdi8,"ld (0x220f),0x00",2
UNI_ASSEMBLES_DIFF,stb_d8,"ld (0x220f),A",2
UNI_ASSEMBLES_DIFF,stb_d8,"ld (0x2210),A",2
UNI_ASSEMBLES_DIFF,stdi8,"ld (0x2229),0x03",2
UNI_ASSEMBLES_DIFF,stdi8,"ld (0x222a),0x00",2
UNI_ASSEMBLES_DIFF,stdi8,"ld (0x222d),0x01",2
UNI_ASSEMBLES_DIFF,stdi8,"ld (0x222d),0x03",2
UNI_ASSEMBLES_DIFF,stda16,"ld (0x2245),WA",2
UNI_ASSEMBLES_DIFF,stb_d8,"ld (0x2250),H",2
UNI_ASSEMBLES_DIFF,stdi8,"ld (0x22d0),0x00",2
UNI_ASSEMBLES_DIFF,stb_d8,"ld (0x2306),A",2
UNI_ASSEMBLES_DIFF,stdi8,"ld (0x2310),0x01",2
UNI_ASSEMBLES_DIFF,stda16,"ld (0x23be),WA",2
UNI_ASSEMBLES_DIFF,stda16,"ld (0x23c6),WA",2
UNI_ASSEMBLES_DIFF,stb_d8,"ld (0x23c9),A",2
UNI_ASSEMBLES_DIFF,stdi8,"ld (0x23cb),0x07",2
UNI_ASSEMBLES_DIFF,stda16,"ld (0x23ce),HL",2
UNI_ASSEMBLES_DIFF,stb_d8,"ld (0x24f0),A",2
UNI_ASSEMBLES_DIFF,stb_d8,"ld (0x24f2),A",2
UNI_ASSEMBLES_DIFF,stb_d8,"ld (0x24f4),A",2
UNI_ASSEMBLES_DIFF,stb_d8,"ld (0x24f5),A",2
UNI_ASSEMBLES_DIFF,stb_d8,"ld (0x24f6),A",2
UNI_ASSEMBLES_DIFF,stb_d8,"ld (0x24ff),A",2
UNI_ASSEMBLES_DIFF,stb_d8,"ld (0x2505),A",2
UNI_ASSEMBLES_DIFF,stb_d8,"ld (0x2506),A",2
UNI_ASSEMBLES_DIFF,stda16,"ld (0x2530),DE",2
UNI_ASSEMBLES_DIFF,stda16,"ld (0x2532),BC",2
UNI_ASSEMBLES_DIFF,stda16,"ld (0x2545),WA",2
UNI_ASSEMBLES_DIFF,stdi8,"ld (0x2554),0x1c",2
UNI_ASSEMBLES_DIFF,stda16,"ld (0x255c),WA",2
UNI_ASSEMBLES_DIFF,stb_d8,"ld (0x255e),A",2
UNI_ASSEMBLES_DIFF,stda16,"ld (0x255e),WA",2
UNI_ASSEMBLES_DIFF,stda16,"ld (0x2560),WA",2
UNI_ASSEMBLES_DIFF,stda16,"ld (0x2562),WA",2
UNI_ASSEMBLES_DIFF,stda16,"ld (0x259c),WA",2
UNI_ASSEMBLES_DIFF,stb_d8,"ld (0x259e),E",2
UNI_ASSEMBLES_DIFF,stb_d8,"ld (0x2636),C",2
UNI_ASSEMBLES_DIFF,stdi8,"ld (0x2640),0x00",2
UNI_ASSEMBLES_DIFF,stb_d8,"ld (0x2641),L",2
UNI_ASSEMBLES_DIFF,stdi8,"ld (0x2642),0x98",2
UNI_ASSEMBLES_DIFF,stda16,"ld (0x2652),WA",2
UNI_ASSEMBLES_DIFF,stda16,"ld (0x2654),WA",2
UNI_ASSEMBLES_DIFF,stda16,"ld (0x2656),WA",2
UNI_ASSEMBLES_DIFF,stda16,"ld (0x2658),WA",2
UNI_ASSEMBLES_DIFF,stb_d8,"ld (0x2661),C",2
UNI_ASSEMBLES_DIFF,stb_d8,"ld (0x2662),C",2
UNI_ASSEMBLES_DIFF,stdi8,"ld (0x2670),0x01",2
UNI_ASSEMBLES_DIFF,stb_d8,"ld (0x2671),C",2
UNI_ASSEMBLES_DIFF,stb_d8,"ld (0x2671),L",2
UNI_ASSEMBLES_DIFF,stb_d8,"ld (0x2672),A",2
UNI_ASSEMBLES_DIFF,stb_d8,"ld (0x2674),A",2
UNI_ASSEMBLES_DIFF,stb_d8,"ld (0x2675),A",2
UNI_ASSEMBLES_DIFF,stdi8,"ld (0x2683),0x00",2
UNI_ASSEMBLES_DIFF,stdi8,"ld (0x2684),0x00",2
UNI_ASSEMBLES_DIFF,stdi8,"ld (0x2684),0x01",2
UNI_ASSEMBLES_DIFF,stdi8,"ld (0x269a),0x01",2
UNI_ASSEMBLES_DIFF,stda16,"ld (0x269a),IZ",2
UNI_ASSEMBLES_DIFF,stdi8,"ld (0x269d),0x00",2
UNI_ASSEMBLES_DIFF,stdi8,"ld (0x269f),0x00",2
UNI_ASSEMBLES_DIFF,stdi8,"ld (0x26a2),0x00",2
UNI_ASSEMBLES_DIFF,stdi8,"ld (0x26a4),0x00",2
UNI_ASSEMBLES_DIFF,stda32,"ld (0x26c2),XWA",2
UNI_ASSEMBLES_DIFF,stdi8,"ld (0x26f6),0x00",2
UNI_ASSEMBLES_DIFF,stdi8,"ld (0x26f9),0x00",2
UNI_ASSEMBLES_DIFF,stdi8,"ld (0x26fc),0x01",2
UNI_ASSEMBLES_DIFF,stdi8,"ld (0x26ff),0x00",2
UNI_ASSEMBLES_DIFF,stdi8,"ld (0x2708),0x00",2
UNI_ASSEMBLES_DIFF,stdi8,"ld (0x270a),0x00",2
UNI_ASSEMBLES_DIFF,stdi8,"ld (0x270d),0x00",2
UNI_ASSEMBLES_DIFF,stdi8,"ld (0x270f),0x00",2
UNI_ASSEMBLES_DIFF,stdi8,"ld (0x2720),0x02",2
UNI_ASSEMBLES_DIFF,stdi8,"ld (0x2721),0x01",2
UNI_ASSEMBLES_DIFF,stdi8,"ld (0x2721),0x02",2
UNI_ASSEMBLES_DIFF,stb_d8,"ld (0x2721),A",2
UNI_ASSEMBLES_DIFF,stdi8,"ld (0x2724),0x13",2
UNI_ASSEMBLES_DIFF,stdi8,"ld (0x2725),0x00",2
UNI_ASSEMBLES_DIFF,stdi8,"ld (0x2729),0x00",2
UNI_ASSEMBLES_DIFF,stb_d8,"ld (0x2729),A",2
UNI_ASSEMBLES_DIFF,stdi8,"ld (0x272b),0x00",2
UNI_ASSEMBLES_DIFF,stdi8,"ld (0x272c),0x01",2
UNI_ASSEMBLES_DIFF,stdi8,"ld (0x272c),0x81",2
UNI_ASSEMBLES_DIFF,stdi8,"ld (0x272f),0x00",2
UNI_ASSEMBLES_DIFF,stdi8,"ld (0x2730),0x02",2
UNI_ASSEMBLES_DIFF,stdi8,"ld (0x2732),0x00",2
UNI_ASSEMBLES_DIFF,stdi8,"ld (0x2737),0x00",2
UNI_ASSEMBLES_DIFF,stb_d8,"ld (0x2738),A",2
UNI_ASSEMBLES_DIFF,stdi8,"ld (0x2740),0x01",2
UNI_ASSEMBLES_DIFF,stb_d8,"ld (0x2769),H",2
UNI_ASSEMBLES_DIFF,stdi8,"ld (0x2770),0x00",2
UNI_ASSEMBLES_DIFF,stdi8,"ld (0x2770),0xff",2
UNI_ASSEMBLES_DIFF,stdi8,"ld (0x2774),0x07",2
UNI_ASSEMBLES_DIFF,stdi8,"ld (0x277e),0x01",2
UNI_ASSEMBLES_DIFF,stdi8,"ld (0x277f),0x00",2
UNI_ASSEMBLES_DIFF,stdi8,"ld (0x2792),0x00",2
UNI_ASSEMBLES_DIFF,stdi8,"ld (0x2793),0x01",2
UNI_ASSEMBLES_DIFF,stdi8,"ld (0x2794),0x00",2
UNI_ASSEMBLES_DIFF,stdi8,"ld (0x2797),0x00",2
UNI_ASSEMBLES_DIFF,stdi8,"ld (0x27a2),0x08",2
UNI_ASSEMBLES_DIFF,stdi8,"ld (0x27a3),0x01",2
UNI_ASSEMBLES_DIFF,stda16,"ld (0x27d0),BC",2
UNI_ASSEMBLES_DIFF,stda16,"ld (0x27d0),DE",2
UNI_ASSEMBLES_DIFF,stb_d8,"ld (0x27e9),C",2
UNI_ASSEMBLES_DIFF,stdi8,"ld (0x283a),0x01",2
UNI_ASSEMBLES_DIFF,stb_d8,"ld (0x283c),A",2
UNI_ASSEMBLES_DIFF,stda32,"ld (0x284f),XWA",2
UNI_ASSEMBLES_DIFF,stda16,"ld (0x2875),DE",2
UNI_ASSEMBLES_DIFF,stdi8,"ld (0x2880),0x1d",2
UNI_ASSEMBLES_DIFF,stdi8,"ld (0x2880),0x1e",2
UNI_ASSEMBLES_DIFF,stdi8,"ld (0x2880),0x26",2
UNI_ASSEMBLES_DIFF,stdi8,"ld (0x2880),0x2f",2
UNI_ASSEMBLES_DIFF,stdi8,"ld (0x2880),0x30",2
UNI_ASSEMBLES_DIFF,stdi8,"ld (0x2880),0x3f",2
UNI_ASSEMBLES_DIFF,stb_d8,"ld (0x2880),A",2
UNI_ASSEMBLES_DIFF,stb_d8,"ld (0x2880),C",2
UNI_ASSEMBLES_DIFF,stb_d8,"ld (0x2881),C",2
UNI_ASSEMBLES_DIFF,stdi8,"ld (0x289e),0x00",2
UNI_ASSEMBLES_DIFF,stb_d8,"ld (0x28a5),A",2
UNI_ASSEMBLES_DIFF,stda16,"ld (0x28b4),DE",2
UNI_ASSEMBLES_DIFF,stda16,"ld (0x28bf),IX",2
UNI_ASSEMBLES_DIFF,stb_d8,"ld (0x28c5),L",2
UNI_ASSEMBLES_DIFF,stdi8,"ld (0x28cb),0x5f",2
UNI_ASSEMBLES_DIFF,stda16,"ld (0x28cc),WA",2
UNI_ASSEMBLES_DIFF,stdi8,"ld (0x28d1),0x00",2
UNI_ASSEMBLES_DIFF,stb_d8,"ld (0x28ec),A",2
UNI_ASSEMBLES_DIFF,stb_d8,"ld (0x28ed),A",2
UNI_ASSEMBLES_DIFF,stda16,"ld (0x2940),WA",2
UNI_ASSEMBLES_DIFF,stdi8,"ld (0x2a81),0x02",2
UNI_ASSEMBLES_DIFF,stb_d8,"ld (0x2a81),A",2
UNI_ASSEMBLES_DIFF,stb_d8,"ld (0x2a86),A",2
UNI_ASSEMBLES_DIFF,stb_d8,"ld (0x2a87),A",2
UNI_ASSEMBLES_DIFF,stb_d8,"ld (0x2a88),W",2
UNI_ASSEMBLES_DIFF,stb_d8,"ld (0x2a89),A",2
UNI_ASSEMBLES_DIFF,stb_d8,"ld (0x2a8a),A",2
UNI_ASSEMBLES_DIFF,stda16,"ld (0x2a92),WA",2
UNI_ASSEMBLES_DIFF,stda16,"ld (0x2ae2),IY",2
UNI_ASSEMBLES_DIFF,stdi8,"ld (0x2c00),0xff",2
UNI_ASSEMBLES_DIFF,stda16,"ld (0x2c00),HL",2
UNI_ASSEMBLES_DIFF,stdi8,"ld (0x2e00),0xff",2
UNI_ASSEMBLES_DIFF,stda16,"ld (0x3008),IZ",2
UNI_ASSEMBLES_DIFF,stda16,"ld (0x300a),IZ",2
UNI_ASSEMBLES_DIFF,stdi8,"ld (0x317f),0x1d",2
UNI_ASSEMBLES_DIFF,stda32,"ld (0x31db),XWA",2
UNI_ASSEMBLES_DIFF,stb_d8,"ld (0x31e3),A",2
UNI_ASSEMBLES_DIFF,stb_d8,"ld (0x31e4),A",2
UNI_ASSEMBLES_DIFF,st_dd8w,"ld (0x32),DE",2
UNI_ASSEMBLES_DIFF,stb_d8,"ld (0x3218),A",2
UNI_ASSEMBLES_DIFF,stb_d8,"ld (0x3219),A",2
UNI_ASSEMBLES_DIFF,stb_d8,"ld (0x321a),A",2
UNI_ASSEMBLES_DIFF,stb_d8,"ld (0x321b),A",2
UNI_ASSEMBLES_DIFF,stb_d8,"ld (0x321c),A",2
UNI_ASSEMBLES_DIFF,stb_d8,"ld (0x321d),A",2
UNI_ASSEMBLES_DIFF,stb_d8,"ld (0x321e),A",2
UNI_ASSEMBLES_DIFF,stda32,"ld (0x3237),XIY",2
UNI_ASSEMBLES_DIFF,stb_d8,"ld (0x323b),A",2
UNI_ASSEMBLES_DIFF,stdi8,"ld (0x3246),0x00",2
UNI_ASSEMBLES_DIFF,stdi8,"ld (0x3246),0x01",2
UNI_ASSEMBLES_DIFF,stb_d8,"ld (0x3249),A",2
UNI_ASSEMBLES_DIFF,stb_d8,"ld (0x324a),A",2
UNI_ASSEMBLES_DIFF,stb_d8,"ld (0x324b),A",2
UNI_ASSEMBLES_DIFF,stb_d8,"ld (0x324c),A",2
UNI_ASSEMBLES_DIFF,stb_d8,"ld (0x324e),A",2
UNI_ASSEMBLES_DIFF,stb_d8,"ld (0x325f),A",2
UNI_ASSEMBLES_DIFF,stb_d8,"ld (0x3261),A",2
UNI_ASSEMBLES_DIFF,stda16,"ld (0x327b),WA",2
UNI_ASSEMBLES_DIFF,stda16,"ld (0x327d),BC",2
UNI_ASSEMBLES_DIFF,stda16,"ld (0x327d),WA",2
UNI_ASSEMBLES_DIFF,stda16,"ld (0x3287),HL",2
UNI_ASSEMBLES_DIFF,stda16,"ld (0x328b),HL",2
UNI_ASSEMBLES_DIFF,stda16,"ld (0x328d),HL",2
UNI_ASSEMBLES_DIFF,stda16,"ld (0x328f),HL",2
UNI_ASSEMBLES_DIFF,stda16,"ld (0x3291),HL",2
UNI_ASSEMBLES_DIFF,stb_d8,"ld (0x3293),A",2
UNI_ASSEMBLES_DIFF,stb_d8,"ld (0x3294),A",2
UNI_ASSEMBLES_DIFF,stb_d8,"ld (0x3295),A",2
UNI_ASSEMBLES_DIFF,stb_d8,"ld (0x3296),A",2
UNI_ASSEMBLES_DIFF,stb_d8,"ld (0x3297),A",2
UNI_ASSEMBLES_DIFF,stda16,"ld (0x3297),HL",2
UNI_ASSEMBLES_DIFF,stda16,"ld (0x329b),HL",2
UNI_ASSEMBLES_DIFF,stda16,"ld (0x329d),HL",2
UNI_ASSEMBLES_DIFF,stb_d8,"ld (0x329e),A",2
UNI_ASSEMBLES_DIFF,stda16,"ld (0x329f),HL",2
UNI_ASSEMBLES_DIFF,stda16,"ld (0x32a1),HL",2
UNI_ASSEMBLES_DIFF,stb_d8,"ld (0x32b3),A",2
UNI_ASSEMBLES_DIFF,stb_d8,"ld (0x32bb),A",2
UNI_ASSEMBLES_DIFF,stb_d8,"ld (0x32c4),A",2
UNI_ASSEMBLES_DIFF,stb_d8,"ld (0x32c5),A",2
UNI_ASSEMBLES_DIFF,stb_d8,"ld (0x32c8),A",2
UNI_ASSEMBLES_DIFF,stb_d8,"ld (0x32c9),A",2
UNI_ASSEMBLES_DIFF,stb_d8,"ld (0x32ca),A",2
UNI_ASSEMBLES_DIFF,stb_d8,"ld (0x32d4),A",2
UNI_ASSEMBLES_DIFF,stdi8,"ld (0x32d7),0x00",2
UNI_ASSEMBLES_DIFF,stdi8,"ld (0x32d8),0x01",2
UNI_ASSEMBLES_DIFF,stdi8,"ld (0x32d8),0x05",2
UNI_ASSEMBLES_DIFF,stb_d8,"ld (0x32db),A",2
UNI_ASSEMBLES_DIFF,stb_d8,"ld (0x32dc),A",2
UNI_ASSEMBLES_DIFF,stb_d8,"ld (0x32dd),A",2
UNI_ASSEMBLES_DIFF,stb_d8,"ld (0x32de),A",2
UNI_ASSEMBLES_DIFF,stb_d8,"ld (0x32df),A",2
UNI_ASSEMBLES_DIFF,stb_d8,"ld (0x32e0),A",2
UNI_ASSEMBLES_DIFF,stb_d8,"ld (0x32e1),A",2
UNI_ASSEMBLES_DIFF,stda16,"ld (0x32e3),WA",2
UNI_ASSEMBLES_DIFF,stdi8,"ld (0x32e9),0x18",2
UNI_ASSEMBLES_DIFF,stdi8,"ld (0x32ec),0x01",2
UNI_ASSEMBLES_DIFF,stb_d8,"ld (0x32ef),W",2
UNI_ASSEMBLES_DIFF,stb_d8,"ld (0x32f1),A",2
UNI_ASSEMBLES_DIFF,stdi8,"ld (0x32f2),0x00",2
UNI_ASSEMBLES_DIFF,stb_d8,"ld (0x32f2),A",2
UNI_ASSEMBLES_DIFF,stdi8,"ld (0x32f3),0x00",2
UNI_ASSEMBLES_DIFF,stb_d8,"ld (0x32f5),A",2
UNI_ASSEMBLES_DIFF,stb_d8,"ld (0x32f5),L",2
UNI_ASSEMBLES_DIFF,stdi8,"ld (0x32f6),0xff",2
UNI_ASSEMBLES_DIFF,stb_d8,"ld (0x32f7),A",2
UNI_ASSEMBLES_DIFF,stb_d8,"ld (0x32f7),H",2
UNI_ASSEMBLES_DIFF,stb_d8,"ld (0x32f8),A",2
UNI_ASSEMBLES_DIFF,stb_d8,"ld (0x32f9),A",2
UNI_ASSEMBLES_DIFF,stda16,"ld (0x32f9),WA",2
UNI_ASSEMBLES_DIFF,stb_d8,"ld (0x32fa),A",2
UNI_ASSEMBLES_DIFF,stb_d8,"ld (0x32fc),A",2
UNI_ASSEMBLES_DIFF,stb_d8,"ld (0x32fe),A",2
UNI_ASSEMBLES_DIFF,stb_d8,"ld (0x3300),A",2
UNI_ASSEMBLES_DIFF,stb_d8,"ld (0x3301),A",2
UNI_ASSEMBLES_DIFF,stb_d8,"ld (0x3302),A",2
UNI_ASSEMBLES_DIFF,stdi8,"ld (0x3303),0x00",2
UNI_ASSEMBLES_DIFF,stb_d8,"ld (0x3303),A",2
UNI_ASSEMBLES_DIFF,stb_d8,"ld (0x3304),A",2
UNI_ASSEMBLES_DIFF,stb_d8,"ld (0x3305),A",2
UNI_ASSEMBLES_DIFF,stb_d8,"ld (0x3306),A",2
UNI_ASSEMBLES_DIFF,stb_d8,"ld (0x3307),A",2
UNI_ASSEMBLES_DIFF,stb_d8,"ld (0x3308),A",2
UNI_ASSEMBLES_DIFF,stb_d8,"ld (0x330c),A",2
UNI_ASSEMBLES_DIFF,stb_d8,"ld (0x330d),A",2
UNI_ASSEMBLES_DIFF,stb_d8,"ld (0x330e),A",2
UNI_ASSEMBLES_DIFF,stb_d8,"ld (0x330f),A",2
UNI_ASSEMBLES_DIFF,stb_d8,"ld (0x3310),A",2
UNI_ASSEMBLES_DIFF,stb_d8,"ld (0x3319),A",2
UNI_ASSEMBLES_DIFF,stb_d8,"ld (0x331a),A",2
UNI_ASSEMBLES_DIFF,stb_d8,"ld (0x331b),A",2
UNI_ASSEMBLES_DIFF,stb_d8,"ld (0x331c),A",2
UNI_ASSEMBLES_DIFF,stb_d8,"ld (0x331d),A",2
UNI_ASSEMBLES_DIFF,stb_d8,"ld (0x331e),A",2
UNI_ASSEMBLES_DIFF,stb_d8,"ld (0x331f),A",2
UNI_ASSEMBLES_DIFF,stda16,"ld (0x3324),WA",2
UNI_ASSEMBLES_DIFF,stdi8,"ld (0x332b),0x00",2
UNI_ASSEMBLES_DIFF,stb_d8,"ld (0x332e),W",2
UNI_ASSEMBLES_DIFF,stdi8,"ld (0x332f),0x00",2
UNI_ASSEMBLES_DIFF,stb_d8,"ld (0x332f),E",2
UNI_ASSEMBLES_DIFF,stdi8,"ld (0x3330),0x00",2
UNI_ASSEMBLES_DIFF,stb_d8,"ld (0x3330),E",2
UNI_ASSEMBLES_DIFF,stdi8,"ld (0x3331),0x00",2
UNI_ASSEMBLES_DIFF,stb_d8,"ld (0x3331),E",2
UNI_ASSEMBLES_DIFF,stdi8,"ld (0x3332),0x00",2
UNI_ASSEMBLES_DIFF,stb_d8,"ld (0x3332),E",2
UNI_ASSEMBLES_DIFF,stb_d8,"ld (0x3334),A",2
UNI_ASSEMBLES_DIFF,stb_d8,"ld (0x3335),A",2
UNI_ASSEMBLES_DIFF,stb_d8,"ld (0x3337),A",2
UNI_ASSEMBLES_DIFF,stb_d8,"ld (0x3340),W",2
UNI_ASSEMBLES_DIFF,stb_d8,"ld (0x3349),A",2
UNI_ASSEMBLES_DIFF,stda16,"ld (0x334b),WA",2
UNI_ASSEMBLES_DIFF,stdi8,"ld (0x3355),0x00",2
UNI_ASSEMBLES_DIFF,stb_d8,"ld (0x3356),W",2
UNI_ASSEMBLES_DIFF,stdi8,"ld (0x335f),0x00",2
UNI_ASSEMBLES_DIFF,stb_d8,"ld (0x3362),A",2
UNI_ASSEMBLES_DIFF,stdi8,"ld (0x3377),0x5f",2
UNI_ASSEMBLES_DIFF,stda16,"ld (0x3378),IX",2
UNI_ASSEMBLES_DIFF,stda16,"ld (0x337a),IX",2
UNI_ASSEMBLES_DIFF,stdi8,"ld (0x3380),0x04",2
UNI_ASSEMBLES_DIFF,stdi8,"ld (0x3380),0x06",2
UNI_ASSEMBLES_DIFF,stdi8,"ld (0x3380),0x07",2
UNI_ASSEMBLES_DIFF,stdi8,"ld (0x338e),0x02",2
UNI_ASSEMBLES_DIFF,stdi8,"ld (0x338e),0x04",2
UNI_ASSEMBLES_DIFF,stdi8,"ld (0x338e),0x08",2
UNI_ASSEMBLES_DIFF,stdi8,"ld (0x338e),0x10",2
UNI_ASSEMBLES_DIFF,stdi8,"ld (0x338e),0x20",2
UNI_ASSEMBLES_DIFF,stb_d8,"ld (0x338f),A",2
UNI_ASSEMBLES_DIFF,stdi8,"ld (0x3390),0x00",2
UNI_ASSEMBLES_DIFF,stdi8,"ld (0x3390),0x01",2
UNI_ASSEMBLES_DIFF,stdi8,"ld (0x3391),0xd0",2
UNI_ASSEMBLES_DIFF,stb_d8,"ld (0x3392),E",2
UNI_ASSEMBLES_DIFF,stdi8,"ld (0x3393),0x01",2
UNI_ASSEMBLES_DIFF,stdi8,"ld (0x3393),0x02",2
UNI_ASSEMBLES_DIFF,stdi8,"ld (0x3393),0x03",2
UNI_ASSEMBLES_DIFF,stdi8,"ld (0x3393),0x05",2
UNI_ASSEMBLES_DIFF,stb_d8,"ld (0x3393),W",2
UNI_ASSEMBLES_DIFF,stdi8,"ld (0x3394),0x40",2
UNI_ASSEMBLES_DIFF,stdi8,"ld (0x3394),0x7f",2
UNI_ASSEMBLES_DIFF,stdi8,"ld (0x3395),0x01",2
UNI_ASSEMBLES_DIFF,stb_d8,"ld (0x3396),A",2
UNI_ASSEMBLES_DIFF,stb_d8,"ld (0x3397),A",2
UNI_ASSEMBLES_DIFF,stdi8,"ld (0x3398),0x00",2
UNI_ASSEMBLES_DIFF,stdi8,"ld (0x3399),0x00",2
UNI_ASSEMBLES_DIFF,stb_d8,"ld (0x3399),C",2
UNI_ASSEMBLES_DIFF,stdi8,"ld (0x339f),0x01",2
UNI_ASSEMBLES_DIFF,stb_d8,"ld (0x339f),A",2
UNI_ASSEMBLES_DIFF,stda16,"ld (0x33a9),WA",2
UNI_ASSEMBLES_DIFF,stda16,"ld (0x33ab),WA",2
UNI_ASSEMBLES_DIFF,stda16,"ld (0x33ad),IX",2
UNI_ASSEMBLES_DIFF,stda16,"ld (0x33ad),WA",2
UNI_ASSEMBLES_DIFF,stda16,"ld (0x33af),IY",2
UNI_ASSEMBLES_DIFF,stda16,"ld (0x33af),WA",2
UNI_ASSEMBLES_DIFF,stb_d8,"ld (0x33d2),A",2
UNI_ASSEMBLES_DIFF,stdi8,"ld (0x33d4),0x00",2
UNI_ASSEMBLES_DIFF,stda16,"ld (0x33d8),HL",2
UNI_ASSEMBLES_DIFF,stb_d8,"ld (0x33da),E",2
UNI_ASSEMBLES_DIFF,stb_d8,"ld (0x33db),C",2
UNI_ASSEMBLES_DIFF,stdi8,"ld (0x33dd),0x00",2
UNI_ASSEMBLES_DIFF,stb_d8,"ld (0x33de),W",2
UNI_ASSEMBLES_DIFF,stda16,"ld (0x33e0),WA",2
UNI_ASSEMBLES_DIFF,stb_d8,"ld (0x33e3),A",2
UNI_ASSEMBLES_DIFF,stb_d8,"ld (0x33e3),W",2
UNI_ASSEMBLES_DIFF,stb_d8,"ld (0x33e4),E",2
UNI_ASSEMBLES_DIFF,stda16,"ld (0x33e4),WA",2
UNI_ASSEMBLES_DIFF,stb_d8,"ld (0x33e6),A",2
UNI_ASSEMBLES_DIFF,stb_d8,"ld (0x33e7),A",2
UNI_ASSEMBLES_DIFF,stb_d8,"ld (0x33e9),A",2
UNI_ASSEMBLES_DIFF,stdi8,"ld (0x33eb),0x00",2
UNI_ASSEMBLES_DIFF,stb_d8,"ld (0x33eb),A",2
UNI_ASSEMBLES_DIFF,stdi8,"ld (0x33ec),0x00",2
UNI_ASSEMBLES_DIFF,stdi8,"ld (0x33ed),0x00",2
UNI_ASSEMBLES_DIFF,stdi8,"ld (0x33ee),0x00",2
UNI_ASSEMBLES_DIFF,stdi8,"ld (0x33ef),0x00",2
UNI_ASSEMBLES_DIFF,stb_d8,"ld (0x33ef),A",2
UNI_ASSEMBLES_DIFF,stdi8,"ld (0x33f0),0x00",2
UNI_ASSEMBLES_DIFF,stb_d8,"ld (0x33f0),A",2
UNI_ASSEMBLES_DIFF,stb_d8,"ld (0x3409),A",2
UNI_ASSEMBLES_DIFF,stb_d8,"ld (0x3421),A",2
UNI_ASSEMBLES_DIFF,stb_d8,"ld (0x3425),W",2
UNI_ASSEMBLES_DIFF,stda32,"ld (0x3426),XWA",2
UNI_ASSEMBLES_DIFF,stb_d8,"ld (0x342a),A",2
UNI_ASSEMBLES_DIFF,stdi8,"ld (0x342b),0x00",2
UNI_ASSEMBLES_DIFF,stb_d8,"ld (0x342b),A",2
UNI_ASSEMBLES_DIFF,stb_d8,"ld (0x342d),H",2
UNI_ASSEMBLES_DIFF,stdi8,"ld (0x342e),0x0f",2
UNI_ASSEMBLES_DIFF,stdi8,"ld (0x342e),0x19",2
UNI_ASSEMBLES_DIFF,stb_d8,"ld (0x342e),W",2
UNI_ASSEMBLES_DIFF,stdi8,"ld (0x342f),0x00",2
UNI_ASSEMBLES_DIFF,stdi8,"ld (0x342f),0x10",2
UNI_ASSEMBLES_DIFF,stdi8,"ld (0x3431),0x00",2
UNI_ASSEMBLES_DIFF,stdi8,"ld (0x3432),0x03",2
UNI_ASSEMBLES_DIFF,stdi8,"ld (0x3435),0xfe",2
UNI_ASSEMBLES_DIFF,stb_d8,"ld (0x3435),L",2
UNI_ASSEMBLES_DIFF,stb_d8,"ld (0x3436),A",2
UNI_ASSEMBLES_DIFF,stb_d8,"ld (0x3437),A",2
UNI_ASSEMBLES_DIFF,stb_d8,"ld (0x3438),A",2
UNI_ASSEMBLES_DIFF,stb_d8,"ld (0x3439),A",2
UNI_ASSEMBLES_DIFF,stdi8,"ld (0x343a),0x00",2
UNI_ASSEMBLES_DIFF,stdi8,"ld (0x343a),0x1e",2
UNI_ASSEMBLES_DIFF,stdi8,"ld (0x343a),0x20",2
UNI_ASSEMBLES_DIFF,stb_d8,"ld (0x343a),H",2
UNI_ASSEMBLES_DIFF,stda16,"ld (0x343d),BC",2
UNI_ASSEMBLES_DIFF,stda16,"ld (0x343d),HL",2
UNI_ASSEMBLES_DIFF,stdi8,"ld (0x343f),0x00",2
UNI_ASSEMBLES_DIFF,stda16,"ld (0x343f),DE",2
UNI_ASSEMBLES_DIFF,stb_d8,"ld (0x3440),A",2
UNI_ASSEMBLES_DIFF,stda16,"ld (0x3441),HL",2
UNI_ASSEMBLES_DIFF,stdi8,"ld (0x344d),0x03",2
UNI_ASSEMBLES_DIFF,stb_d8,"ld (0x344d),A",2
UNI_ASSEMBLES_DIFF,stb_d8,"ld (0x3451),L",2
UNI_ASSEMBLES_DIFF,stdi8,"ld (0x3452),0x00",2
UNI_ASSEMBLES_DIFF,stb_d8,"ld (0x3453),L",2
UNI_ASSEMBLES_DIFF,stda16,"ld (0x3454),WA",2
UNI_ASSEMBLES_DIFF,stdi8,"ld (0x345b),0x00",2
UNI_ASSEMBLES_DIFF,stda16,"ld (0x345d),IY",2
UNI_ASSEMBLES_DIFF,stdi8,"ld (0x345e),0x00",2
UNI_ASSEMBLES_DIFF,stdi8,"ld (0x345f),0x00",2
UNI_ASSEMBLES_DIFF,stdi8,"ld (0x3460),0x00",2
UNI_ASSEMBLES_DIFF,stdi8,"ld (0x346d),0x00",2
UNI_ASSEMBLES_DIFF,stb_d8,"ld (0x346d),A",2
UNI_ASSEMBLES_DIFF,stb_d8,"ld (0x3475),A",2
UNI_ASSEMBLES_DIFF,stda16,"ld (0x3476),WA",2
UNI_ASSEMBLES_DIFF,stda16,"ld (0x3478),WA",2
UNI_ASSEMBLES_DIFF,stb_d8,"ld (0x347d),A",2
UNI_ASSEMBLES_DIFF,stb_d8,"ld (0x347d),D",2
UNI_ASSEMBLES_DIFF,stdi8,"ld (0x347e),0x1d",2
UNI_ASSEMBLES_DIFF,stda16,"ld (0x347e),WA",2
UNI_ASSEMBLES_DIFF,stdi8,"ld (0x3481),0x00",2
UNI_ASSEMBLES_DIFF,stb_d8,"ld (0x3482),A",2
UNI_ASSEMBLES_DIFF,stda16,"ld (0x3482),WA",2
UNI_ASSEMBLES_DIFF,stdi8,"ld (0x3483),0x00",2
UNI_ASSEMBLES_DIFF,stb_d8,"ld (0x3483),A",2
UNI_ASSEMBLES_DIFF,stda16,"ld (0x3484),BC",2
UNI_ASSEMBLES_DIFF,stdi8,"ld (0x3485),0x00",2
UNI_ASSEMBLES_DIFF,stb_d8,"ld (0x3486),A",2
UNI_ASSEMBLES_DIFF,stb_d8,"ld (0x3487),A",2
UNI_ASSEMBLES_DIFF,stdi8,"ld (0x3488),0x05",2
UNI_ASSEMBLES_DIFF,stdi8,"ld (0x3488),0x06",2
UNI_ASSEMBLES_DIFF,stb_d8,"ld (0x3488),C",2
UNI_ASSEMBLES_DIFF,stda16,"ld (0x348e),WA",2
UNI_ASSEMBLES_DIFF,stda16,"ld (0x3494),HL",2
UNI_ASSEMBLES_DIFF,stda16,"ld (0x3496),HL",2
UNI_ASSEMBLES_DIFF,stdi8,"ld (0x3498),0x00",2
UNI_ASSEMBLES_DIFF,stdi8,"ld (0x3499),0x00",2
UNI_ASSEMBLES_DIFF,stda16,"ld (0x349a),HL",2
UNI_ASSEMBLES_DIFF,stda16,"ld (0x349c),WA",2
UNI_ASSEMBLES_DIFF,stb_d8,"ld (0x34a4),C",2
UNI_ASSEMBLES_DIFF,stdi8,"ld (0x34a6),0x00",2
UNI_ASSEMBLES_DIFF,stdi8,"ld (0x34a6),0x01",2
UNI_ASSEMBLES_DIFF,stb_d8,"ld (0x34a7),A",2
UNI_ASSEMBLES_DIFF,stb_d8,"ld (0x34a8),A",2
UNI_ASSEMBLES_DIFF,stb_d8,"ld (0x34a9),A",2
UNI_ASSEMBLES_DIFF,stdi8,"ld (0x34ac),0x00",2
UNI_ASSEMBLES_DIFF,stb_d8,"ld (0x34ac),A",2
UNI_ASSEMBLES_DIFF,stb_d8,"ld (0x34ad),C",2
UNI_ASSEMBLES_DIFF,stb_d8,"ld (0x34b9),A",2
UNI_ASSEMBLES_DIFF,stda32,"ld (0x34c0),XIY",2
UNI_ASSEMBLES_DIFF,stdi8,"ld (0x34d6),0x04",2
UNI_ASSEMBLES_DIFF,stdi8,"ld (0x34d6),0x0b",2
UNI_ASSEMBLES_DIFF,stdi8,"ld (0x34d6),0x0c",2
UNI_ASSEMBLES_DIFF,stdi8,"ld (0x34d6),0x0d",2
UNI_ASSEMBLES_DIFF,stdi8,"ld (0x34d6),0x0e",2
UNI_ASSEMBLES_DIFF,stdi8,"ld (0x34d6),0x0f",2
UNI_ASSEMBLES_DIFF,stdi8,"ld (0x34d6),0x10",2
UNI_ASSEMBLES_DIFF,stdi8,"ld (0x34d6),0x11",2
UNI_ASSEMBLES_DIFF,stdi8,"ld (0x34d6),0x12",2
UNI_ASSEMBLES_DIFF,stdi8,"ld (0x34d6),0x13",2
UNI_ASSEMBLES_DIFF,stdi8,"ld (0x34d6),0x14",2
UNI_ASSEMBLES_DIFF,stdi8,"ld (0x34d6),0x15",2
UNI_ASSEMBLES_DIFF,stdi8,"ld (0x34d6),0x16",2
UNI_ASSEMBLES_DIFF,stdi8,"ld (0x34d6),0x17",2
UNI_ASSEMBLES_DIFF,stdi8,"ld (0x34d6),0x18",2
UNI_ASSEMBLES_DIFF,stdi8,"ld (0x34d6),0x19",2
UNI_ASSEMBLES_DIFF,stdi8,"ld (0x34d6),0x1a",2
UNI_ASSEMBLES_DIFF,stdi8,"ld (0x34d6),0x1b",2
UNI_ASSEMBLES_DIFF,stdi8,"ld (0x34d6),0x1c",2
UNI_ASSEMBLES_DIFF,stdi8,"ld (0x34d6),0x1d",2
UNI_ASSEMBLES_DIFF,stb_d8,"ld (0x34d6),E",2
UNI_ASSEMBLES_DIFF,stdi8,"ld (0x34d7),0x00",2
UNI_ASSEMBLES_DIFF,stdi8,"ld (0x34d7),0x03",2
UNI_ASSEMBLES_DIFF,stdi8,"ld (0x34d7),0x07",2
UNI_ASSEMBLES_DIFF,stdi8,"ld (0x34d8),0x04",2
UNI_ASSEMBLES_DIFF,stdi8,"ld (0x34d8),0x0b",2
UNI_ASSEMBLES_DIFF,stdi8,"ld (0x34da),0x00",2
UNI_ASSEMBLES_DIFF,stdi8,"ld (0x34db),0x01",2
UNI_ASSEMBLES_DIFF,stdi8,"ld (0x34db),0x03",2
UNI_ASSEMBLES_DIFF,stb_d8,"ld (0x34df),E",2
UNI_ASSEMBLES_DIFF,stb_d8,"ld (0x34df),W",2
UNI_ASSEMBLES_DIFF,stb_d8,"ld (0x34e0),A",2
UNI_ASSEMBLES_DIFF,stb_d8,"ld (0x34e0),D",2
UNI_ASSEMBLES_DIFF,stb_d8,"ld (0x34e1),E",2
UNI_ASSEMBLES_DIFF,stb_d8,"ld (0x34e1),W",2
UNI_ASSEMBLES_DIFF,stb_d8,"ld (0x34e2),A",2
UNI_ASSEMBLES_DIFF,stb_d8,"ld (0x34e2),D",2
UNI_ASSEMBLES_DIFF,stb_d8,"ld (0x34e3),E",2
UNI_ASSEMBLES_DIFF,stb_d8,"ld (0x34e3),W",2
UNI_ASSEMBLES_DIFF,stb_d8,"ld (0x34e4),A",2
UNI_ASSEMBLES_DIFF,stb_d8,"ld (0x34e4),D",2
UNI_ASSEMBLES_DIFF,stb_d8,"ld (0x34e5),E",2
UNI_ASSEMBLES_DIFF,stb_d8,"ld (0x34e5),W",2
UNI_ASSEMBLES_DIFF,stb_d8,"ld (0x34e6),A",2
UNI_ASSEMBLES_DIFF,stb_d8,"ld (0x34e6),D",2
UNI_ASSEMBLES_DIFF,stb_d8,"ld (0x34e7),E",2
UNI_ASSEMBLES_DIFF,stb_d8,"ld (0x34e7),W",2
UNI_ASSEMBLES_DIFF,stb_d8,"ld (0x34e8),A",2
UNI_ASSEMBLES_DIFF,stb_d8,"ld (0x34e8),D",2
UNI_ASSEMBLES_DIFF,stdi8,"ld (0x34e9),0x00",2
UNI_ASSEMBLES_DIFF,stdi8,"ld (0x34e9),0x0b",2
UNI_ASSEMBLES_DIFF,stb_d8,"ld (0x34e9),A",2
UNI_ASSEMBLES_DIFF,stb_d8,"ld (0x34ed),C",2
UNI_ASSEMBLES_DIFF,stb_d8,"ld (0x34ee),A",2
UNI_ASSEMBLES_DIFF,stb_d8,"ld (0x34ee),C",2
UNI_ASSEMBLES_DIFF,stb_d8,"ld (0x34ee),H",2
UNI_ASSEMBLES_DIFF,stdi8,"ld (0x34ef),0x01",2
UNI_ASSEMBLES_DIFF,stdi8,"ld (0x34ef),0x02",2
UNI_ASSEMBLES_DIFF,stdi8,"ld (0x34ef),0x03",2
UNI_ASSEMBLES_DIFF,stdi8,"ld (0x34ef),0x04",2
UNI_ASSEMBLES_DIFF,stdi8,"ld (0x34ef),0x11",2
UNI_ASSEMBLES_DIFF,stdi8,"ld (0x34ef),0x12",2
UNI_ASSEMBLES_DIFF,stdi8,"ld (0x34ef),0x13",2
UNI_ASSEMBLES_DIFF,stdi8,"ld (0x34ef),0x14",2
UNI_ASSEMBLES_DIFF,stdi8,"ld (0x34ef),0x15",2
UNI_ASSEMBLES_DIFF,stdi8,"ld (0x34ef),0x16",2
UNI_ASSEMBLES_DIFF,stdi8,"ld (0x34ef),0x17",2
UNI_ASSEMBLES_DIFF,stdi8,"ld (0x34ef),0x18",2
UNI_ASSEMBLES_DIFF,stdi8,"ld (0x34ef),0x19",2
UNI_ASSEMBLES_DIFF,stb_d8,"ld (0x34ef),C",2
UNI_ASSEMBLES_DIFF,stb_d8,"ld (0x34f0),A",2
UNI_ASSEMBLES_DIFF,stdi8,"ld (0x34f1),0x80",2
UNI_ASSEMBLES_DIFF,stb_d8,"ld (0x34f1),W",2
UNI_ASSEMBLES_DIFF,stb_d8,"ld (0x34f7),A",2
UNI_ASSEMBLES_DIFF,stb_d8,"ld (0x34fb),W",2
UNI_ASSEMBLES_DIFF,stb_d8,"ld (0x34fc),W",2
UNI_ASSEMBLES_DIFF,stdi8,"ld (0x34fd),0x00",2
UNI_ASSEMBLES_DIFF,stb_d8,"ld (0x34fd),A",2
UNI_ASSEMBLES_DIFF,stb_d8,"ld (0x34fd),L",2
UNI_ASSEMBLES_DIFF,stdi8,"ld (0x34fe),0x00",2
UNI_ASSEMBLES_DIFF,stb_d8,"ld (0x34fe),L",2
UNI_ASSEMBLES_DIFF,stdi8,"ld (0x350c),0x01",2
UNI_ASSEMBLES_DIFF,stdi8,"ld (0x350e),0x00",2
UNI_ASSEMBLES_DIFF,stdi8,"ld (0x350f),0x00",2
UNI_ASSEMBLES_DIFF,stb_d8,"ld (0x3510),A",2
UNI_ASSEMBLES_DIFF,stb_d8,"ld (0x3516),A",2
UNI_ASSEMBLES_DIFF,stdi8,"ld (0x3522),0x00",2
UNI_ASSEMBLES_DIFF,stdi8,"ld (0x3523),0x00",2
UNI_ASSEMBLES_DIFF,stdi8,"ld (0x3525),0xb6",2
UNI_ASSEMBLES_DIFF,stb_d8,"ld (0x3525),A",2
UNI_ASSEMBLES_DIFF,stb_d8,"ld (0x352b),A",2
UNI_ASSEMBLES_DIFF,stb_d8,"ld (0x352c),A",2
UNI_ASSEMBLES_DIFF,stda16,"ld (0x3534),HL",2
UNI_ASSEMBLES_DIFF,stdi8,"ld (0x3540),0x07",2
UNI_ASSEMBLES_DIFF,stb_d8,"ld (0x3540),A",2
UNI_ASSEMBLES_DIFF,stda16,"ld (0x3548),WA",2
UNI_ASSEMBLES_DIFF,stda32,"ld (0x3548),XIX",2
UNI_ASSEMBLES_DIFF,stda32,"ld (0x354c),XIX",2
UNI_ASSEMBLES_DIFF,stb_d8,"ld (0x3558),L",2
UNI_ASSEMBLES_DIFF,stda16,"ld (0x355a),WA",2
UNI_ASSEMBLES_DIFF,stda16,"ld (0x355c),WA",2
UNI_ASSEMBLES_DIFF,stdi8,"ld (0x3563),0x00",2
UNI_ASSEMBLES_DIFF,stda16,"ld (0x356e),WA",2
UNI_ASSEMBLES_DIFF,stda16,"ld (0x3574),HL",2
UNI_ASSEMBLES_DIFF,stda16,"ld (0x3578),HL",2
UNI_ASSEMBLES_DIFF,stda16,"ld (0x357a),HL",2
UNI_ASSEMBLES_DIFF,stda16,"ld (0x357c),HL",2
UNI_ASSEMBLES_DIFF,stb_d8,"ld (0x3591),A",2
UNI_ASSEMBLES_DIFF,stb_d8,"ld (0x3592),A",2
UNI_ASSEMBLES_DIFF,stb_d8,"ld (0x3593),A",2
UNI_ASSEMBLES_DIFF,stb_d8,"ld (0x3594),A",2
UNI_ASSEMBLES_DIFF,stb_d8,"ld (0x3595),A",2
UNI_ASSEMBLES_DIFF,stda16,"ld (0x3596),IX",2
UNI_ASSEMBLES_DIFF,stda16,"ld (0x3598),HL",2
UNI_ASSEMBLES_DIFF,stda16,"ld (0x359a),HL",2
UNI_ASSEMBLES_DIFF,stda16,"ld (0x359c),HL",2
UNI_ASSEMBLES_DIFF,stda16,"ld (0x359e),HL",2
UNI_ASSEMBLES_DIFF,stda16,"ld (0x35a0),HL",2
UNI_ASSEMBLES_DIFF,stda16,"ld (0x35a2),IY",2
UNI_ASSEMBLES_DIFF,stda16,"ld (0x35a2),WA",2
UNI_ASSEMBLES_DIFF,stda16,"ld (0x35a4),HL",2
UNI_ASSEMBLES_DIFF,stda16,"ld (0x35a6),HL",2
UNI_ASSEMBLES_DIFF,stda16,"ld (0x35a8),HL",2
UNI_ASSEMBLES_DIFF,stda16,"ld (0x35aa),HL",2
UNI_ASSEMBLES_DIFF,stda16,"ld (0x35ac),HL",2
UNI_ASSEMBLES_DIFF,stda32,"ld (0x35b0),XWA",2
UNI_ASSEMBLES_DIFF,stb_d8,"ld (0x35b1),A",2
UNI_ASSEMBLES_DIFF,stb_d8,"ld (0x35b3),E",2
UNI_ASSEMBLES_DIFF,stda16,"ld (0x35b4),WA",2
UNI_ASSEMBLES_DIFF,stda32,"ld (0x35b4),XHL",2
UNI_ASSEMBLES_DIFF,stda16,"ld (0x35b6),HL",2
UNI_ASSEMBLES_DIFF,stda16,"ld (0x35b8),HL",2
UNI_ASSEMBLES_DIFF,stda16,"ld (0x35ba),HL",2
UNI_ASSEMBLES_DIFF,stb_d8,"ld (0x35c0),A",2
UNI_ASSEMBLES_DIFF,stb_d8,"ld (0x35c1),A",2
UNI_ASSEMBLES_DIFF,stb_d8,"ld (0x35c2),A",2
UNI_ASSEMBLES_DIFF,stb_d8,"ld (0x35c3),A",2
UNI_ASSEMBLES_DIFF,stb_d8,"ld (0x35c4),A",2
UNI_ASSEMBLES_DIFF,stda16,"ld (0x35c4),IY",2
UNI_ASSEMBLES_DIFF,stda16,"ld (0x35c6),HL",2
UNI_ASSEMBLES_DIFF,stda16,"ld (0x35c8),HL",2
UNI_ASSEMBLES_DIFF,stda16,"ld (0x35c8),WA",2
UNI_ASSEMBLES_DIFF,stda16,"ld (0x35ca),BC",2
UNI_ASSEMBLES_DIFF,stda16,"ld (0x35ca),HL",2
UNI_ASSEMBLES_DIFF,stda16,"ld (0x35cc),HL",2
UNI_ASSEMBLES_DIFF,stda16,"ld (0x35ce),HL",2
UNI_ASSEMBLES_DIFF,stb_d8,"ld (0x35d0),A",2
UNI_ASSEMBLES_DIFF,stb_d8,"ld (0x35d1),A",2
UNI_ASSEMBLES_DIFF,stb_d8,"ld (0x35d2),A",2
UNI_ASSEMBLES_DIFF,stb_d8,"ld (0x35d3),A",2
UNI_ASSEMBLES_DIFF,stb_d8,"ld (0x35d4),A",2
UNI_ASSEMBLES_DIFF,stda16,"ld (0x35da),WA",2
UNI_ASSEMBLES_DIFF,stda16,"ld (0x35dc),WA",2
UNI_ASSEMBLES_DIFF,stda16,"ld (0x35e2),WA",2
UNI_ASSEMBLES_DIFF,stda16,"ld (0x35e4),WA",2
UNI_ASSEMBLES_DIFF,stb_d8,"ld (0x35f9),A",2
UNI_ASSEMBLES_DIFF,stb_d8,"ld (0x35fa),A",2
UNI_ASSEMBLES_DIFF,stb_d8,"ld (0x35fb),A",2
UNI_ASSEMBLES_DIFF,stb_d8,"ld (0x35fc),A",2
UNI_ASSEMBLES_DIFF,stb_d8,"ld (0x35fe),A",2
UNI_ASSEMBLES_DIFF,stb_d8,"ld (0x3600),A",2
UNI_ASSEMBLES_DIFF,stb_d8,"ld (0x3601),A",2
UNI_ASSEMBLES_DIFF,stda16,"ld (0x360a),HL",2
UNI_ASSEMBLES_DIFF,stda16,"ld (0x361e),WA",2
UNI_ASSEMBLES_DIFF,stda16,"ld (0x3622),WA",2
UNI_ASSEMBLES_DIFF,stdi8,"ld (0x3627),0x00",2
UNI_ASSEMBLES_DIFF,stb_d8,"ld (0x364f),A",2
UNI_ASSEMBLES_DIFF,stdi8,"ld (0x3678),0x04",2
UNI_ASSEMBLES_DIFF,stdi8,"ld (0x367a),0x01",2
UNI_ASSEMBLES_DIFF,stb_d8,"ld (0x367b),A",2
UNI_ASSEMBLES_DIFF,stb_d8,"ld (0x3680),A",2
UNI_ASSEMBLES_DIFF,stb_d8,"ld (0x36a2),A",2
UNI_ASSEMBLES_DIFF,stb_d8,"ld (0x36a3),A",2
UNI_ASSEMBLES_DIFF,stb_d8,"ld (0x36a5),A",2
UNI_ASSEMBLES_DIFF,stb_d8,"ld (0x36a6),A",2
UNI_ASSEMBLES_DIFF,stb_d8,"ld (0x36a8),A",2
UNI_ASSEMBLES_DIFF,stdi8,"ld (0x36ce),0x00",2
UNI_ASSEMBLES_DIFF,stdi8,"ld (0x36ce),0x01",2
UNI_ASSEMBLES_DIFF,stdi8,"ld (0x36ea),0x90",2
UNI_ASSEMBLES_DIFF,stdi8,"ld (0x36ea),0x91",2
UNI_ASSEMBLES_DIFF,stb_d8,"ld (0x36ec),A",2
UNI_ASSEMBLES_DIFF,stdi8,"ld (0x36f1),0x00",2
UNI_ASSEMBLES_DIFF,stb_d8,"ld (0x36f1),A",2
UNI_ASSEMBLES_DIFF,stda16,"ld (0x36f4),WA",2
UNI_ASSEMBLES_DIFF,stb_d8,"ld (0x36f7),A",2
UNI_ASSEMBLES_DIFF,stb_d8,"ld (0x36f9),A",2
UNI_ASSEMBLES_DIFF,stdi8,"ld (0x36ff),0x00",2
UNI_ASSEMBLES_DIFF,stdi8,"ld (0x36ff),0x01",2
UNI_ASSEMBLES_DIFF,stdi8,"ld (0x36ff),0x02",2
UNI_ASSEMBLES_DIFF,stdi8,"ld (0x36ff),0x04",2
UNI_ASSEMBLES_DIFF,stdi8,"ld (0x36ff),0x08",2
UNI_ASSEMBLES_DIFF,stdi8,"ld (0x36ff),0x10",2
UNI_ASSEMBLES_DIFF,stdi8,"ld (0x36ff),0x40",2
UNI_ASSEMBLES_DIFF,stda16,"ld (0x3702),BC",2
UNI_ASSEMBLES_DIFF,stda16,"ld (0x3706),WA",2
UNI_ASSEMBLES_DIFF,stdi8,"ld (0x370f),0x00",2
UNI_ASSEMBLES_DIFF,stdi8,"ld (0x370f),0x01",2
UNI_ASSEMBLES_DIFF,stb_d8,"ld (0x370f),A",2
UNI_ASSEMBLES_DIFF,stb_d8,"ld (0x3711),W",2
UNI_ASSEMBLES_DIFF,stdi8,"ld (0x3714),0x01",2
UNI_ASSEMBLES_DIFF,stdi8,"ld (0x3714),0x0d",2
UNI_ASSEMBLES_DIFF,stb_d8,"ld (0x3714),A",2
UNI_ASSEMBLES_DIFF,stdi8,"ld (0x3715),0x0d",2
UNI_ASSEMBLES_DIFF,stb_d8,"ld (0x3715),A",2
UNI_ASSEMBLES_DIFF,stdi8,"ld (0x3716),0x00",2
UNI_ASSEMBLES_DIFF,stdi8,"ld (0x3716),0x03",2
UNI_ASSEMBLES_DIFF,stb_d8,"ld (0x3716),A",2
UNI_ASSEMBLES_DIFF,stb_d8,"ld (0x3717),W",2
UNI_ASSEMBLES_DIFF,stb_d8,"ld (0x3718),E",2
UNI_ASSEMBLES_DIFF,stb_d8,"ld (0x3718),L",2
UNI_ASSEMBLES_DIFF,stda16,"ld (0x371a),DE",2
UNI_ASSEMBLES_DIFF,stdi8,"ld (0x371c),0x20",2
UNI_ASSEMBLES_DIFF,stdi8,"ld (0x3720),0x00",2
UNI_ASSEMBLES_DIFF,stdi8,"ld (0x3720),0x03",2
UNI_ASSEMBLES_DIFF,stdi8,"ld (0x3720),0x05",2
UNI_ASSEMBLES_DIFF,stb_d8,"ld (0x3720),A",2
UNI_ASSEMBLES_DIFF,stb_d8,"ld (0x3720),E",2
UNI_ASSEMBLES_DIFF,stdi8,"ld (0x3728),0x01",2
UNI_ASSEMBLES_DIFF,stdi8,"ld (0x3728),0x02",2
UNI_ASSEMBLES_DIFF,stdi8,"ld (0x3728),0x09",2
UNI_ASSEMBLES_DIFF,stb_d8,"ld (0x372b),H",2
UNI_ASSEMBLES_DIFF,stda16,"ld (0x3732),WA",2
UNI_ASSEMBLES_DIFF,stb_d8,"ld (0x3734),A",2
UNI_ASSEMBLES_DIFF,stdi8,"ld (0x3740),0x04",2
UNI_ASSEMBLES_DIFF,stda16,"ld (0x3742),WA",2
UNI_ASSEMBLES_DIFF,stdi8,"ld (0x3743),0x02",2
UNI_ASSEMBLES_DIFF,stb_d8,"ld (0x3743),A",2
UNI_ASSEMBLES_DIFF,stdi8,"ld (0x3744),0x03",2
UNI_ASSEMBLES_DIFF,stb_d8,"ld (0x3745),A",2
UNI_ASSEMBLES_DIFF,stda16,"ld (0x3747),DE",2
UNI_ASSEMBLES_DIFF,stb_d8,"ld (0x3754),A",2
UNI_ASSEMBLES_DIFF,stb_d8,"ld (0x3757),A",2
UNI_ASSEMBLES_DIFF,stb_d8,"ld (0x3759),A",2
UNI_ASSEMBLES_DIFF,stda32,"ld (0x375a),XIZ",2
UNI_ASSEMBLES_DIFF,stda32,"ld (0x376a),XHL",2
UNI_ASSEMBLES_DIFF,stda32,"ld (0x376a),XIZ",2
UNI_ASSEMBLES_DIFF,stda32,"ld (0x376e),XHL",2
UNI_ASSEMBLES_DIFF,stda16,"ld (0x378e),BC",2
UNI_ASSEMBLES_DIFF,stdi8,"ld (0x379a),0xff",2
UNI_ASSEMBLES_DIFF,stdi8,"ld (0x379b),0x20",2
UNI_ASSEMBLES_DIFF,stb_d8,"ld (0x37c7),A",2
UNI_ASSEMBLES_DIFF,stdi8,"ld (0x37c8),0x00",2
UNI_ASSEMBLES_DIFF,stdi8,"ld (0x37c8),0x7f",2
UNI_ASSEMBLES_DIFF,stb_d8,"ld (0x37c8),A",2
UNI_ASSEMBLES_DIFF,stb_d8,"ld (0x37c8),B",2
UNI_ASSEMBLES_DIFF,stb_d8,"ld (0x37c8),W",2
UNI_ASSEMBLES_DIFF,stdi8,"ld (0x37c9),0x02",2
UNI_ASSEMBLES_DIFF,stdi8,"ld (0x37c9),0x04",2
UNI_ASSEMBLES_DIFF,stb_d8,"ld (0x37c9),L",2
UNI_ASSEMBLES_DIFF,stb_d8,"ld (0x3835),A",2
UNI_ASSEMBLES_DIFF,stb_d8,"ld (0x3835),C",2
UNI_ASSEMBLES_DIFF,stdi8,"ld (0x386c),0x00",2
UNI_ASSEMBLES_DIFF,stb_d8,"ld (0x386e),A",2
UNI_ASSEMBLES_DIFF,stdi8,"ld (0x38b4),0x82",2
UNI_ASSEMBLES_DIFF,stda16,"ld (0x38b6),WA",2
UNI_ASSEMBLES_DIFF,stda16,"ld (0x38b8),WA",2
UNI_ASSEMBLES_DIFF,stda16,"ld (0x38ba),WA",2
UNI_ASSEMBLES_DIFF,stda16,"ld (0x38bc),WA",2
UNI_ASSEMBLES_DIFF,stda16,"ld (0x38be),WA",2
UNI_ASSEMBLES_DIFF,stda16,"ld (0x38c0),WA",2
UNI_ASSEMBLES_DIFF,stda16,"ld (0x38c2),WA",2
UNI_ASSEMBLES_DIFF,stda16,"ld (0x38c4),WA",2
UNI_ASSEMBLES_DIFF,stda16,"ld (0x38c6),WA",2
UNI_ASSEMBLES_DIFF,stda16,"ld (0x38c8),WA",2
UNI_ASSEMBLES_DIFF,stda16,"ld (0x38de),WA",2
UNI_ASSEMBLES_DIFF,stb_d8,"ld (0x38f2),C",2
UNI_ASSEMBLES_DIFF,stb_d8,"ld (0x38f3),A",2
UNI_ASSEMBLES_DIFF,stb_d8,"ld (0x38f4),C",2
UNI_ASSEMBLES_DIFF,stdi8,"ld (0x3908),0x0b",2
UNI_ASSEMBLES_DIFF,stdi8,"ld (0x3908),0xff",2
UNI_ASSEMBLES_DIFF,stb_d8,"ld (0x3908),C",2
UNI_ASSEMBLES_DIFF,stb_d8,"ld (0x3909),A",2
UNI_ASSEMBLES_DIFF,stb_d8,"ld (0x3909),C",2
UNI_ASSEMBLES_DIFF,stb_d8,"ld (0x3909),L",2
UNI_ASSEMBLES_DIFF,stdi8,"ld (0x390a),0x00",2
UNI_ASSEMBLES_DIFF,stb_d8,"ld (0x390a),L",2
UNI_ASSEMBLES_DIFF,stdi8,"ld (0x391b),0x0a",2
UNI_ASSEMBLES_DIFF,stb_d8,"ld (0x391d),A",2
UNI_ASSEMBLES_DIFF,stda32,"ld (0x391e),XIY",2
UNI_ASSEMBLES_DIFF,stda32,"ld (0x3922),XIY",2
UNI_ASSEMBLES_DIFF,stda16,"ld (0x3927),WA",2
UNI_ASSEMBLES_DIFF,stda16,"ld (0x3929),WA",2
UNI_ASSEMBLES_DIFF,stda16,"ld (0x392b),WA",2
UNI_ASSEMBLES_DIFF,stda16,"ld (0x392d),WA",2
UNI_ASSEMBLES_DIFF,stdi8,"ld (0x3950),0x80",2
UNI_ASSEMBLES_DIFF,stda16,"ld (0x3952),WA",2
UNI_ASSEMBLES_DIFF,stda16,"ld (0x3956),WA",2
UNI_ASSEMBLES_DIFF,stda16,"ld (0x3966),WA",2
UNI_ASSEMBLES_DIFF,stda16,"ld (0x3968),WA",2
UNI_ASSEMBLES_DIFF,stda16,"ld (0x396a),WA",2
UNI_ASSEMBLES_DIFF,stda16,"ld (0x396c),WA",2
UNI_ASSEMBLES_DIFF,stda16,"ld (0x396e),WA",2
UNI_ASSEMBLES_DIFF,stda16,"ld (0x3972),HL",2
UNI_ASSEMBLES_DIFF,stda16,"ld (0x3978),HL",2
UNI_ASSEMBLES_DIFF,stda16,"ld (0x397c),WA",2
UNI_ASSEMBLES_DIFF,stda16,"ld (0x397e),IY",2
UNI_ASSEMBLES_DIFF,stda16,"ld (0x397e),WA",2
UNI_ASSEMBLES_DIFF,stda16,"ld (0x3980),BC",2
UNI_ASSEMBLES_DIFF,stda16,"ld (0x3980),WA",2
UNI_ASSEMBLES_DIFF,stda16,"ld (0x3982),IY",2
UNI_ASSEMBLES_DIFF,stda16,"ld (0x3982),WA",2
UNI_ASSEMBLES_DIFF,stda16,"ld (0x3984),WA",2
UNI_ASSEMBLES_DIFF,stb_d8,"ld (0x3988),L",2
UNI_ASSEMBLES_DIFF,stb_d8,"ld (0x3989),A",2
UNI_ASSEMBLES_DIFF,stdi8,"ld (0x398e),0x19",2
UNI_ASSEMBLES_DIFF,stdi8,"ld (0x398f),0x00",2
UNI_ASSEMBLES_DIFF,stdi8,"ld (0x3990),0x00",2
UNI_ASSEMBLES_DIFF,stdi8,"ld (0x3991),0x00",2
UNI_ASSEMBLES_DIFF,stdi8,"ld (0x3992),0x00",2
UNI_ASSEMBLES_DIFF,stdi8,"ld (0x3993),0x00",2
UNI_ASSEMBLES_DIFF,stdi8,"ld (0x3994),0x00",2
UNI_ASSEMBLES_DIFF,stdi8,"ld (0x3995),0x00",2
UNI_ASSEMBLES_DIFF,stdi8,"ld (0x3996),0x00",2
UNI_ASSEMBLES_DIFF,stb_d8,"ld (0x3996),A",2
UNI_ASSEMBLES_DIFF,stdi8,"ld (0x3998),0x81",2
UNI_ASSEMBLES_DIFF,stdi8,"ld (0x3998),0x83",2
UNI_ASSEMBLES_DIFF,stb_d8,"ld (0x39a7),A",2
UNI_ASSEMBLES_DIFF,stb_d8,"ld (0x39a8),A",2
UNI_ASSEMBLES_DIFF,stb_d8,"ld (0x39aa),A",2
UNI_ASSEMBLES_DIFF,stb_d8,"ld (0x39ab),A",2
UNI_ASSEMBLES_DIFF,stb_d8,"ld (0x39ab),L",2
UNI_ASSEMBLES_DIFF,stdi8,"ld (0x39ac),0x11",2
UNI_ASSEMBLES_DIFF,stdi8,"ld (0x39ac),0x12",2
UNI_ASSEMBLES_DIFF,stdi8,"ld (0x39ad),0x0c",2
UNI_ASSEMBLES_DIFF,stdi8,"ld (0x39ad),0x0d",2
UNI_ASSEMBLES_DIFF,stdi8,"ld (0x39ad),0x0e",2
UNI_ASSEMBLES_DIFF,stdi8,"ld (0x39ad),0x0f",2
UNI_ASSEMBLES_DIFF,stdi8,"ld (0x39ad),0x10",2
UNI_ASSEMBLES_DIFF,stdi8,"ld (0x39ad),0x11",2
UNI_ASSEMBLES_DIFF,stdi8,"ld (0x39ad),0x12",2
UNI_ASSEMBLES_DIFF,stdi8,"ld (0x39ad),0x13",2
UNI_ASSEMBLES_DIFF,stdi8,"ld (0x39ad),0x14",2
UNI_ASSEMBLES_DIFF,stdi8,"ld (0x39ad),0x15",2
UNI_ASSEMBLES_DIFF,stdi8,"ld (0x39ad),0x16",2
UNI_ASSEMBLES_DIFF,stdi8,"ld (0x39ad),0x17",2
UNI_ASSEMBLES_DIFF,stdi8,"ld (0x39ad),0x18",2
UNI_ASSEMBLES_DIFF,stdi8,"ld (0x39ad),0x19",2
UNI_ASSEMBLES_DIFF,stdi8,"ld (0x39ad),0x1a",2
UNI_ASSEMBLES_DIFF,stdi8,"ld (0x39ad),0x1b",2
UNI_ASSEMBLES_DIFF,stdi8,"ld (0x39ad),0x1c",2
UNI_ASSEMBLES_DIFF,stdi8,"ld (0x39ad),0x1d",2
UNI_ASSEMBLES_DIFF,stda32,"ld (0x39ae),XBC",2
UNI_ASSEMBLES_DIFF,stda32,"ld (0x39ae),XHL",2
UNI_ASSEMBLES_DIFF,stda32,"ld (0x39ae),XIZ",2
UNI_ASSEMBLES_DIFF,stdi8,"ld (0x39b6),0x00",2
UNI_ASSEMBLES_DIFF,stb_d8,"ld (0x39b6),C",2
UNI_ASSEMBLES_DIFF,stdi8,"ld (0x39b8),0x00",2
UNI_ASSEMBLES_DIFF,stdi8,"ld (0x39b8),0x01",2
UNI_ASSEMBLES_DIFF,stdi8,"ld (0x39b8),0x02",2
UNI_ASSEMBLES_DIFF,stdi8,"ld (0x39b8),0x03",2
UNI_ASSEMBLES_DIFF,stdi8,"ld (0x39b8),0x04",2
UNI_ASSEMBLES_DIFF,stdi8,"ld (0x39b8),0x05",2
UNI_ASSEMBLES_DIFF,stdi8,"ld (0x39b8),0x06",2
UNI_ASSEMBLES_DIFF,stdi8,"ld (0x39ba),0x01",2
UNI_ASSEMBLES_DIFF,stda16,"ld (0x39c4),BC",2
UNI_ASSEMBLES_DIFF,stda16,"ld (0x39c6),BC",2
UNI_ASSEMBLES_DIFF,stda16,"ld (0x39c8),BC",2
UNI_ASSEMBLES_DIFF,stda16,"ld (0x39ca),BC",2
UNI_ASSEMBLES_DIFF,stdi8,"ld (0x39db),0x00",2
UNI_ASSEMBLES_DIFF,stdi8,"ld (0x39db),0x01",2
UNI_ASSEMBLES_DIFF,stdi8,"ld (0x39db),0x02",2
UNI_ASSEMBLES_DIFF,stda32,"ld (0x39e0),XWA",2
UNI_ASSEMBLES_DIFF,stdi8,"ld (0x39e7),0x00",2
UNI_ASSEMBLES_DIFF,stb_d8,"ld (0x3a4e),A",2
UNI_ASSEMBLES_DIFF,stdi8,"ld (0x3a78),0x00",2
UNI_ASSEMBLES_DIFF,stb_d8,"ld (0x3a79),A",2
UNI_ASSEMBLES_DIFF,stdi8,"ld (0x3a7a),0x00",2
UNI_ASSEMBLES_DIFF,stb_d8,"ld (0x3a7b),A",2
UNI_ASSEMBLES_DIFF,stdi8,"ld (0x3a7e),0x01",2
UNI_ASSEMBLES_DIFF,stdi8,"ld (0x3a7e),0x02",2
UNI_ASSEMBLES_DIFF,stda16,"ld (0x3b1e),WA",2
UNI_ASSEMBLES_DIFF,stda32,"ld (0x3cc4),XWA",2
UNI_ASSEMBLES_DIFF,stda32,"ld (0x3cc8),XHL",2
UNI_ASSEMBLES_DIFF,stda16,"ld (0x3d04),DE",2
UNI_ASSEMBLES_DIFF,stda16,"ld (0x3d04),HL",2
UNI_ASSEMBLES_DIFF,stda16,"ld (0x3d04),IX",2
UNI_ASSEMBLES_DIFF,stdi8,"ld (0x3d06),0x01",2
UNI_ASSEMBLES_DIFF,stdi8,"ld (0x3d06),0x02",2
UNI_ASSEMBLES_DIFF,stdi8,"ld (0x3d06),0x03",2
UNI_ASSEMBLES_DIFF,stdi8,"ld (0x3d06),0x04",2
UNI_ASSEMBLES_DIFF,stdi8,"ld (0x3d06),0x05",2
UNI_ASSEMBLES_DIFF,stdi8,"ld (0x3d06),0x06",2
UNI_ASSEMBLES_DIFF,stda32,"ld (0x3d58),XWA",2
UNI_ASSEMBLES_DIFF,stda32,"ld (0x3d5c),XBC",2
UNI_ASSEMBLES_DIFF,stdi8,"ld (0x3d7e),0x1d",2
UNI_ASSEMBLES_DIFF,stdi8,"ld (0x3fce),0x76",2
UNI_ASSEMBLES_DIFF,stda16,"ld (0x4400),IX",2
UNI_ASSEMBLES_DIFF,stda32,"ld (0x4788),XWA",2
UNI_ASSEMBLES_DIFF,stda32,"ld (0x478c),XWA",2
UNI_ASSEMBLES_DIFF,stda16,"ld (0x4810),WA",2
UNI_ASSEMBLES_DIFF,stdi8,"ld (0x483a),0x01",2
UNI_ASSEMBLES_DIFF,stdi8,"ld (0x483e),0xff",2
UNI_ASSEMBLES_DIFF,stda32,"ld (0x4888),XBC",2
UNI_ASSEMBLES_DIFF,stda32,"ld (0x4a3a),XHL",2
UNI_ASSEMBLES_DIFF,stdi8,"ld (0x4a42),0x90",2
UNI_ASSEMBLES_DIFF,stb_d8,"ld (0x4a43),A",2
UNI_ASSEMBLES_DIFF,stb_d8,"ld (0x4a44),A",2
UNI_ASSEMBLES_DIFF,stda32,"ld (0x5540),XBC",2
UNI_ASSEMBLES_DIFF,stda32,"ld (0x5544),XWA",2
UNI_ASSEMBLES_DIFF,stda32,"ld (0x55dc),XDE",2
UNI_ASSEMBLES_DIFF,stda32,"ld (0x55dc),XWA",2
UNI_ASSEMBLES_DIFF,stda16,"ld (0x5a51),BC",2
UNI_ASSEMBLES_DIFF,st_dd8b,"ld (0x68),A",2
UNI_ASSEMBLES_DIFF,stda16,"ld (0x6a00),IZ",2
UNI_ASSEMBLES_DIFF,stdi8,"ld (0x7659),0x00",2
UNI_ASSEMBLES_DIFF,stdi8,"ld (0x7679),0x00",2
UNI_ASSEMBLES_DIFF,stdi8,"ld (0x7699),0x00",2
UNI_ASSEMBLES_DIFF,stb_d8,"ld (0x76c6),A",2
UNI_ASSEMBLES_DIFF,st_dd8w,"ld (0x77),IY",2
UNI_ASSEMBLES_DIFF,stb_d8,"ld (0x78b7),A",2
UNI_ASSEMBLES_DIFF,stda32,"ld (0x7ae4),XBC",2
UNI_ASSEMBLES_DIFF,stda32,"ld (0x7ae8),XWA",2
UNI_ASSEMBLES_DIFF,stdi8,"ld (0x7d6b),0x01",2
UNI_ASSEMBLES_DIFF,stdi8,"ld (0x7d6b),0x02",2
UNI_ASSEMBLES_DIFF,stb_d8,"ld (0x7d6e),A",2
UNI_ASSEMBLES_DIFF,stda16,"ld (0x7d80),WA",2
UNI_ASSEMBLES_DIFF,stb_d8,"ld (0x7d82),A",2
UNI_ASSEMBLES_DIFF,stb_d8,"ld (0x7d89),L",2
UNI_ASSEMBLES_DIFF,stb_d8,"ld (0x7d8a),H",2
UNI_ASSEMBLES_DIFF,stda16,"ld (0x7d90),WA",2
UNI_ASSEMBLES_DIFF,stda16,"ld (0x7d92),WA",2
UNI_ASSEMBLES_DIFF,stda16,"ld (0x7d94),WA",2
UNI_ASSEMBLES_DIFF,stda16,"ld (0x7d96),WA",2
UNI_ASSEMBLES_DIFF,stda16,"ld (0x7da0),WA",2
UNI_ASSEMBLES_DIFF,stda16,"ld (0x7da2),WA",2
UNI_ASSEMBLES_DIFF,stda16,"ld (0x7daa),WA",2
UNI_ASSEMBLES_DIFF,stda32,"ld (0x7dac),XWA",2
UNI_ASSEMBLES_DIFF,stda32,"ld (0x7db0),XWA",2
UNI_ASSEMBLES_DIFF,stb_d8,"ld (0x7db9),E",2
UNI_ASSEMBLES_DIFF,stb_d8,"ld (0x7dba),A",2
UNI_ASSEMBLES_DIFF,stb_d8,"ld (0x7dbb),A",2
UNI_ASSEMBLES_DIFF,stb_d8,"ld (0x7dd1),A",2
UNI_ASSEMBLES_DIFF,stdi8,"ld (0x7dd6),0x7f",2
UNI_ASSEMBLES_DIFF,stdi8,"ld (0x7dd7),0x7f",2
UNI_ASSEMBLES_DIFF,stda32,"ld (0x7dd8),XWA",2
UNI_ASSEMBLES_DIFF,stdi8,"ld (0x7dfd),0x5f",2
UNI_ASSEMBLES_DIFF,stb_d8,"ld (0x7dfd),A",2
UNI_ASSEMBLES_DIFF,stda16,"ld (0x7e00),WA",2
UNI_ASSEMBLES_DIFF,stdi8,"ld (0x7e06),0x10",2
UNI_ASSEMBLES_DIFF,stb_d8,"ld (0x7e08),A",2
UNI_ASSEMBLES_DIFF,stb_d8,"ld (0x7e09),A",2
UNI_ASSEMBLES_DIFF,stdi8,"ld (0x7e0a),0x00",2
UNI_ASSEMBLES_DIFF,stb_d8,"ld (0x7e0b),A",2
UNI_ASSEMBLES_DIFF,stb_d8,"ld (0x7e0c),A",2
UNI_ASSEMBLES_DIFF,stb_d8,"ld (0x7e0d),A",2
UNI_ASSEMBLES_DIFF,stdi8,"ld (0x7e0e),0x02",2
UNI_ASSEMBLES_DIFF,stdi8,"ld (0x7e0e),0x04",2
UNI_ASSEMBLES_DIFF,stdi8,"ld (0x7e0e),0x05",2
UNI_ASSEMBLES_DIFF,stdi8,"ld (0x7e0e),0x07",2
UNI_ASSEMBLES_DIFF,stda16,"ld (0x7e0f),WA",2
UNI_ASSEMBLES_DIFF,stda16,"ld (0x7e11),IX",2
UNI_ASSEMBLES_DIFF,stda16,"ld (0x7e18),WA",2
UNI_ASSEMBLES_DIFF,stda16,"ld (0x7e1a),WA",2
UNI_ASSEMBLES_DIFF,stb_d8,"ld (0x7e1f),A",2
UNI_ASSEMBLES_DIFF,stda16,"ld (0x7e20),WA",2
UNI_ASSEMBLES_DIFF,stb_d8,"ld (0x7e22),A",2
UNI_ASSEMBLES_DIFF,stb_d8,"ld (0x7e23),A",2
UNI_ASSEMBLES_DIFF,stda16,"ld (0x7e34),WA",2
UNI_ASSEMBLES_DIFF,stda16,"ld (0x7e36),WA",2
UNI_ASSEMBLES_DIFF,stda16,"ld (0x7e38),WA",2
UNI_ASSEMBLES_DIFF,stda16,"ld (0x7e3a),WA",2
UNI_ASSEMBLES_DIFF,stb_d8,"ld (0x7e41),W",2
UNI_ASSEMBLES_DIFF,stda16,"ld (0x7e42),HL",2
UNI_ASSEMBLES_DIFF,stda16,"ld (0x7e50),WA",2
UNI_ASSEMBLES_DIFF,stb_d8,"ld (0x7e55),W",2
UNI_ASSEMBLES_DIFF,stb_d8,"ld (0x7e56),E",2
UNI_ASSEMBLES_DIFF,stb_d8,"ld (0x7e57),E",2
UNI_ASSEMBLES_DIFF,stb_d8,"ld (0x7e58),A",2
UNI_ASSEMBLES_DIFF,stb_d8,"ld (0x7e59),A",2
UNI_ASSEMBLES_DIFF,stb_d8,"ld (0x7e5a),A",2
UNI_ASSEMBLES_DIFF,stb_d8,"ld (0x7e5b),A",2
UNI_ASSEMBLES_DIFF,stb_d8,"ld (0x7e60),L",2
UNI_ASSEMBLES_DIFF,stb_d8,"ld (0x7e61),H",2
UNI_ASSEMBLES_DIFF,stb_d8,"ld (0x7e62),W",2
UNI_ASSEMBLES_DIFF,stb_d8,"ld (0x7e63),C",2
UNI_ASSEMBLES_DIFF,stb_d8,"ld (0x7e64),A",2
UNI_ASSEMBLES_DIFF,stda32,"ld (0x7e65),XWA",2
UNI_ASSEMBLES_DIFF,stda32,"ld (0x7e69),XWA",2
UNI_ASSEMBLES_DIFF,stda16,"ld (0x7e70),WA",2
UNI_ASSEMBLES_DIFF,stdi8,"ld (0x7e78),0x01",2
UNI_ASSEMBLES_DIFF,stb_d8,"ld (0x7e79),A",2
UNI_ASSEMBLES_DIFF,stdi8,"ld (0x7ea6),0x0e",2
UNI_ASSEMBLES_DIFF,stdi8,"ld (0x7ea6),0x14",2
UNI_ASSEMBLES_DIFF,stdi8,"ld (0x7ea6),0x31",2
UNI_ASSEMBLES_DIFF,stdi8,"ld (0x7ea6),0x3f",2
UNI_ASSEMBLES_DIFF,stda16,"ld (0x7eca),HL",2
UNI_ASSEMBLES_DIFF,stda16,"ld (0x7ede),BC",2
UNI_ASSEMBLES_DIFF,stb_d8,"ld (0x7f05),A",2
UNI_ASSEMBLES_DIFF,stdi8,"ld (0x7f0b),0x01",2
UNI_ASSEMBLES_DIFF,stdi8,"ld (0x7f0b),0x02",2
UNI_ASSEMBLES_DIFF,stb_d8,"ld (0x7f0c),A",2
UNI_ASSEMBLES_DIFF,stda16,"ld (0x7f0e),HL",2
UNI_ASSEMBLES_DIFF,stb_d8,"ld (0x7f14),L",2
UNI_ASSEMBLES_DIFF,stb_d8,"ld (0x7f16),A",2
UNI_ASSEMBLES_DIFF,stb_d8,"ld (0x7f16),W",2
UNI_ASSEMBLES_DIFF,stda16,"ld (0x7f18),WA",2
UNI_ASSEMBLES_DIFF,stda16,"ld (0x7f1a),WA",2
UNI_ASSEMBLES_DIFF,stda16,"ld (0x7f1c),WA",2
UNI_ASSEMBLES_DIFF,stda16,"ld (0x7f1e),WA",2
UNI_ASSEMBLES_DIFF,stda16,"ld (0x7f20),WA",2
UNI_ASSEMBLES_DIFF,stda16,"ld (0x7f22),WA",2
UNI_ASSEMBLES_DIFF,stda16,"ld (0x7f24),WA",2
UNI_ASSEMBLES_DIFF,stda16,"ld (0x7f26),WA",2
UNI_ASSEMBLES_DIFF,stda16,"ld (0x7f28),WA",2
UNI_ASSEMBLES_DIFF,stda16,"ld (0x7f2a),WA",2
UNI_ASSEMBLES_DIFF,stda16,"ld (0x7f2c),WA",2
UNI_ASSEMBLES_DIFF,stda16,"ld (0x7f2e),WA",2
UNI_ASSEMBLES_DIFF,stda16,"ld (0x7f30),WA",2
UNI_ASSEMBLES_DIFF,stda16,"ld (0x7f32),WA",2
UNI_ASSEMBLES_DIFF,stdi8,"ld (0x7f34),0x00",2
UNI_ASSEMBLES_DIFF,stb_d8,"ld (0x7f34),A",2
UNI_ASSEMBLES_DIFF,stdi8,"ld (0x7f3d),0x00",2
UNI_ASSEMBLES_DIFF,stdi8,"ld (0x7f3d),0x01",2
UNI_ASSEMBLES_DIFF,stb_d8,"ld (0x7f3e),L",2
UNI_ASSEMBLES_DIFF,stb_d8,"ld (0x7f3f),A",2
UNI_ASSEMBLES_DIFF,stdi8,"ld (0x7f40),0x01",2
UNI_ASSEMBLES_DIFF,stdi8,"ld (0x7f42),0x03",2
UNI_ASSEMBLES_DIFF,stdi8,"ld (0x7f42),0x0a",2
UNI_ASSEMBLES_DIFF,stdi8,"ld (0x7f42),0x15",2
UNI_ASSEMBLES_DIFF,stdi8,"ld (0x7f42),0x16",2
UNI_ASSEMBLES_DIFF,stdi8,"ld (0x7f42),0x1a",2
UNI_ASSEMBLES_DIFF,stdi8,"ld (0x7f42),0x24",2
UNI_ASSEMBLES_DIFF,stdi8,"ld (0x7f42),0x36",2
UNI_ASSEMBLES_DIFF,stdi8,"ld (0x7f42),0x39",2
UNI_ASSEMBLES_DIFF,stdi8,"ld (0x7f42),0x46",2
UNI_ASSEMBLES_DIFF,stdi8,"ld (0x7f42),0x49",2
UNI_ASSEMBLES_DIFF,stda32,"ld (0x7f44),XHL",2
UNI_ASSEMBLES_DIFF,stda32,"ld (0x7f44),XWA",2
UNI_ASSEMBLES_DIFF,stb_d8,"ld (0x7f4d),L",2
UNI_ASSEMBLES_DIFF,stda32,"ld (0x7f60),XIZ",2
UNI_ASSEMBLES_DIFF,stda16,"ld (0x7f64),HL",2
UNI_ASSEMBLES_DIFF,stda16,"ld (0x7f66),DE",2
UNI_ASSEMBLES_DIFF,stdi8,"ld (0x7f68),0x02",2
UNI_ASSEMBLES_DIFF,stdi8,"ld (0x7f68),0x03",2
UNI_ASSEMBLES_DIFF,stb_d8,"ld (0x7f68),A",2
UNI_ASSEMBLES_DIFF,stdi8,"ld (0x7f6c),0x01",2
UNI_ASSEMBLES_DIFF,stda32,"ld (0x7f72),XBC",2
UNI_ASSEMBLES_DIFF,stda32,"ld (0x7f76),XBC",2
UNI_ASSEMBLES_DIFF,stda32,"ld (0x7f76),XWA",2
UNI_ASSEMBLES_DIFF,stda16,"ld (0x7f7a),HL",2
UNI_ASSEMBLES_DIFF,stda32,"ld (0x7f7c),XDE",2
UNI_ASSEMBLES_DIFF,stda16,"ld (0x7f80),HL",2
UNI_ASSEMBLES_DIFF,stda16,"ld (0x7f80),WA",2
UNI_ASSEMBLES_DIFF,stda32,"ld (0x7f82),XWA",2
UNI_ASSEMBLES_DIFF,stda32,"ld (0x8006),XWA",2
UNI_ASSEMBLES_DIFF,stda32,"ld (0x808c),XWA",2
UNI_ASSEMBLES_DIFF,stda32,"ld (0x8090),XDE",2
UNI_ASSEMBLES_DIFF,stda16,"ld (0x8110),HL",2
UNI_ASSEMBLES_DIFF,stda32,"ld (0x8114),XDE",2
UNI_ASSEMBLES_DIFF,stda16,"ld (0x8118),HL",2
UNI_ASSEMBLES_DIFF,stda32,"ld (0x812e),XWA",2
UNI_ASSEMBLES_DIFF,stdi8,"ld (0x8132),0x00",2
UNI_ASSEMBLES_DIFF,stdi8,"ld (0x8132),0x01",2
UNI_ASSEMBLES_DIFF,stdi8,"ld (0x8134),0x00",2
UNI_ASSEMBLES_DIFF,stda32,"ld (0x8136),XWA",2
UNI_ASSEMBLES_DIFF,stdi8,"ld (0x813a),0x01",2
UNI_ASSEMBLES_DIFF,stda32,"ld (0x813c),XWA",2
UNI_ASSEMBLES_DIFF,stdi8,"ld (0x8140),0x00",2
UNI_ASSEMBLES_DIFF,stdi8,"ld (0x8140),0x01",2
UNI_ASSEMBLES_DIFF,stdi8,"ld (0x8142),0x00",2
UNI_ASSEMBLES_DIFF,stda32,"ld (0x8148),XWA",2
UNI_ASSEMBLES_DIFF,stda32,"ld (0x814c),XWA",2
UNI_ASSEMBLES_DIFF,stda32,"ld (0x8150),XWA",2
UNI_ASSEMBLES_DIFF,stda32,"ld (0x8198),XDE",2
UNI_ASSEMBLES_DIFF,stda32,"ld (0x819c),XDE",2
UNI_ASSEMBLES_DIFF,stda32,"ld (0x81a0),XBC",2
UNI_ASSEMBLES_DIFF,stda32,"ld (0x81a4),XBC",2
UNI_ASSEMBLES_DIFF,stda32,"ld (0x81a4),XWA",2
UNI_ASSEMBLES_DIFF,stda32,"ld (0x81a8),XBC",2
UNI_ASSEMBLES_DIFF,stda32,"ld (0x81a8),XWA",2
UNI_ASSEMBLES_DIFF,stda16,"ld (0x81ac),BC",2
UNI_ASSEMBLES_DIFF,stda16,"ld (0x81ac),IX",2
UNI_ASSEMBLES_DIFF,stda16,"ld (0x81ae),IZ",2
UNI_ASSEMBLES_DIFF,stda32,"ld (0x81b0),XWA",2
UNI_ASSEMBLES_DIFF,stda16,"ld (0x81b4),BC",2
UNI_ASSEMBLES_DIFF,stda32,"ld (0x81b6),XDE",2
UNI_ASSEMBLES_DIFF,stda32,"ld (0x81ba),XDE",2
UNI_ASSEMBLES_DIFF,stda32,"ld (0x81be),XDE",2
UNI_ASSEMBLES_DIFF,stda32,"ld (0x81c2),XDE",2
UNI_ASSEMBLES_DIFF,stda32,"ld (0x81c6),XDE",2
UNI_ASSEMBLES_DIFF,stdi8,"ld (0x81d0),0x01",2
UNI_ASSEMBLES_DIFF,stdi8,"ld (0x81d6),0x00",2
UNI_ASSEMBLES_DIFF,stdi8,"ld (0x81de),0x01",2
UNI_ASSEMBLES_DIFF,stda32,"ld (0x81e0),XWA",2
UNI_ASSEMBLES_DIFF,stda32,"ld (0x81ec),XWA",2
UNI_ASSEMBLES_DIFF,stda32,"ld (0x81f0),XWA",2
UNI_ASSEMBLES_DIFF,stda32,"ld (0x81f4),XWA",2
UNI_ASSEMBLES_DIFF,stda32,"ld (0x81f8),XWA",2
UNI_ASSEMBLES_DIFF,stda32,"ld (0x81fc),XDE",2
UNI_ASSEMBLES_DIFF,stda16,"ld (0x8200),HL",2
UNI_ASSEMBLES_DIFF,stda16,"ld (0x8200),WA",2
UNI_ASSEMBLES_DIFF,stda32,"ld (0x8242),XWA",2
UNI_ASSEMBLES_DIFF,stda32,"ld (0x82d4),XDE",2
UNI_ASSEMBLES_DIFF,stda16,"ld (0x82d8),DE",2
UNI_ASSEMBLES_DIFF,stda16,"ld (0x82d8),WA",2
UNI_ASSEMBLES_DIFF,stda32,"ld (0x82da),XWA",2
UNI_ASSEMBLES_DIFF,stda32,"ld (0x8332),XDE",2
UNI_ASSEMBLES_DIFF,stda32,"ld (0x8386),XDE",2
UNI_ASSEMBLES_DIFF,stda32,"ld (0x8398),XWA",2
UNI_ASSEMBLES_DIFF,stda32,"ld (0x83da),XWA",2
UNI_ASSEMBLES_DIFF,stda16,"ld (0x83de),DE",2
UNI_ASSEMBLES_DIFF,stda16,"ld (0x83de),HL",2
UNI_ASSEMBLES_DIFF,stda32,"ld (0x83fc),XWA",2
UNI_ASSEMBLES_DIFF,stda32,"ld (0x8430),XWA",2
UNI_ASSEMBLES_DIFF,stda16,"ld (0x8438),BC",2
UNI_ASSEMBLES_DIFF,stb_d8,"ld (0x843a),A",2
UNI_ASSEMBLES_DIFF,stda32,"ld (0x843e),XDE",2
UNI_ASSEMBLES_DIFF,stda16,"ld (0x8442),BC",2
UNI_ASSEMBLES_DIFF,stda16,"ld (0x8442),DE",2
UNI_ASSEMBLES_DIFF,stda16,"ld (0x8442),HL",2
UNI_ASSEMBLES_DIFF,stda16,"ld (0x8442),WA",2
UNI_ASSEMBLES_DIFF,stda32,"ld (0x845c),XWA",2
UNI_ASSEMBLES_DIFF,stdi8,"ld (0x8470),0x00",2
UNI_ASSEMBLES_DIFF,stda32,"ld (0x8494),XWA",2
UNI_ASSEMBLES_DIFF,stda16,"ld (0x849c),BC",2
UNI_ASSEMBLES_DIFF,stda32,"ld (0x849e),XDE",2
UNI_ASSEMBLES_DIFF,stda16,"ld (0x84a2),BC",2
UNI_ASSEMBLES_DIFF,stda16,"ld (0x84a2),DE",2
UNI_ASSEMBLES_DIFF,stda16,"ld (0x84a2),HL",2
UNI_ASSEMBLES_DIFF,stda16,"ld (0x84a2),WA",2
UNI_ASSEMBLES_DIFF,stda32,"ld (0x84f4),XWA",2
UNI_ASSEMBLES_DIFF,stda16,"ld (0x84fc),BC",2
UNI_ASSEMBLES_DIFF,stdi8,"ld (0x84fe),0x02",2
UNI_ASSEMBLES_DIFF,stda16,"ld (0x8506),HL",2
UNI_ASSEMBLES_DIFF,stda16,"ld (0x8508),HL",2
UNI_ASSEMBLES_DIFF,stda16,"ld (0x850a),HL",2
UNI_ASSEMBLES_DIFF,stdi8,"ld (0x857b),0x8f",2
UNI_ASSEMBLES_DIFF,stda16,"ld (0x8600),HL",2
UNI_ASSEMBLES_DIFF,stdi8,"ld (0x867e),0xc1",2
UNI_ASSEMBLES_DIFF,stdi8,"ld (0x87fe),0x00",2
UNI_ASSEMBLES_DIFF,stdi8,"ld (0x8802),0x00",2
UNI_ASSEMBLES_DIFF,stdi8,"ld (0x880e),0x00",2
UNI_ASSEMBLES_DIFF,stdi8,"ld (0x8850),0x00",2
UNI_ASSEMBLES_DIFF,stdi8,"ld (0x889e),0x01",2
UNI_ASSEMBLES_DIFF,stdi8,"ld (0x88a0),0x00",2
UNI_ASSEMBLES_DIFF,stdi8,"ld (0x88ac),0x00",2
UNI_ASSEMBLES_DIFF,stb_d8,"ld (0x88ac),C",2
UNI_ASSEMBLES_DIFF,stdi8,"ld (0x893a),0x00",2
UNI_ASSEMBLES_DIFF,stdi8,"ld (0x893e),0x00",2
UNI_ASSEMBLES_DIFF,stdi8,"ld (0x893e),0x01",2
UNI_ASSEMBLES_DIFF,stdi8,"ld (0x8940),0x00",2
UNI_ASSEMBLES_DIFF,stdi8,"ld (0x8940),0x01",2
UNI_ASSEMBLES_DIFF,stdi8,"ld (0x8942),0x00",2
UNI_ASSEMBLES_DIFF,stdi8,"ld (0x8942),0x01",2
UNI_ASSEMBLES_DIFF,stdi8,"ld (0x8944),0x00",2
UNI_ASSEMBLES_DIFF,stdi8,"ld (0x8944),0x01",2
UNI_ASSEMBLES_DIFF,stb_d8,"ld (0x8944),A",2
UNI_ASSEMBLES_DIFF,stdi8,"ld (0x8946),0x00",2
UNI_ASSEMBLES_DIFF,stb_d8,"ld (0x8946),C",2
UNI_ASSEMBLES_DIFF,stdi8,"ld (0x894a),0x00",2
UNI_ASSEMBLES_DIFF,stdi8,"ld (0x894a),0x01",2
UNI_ASSEMBLES_DIFF,stdi8,"ld (0x894c),0x00",2
UNI_ASSEMBLES_DIFF,stdi8,"ld (0x894c),0x01",2
UNI_ASSEMBLES_DIFF,stdi8,"ld (0x895c),0x02",2
UNI_ASSEMBLES_DIFF,stb_d8,"ld (0x895e),A",2
UNI_ASSEMBLES_DIFF,stdi8,"ld (0x8962),0x00",2
UNI_ASSEMBLES_DIFF,stdi8,"ld (0x896a),0x00",2
UNI_ASSEMBLES_DIFF,stdi8,"ld (0x8992),0x02",2
UNI_ASSEMBLES_DIFF,stdi8,"ld (0x8994),0x1b",2
UNI_ASSEMBLES_DIFF,stdi8,"ld (0x89ce),0x00",2
UNI_ASSEMBLES_DIFF,stb_d8,"ld (0x89f8),A",2
UNI_ASSEMBLES_DIFF,stb_d8,"ld (0x89f8),L",2
UNI_ASSEMBLES_DIFF,stdi8,"ld (0x89fc),0x00",2
UNI_ASSEMBLES_DIFF,stb_d8,"ld (0x89fc),A",2
UNI_ASSEMBLES_DIFF,stb_d8,"ld (0x89fc),W",2
UNI_ASSEMBLES_DIFF,stb_d8,"ld (0x89fe),A",2
UNI_ASSEMBLES_DIFF,stdi8,"ld (0x8a00),0x00",2
UNI_ASSEMBLES_DIFF,stb_d8,"ld (0x8a00),A",2
UNI_ASSEMBLES_DIFF,stb_d8,"ld (0x8a00),E",2
UNI_ASSEMBLES_DIFF,stb_d8,"ld (0x8a00),W",2
UNI_ASSEMBLES_DIFF,stdi8,"ld (0x8a02),0x00",2
UNI_ASSEMBLES_DIFF,stb_d8,"ld (0x8a02),A",2
UNI_ASSEMBLES_DIFF,stdi8,"ld (0x8a04),0x00",2
UNI_ASSEMBLES_DIFF,stb_d8,"ld (0x8a04),A",2
UNI_ASSEMBLES_DIFF,stb_d8,"ld (0x8a04),C",2
UNI_ASSEMBLES_DIFF,stb_d8,"ld (0x8a06),A",2
UNI_ASSEMBLES_DIFF,stdi8,"ld (0x8a08),0x00",2
UNI_ASSEMBLES_DIFF,stb_d8,"ld (0x8a08),A",2
UNI_ASSEMBLES_DIFF,stb_d8,"ld (0x8a08),E",2
UNI_ASSEMBLES_DIFF,stb_d8,"ld (0x8a08),W",2
UNI_ASSEMBLES_DIFF,stdi8,"ld (0x8a0a),0x00",2
UNI_ASSEMBLES_DIFF,stdi8,"ld (0x8a0a),0x01",2
UNI_ASSEMBLES_DIFF,stb_d8,"ld (0x8a0c),A",2
UNI_ASSEMBLES_DIFF,stb_d8,"ld (0x8a12),A",2
UNI_ASSEMBLES_DIFF,stdi8,"ld (0x8a16),0x00",2
UNI_ASSEMBLES_DIFF,stdi8,"ld (0x8a16),0x5a",2
UNI_ASSEMBLES_DIFF,stdi8,"ld (0x8a16),0xa5",2
UNI_ASSEMBLES_DIFF,stdi8,"ld (0x8a20),0xff",2
UNI_ASSEMBLES_DIFF,stdi8,"ld (0x8a24),0x10",2
UNI_ASSEMBLES_DIFF,stdi8,"ld (0x8a24),0x20",2
UNI_ASSEMBLES_DIFF,stb_d8,"ld (0x8a24),A",2
UNI_ASSEMBLES_DIFF,stdi8,"ld (0x8a28),0xc5",2
UNI_ASSEMBLES_DIFF,stdi8,"ld (0x8a28),0xc6",2
UNI_ASSEMBLES_DIFF,stb_d8,"ld (0x8a28),A",2
UNI_ASSEMBLES_DIFF,stdi8,"ld (0x8a29),0x00",2
UNI_ASSEMBLES_DIFF,stdi8,"ld (0x8a2a),0x00",2
UNI_ASSEMBLES_DIFF,stb_d8,"ld (0x8a2a),A",2
UNI_ASSEMBLES_DIFF,stdi8,"ld (0x8a2b),0x00",2
UNI_ASSEMBLES_DIFF,stb_d8,"ld (0x8a2b),A",2
UNI_ASSEMBLES_DIFF,stdi8,"ld (0x8a2c),0x00",2
UNI_ASSEMBLES_DIFF,stb_d8,"ld (0x8a2d),A",2
UNI_ASSEMBLES_DIFF,stdi8,"ld (0x8a2f),0x08",2
UNI_ASSEMBLES_DIFF,stdi8,"ld (0x8a2f),0x09",2
UNI_ASSEMBLES_DIFF,stdi8,"ld (0x8a2f),0x12",2
UNI_ASSEMBLES_DIFF,stdi8,"ld (0x8a30),0x53",2
UNI_ASSEMBLES_DIFF,stdi8,"ld (0x8a31),0xff",2
UNI_ASSEMBLES_DIFF,stdi8,"ld (0x8a32),0x08",2
UNI_ASSEMBLES_DIFF,stdi8,"ld (0x8a32),0x09",2
UNI_ASSEMBLES_DIFF,stdi8,"ld (0x8a32),0x12",2
UNI_ASSEMBLES_DIFF,stdi8,"ld (0x8a33),0x50",2
UNI_ASSEMBLES_DIFF,stdi8,"ld (0x8a33),0x54",2
UNI_ASSEMBLES_DIFF,stdi8,"ld (0x8a34),0x00",2
UNI_ASSEMBLES_DIFF,stdi8,"ld (0x8a34),0xe5",2
UNI_ASSEMBLES_DIFF,stdi8,"ld (0x8a36),0x00",2
UNI_ASSEMBLES_DIFF,stdi8,"ld (0x8a36),0x05",2
UNI_ASSEMBLES_DIFF,stb_d8,"ld (0x8a37),A",2
UNI_ASSEMBLES_DIFF,stdi8,"ld (0x8a38),0x0f",2
UNI_ASSEMBLES_DIFF,stdi8,"ld (0x8a39),0x01",2
UNI_ASSEMBLES_DIFF,stdi8,"ld (0x8a3a),0x00",2
UNI_ASSEMBLES_DIFF,stdi8,"ld (0x8a3b),0x00",2
UNI_ASSEMBLES_DIFF,stdi8,"ld (0x8a3c),0x00",2
UNI_ASSEMBLES_DIFF,stdi8,"ld (0x8a3d),0x00",2
UNI_ASSEMBLES_DIFF,stdi8,"ld (0x8a3e),0x00",2
UNI_ASSEMBLES_DIFF,stdi8,"ld (0x8a3f),0x00",2
UNI_ASSEMBLES_DIFF,stda16,"ld (0x8a40),WA",2
UNI_ASSEMBLES_DIFF,stda16,"ld (0x8a42),WA",2
UNI_ASSEMBLES_DIFF,stda16,"ld (0x8a44),WA",2
UNI_ASSEMBLES_DIFF,stda16,"ld (0x8a46),WA",2
UNI_ASSEMBLES_DIFF,stda16,"ld (0x8a48),WA",2
UNI_ASSEMBLES_DIFF,stda16,"ld (0x8a50),WA",2
UNI_ASSEMBLES_DIFF,stda16,"ld (0x8a52),WA",2
UNI_ASSEMBLES_DIFF,stda16,"ld (0x8a54),WA",2
UNI_ASSEMBLES_DIFF,stda16,"ld (0x8a56),WA",2
UNI_ASSEMBLES_DIFF,stda16,"ld (0x8a58),WA",2
UNI_ASSEMBLES_DIFF,stda16,"ld (0x8a5a),WA",2
UNI_ASSEMBLES_DIFF,stda32,"ld (0x8a5c),XWA",2
UNI_ASSEMBLES_DIFF,stdi8,"ld (0x8a60),0x00",2
UNI_ASSEMBLES_DIFF,stdi8,"ld (0x8a60),0xff",2
UNI_ASSEMBLES_DIFF,stb_d8,"ld (0x8a61),L",2
UNI_ASSEMBLES_DIFF,stdi8,"ld (0x8a6a),0xff",2
UNI_ASSEMBLES_DIFF,stdi8,"ld (0x8a6c),0x02",2
UNI_ASSEMBLES_DIFF,stdi8,"ld (0x8a6c),0x03",2
UNI_ASSEMBLES_DIFF,stdi8,"ld (0x8a6c),0x04",2
UNI_ASSEMBLES_DIFF,stdi8,"ld (0x8a6c),0x05",2
UNI_ASSEMBLES_DIFF,stb_d8,"ld (0x8a6e),A",2
UNI_ASSEMBLES_DIFF,stdi8,"ld (0x8b00),0x00",2
UNI_ASSEMBLES_DIFF,stdi8,"ld (0x8b00),0xff",2
UNI_ASSEMBLES_DIFF,stdi8,"ld (0x8b04),0x00",2
UNI_ASSEMBLES_DIFF,stb_d8,"ld (0x8b22),A",2
UNI_ASSEMBLES_DIFF,stb_d8,"ld (0x8c9b),A",2
UNI_ASSEMBLES_DIFF,stb_d8,"ld (0x8c9c),L",2
UNI_ASSEMBLES_DIFF,stb_d8,"ld (0x8c9e),E",2
UNI_ASSEMBLES_DIFF,stb_d8,"ld (0x8ca4),A",2
UNI_ASSEMBLES_DIFF,stb_d8,"ld (0x8caa),B",2
UNI_ASSEMBLES_DIFF,stdi8,"ld (0x8cb2),0x00",2
UNI_ASSEMBLES_DIFF,stda16,"ld (0x8cba),BC",2
UNI_ASSEMBLES_DIFF,stb_d8,"ld (0x8ce4),A",2
UNI_ASSEMBLES_DIFF,stdi8,"ld (0x8ce6),0x00",2
UNI_ASSEMBLES_DIFF,stdi8,"ld (0x8cef),0x02",2
UNI_ASSEMBLES_DIFF,stb_d8,"ld (0x8cef),A",2
UNI_ASSEMBLES_DIFF,stb_d8,"ld (0x8cf8),W",2
UNI_ASSEMBLES_DIFF,stb_d8,"ld (0x8cf9),A",2
UNI_ASSEMBLES_DIFF,stb_d8,"ld (0x8d34),L",2
UNI_ASSEMBLES_DIFF,stb_d8,"ld (0x8d36),L",2
UNI_ASSEMBLES_DIFF,stdi8,"ld (0x8d3a),0x00",2
UNI_ASSEMBLES_DIFF,stdi8,"ld (0x8d3a),0x01",2
UNI_ASSEMBLES_DIFF,stdi8,"ld (0x8d3c),0x18",2
UNI_ASSEMBLES_DIFF,stdi8,"ld (0x8d3c),0x40",2
UNI_ASSEMBLES_DIFF,stb_d8,"ld (0x8d3c),A",2
UNI_ASSEMBLES_DIFF,stb_d8,"ld (0x8d3e),A",2
UNI_ASSEMBLES_DIFF,stdi8,"ld (0x8d40),0x00",2
UNI_ASSEMBLES_DIFF,stb_d8,"ld (0x8d40),W",2
UNI_ASSEMBLES_DIFF,stdi8,"ld (0x8d42),0x00",2
UNI_ASSEMBLES_DIFF,stdi8,"ld (0x8d42),0x01",2
UNI_ASSEMBLES_DIFF,stdi8,"ld (0x8d42),0x05",2
UNI_ASSEMBLES_DIFF,stb_d8,"ld (0x8d44),A",2
UNI_ASSEMBLES_DIFF,stb_d8,"ld (0x8d44),L",2
UNI_ASSEMBLES_DIFF,stb_d8,"ld (0x8d48),A",2
UNI_ASSEMBLES_DIFF,stdi8,"ld (0x8d4e),0x07",2
UNI_ASSEMBLES_DIFF,stdi8,"ld (0x8d4e),0x0f",2
UNI_ASSEMBLES_DIFF,stb_d8,"ld (0x8d4e),A",2
UNI_ASSEMBLES_DIFF,stb_d8,"ld (0x8d50),L",2
UNI_ASSEMBLES_DIFF,stb_d8,"ld (0x8d54),A",2
UNI_ASSEMBLES_DIFF,stda16,"ld (0x8d56),DE",2
UNI_ASSEMBLES_DIFF,stda16,"ld (0x8d56),WA",2
UNI_ASSEMBLES_DIFF,stda16,"ld (0x8d58),IZ",2
UNI_ASSEMBLES_DIFF,stda32,"ld (0x8d60),XWA",2
UNI_ASSEMBLES_DIFF,stda16,"ld (0x8d63),IY",2
UNI_ASSEMBLES_DIFF,stdi8,"ld (0x8d78),0x1e",2
UNI_ASSEMBLES_DIFF,stb_d8,"ld (0x8d78),C",2
UNI_ASSEMBLES_DIFF,stdi8,"ld (0x8d7a),0x01",2
UNI_ASSEMBLES_DIFF,stdi8,"ld (0x8d7a),0xdc",2
UNI_ASSEMBLES_DIFF,stdi8,"ld (0x8d82),0x01",2
UNI_ASSEMBLES_DIFF,stdi8,"ld (0x8d82),0x02",2
UNI_ASSEMBLES_DIFF,stb_d8,"ld (0x8d84),A",2
UNI_ASSEMBLES_DIFF,stb_d8,"ld (0x8d86),C",2
UNI_ASSEMBLES_DIFF,stdi8,"ld (0x8d8a),0x20",2
UNI_ASSEMBLES_DIFF,stb_d8,"ld (0x8d8e),A",2
UNI_ASSEMBLES_DIFF,stb_d8,"ld (0x8d8f),A",2
UNI_ASSEMBLES_DIFF,stdi8,"ld (0x8d91),0x7d",2
UNI_ASSEMBLES_DIFF,stdi8,"ld (0x8d93),0x00",2
UNI_ASSEMBLES_DIFF,stb_d8,"ld (0x8d96),A",2
UNI_ASSEMBLES_DIFF,stdi8,"ld (0x8d97),0xc8",2
UNI_ASSEMBLES_DIFF,stdi8,"ld (0x8d98),0x00",2
UNI_ASSEMBLES_DIFF,stdi8,"ld (0x8d9a),0x00",2
UNI_ASSEMBLES_DIFF,stdi8,"ld (0x8d9d),0x00",2
UNI_ASSEMBLES_DIFF,stdi8,"ld (0x8d9f),0x00",2
UNI_ASSEMBLES_DIFF,stda16,"ld (0x8d9f),WA",2
UNI_ASSEMBLES_DIFF,stb_d8,"ld (0x8dda),A",2
UNI_ASSEMBLES_DIFF,stb_d8,"ld (0x8e4c),A",2
UNI_ASSEMBLES_DIFF,stb_d8,"ld (0x8e6c),L",2
UNI_ASSEMBLES_DIFF,stb_d8,"ld (0x8e6e),L",2
UNI_ASSEMBLES_DIFF,stb_d8,"ld (0x8e70),L",2
UNI_ASSEMBLES_DIFF,stb_d8,"ld (0x8e72),L",2
UNI_ASSEMBLES_DIFF,stb_d8,"ld (0x8e74),L",2
UNI_ASSEMBLES_DIFF,stdi8,"ld (0x8e8c),0x00",2
UNI_ASSEMBLES_DIFF,stdi8,"ld (0x8e8e),0x00",2
UNI_ASSEMBLES_DIFF,stb_d8,"ld (0x8e8e),C",2
UNI_ASSEMBLES_DIFF,stb_d8,"ld (0x8e90),A",2
UNI_ASSEMBLES_DIFF,stdi8,"ld (0x8e94),0xff",2
UNI_ASSEMBLES_DIFF,stdi8,"ld (0x8ec4),0x00",2
UNI_ASSEMBLES_DIFF,stdi8,"ld (0x8ec6),0x00",2
UNI_ASSEMBLES_DIFF,stda16,"ld (0x8ec8),WA",2
UNI_ASSEMBLES_DIFF,stb_d8,"ld (0x8eca),C",2
UNI_ASSEMBLES_DIFF,stb_d8,"ld (0x8ecc),A",2
UNI_ASSEMBLES_DIFF,stb_d8,"ld (0x8ed4),A",2
UNI_ASSEMBLES_DIFF,stb_d8,"ld (0x8ed6),A",2
UNI_ASSEMBLES_DIFF,stb_d8,"ld (0x8ed8),C",2
UNI_ASSEMBLES_DIFF,stb_d8,"ld (0x8eda),A",2
UNI_ASSEMBLES_DIFF,stb_d8,"ld (0x8edc),A",2
UNI_ASSEMBLES_DIFF,stb_d8,"ld (0x8ede),A",2
UNI_ASSEMBLES_DIFF,stb_d8,"ld (0x8ee2),E",2
UNI_ASSEMBLES_DIFF,stb_d8,"ld (0x8ee6),A",2
UNI_ASSEMBLES_DIFF,stb_d8,"ld (0x8eea),A",2
UNI_ASSEMBLES_DIFF,stb_d8,"ld (0x8efc),A",2
UNI_ASSEMBLES_DIFF,stb_d8,"ld (0x8efe),A",2
UNI_ASSEMBLES_DIFF,stdi8,"ld (0x8f4c),0x05",2
UNI_ASSEMBLES_DIFF,stdi8,"ld (0x8f4e),0x05",2
UNI_ASSEMBLES_DIFF,stdi8,"ld (0x8f4e),0x06",2
UNI_ASSEMBLES_DIFF,stdi8,"ld (0x8f50),0x05",2
UNI_ASSEMBLES_DIFF,stdi8,"ld (0x8f52),0x05",2
UNI_ASSEMBLES_DIFF,stdi8,"ld (0x8f54),0x05",2
UNI_ASSEMBLES_DIFF,stdi8,"ld (0x8f56),0x05",2
UNI_ASSEMBLES_DIFF,stdi8,"ld (0x8f58),0x00",2
UNI_ASSEMBLES_DIFF,stdi8,"ld (0x8f58),0x01",2
UNI_ASSEMBLES_DIFF,stdi8,"ld (0x8f58),0x02",2
UNI_ASSEMBLES_DIFF,stdi8,"ld (0x8f58),0x04",2
UNI_ASSEMBLES_DIFF,stb_d8,"ld (0x8f5e),L",2
UNI_ASSEMBLES_DIFF,stb_d8,"ld (0x8f60),L",2
UNI_ASSEMBLES_DIFF,stdi8,"ld (0x8f63),0xff",2
UNI_ASSEMBLES_DIFF,stda16,"ld (0x9042),BC",2
UNI_ASSEMBLES_DIFF,stda16,"ld (0x9042),HL",2
UNI_ASSEMBLES_DIFF,stda16,"ld (0x9046),HL",2
UNI_ASSEMBLES_DIFF,stda16,"ld (0x9046),IY",2
UNI_ASSEMBLES_DIFF,stda16,"ld (0x904e),HL",2
UNI_ASSEMBLES_DIFF,stb_d8,"ld (0x9050),A",2
UNI_ASSEMBLES_DIFF,stb_d8,"ld (0x9052),A",2
UNI_ASSEMBLES_DIFF,stb_d8,"ld (0x9053),W",2
UNI_ASSEMBLES_DIFF,stb_d8,"ld (0x905a),A",2
UNI_ASSEMBLES_DIFF,stb_d8,"ld (0x905b),C",2
UNI_ASSEMBLES_DIFF,stdi8,"ld (0x905c),0x00",2
UNI_ASSEMBLES_DIFF,stdi8,"ld (0x905c),0x7f",2
UNI_ASSEMBLES_DIFF,stb_d8,"ld (0x905d),A",2
UNI_ASSEMBLES_DIFF,stdi8,"ld (0x908b),0xb1",2
UNI_ASSEMBLES_DIFF,stdi8,"ld (0x90b7),0xff",2
UNI_ASSEMBLES_DIFF,stdi8,"ld (0x90b8),0xff",2
UNI_ASSEMBLES_DIFF,stda16,"ld (0x90de),IX",2
UNI_ASSEMBLES_DIFF,stda16,"ld (0x90e0),WA",2
UNI_ASSEMBLES_DIFF,stda16,"ld (0x90e2),DE",2
UNI_ASSEMBLES_DIFF,stda16,"ld (0x90e2),WA",2
UNI_ASSEMBLES_DIFF,stdi8,"ld (0x90e4),0x00",2
UNI_ASSEMBLES_DIFF,stdi8,"ld (0x90e5),0x00",2
UNI_ASSEMBLES_DIFF,stda32,"ld (0x90e6),XWA",2
UNI_ASSEMBLES_DIFF,stb_d8,"ld (0x90ea),A",2
UNI_ASSEMBLES_DIFF,stb_d8,"ld (0x90eb),A",2
UNI_ASSEMBLES_DIFF,stb_d8,"ld (0x90eb),H",2
UNI_ASSEMBLES_DIFF,stb_d8,"ld (0x90ec),C",2
UNI_ASSEMBLES_DIFF,stda16,"ld (0x90ec),DE",2
UNI_ASSEMBLES_DIFF,stdi8,"ld (0x90f6),0x48",2
UNI_ASSEMBLES_DIFF,stb_d8,"ld (0x90f6),C",2
UNI_ASSEMBLES_DIFF,stdi8,"ld (0x90f7),0x10",2
UNI_ASSEMBLES_DIFF,stdi8,"ld (0x90f7),0x11",2
UNI_ASSEMBLES_DIFF,stdi8,"ld (0x90f7),0x12",2
UNI_ASSEMBLES_DIFF,stdi8,"ld (0x90f7),0x13",2
UNI_ASSEMBLES_DIFF,stdi8,"ld (0x90f7),0x14",2
UNI_ASSEMBLES_DIFF,stdi8,"ld (0x90f7),0x17",2
UNI_ASSEMBLES_DIFF,stb_d8,"ld (0x90f7),E",2
UNI_ASSEMBLES_DIFF,stb_d8,"ld (0x90f7),W",2
UNI_ASSEMBLES_DIFF,stdi8,"ld (0x90fb),0xff",2
UNI_ASSEMBLES_DIFF,stdi8,"ld (0x9127),0x48",2
UNI_ASSEMBLES_DIFF,stb_d8,"ld (0x9127),W",2
UNI_ASSEMBLES_DIFF,stdi8,"ld (0x9128),0x04",2
UNI_ASSEMBLES_DIFF,stdi8,"ld (0x9128),0x08",2
UNI_ASSEMBLES_DIFF,stdi8,"ld (0x9128),0x09",2
UNI_ASSEMBLES_DIFF,stb_d8,"ld (0x9128),L",2
UNI_ASSEMBLES_DIFF,stdi8,"ld (0x9129),0x05",2
UNI_ASSEMBLES_DIFF,stdi8,"ld (0x9129),0x40",2
UNI_ASSEMBLES_DIFF,stb_d8,"ld (0x9129),L",2
UNI_ASSEMBLES_DIFF,stdi8,"ld (0x912a),0x01",2
UNI_ASSEMBLES_DIFF,stdi8,"ld (0x912a),0x08",2
UNI_ASSEMBLES_DIFF,stb_d8,"ld (0x912a),A",2
UNI_ASSEMBLES_DIFF,stb_d8,"ld (0x912a),C",2
UNI_ASSEMBLES_DIFF,stdi8,"ld (0x912b),0x00",2
UNI_ASSEMBLES_DIFF,stda32,"ld (0x912b),XHL",2
UNI_ASSEMBLES_DIFF,stb_d8,"ld (0x912f),A",2
UNI_ASSEMBLES_DIFF,stb_d8,"ld (0x9132),A",2
UNI_ASSEMBLES_DIFF,stda16,"ld (0x9133),HL",2
UNI_ASSEMBLES_DIFF,stda32,"ld (0x9137),XWA",2
UNI_ASSEMBLES_DIFF,stda32,"ld (0x913b),XBC",2
UNI_ASSEMBLES_DIFF,stda32,"ld (0x913f),XDE",2
UNI_ASSEMBLES_DIFF,stda32,"ld (0x9143),XHL",2
UNI_ASSEMBLES_DIFF,stda32,"ld (0x9147),XIX",2
UNI_ASSEMBLES_DIFF,stda32,"ld (0x914b),XIY",2
UNI_ASSEMBLES_DIFF,stda32,"ld (0x914f),XIZ",2
UNI_ASSEMBLES_DIFF,stdi8,"ld (0x9153),0x0c",2
UNI_ASSEMBLES_DIFF,stdi8,"ld (0x9154),0x04",2
UNI_ASSEMBLES_DIFF,stdi8,"ld (0x9154),0x08",2
UNI_ASSEMBLES_DIFF,stdi8,"ld (0x9154),0x0c",2
UNI_ASSEMBLES_DIFF,stdi8,"ld (0x9154),0x59",2
UNI_ASSEMBLES_DIFF,stdi8,"ld (0x9155),0x07",2
UNI_ASSEMBLES_DIFF,stdi8,"ld (0x9155),0x0b",2
UNI_ASSEMBLES_DIFF,stdi8,"ld (0x9155),0x58",2
UNI_ASSEMBLES_DIFF,stda16,"ld (0x9163),WA",2
UNI_ASSEMBLES_DIFF,stdi8,"ld (0x917e),0xb0",2
UNI_ASSEMBLES_DIFF,stdi8,"ld (0x917e),0xb1",2
UNI_ASSEMBLES_DIFF,stdi8,"ld (0x917e),0xb2",2
UNI_ASSEMBLES_DIFF,stdi8,"ld (0x917e),0xb3",2
UNI_ASSEMBLES_DIFF,stdi8,"ld (0x917e),0xb4",2
UNI_ASSEMBLES_DIFF,stdi8,"ld (0x917f),0x00",2
UNI_ASSEMBLES_DIFF,stdi8,"ld (0x917f),0x04",2
UNI_ASSEMBLES_DIFF,stdi8,"ld (0x9180),0x00",2
UNI_ASSEMBLES_DIFF,stb_d8,"ld (0x9180),A",2
UNI_ASSEMBLES_DIFF,stdi8,"ld (0x9181),0x08",2
UNI_ASSEMBLES_DIFF,stdi8,"ld (0x9181),0xff",2
UNI_ASSEMBLES_DIFF,stb_d8,"ld (0x9181),A",2
UNI_ASSEMBLES_DIFF,stdi8,"ld (0x91ad),0xff",2
UNI_ASSEMBLES_DIFF,stda16,"ld (0x91bd),BC",2
UNI_ASSEMBLES_DIFF,stda16,"ld (0x91bf),DE",2
UNI_ASSEMBLES_DIFF,stb_d8,"ld (0x91c7),L",2
UNI_ASSEMBLES_DIFF,stdi8,"ld (0x91c8),0x00",2
UNI_ASSEMBLES_DIFF,stdi8,"ld (0x91ca),0x00",2
UNI_ASSEMBLES_DIFF,stdi8,"ld (0x91ca),0x14",2
UNI_ASSEMBLES_DIFF,stdi8,"ld (0x91ca),0x25",2
UNI_ASSEMBLES_DIFF,stdi8,"ld (0x91ca),0x87",2
UNI_ASSEMBLES_DIFF,stb_d8,"ld (0x91cd),A",2
UNI_ASSEMBLES_DIFF,stb_d8,"ld (0x91cd),W",2
UNI_ASSEMBLES_DIFF,stb_d8,"ld (0x91d1),W",2
UNI_ASSEMBLES_DIFF,stb_d8,"ld (0x94f2),E",2
UNI_ASSEMBLES_DIFF,st_dd8b,"ld (0x95),A",2
UNI_ASSEMBLES_DIFF,st_dd8b,"ld (0x96),A",2
UNI_ASSEMBLES_DIFF,stb_d8,"ld (0x963e),A",2
UNI_ASSEMBLES_DIFF,stdi8,"ld (0x9644),0x14",2
UNI_ASSEMBLES_DIFF,stdi8,"ld (0x9644),0x48",2
UNI_ASSEMBLES_DIFF,stb_d8,"ld (0x9644),A",2
UNI_ASSEMBLES_DIFF,stda16,"ld (0x9644),WA",2
UNI_ASSEMBLES_DIFF,stda16,"ld (0x9646),WA",2
UNI_ASSEMBLES_DIFF,stda16,"ld (0x964c),BC",2
UNI_ASSEMBLES_DIFF,stda16,"ld (0x964e),DE",2
UNI_ASSEMBLES_DIFF,stb_d8,"ld (0x9654),A",2
UNI_ASSEMBLES_DIFF,stb_d8,"ld (0x9657),A",2
UNI_ASSEMBLES_DIFF,stda32,"ld (0x9664),XIY",2
UNI_ASSEMBLES_DIFF,stb_d8,"ld (0x9668),A",2
UNI_ASSEMBLES_DIFF,stb_d8,"ld (0x9669),A",2
UNI_ASSEMBLES_DIFF,stb_d8,"ld (0x966a),A",2
UNI_ASSEMBLES_DIFF,stb_d8,"ld (0x966b),A",2
UNI_ASSEMBLES_DIFF,stdi8,"ld (0x966d),0x40",2
UNI_ASSEMBLES_DIFF,stdi8,"ld (0x966e),0x00",2
UNI_ASSEMBLES_DIFF,stdi8,"ld (0x966f),0x00",2
UNI_ASSEMBLES_DIFF,stdi8,"ld (0x9670),0x00",2
UNI_ASSEMBLES_DIFF,stda32,"ld (0x9770),XHL",2
UNI_ASSEMBLES_DIFF,st_dd8b,"ld (0x9b),H",2
UNI_ASSEMBLES_DIFF,stb_d8,"ld (0x9c00),E",2
UNI_ASSEMBLES_DIFF,stb_d8,"ld (0xa600),E",2
UNI_ASSEMBLES_DIFF,stb_d8,"ld (0xb000),E",2
UNI_ASSEMBLES_DIFF,stdi8,"ld (0xb7dc),0x06",2
UNI_ASSEMBLES_DIFF,stdi8,"ld (0xb7dc),0x08",2
UNI_ASSEMBLES_DIFF,stb_d8,"ld (0xb7df),A",2
UNI_ASSEMBLES_DIFF,stb_d8,"ld (0xb7e0),A",2
UNI_ASSEMBLES_DIFF,stdi8,"ld (0xb7e1),0x00",2
UNI_ASSEMBLES_DIFF,stda16,"ld (0xb7e3),DE",2
UNI_ASSEMBLES_DIFF,stdi8,"ld (0xb7ec),0x01",2
UNI_ASSEMBLES_DIFF,stdi8,"ld (0xb7ec),0x02",2
UNI_ASSEMBLES_DIFF,stdi8,"ld (0xb7ec),0x0b",2
UNI_ASSEMBLES_DIFF,stdi8,"ld (0xb7ec),0x18",2
UNI_ASSEMBLES_DIFF,stdi8,"ld (0xb7ec),0x5b",2
UNI_ASSEMBLES_DIFF,stdi8,"ld (0xb7ec),0x5c",2
UNI_ASSEMBLES_DIFF,stdi8,"ld (0xb7ec),0x5d",2
UNI_ASSEMBLES_DIFF,stdi8,"ld (0xb7ec),0x80",2
UNI_ASSEMBLES_DIFF,stdi8,"ld (0xb7ec),0x9b",2
UNI_ASSEMBLES_DIFF,stdi8,"ld (0xb7ec),0x9c",2
UNI_ASSEMBLES_DIFF,stdi8,"ld (0xb7ec),0x9d",2
UNI_ASSEMBLES_DIFF,stb_d8,"ld (0xb7ee),A",2
UNI_ASSEMBLES_DIFF,stdi8,"ld (0xb7f0),0x00",2
UNI_ASSEMBLES_DIFF,stdi8,"ld (0xb7f0),0x01",2
UNI_ASSEMBLES_DIFF,stdi8,"ld (0xb7f0),0x02",2
UNI_ASSEMBLES_DIFF,stb_d8,"ld (0xb7f0),A",2
UNI_ASSEMBLES_DIFF,stb_d8,"ld (0xba00),E",2
UNI_ASSEMBLES_DIFF,stda32,"ld (0xbc54),XBC",2
UNI_ASSEMBLES_DIFF,stda32,"ld (0xbc54),XWA",2
UNI_ASSEMBLES_DIFF,stda32,"ld (0xbc58),XDE",2
UNI_ASSEMBLES_DIFF,stda32,"ld (0xbc58),XWA",2
UNI_ASSEMBLES_DIFF,stda32,"ld (0xbc5c),XBC",2
UNI_ASSEMBLES_DIFF,stda32,"ld (0xbc5c),XDE",2
UNI_ASSEMBLES_DIFF,stda32,"ld (0xbc60),XDE",2
UNI_ASSEMBLES_DIFF,stda32,"ld (0xbc60),XWA",2
UNI_ASSEMBLES_DIFF,stb_d8,"ld (0xbc64),L",2
UNI_ASSEMBLES_DIFF,stb_d8,"ld (0xbc65),L",2
UNI_ASSEMBLES_DIFF,stb_d8,"ld (0xbc66),L",2
UNI_ASSEMBLES_DIFF,stb_d8,"ld (0xbc68),L",2
UNI_ASSEMBLES_DIFF,stb_d8,"ld (0xbc69),L",2
UNI_ASSEMBLES_DIFF,stb_d8,"ld (0xbc6a),L",2
UNI_ASSEMBLES_DIFF,stb_d8,"ld (0xbc9a),A",2
UNI_ASSEMBLES_DIFF,stda32,"ld (0xbcac),XBC",2
UNI_ASSEMBLES_DIFF,stda32,"ld (0xbcac),XWA",2
UNI_ASSEMBLES_DIFF,stda32,"ld (0xbcb0),XBC",2
UNI_ASSEMBLES_DIFF,stda32,"ld (0xbcb0),XDE",2
UNI_ASSEMBLES_DIFF,stda32,"ld (0xbcb4),XDE",2
UNI_ASSEMBLES_DIFF,stda32,"ld (0xbcb4),XWA",2
UNI_ASSEMBLES_DIFF,stda32,"ld (0xbcb8),XBC",2
UNI_ASSEMBLES_DIFF,stda32,"ld (0xbcb8),XDE",2
UNI_ASSEMBLES_DIFF,stdi8,"ld (0xbcfc),0x00",2
UNI_ASSEMBLES_DIFF,stdi8,"ld (0xbcfc),0x01",2
UNI_ASSEMBLES_DIFF,stdi8,"ld (0xbcfc),0x02",2
UNI_ASSEMBLES_DIFF,stdi8,"ld (0xbcfc),0x03",2
UNI_ASSEMBLES_DIFF,stdi8,"ld (0xbcfc),0x04",2
UNI_ASSEMBLES_DIFF,stdi8,"ld (0xbcfc),0x05",2
UNI_ASSEMBLES_DIFF,stdi8,"ld (0xbcfc),0x06",2
UNI_ASSEMBLES_DIFF,stb_d8,"ld (0xbcfc),A",2
UNI_ASSEMBLES_DIFF,stdi8,"ld (0xbd00),0x80",2
UNI_ASSEMBLES_DIFF,stb_d8,"ld (0xbd00),A",2
UNI_ASSEMBLES_DIFF,stb_d8,"ld (0xbd00),C",2
UNI_ASSEMBLES_DIFF,stdi8,"ld (0xbd02),0x00",2
UNI_ASSEMBLES_DIFF,stdi8,"ld (0xbd04),0x00",2
UNI_ASSEMBLES_DIFF,stdi8,"ld (0xbd04),0xa0",2
UNI_ASSEMBLES_DIFF,stdi8,"ld (0xbd06),0x00",2
UNI_ASSEMBLES_DIFF,stdi8,"ld (0xbd08),0x00",2
UNI_ASSEMBLES_DIFF,stb_d8,"ld (0xbd08),A",2
UNI_ASSEMBLES_DIFF,stb_d8,"ld (0xbd08),L",2
UNI_ASSEMBLES_DIFF,stdi8,"ld (0xbd0a),0x00",2
UNI_ASSEMBLES_DIFF,stdi8,"ld (0xbd0c),0x00",2
UNI_ASSEMBLES_DIFF,stdi8,"ld (0xbd0c),0x80",2
UNI_ASSEMBLES_DIFF,stb_d8,"ld (0xbd0c),C",2
UNI_ASSEMBLES_DIFF,stdi8,"ld (0xbd0e),0x00",2
UNI_ASSEMBLES_DIFF,stdi8,"ld (0xbd10),0x00",2
UNI_ASSEMBLES_DIFF,stdi8,"ld (0xbd10),0xa0",2
UNI_ASSEMBLES_DIFF,stb_d8,"ld (0xbd10),A",2
UNI_ASSEMBLES_DIFF,stdi8,"ld (0xbd12),0x00",2
UNI_ASSEMBLES_DIFF,stdi8,"ld (0xbd14),0x00",2
UNI_ASSEMBLES_DIFF,stb_d8,"ld (0xbd14),L",2
UNI_ASSEMBLES_DIFF,stdi8,"ld (0xbd16),0x00",2
UNI_ASSEMBLES_DIFF,stdi8,"ld (0xbd1a),0x00",2
UNI_ASSEMBLES_DIFF,stdi8,"ld (0xbd1c),0x00",2
UNI_ASSEMBLES_DIFF,stdi8,"ld (0xbd1e),0x01",2
UNI_ASSEMBLES_DIFF,stdi8,"ld (0xbd1e),0x02",2
UNI_ASSEMBLES_DIFF,stdi8,"ld (0xbd20),0x00",2
UNI_ASSEMBLES_DIFF,stdi8,"ld (0xbd20),0x01",2
UNI_ASSEMBLES_DIFF,stdi8,"ld (0xbd20),0x02",2
UNI_ASSEMBLES_DIFF,stda32,"ld (0xbd22),XHL",2
UNI_ASSEMBLES_DIFF,stb_d8,"ld (0xbd26),L",2
UNI_ASSEMBLES_DIFF,stdi8,"ld (0xbd36),0x00",2
UNI_ASSEMBLES_DIFF,stdi8,"ld (0xbd36),0x01",2
UNI_ASSEMBLES_DIFF,stdi8,"ld (0xbd36),0x02",2
UNI_ASSEMBLES_DIFF,stdi8,"ld (0xbd38),0x00",2
UNI_ASSEMBLES_DIFF,stda16,"ld (0xbd3a),WA",2
UNI_ASSEMBLES_DIFF,stdi8,"ld (0xbf7e),0x1d",2
UNI_ASSEMBLES_DIFF,stdi8,"ld (0xbfe3),0x04",2
UNI_ASSEMBLES_DIFF,stdi8,"ld (0xc07d),0x05",2
UNI_ASSEMBLES_DIFF,stdi8,"ld (0xc07d),0x06",2
UNI_ASSEMBLES_DIFF,stda16,"ld (0xc07d),WA",2
UNI_ASSEMBLES_DIFF,stdi8,"ld (0xc07e),0x01",2
UNI_ASSEMBLES_DIFF,stdi8,"ld (0xc07e),0x02",2
UNI_ASSEMBLES_DIFF,stb_d8,"ld (0xc07f),C",2
UNI_ASSEMBLES_DIFF,stb_d8,"ld (0xc080),L",2
UNI_ASSEMBLES_DIFF,st_dd8b,"ld (0xc1),A",2
UNI_ASSEMBLES_DIFF,stb_d8,"ld (0xc1e4),A",2
UNI_ASSEMBLES_DIFF,stb_d8,"ld (0xc1ec),A",2
UNI_ASSEMBLES_DIFF,stb_d8,"ld (0xc1f2),L",2
UNI_ASSEMBLES_DIFF,stb_d8,"ld (0xc1f4),L",2
UNI_ASSEMBLES_DIFF,stda16,"ld (0xc1f6),HL",2
UNI_ASSEMBLES_DIFF,stda16,"ld (0xc1fc),HL",2
UNI_ASSEMBLES_DIFF,stdi8,"ld (0xc1ff),0x10",2
UNI_ASSEMBLES_DIFF,stdi8,"ld (0xc1ff),0x11",2
UNI_ASSEMBLES_DIFF,stdi8,"ld (0xc1ff),0x12",2
UNI_ASSEMBLES_DIFF,stdi8,"ld (0xc1ff),0x13",2
UNI_ASSEMBLES_DIFF,stdi8,"ld (0xc1ff),0x14",2
UNI_ASSEMBLES_DIFF,stdi8,"ld (0xc1ff),0x17",2
UNI_ASSEMBLES_DIFF,stb_d8,"ld (0xc1ff),A",2
UNI_ASSEMBLES_DIFF,stdi8,"ld (0xc200),0x00",2
UNI_ASSEMBLES_DIFF,stdi8,"ld (0xc200),0x01",2
UNI_ASSEMBLES_DIFF,stdi8,"ld (0xc201),0x00",2
UNI_ASSEMBLES_DIFF,stdi8,"ld (0xc204),0xff",2
UNI_ASSEMBLES_DIFF,stdi8,"ld (0xc252),0x00",2
UNI_ASSEMBLES_DIFF,stdi8,"ld (0xc253),0x01",2
UNI_ASSEMBLES_DIFF,stdi8,"ld (0xc254),0x02",2
UNI_ASSEMBLES_DIFF,stdi8,"ld (0xc255),0x03",2
UNI_ASSEMBLES_DIFF,stdi8,"ld (0xc256),0x04",2
UNI_ASSEMBLES_DIFF,stdi8,"ld (0xc279),0x00",2
UNI_ASSEMBLES_DIFF,stdi8,"ld (0xc279),0xff",2
UNI_ASSEMBLES_DIFF,stdi8,"ld (0xc2ba),0x02",2
UNI_ASSEMBLES_DIFF,stb_d8,"ld (0xc362),L",2
UNI_ASSEMBLES_DIFF,stb_d8,"ld (0xc363),L",2
UNI_ASSEMBLES_DIFF,stda16,"ld (0xc596),IZ",2
UNI_ASSEMBLES_DIFF,stdi8,"ld (0xc59e),0xff",2
UNI_ASSEMBLES_DIFF,stdi8,"ld (0xc5a0),0x00",2
UNI_ASSEMBLES_DIFF,stdi8,"ld (0xc5a2),0x37",2
UNI_ASSEMBLES_DIFF,stdi8,"ld (0xc5a2),0x3c",2
UNI_ASSEMBLES_DIFF,stdi8,"ld (0xc5a2),0x43",2
UNI_ASSEMBLES_DIFF,stb_d8,"ld (0xc5a8),C",2
UNI_ASSEMBLES_DIFF,stb_d8,"ld (0xcd2e),A",2
UNI_ASSEMBLES_DIFF,stb_d8,"ld (0xcd2f),A",2
UNI_ASSEMBLES_DIFF,stdi8,"ld (0xce16),0x00",2
UNI_ASSEMBLES_DIFF,stda16,"ld (0xce22),DE",2
UNI_ASSEMBLES_DIFF,stda16,"ld (0xce24),WA",2
UNI_ASSEMBLES_DIFF,stda16,"ld (0xce66),WA",2
UNI_ASSEMBLES_DIFF,stda16,"ld (0xce68),WA",2
UNI_ASSEMBLES_DIFF,stb_d8,"ld (0xceaa),L",2
UNI_ASSEMBLES_DIFF,stb_d8,"ld (0xceab),H",2
UNI_ASSEMBLES_DIFF,stb_d8,"ld (0xceac),C",2
UNI_ASSEMBLES_DIFF,stb_d8,"ld (0xcead),C",2
UNI_ASSEMBLES_DIFF,stdi8,"ld (0xceb2),0x01",2
UNI_ASSEMBLES_DIFF,stdi8,"ld (0xceb3),0x00",2
UNI_ASSEMBLES_DIFF,stdi8,"ld (0xceb3),0x05",2
UNI_ASSEMBLES_DIFF,stdi8,"ld (0xceb4),0x00",2
UNI_ASSEMBLES_DIFF,stdi8,"ld (0xceb4),0x06",2
UNI_ASSEMBLES_DIFF,stdi8,"ld (0xceb4),0x16",2
UNI_ASSEMBLES_DIFF,stdi8,"ld (0xceb5),0x02",2
UNI_ASSEMBLES_DIFF,stdi8,"ld (0xceb6),0x00",2
UNI_ASSEMBLES_DIFF,stb_d8,"ld (0xceb6),A",2
UNI_ASSEMBLES_DIFF,stdi8,"ld (0xceb7),0x00",2
UNI_ASSEMBLES_DIFF,stb_d8,"ld (0xceb7),A",2
UNI_ASSEMBLES_DIFF,stb_d8,"ld (0xceb8),A",2
UNI_ASSEMBLES_DIFF,stb_d8,"ld (0xceb9),A",2
UNI_ASSEMBLES_DIFF,stb_d8,"ld (0xcec0),A",2
UNI_ASSEMBLES_DIFF,stb_d8,"ld (0xcec1),A",2
UNI_ASSEMBLES_DIFF,stb_d8,"ld (0xcec2),A",2
UNI_ASSEMBLES_DIFF,stb_d8,"ld (0xcec3),A",2
UNI_ASSEMBLES_DIFF,stb_d8,"ld (0xcec4),A",2
UNI_ASSEMBLES_DIFF,stb_d8,"ld (0xcec5),A",2
UNI_ASSEMBLES_DIFF,stb_d8,"ld (0xcec6),A",2
UNI_ASSEMBLES_DIFF,stb_d8,"ld (0xcede),A",2
UNI_ASSEMBLES_DIFF,stdi8,"ld (0xcedf),0x00",2
UNI_ASSEMBLES_DIFF,stb_d8,"ld (0xcedf),A",2
UNI_ASSEMBLES_DIFF,stdi8,"ld (0xcee0),0x00",2
UNI_ASSEMBLES_DIFF,stb_d8,"ld (0xcee0),A",2
UNI_ASSEMBLES_DIFF,stdi8,"ld (0xcee1),0x00",2
UNI_ASSEMBLES_DIFF,stb_d8,"ld (0xcee1),A",2
UNI_ASSEMBLES_DIFF,stda16,"ld (0xcefd),DE",2
UNI_ASSEMBLES_DIFF,stda16,"ld (0xceff),HL",2
UNI_ASSEMBLES_DIFF,stda16,"ld (0xceff),WA",2
UNI_ASSEMBLES_DIFF,stda16,"ld (0xcf01),WA",2
UNI_ASSEMBLES_DIFF,stda16,"ld (0xcfc8),IZ",2
UNI_ASSEMBLES_DIFF,stda16,"ld (0xcfca),IZ",2
UNI_ASSEMBLES_DIFF,stda16,"ld (0xcfcc),IZ",2
UNI_ASSEMBLES_DIFF,stda16,"ld (0xcfce),IZ",2
UNI_ASSEMBLES_DIFF,stb_d8,"ld (0xd09c),A",2
UNI_ASSEMBLES_DIFF,stb_d8,"ld (0xd09e),A",2
UNI_ASSEMBLES_DIFF,stda32,"ld (0xd150),XDE",2
UNI_ASSEMBLES_DIFF,stda16,"ld (0xd600),IZ",2
UNI_ASSEMBLES_DIFF,stda32,"ld (0xe0f7),XDE",2
UNI_ASSEMBLES_DIFF,stdi8,"ld (0xe13a),0x00",2
UNI_ASSEMBLES_DIFF,stdi8,"ld (0xe13b),0x01",2
UNI_ASSEMBLES_DIFF,stdi8,"ld (0xe144),0x01",2
UNI_ASSEMBLES_DIFF,stb_d8,"ld (0xe145),A",2
UNI_ASSEMBLES_DIFF,stda32,"ld (0xe14e),XWA",2
UNI_ASSEMBLES_DIFF,stda32,"ld (0xe193),XWA",2
UNI_ASSEMBLES_DIFF,stb_d8,"ld (0xe197),C",2
UNI_ASSEMBLES_DIFF,stdi8,"ld (0xe316),0x00",2
UNI_ASSEMBLES_DIFF,stdi8,"ld (0xe316),0xee",2
UNI_ASSEMBLES_DIFF,stb_d8,"ld (0xe316),A",2
UNI_ASSEMBLES_DIFF,stdi8,"ld (0xe318),0x00",2
UNI_ASSEMBLES_DIFF,stdi8,"ld (0xe318),0x40",2
UNI_ASSEMBLES_DIFF,stdi8,"ld (0xe31c),0x00",2
UNI_ASSEMBLES_DIFF,stdi8,"ld (0xe31e),0xff",2
UNI_ASSEMBLES_DIFF,stdi8,"ld (0xe320),0xff",2
UNI_ASSEMBLES_DIFF,stdi8,"ld (0xe351),0xff",2
UNI_ASSEMBLES_DIFF,stb_d8,"ld (0xe351),A",2
UNI_ASSEMBLES_DIFF,stdi8,"ld (0xe352),0xff",2
UNI_ASSEMBLES_DIFF,stb_d8,"ld (0xe352),A",2
UNI_ASSEMBLES_DIFF,stdi8,"ld (0xe353),0xff",2
UNI_ASSEMBLES_DIFF,stb_d8,"ld (0xe353),A",2
UNI_ASSEMBLES_DIFF,stdi8,"ld (0xe354),0xff",2
UNI_ASSEMBLES_DIFF,stb_d8,"ld (0xe354),A",2
UNI_ASSEMBLES_DIFF,stdi8,"ld (0xe356),0x01",2
UNI_ASSEMBLES_DIFF,stdi8,"ld (0xe357),0xff",2
UNI_ASSEMBLES_DIFF,stb_d8,"ld (0xe357),C",2
UNI_ASSEMBLES_DIFF,stdi8,"ld (0xe358),0xff",2
UNI_ASSEMBLES_DIFF,stb_d8,"ld (0xe358),C",2
UNI_ASSEMBLES_DIFF,stdi8,"ld (0xe359),0xff",2
UNI_ASSEMBLES_DIFF,stb_d8,"ld (0xe359),C",2
UNI_ASSEMBLES_DIFF,stdi8,"ld (0xe35a),0xff",2
UNI_ASSEMBLES_DIFF,stb_d8,"ld (0xe35a),C",2
UNI_ASSEMBLES_DIFF,stdi8,"ld (0xe35b),0xff",2
UNI_ASSEMBLES_DIFF,stb_d8,"ld (0xe35b),C",2
UNI_ASSEMBLES_DIFF,stdi8,"ld (0xe35c),0xff",2
UNI_ASSEMBLES_DIFF,stb_d8,"ld (0xe35c),A",2
UNI_ASSEMBLES_DIFF,stda16,"ld (0xe362),WA",2
UNI_ASSEMBLES_DIFF,stdi8,"ld (0xe372),0x00",2
UNI_ASSEMBLES_DIFF,stb_d8,"ld (0xe372),A",2
UNI_ASSEMBLES_DIFF,stdi8,"ld (0xe386),0x00",2
UNI_ASSEMBLES_DIFF,stdi8,"ld (0xe386),0x01",2
UNI_ASSEMBLES_DIFF,stdi8,"ld (0xe388),0x01",2
UNI_ASSEMBLES_DIFF,stdi8,"ld (0xe38a),0xff",2
UNI_ASSEMBLES_DIFF,stdi8,"ld (0xe38e),0x01",2
UNI_ASSEMBLES_DIFF,stda16,"ld (0xe3b8),WA",2
UNI_ASSEMBLES_DIFF,stdi8,"ld (0xe3dc),0xb5",2
UNI_ASSEMBLES_DIFF,stdi8,"ld (0xe3de),0x80",2
UNI_ASSEMBLES_DIFF,stb_d8,"ld (0xe3e4),A",2
UNI_ASSEMBLES_DIFF,stb_d8,"ld (0xe3e6),C",2
UNI_ASSEMBLES_DIFF,stdi8,"ld (0xe9bc),0x00",2
UNI_ASSEMBLES_DIFF,stdi8,"ld (0xe9bc),0x0a",2
UNI_ASSEMBLES_DIFF,stb_d8,"ld (0xe9bc),A",2
UNI_ASSEMBLES_DIFF,stb_d8,"ld (0xe9be),A",2
UNI_ASSEMBLES_DIFF,stb_d8,"ld (0xe9c0),A",2
UNI_ASSEMBLES_DIFF,stb_d8,"ld (0xe9c2),A",2
UNI_ASSEMBLES_DIFF,stdi8,"ld (0xe9c4),0x00",2
UNI_ASSEMBLES_DIFF,stdi8,"ld (0xe9e4),0x00",2
UNI_ASSEMBLES_DIFF,stdi8,"ld (0xe9e4),0x02",2
UNI_ASSEMBLES_DIFF,stdi8,"ld (0xe9e4),0x03",2
UNI_ASSEMBLES_DIFF,stb_d8,"ld (0xe9e4),A",2
UNI_ASSEMBLES_DIFF,stda32,"ld (0xe9eb),XIZ",2
UNI_ASSEMBLES_DIFF,stda16,"ld (0xe9ef),WA",2
UNI_ASSEMBLES_DIFF,stda16,"ld (0xe9f3),WA",2
UNI_ASSEMBLES_DIFF,stda32,"ld (0xe9f5),XWA",2
UNI_ASSEMBLES_DIFF,stda16,"ld (0xeaf9),WA",2
UNI_ASSEMBLES_DIFF,stda32,"ld (0xeb37),XWA",2
UNI_ASSEMBLES_DIFF,stda16,"ld (0xebfb),WA",2
UNI_ASSEMBLES_DIFF,stb_d8,"ld (0xec05),A",2
UNI_ASSEMBLES_DIFF,stda32,"ld (0xeff0),XWA",2
UNI_ASSEMBLES_DIFF,stdi8,"ld (0xf113),0xf1",2
UNI_ASSEMBLES_DIFF,stda16,"ld (0xf231),IZ",2
UNI_ASSEMBLES_DIFF,stdi8,"ld (0xf247),0x00",2
UNI_ASSEMBLES_DIFF,stib_d8,"ld (0xf8),0x0e",2
UNI_ASSEMBLES_DIFF,stb_d8,"ld (0xfc5d),A",2
UNI_ASSEMBLES_DIFF,stb_d8,"ld (0xfc61),A",2
UNI_ASSEMBLES_DIFF,stb_d8,"ld (0xfc74),L",2
UNI_ASSEMBLES_DIFF,stb_d8,"ld (0xfc8e),L",2
UNI_ASSEMBLES_DIFF,stb_d8,"ld (0xfda1),A",2
UNI_ASSEMBLES_DIFF,stb_d8,"ld (0xfdba),A",2
UNI_ASSEMBLES_DIFF,stb_d8,"ld (0xffa1),A",2
UNI_ASSEMBLES_DIFF,stb_d8,"ld (0xffbf),A",2
UNI_ASSEMBLES_DIFF,ldb_d8,"ld A,(0x0068)",2
UNI_ASSEMBLES_DIFF,ldb_d8,"ld A,(0x0423)",2
UNI_ASSEMBLES_DIFF,ldb_d8,"ld A,(0x0424)",2
UNI_ASSEMBLES_DIFF,ldb_d8,"ld A,(0x0454)",2
UNI_ASSEMBLES_DIFF,ldb_d8,"ld A,(0x0661)",2
UNI_ASSEMBLES_DIFF,ldb_d8,"ld A,(0x0710)",2
UNI_ASSEMBLES_DIFF,ldb_d8,"ld A,(0x0711)",2
UNI_ASSEMBLES_DIFF,ldb_d8,"ld A,(0x0893)",2
UNI_ASSEMBLES_DIFF,ldb_d8,"ld A,(0x0922)",2
UNI_ASSEMBLES_DIFF,ldb_d8,"ld A,(0x0c15)",2
UNI_ASSEMBLES_DIFF,ldb_d8,"ld A,(0x0c16)",2
UNI_ASSEMBLES_DIFF,ldb_d8,"ld A,(0x0c37)",2
UNI_ASSEMBLES_DIFF,ldb_d8,"ld A,(0x0c52)",2
UNI_ASSEMBLES_DIFF,ldb_d8,"ld A,(0x0c7f)",2
UNI_ASSEMBLES_DIFF,ldb_d8,"ld A,(0x0c96)",2
UNI_ASSEMBLES_DIFF,ldb_d8,"ld A,(0x0c9a)",2
UNI_ASSEMBLES_DIFF,ldb_d8,"ld A,(0x0c9c)",2
UNI_ASSEMBLES_DIFF,ldb_d8,"ld A,(0x0d1f)",2
UNI_ASSEMBLES_DIFF,ldb_d8,"ld A,(0x0d66)",2
UNI_ASSEMBLES_DIFF,ldb_d8,"ld A,(0x0dc0)",2
UNI_ASSEMBLES_DIFF,ldb_d8,"ld A,(0x0dd0)",2
UNI_ASSEMBLES_DIFF,ldb_d8,"ld A,(0x0dd1)",2
UNI_ASSEMBLES_DIFF,ldb_d8,"ld A,(0x0de5)",2
UNI_ASSEMBLES_DIFF,ldb_d8,"ld A,(0x0ded)",2
UNI_ASSEMBLES_DIFF,ldb_d8,"ld A,(0x0df0)",2
UNI_ASSEMBLES_DIFF,ldb_d8,"ld A,(0x0df6)",2
UNI_ASSEMBLES_DIFF,ldb_d8,"ld A,(0x0dfc)",2
UNI_ASSEMBLES_DIFF,ldb_d8,"ld A,(0x0e03)",2
UNI_ASSEMBLES_DIFF,ldb_d8,"ld A,(0x0e04)",2
UNI_ASSEMBLES_DIFF,ldb_d8,"ld A,(0x0e05)",2
UNI_ASSEMBLES_DIFF,ldb_d8,"ld A,(0x0e16)",2
UNI_ASSEMBLES_DIFF,ldb_d8,"ld A,(0x0e17)",2
UNI_ASSEMBLES_DIFF,ldb_d8,"ld A,(0x0e42)",2
UNI_ASSEMBLES_DIFF,ldb_d8,"ld A,(0x0ec0)",2
UNI_ASSEMBLES_DIFF,ldb_d8,"ld A,(0x0f65)",2
UNI_ASSEMBLES_DIFF,ldb_d8,"ld A,(0x0f70)",2
UNI_ASSEMBLES_DIFF,ldb_d8,"ld A,(0x1011)",2
UNI_ASSEMBLES_DIFF,ldb_d8,"ld A,(0x116e)",2
UNI_ASSEMBLES_DIFF,ldb_d8,"ld A,(0x1173)",2
UNI_ASSEMBLES_DIFF,ldb_d8,"ld A,(0x117e)",2
UNI_ASSEMBLES_DIFF,ldb_d8,"ld A,(0x12ae)",2
UNI_ASSEMBLES_DIFF,ldb_d8,"ld A,(0x12c0)",2
UNI_ASSEMBLES_DIFF,ldb_d8,"ld A,(0x12e7)",2
UNI_ASSEMBLES_DIFF,ldb_d8,"ld A,(0x12e8)",2
UNI_ASSEMBLES_DIFF,ldb_d8,"ld A,(0x137f)",2
UNI_ASSEMBLES_DIFF,ldb_d8,"ld A,(0x1952)",2
UNI_ASSEMBLES_DIFF,ld_sd8b,"ld A,(0x1e)",2
UNI_ASSEMBLES_DIFF,ld_sd8b,"ld A,(0x1f)",2
UNI_ASSEMBLES_DIFF,ldb_d8,"ld A,(0x2073)",2
UNI_ASSEMBLES_DIFF,ldb_d8,"ld A,(0x207b)",2
UNI_ASSEMBLES_DIFF,ldb_d8,"ld A,(0x2083)",2
UNI_ASSEMBLES_DIFF,ldb_d8,"ld A,(0x216c)",2
UNI_ASSEMBLES_DIFF,ldb_d8,"ld A,(0x216d)",2
UNI_ASSEMBLES_DIFF,ldb_d8,"ld A,(0x23cb)",2
UNI_ASSEMBLES_DIFF,ldb_d8,"ld A,(0x2559)",2
UNI_ASSEMBLES_DIFF,ldb_d8,"ld A,(0x2672)",2
UNI_ASSEMBLES_DIFF,ldb_d8,"ld A,(0x2675)",2
UNI_ASSEMBLES_DIFF,ldb_d8,"ld A,(0x2683)",2
UNI_ASSEMBLES_DIFF,ldb_d8,"ld A,(0x2765)",2
UNI_ASSEMBLES_DIFF,ldb_d8,"ld A,(0x27a3)",2
UNI_ASSEMBLES_DIFF,ldb_d8,"ld A,(0x27a6)",2
UNI_ASSEMBLES_DIFF,ldb_d8,"ld A,(0x2896)",2
UNI_ASSEMBLES_DIFF,ldb_d8,"ld A,(0x28a5)",2
UNI_ASSEMBLES_DIFF,ldb_d8,"ld A,(0x2957)",2
UNI_ASSEMBLES_DIFF,ldb_d8,"ld A,(0x2b38)",2
UNI_ASSEMBLES_DIFF,ldb_d8,"ld A,(0x31e4)",2
UNI_ASSEMBLES_DIFF,ldb_d8,"ld A,(0x31e9)",2
UNI_ASSEMBLES_DIFF,ldb_d8,"ld A,(0x3208)",2
UNI_ASSEMBLES_DIFF,ldb_d8,"ld A,(0x3209)",2
UNI_ASSEMBLES_DIFF,ldb_d8,"ld A,(0x320a)",2
UNI_ASSEMBLES_DIFF,ldb_d8,"ld A,(0x320b)",2
UNI_ASSEMBLES_DIFF,ldb_d8,"ld A,(0x320c)",2
UNI_ASSEMBLES_DIFF,ldb_d8,"ld A,(0x320f)",2
UNI_ASSEMBLES_DIFF,ldb_d8,"ld A,(0x3210)",2
UNI_ASSEMBLES_DIFF,ldb_d8,"ld A,(0x3211)",2
UNI_ASSEMBLES_DIFF,ldb_d8,"ld A,(0x3212)",2
UNI_ASSEMBLES_DIFF,ldb_d8,"ld A,(0x3213)",2
UNI_ASSEMBLES_DIFF,ldb_d8,"ld A,(0x3221)",2
UNI_ASSEMBLES_DIFF,ldb_d8,"ld A,(0x3223)",2
UNI_ASSEMBLES_DIFF,ldb_d8,"ld A,(0x3226)",2
UNI_ASSEMBLES_DIFF,ldb_d8,"ld A,(0x3243)",2
UNI_ASSEMBLES_DIFF,ldb_d8,"ld A,(0x324b)",2
UNI_ASSEMBLES_DIFF,ldb_d8,"ld A,(0x3277)",2
UNI_ASSEMBLES_DIFF,ldb_d8,"ld A,(0x327c)",2
UNI_ASSEMBLES_DIFF,ldb_d8,"ld A,(0x328b)",2
UNI_ASSEMBLES_DIFF,ldb_d8,"ld A,(0x3290)",2
UNI_ASSEMBLES_DIFF,ldb_d8,"ld A,(0x329c)",2
UNI_ASSEMBLES_DIFF,ldb_d8,"ld A,(0x32b1)",2
UNI_ASSEMBLES_DIFF,ldb_d8,"ld A,(0x32b5)",2
UNI_ASSEMBLES_DIFF,ldb_d8,"ld A,(0x32b6)",2
UNI_ASSEMBLES_DIFF,ldb_d8,"ld A,(0x32b7)",2
UNI_ASSEMBLES_DIFF,ldb_d8,"ld A,(0x32b8)",2
UNI_ASSEMBLES_DIFF,ldb_d8,"ld A,(0x32b9)",2
UNI_ASSEMBLES_DIFF,ldb_d8,"ld A,(0x32ba)",2
UNI_ASSEMBLES_DIFF,ldb_d8,"ld A,(0x32cb)",2
UNI_ASSEMBLES_DIFF,ldb_d8,"ld A,(0x32cd)",2
UNI_ASSEMBLES_DIFF,ldb_d8,"ld A,(0x32cf)",2
UNI_ASSEMBLES_DIFF,ldb_d8,"ld A,(0x32d7)",2
UNI_ASSEMBLES_DIFF,ldb_d8,"ld A,(0x32db)",2
UNI_ASSEMBLES_DIFF,ldb_d8,"ld A,(0x32dc)",2
UNI_ASSEMBLES_DIFF,ldb_d8,"ld A,(0x32dd)",2
UNI_ASSEMBLES_DIFF,ldb_d8,"ld A,(0x32de)",2
UNI_ASSEMBLES_DIFF,ldb_d8,"ld A,(0x32e4)",2
UNI_ASSEMBLES_DIFF,ldb_d8,"ld A,(0x32e6)",2
UNI_ASSEMBLES_DIFF,ldb_d8,"ld A,(0x32e8)",2
UNI_ASSEMBLES_DIFF,ldb_d8,"ld A,(0x32ec)",2
UNI_ASSEMBLES_DIFF,ldb_d8,"ld A,(0x32f1)",2
UNI_ASSEMBLES_DIFF,ldb_d8,"ld A,(0x32f4)",2
UNI_ASSEMBLES_DIFF,ldb_d8,"ld A,(0x32fb)",2
UNI_ASSEMBLES_DIFF,ldb_d8,"ld A,(0x32fd)",2
UNI_ASSEMBLES_DIFF,ldb_d8,"ld A,(0x3303)",2
UNI_ASSEMBLES_DIFF,ldb_d8,"ld A,(0x3310)",2
UNI_ASSEMBLES_DIFF,ldb_d8,"ld A,(0x3319)",2
UNI_ASSEMBLES_DIFF,ldb_d8,"ld A,(0x331a)",2
UNI_ASSEMBLES_DIFF,ldb_d8,"ld A,(0x331b)",2
UNI_ASSEMBLES_DIFF,ldb_d8,"ld A,(0x331c)",2
UNI_ASSEMBLES_DIFF,ldb_d8,"ld A,(0x331d)",2
UNI_ASSEMBLES_DIFF,ldb_d8,"ld A,(0x331e)",2
UNI_ASSEMBLES_DIFF,ldb_d8,"ld A,(0x331f)",2
UNI_ASSEMBLES_DIFF,ldb_d8,"ld A,(0x3328)",2
UNI_ASSEMBLES_DIFF,ldb_d8,"ld A,(0x3329)",2
UNI_ASSEMBLES_DIFF,ldb_d8,"ld A,(0x332a)",2
UNI_ASSEMBLES_DIFF,ldb_d8,"ld A,(0x332f)",2
UNI_ASSEMBLES_DIFF,ldb_d8,"ld A,(0x3330)",2
UNI_ASSEMBLES_DIFF,ldb_d8,"ld A,(0x3331)",2
UNI_ASSEMBLES_DIFF,ldb_d8,"ld A,(0x3332)",2
UNI_ASSEMBLES_DIFF,ldb_d8,"ld A,(0x3337)",2
UNI_ASSEMBLES_DIFF,ldb_d8,"ld A,(0x333a)",2
UNI_ASSEMBLES_DIFF,ldb_d8,"ld A,(0x333c)",2
UNI_ASSEMBLES_DIFF,ldb_d8,"ld A,(0x335c)",2
UNI_ASSEMBLES_DIFF,ldb_d8,"ld A,(0x335d)",2
UNI_ASSEMBLES_DIFF,ldb_d8,"ld A,(0x3364)",2
UNI_ASSEMBLES_DIFF,ldb_d8,"ld A,(0x3366)",2
UNI_ASSEMBLES_DIFF,ldb_d8,"ld A,(0x3377)",2
UNI_ASSEMBLES_DIFF,ldb_d8,"ld A,(0x3385)",2
UNI_ASSEMBLES_DIFF,ldb_d8,"ld A,(0x3388)",2
UNI_ASSEMBLES_DIFF,ldb_d8,"ld A,(0x3389)",2
UNI_ASSEMBLES_DIFF,ldb_d8,"ld A,(0x338a)",2
UNI_ASSEMBLES_DIFF,ldb_d8,"ld A,(0x338c)",2
UNI_ASSEMBLES_DIFF,ldb_d8,"ld A,(0x338f)",2
UNI_ASSEMBLES_DIFF,ldb_d8,"ld A,(0x3397)",2
UNI_ASSEMBLES_DIFF,ldb_d8,"ld A,(0x339c)",2
UNI_ASSEMBLES_DIFF,ldb_d8,"ld A,(0x33d1)",2
UNI_ASSEMBLES_DIFF,ldb_d8,"ld A,(0x33e3)",2
UNI_ASSEMBLES_DIFF,ldb_d8,"ld A,(0x33e6)",2
UNI_ASSEMBLES_DIFF,ldb_d8,"ld A,(0x33eb)",2
UNI_ASSEMBLES_DIFF,ldb_d8,"ld A,(0x3423)",2
UNI_ASSEMBLES_DIFF,ldb_d8,"ld A,(0x3434)",2
UNI_ASSEMBLES_DIFF,ldb_d8,"ld A,(0x3436)",2
UNI_ASSEMBLES_DIFF,ldb_d8,"ld A,(0x3437)",2
UNI_ASSEMBLES_DIFF,ldb_d8,"ld A,(0x3439)",2
UNI_ASSEMBLES_DIFF,ldb_d8,"ld A,(0x343f)",2
UNI_ASSEMBLES_DIFF,ldb_d8,"ld A,(0x3452)",2
UNI_ASSEMBLES_DIFF,ldb_d8,"ld A,(0x3455)",2
UNI_ASSEMBLES_DIFF,ldb_d8,"ld A,(0x345f)",2
UNI_ASSEMBLES_DIFF,ldb_d8,"ld A,(0x346e)",2
UNI_ASSEMBLES_DIFF,ldb_d8,"ld A,(0x3475)",2
UNI_ASSEMBLES_DIFF,ldb_d8,"ld A,(0x3476)",2
UNI_ASSEMBLES_DIFF,ldb_d8,"ld A,(0x3479)",2
UNI_ASSEMBLES_DIFF,ldb_d8,"ld A,(0x347d)",2
UNI_ASSEMBLES_DIFF,ldb_d8,"ld A,(0x3488)",2
UNI_ASSEMBLES_DIFF,ldb_d8,"ld A,(0x34a7)",2
UNI_ASSEMBLES_DIFF,ldb_d8,"ld A,(0x34a9)",2
UNI_ASSEMBLES_DIFF,ldb_d8,"ld A,(0x34bc)",2
UNI_ASSEMBLES_DIFF,ldb_d8,"ld A,(0x34ce)",2
UNI_ASSEMBLES_DIFF,ldb_d8,"ld A,(0x34dc)",2
UNI_ASSEMBLES_DIFF,ldb_d8,"ld A,(0x34ea)",2
UNI_ASSEMBLES_DIFF,ldb_d8,"ld A,(0x34ec)",2
UNI_ASSEMBLES_DIFF,ldb_d8,"ld A,(0x34fd)",2
UNI_ASSEMBLES_DIFF,ldb_d8,"ld A,(0x350e)",2
UNI_ASSEMBLES_DIFF,ldb_d8,"ld A,(0x3510)",2
UNI_ASSEMBLES_DIFF,ldb_d8,"ld A,(0x3517)",2
UNI_ASSEMBLES_DIFF,ldb_d8,"ld A,(0x3518)",2
UNI_ASSEMBLES_DIFF,ldb_d8,"ld A,(0x351c)",2
UNI_ASSEMBLES_DIFF,ldb_d8,"ld A,(0x3523)",2
UNI_ASSEMBLES_DIFF,ldb_d8,"ld A,(0x352b)",2
UNI_ASSEMBLES_DIFF,ldb_d8,"ld A,(0x352c)",2
UNI_ASSEMBLES_DIFF,ldb_d8,"ld A,(0x353e)",2
UNI_ASSEMBLES_DIFF,ldb_d8,"ld A,(0x3540)",2
UNI_ASSEMBLES_DIFF,ldb_d8,"ld A,(0x3560)",2
UNI_ASSEMBLES_DIFF,ldb_d8,"ld A,(0x35f9)",2
UNI_ASSEMBLES_DIFF,ldb_d8,"ld A,(0x35fa)",2
UNI_ASSEMBLES_DIFF,ldb_d8,"ld A,(0x3600)",2
UNI_ASSEMBLES_DIFF,ldb_d8,"ld A,(0x3617)",2
UNI_ASSEMBLES_DIFF,ldb_d8,"ld A,(0x3618)",2
UNI_ASSEMBLES_DIFF,ldb_d8,"ld A,(0x3619)",2
UNI_ASSEMBLES_DIFF,ldb_d8,"ld A,(0x361a)",2
UNI_ASSEMBLES_DIFF,ldb_d8,"ld A,(0x361b)",2
UNI_ASSEMBLES_DIFF,ldb_d8,"ld A,(0x361c)",2
UNI_ASSEMBLES_DIFF,ldb_d8,"ld A,(0x364f)",2
UNI_ASSEMBLES_DIFF,ldb_d8,"ld A,(0x366a)",2
UNI_ASSEMBLES_DIFF,ldb_d8,"ld A,(0x3678)",2
UNI_ASSEMBLES_DIFF,ldb_d8,"ld A,(0x367a)",2
UNI_ASSEMBLES_DIFF,ldb_d8,"ld A,(0x368c)",2
UNI_ASSEMBLES_DIFF,ldb_d8,"ld A,(0x36ed)",2
UNI_ASSEMBLES_DIFF,ldb_d8,"ld A,(0x36f0)",2
UNI_ASSEMBLES_DIFF,ldb_d8,"ld A,(0x36f1)",2
UNI_ASSEMBLES_DIFF,ldb_d8,"ld A,(0x36f7)",2
UNI_ASSEMBLES_DIFF,ldb_d8,"ld A,(0x3714)",2
UNI_ASSEMBLES_DIFF,ldb_d8,"ld A,(0x3715)",2
UNI_ASSEMBLES_DIFF,ldb_d8,"ld A,(0x371a)",2
UNI_ASSEMBLES_DIFF,ldb_d8,"ld A,(0x3720)",2
UNI_ASSEMBLES_DIFF,ldb_d8,"ld A,(0x3722)",2
UNI_ASSEMBLES_DIFF,ldb_d8,"ld A,(0x3734)",2
UNI_ASSEMBLES_DIFF,ldb_d8,"ld A,(0x3756)",2
UNI_ASSEMBLES_DIFF,ldb_d8,"ld A,(0x3834)",2
UNI_ASSEMBLES_DIFF,ldb_d8,"ld A,(0x38f2)",2
UNI_ASSEMBLES_DIFF,ldb_d8,"ld A,(0x38f4)",2
UNI_ASSEMBLES_DIFF,ldb_d8,"ld A,(0x38f5)",2
UNI_ASSEMBLES_DIFF,ldb_d8,"ld A,(0x38f6)",2
UNI_ASSEMBLES_DIFF,ldb_d8,"ld A,(0x38f7)",2
UNI_ASSEMBLES_DIFF,ldb_d8,"ld A,(0x38f8)",2
UNI_ASSEMBLES_DIFF,ldb_d8,"ld A,(0x3908)",2
UNI_ASSEMBLES_DIFF,ldb_d8,"ld A,(0x3909)",2
UNI_ASSEMBLES_DIFF,ldb_d8,"ld A,(0x390a)",2
UNI_ASSEMBLES_DIFF,ldb_d8,"ld A,(0x391b)",2
UNI_ASSEMBLES_DIFF,ldb_d8,"ld A,(0x3950)",2
UNI_ASSEMBLES_DIFF,ldb_d8,"ld A,(0x3996)",2
UNI_ASSEMBLES_DIFF,ldb_d8,"ld A,(0x3998)",2
UNI_ASSEMBLES_DIFF,ldb_d8,"ld A,(0x39ab)",2
UNI_ASSEMBLES_DIFF,ldb_d8,"ld A,(0x39b8)",2
UNI_ASSEMBLES_DIFF,ldb_d8,"ld A,(0x39e2)",2
UNI_ASSEMBLES_DIFF,ldb_d8,"ld A,(0x39e4)",2
UNI_ASSEMBLES_DIFF,ldb_d8,"ld A,(0x3a77)",2
UNI_ASSEMBLES_DIFF,ldb_d8,"ld A,(0x3c6a)",2
UNI_ASSEMBLES_DIFF,ld_sd8b,"ld A,(0x50)",2
UNI_ASSEMBLES_DIFF,ld_sd8b,"ld A,(0x54)",2
UNI_ASSEMBLES_DIFF,ldb_d8,"ld A,(0x7634)",2
UNI_ASSEMBLES_DIFF,ldb_d8,"ld A,(0x7642)",2
UNI_ASSEMBLES_DIFF,ldb_d8,"ld A,(0x7662)",2
UNI_ASSEMBLES_DIFF,ldb_d8,"ld A,(0x7682)",2
UNI_ASSEMBLES_DIFF,ldb_d8,"ld A,(0x76a7)",2
UNI_ASSEMBLES_DIFF,ldb_d8,"ld A,(0x76a8)",2
UNI_ASSEMBLES_DIFF,ldb_d8,"ld A,(0x76a9)",2
UNI_ASSEMBLES_DIFF,ldb_d8,"ld A,(0x76c5)",2
UNI_ASSEMBLES_DIFF,ldb_d8,"ld A,(0x76c6)",2
UNI_ASSEMBLES_DIFF,ldb_d8,"ld A,(0x7db9)",2
UNI_ASSEMBLES_DIFF,ldb_d8,"ld A,(0x7dbd)",2
UNI_ASSEMBLES_DIFF,ldb_d8,"ld A,(0x7dbe)",2
UNI_ASSEMBLES_DIFF,ldb_d8,"ld A,(0x7dbf)",2
UNI_ASSEMBLES_DIFF,ldb_d8,"ld A,(0x7dd1)",2
UNI_ASSEMBLES_DIFF,ldb_d8,"ld A,(0x7dfd)",2
UNI_ASSEMBLES_DIFF,ldb_d8,"ld A,(0x7e08)",2
UNI_ASSEMBLES_DIFF,ldb_d8,"ld A,(0x7e09)",2
UNI_ASSEMBLES_DIFF,ldb_d8,"ld A,(0x7e0c)",2
UNI_ASSEMBLES_DIFF,ldb_d8,"ld A,(0x7e0e)",2
UNI_ASSEMBLES_DIFF,ldb_d8,"ld A,(0x7e1f)",2
UNI_ASSEMBLES_DIFF,ldb_d8,"ld A,(0x7e62)",2
UNI_ASSEMBLES_DIFF,ldb_d8,"ld A,(0x7ec0)",2
UNI_ASSEMBLES_DIFF,ldb_d8,"ld A,(0x7ec2)",2
UNI_ASSEMBLES_DIFF,ldb_d8,"ld A,(0x7ece)",2
UNI_ASSEMBLES_DIFF,ldb_d8,"ld A,(0x7ed2)",2
UNI_ASSEMBLES_DIFF,ldb_d8,"ld A,(0x7ee4)",2
UNI_ASSEMBLES_DIFF,ldb_d8,"ld A,(0x7f27)",2
UNI_ASSEMBLES_DIFF,ldb_d8,"ld A,(0x7f3e)",2
UNI_ASSEMBLES_DIFF,ldb_d8,"ld A,(0x7f4a)",2
UNI_ASSEMBLES_DIFF,ldb_d8,"ld A,(0x7f68)",2
UNI_ASSEMBLES_DIFF,ldb_d8,"ld A,(0x7fc2)",2
UNI_ASSEMBLES_DIFF,ldb_d8,"ld A,(0x7fee)",2
UNI_ASSEMBLES_DIFF,ldb_d8,"ld A,(0x843a)",2
UNI_ASSEMBLES_DIFF,ldb_d8,"ld A,(0x8800)",2
UNI_ASSEMBLES_DIFF,ldb_d8,"ld A,(0x8922)",2
UNI_ASSEMBLES_DIFF,ldb_d8,"ld A,(0x893c)",2
UNI_ASSEMBLES_DIFF,ldb_d8,"ld A,(0x8946)",2
UNI_ASSEMBLES_DIFF,ldb_d8,"ld A,(0x8966)",2
UNI_ASSEMBLES_DIFF,ldb_d8,"ld A,(0x896c)",2
UNI_ASSEMBLES_DIFF,ldb_d8,"ld A,(0x8a06)",2
UNI_ASSEMBLES_DIFF,ldb_d8,"ld A,(0x8a2a)",2
UNI_ASSEMBLES_DIFF,ldb_d8,"ld A,(0x8a2f)",2
UNI_ASSEMBLES_DIFF,ldb_d8,"ld A,(0x8a30)",2
UNI_ASSEMBLES_DIFF,ldb_d8,"ld A,(0x8a31)",2
UNI_ASSEMBLES_DIFF,ldb_d8,"ld A,(0x8a32)",2
UNI_ASSEMBLES_DIFF,ldb_d8,"ld A,(0x8a33)",2
UNI_ASSEMBLES_DIFF,ldb_d8,"ld A,(0x8a34)",2
UNI_ASSEMBLES_DIFF,ldb_d8,"ld A,(0x8a35)",2
UNI_ASSEMBLES_DIFF,ldb_d8,"ld A,(0x8a37)",2
UNI_ASSEMBLES_DIFF,ldb_d8,"ld A,(0x8a38)",2
UNI_ASSEMBLES_DIFF,ldb_d8,"ld A,(0x8a39)",2
UNI_ASSEMBLES_DIFF,ldb_d8,"ld A,(0x8a3a)",2
UNI_ASSEMBLES_DIFF,ld_sd8b,"ld A,(0x8c)",2
UNI_ASSEMBLES_DIFF,ldb_d8,"ld A,(0x8caa)",2
UNI_ASSEMBLES_DIFF,ldb_d8,"ld A,(0x8ce0)",2
UNI_ASSEMBLES_DIFF,ldb_d8,"ld A,(0x8d39)",2
UNI_ASSEMBLES_DIFF,ldb_d8,"ld A,(0x8d3c)",2
UNI_ASSEMBLES_DIFF,ldb_d8,"ld A,(0x8d4e)",2
UNI_ASSEMBLES_DIFF,ldb_d8,"ld A,(0x8d54)",2
UNI_ASSEMBLES_DIFF,ldb_d8,"ld A,(0x8d5c)",2
UNI_ASSEMBLES_DIFF,ldb_d8,"ld A,(0x8d5e)",2
UNI_ASSEMBLES_DIFF,ldb_d8,"ld A,(0x8d80)",2
UNI_ASSEMBLES_DIFF,ldb_d8,"ld A,(0x8d86)",2
UNI_ASSEMBLES_DIFF,ldb_d8,"ld A,(0x8d88)",2
UNI_ASSEMBLES_DIFF,ldb_d8,"ld A,(0x8d93)",2
UNI_ASSEMBLES_DIFF,ldb_d8,"ld A,(0x8d96)",2
UNI_ASSEMBLES_DIFF,ldb_d8,"ld A,(0x8e44)",2
UNI_ASSEMBLES_DIFF,ldb_d8,"ld A,(0x8e55)",2
UNI_ASSEMBLES_DIFF,ldb_d8,"ld A,(0x8e6a)",2
UNI_ASSEMBLES_DIFF,ldb_d8,"ld A,(0x8e8e)",2
UNI_ASSEMBLES_DIFF,ldb_d8,"ld A,(0x8edc)",2
UNI_ASSEMBLES_DIFF,ldb_d8,"ld A,(0x8ee2)",2
UNI_ASSEMBLES_DIFF,ldb_d8,"ld A,(0x8ee8)",2
UNI_ASSEMBLES_DIFF,ldb_d8,"ld A,(0x8eea)",2
UNI_ASSEMBLES_DIFF,ldb_d8,"ld A,(0x8f4a)",2
UNI_ASSEMBLES_DIFF,ldb_d8,"ld A,(0x8f4e)",2
UNI_ASSEMBLES_DIFF,ldb_d8,"ld A,(0x8f50)",2
UNI_ASSEMBLES_DIFF,ldb_d8,"ld A,(0x8f52)",2
UNI_ASSEMBLES_DIFF,ldb_d8,"ld A,(0x8f54)",2
UNI_ASSEMBLES_DIFF,ldb_d8,"ld A,(0x8f56)",2
UNI_ASSEMBLES_DIFF,ldb_d8,"ld A,(0x8f58)",2
UNI_ASSEMBLES_DIFF,ldb_d8,"ld A,(0x905d)",2
UNI_ASSEMBLES_DIFF,ldb_d8,"ld A,(0x90bf)",2
UNI_ASSEMBLES_DIFF,ldb_d8,"ld A,(0x90ed)",2
UNI_ASSEMBLES_DIFF,ldb_d8,"ld A,(0x90f6)",2
UNI_ASSEMBLES_DIFF,ldb_d8,"ld A,(0x911a)",2
UNI_ASSEMBLES_DIFF,ldb_d8,"ld A,(0x911b)",2
UNI_ASSEMBLES_DIFF,ldb_d8,"ld A,(0x912c)",2
UNI_ASSEMBLES_DIFF,ldb_d8,"ld A,(0x91b5)",2
UNI_ASSEMBLES_DIFF,ldb_d8,"ld A,(0x91b9)",2
UNI_ASSEMBLES_DIFF,ldb_d8,"ld A,(0x91bb)",2
UNI_ASSEMBLES_DIFF,ldb_d8,"ld A,(0x91c0)",2
UNI_ASSEMBLES_DIFF,ldb_d8,"ld A,(0x91ca)",2
UNI_ASSEMBLES_DIFF,ldb_d8,"ld A,(0x9635)",2
UNI_ASSEMBLES_DIFF,ldb_d8,"ld A,(0x9657)",2
UNI_ASSEMBLES_DIFF,ld_sd8b,"ld A,(0x9e)",2
UNI_ASSEMBLES_DIFF,ld_sd8b,"ld A,(0xa0)",2
UNI_ASSEMBLES_DIFF,ld_sd8b,"ld A,(0xa1)",2
UNI_ASSEMBLES_DIFF,ldb_d8,"ld A,(0xb7dc)",2
UNI_ASSEMBLES_DIFF,ldb_d8,"ld A,(0xb7df)",2
UNI_ASSEMBLES_DIFF,ldb_d8,"ld A,(0xb7e0)",2
UNI_ASSEMBLES_DIFF,ldb_d8,"ld A,(0xb7ee)",2
UNI_ASSEMBLES_DIFF,ldb_d8,"ld A,(0xbc9a)",2
UNI_ASSEMBLES_DIFF,ldb_d8,"ld A,(0xbd04)",2
UNI_ASSEMBLES_DIFF,ldb_d8,"ld A,(0xbd08)",2
UNI_ASSEMBLES_DIFF,ldb_d8,"ld A,(0xc148)",2
UNI_ASSEMBLES_DIFF,ldb_d8,"ld A,(0xc1f0)",2
UNI_ASSEMBLES_DIFF,ldb_d8,"ld A,(0xc1f2)",2
UNI_ASSEMBLES_DIFF,ldb_d8,"ld A,(0xc1f4)",2
UNI_ASSEMBLES_DIFF,ldb_d8,"ld A,(0xc1ff)",2
UNI_ASSEMBLES_DIFF,ldb_d8,"ld A,(0xc222)",2
UNI_ASSEMBLES_DIFF,ldb_d8,"ld A,(0xc2ca)",2
UNI_ASSEMBLES_DIFF,ldb_d8,"ld A,(0xc2d3)",2
UNI_ASSEMBLES_DIFF,ldb_d8,"ld A,(0xc434)",2
UNI_ASSEMBLES_DIFF,ldb_d8,"ld A,(0xc435)",2
UNI_ASSEMBLES_DIFF,ldb_d8,"ld A,(0xc5a8)",2
UNI_ASSEMBLES_DIFF,ldb_d8,"ld A,(0xcd44)",2
UNI_ASSEMBLES_DIFF,ldb_d8,"ld A,(0xce44)",2
UNI_ASSEMBLES_DIFF,ldb_d8,"ld A,(0xceab)",2
UNI_ASSEMBLES_DIFF,ldb_d8,"ld A,(0xcec0)",2
UNI_ASSEMBLES_DIFF,ldb_d8,"ld A,(0xcec1)",2
UNI_ASSEMBLES_DIFF,ldb_d8,"ld A,(0xcec2)",2
UNI_ASSEMBLES_DIFF,ldb_d8,"ld A,(0xcec3)",2
UNI_ASSEMBLES_DIFF,ldb_d8,"ld A,(0xcec4)",2
UNI_ASSEMBLES_DIFF,ldb_d8,"ld A,(0xcec5)",2
UNI_ASSEMBLES_DIFF,ldb_d8,"ld A,(0xcec6)",2
UNI_ASSEMBLES_DIFF,ldb_d8,"ld A,(0xd09c)",2
UNI_ASSEMBLES_DIFF,ldb_d8,"ld A,(0xd09e)",2
UNI_ASSEMBLES_DIFF,ldb_d8,"ld A,(0xe197)",2
UNI_ASSEMBLES_DIFF,ldb_d8,"ld A,(0xe354)",2
UNI_ASSEMBLES_DIFF,ldb_d8,"ld A,(0xe356)",2
UNI_ASSEMBLES_DIFF,ldb_d8,"ld A,(0xe357)",2
UNI_ASSEMBLES_DIFF,ldb_d8,"ld A,(0xe358)",2
UNI_ASSEMBLES_DIFF,ldb_d8,"ld A,(0xe359)",2
UNI_ASSEMBLES_DIFF,ldb_d8,"ld A,(0xe35a)",2
UNI_ASSEMBLES_DIFF,ldb_d8,"ld A,(0xe372)",2
UNI_ASSEMBLES_DIFF,ldb_d8,"ld A,(0xe829)",2
UNI_ASSEMBLES_DIFF,ldb_d8,"ld A,(0xe92f)",2
UNI_ASSEMBLES_DIFF,ldb_d8,"ld A,(0xe9b1)",2
UNI_ASSEMBLES_DIFF,ldb_d8,"ld A,(0xe9bc)",2
UNI_ASSEMBLES_DIFF,ldb_d8,"ld A,(0xec05)",2
UNI_ASSEMBLES_DIFF,ldb_d8,"ld A,(0xec10)",2
UNI_ASSEMBLES_DIFF,ldb_d8,"ld A,(0xf247)",2
UNI_ASSEMBLES_DIFF,ldb_d8,"ld A,(0xfc67)",2
UNI_ASSEMBLES_DIFF,ldb_d8,"ld A,(0xfcc1)",2
UNI_ASSEMBLES_DIFF,ldb_d8,"ld A,(0xfcf5)",2
UNI_ASSEMBLES_DIFF,ldb_d8,"ld A,(0xfd03)",2
UNI_ASSEMBLES_DIFF,ldb_d8,"ld A,(0xfd04)",2
UNI_ASSEMBLES_DIFF,ldb_d8,"ld A,(0xfd1e)",2
UNI_ASSEMBLES_DIFF,ldb_d8,"ld A,(0xfd1f)",2
UNI_ASSEMBLES_DIFF,ldb_d8,"ld A,(0xfd21)",2
UNI_ASSEMBLES_DIFF,ldb_d8,"ld A,(0xfd22)",2
UNI_ASSEMBLES_DIFF,ldb_d8,"ld A,(0xfd23)",2
UNI_ASSEMBLES_DIFF,ldb_d8,"ld A,(0xfd24)",2
UNI_ASSEMBLES_DIFF,ldb_d8,"ld A,(0xfd25)",2
UNI_ASSEMBLES_DIFF,ldb_d8,"ld A,(0xfd26)",2
UNI_ASSEMBLES_DIFF,ldb_d8,"ld A,(0xfd27)",2
UNI_ASSEMBLES_DIFF,ldb_d8,"ld A,(0xfd28)",2
UNI_ASSEMBLES_DIFF,ldb_d8,"ld A,(0xfd29)",2
UNI_ASSEMBLES_DIFF,ldb_d8,"ld B,(0x08e8)",2
UNI_ASSEMBLES_DIFF,ldb_d8,"ld B,(0x08ea)",2
UNI_ASSEMBLES_DIFF,ldb_d8,"ld B,(0x0d1c)",2
UNI_ASSEMBLES_DIFF,ldb_d8,"ld B,(0x343b)",2
UNI_ASSEMBLES_DIFF,ldb_d8,"ld B,(0x343d)",2
UNI_ASSEMBLES_DIFF,ldb_d8,"ld B,(0x349f)",2
UNI_ASSEMBLES_DIFF,ldb_d8,"ld B,(0x3558)",2
UNI_ASSEMBLES_DIFF,ldb_d8,"ld B,(0x7e46)",2
UNI_ASSEMBLES_DIFF,ldb_d8,"ld B,(0x917f)",2
UNI_ASSEMBLES_DIFF,ldb_d8,"ld B,(0xcef1)",2
UNI_ASSEMBLES_DIFF,ldb_d8,"ld B,(0xfd50)",2
UNI_ASSEMBLES_DIFF,ldw_d16,"ld BC,(0x0c4a)",2
UNI_ASSEMBLES_DIFF,ldw_d16,"ld BC,(0x0c67)",2
UNI_ASSEMBLES_DIFF,ldw_d16,"ld BC,(0x0c73)",2
UNI_ASSEMBLES_DIFF,ldw_d16,"ld BC,(0x0c75)",2
UNI_ASSEMBLES_DIFF,ldw_d16,"ld BC,(0x1503)",2
UNI_ASSEMBLES_DIFF,ldw_d16,"ld BC,(0x151f)",2
UNI_ASSEMBLES_DIFF,ldw_d16,"ld BC,(0x232c)",2
UNI_ASSEMBLES_DIFF,ldw_d16,"ld BC,(0x2691)",2
UNI_ASSEMBLES_DIFF,ldw_d16,"ld BC,(0x2695)",2
UNI_ASSEMBLES_DIFF,ldw_d16,"ld BC,(0x2725)",2
UNI_ASSEMBLES_DIFF,ldw_d16,"ld BC,(0x272e)",2
UNI_ASSEMBLES_DIFF,ldw_d16,"ld BC,(0x2769)",2
UNI_ASSEMBLES_DIFF,ldw_d16,"ld BC,(0x2870)",2
UNI_ASSEMBLES_DIFF,ldw_d16,"ld BC,(0x2901)",2
UNI_ASSEMBLES_DIFF,ldw_d16,"ld BC,(0x343d)",2
UNI_ASSEMBLES_DIFF,ldw_d16,"ld BC,(0x3454)",2
UNI_ASSEMBLES_DIFF,ldw_d16,"ld BC,(0x3494)",2
UNI_ASSEMBLES_DIFF,ldw_d16,"ld BC,(0x34d4)",2
UNI_ASSEMBLES_DIFF,ldw_d16,"ld BC,(0x3520)",2
UNI_ASSEMBLES_DIFF,ldw_d16,"ld BC,(0x35c2)",2
UNI_ASSEMBLES_DIFF,ldw_d16,"ld BC,(0x3606)",2
UNI_ASSEMBLES_DIFF,ldw_d16,"ld BC,(0x360e)",2
UNI_ASSEMBLES_DIFF,ldw_d16,"ld BC,(0x3612)",2
UNI_ASSEMBLES_DIFF,ldw_d16,"ld BC,(0x3624)",2
UNI_ASSEMBLES_DIFF,ldw_d16,"ld BC,(0x3660)",2
UNI_ASSEMBLES_DIFF,ldw_d16,"ld BC,(0x38d8)",2
UNI_ASSEMBLES_DIFF,ldw_d16,"ld BC,(0x38ee)",2
UNI_ASSEMBLES_DIFF,ldw_d16,"ld BC,(0x38f0)",2
UNI_ASSEMBLES_DIFF,ldw_d16,"ld BC,(0x3982)",2
UNI_ASSEMBLES_DIFF,ldw_d16,"ld BC,(0x3984)",2
UNI_ASSEMBLES_DIFF,ldw_d16,"ld BC,(0x3b1c)",2
UNI_ASSEMBLES_DIFF,ldw_d16,"ld BC,(0x48d8)",2
UNI_ASSEMBLES_DIFF,ldw_d16,"ld BC,(0x8110)",2
UNI_ASSEMBLES_DIFF,ldw_d16,"ld BC,(0x823c)",2
UNI_ASSEMBLES_DIFF,ldw_d16,"ld BC,(0x8442)",2
UNI_ASSEMBLES_DIFF,ldw_d16,"ld BC,(0x84a2)",2
UNI_ASSEMBLES_DIFF,ldw_d16,"ld BC,(0x8504)",2
UNI_ASSEMBLES_DIFF,ldw_d16,"ld BC,(0x89f6)",2
UNI_ASSEMBLES_DIFF,ldw_d16,"ld BC,(0x8cba)",2
UNI_ASSEMBLES_DIFF,ldw_d16,"ld BC,(0x9042)",2
UNI_ASSEMBLES_DIFF,ldw_d16,"ld BC,(0x911b)",2
UNI_ASSEMBLES_DIFF,ldw_d16,"ld BC,(0x917e)",2
UNI_ASSEMBLES_DIFF,ldw_d16,"ld BC,(0xc598)",2
UNI_ASSEMBLES_DIFF,ldw_d16,"ld BC,(0xd0a8)",2
UNI_ASSEMBLES_DIFF,ldw_d16,"ld BC,(0xd8ae)",2
UNI_ASSEMBLES_DIFF,ldw_d16,"ld BC,(0xe0b4)",2
UNI_ASSEMBLES_DIFF,ldw_d16,"ld BC,(0xe9e5)",2
UNI_ASSEMBLES_DIFF,ldb_d8,"ld C,(0x08ea)",2
UNI_ASSEMBLES_DIFF,ldb_d8,"ld C,(0x091f)",2
UNI_ASSEMBLES_DIFF,ldb_d8,"ld C,(0x0922)",2
UNI_ASSEMBLES_DIFF,ldb_d8,"ld C,(0x0c03)",2
UNI_ASSEMBLES_DIFF,ldb_d8,"ld C,(0x0c70)",2
UNI_ASSEMBLES_DIFF,ldb_d8,"ld C,(0x0c8e)",2
UNI_ASSEMBLES_DIFF,ldb_d8,"ld C,(0x0e0f)",2
UNI_ASSEMBLES_DIFF,ldb_d8,"ld C,(0x0e19)",2
UNI_ASSEMBLES_DIFF,ldb_d8,"ld C,(0x0e49)",2
UNI_ASSEMBLES_DIFF,ldb_d8,"ld C,(0x0ec2)",2
UNI_ASSEMBLES_DIFF,ldb_d8,"ld C,(0x0f52)",2
UNI_ASSEMBLES_DIFF,ldb_d8,"ld C,(0x0f70)",2
UNI_ASSEMBLES_DIFF,ldb_d8,"ld C,(0x1008)",2
UNI_ASSEMBLES_DIFF,ldb_d8,"ld C,(0x10f3)",2
UNI_ASSEMBLES_DIFF,ldb_d8,"ld C,(0x117e)",2
UNI_ASSEMBLES_DIFF,ldb_d8,"ld C,(0x1195)",2
UNI_ASSEMBLES_DIFF,ldb_d8,"ld C,(0x20b8)",2
UNI_ASSEMBLES_DIFF,ldb_d8,"ld C,(0x230a)",2
UNI_ASSEMBLES_DIFF,ldb_d8,"ld C,(0x230c)",2
UNI_ASSEMBLES_DIFF,ldb_d8,"ld C,(0x2332)",2
UNI_ASSEMBLES_DIFF,ldb_d8,"ld C,(0x24f1)",2
UNI_ASSEMBLES_DIFF,ldb_d8,"ld C,(0x2641)",2
UNI_ASSEMBLES_DIFF,ldb_d8,"ld C,(0x2690)",2
UNI_ASSEMBLES_DIFF,ldb_d8,"ld C,(0x2727)",2
UNI_ASSEMBLES_DIFF,ldb_d8,"ld C,(0x2747)",2
UNI_ASSEMBLES_DIFF,ldb_d8,"ld C,(0x27b6)",2
UNI_ASSEMBLES_DIFF,ldb_d8,"ld C,(0x28d1)",2
UNI_ASSEMBLES_DIFF,ldb_d8,"ld C,(0x32ff)",2
UNI_ASSEMBLES_DIFF,ldb_d8,"ld C,(0x330b)",2
UNI_ASSEMBLES_DIFF,ldb_d8,"ld C,(0x3315)",2
UNI_ASSEMBLES_DIFF,ldb_d8,"ld C,(0x3421)",2
UNI_ASSEMBLES_DIFF,ldb_d8,"ld C,(0x343a)",2
UNI_ASSEMBLES_DIFF,ldb_d8,"ld C,(0x3454)",2
UNI_ASSEMBLES_DIFF,ldb_d8,"ld C,(0x34a0)",2
UNI_ASSEMBLES_DIFF,ldb_d8,"ld C,(0x34e9)",2
UNI_ASSEMBLES_DIFF,ldb_d8,"ld C,(0x34ea)",2
UNI_ASSEMBLES_DIFF,ldb_d8,"ld C,(0x34ed)",2
UNI_ASSEMBLES_DIFF,ldb_d8,"ld C,(0x34ee)",2
UNI_ASSEMBLES_DIFF,ldb_d8,"ld C,(0x34ef)",2
UNI_ASSEMBLES_DIFF,ldb_d8,"ld C,(0x35fb)",2
UNI_ASSEMBLES_DIFF,ldb_d8,"ld C,(0x36a3)",2
UNI_ASSEMBLES_DIFF,ldb_d8,"ld C,(0x36a4)",2
UNI_ASSEMBLES_DIFF,ldb_d8,"ld C,(0x36a5)",2
UNI_ASSEMBLES_DIFF,ldb_d8,"ld C,(0x3707)",2
UNI_ASSEMBLES_DIFF,ldb_d8,"ld C,(0x370f)",2
UNI_ASSEMBLES_DIFF,ldb_d8,"ld C,(0x3746)",2
UNI_ASSEMBLES_DIFF,ldb_d8,"ld C,(0x37c9)",2
UNI_ASSEMBLES_DIFF,ldb_d8,"ld C,(0x390a)",2
UNI_ASSEMBLES_DIFF,ldb_d8,"ld C,(0x390b)",2
UNI_ASSEMBLES_DIFF,ldb_d8,"ld C,(0x393e)",2
UNI_ASSEMBLES_DIFF,ldb_d8,"ld C,(0x3991)",2
UNI_ASSEMBLES_DIFF,ldb_d8,"ld C,(0x3992)",2
UNI_ASSEMBLES_DIFF,ldb_d8,"ld C,(0x3993)",2
UNI_ASSEMBLES_DIFF,ldb_d8,"ld C,(0x3994)",2
UNI_ASSEMBLES_DIFF,ldb_d8,"ld C,(0x3995)",2
UNI_ASSEMBLES_DIFF,ldb_d8,"ld C,(0x3998)",2
UNI_ASSEMBLES_DIFF,ldb_d8,"ld C,(0x7634)",2
UNI_ASSEMBLES_DIFF,ldb_d8,"ld C,(0x7642)",2
UNI_ASSEMBLES_DIFF,ldb_d8,"ld C,(0x7662)",2
UNI_ASSEMBLES_DIFF,ldb_d8,"ld C,(0x7682)",2
UNI_ASSEMBLES_DIFF,ldb_d8,"ld C,(0x76a3)",2
UNI_ASSEMBLES_DIFF,ldb_d8,"ld C,(0x76a7)",2
UNI_ASSEMBLES_DIFF,ldb_d8,"ld C,(0x76a8)",2
UNI_ASSEMBLES_DIFF,ldb_d8,"ld C,(0x76a9)",2
UNI_ASSEMBLES_DIFF,ldb_d8,"ld C,(0x7ea2)",2
UNI_ASSEMBLES_DIFF,ldb_d8,"ld C,(0x7ee2)",2
UNI_ASSEMBLES_DIFF,ldb_d8,"ld C,(0x7f04)",2
UNI_ASSEMBLES_DIFF,ldb_d8,"ld C,(0x7f34)",2
UNI_ASSEMBLES_DIFF,ldb_d8,"ld C,(0x7f35)",2
UNI_ASSEMBLES_DIFF,ldb_d8,"ld C,(0x7f37)",2
UNI_ASSEMBLES_DIFF,ldb_d8,"ld C,(0x7f3d)",2
UNI_ASSEMBLES_DIFF,ldb_d8,"ld C,(0x7f3f)",2
UNI_ASSEMBLES_DIFF,ldb_d8,"ld C,(0x7fd7)",2
UNI_ASSEMBLES_DIFF,ldb_d8,"ld C,(0x84fe)",2
UNI_ASSEMBLES_DIFF,ldb_d8,"ld C,(0x8886)",2
UNI_ASSEMBLES_DIFF,ldb_d8,"ld C,(0x889a)",2
UNI_ASSEMBLES_DIFF,ldb_d8,"ld C,(0x88aa)",2
UNI_ASSEMBLES_DIFF,ldb_d8,"ld C,(0x88ac)",2
UNI_ASSEMBLES_DIFF,ldb_d8,"ld C,(0x88ae)",2
UNI_ASSEMBLES_DIFF,ldb_d8,"ld C,(0x8962)",2
UNI_ASSEMBLES_DIFF,ldb_d8,"ld C,(0x8964)",2
UNI_ASSEMBLES_DIFF,ldb_d8,"ld C,(0x896a)",2
UNI_ASSEMBLES_DIFF,ldb_d8,"ld C,(0x8d40)",2
UNI_ASSEMBLES_DIFF,ldb_d8,"ld C,(0x8d52)",2
UNI_ASSEMBLES_DIFF,ldb_d8,"ld C,(0x8d54)",2
UNI_ASSEMBLES_DIFF,ldb_d8,"ld C,(0x8d78)",2
UNI_ASSEMBLES_DIFF,ldb_d8,"ld C,(0x8d80)",2
UNI_ASSEMBLES_DIFF,ldb_d8,"ld C,(0x8d84)",2
UNI_ASSEMBLES_DIFF,ldb_d8,"ld C,(0x8e48)",2
UNI_ASSEMBLES_DIFF,ldb_d8,"ld C,(0x8e6c)",2
UNI_ASSEMBLES_DIFF,ldb_d8,"ld C,(0x8e6e)",2
UNI_ASSEMBLES_DIFF,ldb_d8,"ld C,(0x8e70)",2
UNI_ASSEMBLES_DIFF,ldb_d8,"ld C,(0x8e76)",2
UNI_ASSEMBLES_DIFF,ldb_d8,"ld C,(0x8e8e)",2
UNI_ASSEMBLES_DIFF,ldb_d8,"ld C,(0x8e90)",2
UNI_ASSEMBLES_DIFF,ldb_d8,"ld C,(0x8ec4)",2
UNI_ASSEMBLES_DIFF,ldb_d8,"ld C,(0x8eda)",2
UNI_ASSEMBLES_DIFF,ldb_d8,"ld C,(0x8ede)",2
UNI_ASSEMBLES_DIFF,ldb_d8,"ld C,(0x8eea)",2
UNI_ASSEMBLES_DIFF,ldb_d8,"ld C,(0x8efc)",2
UNI_ASSEMBLES_DIFF,ldb_d8,"ld C,(0x8efe)",2
UNI_ASSEMBLES_DIFF,ldb_d8,"ld C,(0x9093)",2
UNI_ASSEMBLES_DIFF,ldb_d8,"ld C,(0x90ee)",2
UNI_ASSEMBLES_DIFF,ldb_d8,"ld C,(0x912c)",2
UNI_ASSEMBLES_DIFF,ldb_d8,"ld C,(0x9132)",2
UNI_ASSEMBLES_DIFF,ldb_d8,"ld C,(0x9153)",2
UNI_ASSEMBLES_DIFF,ldb_d8,"ld C,(0x917e)",2
UNI_ASSEMBLES_DIFF,ldb_d8,"ld C,(0x91c7)",2
UNI_ASSEMBLES_DIFF,ld_sd8b,"ld C,(0x96)",2
UNI_ASSEMBLES_DIFF,ldb_d8,"ld C,(0x9644)",2
UNI_ASSEMBLES_DIFF,ldb_d8,"ld C,(0x9645)",2
UNI_ASSEMBLES_DIFF,ldb_d8,"ld C,(0xb7f0)",2
UNI_ASSEMBLES_DIFF,ldb_d8,"ld C,(0xbd04)",2
UNI_ASSEMBLES_DIFF,ldb_d8,"ld C,(0xbd10)",2
UNI_ASSEMBLES_DIFF,ldb_d8,"ld C,(0xbd1e)",2
UNI_ASSEMBLES_DIFF,ldb_d8,"ld C,(0xbfe2)",2
UNI_ASSEMBLES_DIFF,ldb_d8,"ld C,(0xc080)",2
UNI_ASSEMBLES_DIFF,ldb_d8,"ld C,(0xc1ec)",2
UNI_ASSEMBLES_DIFF,ldb_d8,"ld C,(0xc2ca)",2
UNI_ASSEMBLES_DIFF,ldb_d8,"ld C,(0xc2cf)",2
UNI_ASSEMBLES_DIFF,ldb_d8,"ld C,(0xceab)",2
UNI_ASSEMBLES_DIFF,ldb_d8,"ld C,(0xcedf)",2
UNI_ASSEMBLES_DIFF,ldb_d8,"ld C,(0xcee6)",2
UNI_ASSEMBLES_DIFF,ldb_d8,"ld C,(0xcef1)",2
UNI_ASSEMBLES_DIFF,ldb_d8,"ld C,(0xe197)",2
UNI_ASSEMBLES_DIFF,ldb_d8,"ld C,(0xe9be)",2
UNI_ASSEMBLES_DIFF,ldb_d8,"ld C,(0xe9e4)",2
UNI_ASSEMBLES_DIFF,ldb_d8,"ld C,(0xfc61)",2
UNI_ASSEMBLES_DIFF,ldb_d8,"ld D,(0x0e47)",2
UNI_ASSEMBLES_DIFF,ldb_d8,"ld D,(0x1942)",2
UNI_ASSEMBLES_DIFF,ldb_d8,"ld D,(0x207a)",2
UNI_ASSEMBLES_DIFF,ldb_d8,"ld D,(0x2169)",2
UNI_ASSEMBLES_DIFF,ldb_d8,"ld D,(0x216a)",2
UNI_ASSEMBLES_DIFF,ldb_d8,"ld D,(0x3247)",2
UNI_ASSEMBLES_DIFF,ldb_d8,"ld D,(0x34d9)",2
UNI_ASSEMBLES_DIFF,ldb_d8,"ld D,(0x34fb)",2
UNI_ASSEMBLES_DIFF,ldb_d8,"ld D,(0x3747)",2
UNI_ASSEMBLES_DIFF,ldb_d8,"ld D,(0x7e64)",2
UNI_ASSEMBLES_DIFF,ldb_d8,"ld D,(0x8c9a)",2
UNI_ASSEMBLES_DIFF,ldb_d8,"ld D,(0x9124)",2
UNI_ASSEMBLES_DIFF,ldb_d8,"ld D,(0x9181)",2
UNI_ASSEMBLES_DIFF,ldb_d8,"ld D,(0x959a)",2
UNI_ASSEMBLES_DIFF,ld_sd8b,"ld D,(0x96)",2
UNI_ASSEMBLES_DIFF,ldb_d8,"ld D,(0x9670)",2
UNI_ASSEMBLES_DIFF,ldb_d8,"ld D,(0xc07e)",2
UNI_ASSEMBLES_DIFF,ldw_d16,"ld DE,(0x040c)",2
UNI_ASSEMBLES_DIFF,ldw_d16,"ld DE,(0x0700)",2
UNI_ASSEMBLES_DIFF,ldw_d16,"ld DE,(0x0702)",2
UNI_ASSEMBLES_DIFF,ldw_d16,"ld DE,(0x0cb4)",2
UNI_ASSEMBLES_DIFF,ldw_d16,"ld DE,(0x0cc0)",2
UNI_ASSEMBLES_DIFF,ldw_d16,"ld DE,(0x0cd0)",2
UNI_ASSEMBLES_DIFF,ldw_d16,"ld DE,(0x0cd4)",2
UNI_ASSEMBLES_DIFF,ldw_d16,"ld DE,(0x0d4f)",2
UNI_ASSEMBLES_DIFF,ldw_d16,"ld DE,(0x0d51)",2
UNI_ASSEMBLES_DIFF,ldw_d16,"ld DE,(0x11b4)",2
UNI_ASSEMBLES_DIFF,ldw_d16,"ld DE,(0x11b6)",2
UNI_ASSEMBLES_DIFF,ldw_d16,"ld DE,(0x2749)",2
UNI_ASSEMBLES_DIFF,ldw_d16,"ld DE,(0x274a)",2
UNI_ASSEMBLES_DIFF,ldw_d16,"ld DE,(0x3492)",2
UNI_ASSEMBLES_DIFF,ldw_d16,"ld DE,(0x3602)",2
UNI_ASSEMBLES_DIFF,ldw_d16,"ld DE,(0x3606)",2
UNI_ASSEMBLES_DIFF,ldw_d16,"ld DE,(0x371a)",2
UNI_ASSEMBLES_DIFF,ldw_d16,"ld DE,(0x38b0)",2
UNI_ASSEMBLES_DIFF,ldw_d16,"ld DE,(0x3944)",2
UNI_ASSEMBLES_DIFF,ldw_d16,"ld DE,(0x7eca)",2
UNI_ASSEMBLES_DIFF,ldw_d16,"ld DE,(0x7ede)",2
UNI_ASSEMBLES_DIFF,ldw_d16,"ld DE,(0x7ee4)",2
UNI_ASSEMBLES_DIFF,ldw_d16,"ld DE,(0x8164)",2
UNI_ASSEMBLES_DIFF,ldw_d16,"ld DE,(0x823c)",2
UNI_ASSEMBLES_DIFF,ldw_d16,"ld DE,(0x849c)",2
UNI_ASSEMBLES_DIFF,ldw_d16,"ld DE,(0x84fc)",2
UNI_ASSEMBLES_DIFF,ldw_d16,"ld DE,(0x8506)",2
UNI_ASSEMBLES_DIFF,ldw_d16,"ld DE,(0x8508)",2
UNI_ASSEMBLES_DIFF,ldw_d16,"ld DE,(0x850a)",2
UNI_ASSEMBLES_DIFF,ldw_d16,"ld DE,(0x90e2)",2
UNI_ASSEMBLES_DIFF,ldw_d16,"ld DE,(0x911d)",2
UNI_ASSEMBLES_DIFF,ldw_d16,"ld DE,(0x9180)",2
UNI_ASSEMBLES_DIFF,ldw_d16,"ld DE,(0x91bf)",2
UNI_ASSEMBLES_DIFF,ldw_d16,"ld DE,(0x91c5)",2
UNI_ASSEMBLES_DIFF,ldw_d16,"ld DE,(0x964e)",2
UNI_ASSEMBLES_DIFF,ldw_d16,"ld DE,(0xc4fa)",2
UNI_ASSEMBLES_DIFF,ldw_d16,"ld DE,(0xeaf9)",2
UNI_ASSEMBLES_DIFF,ldb_d8,"ld E,(0x0433)",2
UNI_ASSEMBLES_DIFF,ldb_d8,"ld E,(0x0dc8)",2
UNI_ASSEMBLES_DIFF,ldb_d8,"ld E,(0x0df2)",2
UNI_ASSEMBLES_DIFF,ldb_d8,"ld E,(0x0ef5)",2
UNI_ASSEMBLES_DIFF,ldb_d8,"ld E,(0x0ef7)",2
UNI_ASSEMBLES_DIFF,ldb_d8,"ld E,(0x2078)",2
UNI_ASSEMBLES_DIFF,ldb_d8,"ld E,(0x24f1)",2
UNI_ASSEMBLES_DIFF,ldb_d8,"ld E,(0x2670)",2
UNI_ASSEMBLES_DIFF,ldb_d8,"ld E,(0x2740)",2
UNI_ASSEMBLES_DIFF,ldb_d8,"ld E,(0x2770)",2
UNI_ASSEMBLES_DIFF,ldb_d8,"ld E,(0x3246)",2
UNI_ASSEMBLES_DIFF,ldb_d8,"ld E,(0x3314)",2
UNI_ASSEMBLES_DIFF,ldb_d8,"ld E,(0x332f)",2
UNI_ASSEMBLES_DIFF,ldb_d8,"ld E,(0x3330)",2
UNI_ASSEMBLES_DIFF,ldb_d8,"ld E,(0x3331)",2
UNI_ASSEMBLES_DIFF,ldb_d8,"ld E,(0x3332)",2
UNI_ASSEMBLES_DIFF,ldb_d8,"ld E,(0x3369)",2
UNI_ASSEMBLES_DIFF,ldb_d8,"ld E,(0x33e4)",2
UNI_ASSEMBLES_DIFF,ldb_d8,"ld E,(0x33e6)",2
UNI_ASSEMBLES_DIFF,ldb_d8,"ld E,(0x33ea)",2
UNI_ASSEMBLES_DIFF,ldb_d8,"ld E,(0x3462)",2
UNI_ASSEMBLES_DIFF,ldb_d8,"ld E,(0x34d6)",2
UNI_ASSEMBLES_DIFF,ldb_d8,"ld E,(0x3517)",2
UNI_ASSEMBLES_DIFF,ldb_d8,"ld E,(0x360a)",2
UNI_ASSEMBLES_DIFF,ldb_d8,"ld E,(0x371a)",2
UNI_ASSEMBLES_DIFF,ldb_d8,"ld E,(0x398e)",2
UNI_ASSEMBLES_DIFF,ldb_d8,"ld E,(0x398f)",2
UNI_ASSEMBLES_DIFF,ldb_d8,"ld E,(0x3a4d)",2
UNI_ASSEMBLES_DIFF,ldb_d8,"ld E,(0x7e63)",2
UNI_ASSEMBLES_DIFF,ldb_d8,"ld E,(0x88b0)",2
UNI_ASSEMBLES_DIFF,ldb_d8,"ld E,(0x8944)",2
UNI_ASSEMBLES_DIFF,ldb_d8,"ld E,(0x896a)",2
UNI_ASSEMBLES_DIFF,ldb_d8,"ld E,(0x8970)",2
UNI_ASSEMBLES_DIFF,ldb_d8,"ld E,(0x89fc)",2
UNI_ASSEMBLES_DIFF,ldb_d8,"ld E,(0x8a02)",2
UNI_ASSEMBLES_DIFF,ldb_d8,"ld E,(0x8c98)",2
UNI_ASSEMBLES_DIFF,ldb_d8,"ld E,(0x8c9e)",2
UNI_ASSEMBLES_DIFF,ldb_d8,"ld E,(0x8d36)",2
UNI_ASSEMBLES_DIFF,ldb_d8,"ld E,(0x8e72)",2
UNI_ASSEMBLES_DIFF,ldb_d8,"ld E,(0x8ee0)",2
UNI_ASSEMBLES_DIFF,ldb_d8,"ld E,(0x8ee2)",2
UNI_ASSEMBLES_DIFF,ldb_d8,"ld E,(0x911d)",2
UNI_ASSEMBLES_DIFF,ldb_d8,"ld E,(0x9129)",2
UNI_ASSEMBLES_DIFF,ldb_d8,"ld E,(0x912f)",2
UNI_ASSEMBLES_DIFF,ldb_d8,"ld E,(0x9130)",2
UNI_ASSEMBLES_DIFF,ldb_d8,"ld E,(0x9155)",2
UNI_ASSEMBLES_DIFF,ldb_d8,"ld E,(0x91b7)",2
UNI_ASSEMBLES_DIFF,ldb_d8,"ld E,(0x91d0)",2
UNI_ASSEMBLES_DIFF,ld_sd8b,"ld E,(0x93)",2
UNI_ASSEMBLES_DIFF,ldb_d8,"ld E,(0x966f)",2
UNI_ASSEMBLES_DIFF,ldb_d8,"ld E,(0x9670)",2
UNI_ASSEMBLES_DIFF,ldb_d8,"ld E,(0xbd08)",2
UNI_ASSEMBLES_DIFF,ldb_d8,"ld E,(0xbd14)",2
UNI_ASSEMBLES_DIFF,ldb_d8,"ld E,(0xbd26)",2
UNI_ASSEMBLES_DIFF,ldb_d8,"ld E,(0xbfe4)",2
UNI_ASSEMBLES_DIFF,ldb_d8,"ld E,(0xc07e)",2
UNI_ASSEMBLES_DIFF,ldb_d8,"ld E,(0xfc60)",2
UNI_ASSEMBLES_DIFF,ldb_d8,"ld E,(0xfd50)",2
UNI_ASSEMBLES_DIFF,ldb_d8,"ld E,(0xfd97)",2
UNI_ASSEMBLES_DIFF,ldb_d8,"ld H,(0x0661)",2
UNI_ASSEMBLES_DIFF,ldb_d8,"ld H,(0x08e8)",2
UNI_ASSEMBLES_DIFF,ldb_d8,"ld H,(0x08ea)",2
UNI_ASSEMBLES_DIFF,ldb_d8,"ld H,(0x0dc8)",2
UNI_ASSEMBLES_DIFF,ldb_d8,"ld H,(0x0eb6)",2
UNI_ASSEMBLES_DIFF,ldb_d8,"ld H,(0x1193)",2
UNI_ASSEMBLES_DIFF,ldb_d8,"ld H,(0x20b9)",2
UNI_ASSEMBLES_DIFF,ldb_d8,"ld H,(0x21f9)",2
UNI_ASSEMBLES_DIFF,ldb_d8,"ld H,(0x2243)",2
UNI_ASSEMBLES_DIFF,ldb_d8,"ld H,(0x2335)",2
UNI_ASSEMBLES_DIFF,ldb_d8,"ld H,(0x23ca)",2
UNI_ASSEMBLES_DIFF,ldb_d8,"ld H,(0x2540)",2
UNI_ASSEMBLES_DIFF,ldb_d8,"ld H,(0x26f1)",2
UNI_ASSEMBLES_DIFF,ldb_d8,"ld H,(0x2724)",2
UNI_ASSEMBLES_DIFF,ldb_d8,"ld H,(0x272b)",2
UNI_ASSEMBLES_DIFF,ldb_d8,"ld H,(0x324a)",2
UNI_ASSEMBLES_DIFF,ldb_d8,"ld H,(0x32e0)",2
UNI_ASSEMBLES_DIFF,ldb_d8,"ld H,(0x32f7)",2
UNI_ASSEMBLES_DIFF,ldb_d8,"ld H,(0x33e6)",2
UNI_ASSEMBLES_DIFF,ldb_d8,"ld H,(0x33e7)",2
UNI_ASSEMBLES_DIFF,ldb_d8,"ld H,(0x3433)",2
UNI_ASSEMBLES_DIFF,ldb_d8,"ld H,(0x3434)",2
UNI_ASSEMBLES_DIFF,ldb_d8,"ld H,(0x343a)",2
UNI_ASSEMBLES_DIFF,ldb_d8,"ld H,(0x34d7)",2
UNI_ASSEMBLES_DIFF,ldb_d8,"ld H,(0x34df)",2
UNI_ASSEMBLES_DIFF,ldb_d8,"ld H,(0x34e1)",2
UNI_ASSEMBLES_DIFF,ldb_d8,"ld H,(0x34e3)",2
UNI_ASSEMBLES_DIFF,ldb_d8,"ld H,(0x34e5)",2
UNI_ASSEMBLES_DIFF,ldb_d8,"ld H,(0x34e7)",2
UNI_ASSEMBLES_DIFF,ldb_d8,"ld H,(0x3558)",2
UNI_ASSEMBLES_DIFF,ldb_d8,"ld H,(0x7e61)",2
UNI_ASSEMBLES_DIFF,ldb_d8,"ld H,(0x7f09)",2
UNI_ASSEMBLES_DIFF,ldb_d8,"ld H,(0x7f3b)",2
UNI_ASSEMBLES_DIFF,ldb_d8,"ld H,(0x90ef)",2
UNI_ASSEMBLES_DIFF,ld_sd8b,"ld H,(0xa9)",2
UNI_ASSEMBLES_DIFF,ldb_d8,"ld H,(0xbd27)",2
UNI_ASSEMBLES_DIFF,ldb_d8,"ld H,(0xc07d)",2
UNI_ASSEMBLES_DIFF,ldw_d16,"ld HL,(0x040c)",2
UNI_ASSEMBLES_DIFF,ldw_d16,"ld HL,(0x06c8)",2
UNI_ASSEMBLES_DIFF,ldw_d16,"ld HL,(0x0c75)",2
UNI_ASSEMBLES_DIFF,ldw_d16,"ld HL,(0x0ce8)",2
UNI_ASSEMBLES_DIFF,ldw_d16,"ld HL,(0x0d1a)",2
UNI_ASSEMBLES_DIFF,ldw_d16,"ld HL,(0x0e56)",2
UNI_ASSEMBLES_DIFF,ldw_d16,"ld HL,(0x10d1)",2
UNI_ASSEMBLES_DIFF,ldw_d16,"ld HL,(0x1198)",2
UNI_ASSEMBLES_DIFF,ldw_d16,"ld HL,(0x2530)",2
UNI_ASSEMBLES_DIFF,ldw_d16,"ld HL,(0x2532)",2
UNI_ASSEMBLES_DIFF,ldw_d16,"ld HL,(0x28b1)",2
UNI_ASSEMBLES_DIFF,ldw_d16,"ld HL,(0x3492)",2
UNI_ASSEMBLES_DIFF,ldw_d16,"ld HL,(0x3494)",2
UNI_ASSEMBLES_DIFF,ldw_d16,"ld HL,(0x349c)",2
UNI_ASSEMBLES_DIFF,ldw_d16,"ld HL,(0x34fa)",2
UNI_ASSEMBLES_DIFF,ldw_d16,"ld HL,(0x3534)",2
UNI_ASSEMBLES_DIFF,ldw_d16,"ld HL,(0x356e)",2
UNI_ASSEMBLES_DIFF,ldw_d16,"ld HL,(0x3578)",2
UNI_ASSEMBLES_DIFF,ldw_d16,"ld HL,(0x35b4)",2
UNI_ASSEMBLES_DIFF,ldw_d16,"ld HL,(0x35bc)",2
UNI_ASSEMBLES_DIFF,ldw_d16,"ld HL,(0x371a)",2
UNI_ASSEMBLES_DIFF,ldw_d16,"ld HL,(0x3740)",2
UNI_ASSEMBLES_DIFF,ldw_d16,"ld HL,(0x377e)",2
UNI_ASSEMBLES_DIFF,ldw_d16,"ld HL,(0x378e)",2
UNI_ASSEMBLES_DIFF,ldw_d16,"ld HL,(0x3927)",2
UNI_ASSEMBLES_DIFF,ldw_d16,"ld HL,(0x3929)",2
UNI_ASSEMBLES_DIFF,ldw_d16,"ld HL,(0x392b)",2
UNI_ASSEMBLES_DIFF,ldw_d16,"ld HL,(0x392d)",2
UNI_ASSEMBLES_DIFF,ldw_d16,"ld HL,(0x3972)",2
UNI_ASSEMBLES_DIFF,ldw_d16,"ld HL,(0x3978)",2
UNI_ASSEMBLES_DIFF,ldw_d16,"ld HL,(0x3d04)",2
UNI_ASSEMBLES_DIFF,ldw_d16,"ld HL,(0x7e1a)",2
UNI_ASSEMBLES_DIFF,ldw_d16,"ld HL,(0x7e1c)",2
UNI_ASSEMBLES_DIFF,ldw_d16,"ld HL,(0x7e76)",2
UNI_ASSEMBLES_DIFF,ldw_d16,"ld HL,(0x7e7e)",2
UNI_ASSEMBLES_DIFF,ldw_d16,"ld HL,(0x7eac)",2
UNI_ASSEMBLES_DIFF,ldw_d16,"ld HL,(0x7f0e)",2
UNI_ASSEMBLES_DIFF,ldw_d16,"ld HL,(0x7f18)",2
UNI_ASSEMBLES_DIFF,ldw_d16,"ld HL,(0x8110)",2
UNI_ASSEMBLES_DIFF,ldw_d16,"ld HL,(0x81b4)",2
UNI_ASSEMBLES_DIFF,ldw_d16,"ld HL,(0x823c)",2
UNI_ASSEMBLES_DIFF,ldw_d16,"ld HL,(0x8442)",2
UNI_ASSEMBLES_DIFF,ldw_d16,"ld HL,(0x84a2)",2
UNI_ASSEMBLES_DIFF,ldw_d16,"ld HL,(0x8d9f)",2
UNI_ASSEMBLES_DIFF,ldw_d16,"ld HL,(0x9046)",2
UNI_ASSEMBLES_DIFF,ldw_d16,"ld HL,(0x9052)",2
UNI_ASSEMBLES_DIFF,ldw_d16,"ld HL,(0x9133)",2
UNI_ASSEMBLES_DIFF,ldw_d16,"ld HL,(0x9173)",2
UNI_ASSEMBLES_DIFF,ldw_d16,"ld HL,(0xb7ea)",2
UNI_ASSEMBLES_DIFF,ldw_d16,"ld HL,(0xe3b8)",2
UNI_ASSEMBLES_DIFF,ldw_d16,"ld HL,(0xe9e5)",2
UNI_ASSEMBLES_DIFF,ldw_d16,"ld HL,(0xf19e)",2
UNI_ASSEMBLES_DIFF,ldw_d16,"ld HL,(0xf1ce)",2
UNI_ASSEMBLES_DIFF,ldw_d16,"ld IX,(0x0170)",2
UNI_ASSEMBLES_DIFF,ldw_d16,"ld IX,(0x03c4)",2
UNI_ASSEMBLES_DIFF,ldw_d16,"ld IX,(0x0cda)",2
UNI_ASSEMBLES_DIFF,ldw_d16,"ld IX,(0x0ec4)",2
UNI_ASSEMBLES_DIFF,ldw_d16,"ld IX,(0x10c6)",2
UNI_ASSEMBLES_DIFF,ldw_d16,"ld IX,(0x3378)",2
UNI_ASSEMBLES_DIFF,ldw_d16,"ld IX,(0x337a)",2
UNI_ASSEMBLES_DIFF,ldw_d16,"ld IX,(0x3441)",2
UNI_ASSEMBLES_DIFF,ldw_d16,"ld IX,(0x3580)",2
UNI_ASSEMBLES_DIFF,ldw_d16,"ld IX,(0x3582)",2
UNI_ASSEMBLES_DIFF,ldw_d16,"ld IX,(0x3584)",2
UNI_ASSEMBLES_DIFF,ldw_d16,"ld IX,(0x3586)",2
UNI_ASSEMBLES_DIFF,ldw_d16,"ld IX,(0x3588)",2
UNI_ASSEMBLES_DIFF,ldw_d16,"ld IX,(0x3598)",2
UNI_ASSEMBLES_DIFF,ldw_d16,"ld IX,(0x359a)",2
UNI_ASSEMBLES_DIFF,ldw_d16,"ld IX,(0x359c)",2
UNI_ASSEMBLES_DIFF,ldw_d16,"ld IX,(0x359e)",2
UNI_ASSEMBLES_DIFF,ldw_d16,"ld IX,(0x35a0)",2
UNI_ASSEMBLES_DIFF,ldw_d16,"ld IX,(0x38e0)",2
UNI_ASSEMBLES_DIFF,ldw_d16,"ld IX,(0x3a82)",2
UNI_ASSEMBLES_DIFF,ldw_d16,"ld IX,(0x7d73)",2
UNI_ASSEMBLES_DIFF,ldw_d16,"ld IX,(0x81ac)",2
UNI_ASSEMBLES_DIFF,ldw_d16,"ld IX,(0x8b0a)",2
UNI_ASSEMBLES_DIFF,ldw_d16,"ld IY,(0x0d22)",2
UNI_ASSEMBLES_DIFF,ldw_d16,"ld IY,(0x0d28)",2
UNI_ASSEMBLES_DIFF,ldw_d16,"ld IY,(0x0e1a)",2
UNI_ASSEMBLES_DIFF,ldw_d16,"ld IY,(0x0fd6)",2
UNI_ASSEMBLES_DIFF,ldw_d16,"ld IY,(0x0fd7)",2
UNI_ASSEMBLES_DIFF,ldw_d16,"ld IY,(0x1178)",2
UNI_ASSEMBLES_DIFF,ldw_d16,"ld IY,(0x12b2)",2
UNI_ASSEMBLES_DIFF,ldw_d16,"ld IY,(0x287f)",2
UNI_ASSEMBLES_DIFF,ldw_d16,"ld IY,(0x344b)",2
UNI_ASSEMBLES_DIFF,ldw_d16,"ld IY,(0x344d)",2
UNI_ASSEMBLES_DIFF,ldw_d16,"ld IY,(0x345d)",2
UNI_ASSEMBLES_DIFF,ldw_d16,"ld IY,(0x355c)",2
UNI_ASSEMBLES_DIFF,ldw_d16,"ld IY,(0x35a4)",2
UNI_ASSEMBLES_DIFF,ldw_d16,"ld IY,(0x35a6)",2
UNI_ASSEMBLES_DIFF,ldw_d16,"ld IY,(0x35a8)",2
UNI_ASSEMBLES_DIFF,ldw_d16,"ld IY,(0x35aa)",2
UNI_ASSEMBLES_DIFF,ldw_d16,"ld IY,(0x35ac)",2
UNI_ASSEMBLES_DIFF,ldw_d16,"ld IY,(0x35b6)",2
UNI_ASSEMBLES_DIFF,ldw_d16,"ld IY,(0x35b8)",2
UNI_ASSEMBLES_DIFF,ldw_d16,"ld IY,(0x35ba)",2
UNI_ASSEMBLES_DIFF,ldw_d16,"ld IY,(0x35bc)",2
UNI_ASSEMBLES_DIFF,ldw_d16,"ld IY,(0x35be)",2
UNI_ASSEMBLES_DIFF,ldw_d16,"ld IY,(0x35c6)",2
UNI_ASSEMBLES_DIFF,ldw_d16,"ld IY,(0x35c8)",2
UNI_ASSEMBLES_DIFF,ldw_d16,"ld IY,(0x35ca)",2
UNI_ASSEMBLES_DIFF,ldw_d16,"ld IY,(0x35cc)",2
UNI_ASSEMBLES_DIFF,ldw_d16,"ld IY,(0x35ce)",2
UNI_ASSEMBLES_DIFF,ldw_d16,"ld IY,(0x7e11)",2
UNI_ASSEMBLES_DIFF,ldw_d16,"ld IY,(0x8d63)",2
UNI_ASSEMBLES_DIFF,ldw_d16,"ld IY,(0x8d9d)",2
UNI_ASSEMBLES_DIFF,ldw_d16,"ld IZ,(0x269c)",2
UNI_ASSEMBLES_DIFF,ldw_d16,"ld IZ,(0x3297)",2
UNI_ASSEMBLES_DIFF,ldw_d16,"ld IZ,(0x3299)",2
UNI_ASSEMBLES_DIFF,ldw_d16,"ld IZ,(0x329b)",2
UNI_ASSEMBLES_DIFF,ldw_d16,"ld IZ,(0x329d)",2
UNI_ASSEMBLES_DIFF,ldw_d16,"ld IZ,(0x329f)",2
UNI_ASSEMBLES_DIFF,ldw_d16,"ld IZ,(0x32a1)",2
UNI_ASSEMBLES_DIFF,ldw_d16,"ld IZ,(0x38de)",2
UNI_ASSEMBLES_DIFF,ldw_d16,"ld IZ,(0x38e0)",2
UNI_ASSEMBLES_DIFF,ldw_d16,"ld IZ,(0x8504)",2
UNI_ASSEMBLES_DIFF,ldw_d16,"ld IZ,(0x8d58)",2
UNI_ASSEMBLES_DIFF,ldw_d16,"ld IZ,(0xc596)",2
UNI_ASSEMBLES_DIFF,ldw_d16,"ld IZ,(0xf231)",2
UNI_ASSEMBLES_DIFF,ldb_d8,"ld L,(0x0660)",2
UNI_ASSEMBLES_DIFF,ldb_d8,"ld L,(0x0c03)",2
UNI_ASSEMBLES_DIFF,ldb_d8,"ld L,(0x0c72)",2
UNI_ASSEMBLES_DIFF,ldb_d8,"ld L,(0x0de5)",2
UNI_ASSEMBLES_DIFF,ldb_d8,"ld L,(0x0ded)",2
UNI_ASSEMBLES_DIFF,ldb_d8,"ld L,(0x0df6)",2
UNI_ASSEMBLES_DIFF,ldb_d8,"ld L,(0x0dfd)",2
UNI_ASSEMBLES_DIFF,ldb_d8,"ld L,(0x0e02)",2
UNI_ASSEMBLES_DIFF,ldb_d8,"ld L,(0x0e26)",2
UNI_ASSEMBLES_DIFF,ldb_d8,"ld L,(0x0eb7)",2
UNI_ASSEMBLES_DIFF,ldb_d8,"ld L,(0x0ebc)",2
UNI_ASSEMBLES_DIFF,ldb_d8,"ld L,(0x0ec1)",2
UNI_ASSEMBLES_DIFF,ldb_d8,"ld L,(0x0f62)",2
UNI_ASSEMBLES_DIFF,ldb_d8,"ld L,(0x1172)",2
UNI_ASSEMBLES_DIFF,ldb_d8,"ld L,(0x1194)",2
UNI_ASSEMBLES_DIFF,ldb_d8,"ld L,(0x1238)",2
UNI_ASSEMBLES_DIFF,ldb_d8,"ld L,(0x125a)",2
UNI_ASSEMBLES_DIFF,ldb_d8,"ld L,(0x12ac)",2
UNI_ASSEMBLES_DIFF,ldb_d8,"ld L,(0x12ad)",2
UNI_ASSEMBLES_DIFF,ldb_d8,"ld L,(0x1940)",2
UNI_ASSEMBLES_DIFF,ldb_d8,"ld L,(0x2078)",2
UNI_ASSEMBLES_DIFF,ldb_d8,"ld L,(0x20bb)",2
UNI_ASSEMBLES_DIFF,ldb_d8,"ld L,(0x216b)",2
UNI_ASSEMBLES_DIFF,ldb_d8,"ld L,(0x2251)",2
UNI_ASSEMBLES_DIFF,ldb_d8,"ld L,(0x2724)",2
UNI_ASSEMBLES_DIFF,ldb_d8,"ld L,(0x276b)",2
UNI_ASSEMBLES_DIFF,ldb_d8,"ld L,(0x2880)",2
UNI_ASSEMBLES_DIFF,ldb_d8,"ld L,(0x2a80)",2
UNI_ASSEMBLES_DIFF,ldb_d8,"ld L,(0x327f)",2
UNI_ASSEMBLES_DIFF,ldb_d8,"ld L,(0x3280)",2
UNI_ASSEMBLES_DIFF,ldb_d8,"ld L,(0x32a8)",2
UNI_ASSEMBLES_DIFF,ldb_d8,"ld L,(0x32df)",2
UNI_ASSEMBLES_DIFF,ldb_d8,"ld L,(0x32f5)",2
UNI_ASSEMBLES_DIFF,ldb_d8,"ld L,(0x338e)",2
UNI_ASSEMBLES_DIFF,ldb_d8,"ld L,(0x3392)",2
UNI_ASSEMBLES_DIFF,ldb_d8,"ld L,(0x343c)",2
UNI_ASSEMBLES_DIFF,ldb_d8,"ld L,(0x34d7)",2
UNI_ASSEMBLES_DIFF,ldb_d8,"ld L,(0x34d9)",2
UNI_ASSEMBLES_DIFF,ldb_d8,"ld L,(0x34e0)",2
UNI_ASSEMBLES_DIFF,ldb_d8,"ld L,(0x34e2)",2
UNI_ASSEMBLES_DIFF,ldb_d8,"ld L,(0x34e4)",2
UNI_ASSEMBLES_DIFF,ldb_d8,"ld L,(0x34e6)",2
UNI_ASSEMBLES_DIFF,ldb_d8,"ld L,(0x34e8)",2
UNI_ASSEMBLES_DIFF,ldb_d8,"ld L,(0x34f0)",2
UNI_ASSEMBLES_DIFF,ldb_d8,"ld L,(0x34fd)",2
UNI_ASSEMBLES_DIFF,ldb_d8,"ld L,(0x350f)",2
UNI_ASSEMBLES_DIFF,ldb_d8,"ld L,(0x3540)",2
UNI_ASSEMBLES_DIFF,ldb_d8,"ld L,(0x36ec)",2
UNI_ASSEMBLES_DIFF,ldb_d8,"ld L,(0x3716)",2
UNI_ASSEMBLES_DIFF,ldb_d8,"ld L,(0x3720)",2
UNI_ASSEMBLES_DIFF,ldb_d8,"ld L,(0x3728)",2
UNI_ASSEMBLES_DIFF,ldb_d8,"ld L,(0x39ad)",2
UNI_ASSEMBLES_DIFF,ldb_d8,"ld L,(0x7e57)",2
UNI_ASSEMBLES_DIFF,ldb_d8,"ld L,(0x7e60)",2
UNI_ASSEMBLES_DIFF,ldb_d8,"ld L,(0x7e72)",2
UNI_ASSEMBLES_DIFF,ldb_d8,"ld L,(0x7e73)",2
UNI_ASSEMBLES_DIFF,ldb_d8,"ld L,(0x7f08)",2
UNI_ASSEMBLES_DIFF,ldb_d8,"ld L,(0x7f38)",2
UNI_ASSEMBLES_DIFF,ldb_d8,"ld L,(0x7f40)",2
UNI_ASSEMBLES_DIFF,ldb_d8,"ld L,(0x8942)",2
UNI_ASSEMBLES_DIFF,ldb_d8,"ld L,(0x8944)",2
UNI_ASSEMBLES_DIFF,ldb_d8,"ld L,(0x89fe)",2
UNI_ASSEMBLES_DIFF,ldb_d8,"ld L,(0x8a00)",2
UNI_ASSEMBLES_DIFF,ldb_d8,"ld L,(0x8a02)",2
UNI_ASSEMBLES_DIFF,ldb_d8,"ld L,(0x8a06)",2
UNI_ASSEMBLES_DIFF,ldb_d8,"ld L,(0x8a08)",2
UNI_ASSEMBLES_DIFF,ldb_d8,"ld L,(0x8a0c)",2
UNI_ASSEMBLES_DIFF,ldb_d8,"ld L,(0x8c9e)",2
UNI_ASSEMBLES_DIFF,ldb_d8,"ld L,(0x8cee)",2
UNI_ASSEMBLES_DIFF,ldb_d8,"ld L,(0x8d3e)",2
UNI_ASSEMBLES_DIFF,ldb_d8,"ld L,(0x8d48)",2
UNI_ASSEMBLES_DIFF,ldb_d8,"ld L,(0x8d4a)",2
UNI_ASSEMBLES_DIFF,ldb_d8,"ld L,(0x8e6a)",2
UNI_ASSEMBLES_DIFF,ldb_d8,"ld L,(0x90ee)",2
UNI_ASSEMBLES_DIFF,ldb_d8,"ld L,(0x9119)",2
UNI_ASSEMBLES_DIFF,ldb_d8,"ld L,(0x915b)",2
UNI_ASSEMBLES_DIFF,ldb_d8,"ld L,(0x91b9)",2
UNI_ASSEMBLES_DIFF,ldb_d8,"ld L,(0x91bb)",2
UNI_ASSEMBLES_DIFF,ldb_d8,"ld L,(0x91c7)",2
UNI_ASSEMBLES_DIFF,ldb_d8,"ld L,(0x91d1)",2
UNI_ASSEMBLES_DIFF,ldb_d8,"ld L,(0x9635)",2
UNI_ASSEMBLES_DIFF,ldb_d8,"ld L,(0x9645)",2
UNI_ASSEMBLES_DIFF,ldb_d8,"ld L,(0x9668)",2
UNI_ASSEMBLES_DIFF,ldb_d8,"ld L,(0xb7e0)",2
UNI_ASSEMBLES_DIFF,ldb_d8,"ld L,(0xbd26)",2
UNI_ASSEMBLES_DIFF,ldb_d8,"ld L,(0xc080)",2
UNI_ASSEMBLES_DIFF,ldb_d8,"ld L,(0xc363)",2
UNI_ASSEMBLES_DIFF,ldb_d8,"ld L,(0xceaa)",2
UNI_ASSEMBLES_DIFF,ldb_d8,"ld L,(0xe2bf)",2
UNI_ASSEMBLES_DIFF,ldb_d8,"ld L,(0xe2c9)",2
UNI_ASSEMBLES_DIFF,ldb_d8,"ld L,(0xe2d3)",2
UNI_ASSEMBLES_DIFF,ldb_d8,"ld L,(0xe2dd)",2
UNI_ASSEMBLES_DIFF,ldb_d8,"ld W,(0x0416)",2
UNI_ASSEMBLES_DIFF,ldb_d8,"ld W,(0x04ae)",2
UNI_ASSEMBLES_DIFF,ld_sd8b,"ld W,(0x06)",2
UNI_ASSEMBLES_DIFF,ldb_d8,"ld W,(0x0660)",2
UNI_ASSEMBLES_DIFF,ldb_d8,"ld W,(0x066a)",2
UNI_ASSEMBLES_DIFF,ldb_d8,"ld W,(0x0d1f)",2
UNI_ASSEMBLES_DIFF,ldb_d8,"ld W,(0x0e26)",2
UNI_ASSEMBLES_DIFF,ldb_d8,"ld W,(0x0eb7)",2
UNI_ASSEMBLES_DIFF,ldb_d8,"ld W,(0x0ece)",2
UNI_ASSEMBLES_DIFF,ldb_d8,"ld W,(0x1007)",2
UNI_ASSEMBLES_DIFF,ldb_d8,"ld W,(0x12b5)",2
UNI_ASSEMBLES_DIFF,ldb_d8,"ld W,(0x137f)",2
UNI_ASSEMBLES_DIFF,ldb_d8,"ld W,(0x207d)",2
UNI_ASSEMBLES_DIFF,ldb_d8,"ld W,(0x20ba)",2
UNI_ASSEMBLES_DIFF,ldb_d8,"ld W,(0x2640)",2
UNI_ASSEMBLES_DIFF,ldb_d8,"ld W,(0x28b0)",2
UNI_ASSEMBLES_DIFF,ldb_d8,"ld W,(0x3219)",2
UNI_ASSEMBLES_DIFF,ldb_d8,"ld W,(0x321a)",2
UNI_ASSEMBLES_DIFF,ldb_d8,"ld W,(0x3224)",2
UNI_ASSEMBLES_DIFF,ldb_d8,"ld W,(0x3229)",2
UNI_ASSEMBLES_DIFF,ldb_d8,"ld W,(0x323c)",2
UNI_ASSEMBLES_DIFF,ldb_d8,"ld W,(0x3249)",2
UNI_ASSEMBLES_DIFF,ldb_d8,"ld W,(0x3278)",2
UNI_ASSEMBLES_DIFF,ldb_d8,"ld W,(0x3280)",2
UNI_ASSEMBLES_DIFF,ldb_d8,"ld W,(0x32d9)",2
UNI_ASSEMBLES_DIFF,ldb_d8,"ld W,(0x32df)",2
UNI_ASSEMBLES_DIFF,ldb_d8,"ld W,(0x32e0)",2
UNI_ASSEMBLES_DIFF,ldb_d8,"ld W,(0x32e1)",2
UNI_ASSEMBLES_DIFF,ldb_d8,"ld W,(0x32f8)",2
UNI_ASSEMBLES_DIFF,ldb_d8,"ld W,(0x32f9)",2
UNI_ASSEMBLES_DIFF,ldb_d8,"ld W,(0x3316)",2
UNI_ASSEMBLES_DIFF,ldb_d8,"ld W,(0x3327)",2
UNI_ASSEMBLES_DIFF,ldb_d8,"ld W,(0x3340)",2
UNI_ASSEMBLES_DIFF,ldb_d8,"ld W,(0x3376)",2
UNI_ASSEMBLES_DIFF,ldb_d8,"ld W,(0x33d5)",2
UNI_ASSEMBLES_DIFF,ldb_d8,"ld W,(0x342f)",2
UNI_ASSEMBLES_DIFF,ldb_d8,"ld W,(0x3430)",2
UNI_ASSEMBLES_DIFF,ldb_d8,"ld W,(0x343a)",2
UNI_ASSEMBLES_DIFF,ldb_d8,"ld W,(0x343b)",2
UNI_ASSEMBLES_DIFF,ldb_d8,"ld W,(0x345f)",2
UNI_ASSEMBLES_DIFF,ldb_d8,"ld W,(0x3474)",2
UNI_ASSEMBLES_DIFF,ldb_d8,"ld W,(0x34d8)",2
UNI_ASSEMBLES_DIFF,ldb_d8,"ld W,(0x34db)",2
UNI_ASSEMBLES_DIFF,ldb_d8,"ld W,(0x34f1)",2
UNI_ASSEMBLES_DIFF,ldb_d8,"ld W,(0x34fc)",2
UNI_ASSEMBLES_DIFF,ldb_d8,"ld W,(0x35c0)",2
UNI_ASSEMBLES_DIFF,ldb_d8,"ld W,(0x35c1)",2
UNI_ASSEMBLES_DIFF,ldb_d8,"ld W,(0x35c2)",2
UNI_ASSEMBLES_DIFF,ldb_d8,"ld W,(0x35c3)",2
UNI_ASSEMBLES_DIFF,ldb_d8,"ld W,(0x35c4)",2
UNI_ASSEMBLES_DIFF,ldb_d8,"ld W,(0x35d0)",2
UNI_ASSEMBLES_DIFF,ldb_d8,"ld W,(0x35d1)",2
UNI_ASSEMBLES_DIFF,ldb_d8,"ld W,(0x35d2)",2
UNI_ASSEMBLES_DIFF,ldb_d8,"ld W,(0x35d3)",2
UNI_ASSEMBLES_DIFF,ldb_d8,"ld W,(0x35d4)",2
UNI_ASSEMBLES_DIFF,ldb_d8,"ld W,(0x35fc)",2
UNI_ASSEMBLES_DIFF,ldb_d8,"ld W,(0x36f0)",2
UNI_ASSEMBLES_DIFF,ldb_d8,"ld W,(0x371c)",2
UNI_ASSEMBLES_DIFF,ldb_d8,"ld W,(0x379b)",2
UNI_ASSEMBLES_DIFF,ldb_d8,"ld W,(0x3996)",2
UNI_ASSEMBLES_DIFF,ldb_d8,"ld W,(0x39ac)",2
UNI_ASSEMBLES_DIFF,ldb_d8,"ld W,(0x7dfc)",2
UNI_ASSEMBLES_DIFF,ldb_d8,"ld W,(0x7e27)",2
UNI_ASSEMBLES_DIFF,ldb_d8,"ld W,(0x7e54)",2
UNI_ASSEMBLES_DIFF,ldb_d8,"ld W,(0x7f02)",2
UNI_ASSEMBLES_DIFF,ldb_d8,"ld W,(0x7f0a)",2
UNI_ASSEMBLES_DIFF,ldb_d8,"ld W,(0x7f34)",2
UNI_ASSEMBLES_DIFF,ldb_d8,"ld W,(0x7f38)",2
UNI_ASSEMBLES_DIFF,ldb_d8,"ld W,(0x8a04)",2
UNI_ASSEMBLES_DIFF,ldb_d8,"ld W,(0x8d46)",2
UNI_ASSEMBLES_DIFF,ldb_d8,"ld W,(0x912c)",2
UNI_ASSEMBLES_DIFF,ldb_d8,"ld W,(0x9175)",2
UNI_ASSEMBLES_DIFF,ld_sd8b,"ld W,(0x95)",2
UNI_ASSEMBLES_DIFF,ldb_d8,"ld W,(0xbfe3)",2
UNI_ASSEMBLES_DIFF,ldw_d16,"ld WA,(0x06d4)",2
UNI_ASSEMBLES_DIFF,ldw_d16,"ld WA,(0x093a)",2
UNI_ASSEMBLES_DIFF,ldw_d16,"ld WA,(0x0c34)",2
UNI_ASSEMBLES_DIFF,ldw_d16,"ld WA,(0x0c4c)",2
UNI_ASSEMBLES_DIFF,ldw_d16,"ld WA,(0x0c67)",2
UNI_ASSEMBLES_DIFF,ldw_d16,"ld WA,(0x0c72)",2
UNI_ASSEMBLES_DIFF,ldw_d16,"ld WA,(0x0c74)",2
UNI_ASSEMBLES_DIFF,ldw_d16,"ld WA,(0x0cb0)",2
UNI_ASSEMBLES_DIFF,ldw_d16,"ld WA,(0x0cc6)",2
UNI_ASSEMBLES_DIFF,ldw_d16,"ld WA,(0x0ce0)",2
UNI_ASSEMBLES_DIFF,ldw_d16,"ld WA,(0x0ce2)",2
UNI_ASSEMBLES_DIFF,ldw_d16,"ld WA,(0x0cf8)",2
UNI_ASSEMBLES_DIFF,ldw_d16,"ld WA,(0x0cfe)",2
UNI_ASSEMBLES_DIFF,ldw_d16,"ld WA,(0x0d0c)",2
UNI_ASSEMBLES_DIFF,ldw_d16,"ld WA,(0x0d2e)",2
UNI_ASSEMBLES_DIFF,ldw_d16,"ld WA,(0x0d4e)",2
UNI_ASSEMBLES_DIFF,ldw_d16,"ld WA,(0x0e44)",2
UNI_ASSEMBLES_DIFF,ldw_d16,"ld WA,(0x0e60)",2
UNI_ASSEMBLES_DIFF,ldw_d16,"ld WA,(0x1174)",2
UNI_ASSEMBLES_DIFF,ldw_d16,"ld WA,(0x11b4)",2
UNI_ASSEMBLES_DIFF,ldw_d16,"ld WA,(0x126c)",2
UNI_ASSEMBLES_DIFF,ldw_d16,"ld WA,(0x1950)",2
UNI_ASSEMBLES_DIFF,ldw_d16,"ld WA,(0x1952)",2
UNI_ASSEMBLES_DIFF,ldw_d16,"ld WA,(0x212a)",2
UNI_ASSEMBLES_DIFF,ldw_d16,"ld WA,(0x23c6)",2
UNI_ASSEMBLES_DIFF,ldw_d16,"ld WA,(0x255c)",2
UNI_ASSEMBLES_DIFF,ldw_d16,"ld WA,(0x255e)",2
UNI_ASSEMBLES_DIFF,ldw_d16,"ld WA,(0x2560)",2
UNI_ASSEMBLES_DIFF,ldw_d16,"ld WA,(0x2562)",2
UNI_ASSEMBLES_DIFF,ldw_d16,"ld WA,(0x2658)",2
UNI_ASSEMBLES_DIFF,ldw_d16,"ld WA,(0x2720)",2
UNI_ASSEMBLES_DIFF,ldw_d16,"ld WA,(0x2797)",2
UNI_ASSEMBLES_DIFF,ldw_d16,"ld WA,(0x27d0)",2
UNI_ASSEMBLES_DIFF,ldw_d16,"ld WA,(0x28d4)",2
UNI_ASSEMBLES_DIFF,ldw_d16,"ld WA,(0x2950)",2
UNI_ASSEMBLES_DIFF,ldw_d16,"ld WA,(0x2959)",2
UNI_ASSEMBLES_DIFF,ldw_d16,"ld WA,(0x2a90)",2
UNI_ASSEMBLES_DIFF,ldw_d16,"ld WA,(0x31eb)",2
UNI_ASSEMBLES_DIFF,ldw_d16,"ld WA,(0x31ed)",2
UNI_ASSEMBLES_DIFF,ldw_d16,"ld WA,(0x31ef)",2
UNI_ASSEMBLES_DIFF,ldw_d16,"ld WA,(0x31f1)",2
UNI_ASSEMBLES_DIFF,ldw_d16,"ld WA,(0x31f3)",2
UNI_ASSEMBLES_DIFF,ldw_d16,"ld WA,(0x31f5)",2
UNI_ASSEMBLES_DIFF,ldw_d16,"ld WA,(0x3297)",2
UNI_ASSEMBLES_DIFF,ldw_d16,"ld WA,(0x3299)",2
UNI_ASSEMBLES_DIFF,ldw_d16,"ld WA,(0x329b)",2
UNI_ASSEMBLES_DIFF,ldw_d16,"ld WA,(0x329d)",2
UNI_ASSEMBLES_DIFF,ldw_d16,"ld WA,(0x329f)",2
UNI_ASSEMBLES_DIFF,ldw_d16,"ld WA,(0x32a1)",2
UNI_ASSEMBLES_DIFF,ldw_d16,"ld WA,(0x3374)",2
UNI_ASSEMBLES_DIFF,ldw_d16,"ld WA,(0x343d)",2
UNI_ASSEMBLES_DIFF,ldw_d16,"ld WA,(0x3454)",2
UNI_ASSEMBLES_DIFF,ldw_d16,"ld WA,(0x3476)",2
UNI_ASSEMBLES_DIFF,ldw_d16,"ld WA,(0x34d4)",2
UNI_ASSEMBLES_DIFF,ldw_d16,"ld WA,(0x34ea)",2
UNI_ASSEMBLES_DIFF,ldw_d16,"ld WA,(0x351a)",2
UNI_ASSEMBLES_DIFF,ldw_d16,"ld WA,(0x351e)",2
UNI_ASSEMBLES_DIFF,ldw_d16,"ld WA,(0x355a)",2
UNI_ASSEMBLES_DIFF,ldw_d16,"ld WA,(0x35ae)",2
UNI_ASSEMBLES_DIFF,ldw_d16,"ld WA,(0x35b8)",2
UNI_ASSEMBLES_DIFF,ldw_d16,"ld WA,(0x35ba)",2
UNI_ASSEMBLES_DIFF,ldw_d16,"ld WA,(0x35da)",2
UNI_ASSEMBLES_DIFF,ldw_d16,"ld WA,(0x35dc)",2
UNI_ASSEMBLES_DIFF,ldw_d16,"ld WA,(0x3606)",2
UNI_ASSEMBLES_DIFF,ldw_d16,"ld WA,(0x3668)",2
UNI_ASSEMBLES_DIFF,ldw_d16,"ld WA,(0x36d4)",2
UNI_ASSEMBLES_DIFF,ldw_d16,"ld WA,(0x36e2)",2
UNI_ASSEMBLES_DIFF,ldw_d16,"ld WA,(0x36f4)",2
UNI_ASSEMBLES_DIFF,ldw_d16,"ld WA,(0x38b6)",2
UNI_ASSEMBLES_DIFF,ldw_d16,"ld WA,(0x38b8)",2
UNI_ASSEMBLES_DIFF,ldw_d16,"ld WA,(0x38ba)",2
UNI_ASSEMBLES_DIFF,ldw_d16,"ld WA,(0x38bc)",2
UNI_ASSEMBLES_DIFF,ldw_d16,"ld WA,(0x38be)",2
UNI_ASSEMBLES_DIFF,ldw_d16,"ld WA,(0x38e2)",2
UNI_ASSEMBLES_DIFF,ldw_d16,"ld WA,(0x395c)",2
UNI_ASSEMBLES_DIFF,ldw_d16,"ld WA,(0x395e)",2
UNI_ASSEMBLES_DIFF,ldw_d16,"ld WA,(0x3960)",2
UNI_ASSEMBLES_DIFF,ldw_d16,"ld WA,(0x3962)",2
UNI_ASSEMBLES_DIFF,ldw_d16,"ld WA,(0x3964)",2
UNI_ASSEMBLES_DIFF,ldw_d16,"ld WA,(0x3966)",2
UNI_ASSEMBLES_DIFF,ldw_d16,"ld WA,(0x3968)",2
UNI_ASSEMBLES_DIFF,ldw_d16,"ld WA,(0x396a)",2
UNI_ASSEMBLES_DIFF,ldw_d16,"ld WA,(0x396c)",2
UNI_ASSEMBLES_DIFF,ldw_d16,"ld WA,(0x396e)",2
UNI_ASSEMBLES_DIFF,ldw_d16,"ld WA,(0x3972)",2
UNI_ASSEMBLES_DIFF,ldw_d16,"ld WA,(0x3982)",2
UNI_ASSEMBLES_DIFF,ldw_d16,"ld WA,(0x3984)",2
UNI_ASSEMBLES_DIFF,ldw_d16,"ld WA,(0x3a82)",2
UNI_ASSEMBLES_DIFF,ldw_d16,"ld WA,(0x4810)",2
UNI_ASSEMBLES_DIFF,ldw_d16,"ld WA,(0x7d7c)",2
UNI_ASSEMBLES_DIFF,ldw_d16,"ld WA,(0x7e00)",2
UNI_ASSEMBLES_DIFF,ldw_d16,"ld WA,(0x7e1c)",2
UNI_ASSEMBLES_DIFF,ldw_d16,"ld WA,(0x7e34)",2
UNI_ASSEMBLES_DIFF,ldw_d16,"ld WA,(0x7e36)",2
UNI_ASSEMBLES_DIFF,ldw_d16,"ld WA,(0x7e38)",2
UNI_ASSEMBLES_DIFF,ldw_d16,"ld WA,(0x7e3a)",2
UNI_ASSEMBLES_DIFF,ldw_d16,"ld WA,(0x7e76)",2
UNI_ASSEMBLES_DIFF,ldw_d16,"ld WA,(0x7ee4)",2
UNI_ASSEMBLES_DIFF,ldw_d16,"ld WA,(0x7f0e)",2
UNI_ASSEMBLES_DIFF,ldw_d16,"ld WA,(0x7f1c)",2
UNI_ASSEMBLES_DIFF,ldw_d16,"ld WA,(0x7f1e)",2
UNI_ASSEMBLES_DIFF,ldw_d16,"ld WA,(0x7f20)",2
UNI_ASSEMBLES_DIFF,ldw_d16,"ld WA,(0x7f22)",2
UNI_ASSEMBLES_DIFF,ldw_d16,"ld WA,(0x7f24)",2
UNI_ASSEMBLES_DIFF,ldw_d16,"ld WA,(0x7f26)",2
UNI_ASSEMBLES_DIFF,ldw_d16,"ld WA,(0x7f28)",2
UNI_ASSEMBLES_DIFF,ldw_d16,"ld WA,(0x7f2a)",2
UNI_ASSEMBLES_DIFF,ldw_d16,"ld WA,(0x7f2c)",2
UNI_ASSEMBLES_DIFF,ldw_d16,"ld WA,(0x7f2e)",2
UNI_ASSEMBLES_DIFF,ldw_d16,"ld WA,(0x7f30)",2
UNI_ASSEMBLES_DIFF,ldw_d16,"ld WA,(0x7f32)",2
UNI_ASSEMBLES_DIFF,ldw_d16,"ld WA,(0x823c)",2
UNI_ASSEMBLES_DIFF,ldw_d16,"ld WA,(0x8438)",2
UNI_ASSEMBLES_DIFF,ldw_d16,"ld WA,(0x849c)",2
UNI_ASSEMBLES_DIFF,ldw_d16,"ld WA,(0x84fc)",2
UNI_ASSEMBLES_DIFF,ldw_d16,"ld WA,(0x89a4)",2
UNI_ASSEMBLES_DIFF,ldw_d16,"ld WA,(0x89a8)",2
UNI_ASSEMBLES_DIFF,ldw_d16,"ld WA,(0x89aa)",2
UNI_ASSEMBLES_DIFF,ldw_d16,"ld WA,(0x8a42)",2
UNI_ASSEMBLES_DIFF,ldw_d16,"ld WA,(0x8a48)",2
UNI_ASSEMBLES_DIFF,ldw_d16,"ld WA,(0x8d38)",2
UNI_ASSEMBLES_DIFF,ldw_d16,"ld WA,(0x8d63)",2
UNI_ASSEMBLES_DIFF,ldw_d16,"ld WA,(0x8d9d)",2
UNI_ASSEMBLES_DIFF,ldw_d16,"ld WA,(0x8d9f)",2
UNI_ASSEMBLES_DIFF,ldw_d16,"ld WA,(0x8ea0)",2
UNI_ASSEMBLES_DIFF,ldw_d16,"ld WA,(0x8ea8)",2
UNI_ASSEMBLES_DIFF,ldw_d16,"ld WA,(0x8eac)",2
UNI_ASSEMBLES_DIFF,ldw_d16,"ld WA,(0x8ec8)",2
UNI_ASSEMBLES_DIFF,ldw_d16,"ld WA,(0x9097)",2
UNI_ASSEMBLES_DIFF,ldw_d16,"ld WA,(0x90e2)",2
UNI_ASSEMBLES_DIFF,ldw_d16,"ld WA,(0x91b9)",2
UNI_ASSEMBLES_DIFF,ldw_d16,"ld WA,(0x91c5)",2
UNI_ASSEMBLES_DIFF,ldw_d16,"ld WA,(0x95a8)",2
UNI_ASSEMBLES_DIFF,ldw_d16,"ld WA,(0x95aa)",2
UNI_ASSEMBLES_DIFF,ldw_d16,"ld WA,(0x9635)",2
UNI_ASSEMBLES_DIFF,ldw_d16,"ld WA,(0xb7d6)",2
UNI_ASSEMBLES_DIFF,ldw_d16,"ld WA,(0xb7d8)",2
UNI_ASSEMBLES_DIFF,ldw_d16,"ld WA,(0xb7ea)",2
UNI_ASSEMBLES_DIFF,ldw_d16,"ld WA,(0xbd3a)",2
UNI_ASSEMBLES_DIFF,ldw_d16,"ld WA,(0xbfe2)",2
UNI_ASSEMBLES_DIFF,ldw_d16,"ld WA,(0xc1f8)",2
UNI_ASSEMBLES_DIFF,ldw_d16,"ld WA,(0xc1fa)",2
UNI_ASSEMBLES_DIFF,ldw_d16,"ld WA,(0xc4f8)",2
UNI_ASSEMBLES_DIFF,ldw_d16,"ld WA,(0xcf01)",2
UNI_ASSEMBLES_DIFF,ldw_d16,"ld WA,(0xcf31)",2
UNI_ASSEMBLES_DIFF,ldw_d16,"ld WA,(0xcfc8)",2
UNI_ASSEMBLES_DIFF,ldw_d16,"ld WA,(0xcfca)",2
UNI_ASSEMBLES_DIFF,ldw_d16,"ld WA,(0xcfcc)",2
UNI_ASSEMBLES_DIFF,ldw_d16,"ld WA,(0xcfce)",2
UNI_ASSEMBLES_DIFF,ldw_d16,"ld WA,(0xd0a8)",2
UNI_ASSEMBLES_DIFF,ldw_d16,"ld WA,(0xd0aa)",2
UNI_ASSEMBLES_DIFF,ldw_d16,"ld WA,(0xd8ae)",2
UNI_ASSEMBLES_DIFF,ldw_d16,"ld WA,(0xd8b0)",2
UNI_ASSEMBLES_DIFF,ldw_d16,"ld WA,(0xe0b4)",2
UNI_ASSEMBLES_DIFF,ldw_d16,"ld WA,(0xe0b6)",2
UNI_ASSEMBLES_DIFF,ldw_d16,"ld WA,(0xe360)",2
UNI_ASSEMBLES_DIFF,ldw_d16,"ld WA,(0xeaf9)",2
UNI_ASSEMBLES_DIFF,ldw_d16,"ld WA,(0xebfb)",2
UNI_ASSEMBLES_DIFF,ldw_d16,"ld WA,(0xec01)",2
UNI_ASSEMBLES_DIFF,ldw_d16,"ld WA,(0xec0e)",2
UNI_ASSEMBLES_DIFF,ldw_d16,"ld WA,(0xf248)",2
UNI_ASSEMBLES_DIFF,ldda32,"ld XBC,(0x1040)",2
UNI_ASSEMBLES_DIFF,ldda32,"ld XBC,(0x1a31)",2
UNI_ASSEMBLES_DIFF,ldda32,"ld XBC,(0x21d7)",2
UNI_ASSEMBLES_DIFF,ldda32,"ld XBC,(0x2666)",2
UNI_ASSEMBLES_DIFF,ldda32,"ld XBC,(0x266a)",2
UNI_ASSEMBLES_DIFF,ldda32,"ld XBC,(0x3000)",2
UNI_ASSEMBLES_DIFF,ldda32,"ld XBC,(0x32ce)",2
UNI_ASSEMBLES_DIFF,ldda32,"ld XBC,(0x3426)",2
UNI_ASSEMBLES_DIFF,ldda32,"ld XBC,(0x3d64)",2
UNI_ASSEMBLES_DIFF,ldda32,"ld XBC,(0x48b2)",2
UNI_ASSEMBLES_DIFF,ldda32,"ld XBC,(0x7ae8)",2
UNI_ASSEMBLES_DIFF,ldda32,"ld XBC,(0x7f44)",2
UNI_ASSEMBLES_DIFF,ldda32,"ld XBC,(0x9056)",2
UNI_ASSEMBLES_DIFF,ldda32,"ld XBC,(0x913b)",2
UNI_ASSEMBLES_DIFF,ldda32,"ld XBC,(0xbc58)",2
UNI_ASSEMBLES_DIFF,ldda32,"ld XBC,(0xbc60)",2
UNI_ASSEMBLES_DIFF,ldda32,"ld XBC,(0xbcb0)",2
UNI_ASSEMBLES_DIFF,ldda32,"ld XBC,(0xbcb8)",2
UNI_ASSEMBLES_DIFF,ldda32,"ld XBC,(0xe193)",2
UNI_ASSEMBLES_DIFF,ldda32,"ld XDE,(0x0c59)",2
UNI_ASSEMBLES_DIFF,ldda32,"ld XDE,(0x0c6e)",2
UNI_ASSEMBLES_DIFF,ldda32,"ld XDE,(0x0c72)",2
UNI_ASSEMBLES_DIFF,ldda32,"ld XDE,(0x3000)",2
UNI_ASSEMBLES_DIFF,ldda32,"ld XDE,(0x3d5c)",2
UNI_ASSEMBLES_DIFF,ldda32,"ld XDE,(0x7f44)",2
UNI_ASSEMBLES_DIFF,ldda32,"ld XDE,(0x90f2)",2
UNI_ASSEMBLES_DIFF,ldda32,"ld XDE,(0x913f)",2
UNI_ASSEMBLES_DIFF,ldda32,"ld XDE,(0xbc54)",2
UNI_ASSEMBLES_DIFF,ldda32,"ld XDE,(0xe0b2)",2
UNI_ASSEMBLES_DIFF,ldda32,"ld XHL,(0x0444)",2
UNI_ASSEMBLES_DIFF,ldda32,"ld XHL,(0x0c59)",2
UNI_ASSEMBLES_DIFF,ldda32,"ld XHL,(0x0c63)",2
UNI_ASSEMBLES_DIFF,ldda32,"ld XHL,(0x0c7c)",2
UNI_ASSEMBLES_DIFF,ldda32,"ld XHL,(0x0c92)",2
UNI_ASSEMBLES_DIFF,ldda32,"ld XHL,(0x0d24)",2
UNI_ASSEMBLES_DIFF,ldda32,"ld XHL,(0x0d2a)",2
UNI_ASSEMBLES_DIFF,ldda32,"ld XHL,(0x0e1f)",2
UNI_ASSEMBLES_DIFF,ldda32,"ld XHL,(0x1088)",2
UNI_ASSEMBLES_DIFF,ldda32,"ld XHL,(0x110e)",2
UNI_ASSEMBLES_DIFF,ldda32,"ld XHL,(0x284a)",2
UNI_ASSEMBLES_DIFF,ldda32,"ld XHL,(0x3548)",2
UNI_ASSEMBLES_DIFF,ldda32,"ld XHL,(0x35b4)",2
UNI_ASSEMBLES_DIFF,ldda32,"ld XHL,(0x3912)",2
UNI_ASSEMBLES_DIFF,ldda32,"ld XHL,(0x90f2)",2
UNI_ASSEMBLES_DIFF,ldda32,"ld XHL,(0x9143)",2
UNI_ASSEMBLES_DIFF,ldda32,"ld XHL,(0x9770)",2
UNI_ASSEMBLES_DIFF,ldda32,"ld XIX,(0x0448)",2
UNI_ASSEMBLES_DIFF,ldda32,"ld XIX,(0x0d14)",2
UNI_ASSEMBLES_DIFF,ldda32,"ld XIX,(0x21d3)",2
UNI_ASSEMBLES_DIFF,ldda32,"ld XIX,(0x34b0)",2
UNI_ASSEMBLES_DIFF,ldda32,"ld XIX,(0x34c4)",2
UNI_ASSEMBLES_DIFF,ldda32,"ld XIX,(0x34c8)",2
UNI_ASSEMBLES_DIFF,ldda32,"ld XIX,(0x35b0)",2
UNI_ASSEMBLES_DIFF,ldda32,"ld XIX,(0x3650)",2
UNI_ASSEMBLES_DIFF,ldda32,"ld XIX,(0x375a)",2
UNI_ASSEMBLES_DIFF,ldda32,"ld XIX,(0x3912)",2
UNI_ASSEMBLES_DIFF,ldda32,"ld XIX,(0x391e)",2
UNI_ASSEMBLES_DIFF,ldda32,"ld XIX,(0x9147)",2
UNI_ASSEMBLES_DIFF,ldda32,"ld XIX,(0xc081)",2
UNI_ASSEMBLES_DIFF,ldda32,"ld XIX,(0xc085)",2
UNI_ASSEMBLES_DIFF,ldda32,"ld XIX,(0xe14e)",2
UNI_ASSEMBLES_DIFF,ldda32,"ld XIY,(0x044c)",2
UNI_ASSEMBLES_DIFF,ldda32,"ld XIY,(0x259f)",2
UNI_ASSEMBLES_DIFF,ldda32,"ld XIY,(0x2846)",2
UNI_ASSEMBLES_DIFF,ldda32,"ld XIY,(0x34c4)",2
UNI_ASSEMBLES_DIFF,ldda32,"ld XIY,(0x3650)",2
UNI_ASSEMBLES_DIFF,ldda32,"ld XIY,(0x374e)",2
UNI_ASSEMBLES_DIFF,ldda32,"ld XIY,(0x376a)",2
UNI_ASSEMBLES_DIFF,ldda32,"ld XIY,(0x391e)",2
UNI_ASSEMBLES_DIFF,ldda32,"ld XIY,(0x7dd8)",2
UNI_ASSEMBLES_DIFF,ldda32,"ld XIY,(0x90f2)",2
UNI_ASSEMBLES_DIFF,ldda32,"ld XIY,(0x914b)",2
UNI_ASSEMBLES_DIFF,ldda32,"ld XIY,(0xc089)",2
UNI_ASSEMBLES_DIFF,ldda32,"ld XIZ,(0x0450)",2
UNI_ASSEMBLES_DIFF,ldda32,"ld XIZ,(0x376a)",2
UNI_ASSEMBLES_DIFF,ldda32,"ld XIZ,(0x376e)",2
UNI_ASSEMBLES_DIFF,ldda32,"ld XIZ,(0x90f2)",2
UNI_ASSEMBLES_DIFF,ldda32,"ld XIZ,(0x914f)",2
UNI_ASSEMBLES_DIFF,ldda32,"ld XIZ,(0xbc54)",2
UNI_ASSEMBLES_DIFF,ldda32,"ld XWA,(0x19e4)",2
UNI_ASSEMBLES_DIFF,ldda32,"ld XWA,(0x2640)",2
UNI_ASSEMBLES_DIFF,ldda32,"ld XWA,(0x35b0)",2
UNI_ASSEMBLES_DIFF,ldda32,"ld XWA,(0x3cc4)",2
UNI_ASSEMBLES_DIFF,ldda32,"ld XWA,(0x3d64)",2
UNI_ASSEMBLES_DIFF,ldda32,"ld XWA,(0x48ae)",2
UNI_ASSEMBLES_DIFF,ldda32,"ld XWA,(0x55dc)",2
UNI_ASSEMBLES_DIFF,ldda32,"ld XWA,(0x78b3)",2
UNI_ASSEMBLES_DIFF,ldda32,"ld XWA,(0x7dc9)",2
UNI_ASSEMBLES_DIFF,ldda32,"ld XWA,(0x7dcd)",2
UNI_ASSEMBLES_DIFF,ldda32,"ld XWA,(0x7ec4)",2
UNI_ASSEMBLES_DIFF,ldda32,"ld XWA,(0x7f6a)",2
UNI_ASSEMBLES_DIFF,ldda32,"ld XWA,(0x808c)",2
UNI_ASSEMBLES_DIFF,ldda32,"ld XWA,(0x8090)",2
UNI_ASSEMBLES_DIFF,ldda32,"ld XWA,(0x8198)",2
UNI_ASSEMBLES_DIFF,ldda32,"ld XWA,(0x819c)",2
UNI_ASSEMBLES_DIFF,ldda32,"ld XWA,(0x81a4)",2
UNI_ASSEMBLES_DIFF,ldda32,"ld XWA,(0x81b6)",2
UNI_ASSEMBLES_DIFF,ldda32,"ld XWA,(0x81ba)",2
UNI_ASSEMBLES_DIFF,ldda32,"ld XWA,(0x81be)",2
UNI_ASSEMBLES_DIFF,ldda32,"ld XWA,(0x81c2)",2
UNI_ASSEMBLES_DIFF,ldda32,"ld XWA,(0x81c6)",2
UNI_ASSEMBLES_DIFF,ldda32,"ld XWA,(0x8242)",2
UNI_ASSEMBLES_DIFF,ldda32,"ld XWA,(0x8332)",2
UNI_ASSEMBLES_DIFF,ldda32,"ld XWA,(0x8386)",2
UNI_ASSEMBLES_DIFF,ldda32,"ld XWA,(0x8398)",2
UNI_ASSEMBLES_DIFF,ldda32,"ld XWA,(0x8d60)",2
UNI_ASSEMBLES_DIFF,ldda32,"ld XWA,(0x8e84)",2
UNI_ASSEMBLES_DIFF,ldda32,"ld XWA,(0x8e88)",2
UNI_ASSEMBLES_DIFF,ldda32,"ld XWA,(0x9137)",2
UNI_ASSEMBLES_DIFF,ldda32,"ld XWA,(0xbc58)",2
UNI_ASSEMBLES_DIFF,ldda32,"ld XWA,(0xcfb4)",2
UNI_ASSEMBLES_DIFF,ldda32,"ld XWA,(0xcfb8)",2
UNI_ASSEMBLES_DIFF,ldda32,"ld XWA,(0xcfbc)",2
UNI_ASSEMBLES_DIFF,ldda32,"ld XWA,(0xcfc0)",2
UNI_ASSEMBLES_DIFF,ldda32,"ld XWA,(0xcfc4)",2
UNI_ASSEMBLES_DIFF,ldda32,"ld XWA,(0xd0a0)",2
UNI_ASSEMBLES_DIFF,ldda32,"ld XWA,(0xd0a4)",2
UNI_ASSEMBLES_DIFF,ldda32,"ld XWA,(0xe0b2)",2
UNI_ASSEMBLES_DIFF,ldda32,"ld XWA,(0xe9e7)",2
UNI_ASSEMBLES_DIFF,ldda32,"ld XWA,(0xe9f5)",2
UNI_ASSEMBLES_DIFF,ldda32,"ld XWA,(0xebfd)",2
UNI_ASSEMBLES_DIFF,ldcf_dd16,"ldcf 4,(0xc322)",2
UNI_ASSEMBLES_DIFF,ldcf_dd16,"ldcf 4,(0xc488)",2
UNI_ASSEMBLES_DIFF,ordi8,"or (0x0427),0x42",2
UNI_ASSEMBLES_DIFF,ordi8,"or (0x0429),0x10",2
UNI_ASSEMBLES_DIFF,ordi8,"or (0x0d53),0x01",2
UNI_ASSEMBLES_DIFF,orddm16,"or (0x1108),DE",2
UNI_ASSEMBLES_DIFF,orddm8,"or (0x2771),C",2
UNI_ASSEMBLES_DIFF,orddm8,"or (0x2893),C",2
UNI_ASSEMBLES_DIFF,orddm8,"or (0x2894),C",2
UNI_ASSEMBLES_DIFF,orddm8,"or (0x2895),C",2
UNI_ASSEMBLES_DIFF,ordi8,"or (0x326d),0x01",2
UNI_ASSEMBLES_DIFF,ordi8,"or (0x326d),0x02",2
UNI_ASSEMBLES_DIFF,ordi8,"or (0x3270),0x01",2
UNI_ASSEMBLES_DIFF,ordi8,"or (0x3271),0x01",2
UNI_ASSEMBLES_DIFF,ordi8,"or (0x3283),0x04",2
UNI_ASSEMBLES_DIFF,ordi8,"or (0x3284),0x02",2
UNI_ASSEMBLES_DIFF,ordi8,"or (0x328d),0x3f",2
UNI_ASSEMBLES_DIFF,ordi8,"or (0x32f3),0x01",2
UNI_ASSEMBLES_DIFF,ordi8,"or (0x32f3),0x20",2
UNI_ASSEMBLES_DIFF,ordi8,"or (0x32f4),0x10",2
UNI_ASSEMBLES_DIFF,ordi8,"or (0x32f4),0x21",2
UNI_ASSEMBLES_DIFF,ordi8,"or (0x32f4),0x41",2
UNI_ASSEMBLES_DIFF,ordi8,"or (0x32fc),0x01",2
UNI_ASSEMBLES_DIFF,ordi8,"or (0x32fc),0x02",2
UNI_ASSEMBLES_DIFF,ordi8,"or (0x330a),0x01",2
UNI_ASSEMBLES_DIFF,ordi8,"or (0x330a),0x04",2
UNI_ASSEMBLES_DIFF,ordi8,"or (0x330a),0x08",2
UNI_ASSEMBLES_DIFF,ordi8,"or (0x330b),0x01",2
UNI_ASSEMBLES_DIFF,ordi8,"or (0x330b),0x02",2
UNI_ASSEMBLES_DIFF,ordi8,"or (0x330f),0x01",2
UNI_ASSEMBLES_DIFF,ordi8,"or (0x3312),0x3f",2
UNI_ASSEMBLES_DIFF,ordi8,"or (0x3313),0x3f",2
UNI_ASSEMBLES_DIFF,orddm8,"or (0x3313),A",2
UNI_ASSEMBLES_DIFF,ordi8,"or (0x3314),0x3f",2
UNI_ASSEMBLES_DIFF,ordi8,"or (0x3315),0x3f",2
UNI_ASSEMBLES_DIFF,ordi8,"or (0x3327),0x3f",2
UNI_ASSEMBLES_DIFF,ordi8,"or (0x332c),0x01",2
UNI_ASSEMBLES_DIFF,ordi8,"or (0x332c),0x02",2
UNI_ASSEMBLES_DIFF,ordi8,"or (0x332c),0x04",2
UNI_ASSEMBLES_DIFF,ordi8,"or (0x332c),0x08",2
UNI_ASSEMBLES_DIFF,ordi8,"or (0x332c),0x10",2
UNI_ASSEMBLES_DIFF,ordi8,"or (0x332c),0x20",2
UNI_ASSEMBLES_DIFF,orddm8,"or (0x332c),A",2
UNI_ASSEMBLES_DIFF,ordi8,"or (0x332d),0x01",2
UNI_ASSEMBLES_DIFF,ordi8,"or (0x3363),0x01",2
UNI_ASSEMBLES_DIFF,ordi8,"or (0x338d),0x01",2
UNI_ASSEMBLES_DIFF,ordi8,"or (0x3391),0x01",2
UNI_ASSEMBLES_DIFF,ordi8,"or (0x33d1),0x04",2
UNI_ASSEMBLES_DIFF,ordi8,"or (0x33d2),0xa0",2
UNI_ASSEMBLES_DIFF,ordi8,"or (0x33d2),0xe0",2
UNI_ASSEMBLES_DIFF,ordi8,"or (0x33d3),0x01",2
UNI_ASSEMBLES_DIFF,orddm8,"or (0x33e0),A",2
UNI_ASSEMBLES_DIFF,ordi8,"or (0x33e5),0x01",2
UNI_ASSEMBLES_DIFF,ordi8,"or (0x33e5),0x02",2
UNI_ASSEMBLES_DIFF,ordi8,"or (0x33e5),0x10",2
UNI_ASSEMBLES_DIFF,ordi8,"or (0x33e5),0x20",2
UNI_ASSEMBLES_DIFF,ordi8,"or (0x33e5),0x40",2
UNI_ASSEMBLES_DIFF,ordi8,"or (0x33e7),0x10",2
UNI_ASSEMBLES_DIFF,ordi8,"or (0x33e7),0x20",2
UNI_ASSEMBLES_DIFF,ordi8,"or (0x33e7),0x40",2
UNI_ASSEMBLES_DIFF,ordi8,"or (0x33e8),0x01",2
UNI_ASSEMBLES_DIFF,ordi8,"or (0x346d),0x01",2
UNI_ASSEMBLES_DIFF,ordi8,"or (0x346d),0x02",2
UNI_ASSEMBLES_DIFF,ordi8,"or (0x346d),0x10",2
UNI_ASSEMBLES_DIFF,ordi8,"or (0x346d),0x80",2
UNI_ASSEMBLES_DIFF,ordi8,"or (0x346e),0x04",2
UNI_ASSEMBLES_DIFF,ordi8,"or (0x346e),0x60",2
UNI_ASSEMBLES_DIFF,ordi8,"or (0x346e),0x80",2
UNI_ASSEMBLES_DIFF,ordi8,"or (0x3470),0x01",2
UNI_ASSEMBLES_DIFF,ordi8,"or (0x3470),0x04",2
UNI_ASSEMBLES_DIFF,ordi8,"or (0x3470),0x08",2
UNI_ASSEMBLES_DIFF,ordi8,"or (0x3470),0x10",2
UNI_ASSEMBLES_DIFF,ordi8,"or (0x3470),0x20",2
UNI_ASSEMBLES_DIFF,ordi8,"or (0x3470),0x40",2
UNI_ASSEMBLES_DIFF,ordi8,"or (0x3470),0x80",2
UNI_ASSEMBLES_DIFF,ordi8,"or (0x347a),0x01",2
UNI_ASSEMBLES_DIFF,ordi8,"or (0x347a),0x04",2
UNI_ASSEMBLES_DIFF,ordi8,"or (0x347a),0x80",2
UNI_ASSEMBLES_DIFF,ordi8,"or (0x3482),0x04",2
UNI_ASSEMBLES_DIFF,ordi8,"or (0x3482),0x08",2
UNI_ASSEMBLES_DIFF,ordi8,"or (0x3482),0x10",2
UNI_ASSEMBLES_DIFF,ordi8,"or (0x3482),0x20",2
UNI_ASSEMBLES_DIFF,ordi8,"or (0x3482),0x40",2
UNI_ASSEMBLES_DIFF,ordi8,"or (0x3482),0x80",2
UNI_ASSEMBLES_DIFF,ordi8,"or (0x3486),0x04",2
UNI_ASSEMBLES_DIFF,ordi8,"or (0x3491),0x01",2
UNI_ASSEMBLES_DIFF,ordi8,"or (0x3498),0x80",2
UNI_ASSEMBLES_DIFF,ordi8,"or (0x3499),0x01",2
UNI_ASSEMBLES_DIFF,ordi8,"or (0x349f),0x01",2
UNI_ASSEMBLES_DIFF,ordi8,"or (0x349f),0x02",2
UNI_ASSEMBLES_DIFF,ordi8,"or (0x349f),0x08",2
UNI_ASSEMBLES_DIFF,ordi8,"or (0x34cd),0x08",2
UNI_ASSEMBLES_DIFF,ordi8,"or (0x34cd),0x40",2
UNI_ASSEMBLES_DIFF,ordi8,"or (0x34ce),0x80",2
UNI_ASSEMBLES_DIFF,ordi8,"or (0x34cf),0x80",2
UNI_ASSEMBLES_DIFF,ordi8,"or (0x34d0),0x01",2
UNI_ASSEMBLES_DIFF,ordi8,"or (0x34d0),0x10",2
UNI_ASSEMBLES_DIFF,ordi8,"or (0x34d0),0x80",2
UNI_ASSEMBLES_DIFF,ordi8,"or (0x34d1),0x80",2
UNI_ASSEMBLES_DIFF,ordi8,"or (0x34d3),0x01",2
UNI_ASSEMBLES_DIFF,orddm8,"or (0x34e0),B",2
UNI_ASSEMBLES_DIFF,orddm8,"or (0x34e2),B",2
UNI_ASSEMBLES_DIFF,orddm8,"or (0x34e4),B",2
UNI_ASSEMBLES_DIFF,orddm8,"or (0x34e6),B",2
UNI_ASSEMBLES_DIFF,orddm8,"or (0x34e8),B",2
UNI_ASSEMBLES_DIFF,ordi8,"or (0x34ea),0x10",2
UNI_ASSEMBLES_DIFF,ordi8,"or (0x34ea),0x20",2
UNI_ASSEMBLES_DIFF,ordi8,"or (0x34ea),0x40",2
UNI_ASSEMBLES_DIFF,orddm8,"or (0x34ea),A",2
UNI_ASSEMBLES_DIFF,ordi8,"or (0x3522),0x01",2
UNI_ASSEMBLES_DIFF,ordi8,"or (0x3522),0x04",2
UNI_ASSEMBLES_DIFF,ordi8,"or (0x3522),0x08",2
UNI_ASSEMBLES_DIFF,ordi8,"or (0x3522),0x80",2
UNI_ASSEMBLES_DIFF,ordi8,"or (0x3523),0x01",2
UNI_ASSEMBLES_DIFF,ordi8,"or (0x3523),0x02",2
UNI_ASSEMBLES_DIFF,ordi8,"or (0x357a),0x01",2
UNI_ASSEMBLES_DIFF,ordi8,"or (0x35b0),0x02",2
UNI_ASSEMBLES_DIFF,ordi8,"or (0x35b0),0x04",2
UNI_ASSEMBLES_DIFF,ordi8,"or (0x35fb),0x02",2
UNI_ASSEMBLES_DIFF,ordi8,"or (0x35fd),0x01",2
UNI_ASSEMBLES_DIFF,ordi8,"or (0x3616),0x02",2
UNI_ASSEMBLES_DIFF,ordi8,"or (0x364a),0x02",2
UNI_ASSEMBLES_DIFF,orddm8,"or (0x372c),W",2
UNI_ASSEMBLES_DIFF,ordi8,"or (0x37c8),0x7f",2
UNI_ASSEMBLES_DIFF,orddm8,"or (0x390d),A",2
UNI_ASSEMBLES_DIFF,orddm16,"or (0x3b22),HL",2
UNI_ASSEMBLES_DIFF,ordi8,"or (0x7d88),0x80",2
UNI_ASSEMBLES_DIFF,ordi8,"or (0x7e24),0x01",2
UNI_ASSEMBLES_DIFF,ordi8,"or (0x7e24),0x80",2
UNI_ASSEMBLES_DIFF,ordi8,"or (0x7e27),0x02",2
UNI_ASSEMBLES_DIFF,ordi8,"or (0x7e53),0x02",2
UNI_ASSEMBLES_DIFF,ordi8,"or (0x7e5f),0x01",2
UNI_ASSEMBLES_DIFF,ordi8,"or (0x7e5f),0x02",2
UNI_ASSEMBLES_DIFF,ordi8,"or (0x7e6e),0x01",2
UNI_ASSEMBLES_DIFF,ordi8,"or (0x7e6f),0x01",2
UNI_ASSEMBLES_DIFF,ordi8,"or (0x7f15),0x01",2
UNI_ASSEMBLES_DIFF,ordi8,"or (0x7f15),0x02",2
UNI_ASSEMBLES_DIFF,ordi8,"or (0x7f15),0x04",2
UNI_ASSEMBLES_DIFF,ordi8,"or (0x7f15),0x08",2
UNI_ASSEMBLES_DIFF,ordi8,"or (0x7f15),0x10",2
UNI_ASSEMBLES_DIFF,ordi8,"or (0x8cf6),0x01",2
UNI_ASSEMBLES_DIFF,ordi8,"or (0x8d88),0x01",2
UNI_ASSEMBLES_DIFF,ordi8,"or (0x8d8c),0x01",2
UNI_ASSEMBLES_DIFF,ordi8,"or (0x8d8c),0x04",2
UNI_ASSEMBLES_DIFF,ordi8,"or (0x8d8c),0x40",2
UNI_ASSEMBLES_DIFF,ordi8,"or (0x8d92),0x02",2
UNI_ASSEMBLES_DIFF,ordi8,"or (0x8d92),0x04",2
UNI_ASSEMBLES_DIFF,ordi8,"or (0x8d92),0x08",2
UNI_ASSEMBLES_DIFF,ordi8,"or (0x8d92),0x40",2
UNI_ASSEMBLES_DIFF,ordi8,"or (0x8d93),0x01",2
UNI_ASSEMBLES_DIFF,ordi8,"or (0x8d93),0x08",2
UNI_ASSEMBLES_DIFF,orddm8,"or (0x8f1c),A",2
UNI_ASSEMBLES_DIFF,orddm16,"or (0x8f3c),HL",2
UNI_ASSEMBLES_DIFF,orddm16,"or (0x8f40),HL",2
UNI_ASSEMBLES_DIFF,orddm16,"or (0x8f44),HL",2
UNI_ASSEMBLES_DIFF,orddm16,"or (0x8f46),HL",2
UNI_ASSEMBLES_DIFF,orddm16,"or (0x8f48),HL",2
UNI_ASSEMBLES_DIFF,orddm8,"or (0x90e4),A",2
UNI_ASSEMBLES_DIFF,ordi8,"or (0x90f9),0x01",2
UNI_ASSEMBLES_DIFF,ordi8,"or (0xb7e2),0x40",2
UNI_ASSEMBLES_DIFF,ordi8,"or (0xc2c2),0x7f",2
UNI_ASSEMBLES_DIFF,orddm8,"or (0xc2c3),A",2
UNI_ASSEMBLES_DIFF,ordi8,"or (0xc2c4),0xfe",2
UNI_ASSEMBLES_DIFF,ordi8,"or (0xc2c6),0x7f",2
UNI_ASSEMBLES_DIFF,orddm8,"or (0xc2c7),A",2
UNI_ASSEMBLES_DIFF,ordi8,"or (0xc2c8),0xfe",2
UNI_ASSEMBLES_DIFF,ordi8,"or (0xc2ca),0x7f",2
UNI_ASSEMBLES_DIFF,orddm8,"or (0xc2ca),A",2
UNI_ASSEMBLES_DIFF,ordi8,"or (0xc2cc),0xfe",2
UNI_ASSEMBLES_DIFF,orddm8,"or (0xc2ce),A",2
UNI_ASSEMBLES_DIFF,ordi8,"or (0xc2d0),0xfe",2
UNI_ASSEMBLES_DIFF,ordi8,"or (0xc2d2),0x7f",2
UNI_ASSEMBLES_DIFF,orddm8,"or (0xc2d3),A",2
UNI_ASSEMBLES_DIFF,ordi8,"or (0xc2d4),0xfe",2
UNI_ASSEMBLES_DIFF,orddm16,"or (0xc596),DE",2
UNI_ASSEMBLES_DIFF,ordi8,"or (0xe3e2),0x09",2
UNI_ASSEMBLES_DIFF,orddm8,"or (0xfc5b),A",2
UNI_ASSEMBLES_DIFF,orddm8,"or (0xfc5b),H",2
UNI_ASSEMBLES_DIFF,orda8,"or A,(0x0dc8)",2
UNI_ASSEMBLES_DIFF,orda8,"or A,(0x116d)",2
UNI_ASSEMBLES_DIFF,orda8,"or A,(0x3328)",2
UNI_ASSEMBLES_DIFF,orda8,"or A,(0x3a7c)",2
UNI_ASSEMBLES_DIFF,orda16,"or BC,(0x0d4f)",2
UNI_ASSEMBLES_DIFF,orda8,"or C,(0x8d42)",2
UNI_ASSEMBLES_DIFF,orda8,"or C,(0x8d44)",2
UNI_ASSEMBLES_DIFF,orda16,"or HL,(0x0d51)",2
UNI_ASSEMBLES_DIFF,orda8,"or W,(0x3279)",2
UNI_ASSEMBLES_DIFF,orda8,"or W,(0x3317)",2
UNI_ASSEMBLES_DIFF,orda8,"or W,(0x3318)",2
UNI_ASSEMBLES_DIFF,popb_dd16,"pop (0x342e)",2
UNI_ASSEMBLES_DIFF,popb_dd16,"pop (0x342f)",2
UNI_ASSEMBLES_DIFF,popb_dd16,"pop (0x3430)",2
UNI_ASSEMBLES_DIFF,popb_dd16,"pop (0x3431)",2
UNI_ASSEMBLES_DIFF,popw_dd16,"popw (0xc07b)",2
UNI_ASSEMBLES_DIFF,popw_dd16,"popw (0xc081)",2
UNI_ASSEMBLES_DIFF,popw_dd16,"popw (0xc083)",2
UNI_ASSEMBLES_DIFF,popw_dd16,"popw (0xc085)",2
UNI_ASSEMBLES_DIFF,popw_dd16,"popw (0xc087)",2
UNI_ASSEMBLES_DIFF,push_sd16b,"push (0x342e)",2
UNI_ASSEMBLES_DIFF,push_sd16b,"push (0x342f)",2
UNI_ASSEMBLES_DIFF,push_sd16b,"push (0x3430)",2
UNI_ASSEMBLES_DIFF,push_sd16b,"push (0x3431)",2
UNI_ASSEMBLES_DIFF,push_sd16w,"pushw (0x2668)",2
UNI_ASSEMBLES_DIFF,push_sd16w,"pushw (0x2784)",2
UNI_ASSEMBLES_DIFF,push_sd16w,"pushw (0x398a)",2
UNI_ASSEMBLES_DIFF,push_sd16w,"pushw (0x398c)",2
UNI_ASSEMBLES_DIFF,push_sd16w,"pushw (0xc07b)",2
UNI_ASSEMBLES_DIFF,push_sd16w,"pushw (0xc081)",2
UNI_ASSEMBLES_DIFF,push_sd16w,"pushw (0xc083)",2
UNI_ASSEMBLES_DIFF,push_sd16w,"pushw (0xc085)",2
UNI_ASSEMBLES_DIFF,push_sd16w,"pushw (0xc087)",2
UNI_ASSEMBLES_DIFF,resda,"res 0,(0x0431)",2
UNI_ASSEMBLES_DIFF,resda,"res 0,(0x10ea)",2
UNI_ASSEMBLES_DIFF,resda,"res 0,(0x3284)",2
UNI_ASSEMBLES_DIFF,res_dd8,"res 0,(0x38)",2
UNI_ASSEMBLES_DIFF,resda,"res 0,(0x3997)",2
UNI_ASSEMBLES_DIFF,resda,"res 0,(0x9165)",2
UNI_ASSEMBLES_DIFF,res_dd8,"res 0,(0xaa)",2
UNI_ASSEMBLES_DIFF,resda,"res 0,(0xb7e7)",2
UNI_ASSEMBLES_DIFF,resda,"res 1,(0x0420)",2
UNI_ASSEMBLES_DIFF,res_dd8,"res 1,(0x1f)",2
UNI_ASSEMBLES_DIFF,resda,"res 1,(0x28b2)",2
UNI_ASSEMBLES_DIFF,res_dd8,"res 1,(0x34)",2
UNI_ASSEMBLES_DIFF,resda,"res 1,(0x347a)",2
UNI_ASSEMBLES_DIFF,resda,"res 1,(0x3997)",2
UNI_ASSEMBLES_DIFF,resda,"res 1,(0x90f9)",2
UNI_ASSEMBLES_DIFF,res_dd8,"res 2,(0x18)",2
UNI_ASSEMBLES_DIFF,resda,"res 2,(0x28b2)",2
UNI_ASSEMBLES_DIFF,resda,"res 2,(0x347a)",2
UNI_ASSEMBLES_DIFF,resda,"res 2,(0x8d46)",2
UNI_ASSEMBLES_DIFF,resda,"res 2,(0xbd1a)",2
UNI_ASSEMBLES_DIFF,resda,"res 2,(0xfdad)",2
UNI_ASSEMBLES_DIFF,resda,"res 3,(0x0431)",2
UNI_ASSEMBLES_DIFF,resda,"res 4,(0x0420)",2
UNI_ASSEMBLES_DIFF,res_dd8,"res 4,(0x1f)",2
UNI_ASSEMBLES_DIFF,resda,"res 4,(0x8d52)",2
UNI_ASSEMBLES_DIFF,resda,"res 4,(0xbd1a)",2
UNI_ASSEMBLES_DIFF,resda,"res 5,(0x0d54)",2
UNI_ASSEMBLES_DIFF,res_dd8,"res 5,(0x13)",2
UNI_ASSEMBLES_DIFF,resda,"res 5,(0x8d52)",2
UNI_ASSEMBLES_DIFF,resda,"res 5,(0x8e76)",2
UNI_ASSEMBLES_DIFF,resda,"res 5,(0xbd18)",2
UNI_ASSEMBLES_DIFF,resda,"res 5,(0xbd1a)",2
UNI_ASSEMBLES_DIFF,resda,"res 5,(0xc342)",2
UNI_ASSEMBLES_DIFF,resda,"res 5,(0xc344)",2
UNI_ASSEMBLES_DIFF,resda,"res 5,(0xc346)",2
UNI_ASSEMBLES_DIFF,resda,"res 5,(0xc348)",2
UNI_ASSEMBLES_DIFF,resda,"res 5,(0xc34a)",2
UNI_ASSEMBLES_DIFF,resda,"res 5,(0xc34c)",2
UNI_ASSEMBLES_DIFF,resda,"res 5,(0xc354)",2
UNI_ASSEMBLES_DIFF,resda,"res 6,(0x34cd)",2
UNI_ASSEMBLES_DIFF,resda,"res 6,(0xbd1a)",2
UNI_ASSEMBLES_DIFF,resda,"res 6,(0xbd1c)",2
UNI_ASSEMBLES_DIFF,resda,"res 7,(0x04fe)",2
UNI_ASSEMBLES_DIFF,resda,"res 7,(0x0d54)",2
UNI_ASSEMBLES_DIFF,resda,"res 7,(0x90e5)",2
UNI_ASSEMBLES_DIFF,resda,"res 7,(0xbd00)",2
UNI_ASSEMBLES_DIFF,resda,"res 7,(0xbd04)",2
UNI_ASSEMBLES_DIFF,resda,"res 7,(0xbd08)",2
UNI_ASSEMBLES_DIFF,resda,"res 7,(0xbd0c)",2
UNI_ASSEMBLES_DIFF,resda,"res 7,(0xbd10)",2
UNI_ASSEMBLES_DIFF,resda,"res 7,(0xbd14)",2
UNI_ASSEMBLES_DIFF,resda,"res 7,(0xbd18)",2
UNI_ASSEMBLES_DIFF,resda,"res 7,(0xbd1a)",2
UNI_ASSEMBLES_DIFF,setda,"set 0,(0x1034)",2
UNI_ASSEMBLES_DIFF,setda,"set 0,(0x10ea)",2
UNI_ASSEMBLES_DIFF,setda,"set 0,(0x28c5)",2
UNI_ASSEMBLES_DIFF,setda,"set 0,(0x3997)",2
UNI_ASSEMBLES_DIFF,setda,"set 0,(0x7f35)",2
UNI_ASSEMBLES_DIFF,set_dd8,"set 0,(0xaa)",2
UNI_ASSEMBLES_DIFF,setda,"set 0,(0xc1fe)",2
UNI_ASSEMBLES_DIFF,setda,"set 1,(0x0429)",2
UNI_ASSEMBLES_DIFF,setda,"set 1,(0x0432)",2
UNI_ASSEMBLES_DIFF,set_dd8,"set 1,(0x1f)",2
UNI_ASSEMBLES_DIFF,setda,"set 1,(0x34cf)",2
UNI_ASSEMBLES_DIFF,setda,"set 1,(0x3997)",2
UNI_ASSEMBLES_DIFF,setda,"set 1,(0x8e76)",2
UNI_ASSEMBLES_DIFF,setda,"set 1,(0x905d)",2
UNI_ASSEMBLES_DIFF,setda,"set 1,(0xbd18)",2
UNI_ASSEMBLES_DIFF,setda,"set 1,(0xc1fe)",2
UNI_ASSEMBLES_DIFF,setda,"set 1,(0xe3de)",2
UNI_ASSEMBLES_DIFF,setda,"set 2,(0x0429)",2
UNI_ASSEMBLES_DIFF,setda,"set 2,(0x1034)",2
UNI_ASSEMBLES_DIFF,setda,"set 2,(0x8d46)",2
UNI_ASSEMBLES_DIFF,setda,"set 2,(0x91ad)",2
UNI_ASSEMBLES_DIFF,set_dd8,"set 2,(0x9e)",2
UNI_ASSEMBLES_DIFF,setda,"set 2,(0xc1f0)",2
UNI_ASSEMBLES_DIFF,setda,"set 2,(0xfdad)",2
UNI_ASSEMBLES_DIFF,setda,"set 3,(0x0427)",2
UNI_ASSEMBLES_DIFF,setda,"set 3,(0x0d54)",2
UNI_ASSEMBLES_DIFF,set_dd8,"set 3,(0x20)",2
UNI_ASSEMBLES_DIFF,setda,"set 3,(0xc1f0)",2
UNI_ASSEMBLES_DIFF,setda,"set 4,(0x103e)",2
UNI_ASSEMBLES_DIFF,set_dd8,"set 4,(0x1f)",2
UNI_ASSEMBLES_DIFF,setda,"set 4,(0xbd18)",2
UNI_ASSEMBLES_DIFF,setda,"set 4,(0xe31a)",2
UNI_ASSEMBLES_DIFF,setda,"set 5,(0x0432)",2
UNI_ASSEMBLES_DIFF,setda,"set 5,(0x28ac)",2
UNI_ASSEMBLES_DIFF,setda,"set 5,(0x8d52)",2
UNI_ASSEMBLES_DIFF,setda,"set 5,(0x8e76)",2
UNI_ASSEMBLES_DIFF,setda,"set 5,(0xbd18)",2
UNI_ASSEMBLES_DIFF,setda,"set 5,(0xc342)",2
UNI_ASSEMBLES_DIFF,setda,"set 5,(0xc344)",2
UNI_ASSEMBLES_DIFF,setda,"set 5,(0xc346)",2
UNI_ASSEMBLES_DIFF,setda,"set 5,(0xc348)",2
UNI_ASSEMBLES_DIFF,setda,"set 5,(0xc34a)",2
UNI_ASSEMBLES_DIFF,setda,"set 5,(0xc34c)",2
UNI_ASSEMBLES_DIFF,setda,"set 5,(0xc354)",2
UNI_ASSEMBLES_DIFF,setda,"set 6,(0x0427)",2
UNI_ASSEMBLES_DIFF,setda,"set 6,(0x04fe)",2
UNI_ASSEMBLES_DIFF,setda,"set 6,(0x8d46)",2
UNI_ASSEMBLES_DIFF,setda,"set 6,(0xbd18)",2
UNI_ASSEMBLES_DIFF,setda,"set 6,(0xbd1c)",2
UNI_ASSEMBLES_DIFF,setda,"set 6,(0xe3de)",2
UNI_ASSEMBLES_DIFF,setda,"set 7,(0x0427)",2
UNI_ASSEMBLES_DIFF,setda,"set 7,(0x8971)",2
UNI_ASSEMBLES_DIFF,setda,"set 7,(0xb7e2)",2
UNI_ASSEMBLES_DIFF,setda,"set 7,(0xc2d2)",2
UNI_ASSEMBLES_DIFF,stcf_dd8,"stcf 3,(0x0d)",2
UNI_ASSEMBLES_DIFF,subdm8,"sub (0x36ec),A",2
UNI_ASSEMBLES_DIFF,subdm8,"sub (0x8bc9),L",2
UNI_ASSEMBLES_DIFF,subdm32,"sub (0xbcc4),XWA",2
UNI_ASSEMBLES_DIFF,subda8,"sub A,(0x0d5c)",2
UNI_ASSEMBLES_DIFF,subda8,"sub A,(0x327f)",2
UNI_ASSEMBLES_DIFF,subda8,"sub A,(0xce44)",2
UNI_ASSEMBLES_DIFF,subda16,"sub BC,(0x35c4)",2
UNI_ASSEMBLES_DIFF,subda16,"sub BC,(0x3604)",2
UNI_ASSEMBLES_DIFF,subda16,"sub BC,(0xc1ea)",2
UNI_ASSEMBLES_DIFF,subda8,"sub C,(0x259e)",2
UNI_ASSEMBLES_DIFF,subda16,"sub DE,(0x356e)",2
UNI_ASSEMBLES_DIFF,subda16,"sub DE,(0x3614)",2
UNI_ASSEMBLES_DIFF,subda16,"sub HL,(0x8d9d)",2
UNI_ASSEMBLES_DIFF,subda16,"sub HL,(0xd0ac)",2
UNI_ASSEMBLES_DIFF,subda16,"sub HL,(0xd8b2)",2
UNI_ASSEMBLES_DIFF,subda16,"sub IX,(0x3660)",2
UNI_ASSEMBLES_DIFF,subda16,"sub IY,(0x365e)",2
UNI_ASSEMBLES_DIFF,subda16,"sub WA,(0x35c2)",2
UNI_ASSEMBLES_DIFF,subda16,"sub WA,(0x35c4)",2
UNI_ASSEMBLES_DIFF,subda16,"sub WA,(0x3662)",2
UNI_ASSEMBLES_DIFF,subda16,"sub WA,(0x3702)",2
UNI_ASSEMBLES_DIFF,subda16,"sub WA,(0x38ee)",2
UNI_ASSEMBLES_DIFF,subda16,"sub WA,(0x397a)",2
UNI_ASSEMBLES_DIFF,subda16,"sub WA,(0x8d9d)",2
UNI_ASSEMBLES_DIFF,subda16,"sub WA,(0x8ec2)",2
UNI_ASSEMBLES_DIFF,subda16,"sub WA,(0xb7e3)",2
UNI_ASSEMBLES_DIFF,subda16,"sub WA,(0xc1ea)",2
UNI_ASSEMBLES_DIFF,subda32,"sub XBC,(0x21d3)",2
UNI_ASSEMBLES_DIFF,subda32,"sub XDE,(0x9664)",2
UNI_ASSEMBLES_DIFF,subda32,"sub XHL,(0x26c2)",2
UNI_ASSEMBLES_DIFF,xordi8,"xor (0x3391),0x01",2
UNI_ASSEMBLES_DIFF,xordm8,"xor (0x8bc9),A",2
UNI_ASSEMBLES_DIFF,xordm8,"xor (0xfc5f),A",2
UNI_ASSEMBLES_DIFF,xorda8,"xor A,(0x32f2)",2
UNI_ASSEMBLES_DIFF,xorda8,"xor A,(0x32f6)",2
UNI_ASSEMBLES_DIFF,xorda8,"xor A,(0x33df)",2
UNI_ASSEMBLES_DIFF,xorda8,"xor A,(0x33e9)",2
UNI_ASSEMBLES_DIFF,xorda8,"xor A,(0xcd2e)",2
UNI_ASSEMBLES_DIFF,xorda8,"xor A,(0xcd2f)",2
UNI_ASSEMBLES_DIFF,xorcf_dd8,"xorcf A,(0xbb)",2
UNI_ASSEMBLES_DIFF,adddm32,"add (0x0c00),XWA",1
UNI_ASSEMBLES_DIFF,adddm32,"add (0x0c20),XHL",1
UNI_ASSEMBLES_DIFF,adddm32,"add (0x0c20),XWA",1
UNI_ASSEMBLES_DIFF,adddm32,"add (0x1040),XWA",1
UNI_ASSEMBLES_DIFF,adddm16,"add (0x107e),WA",1
UNI_ASSEMBLES_DIFF,adddm8,"add (0x3650),A",1
UNI_ASSEMBLES_DIFF,adddm8,"add (0x3650),W",1
UNI_ASSEMBLES_DIFF,adddm32,"add (0x36d2),XIZ",1
UNI_ASSEMBLES_DIFF,adddm32,"add (0x3cc4),XWA",1
UNI_ASSEMBLES_DIFF,adddm16,"add (0x448a),DE",1
UNI_ASSEMBLES_DIFF,adddm32,"add (0xe921),XHL",1
UNI_ASSEMBLES_DIFF,adddm32,"add (0xeb37),XWA",1
UNI_ASSEMBLES_DIFF,addda8,"add A,(0x0c5b)",1
UNI_ASSEMBLES_DIFF,addda8,"add A,(0x31e4)",1
UNI_ASSEMBLES_DIFF,addda8,"add A,(0x3460)",1
UNI_ASSEMBLES_DIFF,addda16,"add BC,(0x107e)",1
UNI_ASSEMBLES_DIFF,addda16,"add BC,(0x293e)",1
UNI_ASSEMBLES_DIFF,addda8,"add C,(0x26fc)",1
UNI_ASSEMBLES_DIFF,addda8,"add C,(0x26ff)",1
UNI_ASSEMBLES_DIFF,addda8,"add C,(0x272d)",1
UNI_ASSEMBLES_DIFF,addda8,"add C,(0x2738)",1
UNI_ASSEMBLES_DIFF,addda8,"add C,(0x2739)",1
UNI_ASSEMBLES_DIFF,addda16,"add DE,(0x293e)",1
UNI_ASSEMBLES_DIFF,addda16,"add DE,(0x356e)",1
UNI_ASSEMBLES_DIFF,addda8,"add E,(0x34a0)",1
UNI_ASSEMBLES_DIFF,addda16,"add HL,(0x2940)",1
UNI_ASSEMBLES_DIFF,addda16,"add HL,(0x9046)",1
UNI_ASSEMBLES_DIFF,addda16,"add IX,(0x3574)",1
UNI_ASSEMBLES_DIFF,addda16,"add IZ,(0x2940)",1
UNI_ASSEMBLES_DIFF,addda8,"add L,(0x2738)",1
UNI_ASSEMBLES_DIFF,addda8,"add W,(0x0e53)",1
UNI_ASSEMBLES_DIFF,addda8,"add W,(0x322f)",1
UNI_ASSEMBLES_DIFF,addda8,"add W,(0x345f)",1
UNI_ASSEMBLES_DIFF,addda16,"add WA,(0x1040)",1
UNI_ASSEMBLES_DIFF,addda16,"add WA,(0x108c)",1
UNI_ASSEMBLES_DIFF,addda16,"add WA,(0x1090)",1
UNI_ASSEMBLES_DIFF,addda16,"add WA,(0x356e)",1
UNI_ASSEMBLES_DIFF,addda32,"add XBC,(0x5540)",1
UNI_ASSEMBLES_DIFF,addda32,"add XHL,(0x12a2)",1
UNI_ASSEMBLES_DIFF,addda32,"add XHL,(0x31db)",1
UNI_ASSEMBLES_DIFF,addda32,"add XIX,(0x1198)",1
UNI_ASSEMBLES_DIFF,addda32,"add XIX,(0x21d3)",1
UNI_ASSEMBLES_DIFF,addda32,"add XIY,(0x126e)",1
UNI_ASSEMBLES_DIFF,addda32,"add XIY,(0x3912)",1
UNI_ASSEMBLES_DIFF,addda32,"add XIZ,(0x3912)",1
UNI_ASSEMBLES_DIFF,addda32,"add XWA,(0x1040)",1
UNI_ASSEMBLES_DIFF,anddi8,"and (0x0dd3),0xfe",1
UNI_ASSEMBLES_DIFF,anddi8,"and (0x0f64),0x3f",1
UNI_ASSEMBLES_DIFF,anddi8,"and (0x0f64),0xfb",1
UNI_ASSEMBLES_DIFF,anddi8,"and (0x0f6a),0xfe",1
UNI_ASSEMBLES_DIFF,anddi8,"and (0x1128),0x03",1
UNI_ASSEMBLES_DIFF,and_sd8b_im,"and (0x30),0xfd",1
UNI_ASSEMBLES_DIFF,anddi8,"and (0x31e7),0xfb",1
UNI_ASSEMBLES_DIFF,anddi8,"and (0x31e8),0xe7",1
UNI_ASSEMBLES_DIFF,anddi8,"and (0x31e8),0xef",1
UNI_ASSEMBLES_DIFF,anddi8,"and (0x31e8),0xf7",1
UNI_ASSEMBLES_DIFF,anddi8,"and (0x31e8),0xfb",1
UNI_ASSEMBLES_DIFF,anddi8,"and (0x3257),0xfe",1
UNI_ASSEMBLES_DIFF,anddi8,"and (0x3258),0x9f",1
UNI_ASSEMBLES_DIFF,anddi8,"and (0x3258),0xfe",1
UNI_ASSEMBLES_DIFF,anddi8,"and (0x326d),0xfc",1
UNI_ASSEMBLES_DIFF,anddi8,"and (0x326d),0xfd",1
UNI_ASSEMBLES_DIFF,anddi8,"and (0x326d),0xfe",1
UNI_ASSEMBLES_DIFF,anddi8,"and (0x326e),0xf3",1
UNI_ASSEMBLES_DIFF,anddi8,"and (0x326e),0xf6",1
UNI_ASSEMBLES_DIFF,anddi8,"and (0x326e),0xfa",1
UNI_ASSEMBLES_DIFF,anddi8,"and (0x326f),0xfd",1
UNI_ASSEMBLES_DIFF,anddi8,"and (0x326f),0xfe",1
UNI_ASSEMBLES_DIFF,anddi8,"and (0x3276),0xc0",1
UNI_ASSEMBLES_DIFF,anddm8,"and (0x3276),W",1
UNI_ASSEMBLES_DIFF,anddi8,"and (0x3277),0xc0",1
UNI_ASSEMBLES_DIFF,anddm8,"and (0x3277),W",1
UNI_ASSEMBLES_DIFF,anddi8,"and (0x3278),0xc0",1
UNI_ASSEMBLES_DIFF,anddi8,"and (0x3279),0xc0",1
UNI_ASSEMBLES_DIFF,anddi8,"and (0x328d),0xc0",1
UNI_ASSEMBLES_DIFF,anddi8,"and (0x328e),0xc0",1
UNI_ASSEMBLES_DIFF,anddi8,"and (0x3290),0x7f",1
UNI_ASSEMBLES_DIFF,anddi8,"and (0x3290),0xc0",1
UNI_ASSEMBLES_DIFF,anddi8,"and (0x3290),0xfc",1
UNI_ASSEMBLES_DIFF,anddi8,"and (0x3290),0xfd",1
UNI_ASSEMBLES_DIFF,anddi8,"and (0x3290),0xfe",1
UNI_ASSEMBLES_DIFF,anddi8,"and (0x329f),0xfe",1
UNI_ASSEMBLES_DIFF,anddi8,"and (0x32bb),0xfc",1
UNI_ASSEMBLES_DIFF,anddi8,"and (0x32c1),0xc0",1
UNI_ASSEMBLES_DIFF,anddi8,"and (0x32c5),0x78",1
UNI_ASSEMBLES_DIFF,anddi8,"and (0x3337),0xfc",1
UNI_ASSEMBLES_DIFF,anddi8,"and (0x3349),0xfd",1
UNI_ASSEMBLES_DIFF,anddi8,"and (0x3349),0xfe",1
UNI_ASSEMBLES_DIFF,anddi8,"and (0x33d1),0xed",1
UNI_ASSEMBLES_DIFF,anddi8,"and (0x33d1),0xee",1
UNI_ASSEMBLES_DIFF,anddi8,"and (0x33d1),0xf7",1
UNI_ASSEMBLES_DIFF,anddi8,"and (0x33d2),0x1f",1
UNI_ASSEMBLES_DIFF,anddi8,"and (0x33d4),0x02",1
UNI_ASSEMBLES_DIFF,anddi8,"and (0x33d4),0xbf",1
UNI_ASSEMBLES_DIFF,anddi8,"and (0x33d4),0xdf",1
UNI_ASSEMBLES_DIFF,anddi8,"and (0x33d4),0xef",1
UNI_ASSEMBLES_DIFF,anddi8,"and (0x33e4),0xbf",1
UNI_ASSEMBLES_DIFF,anddi8,"and (0x33e4),0xdf",1
UNI_ASSEMBLES_DIFF,anddi8,"and (0x33e4),0xef",1
UNI_ASSEMBLES_DIFF,anddi8,"and (0x33e6),0xbf",1
UNI_ASSEMBLES_DIFF,anddi8,"and (0x33e6),0xdf",1
UNI_ASSEMBLES_DIFF,anddi8,"and (0x33e6),0xef",1
UNI_ASSEMBLES_DIFF,anddi8,"and (0x33fc),0xfe",1
UNI_ASSEMBLES_DIFF,anddi8,"and (0x33fd),0xfe",1
UNI_ASSEMBLES_DIFF,anddi8,"and (0x3403),0xfe",1
UNI_ASSEMBLES_DIFF,anddi8,"and (0x3431),0xbf",1
UNI_ASSEMBLES_DIFF,anddi8,"and (0x3431),0xf7",1
UNI_ASSEMBLES_DIFF,anddi8,"and (0x3431),0xfb",1
UNI_ASSEMBLES_DIFF,anddi8,"and (0x3432),0xfd",1
UNI_ASSEMBLES_DIFF,anddi8,"and (0x3432),0xfe",1
UNI_ASSEMBLES_DIFF,anddi8,"and (0x3433),0x7f",1
UNI_ASSEMBLES_DIFF,anddi8,"and (0x3433),0xfd",1
UNI_ASSEMBLES_DIFF,anddi8,"and (0x3434),0x7f",1
UNI_ASSEMBLES_DIFF,anddi8,"and (0x3434),0xbf",1
UNI_ASSEMBLES_DIFF,anddi8,"and (0x3434),0xef",1
UNI_ASSEMBLES_DIFF,anddi8,"and (0x3435),0x7f",1
UNI_ASSEMBLES_DIFF,anddi8,"and (0x3437),0xfd",1
UNI_ASSEMBLES_DIFF,anddi8,"and (0x3437),0xfe",1
UNI_ASSEMBLES_DIFF,anddi8,"and (0x3561),0xfe",1
UNI_ASSEMBLES_DIFF,anddi8,"and (0x3677),0xfb",1
UNI_ASSEMBLES_DIFF,anddi8,"and (0x7db7),0xdf",1
UNI_ASSEMBLES_DIFF,anddi8,"and (0x7dc3),0xfc",1
UNI_ASSEMBLES_DIFF,anddi8,"and (0x7dde),0xfe",1
UNI_ASSEMBLES_DIFF,anddi8,"and (0x8cec),0xfe",1
UNI_ASSEMBLES_DIFF,anddi8,"and (0x8cf0),0xfb",1
UNI_ASSEMBLES_DIFF,anddi8,"and (0x8cf0),0xfe",1
UNI_ASSEMBLES_DIFF,anddi8,"and (0x8e44),0x7f",1
UNI_ASSEMBLES_DIFF,anddi8,"and (0x8e46),0x7f",1
UNI_ASSEMBLES_DIFF,anddi8,"and (0xb746),0xbf",1
UNI_ASSEMBLES_DIFF,anddm8,"and (0xc8c5),D",1
UNI_ASSEMBLES_DIFF,anddm8,"and (0xc9c2),B",1
UNI_ASSEMBLES_DIFF,anddi8,"and (0xe31c),0x9e",1
UNI_ASSEMBLES_DIFF,anddi8,"and (0xe31c),0xdf",1
UNI_ASSEMBLES_DIFF,anddi8,"and (0xe31c),0xf7",1
UNI_ASSEMBLES_DIFF,anddi8,"and (0xe31c),0xfe",1
UNI_ASSEMBLES_DIFF,andda8,"and A,(0x1979)",1
UNI_ASSEMBLES_DIFF,andda8,"and A,(0x27a4)",1
UNI_ASSEMBLES_DIFF,andda8,"and A,(0x3278)",1
UNI_ASSEMBLES_DIFF,andda8,"and A,(0x3279)",1
UNI_ASSEMBLES_DIFF,andda8,"and A,(0x327a)",1
UNI_ASSEMBLES_DIFF,andda8,"and A,(0x327b)",1
UNI_ASSEMBLES_DIFF,andda8,"and A,(0x327c)",1
UNI_ASSEMBLES_DIFF,andda8,"and A,(0x328a)",1
UNI_ASSEMBLES_DIFF,andda8,"and A,(0x328b)",1
UNI_ASSEMBLES_DIFF,andda8,"and A,(0x328c)",1
UNI_ASSEMBLES_DIFF,andda8,"and A,(0x328d)",1
UNI_ASSEMBLES_DIFF,andda8,"and A,(0x32c1)",1
UNI_ASSEMBLES_DIFF,andda8,"and C,(0x20b9)",1
UNI_ASSEMBLES_DIFF,andda8,"and C,(0x20ba)",1
UNI_ASSEMBLES_DIFF,andda8,"and L,(0x8eae)",1
UNI_ASSEMBLES_DIFF,andda8,"and W,(0x327b)",1
UNI_ASSEMBLES_DIFF,andda16,"and WA,(0x8e9e)",1
UNI_ASSEMBLES_DIFF,andda16,"and WA,(0x8ea2)",1
UNI_ASSEMBLES_DIFF,andda16,"and WA,(0x8ea6)",1
UNI_ASSEMBLES_DIFF,andda16,"and WA,(0x8eaa)",1
UNI_ASSEMBLES_DIFF,bitda,"bit 0,(0x0dd3)",1
UNI_ASSEMBLES_DIFF,bitda,"bit 0,(0x0f6a)",1
UNI_ASSEMBLES_DIFF,bit_dd8,"bit 0,(0x19)",1
UNI_ASSEMBLES_DIFF,bit_dd8,"bit 0,(0x1f)",1
UNI_ASSEMBLES_DIFF,bitda,"bit 0,(0x3257)",1
UNI_ASSEMBLES_DIFF,bitda,"bit 0,(0x3260)",1
UNI_ASSEMBLES_DIFF,bitda,"bit 0,(0x3261)",1
UNI_ASSEMBLES_DIFF,bitda,"bit 0,(0x3262)",1
UNI_ASSEMBLES_DIFF,bitda,"bit 0,(0x3264)",1
UNI_ASSEMBLES_DIFF,bitda,"bit 0,(0x326f)",1
UNI_ASSEMBLES_DIFF,bitda,"bit 0,(0x3272)",1
UNI_ASSEMBLES_DIFF,bitda,"bit 0,(0x3274)",1
UNI_ASSEMBLES_DIFF,bitda,"bit 0,(0x3290)",1
UNI_ASSEMBLES_DIFF,bitda,"bit 0,(0x329f)",1
UNI_ASSEMBLES_DIFF,bitda,"bit 0,(0x32c6)",1
UNI_ASSEMBLES_DIFF,bitda,"bit 0,(0x32f7)",1
UNI_ASSEMBLES_DIFF,bitda,"bit 0,(0x3335)",1
UNI_ASSEMBLES_DIFF,bitda,"bit 0,(0x3342)",1
UNI_ASSEMBLES_DIFF,bitda,"bit 0,(0x3349)",1
UNI_ASSEMBLES_DIFF,bitda,"bit 0,(0x33d8)",1
UNI_ASSEMBLES_DIFF,bitda,"bit 0,(0x33fd)",1
UNI_ASSEMBLES_DIFF,bitda,"bit 0,(0x3403)",1
UNI_ASSEMBLES_DIFF,bitda,"bit 0,(0x3432)",1
UNI_ASSEMBLES_DIFF,bitda,"bit 0,(0x3435)",1
UNI_ASSEMBLES_DIFF,bitda,"bit 0,(0x3437)",1
UNI_ASSEMBLES_DIFF,bitda,"bit 0,(0x3514)",1
UNI_ASSEMBLES_DIFF,bitda,"bit 0,(0x3691)",1
UNI_ASSEMBLES_DIFF,bitda,"bit 0,(0x7d8b)",1
UNI_ASSEMBLES_DIFF,bitda,"bit 0,(0x7db7)",1
UNI_ASSEMBLES_DIFF,bitda,"bit 0,(0x7dbb)",1
UNI_ASSEMBLES_DIFF,bitda,"bit 0,(0x7dd1)",1
UNI_ASSEMBLES_DIFF,bitda,"bit 0,(0x7e6f)",1
UNI_ASSEMBLES_DIFF,bit_dd8,"bit 0,(0x87)",1
UNI_ASSEMBLES_DIFF,bit_dd8,"bit 0,(0x97)",1
UNI_ASSEMBLES_DIFF,bit_dd8,"bit 0,(0xa8)",1
UNI_ASSEMBLES_DIFF,bitda,"bit 0,(0xc504)",1
UNI_ASSEMBLES_DIFF,bitda,"bit 1,(0x103e)",1
UNI_ASSEMBLES_DIFF,bit_dd8,"bit 1,(0x13)",1
UNI_ASSEMBLES_DIFF,bit_dd8,"bit 1,(0x1e)",1
UNI_ASSEMBLES_DIFF,bitda,"bit 1,(0x31e8)",1
UNI_ASSEMBLES_DIFF,bitda,"bit 1,(0x3258)",1
UNI_ASSEMBLES_DIFF,bitda,"bit 1,(0x3260)",1
UNI_ASSEMBLES_DIFF,bitda,"bit 1,(0x3261)",1
UNI_ASSEMBLES_DIFF,bitda,"bit 1,(0x3262)",1
UNI_ASSEMBLES_DIFF,bitda,"bit 1,(0x3264)",1
UNI_ASSEMBLES_DIFF,bitda,"bit 1,(0x326b)",1
UNI_ASSEMBLES_DIFF,bitda,"bit 1,(0x3272)",1
UNI_ASSEMBLES_DIFF,bitda,"bit 1,(0x3274)",1
UNI_ASSEMBLES_DIFF,bitda,"bit 1,(0x3290)",1
UNI_ASSEMBLES_DIFF,bitda,"bit 1,(0x3342)",1
UNI_ASSEMBLES_DIFF,bitda,"bit 1,(0x3349)",1
UNI_ASSEMBLES_DIFF,bitda,"bit 1,(0x33d1)",1
UNI_ASSEMBLES_DIFF,bit_dd8,"bit 1,(0x34)",1
UNI_ASSEMBLES_DIFF,bitda,"bit 1,(0x3432)",1
UNI_ASSEMBLES_DIFF,bitda,"bit 1,(0x3433)",1
UNI_ASSEMBLES_DIFF,bitda,"bit 1,(0x3437)",1
UNI_ASSEMBLES_DIFF,bitda,"bit 1,(0x3515)",1
UNI_ASSEMBLES_DIFF,bitda,"bit 1,(0x35ae)",1
UNI_ASSEMBLES_DIFF,bitda,"bit 1,(0x372d)",1
UNI_ASSEMBLES_DIFF,bitda,"bit 1,(0x7e6f)",1
UNI_ASSEMBLES_DIFF,bit_dd8,"bit 1,(0x9e)",1
UNI_ASSEMBLES_DIFF,bitda,"bit 1,(0xc504)",1
UNI_ASSEMBLES_DIFF,bitda,"bit 1,(0xe318)",1
UNI_ASSEMBLES_DIFF,bit_dd8,"bit 2,(0x13)",1
UNI_ASSEMBLES_DIFF,bit_dd8,"bit 2,(0x1e)",1
UNI_ASSEMBLES_DIFF,bitda,"bit 2,(0x3264)",1
UNI_ASSEMBLES_DIFF,bitda,"bit 2,(0x326b)",1
UNI_ASSEMBLES_DIFF,bitda,"bit 2,(0x326e)",1
UNI_ASSEMBLES_DIFF,bitda,"bit 2,(0x3274)",1
UNI_ASSEMBLES_DIFF,bitda,"bit 2,(0x32c6)",1
UNI_ASSEMBLES_DIFF,bitda,"bit 2,(0x3349)",1
UNI_ASSEMBLES_DIFF,bitda,"bit 2,(0x33d1)",1
UNI_ASSEMBLES_DIFF,bitda,"bit 2,(0x3431)",1
UNI_ASSEMBLES_DIFF,bitda,"bit 2,(0x3514)",1
UNI_ASSEMBLES_DIFF,bitda,"bit 2,(0x3677)",1
UNI_ASSEMBLES_DIFF,bitda,"bit 2,(0x7d87)",1
UNI_ASSEMBLES_DIFF,bitda,"bit 2,(0x8caa)",1
UNI_ASSEMBLES_DIFF,bitda,"bit 2,(0xbc7c)",1
UNI_ASSEMBLES_DIFF,bitda,"bit 2,(0xc154)",1
UNI_ASSEMBLES_DIFF,bitda,"bit 2,(0xc504)",1
UNI_ASSEMBLES_DIFF,bitda,"bit 3,(0x31e8)",1
UNI_ASSEMBLES_DIFF,bitda,"bit 3,(0x326b)",1
UNI_ASSEMBLES_DIFF,bitda,"bit 3,(0x326e)",1
UNI_ASSEMBLES_DIFF,bitda,"bit 3,(0x32c6)",1
UNI_ASSEMBLES_DIFF,bitda,"bit 3,(0x3342)",1
UNI_ASSEMBLES_DIFF,bitda,"bit 3,(0x33e2)",1
UNI_ASSEMBLES_DIFF,bitda,"bit 3,(0x33e3)",1
UNI_ASSEMBLES_DIFF,bitda,"bit 3,(0x372d)",1
UNI_ASSEMBLES_DIFF,bit_dd8,"bit 3,(0x44)",1
UNI_ASSEMBLES_DIFF,bitda,"bit 3,(0x7d8b)",1
UNI_ASSEMBLES_DIFF,bit_dd8,"bit 3,(0xa8)",1
UNI_ASSEMBLES_DIFF,bitda,"bit 3,(0xc504)",1
UNI_ASSEMBLES_DIFF,bitda,"bit 3,(0xe31c)",1
UNI_ASSEMBLES_DIFF,bitda,"bit 4,(0x0f64)",1
UNI_ASSEMBLES_DIFF,bitda,"bit 4,(0x31e8)",1
UNI_ASSEMBLES_DIFF,bitda,"bit 4,(0x326b)",1
UNI_ASSEMBLES_DIFF,bitda,"bit 4,(0x32c6)",1
UNI_ASSEMBLES_DIFF,bitda,"bit 4,(0x3342)",1
UNI_ASSEMBLES_DIFF,bitda,"bit 4,(0x33e2)",1
UNI_ASSEMBLES_DIFF,bitda,"bit 4,(0x33e3)",1
UNI_ASSEMBLES_DIFF,bitda,"bit 4,(0x3433)",1
UNI_ASSEMBLES_DIFF,bitda,"bit 4,(0xe318)",1
UNI_ASSEMBLES_DIFF,bitda,"bit 4,(0xe31a)",1
UNI_ASSEMBLES_DIFF,bitda,"bit 5,(0x103e)",1
UNI_ASSEMBLES_DIFF,bitda,"bit 5,(0x3257)",1
UNI_ASSEMBLES_DIFF,bitda,"bit 5,(0x3258)",1
UNI_ASSEMBLES_DIFF,bitda,"bit 5,(0x32c6)",1
UNI_ASSEMBLES_DIFF,bitda,"bit 5,(0x3342)",1
UNI_ASSEMBLES_DIFF,bitda,"bit 5,(0x33e2)",1
UNI_ASSEMBLES_DIFF,bitda,"bit 5,(0x33e3)",1
UNI_ASSEMBLES_DIFF,bitda,"bit 5,(0x3434)",1
UNI_ASSEMBLES_DIFF,bitda,"bit 5,(0x3677)",1
UNI_ASSEMBLES_DIFF,bitda,"bit 5,(0x7db7)",1
UNI_ASSEMBLES_DIFF,bitda,"bit 5,(0x8dda)",1
UNI_ASSEMBLES_DIFF,bit_dd8,"bit 5,(0x95)",1
UNI_ASSEMBLES_DIFF,bitda,"bit 6,(0x04fe)",1
UNI_ASSEMBLES_DIFF,bitda,"bit 6,(0x31e5)",1
UNI_ASSEMBLES_DIFF,bitda,"bit 6,(0x33d2)",1
UNI_ASSEMBLES_DIFF,bitda,"bit 6,(0x33e2)",1
UNI_ASSEMBLES_DIFF,bitda,"bit 6,(0x33e3)",1
UNI_ASSEMBLES_DIFF,bitda,"bit 6,(0x3431)",1
UNI_ASSEMBLES_DIFF,bitda,"bit 6,(0x8971)",1
UNI_ASSEMBLES_DIFF,bit_dd8,"bit 6,(0x9e)",1
UNI_ASSEMBLES_DIFF,bitda,"bit 6,(0xe318)",1
UNI_ASSEMBLES_DIFF,bitda,"bit 7,(0x31e5)",1
UNI_ASSEMBLES_DIFF,bitda,"bit 7,(0x3290)",1
UNI_ASSEMBLES_DIFF,bitda,"bit 7,(0x33fc)",1
UNI_ASSEMBLES_DIFF,bitda,"bit 7,(0x3434)",1
UNI_ASSEMBLES_DIFF,bitda,"bit 7,(0x3435)",1
UNI_ASSEMBLES_DIFF,bitda,"bit 7,(0x34bc)",1
UNI_ASSEMBLES_DIFF,bitda,"bit 7,(0x8971)",1
UNI_ASSEMBLES_DIFF,bitda,"bit 7,(0x8e44)",1
UNI_ASSEMBLES_DIFF,bitda,"bit 7,(0x8e46)",1
UNI_ASSEMBLES_DIFF,bitda,"bit 7,(0x8e48)",1
UNI_ASSEMBLES_DIFF,bit_dd8,"bit 7,(0xa3)",1
UNI_ASSEMBLES_DIFF,bit_dd8,"bit 7,(0xa5)",1
UNI_ASSEMBLES_DIFF,bitda,"bit 7,(0xe318)",1
UNI_ASSEMBLES_DIFF,cpdm8,"cp (0x00fb),B",1
UNI_ASSEMBLES_DIFF,cpdm32,"cp (0x00fb),XWA",1
UNI_ASSEMBLES_DIFF,cpdi8,"cp (0x0516),0x02",1
UNI_ASSEMBLES_DIFF,cpdi8,"cp (0x065c),0x00",1
UNI_ASSEMBLES_DIFF,cpdi8,"cp (0x0661),0x01",1
UNI_ASSEMBLES_DIFF,cpdm32,"cp (0x0c24),XWA",1
UNI_ASSEMBLES_DIFF,cpdi8,"cp (0x0c44),0xa5",1
UNI_ASSEMBLES_DIFF,cpdi8,"cp (0x0c4e),0xff",1
UNI_ASSEMBLES_DIFF,cpdi8,"cp (0x0c52),0x2f",1
UNI_ASSEMBLES_DIFF,cpdi8,"cp (0x0c57),0x00",1
UNI_ASSEMBLES_DIFF,cpdi8,"cp (0x0c57),0x01",1
UNI_ASSEMBLES_DIFF,cpdi8,"cp (0x0c58),0x01",1
UNI_ASSEMBLES_DIFF,cpdi8,"cp (0x0c5b),0x00",1
UNI_ASSEMBLES_DIFF,cpdi8,"cp (0x0c5b),0x08",1
UNI_ASSEMBLES_DIFF,cpdi8,"cp (0x0c5b),0x12",1
UNI_ASSEMBLES_DIFF,cpdi8,"cp (0x0c5b),0xff",1
UNI_ASSEMBLES_DIFF,cpdi8,"cp (0x0c8e),0xff",1
UNI_ASSEMBLES_DIFF,cpdm8,"cp (0x0d1c),C",1
UNI_ASSEMBLES_DIFF,cpdm8,"cp (0x0d20),A",1
UNI_ASSEMBLES_DIFF,cpdi8,"cp (0x0d40),0xff",1
UNI_ASSEMBLES_DIFF,cpdi8,"cp (0x0d55),0xd2",1
UNI_ASSEMBLES_DIFF,cpdi8,"cp (0x0d57),0x00",1
UNI_ASSEMBLES_DIFF,cpdi8,"cp (0x0d5c),0x03",1
UNI_ASSEMBLES_DIFF,cpdi8,"cp (0x0d5d),0x04",1
UNI_ASSEMBLES_DIFF,cpdi8,"cp (0x0d6a),0x00",1
UNI_ASSEMBLES_DIFF,cpdi8,"cp (0x0d92),0x06",1
UNI_ASSEMBLES_DIFF,cpdi8,"cp (0x0dc1),0x53",1
UNI_ASSEMBLES_DIFF,cpdi8,"cp (0x0dcb),0xff",1
UNI_ASSEMBLES_DIFF,cpdi8,"cp (0x0dcf),0x00",1
UNI_ASSEMBLES_DIFF,cpdi8,"cp (0x0def),0x0a",1
UNI_ASSEMBLES_DIFF,cpdi8,"cp (0x0df4),0x90",1
UNI_ASSEMBLES_DIFF,cpdi8,"cp (0x0df9),0x01",1
UNI_ASSEMBLES_DIFF,cpdi8,"cp (0x0dfc),0x00",1
UNI_ASSEMBLES_DIFF,cpdi8,"cp (0x0dfd),0x81",1
UNI_ASSEMBLES_DIFF,cpdm8,"cp (0x0e0e),A",1
UNI_ASSEMBLES_DIFF,cpdm8,"cp (0x0e0f),A",1
UNI_ASSEMBLES_DIFF,cpdm8,"cp (0x0e50),A",1
UNI_ASSEMBLES_DIFF,cpdi8,"cp (0x0eb8),0x0a",1
UNI_ASSEMBLES_DIFF,cpdm8,"cp (0x0ecc),B",1
UNI_ASSEMBLES_DIFF,cpdi8,"cp (0x0f6f),0x00",1
UNI_ASSEMBLES_DIFF,cpdi8,"cp (0x0f70),0x14",1
UNI_ASSEMBLES_DIFF,cpdi8,"cp (0x0f72),0x2a",1
UNI_ASSEMBLES_DIFF,cpdi8,"cp (0x1023),0x70",1
UNI_ASSEMBLES_DIFF,cpdi8,"cp (0x1028),0x0f",1
UNI_ASSEMBLES_DIFF,cpdi8,"cp (0x1036),0x6c",1
UNI_ASSEMBLES_DIFF,cpdi8,"cp (0x1038),0x38",1
UNI_ASSEMBLES_DIFF,cpdm8,"cp (0x1042),W",1
UNI_ASSEMBLES_DIFF,cpdm16,"cp (0x1046),WA",1
UNI_ASSEMBLES_DIFF,cpdi8,"cp (0x10e8),0x02",1
UNI_ASSEMBLES_DIFF,cpdi8,"cp (0x1186),0x02",1
UNI_ASSEMBLES_DIFF,cpdi8,"cp (0x11bb),0x17",1
UNI_ASSEMBLES_DIFF,cpdi8,"cp (0x11bc),0x03",1
UNI_ASSEMBLES_DIFF,cpdi8,"cp (0x11bd),0x80",1
UNI_ASSEMBLES_DIFF,cpdm8,"cp (0x12ec),L",1
UNI_ASSEMBLES_DIFF,cpdm8,"cp (0x2078),L",1
UNI_ASSEMBLES_DIFF,cpdm8,"cp (0x2079),L",1
UNI_ASSEMBLES_DIFF,cpdm8,"cp (0x207a),A",1
UNI_ASSEMBLES_DIFF,cpdm8,"cp (0x207c),L",1
UNI_ASSEMBLES_DIFF,cpdm8,"cp (0x220a),A",1
UNI_ASSEMBLES_DIFF,cpdm8,"cp (0x272b),A",1
UNI_ASSEMBLES_DIFF,cpdm8,"cp (0x272e),C",1
UNI_ASSEMBLES_DIFF,cpdm8,"cp (0x2767),B",1
UNI_ASSEMBLES_DIFF,cpdm8,"cp (0x2767),C",1
UNI_ASSEMBLES_DIFF,cpdm8,"cp (0x2769),B",1
UNI_ASSEMBLES_DIFF,cpdm8,"cp (0x2769),C",1
UNI_ASSEMBLES_DIFF,cpdm8,"cp (0x2796),A",1
UNI_ASSEMBLES_DIFF,cpdi8,"cp (0x27e6),0x00",1
UNI_ASSEMBLES_DIFF,cpdm8,"cp (0x289e),C",1
UNI_ASSEMBLES_DIFF,cpdm32,"cp (0x3000),XWA",1
UNI_ASSEMBLES_DIFF,cpdm32,"cp (0x3004),XHL",1
UNI_ASSEMBLES_DIFF,cpdm32,"cp (0x3004),XWA",1
UNI_ASSEMBLES_DIFF,cpdm8,"cp (0x31e3),A",1
UNI_ASSEMBLES_DIFF,cpdm8,"cp (0x31e4),W",1
UNI_ASSEMBLES_DIFF,cpdi8,"cp (0x3218),0x00",1
UNI_ASSEMBLES_DIFF,cpdi8,"cp (0x3218),0xff",1
UNI_ASSEMBLES_DIFF,cpdi8,"cp (0x323d),0x00",1
UNI_ASSEMBLES_DIFF,cpdi8,"cp (0x3240),0x00",1
UNI_ASSEMBLES_DIFF,cpdi8,"cp (0x3246),0x00",1
UNI_ASSEMBLES_DIFF,cpdi8,"cp (0x324a),0x00",1
UNI_ASSEMBLES_DIFF,cpdi8,"cp (0x324a),0x01",1
UNI_ASSEMBLES_DIFF,cpdi8,"cp (0x324a),0x02",1
UNI_ASSEMBLES_DIFF,cpdi8,"cp (0x324a),0x03",1
UNI_ASSEMBLES_DIFF,cpdi8,"cp (0x324a),0x04",1
UNI_ASSEMBLES_DIFF,cpdi8,"cp (0x324a),0x05",1
UNI_ASSEMBLES_DIFF,cpdi8,"cp (0x324a),0x06",1
UNI_ASSEMBLES_DIFF,cpdi8,"cp (0x3251),0x20",1
UNI_ASSEMBLES_DIFF,cpdi8,"cp (0x3259),0x80",1
UNI_ASSEMBLES_DIFF,cpdm16,"cp (0x32d6),WA",1
UNI_ASSEMBLES_DIFF,cpdm8,"cp (0x3388),A",1
UNI_ASSEMBLES_DIFF,cpdi8,"cp (0x3390),0x00",1
UNI_ASSEMBLES_DIFF,cpdi8,"cp (0x3391),0x90",1
UNI_ASSEMBLES_DIFF,cpdi8,"cp (0x3393),0x5d",1
UNI_ASSEMBLES_DIFF,cpdi8,"cp (0x33dd),0x00",1
UNI_ASSEMBLES_DIFF,cpdi8,"cp (0x33ee),0x06",1
UNI_ASSEMBLES_DIFF,cpdi8,"cp (0x340b),0x00",1
UNI_ASSEMBLES_DIFF,cpdi8,"cp (0x340c),0x00",1
UNI_ASSEMBLES_DIFF,cpdi8,"cp (0x340d),0x00",1
UNI_ASSEMBLES_DIFF,cpdi8,"cp (0x340e),0x00",1
UNI_ASSEMBLES_DIFF,cpdi8,"cp (0x343a),0x00",1
UNI_ASSEMBLES_DIFF,cpdi8,"cp (0x343a),0x0e",1
UNI_ASSEMBLES_DIFF,cpdi8,"cp (0x343a),0x0f",1
UNI_ASSEMBLES_DIFF,cpdi8,"cp (0x343a),0x14",1
UNI_ASSEMBLES_DIFF,cpdi8,"cp (0x343a),0x15",1
UNI_ASSEMBLES_DIFF,cpdi8,"cp (0x343a),0x1a",1
UNI_ASSEMBLES_DIFF,cpdi8,"cp (0x343a),0x1b",1
UNI_ASSEMBLES_DIFF,cpdi8,"cp (0x343a),0x1e",1
UNI_ASSEMBLES_DIFF,cpdi8,"cp (0x343f),0x01",1
UNI_ASSEMBLES_DIFF,cpdi8,"cp (0x343f),0x04",1
UNI_ASSEMBLES_DIFF,cpdi8,"cp (0x343f),0x08",1
UNI_ASSEMBLES_DIFF,cpdi8,"cp (0x3451),0x80",1
UNI_ASSEMBLES_DIFF,cpdi8,"cp (0x3452),0x00",1
UNI_ASSEMBLES_DIFF,cpdi8,"cp (0x3453),0x0a",1
UNI_ASSEMBLES_DIFF,cpdm8,"cp (0x3458),A",1
UNI_ASSEMBLES_DIFF,cpdi8,"cp (0x345e),0x00",1
UNI_ASSEMBLES_DIFF,cpdi8,"cp (0x345f),0x00",1
UNI_ASSEMBLES_DIFF,cpdi8,"cp (0x3460),0x30",1
UNI_ASSEMBLES_DIFF,cpdi8,"cp (0x347c),0x00",1
UNI_ASSEMBLES_DIFF,cpdi8,"cp (0x3489),0xb5",1
UNI_ASSEMBLES_DIFF,cpdm8,"cp (0x349f),A",1
UNI_ASSEMBLES_DIFF,cpdm8,"cp (0x34a0),A",1
UNI_ASSEMBLES_DIFF,cpdi8,"cp (0x3563),0x00",1
UNI_ASSEMBLES_DIFF,cpdm16,"cp (0x35ca),BC",1
UNI_ASSEMBLES_DIFF,cpdi8,"cp (0x3651),0x00",1
UNI_ASSEMBLES_DIFF,cpdi8,"cp (0x3673),0x00",1
UNI_ASSEMBLES_DIFF,cpdi8,"cp (0x3678),0x01",1
UNI_ASSEMBLES_DIFF,cpdi8,"cp (0x3678),0x0d",1
UNI_ASSEMBLES_DIFF,cpdi8,"cp (0x3679),0x0d",1
UNI_ASSEMBLES_DIFF,cpdi8,"cp (0x3679),0xff",1
UNI_ASSEMBLES_DIFF,cpdi8,"cp (0x367a),0x03",1
UNI_ASSEMBLES_DIFF,cpdi8,"cp (0x367a),0xff",1
UNI_ASSEMBLES_DIFF,cpdi8,"cp (0x367b),0x63",1
UNI_ASSEMBLES_DIFF,cpdi8,"cp (0x367b),0xff",1
UNI_ASSEMBLES_DIFF,cpdi8,"cp (0x3684),0x01",1
UNI_ASSEMBLES_DIFF,cpdi8,"cp (0x3684),0x03",1
UNI_ASSEMBLES_DIFF,cpdm8,"cp (0x36e9),A",1
UNI_ASSEMBLES_DIFF,cpdi8,"cp (0x371d),0xff",1
UNI_ASSEMBLES_DIFF,cpdi8,"cp (0x372c),0x00",1
UNI_ASSEMBLES_DIFF,cpdi8,"cp (0x386c),0x00",1
UNI_ASSEMBLES_DIFF,cpdi8,"cp (0x386c),0x0b",1
UNI_ASSEMBLES_DIFF,cpdi8,"cp (0x386c),0xff",1
UNI_ASSEMBLES_DIFF,cpdi8,"cp (0x386e),0x05",1
UNI_ASSEMBLES_DIFF,cpdi8,"cp (0x386f),0x00",1
UNI_ASSEMBLES_DIFF,cpdi8,"cp (0x38b4),0x00",1
UNI_ASSEMBLES_DIFF,cpdi8,"cp (0x38b4),0x82",1
UNI_ASSEMBLES_DIFF,cpdi8,"cp (0x38b4),0x83",1
UNI_ASSEMBLES_DIFF,cpdi8,"cp (0x38fa),0x00",1
UNI_ASSEMBLES_DIFF,cpdi8,"cp (0x390b),0x00",1
UNI_ASSEMBLES_DIFF,cpdi8,"cp (0x390b),0x01",1
UNI_ASSEMBLES_DIFF,cpdi8,"cp (0x391b),0x0a",1
UNI_ASSEMBLES_DIFF,cpdi8,"cp (0x39db),0x03",1
UNI_ASSEMBLES_DIFF,cpdi8,"cp (0x39e4),0x00",1
UNI_ASSEMBLES_DIFF,cpdi8,"cp (0x436a),0x08",1
UNI_ASSEMBLES_DIFF,cpdi8,"cp (0x436f),0xff",1
UNI_ASSEMBLES_DIFF,cpdi8,"cp (0x7db6),0x01",1
UNI_ASSEMBLES_DIFF,cpdi8,"cp (0x7ea6),0x23",1
UNI_ASSEMBLES_DIFF,cpdi8,"cp (0x7ec0),0x7c",1
UNI_ASSEMBLES_DIFF,cpdi8,"cp (0x7ec2),0x7b",1
UNI_ASSEMBLES_DIFF,cpdi8,"cp (0x7ed0),0x00",1
UNI_ASSEMBLES_DIFF,cpdi8,"cp (0x8132),0x00",1
UNI_ASSEMBLES_DIFF,cpdi8,"cp (0x8134),0x00",1
UNI_ASSEMBLES_DIFF,cpdi8,"cp (0x813a),0x00",1
UNI_ASSEMBLES_DIFF,cpdi8,"cp (0x8140),0x00",1
UNI_ASSEMBLES_DIFF,cpdi8,"cp (0x8142),0x00",1
UNI_ASSEMBLES_DIFF,cpdm8,"cp (0x83a0),A",1
UNI_ASSEMBLES_DIFF,cpdi8,"cp (0x8802),0x00",1
UNI_ASSEMBLES_DIFF,cpdi8,"cp (0x8888),0x00",1
UNI_ASSEMBLES_DIFF,cpdi8,"cp (0x88a2),0x00",1
UNI_ASSEMBLES_DIFF,cpdi8,"cp (0x895c),0x00",1
UNI_ASSEMBLES_DIFF,cpdi8,"cp (0x895c),0x02",1
UNI_ASSEMBLES_DIFF,cpdm8,"cp (0x8964),A",1
UNI_ASSEMBLES_DIFF,cpdm8,"cp (0x896c),L",1
UNI_ASSEMBLES_DIFF,cpdi8,"cp (0x8970),0x01",1
UNI_ASSEMBLES_DIFF,cpdi8,"cp (0x8970),0x02",1
UNI_ASSEMBLES_DIFF,cpdi8,"cp (0x897a),0xa5",1
UNI_ASSEMBLES_DIFF,cpdi8,"cp (0x8988),0x00",1
UNI_ASSEMBLES_DIFF,cpdi8,"cp (0x898d),0x00",1
UNI_ASSEMBLES_DIFF,cpdi8,"cp (0x898e),0x01",1
UNI_ASSEMBLES_DIFF,cpdi8,"cp (0x89c4),0xff",1
UNI_ASSEMBLES_DIFF,cpdi8,"cp (0x89c5),0x80",1
UNI_ASSEMBLES_DIFF,cpdi8,"cp (0x8c98),0x0a",1
UNI_ASSEMBLES_DIFF,cpdi8,"cp (0x8c98),0x10",1
UNI_ASSEMBLES_DIFF,cpdi8,"cp (0x8c98),0x14",1
UNI_ASSEMBLES_DIFF,cpdi8,"cp (0x8c99),0x0e",1
UNI_ASSEMBLES_DIFF,cpdi8,"cp (0x8c99),0x11",1
UNI_ASSEMBLES_DIFF,cpdi8,"cp (0x8c9a),0x10",1
UNI_ASSEMBLES_DIFF,cpdi8,"cp (0x8c9a),0x41",1
UNI_ASSEMBLES_DIFF,cpdi8,"cp (0x8c9a),0x60",1
UNI_ASSEMBLES_DIFF,cpdi8,"cp (0x8c9a),0x6d",1
UNI_ASSEMBLES_DIFF,cpdi8,"cp (0x8c9a),0x6e",1
UNI_ASSEMBLES_DIFF,cpdi8,"cp (0x8c9a),0x81",1
UNI_ASSEMBLES_DIFF,cpdi8,"cp (0x8c9a),0x85",1
UNI_ASSEMBLES_DIFF,cpdi8,"cp (0x8c9a),0x87",1
UNI_ASSEMBLES_DIFF,cpdi8,"cp (0x8c9a),0x8a",1
UNI_ASSEMBLES_DIFF,cpdi8,"cp (0x8c9a),0x8e",1
UNI_ASSEMBLES_DIFF,cpdi8,"cp (0x8c9a),0x8f",1
UNI_ASSEMBLES_DIFF,cpdi8,"cp (0x8c9a),0x95",1
UNI_ASSEMBLES_DIFF,cpdi8,"cp (0x8c9a),0x98",1
UNI_ASSEMBLES_DIFF,cpdi8,"cp (0x8c9a),0xa7",1
UNI_ASSEMBLES_DIFF,cpdi8,"cp (0x8c9a),0xb0",1
UNI_ASSEMBLES_DIFF,cpdi8,"cp (0x8c9a),0xb1",1
UNI_ASSEMBLES_DIFF,cpdi8,"cp (0x8c9a),0xb2",1
UNI_ASSEMBLES_DIFF,cpdi8,"cp (0x8c9a),0xb5",1
UNI_ASSEMBLES_DIFF,cpdi8,"cp (0x8c9a),0xb8",1
UNI_ASSEMBLES_DIFF,cpdi8,"cp (0x8c9a),0xbd",1
UNI_ASSEMBLES_DIFF,cpdi8,"cp (0x8c9a),0xc9",1
UNI_ASSEMBLES_DIFF,cpdi8,"cp (0x8c9a),0xf7",1
UNI_ASSEMBLES_DIFF,cpdi8,"cp (0x8c9b),0x66",1
UNI_ASSEMBLES_DIFF,cpdi8,"cp (0x8c9b),0x76",1
UNI_ASSEMBLES_DIFF,cpdi8,"cp (0x8c9b),0x77",1
UNI_ASSEMBLES_DIFF,cpdi8,"cp (0x8c9b),0x79",1
UNI_ASSEMBLES_DIFF,cpdi8,"cp (0x8c9b),0xb1",1
UNI_ASSEMBLES_DIFF,cpdi8,"cp (0x8c9b),0xb2",1
UNI_ASSEMBLES_DIFF,cpdi8,"cp (0x8c9b),0xb4",1
UNI_ASSEMBLES_DIFF,cpdi8,"cp (0x8c9b),0xb5",1
UNI_ASSEMBLES_DIFF,cpdi8,"cp (0x8c9b),0xba",1
UNI_ASSEMBLES_DIFF,cpdi8,"cp (0x8c9c),0x22",1
UNI_ASSEMBLES_DIFF,cpdi8,"cp (0x8c9c),0x26",1
UNI_ASSEMBLES_DIFF,cpdi8,"cp (0x8c9c),0x86",1
UNI_ASSEMBLES_DIFF,cpdi8,"cp (0x8c9c),0xb8",1
UNI_ASSEMBLES_DIFF,cpdi8,"cp (0x8c9c),0xc8",1
UNI_ASSEMBLES_DIFF,cpdi8,"cp (0x8c9c),0xea",1
UNI_ASSEMBLES_DIFF,cpdm8,"cp (0x8c9c),A",1
UNI_ASSEMBLES_DIFF,cpdi8,"cp (0x8c9d),0x82",1
UNI_ASSEMBLES_DIFF,cpdi8,"cp (0x8c9d),0x88",1
UNI_ASSEMBLES_DIFF,cpdi8,"cp (0x8c9d),0xee",1
UNI_ASSEMBLES_DIFF,cpdm8,"cp (0x8c9e),A",1
UNI_ASSEMBLES_DIFF,cpdi8,"cp (0x8cb4),0x01",1
UNI_ASSEMBLES_DIFF,cpdi8,"cp (0x8cfe),0x2a",1
UNI_ASSEMBLES_DIFF,cpdi8,"cp (0x8daf),0x70",1
UNI_ASSEMBLES_DIFF,cpdi8,"cp (0x8db4),0x0f",1
UNI_ASSEMBLES_DIFF,cpdi8,"cp (0x8dc2),0x6c",1
UNI_ASSEMBLES_DIFF,cpdi8,"cp (0x8dc4),0x38",1
UNI_ASSEMBLES_DIFF,cpdm8,"cp (0x8e4c),A",1
UNI_ASSEMBLES_DIFF,cpdi8,"cp (0x8ec4),0x02",1
UNI_ASSEMBLES_DIFF,cpdi8,"cp (0x904e),0x80",1
UNI_ASSEMBLES_DIFF,cpdi8,"cp (0x904e),0xf0",1
UNI_ASSEMBLES_DIFF,cpdi8,"cp (0x905c),0xff",1
UNI_ASSEMBLES_DIFF,cpdi8,"cp (0x908d),0x05",1
UNI_ASSEMBLES_DIFF,cpdi8,"cp (0x908e),0x00",1
UNI_ASSEMBLES_DIFF,cpdi8,"cp (0x90bf),0x00",1
UNI_ASSEMBLES_DIFF,cpdi8,"cp (0x90bf),0x17",1
UNI_ASSEMBLES_DIFF,cpdi8,"cp (0x90bf),0xb0",1
UNI_ASSEMBLES_DIFF,cpdi8,"cp (0x9111),0xff",1
UNI_ASSEMBLES_DIFF,cpdi8,"cp (0x9119),0x80",1
UNI_ASSEMBLES_DIFF,cpdi8,"cp (0x9129),0x05",1
UNI_ASSEMBLES_DIFF,cpdi8,"cp (0x912b),0x0f",1
UNI_ASSEMBLES_DIFF,cpdi8,"cp (0x912c),0x10",1
UNI_ASSEMBLES_DIFF,cpdi8,"cp (0x912f),0x01",1
UNI_ASSEMBLES_DIFF,cpdi8,"cp (0x9131),0x0f",1
UNI_ASSEMBLES_DIFF,cpdi8,"cp (0x9136),0xff",1
UNI_ASSEMBLES_DIFF,cpdi8,"cp (0x95bb),0x10",1
UNI_ASSEMBLES_DIFF,cpdi8,"cp (0x95bb),0x11",1
UNI_ASSEMBLES_DIFF,cpdi8,"cp (0x95bb),0x12",1
UNI_ASSEMBLES_DIFF,cpdi8,"cp (0xb744),0x00",1
UNI_ASSEMBLES_DIFF,cpdi8,"cp (0xb754),0x00",1
UNI_ASSEMBLES_DIFF,cpdi8,"cp (0xbf9d),0xff",1
UNI_ASSEMBLES_DIFF,cpdi8,"cp (0xbfe1),0x01",1
UNI_ASSEMBLES_DIFF,cpdi8,"cp (0xbfe1),0x04",1
UNI_ASSEMBLES_DIFF,cpdi8,"cp (0xbfe1),0x06",1
UNI_ASSEMBLES_DIFF,cpdi8,"cp (0xbfe1),0x0b",1
UNI_ASSEMBLES_DIFF,cpdi8,"cp (0xbfe1),0x0c",1
UNI_ASSEMBLES_DIFF,cpdi8,"cp (0xbfe1),0x0d",1
UNI_ASSEMBLES_DIFF,cpdi8,"cp (0xbfe1),0x10",1
UNI_ASSEMBLES_DIFF,cpdi8,"cp (0xbfe1),0x21",1
UNI_ASSEMBLES_DIFF,cpdi8,"cp (0xbfe1),0x41",1
UNI_ASSEMBLES_DIFF,cpdi8,"cp (0xbfe2),0x80",1
UNI_ASSEMBLES_DIFF,cpdi8,"cp (0xc07d),0x00",1
UNI_ASSEMBLES_DIFF,cpdi8,"cp (0xc07d),0x04",1
UNI_ASSEMBLES_DIFF,cpdi8,"cp (0xc07d),0x05",1
UNI_ASSEMBLES_DIFF,cpdi8,"cp (0xc07d),0x0c",1
UNI_ASSEMBLES_DIFF,cpdi8,"cp (0xc07d),0x0e",1
UNI_ASSEMBLES_DIFF,cpdi8,"cp (0xc52c),0xff",1
UNI_ASSEMBLES_DIFF,cpdi8,"cp (0xce17),0x00",1
UNI_ASSEMBLES_DIFF,cpdi8,"cp (0xce18),0x00",1
UNI_ASSEMBLES_DIFF,cpdi8,"cp (0xce19),0x00",1
UNI_ASSEMBLES_DIFF,cpdi8,"cp (0xce55),0x00",1
UNI_ASSEMBLES_DIFF,cpdi8,"cp (0xe2f0),0x01",1
UNI_ASSEMBLES_DIFF,cpdi8,"cp (0xe2f2),0x00",1
UNI_ASSEMBLES_DIFF,cpdi8,"cp (0xe91e),0x04",1
UNI_ASSEMBLES_DIFF,cpdm32,"cp (0xe921),XIZ",1
UNI_ASSEMBLES_DIFF,cpdm16,"cp (0xf01c),WA",1
UNI_ASSEMBLES_DIFF,cpdi8,"cp (0xfc5a),0x80",1
UNI_ASSEMBLES_DIFF,cpda8,"cp A,(0x0d32)",1
UNI_ASSEMBLES_DIFF,cpda8,"cp A,(0x322f)",1
UNI_ASSEMBLES_DIFF,cpda8,"cp A,(0x323c)",1
UNI_ASSEMBLES_DIFF,cpda8,"cp A,(0x3240)",1
UNI_ASSEMBLES_DIFF,cpda8,"cp A,(0x3241)",1
UNI_ASSEMBLES_DIFF,cpda8,"cp A,(0x3242)",1
UNI_ASSEMBLES_DIFF,cpda8,"cp A,(0x325a)",1
UNI_ASSEMBLES_DIFF,cpda8,"cp A,(0x326a)",1
UNI_ASSEMBLES_DIFF,cpda8,"cp A,(0x329c)",1
UNI_ASSEMBLES_DIFF,cpda8,"cp A,(0x32c8)",1
UNI_ASSEMBLES_DIFF,cpda8,"cp A,(0x32ca)",1
UNI_ASSEMBLES_DIFF,cpda8,"cp A,(0x32cc)",1
UNI_ASSEMBLES_DIFF,cpda8,"cp A,(0x32d0)",1
UNI_ASSEMBLES_DIFF,cpda8,"cp A,(0x3391)",1
UNI_ASSEMBLES_DIFF,cpda8,"cp A,(0x3392)",1
UNI_ASSEMBLES_DIFF,cpda8,"cp A,(0x343a)",1
UNI_ASSEMBLES_DIFF,cpda8,"cp A,(0x343b)",1
UNI_ASSEMBLES_DIFF,cpda8,"cp A,(0x3440)",1
UNI_ASSEMBLES_DIFF,cpda8,"cp A,(0x3562)",1
UNI_ASSEMBLES_DIFF,cpda8,"cp A,(0x365c)",1
UNI_ASSEMBLES_DIFF,cpda8,"cp A,(0x372b)",1
UNI_ASSEMBLES_DIFF,cpda8,"cp A,(0x39b2)",1
UNI_ASSEMBLES_DIFF,cpda8,"cp A,(0x7d61)",1
UNI_ASSEMBLES_DIFF,cpda8,"cp A,(0x8884)",1
UNI_ASSEMBLES_DIFF,cpda8,"cp A,(0x889e)",1
UNI_ASSEMBLES_DIFF,cpda8,"cp A,(0x88ac)",1
UNI_ASSEMBLES_DIFF,cpda8,"cp A,(0x8a68)",1
UNI_ASSEMBLES_DIFF,cpda8,"cp A,(0x8c9a)",1
UNI_ASSEMBLES_DIFF,cpda8,"cp A,(0x8cc0)",1
UNI_ASSEMBLES_DIFF,cpda8,"cp A,(0x8e58)",1
UNI_ASSEMBLES_DIFF,cpda8,"cp A,(0x9095)",1
UNI_ASSEMBLES_DIFF,cpda16,"cp BC,(0x45d0)",1
UNI_ASSEMBLES_DIFF,cpda16,"cp BC,(0x90c7)",1
UNI_ASSEMBLES_DIFF,cpda8,"cp C,(0x372d)",1
UNI_ASSEMBLES_DIFF,cpda16,"cp DE,(0x356e)",1
UNI_ASSEMBLES_DIFF,cpda8,"cp E,(0x3339)",1
UNI_ASSEMBLES_DIFF,cpda8,"cp H,(0x345e)",1
UNI_ASSEMBLES_DIFF,cpda16,"cp HL,(0x8400)",1
UNI_ASSEMBLES_DIFF,cpda16,"cp HL,(0x8460)",1
UNI_ASSEMBLES_DIFF,cpda16,"cp IZ,(0x839c)",1
UNI_ASSEMBLES_DIFF,cpda8,"cp L,(0x3462)",1
UNI_ASSEMBLES_DIFF,cpda8,"cp L,(0x8ec2)",1
UNI_ASSEMBLES_DIFF,cpda8,"cp L,(0x8ec4)",1
UNI_ASSEMBLES_DIFF,cpda8,"cp W,(0x32ce)",1
UNI_ASSEMBLES_DIFF,cpda16,"cp WA,(0x0fd5)",1
UNI_ASSEMBLES_DIFF,cpda16,"cp WA,(0x1040)",1
UNI_ASSEMBLES_DIFF,cpda16,"cp WA,(0x11aa)",1
UNI_ASSEMBLES_DIFF,cpda16,"cp WA,(0x3546)",1
UNI_ASSEMBLES_DIFF,cpda16,"cp WA,(0x3548)",1
UNI_ASSEMBLES_DIFF,cpda16,"cp WA,(0x367e)",1
UNI_ASSEMBLES_DIFF,cpda16,"cp WA,(0x38d4)",1
UNI_ASSEMBLES_DIFF,cpda16,"cp WA,(0x4488)",1
UNI_ASSEMBLES_DIFF,cpda16,"cp WA,(0x7d80)",1
UNI_ASSEMBLES_DIFF,cpda16,"cp WA,(0x7ede)",1
UNI_ASSEMBLES_DIFF,cpda16,"cp WA,(0x846e)",1
UNI_ASSEMBLES_DIFF,cpda16,"cp WA,(0x8a6c)",1
UNI_ASSEMBLES_DIFF,cpda16,"cp WA,(0xd814)",1
UNI_ASSEMBLES_DIFF,cpda32,"cp XWA,(0x0c2c)",1
UNI_ASSEMBLES_DIFF,cpda32,"cp XWA,(0x31db)",1
UNI_ASSEMBLES_DIFF,decdi8,"dec 1,(0x0c05)",1
UNI_ASSEMBLES_DIFF,decdi8,"dec 1,(0x0e45)",1
UNI_ASSEMBLES_DIFF,decdi8,"dec 1,(0x0f6f)",1
UNI_ASSEMBLES_DIFF,decdi8,"dec 1,(0x1977)",1
UNI_ASSEMBLES_DIFF,decdi8,"dec 1,(0x2074)",1
UNI_ASSEMBLES_DIFF,decdi8,"dec 1,(0x20ab)",1
UNI_ASSEMBLES_DIFF,decdi8,"dec 1,(0x2208)",1
UNI_ASSEMBLES_DIFF,decdi8,"dec 1,(0x2209)",1
UNI_ASSEMBLES_DIFF,decdi8,"dec 1,(0x222a)",1
UNI_ASSEMBLES_DIFF,decdi8,"dec 1,(0x2244)",1
UNI_ASSEMBLES_DIFF,decdi8,"dec 1,(0x269c)",1
UNI_ASSEMBLES_DIFF,decdi8,"dec 1,(0x26a1)",1
UNI_ASSEMBLES_DIFF,decdi8,"dec 1,(0x2707)",1
UNI_ASSEMBLES_DIFF,decdi8,"dec 1,(0x270c)",1
UNI_ASSEMBLES_DIFF,decdi8,"dec 1,(0x2724)",1
UNI_ASSEMBLES_DIFF,decdi8,"dec 1,(0x272d)",1
UNI_ASSEMBLES_DIFF,decdi8,"dec 1,(0x2739)",1
UNI_ASSEMBLES_DIFF,decdi8,"dec 1,(0x2792)",1
UNI_ASSEMBLES_DIFF,decdi8,"dec 1,(0x2843)",1
UNI_ASSEMBLES_DIFF,decdi8,"dec 1,(0x2a8b)",1
UNI_ASSEMBLES_DIFF,decdi8,"dec 1,(0x3399)",1
UNI_ASSEMBLES_DIFF,decdi8,"dec 1,(0x340a)",1
UNI_ASSEMBLES_DIFF,decdi8,"dec 1,(0x343a)",1
UNI_ASSEMBLES_DIFF,decdi8,"dec 1,(0x3550)",1
UNI_ASSEMBLES_DIFF,decdi8,"dec 1,(0x3678)",1
UNI_ASSEMBLES_DIFF,decdi8,"dec 1,(0x3679)",1
UNI_ASSEMBLES_DIFF,decdi8,"dec 1,(0x367a)",1
UNI_ASSEMBLES_DIFF,decdi8,"dec 1,(0x386c)",1
UNI_ASSEMBLES_DIFF,decdi8,"dec 1,(0xce17)",1
UNI_ASSEMBLES_DIFF,decdi8,"dec 1,(0xce18)",1
UNI_ASSEMBLES_DIFF,decdi8,"dec 1,(0xce19)",1
UNI_ASSEMBLES_DIFF,decdi8,"dec 4,(0x0f62)",1
UNI_ASSEMBLES_DIFF,decdi8,"dec 4,(0x2a80)",1
UNI_ASSEMBLES_DIFF,decdi16,"decw 1,(0x0cae)",1
UNI_ASSEMBLES_DIFF,decdi16,"decw 1,(0x0f77)",1
UNI_ASSEMBLES_DIFF,decdi16,"decw 1,(0x10d2)",1
UNI_ASSEMBLES_DIFF,decdi16,"decw 1,(0x2680)",1
UNI_ASSEMBLES_DIFF,decdi16,"decw 1,(0x2a92)",1
UNI_ASSEMBLES_DIFF,decdi16,"decw 1,(0x361e)",1
UNI_ASSEMBLES_DIFF,decdi16,"decw 1,(0x3620)",1
UNI_ASSEMBLES_DIFF,decdi16,"decw 1,(0x3622)",1
UNI_ASSEMBLES_DIFF,decdi16,"decw 1,(0x3624)",1
UNI_ASSEMBLES_DIFF,decdi16,"decw 1,(0xd816)",1
UNI_ASSEMBLES_DIFF,incdi8,"inc 0,(0x2766)",1
UNI_ASSEMBLES_DIFF,incdi8,"inc 1,(0x091e)",1
UNI_ASSEMBLES_DIFF,incdi8,"inc 1,(0x0931)",1
UNI_ASSEMBLES_DIFF,incdi8,"inc 1,(0x0c08)",1
UNI_ASSEMBLES_DIFF,incdi8,"inc 1,(0x0d47)",1
UNI_ASSEMBLES_DIFF,incdi8,"inc 1,(0x0d48)",1
UNI_ASSEMBLES_DIFF,incdi8,"inc 1,(0x0f70)",1
UNI_ASSEMBLES_DIFF,incdi8,"inc 1,(0x0f72)",1
UNI_ASSEMBLES_DIFF,incdi8,"inc 1,(0x1045)",1
UNI_ASSEMBLES_DIFF,incdi8,"inc 1,(0x1128)",1
UNI_ASSEMBLES_DIFF,incdi8,"inc 1,(0x1267)",1
UNI_ASSEMBLES_DIFF,incdi8,"inc 1,(0x1974)",1
UNI_ASSEMBLES_DIFF,incdi8,"inc 1,(0x197a)",1
UNI_ASSEMBLES_DIFF,incdi8,"inc 1,(0x197b)",1
UNI_ASSEMBLES_DIFF,incdi8,"inc 1,(0x197c)",1
UNI_ASSEMBLES_DIFF,incdi8,"inc 1,(0x207e)",1
UNI_ASSEMBLES_DIFF,incdi8,"inc 1,(0x219c)",1
UNI_ASSEMBLES_DIFF,incdi8,"inc 1,(0x2208)",1
UNI_ASSEMBLES_DIFF,incdi8,"inc 1,(0x2209)",1
UNI_ASSEMBLES_DIFF,incdi8,"inc 1,(0x23c9)",1
UNI_ASSEMBLES_DIFF,incdi8,"inc 1,(0x2640)",1
UNI_ASSEMBLES_DIFF,incdi8,"inc 1,(0x269c)",1
UNI_ASSEMBLES_DIFF,incdi8,"inc 1,(0x26a1)",1
UNI_ASSEMBLES_DIFF,incdi8,"inc 1,(0x2707)",1
UNI_ASSEMBLES_DIFF,incdi8,"inc 1,(0x270c)",1
UNI_ASSEMBLES_DIFF,incdi8,"inc 1,(0x272e)",1
UNI_ASSEMBLES_DIFF,incdi8,"inc 1,(0x2739)",1
UNI_ASSEMBLES_DIFF,incdi8,"inc 1,(0x2766)",1
UNI_ASSEMBLES_DIFF,incdi8,"inc 1,(0x276c)",1
UNI_ASSEMBLES_DIFF,incdi8,"inc 1,(0x2792)",1
UNI_ASSEMBLES_DIFF,incdi8,"inc 1,(0x2793)",1
UNI_ASSEMBLES_DIFF,incdi8,"inc 1,(0x2795)",1
UNI_ASSEMBLES_DIFF,incdi8,"inc 1,(0x28a2)",1
UNI_ASSEMBLES_DIFF,incdi8,"inc 1,(0x28d0)",1
UNI_ASSEMBLES_DIFF,incdi8,"inc 1,(0x28d1)",1
UNI_ASSEMBLES_DIFF,incdi8,"inc 1,(0x2901)",1
UNI_ASSEMBLES_DIFF,incdi8,"inc 1,(0x321f)",1
UNI_ASSEMBLES_DIFF,incdi8,"inc 1,(0x3251)",1
UNI_ASSEMBLES_DIFF,incdi8,"inc 1,(0x3339)",1
UNI_ASSEMBLES_DIFF,incdi8,"inc 1,(0x343f)",1
UNI_ASSEMBLES_DIFF,incdi8,"inc 1,(0x345e)",1
UNI_ASSEMBLES_DIFF,incdi8,"inc 1,(0x3473)",1
UNI_ASSEMBLES_DIFF,incdi8,"inc 1,(0x3563)",1
UNI_ASSEMBLES_DIFF,incdi8,"inc 1,(0x3678)",1
UNI_ASSEMBLES_DIFF,incdi8,"inc 1,(0x3679)",1
UNI_ASSEMBLES_DIFF,incdi8,"inc 1,(0x367a)",1
UNI_ASSEMBLES_DIFF,incdi8,"inc 1,(0x386c)",1
UNI_ASSEMBLES_DIFF,incdi8,"inc 1,(0x386e)",1
UNI_ASSEMBLES_DIFF,incdi8,"inc 1,(0x38a6)",1
UNI_ASSEMBLES_DIFF,incdi8,"inc 1,(0x83a0)",1
UNI_ASSEMBLES_DIFF,incdi8,"inc 1,(0x8cde)",1
UNI_ASSEMBLES_DIFF,incdi8,"inc 1,(0x8cfe)",1
UNI_ASSEMBLES_DIFF,incdi8,"inc 1,(0x8df0)",1
UNI_ASSEMBLES_DIFF,incdi8,"inc 1,(0x8e2a)",1
UNI_ASSEMBLES_DIFF,incdi8,"inc 1,(0x8eae)",1
UNI_ASSEMBLES_DIFF,extpfx3,"inc 1,(0x90)",1
UNI_ASSEMBLES_DIFF,incdi8,"inc 1,(0x912b)",1
UNI_ASSEMBLES_DIFF,incdi8,"inc 1,(0x912c)",1
UNI_ASSEMBLES_DIFF,incdi8,"inc 1,(0xe2c2)",1
UNI_ASSEMBLES_DIFF,incdi8,"inc 1,(0xe2c8)",1
UNI_ASSEMBLES_DIFF,incdi8,"inc 1,(0xf018)",1
UNI_ASSEMBLES_DIFF,incdi8,"inc 4,(0x9097)",1
UNI_ASSEMBLES_DIFF,incdi16,"incw 0,(0x0c30)",1
UNI_ASSEMBLES_DIFF,incdi16,"incw 1,(0x0e56)",1
UNI_ASSEMBLES_DIFF,incdi16,"incw 1,(0x0e60)",1
UNI_ASSEMBLES_DIFF,incdi16,"incw 1,(0x0f56)",1
UNI_ASSEMBLES_DIFF,incdi16,"incw 1,(0x104c)",1
UNI_ASSEMBLES_DIFF,incdi16,"incw 1,(0x11b2)",1
UNI_ASSEMBLES_DIFF,incdi16,"incw 1,(0x23bc)",1
UNI_ASSEMBLES_DIFF,incdi16,"incw 1,(0x23cc)",1
UNI_ASSEMBLES_DIFF,incdi16,"incw 1,(0x2b11)",1
UNI_ASSEMBLES_DIFF,incdi16,"incw 1,(0x3552)",1
UNI_ASSEMBLES_DIFF,incdi16,"incw 1,(0x361e)",1
UNI_ASSEMBLES_DIFF,incdi16,"incw 1,(0x3620)",1
UNI_ASSEMBLES_DIFF,incdi16,"incw 1,(0x3622)",1
UNI_ASSEMBLES_DIFF,incdi16,"incw 1,(0x3624)",1
UNI_ASSEMBLES_DIFF,incdi16,"incw 1,(0x374a)",1
UNI_ASSEMBLES_DIFF,incdi16,"incw 1,(0x384c)",1
UNI_ASSEMBLES_DIFF,incdi16,"incw 1,(0x38a8)",1
UNI_ASSEMBLES_DIFF,incdi16,"incw 1,(0x3b64)",1
UNI_ASSEMBLES_DIFF,incdi16,"incw 1,(0x448c)",1
UNI_ASSEMBLES_DIFF,incdi16,"incw 1,(0x483c)",1
UNI_ASSEMBLES_DIFF,incdi16,"incw 1,(0x7daa)",1
UNI_ASSEMBLES_DIFF,incdi16,"incw 1,(0x8cba)",1
UNI_ASSEMBLES_DIFF,incdi16,"incw 1,(0xd812)",1
UNI_ASSEMBLES_DIFF,incdi16,"incw 1,(0xd814)",1
UNI_ASSEMBLES_DIFF,incdi16,"incw 1,(0xd816)",1
UNI_ASSEMBLES_DIFF,incdi16,"incw 1,(0xe2c4)",1
UNI_ASSEMBLES_DIFF,incdi16,"incw 1,(0xe314)",1
UNI_ASSEMBLES_DIFF,incdi16,"incw 1,(0xf01a)",1
UNI_ASSEMBLES_DIFF,stdi8,"ld (0x0102),0x00",1
UNI_ASSEMBLES_DIFF,stdi8,"ld (0x0103),0x0c",1
UNI_ASSEMBLES_DIFF,stdi8,"ld (0x0108),0x00",1
UNI_ASSEMBLES_DIFF,stdi8,"ld (0x0109),0x00",1
UNI_ASSEMBLES_DIFF,stdi8,"ld (0x0140),0x55",1
UNI_ASSEMBLES_DIFF,stdi8,"ld (0x0140),0x66",1
UNI_ASSEMBLES_DIFF,stdi8,"ld (0x0144),0x55",1
UNI_ASSEMBLES_DIFF,stdi8,"ld (0x0144),0x66",1
UNI_ASSEMBLES_DIFF,stdi8,"ld (0x014d),0x89",1
UNI_ASSEMBLES_DIFF,stdi8,"ld (0x014e),0x0f",1
UNI_ASSEMBLES_DIFF,stdi8,"ld (0x0150),0x62",1
UNI_ASSEMBLES_DIFF,stdi8,"ld (0x0150),0x66",1
UNI_ASSEMBLES_DIFF,stdi8,"ld (0x0516),0x02",1
UNI_ASSEMBLES_DIFF,stdi8,"ld (0x0518),0x01",1
UNI_ASSEMBLES_DIFF,stdi8,"ld (0x0518),0x02",1
UNI_ASSEMBLES_DIFF,stdi8,"ld (0x0518),0x03",1
UNI_ASSEMBLES_DIFF,stdi8,"ld (0x0518),0x04",1
UNI_ASSEMBLES_DIFF,stb_d8,"ld (0x051a),A",1
UNI_ASSEMBLES_DIFF,stdi8,"ld (0x051c),0xff",1
UNI_ASSEMBLES_DIFF,stdi8,"ld (0x0556),0x00",1
UNI_ASSEMBLES_DIFF,stdi8,"ld (0x0560),0x06",1
UNI_ASSEMBLES_DIFF,stdi8,"ld (0x0600),0x08",1
UNI_ASSEMBLES_DIFF,stdi8,"ld (0x070e),0x00",1
UNI_ASSEMBLES_DIFF,stdi8,"ld (0x0710),0x00",1
UNI_ASSEMBLES_DIFF,stb_d8,"ld (0x0710),A",1
UNI_ASSEMBLES_DIFF,stdi8,"ld (0x0711),0x40",1
UNI_ASSEMBLES_DIFF,stb_d8,"ld (0x0711),A",1
UNI_ASSEMBLES_DIFF,stb_d8,"ld (0x0712),E",1
UNI_ASSEMBLES_DIFF,stb_d8,"ld (0x0713),A",1
UNI_ASSEMBLES_DIFF,stb_d8,"ld (0x0714),E",1
UNI_ASSEMBLES_DIFF,stda32,"ld (0x08e0),XWA",1
UNI_ASSEMBLES_DIFF,stda32,"ld (0x08e4),XWA",1
UNI_ASSEMBLES_DIFF,stb_d8,"ld (0x08e8),A",1
UNI_ASSEMBLES_DIFF,stb_d8,"ld (0x08e9),A",1
UNI_ASSEMBLES_DIFF,stb_d8,"ld (0x08ea),A",1
UNI_ASSEMBLES_DIFF,stb_d8,"ld (0x08eb),A",1
UNI_ASSEMBLES_DIFF,stdi8,"ld (0x0900),0x00",1
UNI_ASSEMBLES_DIFF,stda32,"ld (0x0900),XWA",1
UNI_ASSEMBLES_DIFF,stdi8,"ld (0x0904),0x00",1
UNI_ASSEMBLES_DIFF,stda32,"ld (0x0904),XBC",1
UNI_ASSEMBLES_DIFF,stdi8,"ld (0x0908),0x00",1
UNI_ASSEMBLES_DIFF,stda32,"ld (0x0908),XDE",1
UNI_ASSEMBLES_DIFF,stdi8,"ld (0x090c),0x00",1
UNI_ASSEMBLES_DIFF,stda32,"ld (0x090c),XHL",1
UNI_ASSEMBLES_DIFF,stdi8,"ld (0x0910),0x00",1
UNI_ASSEMBLES_DIFF,stda32,"ld (0x0910),XIX",1
UNI_ASSEMBLES_DIFF,stdi8,"ld (0x0914),0x00",1
UNI_ASSEMBLES_DIFF,stda32,"ld (0x0914),XIY",1
UNI_ASSEMBLES_DIFF,stdi8,"ld (0x0918),0x00",1
UNI_ASSEMBLES_DIFF,stda32,"ld (0x0918),XIZ",1
UNI_ASSEMBLES_DIFF,stda16,"ld (0x091c),DE",1
UNI_ASSEMBLES_DIFF,stda16,"ld (0x0920),DE",1
UNI_ASSEMBLES_DIFF,stb_d8,"ld (0x0960),H",1
UNI_ASSEMBLES_DIFF,stdi8,"ld (0x0964),0x00",1
UNI_ASSEMBLES_DIFF,stdi8,"ld (0x0964),0x03",1
UNI_ASSEMBLES_DIFF,stdi8,"ld (0x0964),0x04",1
UNI_ASSEMBLES_DIFF,stdi8,"ld (0x0c02),0x00",1
UNI_ASSEMBLES_DIFF,stdi8,"ld (0x0c02),0x02",1
UNI_ASSEMBLES_DIFF,stdi8,"ld (0x0c03),0x08",1
UNI_ASSEMBLES_DIFF,stdi8,"ld (0x0c06),0x01",1
UNI_ASSEMBLES_DIFF,stdi8,"ld (0x0c06),0x02",1
UNI_ASSEMBLES_DIFF,stdi8,"ld (0x0c06),0x03",1
UNI_ASSEMBLES_DIFF,stdi8,"ld (0x0c06),0x04",1
UNI_ASSEMBLES_DIFF,stda16,"ld (0x0c08),WA",1
UNI_ASSEMBLES_DIFF,stdi8,"ld (0x0c10),0x01",1
UNI_ASSEMBLES_DIFF,stb_d8,"ld (0x0c11),C",1
UNI_ASSEMBLES_DIFF,stdi8,"ld (0x0c16),0x00",1
UNI_ASSEMBLES_DIFF,stb_d8,"ld (0x0c1f),A",1
UNI_ASSEMBLES_DIFF,stda32,"ld (0x0c20),XHL",1
UNI_ASSEMBLES_DIFF,stb_d8,"ld (0x0c2f),L",1
UNI_ASSEMBLES_DIFF,stb_d8,"ld (0x0c34),L",1
UNI_ASSEMBLES_DIFF,stda16,"ld (0x0c3a),WA",1
UNI_ASSEMBLES_DIFF,stb_d8,"ld (0x0c40),A",1
UNI_ASSEMBLES_DIFF,stdi8,"ld (0x0c44),0x00",1
UNI_ASSEMBLES_DIFF,stdi8,"ld (0x0c44),0x5a",1
UNI_ASSEMBLES_DIFF,stdi8,"ld (0x0c44),0xa5",1
UNI_ASSEMBLES_DIFF,stdi8,"ld (0x0c4e),0xff",1
UNI_ASSEMBLES_DIFF,stdi8,"ld (0x0c52),0x10",1
UNI_ASSEMBLES_DIFF,stdi8,"ld (0x0c52),0x20",1
UNI_ASSEMBLES_DIFF,stda16,"ld (0x0c55),HL",1
UNI_ASSEMBLES_DIFF,stdi8,"ld (0x0c56),0xc5",1
UNI_ASSEMBLES_DIFF,stdi8,"ld (0x0c56),0xc6",1
UNI_ASSEMBLES_DIFF,stb_d8,"ld (0x0c56),A",1
UNI_ASSEMBLES_DIFF,stdi8,"ld (0x0c57),0x00",1
UNI_ASSEMBLES_DIFF,stdi8,"ld (0x0c58),0x00",1
UNI_ASSEMBLES_DIFF,stb_d8,"ld (0x0c58),A",1
UNI_ASSEMBLES_DIFF,stdi8,"ld (0x0c59),0x00",1
UNI_ASSEMBLES_DIFF,stb_d8,"ld (0x0c59),A",1
UNI_ASSEMBLES_DIFF,stdi8,"ld (0x0c5a),0x00",1
UNI_ASSEMBLES_DIFF,stb_d8,"ld (0x0c5b),A",1
UNI_ASSEMBLES_DIFF,stdi8,"ld (0x0c5d),0x08",1
UNI_ASSEMBLES_DIFF,stdi8,"ld (0x0c5d),0x09",1
UNI_ASSEMBLES_DIFF,stdi8,"ld (0x0c5d),0x12",1
UNI_ASSEMBLES_DIFF,stda16,"ld (0x0c5d),IX",1
UNI_ASSEMBLES_DIFF,stdi8,"ld (0x0c5e),0x53",1
UNI_ASSEMBLES_DIFF,stdi8,"ld (0x0c5f),0xff",1
UNI_ASSEMBLES_DIFF,stdi8,"ld (0x0c60),0x08",1
UNI_ASSEMBLES_DIFF,stdi8,"ld (0x0c60),0x09",1
UNI_ASSEMBLES_DIFF,stdi8,"ld (0x0c60),0x12",1
UNI_ASSEMBLES_DIFF,stdi8,"ld (0x0c61),0x50",1
UNI_ASSEMBLES_DIFF,stdi8,"ld (0x0c61),0x54",1
UNI_ASSEMBLES_DIFF,stda16,"ld (0x0c61),HL",1
UNI_ASSEMBLES_DIFF,stdi8,"ld (0x0c62),0x00",1
UNI_ASSEMBLES_DIFF,stdi8,"ld (0x0c62),0xe5",1
UNI_ASSEMBLES_DIFF,stdi8,"ld (0x0c64),0x00",1
UNI_ASSEMBLES_DIFF,stdi8,"ld (0x0c64),0x05",1
UNI_ASSEMBLES_DIFF,stb_d8,"ld (0x0c65),A",1
UNI_ASSEMBLES_DIFF,stdi8,"ld (0x0c66),0x0f",1
UNI_ASSEMBLES_DIFF,stdi8,"ld (0x0c67),0x01",1
UNI_ASSEMBLES_DIFF,stdi8,"ld (0x0c68),0x00",1
UNI_ASSEMBLES_DIFF,stdi8,"ld (0x0c69),0x00",1
UNI_ASSEMBLES_DIFF,stdi8,"ld (0x0c6a),0x00",1
UNI_ASSEMBLES_DIFF,stdi8,"ld (0x0c6b),0x00",1
UNI_ASSEMBLES_DIFF,stda16,"ld (0x0c6b),IX",1
UNI_ASSEMBLES_DIFF,stdi8,"ld (0x0c6c),0x00",1
UNI_ASSEMBLES_DIFF,stdi8,"ld (0x0c6d),0x00",1
UNI_ASSEMBLES_DIFF,stda16,"ld (0x0c6e),WA",1
UNI_ASSEMBLES_DIFF,stdi8,"ld (0x0c70),0x01",1
UNI_ASSEMBLES_DIFF,stda16,"ld (0x0c70),WA",1
UNI_ASSEMBLES_DIFF,stb_d8,"ld (0x0c71),C",1
UNI_ASSEMBLES_DIFF,stda16,"ld (0x0c72),WA",1
UNI_ASSEMBLES_DIFF,stda16,"ld (0x0c74),WA",1
UNI_ASSEMBLES_DIFF,stda16,"ld (0x0c76),WA",1
UNI_ASSEMBLES_DIFF,stb_d8,"ld (0x0c79),A",1
UNI_ASSEMBLES_DIFF,stdi8,"ld (0x0c7a),0x00",1
UNI_ASSEMBLES_DIFF,stb_d8,"ld (0x0c7b),A",1
UNI_ASSEMBLES_DIFF,stda16,"ld (0x0c7e),WA",1
UNI_ASSEMBLES_DIFF,stb_d8,"ld (0x0c7f),A",1
UNI_ASSEMBLES_DIFF,stda16,"ld (0x0c80),WA",1
UNI_ASSEMBLES_DIFF,stda16,"ld (0x0c82),WA",1
UNI_ASSEMBLES_DIFF,stda16,"ld (0x0c84),WA",1
UNI_ASSEMBLES_DIFF,stda16,"ld (0x0c86),WA",1
UNI_ASSEMBLES_DIFF,stda32,"ld (0x0c8a),XWA",1
UNI_ASSEMBLES_DIFF,stdi8,"ld (0x0c8e),0x00",1
UNI_ASSEMBLES_DIFF,stdi8,"ld (0x0c8e),0xff",1
UNI_ASSEMBLES_DIFF,stb_d8,"ld (0x0c8f),L",1
UNI_ASSEMBLES_DIFF,stb_d8,"ld (0x0c94),A",1
UNI_ASSEMBLES_DIFF,stdi8,"ld (0x0c96),0x01",1
UNI_ASSEMBLES_DIFF,stdi8,"ld (0x0c98),0xff",1
UNI_ASSEMBLES_DIFF,stdi8,"ld (0x0c9a),0x02",1
UNI_ASSEMBLES_DIFF,stdi8,"ld (0x0c9a),0x03",1
UNI_ASSEMBLES_DIFF,stdi8,"ld (0x0c9a),0x04",1
UNI_ASSEMBLES_DIFF,stdi8,"ld (0x0c9a),0x05",1
UNI_ASSEMBLES_DIFF,stb_d8,"ld (0x0c9c),A",1
UNI_ASSEMBLES_DIFF,stdi8,"ld (0x0ca2),0x11",1
UNI_ASSEMBLES_DIFF,stdi8,"ld (0x0ca3),0x10",1
UNI_ASSEMBLES_DIFF,stda16,"ld (0x0ca4),IY",1
UNI_ASSEMBLES_DIFF,stda16,"ld (0x0cac),WA",1
UNI_ASSEMBLES_DIFF,stda32,"ld (0x0cc2),XHL",1
UNI_ASSEMBLES_DIFF,stda16,"ld (0x0cc8),WA",1
UNI_ASSEMBLES_DIFF,stda16,"ld (0x0cca),WA",1
UNI_ASSEMBLES_DIFF,stda16,"ld (0x0ccc),HL",1
UNI_ASSEMBLES_DIFF,stda16,"ld (0x0cd0),HL",1
UNI_ASSEMBLES_DIFF,stda16,"ld (0x0cd4),HL",1
UNI_ASSEMBLES_DIFF,stda16,"ld (0x0cde),IX",1
UNI_ASSEMBLES_DIFF,stda16,"ld (0x0ce0),WA",1
UNI_ASSEMBLES_DIFF,stda16,"ld (0x0ce2),WA",1
UNI_ASSEMBLES_DIFF,stda16,"ld (0x0ce4),HL",1
UNI_ASSEMBLES_DIFF,stda16,"ld (0x0cea),DE",1
UNI_ASSEMBLES_DIFF,stda32,"ld (0x0cec),XWA",1
UNI_ASSEMBLES_DIFF,stda32,"ld (0x0cf0),XWA",1
UNI_ASSEMBLES_DIFF,stda16,"ld (0x0cf4),IY",1
UNI_ASSEMBLES_DIFF,stdi8,"ld (0x0d00),0x09",1
UNI_ASSEMBLES_DIFF,stda16,"ld (0x0d08),HL",1
UNI_ASSEMBLES_DIFF,stda16,"ld (0x0d0e),HL",1
UNI_ASSEMBLES_DIFF,stda16,"ld (0x0d10),BC",1
UNI_ASSEMBLES_DIFF,stda16,"ld (0x0d12),DE",1
UNI_ASSEMBLES_DIFF,stb_d8,"ld (0x0d21),A",1
UNI_ASSEMBLES_DIFF,stda32,"ld (0x0d2a),XWA",1
UNI_ASSEMBLES_DIFF,stdi8,"ld (0x0d2e),0x00",1
UNI_ASSEMBLES_DIFF,stdi8,"ld (0x0d2e),0xff",1
UNI_ASSEMBLES_DIFF,stda16,"ld (0x0d2e),HL",1
UNI_ASSEMBLES_DIFF,stda32,"ld (0x0d30),XIX",1
UNI_ASSEMBLES_DIFF,stdi8,"ld (0x0d32),0x00",1
UNI_ASSEMBLES_DIFF,stb_d8,"ld (0x0d34),A",1
UNI_ASSEMBLES_DIFF,stda16,"ld (0x0d42),WA",1
UNI_ASSEMBLES_DIFF,stdi8,"ld (0x0d47),0x00",1
UNI_ASSEMBLES_DIFF,stdi8,"ld (0x0d48),0x00",1
UNI_ASSEMBLES_DIFF,stdi8,"ld (0x0d4a),0x06",1
UNI_ASSEMBLES_DIFF,stdi8,"ld (0x0d4a),0x07",1
UNI_ASSEMBLES_DIFF,stb_d8,"ld (0x0d4a),L",1
UNI_ASSEMBLES_DIFF,stda16,"ld (0x0d4c),WA",1
UNI_ASSEMBLES_DIFF,stb_d8,"ld (0x0d50),A",1
UNI_ASSEMBLES_DIFF,stb_d8,"ld (0x0d65),A",1
UNI_ASSEMBLES_DIFF,stda16,"ld (0x0d92),WA",1
UNI_ASSEMBLES_DIFF,stda16,"ld (0x0d94),WA",1
UNI_ASSEMBLES_DIFF,stda16,"ld (0x0d96),WA",1
UNI_ASSEMBLES_DIFF,stda16,"ld (0x0d98),WA",1
UNI_ASSEMBLES_DIFF,stda16,"ld (0x0d9a),WA",1
UNI_ASSEMBLES_DIFF,stda16,"ld (0x0d9c),WA",1
UNI_ASSEMBLES_DIFF,stda16,"ld (0x0da8),DE",1
UNI_ASSEMBLES_DIFF,stda16,"ld (0x0daa),WA",1
UNI_ASSEMBLES_DIFF,stda16,"ld (0x0dac),WA",1
UNI_ASSEMBLES_DIFF,stdi8,"ld (0x0db8),0x02",1
UNI_ASSEMBLES_DIFF,stdi8,"ld (0x0db8),0x03",1
UNI_ASSEMBLES_DIFF,stdi8,"ld (0x0db8),0x04",1
UNI_ASSEMBLES_DIFF,stdi8,"ld (0x0db9),0x02",1
UNI_ASSEMBLES_DIFF,stdi8,"ld (0x0db9),0x03",1
UNI_ASSEMBLES_DIFF,stdi8,"ld (0x0db9),0x04",1
UNI_ASSEMBLES_DIFF,stdi8,"ld (0x0db9),0x05",1
UNI_ASSEMBLES_DIFF,stdi8,"ld (0x0db9),0x06",1
UNI_ASSEMBLES_DIFF,stdi8,"ld (0x0dba),0x02",1
UNI_ASSEMBLES_DIFF,stdi8,"ld (0x0dba),0x03",1
UNI_ASSEMBLES_DIFF,stdi8,"ld (0x0dbb),0x02",1
UNI_ASSEMBLES_DIFF,stdi8,"ld (0x0dbb),0x03",1
UNI_ASSEMBLES_DIFF,stdi8,"ld (0x0dbb),0x04",1
UNI_ASSEMBLES_DIFF,stdi8,"ld (0x0dbc),0x01",1
UNI_ASSEMBLES_DIFF,stdi8,"ld (0x0dbc),0x02",1
UNI_ASSEMBLES_DIFF,stdi8,"ld (0x0dbc),0x03",1
UNI_ASSEMBLES_DIFF,stdi8,"ld (0x0dbc),0x04",1
UNI_ASSEMBLES_DIFF,stdi8,"ld (0x0dbc),0x05",1
UNI_ASSEMBLES_DIFF,stdi8,"ld (0x0dbc),0x06",1
UNI_ASSEMBLES_DIFF,stb_d8,"ld (0x0dbc),A",1
UNI_ASSEMBLES_DIFF,stda16,"ld (0x0dc8),IX",1
UNI_ASSEMBLES_DIFF,stb_d8,"ld (0x0dd1),L",1
UNI_ASSEMBLES_DIFF,stdi8,"ld (0x0dd4),0x02",1
UNI_ASSEMBLES_DIFF,stdi8,"ld (0x0dd4),0x03",1
UNI_ASSEMBLES_DIFF,stdi8,"ld (0x0dda),0x01",1
UNI_ASSEMBLES_DIFF,stdi8,"ld (0x0dda),0x02",1
UNI_ASSEMBLES_DIFF,stdi8,"ld (0x0dda),0x03",1
UNI_ASSEMBLES_DIFF,stdi8,"ld (0x0dda),0x04",1
UNI_ASSEMBLES_DIFF,stdi8,"ld (0x0dda),0x05",1
UNI_ASSEMBLES_DIFF,stdi8,"ld (0x0dda),0x06",1
UNI_ASSEMBLES_DIFF,stb_d8,"ld (0x0dda),A",1
UNI_ASSEMBLES_DIFF,stb_d8,"ld (0x0ddb),L",1
UNI_ASSEMBLES_DIFF,stb_d8,"ld (0x0de0),L",1
UNI_ASSEMBLES_DIFF,stdi8,"ld (0x0de4),0x00",1
UNI_ASSEMBLES_DIFF,stdi8,"ld (0x0e02),0x00",1
UNI_ASSEMBLES_DIFF,stb_d8,"ld (0x0e02),L",1
UNI_ASSEMBLES_DIFF,stb_d8,"ld (0x0e03),A",1
UNI_ASSEMBLES_DIFF,stb_d8,"ld (0x0e04),A",1
UNI_ASSEMBLES_DIFF,stb_d8,"ld (0x0e05),A",1
UNI_ASSEMBLES_DIFF,stb_d8,"ld (0x0e10),A",1
UNI_ASSEMBLES_DIFF,stb_d8,"ld (0x0e10),L",1
UNI_ASSEMBLES_DIFF,stda32,"ld (0x0e12),XIY",1
UNI_ASSEMBLES_DIFF,stb_d8,"ld (0x0e16),A",1
UNI_ASSEMBLES_DIFF,stb_d8,"ld (0x0e17),A",1
UNI_ASSEMBLES_DIFF,stb_d8,"ld (0x0e19),A",1
UNI_ASSEMBLES_DIFF,stb_d8,"ld (0x0e19),L",1
UNI_ASSEMBLES_DIFF,stdi8,"ld (0x0e1b),0x00",1
UNI_ASSEMBLES_DIFF,stb_d8,"ld (0x0e1b),A",1
UNI_ASSEMBLES_DIFF,stdi8,"ld (0x0e1c),0x00",1
UNI_ASSEMBLES_DIFF,stdi8,"ld (0x0e1c),0x01",1
UNI_ASSEMBLES_DIFF,stdi8,"ld (0x0e1d),0x00",1
UNI_ASSEMBLES_DIFF,stdi8,"ld (0x0e1d),0x01",1
UNI_ASSEMBLES_DIFF,stb_d8,"ld (0x0e1d),A",1
UNI_ASSEMBLES_DIFF,stdi8,"ld (0x0e1e),0xff",1
UNI_ASSEMBLES_DIFF,stda16,"ld (0x0e1e),IX",1
UNI_ASSEMBLES_DIFF,stb_d8,"ld (0x0e25),A",1
UNI_ASSEMBLES_DIFF,stb_d8,"ld (0x0e26),A",1
UNI_ASSEMBLES_DIFF,stb_d8,"ld (0x0e27),H",1
UNI_ASSEMBLES_DIFF,stb_d8,"ld (0x0e28),L",1
UNI_ASSEMBLES_DIFF,stdi8,"ld (0x0e29),0x30",1
UNI_ASSEMBLES_DIFF,stdi8,"ld (0x0e2a),0x30",1
UNI_ASSEMBLES_DIFF,stda16,"ld (0x0e2f),DE",1
UNI_ASSEMBLES_DIFF,stb_d8,"ld (0x0e31),C",1
UNI_ASSEMBLES_DIFF,stdi8,"ld (0x0e34),0x00",1
UNI_ASSEMBLES_DIFF,stdi8,"ld (0x0e36),0x00",1
UNI_ASSEMBLES_DIFF,stdi8,"ld (0x0e36),0x01",1
UNI_ASSEMBLES_DIFF,stdi8,"ld (0x0e36),0x02",1
UNI_ASSEMBLES_DIFF,stb_d8,"ld (0x0e44),W",1
UNI_ASSEMBLES_DIFF,stda16,"ld (0x0e46),WA",1
UNI_ASSEMBLES_DIFF,stb_d8,"ld (0x0e48),A",1
UNI_ASSEMBLES_DIFF,stdi8,"ld (0x0e53),0x54",1
UNI_ASSEMBLES_DIFF,stb_d8,"ld (0x0e53),L",1
UNI_ASSEMBLES_DIFF,stb_d8,"ld (0x0e58),C",1
UNI_ASSEMBLES_DIFF,stb_d8,"ld (0x0e59),A",1
UNI_ASSEMBLES_DIFF,stb_d8,"ld (0x0e5a),A",1
UNI_ASSEMBLES_DIFF,stb_d8,"ld (0x0e5b),A",1
UNI_ASSEMBLES_DIFF,stdi8,"ld (0x0e5c),0x00",1
UNI_ASSEMBLES_DIFF,stdi8,"ld (0x0e5c),0x11",1
UNI_ASSEMBLES_DIFF,stb_d8,"ld (0x0e5c),E",1
UNI_ASSEMBLES_DIFF,stdi8,"ld (0x0e5d),0x00",1
UNI_ASSEMBLES_DIFF,stb_d8,"ld (0x0e62),A",1
UNI_ASSEMBLES_DIFF,stb_d8,"ld (0x0e63),A",1
UNI_ASSEMBLES_DIFF,stb_d8,"ld (0x0e64),A",1
UNI_ASSEMBLES_DIFF,stb_d8,"ld (0x0e66),A",1
UNI_ASSEMBLES_DIFF,stdi8,"ld (0x0e68),0x18",1
UNI_ASSEMBLES_DIFF,stdi8,"ld (0x0ebe),0x00",1
UNI_ASSEMBLES_DIFF,stb_d8,"ld (0x0ebe),A",1
UNI_ASSEMBLES_DIFF,stdi8,"ld (0x0ebf),0x00",1
UNI_ASSEMBLES_DIFF,stb_d8,"ld (0x0ebf),A",1
UNI_ASSEMBLES_DIFF,stb_d8,"ld (0x0ec0),A",1
UNI_ASSEMBLES_DIFF,stdi8,"ld (0x0ec2),0x00",1
UNI_ASSEMBLES_DIFF,stb_d8,"ld (0x0ec3),A",1
UNI_ASSEMBLES_DIFF,stb_d8,"ld (0x0ec4),A",1
UNI_ASSEMBLES_DIFF,stb_d8,"ld (0x0eca),A",1
UNI_ASSEMBLES_DIFF,stb_d8,"ld (0x0eca),W",1
UNI_ASSEMBLES_DIFF,stb_d8,"ld (0x0ecb),W",1
UNI_ASSEMBLES_DIFF,stb_d8,"ld (0x0ecc),B",1
UNI_ASSEMBLES_DIFF,stb_d8,"ld (0x0ecd),A",1
UNI_ASSEMBLES_DIFF,stda16,"ld (0x0ecf),HL",1
UNI_ASSEMBLES_DIFF,stdi8,"ld (0x0ed0),0x00",1
UNI_ASSEMBLES_DIFF,stb_d8,"ld (0x0ed0),W",1
UNI_ASSEMBLES_DIFF,stdi8,"ld (0x0ed1),0x00",1
UNI_ASSEMBLES_DIFF,stdi8,"ld (0x0ed1),0x01",1
UNI_ASSEMBLES_DIFF,stb_d8,"ld (0x0ed3),A",1
UNI_ASSEMBLES_DIFF,stdi8,"ld (0x0ed4),0x03",1
UNI_ASSEMBLES_DIFF,stb_d8,"ld (0x0ed6),L",1
UNI_ASSEMBLES_DIFF,stdi8,"ld (0x0ed7),0x00",1
UNI_ASSEMBLES_DIFF,stb_d8,"ld (0x0ed7),L",1
UNI_ASSEMBLES_DIFF,stb_d8,"ld (0x0ee8),A",1
UNI_ASSEMBLES_DIFF,stb_d8,"ld (0x0ee9),W",1
UNI_ASSEMBLES_DIFF,stda16,"ld (0x0eec),WA",1
UNI_ASSEMBLES_DIFF,stdi8,"ld (0x0ef5),0x07",1
UNI_ASSEMBLES_DIFF,stdi8,"ld (0x0ef5),0x0b",1
UNI_ASSEMBLES_DIFF,stdi8,"ld (0x0ef5),0x11",1
UNI_ASSEMBLES_DIFF,stdi8,"ld (0x0f02),0x01",1
UNI_ASSEMBLES_DIFF,stdi8,"ld (0x0f02),0x02",1
UNI_ASSEMBLES_DIFF,stdi8,"ld (0x0f51),0x04",1
UNI_ASSEMBLES_DIFF,stb_d8,"ld (0x0f54),A",1
UNI_ASSEMBLES_DIFF,stda16,"ld (0x0f56),WA",1
UNI_ASSEMBLES_DIFF,stb_d8,"ld (0x0f58),A",1
UNI_ASSEMBLES_DIFF,stb_d8,"ld (0x0f59),A",1
UNI_ASSEMBLES_DIFF,stdi8,"ld (0x0f62),0x20",1
UNI_ASSEMBLES_DIFF,stb_d8,"ld (0x0f65),W",1
UNI_ASSEMBLES_DIFF,stb_d8,"ld (0x0f67),A",1
UNI_ASSEMBLES_DIFF,stdi8,"ld (0x0f69),0x7d",1
UNI_ASSEMBLES_DIFF,stdi8,"ld (0x0f6b),0x00",1
UNI_ASSEMBLES_DIFF,stb_d8,"ld (0x0f6e),A",1
UNI_ASSEMBLES_DIFF,stdi8,"ld (0x0f6f),0xc8",1
UNI_ASSEMBLES_DIFF,stdi8,"ld (0x0f72),0x00",1
UNI_ASSEMBLES_DIFF,stdi8,"ld (0x0f75),0x00",1
UNI_ASSEMBLES_DIFF,stdi8,"ld (0x0f77),0x00",1
UNI_ASSEMBLES_DIFF,stda16,"ld (0x0f77),WA",1
UNI_ASSEMBLES_DIFF,stdi8,"ld (0x0fe8),0x20",1
UNI_ASSEMBLES_DIFF,stb_d8,"ld (0x0ff8),A",1
UNI_ASSEMBLES_DIFF,stb_d8,"ld (0x100e),A",1
UNI_ASSEMBLES_DIFF,stb_d8,"ld (0x100e),W",1
UNI_ASSEMBLES_DIFF,stb_d8,"ld (0x1010),A",1
UNI_ASSEMBLES_DIFF,stb_d8,"ld (0x1011),A",1
UNI_ASSEMBLES_DIFF,stda32,"ld (0x102c),XBC",1
UNI_ASSEMBLES_DIFF,stdi8,"ld (0x1034),0x00",1
UNI_ASSEMBLES_DIFF,stdi8,"ld (0x1038),0x00",1
UNI_ASSEMBLES_DIFF,stdi8,"ld (0x1038),0x02",1
UNI_ASSEMBLES_DIFF,stdi8,"ld (0x1038),0x03",1
UNI_ASSEMBLES_DIFF,stda32,"ld (0x1040),XWA",1
UNI_ASSEMBLES_DIFF,stdi8,"ld (0x1044),0x00",1
UNI_ASSEMBLES_DIFF,stda16,"ld (0x1046),HL",1
UNI_ASSEMBLES_DIFF,stb_d8,"ld (0x106f),W",1
UNI_ASSEMBLES_DIFF,stda16,"ld (0x1072),WA",1
UNI_ASSEMBLES_DIFF,stdi8,"ld (0x1075),0x03",1
UNI_ASSEMBLES_DIFF,stb_d8,"ld (0x1078),A",1
UNI_ASSEMBLES_DIFF,stb_d8,"ld (0x1079),A",1
UNI_ASSEMBLES_DIFF,stb_d8,"ld (0x107a),A",1
UNI_ASSEMBLES_DIFF,stb_d8,"ld (0x107b),A",1
UNI_ASSEMBLES_DIFF,stb_d8,"ld (0x107c),A",1
UNI_ASSEMBLES_DIFF,stb_d8,"ld (0x107d),A",1
UNI_ASSEMBLES_DIFF,stb_d8,"ld (0x108d),A",1
UNI_ASSEMBLES_DIFF,stdi8,"ld (0x108e),0x00",1
UNI_ASSEMBLES_DIFF,stb_d8,"ld (0x108f),A",1
UNI_ASSEMBLES_DIFF,stb_d8,"ld (0x10ca),C",1
UNI_ASSEMBLES_DIFF,stb_d8,"ld (0x10cc),C",1
UNI_ASSEMBLES_DIFF,stb_d8,"ld (0x10d0),A",1
UNI_ASSEMBLES_DIFF,stdi8,"ld (0x10e8),0x02",1
UNI_ASSEMBLES_DIFF,stdi8,"ld (0x10ea),0x02",1
UNI_ASSEMBLES_DIFF,stdi8,"ld (0x10ea),0x03",1
UNI_ASSEMBLES_DIFF,stdi8,"ld (0x10ea),0x04",1
UNI_ASSEMBLES_DIFF,stdi8,"ld (0x10ee),0xff",1
UNI_ASSEMBLES_DIFF,stda32,"ld (0x1129),XIZ",1
UNI_ASSEMBLES_DIFF,stda32,"ld (0x1129),XWA",1
UNI_ASSEMBLES_DIFF,stdi8,"ld (0x1198),0x80",1
UNI_ASSEMBLES_DIFF,stdi8,"ld (0x1198),0xd0",1
UNI_ASSEMBLES_DIFF,stdi8,"ld (0x1198),0xd1",1
UNI_ASSEMBLES_DIFF,stdi8,"ld (0x1198),0xd2",1
UNI_ASSEMBLES_DIFF,stdi8,"ld (0x1198),0xd3",1
UNI_ASSEMBLES_DIFF,stb_d8,"ld (0x1198),A",1
UNI_ASSEMBLES_DIFF,stb_d8,"ld (0x1198),C",1
UNI_ASSEMBLES_DIFF,stb_d8,"ld (0x1198),L",1
UNI_ASSEMBLES_DIFF,stb_d8,"ld (0x1199),A",1
UNI_ASSEMBLES_DIFF,stb_d8,"ld (0x1199),L",1
UNI_ASSEMBLES_DIFF,stda16,"ld (0x119c),WA",1
UNI_ASSEMBLES_DIFF,stb_d8,"ld (0x119e),A",1
UNI_ASSEMBLES_DIFF,stdi8,"ld (0x11ae),0x04",1
UNI_ASSEMBLES_DIFF,stdi8,"ld (0x11b0),0x08",1
UNI_ASSEMBLES_DIFF,stda16,"ld (0x11b2),WA",1
UNI_ASSEMBLES_DIFF,stda16,"ld (0x11b4),DE",1
UNI_ASSEMBLES_DIFF,stda16,"ld (0x11b6),DE",1
UNI_ASSEMBLES_DIFF,stb_d8,"ld (0x1238),A",1
UNI_ASSEMBLES_DIFF,stda16,"ld (0x1246),WA",1
UNI_ASSEMBLES_DIFF,stb_d8,"ld (0x124a),W",1
UNI_ASSEMBLES_DIFF,stdi8,"ld (0x124c),0x00",1
UNI_ASSEMBLES_DIFF,stb_d8,"ld (0x124c),A",1
UNI_ASSEMBLES_DIFF,stda16,"ld (0x1250),WA",1
UNI_ASSEMBLES_DIFF,stda16,"ld (0x1252),DE",1
UNI_ASSEMBLES_DIFF,stb_d8,"ld (0x1258),E",1
UNI_ASSEMBLES_DIFF,stb_d8,"ld (0x1264),A",1
UNI_ASSEMBLES_DIFF,stb_d8,"ld (0x1267),A",1
UNI_ASSEMBLES_DIFF,stb_d8,"ld (0x1269),A",1
UNI_ASSEMBLES_DIFF,stdi8,"ld (0x126b),0x01",1
UNI_ASSEMBLES_DIFF,stb_d8,"ld (0x126b),A",1
UNI_ASSEMBLES_DIFF,stda32,"ld (0x126e),XDE",1
UNI_ASSEMBLES_DIFF,stda16,"ld (0x12a0),WA",1
UNI_ASSEMBLES_DIFF,stdi8,"ld (0x12a7),0x00",1
UNI_ASSEMBLES_DIFF,stb_d8,"ld (0x12a7),A",1
UNI_ASSEMBLES_DIFF,stb_d8,"ld (0x12a7),H",1
UNI_ASSEMBLES_DIFF,stb_d8,"ld (0x12a9),W",1
UNI_ASSEMBLES_DIFF,stdi8,"ld (0x12ac),0x04",1
UNI_ASSEMBLES_DIFF,stb_d8,"ld (0x12ac),A",1
UNI_ASSEMBLES_DIFF,stdi8,"ld (0x12ad),0x00",1
UNI_ASSEMBLES_DIFF,stb_d8,"ld (0x12ad),A",1
UNI_ASSEMBLES_DIFF,stdi8,"ld (0x12ae),0x01",1
UNI_ASSEMBLES_DIFF,stb_d8,"ld (0x12ae),A",1
UNI_ASSEMBLES_DIFF,stb_d8,"ld (0x12b0),L",1
UNI_ASSEMBLES_DIFF,stb_d8,"ld (0x12b1),A",1
UNI_ASSEMBLES_DIFF,stda16,"ld (0x12b2),DE",1
UNI_ASSEMBLES_DIFF,stda16,"ld (0x12b2),WA",1
UNI_ASSEMBLES_DIFF,stdi8,"ld (0x12b4),0x20",1
UNI_ASSEMBLES_DIFF,stb_d8,"ld (0x12b4),A",1
UNI_ASSEMBLES_DIFF,stdi8,"ld (0x12b8),0x00",1
UNI_ASSEMBLES_DIFF,stdi8,"ld (0x12b8),0x03",1
UNI_ASSEMBLES_DIFF,stdi8,"ld (0x12b8),0x05",1
UNI_ASSEMBLES_DIFF,stb_d8,"ld (0x12b8),A",1
UNI_ASSEMBLES_DIFF,stdi8,"ld (0x12c0),0x01",1
UNI_ASSEMBLES_DIFF,stdi8,"ld (0x12c0),0x02",1
UNI_ASSEMBLES_DIFF,stdi8,"ld (0x12c0),0x09",1
UNI_ASSEMBLES_DIFF,stb_d8,"ld (0x12c0),A",1
UNI_ASSEMBLES_DIFF,stb_d8,"ld (0x12c2),A",1
UNI_ASSEMBLES_DIFF,stb_d8,"ld (0x12c3),H",1
UNI_ASSEMBLES_DIFF,stb_d8,"ld (0x12e7),A",1
UNI_ASSEMBLES_DIFF,stb_d8,"ld (0x12e7),W",1
UNI_ASSEMBLES_DIFF,stb_d8,"ld (0x12e9),W",1
UNI_ASSEMBLES_DIFF,stb_d8,"ld (0x12ea),A",1
UNI_ASSEMBLES_DIFF,stb_d8,"ld (0x12eb),C",1
UNI_ASSEMBLES_DIFF,stdi8,"ld (0x12ec),0x00",1
UNI_ASSEMBLES_DIFF,stb_d8,"ld (0x12ec),A",1
UNI_ASSEMBLES_DIFF,stdi8,"ld (0x12f6),0x02",1
UNI_ASSEMBLES_DIFF,stb_d8,"ld (0x12f6),B",1
UNI_ASSEMBLES_DIFF,stb_d8,"ld (0x12f6),L",1
UNI_ASSEMBLES_DIFF,stda16,"ld (0x12f6),WA",1
UNI_ASSEMBLES_DIFF,stda16,"ld (0x12f8),WA",1
UNI_ASSEMBLES_DIFF,stda16,"ld (0x12fa),WA",1
UNI_ASSEMBLES_DIFF,stdi8,"ld (0x12fb),0x01",1
UNI_ASSEMBLES_DIFF,stb_d8,"ld (0x12fb),L",1
UNI_ASSEMBLES_DIFF,stdi8,"ld (0x12fc),0x02",1
UNI_ASSEMBLES_DIFF,stdi8,"ld (0x12fc),0x03",1
UNI_ASSEMBLES_DIFF,stdi8,"ld (0x12fc),0x04",1
UNI_ASSEMBLES_DIFF,stdi8,"ld (0x12fe),0x01",1
UNI_ASSEMBLES_DIFF,stb_d8,"ld (0x1300),H",1
UNI_ASSEMBLES_DIFF,stb_d8,"ld (0x1307),A",1
UNI_ASSEMBLES_DIFF,stb_d8,"ld (0x1308),A",1
UNI_ASSEMBLES_DIFF,stb_d8,"ld (0x1309),A",1
UNI_ASSEMBLES_DIFF,stda16,"ld (0x1336),DE",1
UNI_ASSEMBLES_DIFF,stda16,"ld (0x1338),DE",1
UNI_ASSEMBLES_DIFF,stda16,"ld (0x133a),DE",1
UNI_ASSEMBLES_DIFF,stda16,"ld (0x133c),DE",1
UNI_ASSEMBLES_DIFF,stb_d8,"ld (0x133f),A",1
UNI_ASSEMBLES_DIFF,stdi8,"ld (0x1340),0xff",1
UNI_ASSEMBLES_DIFF,stdi8,"ld (0x1341),0xff",1
UNI_ASSEMBLES_DIFF,stdi8,"ld (0x1343),0xff",1
UNI_ASSEMBLES_DIFF,stdi8,"ld (0x1344),0xff",1
UNI_ASSEMBLES_DIFF,stdi8,"ld (0x1345),0xff",1
UNI_ASSEMBLES_DIFF,stdi8,"ld (0x1346),0xff",1
UNI_ASSEMBLES_DIFF,stb_d8,"ld (0x134c),A",1
UNI_ASSEMBLES_DIFF,stb_d8,"ld (0x134d),A",1
UNI_ASSEMBLES_DIFF,stdi8,"ld (0x134e),0xff",1
UNI_ASSEMBLES_DIFF,stdi8,"ld (0x134f),0xff",1
UNI_ASSEMBLES_DIFF,stb_d8,"ld (0x137b),A",1
UNI_ASSEMBLES_DIFF,stb_d8,"ld (0x137c),A",1
UNI_ASSEMBLES_DIFF,stb_d8,"ld (0x137d),A",1
UNI_ASSEMBLES_DIFF,stb_d8,"ld (0x137e),A",1
UNI_ASSEMBLES_DIFF,stb_d8,"ld (0x137f),A",1
UNI_ASSEMBLES_DIFF,stdi8,"ld (0x1380),0xff",1
UNI_ASSEMBLES_DIFF,stb_d8,"ld (0x1380),A",1
UNI_ASSEMBLES_DIFF,stdi8,"ld (0x1381),0xb8",1
UNI_ASSEMBLES_DIFF,stdi8,"ld (0x1381),0xb9",1
UNI_ASSEMBLES_DIFF,stdi8,"ld (0x1381),0xba",1
UNI_ASSEMBLES_DIFF,stdi8,"ld (0x1381),0xbb",1
UNI_ASSEMBLES_DIFF,stdi8,"ld (0x1381),0xbc",1
UNI_ASSEMBLES_DIFF,stdi8,"ld (0x1381),0xbd",1
UNI_ASSEMBLES_DIFF,stdi8,"ld (0x14fe),0x00",1
UNI_ASSEMBLES_DIFF,stb_d8,"ld (0x1501),C",1
UNI_ASSEMBLES_DIFF,stb_d8,"ld (0x1502),C",1
UNI_ASSEMBLES_DIFF,stda16,"ld (0x1503),BC",1
UNI_ASSEMBLES_DIFF,stda16,"ld (0x1505),BC",1
UNI_ASSEMBLES_DIFF,stb_d8,"ld (0x1507),C",1
UNI_ASSEMBLES_DIFF,stb_d8,"ld (0x1508),C",1
UNI_ASSEMBLES_DIFF,stdi8,"ld (0x1509),0x11",1
UNI_ASSEMBLES_DIFF,stb_d8,"ld (0x1509),D",1
UNI_ASSEMBLES_DIFF,stb_d8,"ld (0x150a),C",1
UNI_ASSEMBLES_DIFF,stb_d8,"ld (0x194a),A",1
UNI_ASSEMBLES_DIFF,stb_d8,"ld (0x1950),A",1
UNI_ASSEMBLES_DIFF,stda16,"ld (0x1950),WA",1
UNI_ASSEMBLES_DIFF,stda16,"ld (0x1952),WA",1
UNI_ASSEMBLES_DIFF,stb_d8,"ld (0x1963),A",1
UNI_ASSEMBLES_DIFF,stda16,"ld (0x1966),WA",1
UNI_ASSEMBLES_DIFF,stda32,"ld (0x1970),XIY",1
UNI_ASSEMBLES_DIFF,stb_d8,"ld (0x1974),A",1
UNI_ASSEMBLES_DIFF,stb_d8,"ld (0x1975),A",1
UNI_ASSEMBLES_DIFF,stb_d8,"ld (0x1976),A",1
UNI_ASSEMBLES_DIFF,stb_d8,"ld (0x1977),A",1
UNI_ASSEMBLES_DIFF,stdi8,"ld (0x1979),0x80",1
UNI_ASSEMBLES_DIFF,stdi8,"ld (0x197a),0x00",1
UNI_ASSEMBLES_DIFF,stdi8,"ld (0x197b),0x00",1
UNI_ASSEMBLES_DIFF,stdi8,"ld (0x197c),0x00",1
UNI_ASSEMBLES_DIFF,stdi8,"ld (0x197c),0xff",1
UNI_ASSEMBLES_DIFF,stdi8,"ld (0x197d),0xff",1
UNI_ASSEMBLES_DIFF,stb_d8,"ld (0x197e),A",1
UNI_ASSEMBLES_DIFF,stda32,"ld (0x19e0),XWA",1
UNI_ASSEMBLES_DIFF,stda32,"ld (0x19e4),XWA",1
UNI_ASSEMBLES_DIFF,stda32,"ld (0x19e8),XWA",1
UNI_ASSEMBLES_DIFF,stda32,"ld (0x19ec),XWA",1
UNI_ASSEMBLES_DIFF,stb_d8,"ld (0x2000),H",1
UNI_ASSEMBLES_DIFF,stdi8,"ld (0x2030),0xff",1
UNI_ASSEMBLES_DIFF,stb_d8,"ld (0x2030),H",1
UNI_ASSEMBLES_DIFF,stdi8,"ld (0x2070),0x12",1
UNI_ASSEMBLES_DIFF,stdi8,"ld (0x2070),0x35",1
UNI_ASSEMBLES_DIFF,stdi8,"ld (0x2070),0x36",1
UNI_ASSEMBLES_DIFF,stdi8,"ld (0x2070),0x37",1
UNI_ASSEMBLES_DIFF,stdi8,"ld (0x2070),0x38",1
UNI_ASSEMBLES_DIFF,stdi8,"ld (0x2070),0x39",1
UNI_ASSEMBLES_DIFF,stdi8,"ld (0x2070),0x3a",1
UNI_ASSEMBLES_DIFF,stdi8,"ld (0x2070),0x45",1
UNI_ASSEMBLES_DIFF,stdi8,"ld (0x2070),0x52",1
UNI_ASSEMBLES_DIFF,stdi8,"ld (0x2070),0x53",1
UNI_ASSEMBLES_DIFF,stdi8,"ld (0x2070),0x54",1
UNI_ASSEMBLES_DIFF,stdi8,"ld (0x2070),0x5b",1
UNI_ASSEMBLES_DIFF,stdi8,"ld (0x2070),0x5c",1
UNI_ASSEMBLES_DIFF,stdi8,"ld (0x2070),0x5d",1
UNI_ASSEMBLES_DIFF,stdi8,"ld (0x2070),0x5f",1
UNI_ASSEMBLES_DIFF,stdi8,"ld (0x2070),0x61",1
UNI_ASSEMBLES_DIFF,stdi8,"ld (0x2070),0x62",1
UNI_ASSEMBLES_DIFF,stdi8,"ld (0x2070),0x64",1
UNI_ASSEMBLES_DIFF,stdi8,"ld (0x2070),0x65",1
UNI_ASSEMBLES_DIFF,stdi8,"ld (0x2070),0x67",1
UNI_ASSEMBLES_DIFF,stdi8,"ld (0x2070),0x6a",1
UNI_ASSEMBLES_DIFF,stdi8,"ld (0x2070),0x6b",1
UNI_ASSEMBLES_DIFF,stdi8,"ld (0x2070),0x6c",1
UNI_ASSEMBLES_DIFF,stdi8,"ld (0x2070),0x70",1
UNI_ASSEMBLES_DIFF,stdi8,"ld (0x2070),0x79",1
UNI_ASSEMBLES_DIFF,stdi8,"ld (0x2070),0x7a",1
UNI_ASSEMBLES_DIFF,stdi8,"ld (0x2070),0x7d",1
UNI_ASSEMBLES_DIFF,stdi8,"ld (0x2070),0x7e",1
UNI_ASSEMBLES_DIFF,stdi8,"ld (0x2070),0x80",1
UNI_ASSEMBLES_DIFF,stdi8,"ld (0x2070),0x9e",1
UNI_ASSEMBLES_DIFF,stdi8,"ld (0x2070),0xad",1
UNI_ASSEMBLES_DIFF,stdi8,"ld (0x2070),0xb4",1
UNI_ASSEMBLES_DIFF,stdi8,"ld (0x2070),0xb5",1
UNI_ASSEMBLES_DIFF,stdi8,"ld (0x2070),0xcb",1
UNI_ASSEMBLES_DIFF,stdi8,"ld (0x2070),0xd9",1
UNI_ASSEMBLES_DIFF,stdi8,"ld (0x2070),0xda",1
UNI_ASSEMBLES_DIFF,stdi8,"ld (0x2070),0xdb",1
UNI_ASSEMBLES_DIFF,stdi8,"ld (0x2070),0xdc",1
UNI_ASSEMBLES_DIFF,stdi8,"ld (0x2070),0xdd",1
UNI_ASSEMBLES_DIFF,stb_d8,"ld (0x2070),C",1
UNI_ASSEMBLES_DIFF,stb_d8,"ld (0x2070),E",1
UNI_ASSEMBLES_DIFF,stda16,"ld (0x2070),WA",1
UNI_ASSEMBLES_DIFF,stb_d8,"ld (0x2071),A",1
UNI_ASSEMBLES_DIFF,stb_d8,"ld (0x2072),W",1
UNI_ASSEMBLES_DIFF,stdi8,"ld (0x2073),0x00",1
UNI_ASSEMBLES_DIFF,stdi8,"ld (0x2073),0x01",1
UNI_ASSEMBLES_DIFF,stdi8,"ld (0x2074),0x03",1
UNI_ASSEMBLES_DIFF,stdi8,"ld (0x2074),0x10",1
UNI_ASSEMBLES_DIFF,stb_d8,"ld (0x2074),A",1
UNI_ASSEMBLES_DIFF,stdi8,"ld (0x2075),0x00",1
UNI_ASSEMBLES_DIFF,stb_d8,"ld (0x2076),A",1
UNI_ASSEMBLES_DIFF,stb_d8,"ld (0x2076),W",1
UNI_ASSEMBLES_DIFF,stdi8,"ld (0x2077),0xff",1
UNI_ASSEMBLES_DIFF,stb_d8,"ld (0x2077),A",1
UNI_ASSEMBLES_DIFF,stb_d8,"ld (0x2078),A",1
UNI_ASSEMBLES_DIFF,stb_d8,"ld (0x2078),W",1
UNI_ASSEMBLES_DIFF,stdi8,"ld (0x2079),0xff",1
UNI_ASSEMBLES_DIFF,stb_d8,"ld (0x2079),A",1
UNI_ASSEMBLES_DIFF,stb_d8,"ld (0x207d),A",1
UNI_ASSEMBLES_DIFF,stb_d8,"ld (0x207d),C",1
UNI_ASSEMBLES_DIFF,stdi8,"ld (0x207e),0x02",1
UNI_ASSEMBLES_DIFF,stb_d8,"ld (0x207e),A",1
UNI_ASSEMBLES_DIFF,stb_d8,"ld (0x2082),A",1
UNI_ASSEMBLES_DIFF,stb_d8,"ld (0x2082),B",1
UNI_ASSEMBLES_DIFF,stda32,"ld (0x2088),XBC",1
UNI_ASSEMBLES_DIFF,stda32,"ld (0x2088),XWA",1
UNI_ASSEMBLES_DIFF,stb_d8,"ld (0x2092),A",1
UNI_ASSEMBLES_DIFF,stdi8,"ld (0x209a),0x00",1
UNI_ASSEMBLES_DIFF,stdi8,"ld (0x209a),0x3f",1
UNI_ASSEMBLES_DIFF,stdi8,"ld (0x209b),0x00",1
UNI_ASSEMBLES_DIFF,stdi8,"ld (0x209b),0x0c",1
UNI_ASSEMBLES_DIFF,stdi8,"ld (0x209b),0x87",1
UNI_ASSEMBLES_DIFF,stb_d8,"ld (0x209b),A",1
UNI_ASSEMBLES_DIFF,stb_d8,"ld (0x209b),H",1
UNI_ASSEMBLES_DIFF,stdi8,"ld (0x209c),0x0b",1
UNI_ASSEMBLES_DIFF,stdi8,"ld (0x209c),0x0c",1
UNI_ASSEMBLES_DIFF,stdi8,"ld (0x209c),0x80",1
UNI_ASSEMBLES_DIFF,stb_d8,"ld (0x209c),A",1
UNI_ASSEMBLES_DIFF,stb_d8,"ld (0x20a2),A",1
UNI_ASSEMBLES_DIFF,stdi8,"ld (0x20a7),0x30",1
UNI_ASSEMBLES_DIFF,stdi8,"ld (0x20a7),0x40",1
UNI_ASSEMBLES_DIFF,stdi8,"ld (0x20ab),0x02",1
UNI_ASSEMBLES_DIFF,stb_d8,"ld (0x20ab),A",1
UNI_ASSEMBLES_DIFF,stda32,"ld (0x20b4),XBC",1
UNI_ASSEMBLES_DIFF,stda32,"ld (0x20b4),XWA",1
UNI_ASSEMBLES_DIFF,stb_d8,"ld (0x20b8),C",1
UNI_ASSEMBLES_DIFF,stda16,"ld (0x20b8),WA",1
UNI_ASSEMBLES_DIFF,stdi8,"ld (0x20b9),0x64",1
UNI_ASSEMBLES_DIFF,stb_d8,"ld (0x20b9),C",1
UNI_ASSEMBLES_DIFF,stdi8,"ld (0x20ba),0x01",1
UNI_ASSEMBLES_DIFF,stdi8,"ld (0x20ba),0x02",1
UNI_ASSEMBLES_DIFF,stb_d8,"ld (0x20ba),C",1
UNI_ASSEMBLES_DIFF,stb_d8,"ld (0x20bb),L",1
UNI_ASSEMBLES_DIFF,stda16,"ld (0x20ce),HL",1
UNI_ASSEMBLES_DIFF,stb_d8,"ld (0x20f6),A",1
UNI_ASSEMBLES_DIFF,stdi8,"ld (0x2143),0x05",1
UNI_ASSEMBLES_DIFF,stdi8,"ld (0x2144),0x05",1
UNI_ASSEMBLES_DIFF,stdi8,"ld (0x2145),0x05",1
UNI_ASSEMBLES_DIFF,stdi8,"ld (0x2146),0x05",1
UNI_ASSEMBLES_DIFF,stdi8,"ld (0x2147),0x05",1
UNI_ASSEMBLES_DIFF,stda16,"ld (0x215e),DE",1
UNI_ASSEMBLES_DIFF,stda16,"ld (0x215e),WA",1
UNI_ASSEMBLES_DIFF,stdi8,"ld (0x2169),0x00",1
UNI_ASSEMBLES_DIFF,stb_d8,"ld (0x2169),C",1
UNI_ASSEMBLES_DIFF,stb_d8,"ld (0x2169),E",1
UNI_ASSEMBLES_DIFF,stb_d8,"ld (0x216c),A",1
UNI_ASSEMBLES_DIFF,stb_d8,"ld (0x216d),A",1
UNI_ASSEMBLES_DIFF,stb_d8,"ld (0x2189),A",1
UNI_ASSEMBLES_DIFF,stb_d8,"ld (0x218a),A",1
UNI_ASSEMBLES_DIFF,stdi8,"ld (0x218f),0x00",1
UNI_ASSEMBLES_DIFF,stdi8,"ld (0x218f),0x01",1
UNI_ASSEMBLES_DIFF,stdi8,"ld (0x218f),0x02",1
UNI_ASSEMBLES_DIFF,stdi8,"ld (0x218f),0x03",1
UNI_ASSEMBLES_DIFF,stdi8,"ld (0x218f),0x04",1
UNI_ASSEMBLES_DIFF,stdi8,"ld (0x218f),0x05",1
UNI_ASSEMBLES_DIFF,stdi8,"ld (0x218f),0x06",1
UNI_ASSEMBLES_DIFF,stdi8,"ld (0x218f),0x07",1
UNI_ASSEMBLES_DIFF,stb_d8,"ld (0x2190),A",1
UNI_ASSEMBLES_DIFF,stb_d8,"ld (0x2191),W",1
UNI_ASSEMBLES_DIFF,stda16,"ld (0x2197),WA",1
UNI_ASSEMBLES_DIFF,stdi8,"ld (0x219c),0x16",1
UNI_ASSEMBLES_DIFF,stdi8,"ld (0x21d0),0x54",1
UNI_ASSEMBLES_DIFF,stdi8,"ld (0x21d2),0x20",1
UNI_ASSEMBLES_DIFF,stdi8,"ld (0x21d2),0x42",1
UNI_ASSEMBLES_DIFF,stb_d8,"ld (0x21f9),B",1
UNI_ASSEMBLES_DIFF,stb_d8,"ld (0x21f9),C",1
UNI_ASSEMBLES_DIFF,stb_d8,"ld (0x21f9),L",1
UNI_ASSEMBLES_DIFF,stb_d8,"ld (0x2200),H",1
UNI_ASSEMBLES_DIFF,stdi8,"ld (0x2208),0x09",1
UNI_ASSEMBLES_DIFF,stdi8,"ld (0x2208),0x13",1
UNI_ASSEMBLES_DIFF,stdi8,"ld (0x2208),0x63",1
UNI_ASSEMBLES_DIFF,stb_d8,"ld (0x2208),L",1
UNI_ASSEMBLES_DIFF,stdi8,"ld (0x2209),0x00",1
UNI_ASSEMBLES_DIFF,stdi8,"ld (0x2209),0x09",1
UNI_ASSEMBLES_DIFF,stdi8,"ld (0x2209),0x13",1
UNI_ASSEMBLES_DIFF,stdi8,"ld (0x2209),0x63",1
UNI_ASSEMBLES_DIFF,stdi8,"ld (0x2215),0x00",1
UNI_ASSEMBLES_DIFF,stdi8,"ld (0x2218),0xff",1
UNI_ASSEMBLES_DIFF,stdi8,"ld (0x2229),0x04",1
UNI_ASSEMBLES_DIFF,stdi8,"ld (0x2229),0x05",1
UNI_ASSEMBLES_DIFF,stb_d8,"ld (0x2229),L",1
UNI_ASSEMBLES_DIFF,stdi8,"ld (0x222a),0xfa",1
UNI_ASSEMBLES_DIFF,stdi8,"ld (0x222d),0x00",1
UNI_ASSEMBLES_DIFF,stb_d8,"ld (0x222d),C",1
UNI_ASSEMBLES_DIFF,stdi8,"ld (0x2243),0x00",1
UNI_ASSEMBLES_DIFF,stdi8,"ld (0x2243),0x01",1
UNI_ASSEMBLES_DIFF,stdi8,"ld (0x2243),0xfe",1
UNI_ASSEMBLES_DIFF,stb_d8,"ld (0x2243),H",1
UNI_ASSEMBLES_DIFF,stdi8,"ld (0x2244),0x00",1
UNI_ASSEMBLES_DIFF,stdi8,"ld (0x2244),0xff",1
UNI_ASSEMBLES_DIFF,stdi8,"ld (0x2247),0x0f",1
UNI_ASSEMBLES_DIFF,stb_d8,"ld (0x2250),C",1
UNI_ASSEMBLES_DIFF,stb_d8,"ld (0x2251),A",1
UNI_ASSEMBLES_DIFF,stb_d8,"ld (0x22d0),A",1
UNI_ASSEMBLES_DIFF,stb_d8,"ld (0x22d0),W",1
UNI_ASSEMBLES_DIFF,stb_d8,"ld (0x2300),E",1
UNI_ASSEMBLES_DIFF,stda16,"ld (0x2350),WA",1
UNI_ASSEMBLES_DIFF,stda16,"ld (0x2352),WA",1
UNI_ASSEMBLES_DIFF,stda16,"ld (0x23b8),WA",1
UNI_ASSEMBLES_DIFF,stda16,"ld (0x23ba),WA",1
UNI_ASSEMBLES_DIFF,stda16,"ld (0x23bc),WA",1
UNI_ASSEMBLES_DIFF,stda16,"ld (0x23c4),WA",1
UNI_ASSEMBLES_DIFF,stb_d8,"ld (0x23ca),A",1
UNI_ASSEMBLES_DIFF,stdi8,"ld (0x23cb),0x01",1
UNI_ASSEMBLES_DIFF,stdi8,"ld (0x23cb),0x10",1
UNI_ASSEMBLES_DIFF,stdi8,"ld (0x23cb),0x1e",1
UNI_ASSEMBLES_DIFF,stda16,"ld (0x23cc),WA",1
UNI_ASSEMBLES_DIFF,stb_d8,"ld (0x24d0),A",1
UNI_ASSEMBLES_DIFF,stb_d8,"ld (0x24d1),A",1
UNI_ASSEMBLES_DIFF,stb_d8,"ld (0x24d2),A",1
UNI_ASSEMBLES_DIFF,stb_d8,"ld (0x24d3),A",1
UNI_ASSEMBLES_DIFF,stb_d8,"ld (0x24d4),A",1
UNI_ASSEMBLES_DIFF,stb_d8,"ld (0x24d5),A",1
UNI_ASSEMBLES_DIFF,stb_d8,"ld (0x24e8),A",1
UNI_ASSEMBLES_DIFF,stb_d8,"ld (0x24e9),A",1
UNI_ASSEMBLES_DIFF,stb_d8,"ld (0x24ea),A",1
UNI_ASSEMBLES_DIFF,stb_d8,"ld (0x24eb),A",1
UNI_ASSEMBLES_DIFF,stb_d8,"ld (0x24f1),C",1
UNI_ASSEMBLES_DIFF,stb_d8,"ld (0x24f1),E",1
UNI_ASSEMBLES_DIFF,stb_d8,"ld (0x24f3),A",1
UNI_ASSEMBLES_DIFF,stb_d8,"ld (0x2503),A",1
UNI_ASSEMBLES_DIFF,stb_d8,"ld (0x2504),A",1
UNI_ASSEMBLES_DIFF,stda16,"ld (0x2530),BC",1
UNI_ASSEMBLES_DIFF,stda16,"ld (0x2532),DE",1
UNI_ASSEMBLES_DIFF,stda16,"ld (0x2534),BC",1
UNI_ASSEMBLES_DIFF,stda16,"ld (0x2536),BC",1
UNI_ASSEMBLES_DIFF,stda16,"ld (0x2536),HL",1
UNI_ASSEMBLES_DIFF,stda16,"ld (0x2536),IX",1
UNI_ASSEMBLES_DIFF,stb_d8,"ld (0x2540),E",1
UNI_ASSEMBLES_DIFF,stda16,"ld (0x254a),WA",1
UNI_ASSEMBLES_DIFF,stda16,"ld (0x2550),HL",1
UNI_ASSEMBLES_DIFF,stda16,"ld (0x2552),HL",1
UNI_ASSEMBLES_DIFF,stdi8,"ld (0x2554),0x0c",1
UNI_ASSEMBLES_DIFF,stda16,"ld (0x2555),WA",1
UNI_ASSEMBLES_DIFF,stdi8,"ld (0x2640),0x01",1
UNI_ASSEMBLES_DIFF,stdi8,"ld (0x2640),0x02",1
UNI_ASSEMBLES_DIFF,stdi8,"ld (0x2640),0x08",1
UNI_ASSEMBLES_DIFF,stb_d8,"ld (0x2640),H",1
UNI_ASSEMBLES_DIFF,stda16,"ld (0x2640),IX",1
UNI_ASSEMBLES_DIFF,stb_d8,"ld (0x2640),L",1
UNI_ASSEMBLES_DIFF,stb_d8,"ld (0x2642),L",1
UNI_ASSEMBLES_DIFF,stdi8,"ld (0x2648),0xff",1
UNI_ASSEMBLES_DIFF,stb_d8,"ld (0x2650),A",1
UNI_ASSEMBLES_DIFF,stdi8,"ld (0x2660),0x20",1
UNI_ASSEMBLES_DIFF,stdi8,"ld (0x2660),0x2b",1
UNI_ASSEMBLES_DIFF,stdi8,"ld (0x2660),0x2d",1
UNI_ASSEMBLES_DIFF,stdi8,"ld (0x2661),0x00",1
UNI_ASSEMBLES_DIFF,stdi8,"ld (0x2661),0x20",1
UNI_ASSEMBLES_DIFF,stdi8,"ld (0x2662),0x20",1
UNI_ASSEMBLES_DIFF,stdi8,"ld (0x2663),0x20",1
UNI_ASSEMBLES_DIFF,stdi8,"ld (0x2663),0x2d",1
UNI_ASSEMBLES_DIFF,stb_d8,"ld (0x2663),A",1
UNI_ASSEMBLES_DIFF,stda32,"ld (0x2666),XIX",1
UNI_ASSEMBLES_DIFF,stda32,"ld (0x266a),XIX",1
UNI_ASSEMBLES_DIFF,stdi8,"ld (0x2679),0x00",1
UNI_ASSEMBLES_DIFF,stdi8,"ld (0x2679),0xff",1
UNI_ASSEMBLES_DIFF,stdi8,"ld (0x267a),0x00",1
UNI_ASSEMBLES_DIFF,stdi8,"ld (0x267a),0xff",1
UNI_ASSEMBLES_DIFF,stdi8,"ld (0x267b),0x00",1
UNI_ASSEMBLES_DIFF,stdi8,"ld (0x267b),0xff",1
UNI_ASSEMBLES_DIFF,stdi8,"ld (0x267c),0x00",1
UNI_ASSEMBLES_DIFF,stdi8,"ld (0x267c),0xff",1
UNI_ASSEMBLES_DIFF,stdi8,"ld (0x267e),0xff",1
UNI_ASSEMBLES_DIFF,stb_d8,"ld (0x267e),A",1
UNI_ASSEMBLES_DIFF,stda16,"ld (0x2680),WA",1
UNI_ASSEMBLES_DIFF,stb_d8,"ld (0x2682),A",1
UNI_ASSEMBLES_DIFF,stb_d8,"ld (0x2682),W",1
UNI_ASSEMBLES_DIFF,stdi8,"ld (0x2683),0x01",1
UNI_ASSEMBLES_DIFF,stdi8,"ld (0x2683),0x0f",1
UNI_ASSEMBLES_DIFF,stb_d8,"ld (0x2683),C",1
UNI_ASSEMBLES_DIFF,stb_d8,"ld (0x2683),E",1
UNI_ASSEMBLES_DIFF,stb_d8,"ld (0x2683),L",1
UNI_ASSEMBLES_DIFF,stb_d8,"ld (0x2684),E",1
UNI_ASSEMBLES_DIFF,stb_d8,"ld (0x2684),H",1
UNI_ASSEMBLES_DIFF,stb_d8,"ld (0x2685),A",1
UNI_ASSEMBLES_DIFF,stdi8,"ld (0x2687),0x01",1
UNI_ASSEMBLES_DIFF,stdi8,"ld (0x2690),0x10",1
UNI_ASSEMBLES_DIFF,stb_d8,"ld (0x2691),H",1
UNI_ASSEMBLES_DIFF,stb_d8,"ld (0x2692),A",1
UNI_ASSEMBLES_DIFF,stdi8,"ld (0x2693),0x00",1
UNI_ASSEMBLES_DIFF,stdi8,"ld (0x2694),0x01",1
UNI_ASSEMBLES_DIFF,stdi8,"ld (0x2697),0x01",1
UNI_ASSEMBLES_DIFF,stdi8,"ld (0x269c),0x00",1
UNI_ASSEMBLES_DIFF,stdi8,"ld (0x269e),0x00",1
UNI_ASSEMBLES_DIFF,stdi8,"ld (0x269e),0x07",1
UNI_ASSEMBLES_DIFF,stb_d8,"ld (0x269e),L",1
UNI_ASSEMBLES_DIFF,stb_d8,"ld (0x269f),C",1
UNI_ASSEMBLES_DIFF,stdi8,"ld (0x26a1),0x00",1
UNI_ASSEMBLES_DIFF,stdi8,"ld (0x26a3),0x00",1
UNI_ASSEMBLES_DIFF,stdi8,"ld (0x26a3),0x07",1
UNI_ASSEMBLES_DIFF,stb_d8,"ld (0x26a3),H",1
UNI_ASSEMBLES_DIFF,stb_d8,"ld (0x26a4),C",1
UNI_ASSEMBLES_DIFF,stdi8,"ld (0x26a5),0x00",1
UNI_ASSEMBLES_DIFF,stdi8,"ld (0x26a6),0x00",1
UNI_ASSEMBLES_DIFF,stda16,"ld (0x26b0),BC",1
UNI_ASSEMBLES_DIFF,stdi8,"ld (0x26f0),0x00",1
UNI_ASSEMBLES_DIFF,stdi8,"ld (0x26f1),0x00",1
UNI_ASSEMBLES_DIFF,stdi8,"ld (0x26f2),0x00",1
UNI_ASSEMBLES_DIFF,stdi8,"ld (0x26f3),0x00",1
UNI_ASSEMBLES_DIFF,stdi8,"ld (0x26f5),0x00",1
UNI_ASSEMBLES_DIFF,stdi8,"ld (0x26f8),0x00",1
UNI_ASSEMBLES_DIFF,stdi8,"ld (0x26fb),0x00",1
UNI_ASSEMBLES_DIFF,stdi8,"ld (0x26fe),0x00",1
UNI_ASSEMBLES_DIFF,stdi8,"ld (0x2700),0x01",1
UNI_ASSEMBLES_DIFF,stdi8,"ld (0x2700),0x02",1
UNI_ASSEMBLES_DIFF,stb_d8,"ld (0x2702),H",1
UNI_ASSEMBLES_DIFF,stdi8,"ld (0x2703),0x00",1
UNI_ASSEMBLES_DIFF,stdi8,"ld (0x2704),0x24",1
UNI_ASSEMBLES_DIFF,stdi8,"ld (0x2707),0x00",1
UNI_ASSEMBLES_DIFF,stdi8,"ld (0x2709),0x00",1
UNI_ASSEMBLES_DIFF,stdi8,"ld (0x2709),0x07",1
UNI_ASSEMBLES_DIFF,stb_d8,"ld (0x2709),L",1
UNI_ASSEMBLES_DIFF,stb_d8,"ld (0x270a),C",1
UNI_ASSEMBLES_DIFF,stdi8,"ld (0x270c),0x00",1
UNI_ASSEMBLES_DIFF,stdi8,"ld (0x270e),0x00",1
UNI_ASSEMBLES_DIFF,stdi8,"ld (0x270e),0x07",1
UNI_ASSEMBLES_DIFF,stb_d8,"ld (0x270e),H",1
UNI_ASSEMBLES_DIFF,stb_d8,"ld (0x270f),C",1
UNI_ASSEMBLES_DIFF,stdi8,"ld (0x2720),0x03",1
UNI_ASSEMBLES_DIFF,stdi8,"ld (0x2720),0x04",1
UNI_ASSEMBLES_DIFF,stb_d8,"ld (0x2720),L",1
UNI_ASSEMBLES_DIFF,stdi8,"ld (0x2724),0x14",1
UNI_ASSEMBLES_DIFF,stb_d8,"ld (0x2724),H",1
UNI_ASSEMBLES_DIFF,stdi8,"ld (0x2727),0x00",1
UNI_ASSEMBLES_DIFF,stdi8,"ld (0x2728),0x00",1
UNI_ASSEMBLES_DIFF,stdi8,"ld (0x272b),0x09",1
UNI_ASSEMBLES_DIFF,stb_d8,"ld (0x272c),C",1
UNI_ASSEMBLES_DIFF,stdi8,"ld (0x2730),0x03",1
UNI_ASSEMBLES_DIFF,stb_d8,"ld (0x2731),C",1
UNI_ASSEMBLES_DIFF,stdi8,"ld (0x2735),0x00",1
UNI_ASSEMBLES_DIFF,stdi8,"ld (0x2736),0x00",1
UNI_ASSEMBLES_DIFF,stdi8,"ld (0x2736),0x01",1
UNI_ASSEMBLES_DIFF,stdi8,"ld (0x2736),0x02",1
UNI_ASSEMBLES_DIFF,stb_d8,"ld (0x2737),C",1
UNI_ASSEMBLES_DIFF,stdi8,"ld (0x2738),0x00",1
UNI_ASSEMBLES_DIFF,stdi8,"ld (0x2739),0x00",1
UNI_ASSEMBLES_DIFF,stdi8,"ld (0x273a),0x00",1
UNI_ASSEMBLES_DIFF,stdi8,"ld (0x2741),0x01",1
UNI_ASSEMBLES_DIFF,stdi8,"ld (0x2744),0x00",1
UNI_ASSEMBLES_DIFF,stdi8,"ld (0x2746),0x00",1
UNI_ASSEMBLES_DIFF,stb_d8,"ld (0x2746),A",1
UNI_ASSEMBLES_DIFF,stdi8,"ld (0x2747),0x00",1
UNI_ASSEMBLES_DIFF,stb_d8,"ld (0x2747),A",1
UNI_ASSEMBLES_DIFF,stb_d8,"ld (0x2747),C",1
UNI_ASSEMBLES_DIFF,stdi8,"ld (0x2748),0x00",1
UNI_ASSEMBLES_DIFF,stb_d8,"ld (0x2748),A",1
UNI_ASSEMBLES_DIFF,stdi8,"ld (0x2749),0x00",1
UNI_ASSEMBLES_DIFF,stdi8,"ld (0x274c),0x00",1
UNI_ASSEMBLES_DIFF,stdi8,"ld (0x2767),0x01",1
UNI_ASSEMBLES_DIFF,stdi8,"ld (0x2767),0x02",1
UNI_ASSEMBLES_DIFF,stdi8,"ld (0x2769),0x01",1
UNI_ASSEMBLES_DIFF,stdi8,"ld (0x2769),0x04",1
UNI_ASSEMBLES_DIFF,stdi8,"ld (0x276a),0x01",1
UNI_ASSEMBLES_DIFF,stb_d8,"ld (0x276a),L",1
UNI_ASSEMBLES_DIFF,stb_d8,"ld (0x276b),D",1
UNI_ASSEMBLES_DIFF,stb_d8,"ld (0x276b),H",1
UNI_ASSEMBLES_DIFF,stb_d8,"ld (0x276b),L",1
UNI_ASSEMBLES_DIFF,stb_d8,"ld (0x276c),H",1
UNI_ASSEMBLES_DIFF,stb_d8,"ld (0x276c),L",1
UNI_ASSEMBLES_DIFF,stb_d8,"ld (0x276e),A",1
UNI_ASSEMBLES_DIFF,stdi8,"ld (0x2771),0x00",1
UNI_ASSEMBLES_DIFF,stdi8,"ld (0x2772),0x00",1
UNI_ASSEMBLES_DIFF,stdi8,"ld (0x2773),0x00",1
UNI_ASSEMBLES_DIFF,stdi8,"ld (0x2774),0x00",1
UNI_ASSEMBLES_DIFF,stdi8,"ld (0x2775),0x00",1
UNI_ASSEMBLES_DIFF,stdi8,"ld (0x2777),0x00",1
UNI_ASSEMBLES_DIFF,stdi8,"ld (0x2778),0x00",1
UNI_ASSEMBLES_DIFF,stdi8,"ld (0x2779),0x00",1
UNI_ASSEMBLES_DIFF,stdi8,"ld (0x277a),0x00",1
UNI_ASSEMBLES_DIFF,stdi8,"ld (0x277b),0x00",1
UNI_ASSEMBLES_DIFF,stdi8,"ld (0x277c),0x00",1
UNI_ASSEMBLES_DIFF,stdi8,"ld (0x277d),0x00",1
UNI_ASSEMBLES_DIFF,stdi8,"ld (0x277e),0x02",1
UNI_ASSEMBLES_DIFF,stdi8,"ld (0x277f),0x01",1
UNI_ASSEMBLES_DIFF,stdi8,"ld (0x2795),0x01",1
UNI_ASSEMBLES_DIFF,stb_d8,"ld (0x2795),D",1
UNI_ASSEMBLES_DIFF,stb_d8,"ld (0x2796),A",1
UNI_ASSEMBLES_DIFF,stdi8,"ld (0x2797),0x01",1
UNI_ASSEMBLES_DIFF,stdi8,"ld (0x2797),0x02",1
UNI_ASSEMBLES_DIFF,stdi8,"ld (0x2797),0x18",1
UNI_ASSEMBLES_DIFF,stdi8,"ld (0x2798),0x01",1
UNI_ASSEMBLES_DIFF,stdi8,"ld (0x279a),0x00",1
UNI_ASSEMBLES_DIFF,stb_d8,"ld (0x27a0),C",1
UNI_ASSEMBLES_DIFF,stb_d8,"ld (0x27a1),C",1
UNI_ASSEMBLES_DIFF,stdi8,"ld (0x27a2),0x00",1
UNI_ASSEMBLES_DIFF,stdi8,"ld (0x27a2),0x01",1
UNI_ASSEMBLES_DIFF,stb_d8,"ld (0x27a3),C",1
UNI_ASSEMBLES_DIFF,stb_d8,"ld (0x27a3),H",1
UNI_ASSEMBLES_DIFF,stb_d8,"ld (0x27a4),C",1
UNI_ASSEMBLES_DIFF,stdi8,"ld (0x27b5),0x00",1
UNI_ASSEMBLES_DIFF,stdi8,"ld (0x27b5),0x01",1
UNI_ASSEMBLES_DIFF,stb_d8,"ld (0x27b6),A",1
UNI_ASSEMBLES_DIFF,stb_d8,"ld (0x27be),A",1
UNI_ASSEMBLES_DIFF,stb_d8,"ld (0x27ce),C",1
UNI_ASSEMBLES_DIFF,stdi8,"ld (0x27d0),0x01",1
UNI_ASSEMBLES_DIFF,stdi8,"ld (0x27d1),0x01",1
UNI_ASSEMBLES_DIFF,stb_d8,"ld (0x27da),C",1
UNI_ASSEMBLES_DIFF,stdi8,"ld (0x27db),0x00",1
UNI_ASSEMBLES_DIFF,stb_d8,"ld (0x27db),C",1
UNI_ASSEMBLES_DIFF,stb_d8,"ld (0x27dc),H",1
UNI_ASSEMBLES_DIFF,stb_d8,"ld (0x27dd),H",1
UNI_ASSEMBLES_DIFF,stb_d8,"ld (0x27de),H",1
UNI_ASSEMBLES_DIFF,stb_d8,"ld (0x27df),C",1
UNI_ASSEMBLES_DIFF,stb_d8,"ld (0x27e6),A",1
UNI_ASSEMBLES_DIFF,stda16,"ld (0x27e7),WA",1
UNI_ASSEMBLES_DIFF,stdi8,"ld (0x27e9),0x00",1
UNI_ASSEMBLES_DIFF,stda16,"ld (0x27f2),IX",1
UNI_ASSEMBLES_DIFF,stda16,"ld (0x27f2),IY",1
UNI_ASSEMBLES_DIFF,stb_d8,"ld (0x27f4),C",1
UNI_ASSEMBLES_DIFF,stb_d8,"ld (0x27f5),C",1
UNI_ASSEMBLES_DIFF,stb_d8,"ld (0x27f6),C",1
UNI_ASSEMBLES_DIFF,stda16,"ld (0x27f7),DE",1
UNI_ASSEMBLES_DIFF,stda16,"ld (0x27f9),DE",1
UNI_ASSEMBLES_DIFF,stb_d8,"ld (0x27fb),C",1
UNI_ASSEMBLES_DIFF,stb_d8,"ld (0x27fc),C",1
UNI_ASSEMBLES_DIFF,stb_d8,"ld (0x27fe),C",1
UNI_ASSEMBLES_DIFF,stb_d8,"ld (0x2805),C",1
UNI_ASSEMBLES_DIFF,stb_d8,"ld (0x2806),C",1
UNI_ASSEMBLES_DIFF,stb_d8,"ld (0x2807),C",1
UNI_ASSEMBLES_DIFF,stda16,"ld (0x280c),BC",1
UNI_ASSEMBLES_DIFF,stda16,"ld (0x280e),BC",1
UNI_ASSEMBLES_DIFF,stb_d8,"ld (0x2810),C",1
UNI_ASSEMBLES_DIFF,stb_d8,"ld (0x2811),C",1
UNI_ASSEMBLES_DIFF,stb_d8,"ld (0x2812),C",1
UNI_ASSEMBLES_DIFF,stda32,"ld (0x2820),XWA",1
UNI_ASSEMBLES_DIFF,stdi8,"ld (0x2826),0x01",1
UNI_ASSEMBLES_DIFF,stb_d8,"ld (0x2826),H",1
UNI_ASSEMBLES_DIFF,stdi8,"ld (0x2843),0x1e",1
UNI_ASSEMBLES_DIFF,stda32,"ld (0x2846),XWA",1
UNI_ASSEMBLES_DIFF,stda32,"ld (0x284a),XWA",1
UNI_ASSEMBLES_DIFF,stb_d8,"ld (0x286c),C",1
UNI_ASSEMBLES_DIFF,stdi8,"ld (0x2870),0x00",1
UNI_ASSEMBLES_DIFF,stdi8,"ld (0x2870),0x01",1
UNI_ASSEMBLES_DIFF,stdi8,"ld (0x2880),0x02",1
UNI_ASSEMBLES_DIFF,stdi8,"ld (0x2880),0x05",1
UNI_ASSEMBLES_DIFF,stdi8,"ld (0x2880),0x09",1
UNI_ASSEMBLES_DIFF,stdi8,"ld (0x2880),0x0a",1
UNI_ASSEMBLES_DIFF,stdi8,"ld (0x2880),0x0e",1
UNI_ASSEMBLES_DIFF,stdi8,"ld (0x2880),0x1f",1
UNI_ASSEMBLES_DIFF,stdi8,"ld (0x2880),0x27",1
UNI_ASSEMBLES_DIFF,stdi8,"ld (0x2880),0x2b",1
UNI_ASSEMBLES_DIFF,stdi8,"ld (0x2890),0x00",1
UNI_ASSEMBLES_DIFF,stdi8,"ld (0x2891),0x00",1
UNI_ASSEMBLES_DIFF,stb_d8,"ld (0x2892),C",1
UNI_ASSEMBLES_DIFF,stdi8,"ld (0x289c),0x00",1
UNI_ASSEMBLES_DIFF,stdi8,"ld (0x289d),0x00",1
UNI_ASSEMBLES_DIFF,stdi8,"ld (0x289d),0x01",1
UNI_ASSEMBLES_DIFF,stdi8,"ld (0x289e),0x01",1
UNI_ASSEMBLES_DIFF,stdi8,"ld (0x289f),0x02",1
UNI_ASSEMBLES_DIFF,stdi8,"ld (0x28a0),0x00",1
UNI_ASSEMBLES_DIFF,stdi8,"ld (0x28a0),0x01",1
UNI_ASSEMBLES_DIFF,stdi8,"ld (0x28a0),0x02",1
UNI_ASSEMBLES_DIFF,stdi8,"ld (0x28a0),0x0f",1
UNI_ASSEMBLES_DIFF,stdi8,"ld (0x28a0),0xf0",1
UNI_ASSEMBLES_DIFF,stdi8,"ld (0x28a1),0x00",1
UNI_ASSEMBLES_DIFF,stdi8,"ld (0x28a2),0x00",1
UNI_ASSEMBLES_DIFF,stb_d8,"ld (0x28a2),H",1
UNI_ASSEMBLES_DIFF,stb_d8,"ld (0x28b1),L",1
UNI_ASSEMBLES_DIFF,stb_d8,"ld (0x28c9),D",1
UNI_ASSEMBLES_DIFF,stb_d8,"ld (0x28c9),H",1
UNI_ASSEMBLES_DIFF,stdi8,"ld (0x28d2),0x00",1
UNI_ASSEMBLES_DIFF,stdi8,"ld (0x28d3),0x00",1
UNI_ASSEMBLES_DIFF,stdi8,"ld (0x28d3),0x01",1
UNI_ASSEMBLES_DIFF,stda16,"ld (0x28d4),BC",1
UNI_ASSEMBLES_DIFF,stb_d8,"ld (0x28e0),A",1
UNI_ASSEMBLES_DIFF,stb_d8,"ld (0x28e1),C",1
UNI_ASSEMBLES_DIFF,stb_d8,"ld (0x28e2),A",1
UNI_ASSEMBLES_DIFF,stb_d8,"ld (0x28e3),C",1
UNI_ASSEMBLES_DIFF,stb_d8,"ld (0x28e4),A",1
UNI_ASSEMBLES_DIFF,stb_d8,"ld (0x28e5),C",1
UNI_ASSEMBLES_DIFF,stb_d8,"ld (0x28e6),A",1
UNI_ASSEMBLES_DIFF,stb_d8,"ld (0x28e7),C",1
UNI_ASSEMBLES_DIFF,stb_d8,"ld (0x28ee),A",1
UNI_ASSEMBLES_DIFF,stb_d8,"ld (0x28ef),A",1
UNI_ASSEMBLES_DIFF,stb_d8,"ld (0x28f0),A",1
UNI_ASSEMBLES_DIFF,stb_d8,"ld (0x28f1),A",1
UNI_ASSEMBLES_DIFF,stdi8,"ld (0x2901),0x00",1
UNI_ASSEMBLES_DIFF,stb_d8,"ld (0x2916),C",1
UNI_ASSEMBLES_DIFF,stb_d8,"ld (0x2918),C",1
UNI_ASSEMBLES_DIFF,stb_d8,"ld (0x2a20),W",1
UNI_ASSEMBLES_DIFF,stdi8,"ld (0x2a80),0x20",1
UNI_ASSEMBLES_DIFF,stdi8,"ld (0x2a83),0x02",1
UNI_ASSEMBLES_DIFF,stdi8,"ld (0x2a85),0x00",1
UNI_ASSEMBLES_DIFF,stdi8,"ld (0x2a8b),0xc8",1
UNI_ASSEMBLES_DIFF,stb_d8,"ld (0x2ae8),L",1
UNI_ASSEMBLES_DIFF,stb_d8,"ld (0x2ae9),L",1
UNI_ASSEMBLES_DIFF,stb_d8,"ld (0x2aea),L",1
UNI_ASSEMBLES_DIFF,stb_d8,"ld (0x2aeb),L",1
UNI_ASSEMBLES_DIFF,stb_d8,"ld (0x2aec),L",1
UNI_ASSEMBLES_DIFF,stb_d8,"ld (0x2aed),L",1
UNI_ASSEMBLES_DIFF,stb_d8,"ld (0x2aee),L",1
UNI_ASSEMBLES_DIFF,stb_d8,"ld (0x2aef),L",1
UNI_ASSEMBLES_DIFF,stb_d8,"ld (0x2af0),L",1
UNI_ASSEMBLES_DIFF,stb_d8,"ld (0x2af1),L",1
UNI_ASSEMBLES_DIFF,stb_d8,"ld (0x2af2),L",1
UNI_ASSEMBLES_DIFF,stb_d8,"ld (0x2af3),L",1
UNI_ASSEMBLES_DIFF,stb_d8,"ld (0x2af4),L",1
UNI_ASSEMBLES_DIFF,stb_d8,"ld (0x2af5),L",1
UNI_ASSEMBLES_DIFF,stb_d8,"ld (0x2af6),L",1
UNI_ASSEMBLES_DIFF,stb_d8,"ld (0x2af7),L",1
UNI_ASSEMBLES_DIFF,stb_d8,"ld (0x2af8),L",1
UNI_ASSEMBLES_DIFF,stb_d8,"ld (0x2af9),L",1
UNI_ASSEMBLES_DIFF,stb_d8,"ld (0x2afa),L",1
UNI_ASSEMBLES_DIFF,stb_d8,"ld (0x2afb),L",1
UNI_ASSEMBLES_DIFF,stb_d8,"ld (0x2afc),L",1
UNI_ASSEMBLES_DIFF,stb_d8,"ld (0x2afd),L",1
UNI_ASSEMBLES_DIFF,stb_d8,"ld (0x2afe),L",1
UNI_ASSEMBLES_DIFF,stb_d8,"ld (0x2aff),L",1
UNI_ASSEMBLES_DIFF,stb_d8,"ld (0x2b00),L",1
UNI_ASSEMBLES_DIFF,stb_d8,"ld (0x2b01),L",1
UNI_ASSEMBLES_DIFF,stb_d8,"ld (0x2b02),L",1
UNI_ASSEMBLES_DIFF,stb_d8,"ld (0x2b03),L",1
UNI_ASSEMBLES_DIFF,stb_d8,"ld (0x2b04),L",1
UNI_ASSEMBLES_DIFF,stb_d8,"ld (0x2b05),L",1
UNI_ASSEMBLES_DIFF,stb_d8,"ld (0x2b06),L",1
UNI_ASSEMBLES_DIFF,stb_d8,"ld (0x2b07),L",1
UNI_ASSEMBLES_DIFF,stb_d8,"ld (0x2b08),L",1
UNI_ASSEMBLES_DIFF,stb_d8,"ld (0x2b09),L",1
UNI_ASSEMBLES_DIFF,stb_d8,"ld (0x2b0a),L",1
UNI_ASSEMBLES_DIFF,stb_d8,"ld (0x2b0b),L",1
UNI_ASSEMBLES_DIFF,stb_d8,"ld (0x2b0c),L",1
UNI_ASSEMBLES_DIFF,stda16,"ld (0x2b0d),WA",1
UNI_ASSEMBLES_DIFF,stda16,"ld (0x2b0f),WA",1
UNI_ASSEMBLES_DIFF,stb_d8,"ld (0x2c00),H",1
UNI_ASSEMBLES_DIFF,stb_d8,"ld (0x2d00),E",1
UNI_ASSEMBLES_DIFF,stb_d8,"ld (0x2e00),H",1
UNI_ASSEMBLES_DIFF,stda32,"ld (0x3000),XBC",1
UNI_ASSEMBLES_DIFF,stda16,"ld (0x3010),IZ",1
UNI_ASSEMBLES_DIFF,stda32,"ld (0x3010),XBC",1
UNI_ASSEMBLES_DIFF,stda16,"ld (0x3012),IZ",1
UNI_ASSEMBLES_DIFF,stb_d8,"ld (0x3100),H",1
UNI_ASSEMBLES_DIFF,stda16,"ld (0x31df),WA",1
UNI_ASSEMBLES_DIFF,stda16,"ld (0x31e1),BC",1
UNI_ASSEMBLES_DIFF,stda16,"ld (0x31e1),WA",1
UNI_ASSEMBLES_DIFF,stb_d8,"ld (0x31e5),A",1
UNI_ASSEMBLES_DIFF,stb_d8,"ld (0x31e6),A",1
UNI_ASSEMBLES_DIFF,stb_d8,"ld (0x31e7),A",1
UNI_ASSEMBLES_DIFF,stb_d8,"ld (0x31e9),A",1
UNI_ASSEMBLES_DIFF,stda32,"ld (0x31f7),XWA",1
UNI_ASSEMBLES_DIFF,st_dd8w,"ld (0x32),WA",1
UNI_ASSEMBLES_DIFF,stb_d8,"ld (0x3215),A",1
UNI_ASSEMBLES_DIFF,stb_d8,"ld (0x3215),W",1
UNI_ASSEMBLES_DIFF,stb_d8,"ld (0x3217),A",1
UNI_ASSEMBLES_DIFF,stb_d8,"ld (0x321f),A",1
UNI_ASSEMBLES_DIFF,stb_d8,"ld (0x3221),A",1
UNI_ASSEMBLES_DIFF,stb_d8,"ld (0x3222),A",1
UNI_ASSEMBLES_DIFF,stb_d8,"ld (0x3223),A",1
UNI_ASSEMBLES_DIFF,stb_d8,"ld (0x3224),A",1
UNI_ASSEMBLES_DIFF,stb_d8,"ld (0x3225),A",1
UNI_ASSEMBLES_DIFF,stb_d8,"ld (0x3226),A",1
UNI_ASSEMBLES_DIFF,stb_d8,"ld (0x3227),A",1
UNI_ASSEMBLES_DIFF,stb_d8,"ld (0x3228),A",1
UNI_ASSEMBLES_DIFF,stb_d8,"ld (0x3229),A",1
UNI_ASSEMBLES_DIFF,stb_d8,"ld (0x322a),A",1
UNI_ASSEMBLES_DIFF,stb_d8,"ld (0x322b),A",1
UNI_ASSEMBLES_DIFF,stb_d8,"ld (0x322c),A",1
UNI_ASSEMBLES_DIFF,stb_d8,"ld (0x322d),A",1
UNI_ASSEMBLES_DIFF,stb_d8,"ld (0x322e),A",1
UNI_ASSEMBLES_DIFF,stb_d8,"ld (0x323f),A",1
UNI_ASSEMBLES_DIFF,stb_d8,"ld (0x3240),A",1
UNI_ASSEMBLES_DIFF,stb_d8,"ld (0x3241),A",1
UNI_ASSEMBLES_DIFF,stb_d8,"ld (0x3242),A",1
UNI_ASSEMBLES_DIFF,stb_d8,"ld (0x3243),A",1
UNI_ASSEMBLES_DIFF,stb_d8,"ld (0x3244),A",1
UNI_ASSEMBLES_DIFF,stb_d8,"ld (0x3245),A",1
UNI_ASSEMBLES_DIFF,stda16,"ld (0x3247),WA",1
UNI_ASSEMBLES_DIFF,stdi8,"ld (0x324d),0x18",1
UNI_ASSEMBLES_DIFF,stdi8,"ld (0x3250),0x01",1
UNI_ASSEMBLES_DIFF,stb_d8,"ld (0x3253),W",1
UNI_ASSEMBLES_DIFF,stb_d8,"ld (0x3255),A",1
UNI_ASSEMBLES_DIFF,stb_d8,"ld (0x3256),A",1
UNI_ASSEMBLES_DIFF,stdi8,"ld (0x3259),0xff",1
UNI_ASSEMBLES_DIFF,stb_d8,"ld (0x3259),A",1
UNI_ASSEMBLES_DIFF,stb_d8,"ld (0x3259),L",1
UNI_ASSEMBLES_DIFF,stdi8,"ld (0x325a),0xff",1
UNI_ASSEMBLES_DIFF,stb_d8,"ld (0x325a),A",1
UNI_ASSEMBLES_DIFF,stb_d8,"ld (0x325b),H",1
UNI_ASSEMBLES_DIFF,stb_d8,"ld (0x325c),A",1
UNI_ASSEMBLES_DIFF,stb_d8,"ld (0x325d),A",1
UNI_ASSEMBLES_DIFF,stb_d8,"ld (0x3260),A",1
UNI_ASSEMBLES_DIFF,stb_d8,"ld (0x3263),A",1
UNI_ASSEMBLES_DIFF,stb_d8,"ld (0x3264),A",1
UNI_ASSEMBLES_DIFF,stb_d8,"ld (0x3266),A",1
UNI_ASSEMBLES_DIFF,stb_d8,"ld (0x3268),A",1
UNI_ASSEMBLES_DIFF,stb_d8,"ld (0x326a),A",1
UNI_ASSEMBLES_DIFF,stb_d8,"ld (0x326b),A",1
UNI_ASSEMBLES_DIFF,stb_d8,"ld (0x326c),A",1
UNI_ASSEMBLES_DIFF,stb_d8,"ld (0x3270),A",1
UNI_ASSEMBLES_DIFF,stb_d8,"ld (0x3271),A",1
UNI_ASSEMBLES_DIFF,stb_d8,"ld (0x3272),A",1
UNI_ASSEMBLES_DIFF,stb_d8,"ld (0x3273),A",1
UNI_ASSEMBLES_DIFF,stb_d8,"ld (0x3274),A",1
UNI_ASSEMBLES_DIFF,stb_d8,"ld (0x327d),A",1
UNI_ASSEMBLES_DIFF,stb_d8,"ld (0x327e),A",1
UNI_ASSEMBLES_DIFF,stda16,"ld (0x3288),WA",1
UNI_ASSEMBLES_DIFF,stb_d8,"ld (0x328c),A",1
UNI_ASSEMBLES_DIFF,stdi8,"ld (0x328f),0x00",1
UNI_ASSEMBLES_DIFF,stb_d8,"ld (0x3292),W",1
UNI_ASSEMBLES_DIFF,stdi8,"ld (0x3293),0x00",1
UNI_ASSEMBLES_DIFF,stb_d8,"ld (0x3293),E",1
UNI_ASSEMBLES_DIFF,stdi8,"ld (0x3294),0x00",1
UNI_ASSEMBLES_DIFF,stb_d8,"ld (0x3294),E",1
UNI_ASSEMBLES_DIFF,stdi8,"ld (0x3295),0x00",1
UNI_ASSEMBLES_DIFF,stb_d8,"ld (0x3295),E",1
UNI_ASSEMBLES_DIFF,stdi8,"ld (0x3296),0x00",1
UNI_ASSEMBLES_DIFF,stb_d8,"ld (0x3296),E",1
UNI_ASSEMBLES_DIFF,stb_d8,"ld (0x3299),A",1
UNI_ASSEMBLES_DIFF,stb_d8,"ld (0x329a),A",1
UNI_ASSEMBLES_DIFF,stb_d8,"ld (0x329b),A",1
UNI_ASSEMBLES_DIFF,stb_d8,"ld (0x32a2),A",1
UNI_ASSEMBLES_DIFF,stb_d8,"ld (0x32a4),W",1
UNI_ASSEMBLES_DIFF,stda16,"ld (0x32af),WA",1
UNI_ASSEMBLES_DIFF,stdi8,"ld (0x32b8),0x00",1
UNI_ASSEMBLES_DIFF,stdi8,"ld (0x32b9),0x00",1
UNI_ASSEMBLES_DIFF,stb_d8,"ld (0x32ba),W",1
UNI_ASSEMBLES_DIFF,stdi8,"ld (0x32c3),0x00",1
UNI_ASSEMBLES_DIFF,stdi8,"ld (0x32e4),0x04",1
UNI_ASSEMBLES_DIFF,stdi8,"ld (0x32e4),0x06",1
UNI_ASSEMBLES_DIFF,stdi8,"ld (0x32e4),0x07",1
UNI_ASSEMBLES_DIFF,stb_d8,"ld (0x32e9),A",1
UNI_ASSEMBLES_DIFF,stb_d8,"ld (0x32eb),A",1
UNI_ASSEMBLES_DIFF,stb_d8,"ld (0x32ed),A",1
UNI_ASSEMBLES_DIFF,stb_d8,"ld (0x32ee),A",1
UNI_ASSEMBLES_DIFF,stdi8,"ld (0x32f0),0x04",1
UNI_ASSEMBLES_DIFF,stdi8,"ld (0x32f0),0x05",1
UNI_ASSEMBLES_DIFF,stdi8,"ld (0x32f0),0x06",1
UNI_ASSEMBLES_DIFF,stdi8,"ld (0x32f0),0x07",1
UNI_ASSEMBLES_DIFF,stdi8,"ld (0x32f2),0x01",1
UNI_ASSEMBLES_DIFF,stdi8,"ld (0x32f2),0x02",1
UNI_ASSEMBLES_DIFF,stdi8,"ld (0x32f2),0x04",1
UNI_ASSEMBLES_DIFF,stdi8,"ld (0x32f2),0x08",1
UNI_ASSEMBLES_DIFF,stdi8,"ld (0x32f2),0x10",1
UNI_ASSEMBLES_DIFF,stb_d8,"ld (0x32f3),A",1
UNI_ASSEMBLES_DIFF,stdi8,"ld (0x32f4),0x00",1
UNI_ASSEMBLES_DIFF,stdi8,"ld (0x32f4),0x01",1
UNI_ASSEMBLES_DIFF,stda16,"ld (0x32fb),WA",1
UNI_ASSEMBLES_DIFF,stda16,"ld (0x32fd),WA",1
UNI_ASSEMBLES_DIFF,stda16,"ld (0x32ff),WA",1
UNI_ASSEMBLES_DIFF,stda16,"ld (0x3301),WA",1
UNI_ASSEMBLES_DIFF,stdi8,"ld (0x333f),0x00",1
UNI_ASSEMBLES_DIFF,stb_d8,"ld (0x333f),W",1
UNI_ASSEMBLES_DIFF,stb_d8,"ld (0x3342),W",1
UNI_ASSEMBLES_DIFF,stb_d8,"ld (0x3346),A",1
UNI_ASSEMBLES_DIFF,stb_d8,"ld (0x3347),W",1
UNI_ASSEMBLES_DIFF,stb_d8,"ld (0x3348),E",1
UNI_ASSEMBLES_DIFF,stb_d8,"ld (0x334a),A",1
UNI_ASSEMBLES_DIFF,stb_d8,"ld (0x334b),A",1
UNI_ASSEMBLES_DIFF,stdi8,"ld (0x334f),0x00",1
UNI_ASSEMBLES_DIFF,stb_d8,"ld (0x334f),A",1
UNI_ASSEMBLES_DIFF,stdi8,"ld (0x3350),0x00",1
UNI_ASSEMBLES_DIFF,stb_d8,"ld (0x3350),A",1
UNI_ASSEMBLES_DIFF,stdi8,"ld (0x3351),0x00",1
UNI_ASSEMBLES_DIFF,stb_d8,"ld (0x3351),A",1
UNI_ASSEMBLES_DIFF,stdi8,"ld (0x3352),0x00",1
UNI_ASSEMBLES_DIFF,stb_d8,"ld (0x3352),A",1
UNI_ASSEMBLES_DIFF,stdi8,"ld (0x3353),0x00",1
UNI_ASSEMBLES_DIFF,stb_d8,"ld (0x3353),A",1
UNI_ASSEMBLES_DIFF,stb_d8,"ld (0x3354),A",1
UNI_ASSEMBLES_DIFF,stb_d8,"ld (0x3389),W",1
UNI_ASSEMBLES_DIFF,stb_d8,"ld (0x3391),H",1
UNI_ASSEMBLES_DIFF,stb_d8,"ld (0x3391),L",1
UNI_ASSEMBLES_DIFF,stb_d8,"ld (0x3391),W",1
UNI_ASSEMBLES_DIFF,stdi8,"ld (0x3392),0x0f",1
UNI_ASSEMBLES_DIFF,stdi8,"ld (0x3392),0x19",1
UNI_ASSEMBLES_DIFF,stb_d8,"ld (0x3392),W",1
UNI_ASSEMBLES_DIFF,stdi8,"ld (0x3393),0x00",1
UNI_ASSEMBLES_DIFF,stdi8,"ld (0x3393),0x10",1
UNI_ASSEMBLES_DIFF,stdi8,"ld (0x3396),0x03",1
UNI_ASSEMBLES_DIFF,stb_d8,"ld (0x3398),A",1
UNI_ASSEMBLES_DIFF,stdi8,"ld (0x3399),0xfe",1
UNI_ASSEMBLES_DIFF,stb_d8,"ld (0x3399),L",1
UNI_ASSEMBLES_DIFF,stb_d8,"ld (0x339a),A",1
UNI_ASSEMBLES_DIFF,stb_d8,"ld (0x339b),A",1
UNI_ASSEMBLES_DIFF,stb_d8,"ld (0x339c),A",1
UNI_ASSEMBLES_DIFF,stb_d8,"ld (0x339d),A",1
UNI_ASSEMBLES_DIFF,stb_d8,"ld (0x339e),A",1
UNI_ASSEMBLES_DIFF,stb_d8,"ld (0x33a0),A",1
UNI_ASSEMBLES_DIFF,stda16,"ld (0x33a1),BC",1
UNI_ASSEMBLES_DIFF,stda16,"ld (0x33a3),DE",1
UNI_ASSEMBLES_DIFF,stda16,"ld (0x33a5),HL",1
UNI_ASSEMBLES_DIFF,stdi8,"ld (0x33b1),0x06",1
UNI_ASSEMBLES_DIFF,stdi8,"ld (0x33b1),0x08",1
UNI_ASSEMBLES_DIFF,stb_d8,"ld (0x33b1),A",1
UNI_ASSEMBLES_DIFF,stda16,"ld (0x33b8),WA",1
UNI_ASSEMBLES_DIFF,stda16,"ld (0x33c1),IY",1
UNI_ASSEMBLES_DIFF,stdi8,"ld (0x33d1),0x00",1
UNI_ASSEMBLES_DIFF,stb_d8,"ld (0x33d1),A",1
UNI_ASSEMBLES_DIFF,stb_d8,"ld (0x33d9),A",1
UNI_ASSEMBLES_DIFF,stda16,"ld (0x33da),BC",1
UNI_ASSEMBLES_DIFF,stb_d8,"ld (0x33dc),C",1
UNI_ASSEMBLES_DIFF,stb_d8,"ld (0x33e0),A",1
UNI_ASSEMBLES_DIFF,stda16,"ld (0x33e0),DE",1
UNI_ASSEMBLES_DIFF,stb_d8,"ld (0x33e1),A",1
UNI_ASSEMBLES_DIFF,stb_d8,"ld (0x33e8),A",1
UNI_ASSEMBLES_DIFF,stb_d8,"ld (0x33ec),C",1
UNI_ASSEMBLES_DIFF,stda16,"ld (0x33f2),WA",1
UNI_ASSEMBLES_DIFF,stda16,"ld (0x33f6),WA",1
UNI_ASSEMBLES_DIFF,stda16,"ld (0x33f8),HL",1
UNI_ASSEMBLES_DIFF,stda16,"ld (0x33fa),HL",1
UNI_ASSEMBLES_DIFF,stdi8,"ld (0x33fc),0x00",1
UNI_ASSEMBLES_DIFF,stdi8,"ld (0x33fd),0x00",1
UNI_ASSEMBLES_DIFF,stda16,"ld (0x33fe),HL",1
UNI_ASSEMBLES_DIFF,stda16,"ld (0x3400),WA",1
UNI_ASSEMBLES_DIFF,stb_d8,"ld (0x3404),A",1
UNI_ASSEMBLES_DIFF,stb_d8,"ld (0x3408),A",1
UNI_ASSEMBLES_DIFF,stdi8,"ld (0x340a),0x00",1
UNI_ASSEMBLES_DIFF,stdi8,"ld (0x340a),0x01",1
UNI_ASSEMBLES_DIFF,stb_d8,"ld (0x340b),A",1
UNI_ASSEMBLES_DIFF,stb_d8,"ld (0x340c),A",1
UNI_ASSEMBLES_DIFF,stb_d8,"ld (0x340d),A",1
UNI_ASSEMBLES_DIFF,stb_d8,"ld (0x340e),A",1
UNI_ASSEMBLES_DIFF,stdi8,"ld (0x343a),0x04",1
UNI_ASSEMBLES_DIFF,stdi8,"ld (0x343a),0x08",1
UNI_ASSEMBLES_DIFF,stdi8,"ld (0x343a),0x0b",1
UNI_ASSEMBLES_DIFF,stb_d8,"ld (0x343a),E",1
UNI_ASSEMBLES_DIFF,stb_d8,"ld (0x343a),W",1
UNI_ASSEMBLES_DIFF,stdi8,"ld (0x343b),0x03",1
UNI_ASSEMBLES_DIFF,stdi8,"ld (0x343f),0x01",1
UNI_ASSEMBLES_DIFF,stdi8,"ld (0x343f),0x04",1
UNI_ASSEMBLES_DIFF,stb_d8,"ld (0x3443),E",1
UNI_ASSEMBLES_DIFF,stb_d8,"ld (0x3443),W",1
UNI_ASSEMBLES_DIFF,stb_d8,"ld (0x3444),A",1
UNI_ASSEMBLES_DIFF,stb_d8,"ld (0x3444),D",1
UNI_ASSEMBLES_DIFF,stb_d8,"ld (0x3445),E",1
UNI_ASSEMBLES_DIFF,stb_d8,"ld (0x3445),W",1
UNI_ASSEMBLES_DIFF,stb_d8,"ld (0x3446),A",1
UNI_ASSEMBLES_DIFF,stb_d8,"ld (0x3446),D",1
UNI_ASSEMBLES_DIFF,stb_d8,"ld (0x3447),E",1
UNI_ASSEMBLES_DIFF,stb_d8,"ld (0x3447),W",1
UNI_ASSEMBLES_DIFF,stb_d8,"ld (0x3448),A",1
UNI_ASSEMBLES_DIFF,stb_d8,"ld (0x3448),D",1
UNI_ASSEMBLES_DIFF,stb_d8,"ld (0x3449),E",1
UNI_ASSEMBLES_DIFF,stb_d8,"ld (0x3449),W",1
UNI_ASSEMBLES_DIFF,stb_d8,"ld (0x344a),A",1
UNI_ASSEMBLES_DIFF,stb_d8,"ld (0x344a),D",1
UNI_ASSEMBLES_DIFF,stb_d8,"ld (0x344b),E",1
UNI_ASSEMBLES_DIFF,stb_d8,"ld (0x344b),W",1
UNI_ASSEMBLES_DIFF,stb_d8,"ld (0x344c),A",1
UNI_ASSEMBLES_DIFF,stb_d8,"ld (0x344c),D",1
UNI_ASSEMBLES_DIFF,stb_d8,"ld (0x3452),A",1
UNI_ASSEMBLES_DIFF,stb_d8,"ld (0x3452),H",1
UNI_ASSEMBLES_DIFF,stda16,"ld (0x3452),WA",1
UNI_ASSEMBLES_DIFF,stdi8,"ld (0x3453),0x01",1
UNI_ASSEMBLES_DIFF,stdi8,"ld (0x3453),0x02",1
UNI_ASSEMBLES_DIFF,stdi8,"ld (0x3453),0x03",1
UNI_ASSEMBLES_DIFF,stdi8,"ld (0x3453),0x04",1
UNI_ASSEMBLES_DIFF,stdi8,"ld (0x3453),0x05",1
UNI_ASSEMBLES_DIFF,stdi8,"ld (0x3453),0x06",1
UNI_ASSEMBLES_DIFF,stdi8,"ld (0x3453),0x07",1
UNI_ASSEMBLES_DIFF,stdi8,"ld (0x3453),0x0a",1
UNI_ASSEMBLES_DIFF,stdi8,"ld (0x3453),0x0b",1
UNI_ASSEMBLES_DIFF,stdi8,"ld (0x3453),0x11",1
UNI_ASSEMBLES_DIFF,stdi8,"ld (0x3453),0x12",1
UNI_ASSEMBLES_DIFF,stdi8,"ld (0x3453),0x13",1
UNI_ASSEMBLES_DIFF,stdi8,"ld (0x3453),0x14",1
UNI_ASSEMBLES_DIFF,stdi8,"ld (0x3453),0x15",1
UNI_ASSEMBLES_DIFF,stdi8,"ld (0x3453),0x16",1
UNI_ASSEMBLES_DIFF,stdi8,"ld (0x3453),0x17",1
UNI_ASSEMBLES_DIFF,stdi8,"ld (0x3453),0x18",1
UNI_ASSEMBLES_DIFF,stdi8,"ld (0x3453),0x19",1
UNI_ASSEMBLES_DIFF,stb_d8,"ld (0x3453),A",1
UNI_ASSEMBLES_DIFF,stb_d8,"ld (0x3454),A",1
UNI_ASSEMBLES_DIFF,stb_d8,"ld (0x3455),W",1
UNI_ASSEMBLES_DIFF,stda16,"ld (0x3456),IX",1
UNI_ASSEMBLES_DIFF,stb_d8,"ld (0x3459),A",1
UNI_ASSEMBLES_DIFF,stb_d8,"ld (0x345a),A",1
UNI_ASSEMBLES_DIFF,stb_d8,"ld (0x345f),W",1
UNI_ASSEMBLES_DIFF,stb_d8,"ld (0x3460),W",1
UNI_ASSEMBLES_DIFF,stb_d8,"ld (0x3461),L",1
UNI_ASSEMBLES_DIFF,stdi8,"ld (0x3462),0x00",1
UNI_ASSEMBLES_DIFF,stb_d8,"ld (0x3462),L",1
UNI_ASSEMBLES_DIFF,stdi8,"ld (0x3470),0x01",1
UNI_ASSEMBLES_DIFF,stdi8,"ld (0x3472),0x00",1
UNI_ASSEMBLES_DIFF,stdi8,"ld (0x3473),0x00",1
UNI_ASSEMBLES_DIFF,stb_d8,"ld (0x3474),A",1
UNI_ASSEMBLES_DIFF,stdi8,"ld (0x3486),0x00",1
UNI_ASSEMBLES_DIFF,stdi8,"ld (0x3489),0xb6",1
UNI_ASSEMBLES_DIFF,stb_d8,"ld (0x348f),A",1
UNI_ASSEMBLES_DIFF,stb_d8,"ld (0x3490),A",1
UNI_ASSEMBLES_DIFF,stb_d8,"ld (0x3498),A",1
UNI_ASSEMBLES_DIFF,stda16,"ld (0x3498),HL",1
UNI_ASSEMBLES_DIFF,stb_d8,"ld (0x3499),A",1
UNI_ASSEMBLES_DIFF,stda32,"ld (0x349a),XDE",1
UNI_ASSEMBLES_DIFF,stb_d8,"ld (0x349e),A",1
UNI_ASSEMBLES_DIFF,stb_d8,"ld (0x349f),E",1
UNI_ASSEMBLES_DIFF,stb_d8,"ld (0x34a0),E",1
UNI_ASSEMBLES_DIFF,stb_d8,"ld (0x34a1),A",1
UNI_ASSEMBLES_DIFF,stb_d8,"ld (0x34a2),A",1
UNI_ASSEMBLES_DIFF,stdi8,"ld (0x34a4),0x01",1
UNI_ASSEMBLES_DIFF,stdi8,"ld (0x34a4),0x07",1
UNI_ASSEMBLES_DIFF,stdi8,"ld (0x34aa),0x81",1
UNI_ASSEMBLES_DIFF,stdi8,"ld (0x34aa),0xd1",1
UNI_ASSEMBLES_DIFF,stdi8,"ld (0x34aa),0xd2",1
UNI_ASSEMBLES_DIFF,stdi8,"ld (0x34ab),0x00",1
UNI_ASSEMBLES_DIFF,stda32,"ld (0x34ac),XIX",1
UNI_ASSEMBLES_DIFF,stdi8,"ld (0x34ad),0x40",1
UNI_ASSEMBLES_DIFF,stb_d8,"ld (0x34ad),A",1
UNI_ASSEMBLES_DIFF,stdi8,"ld (0x34ae),0x10",1
UNI_ASSEMBLES_DIFF,stb_d8,"ld (0x34ae),A",1
UNI_ASSEMBLES_DIFF,stb_d8,"ld (0x34ae),C",1
UNI_ASSEMBLES_DIFF,stdi8,"ld (0x34af),0x00",1
UNI_ASSEMBLES_DIFF,stb_d8,"ld (0x34af),A",1
UNI_ASSEMBLES_DIFF,stb_d8,"ld (0x34b0),A",1
UNI_ASSEMBLES_DIFF,stda32,"ld (0x34b0),XIX",1
UNI_ASSEMBLES_DIFF,stda32,"ld (0x34b2),XWA",1
UNI_ASSEMBLES_DIFF,stdi8,"ld (0x34b8),0x00",1
UNI_ASSEMBLES_DIFF,stdi8,"ld (0x34ba),0xff",1
UNI_ASSEMBLES_DIFF,stb_d8,"ld (0x34bc),L",1
UNI_ASSEMBLES_DIFF,stda16,"ld (0x34be),WA",1
UNI_ASSEMBLES_DIFF,stda16,"ld (0x34c0),WA",1
UNI_ASSEMBLES_DIFF,stda32,"ld (0x34c0),XHL",1
UNI_ASSEMBLES_DIFF,stda32,"ld (0x34c4),XIY",1
UNI_ASSEMBLES_DIFF,stda32,"ld (0x34c8),XHL",1
UNI_ASSEMBLES_DIFF,stda16,"ld (0x34ce),HL",1
UNI_ASSEMBLES_DIFF,stda16,"ld (0x34ce),WA",1
UNI_ASSEMBLES_DIFF,stda16,"ld (0x34d0),HL",1
UNI_ASSEMBLES_DIFF,stda16,"ld (0x34d2),HL",1
UNI_ASSEMBLES_DIFF,stda16,"ld (0x34d4),HL",1
UNI_ASSEMBLES_DIFF,stda16,"ld (0x34d6),HL",1
UNI_ASSEMBLES_DIFF,stdi8,"ld (0x34d9),0x00",1
UNI_ASSEMBLES_DIFF,stda16,"ld (0x34ea),WA",1
UNI_ASSEMBLES_DIFF,stb_d8,"ld (0x34ec),A",1
UNI_ASSEMBLES_DIFF,stda16,"ld (0x34fa),DE",1
UNI_ASSEMBLES_DIFF,stda16,"ld (0x34fa),IX",1
UNI_ASSEMBLES_DIFF,stda16,"ld (0x34fc),HL",1
UNI_ASSEMBLES_DIFF,stda16,"ld (0x34fe),HL",1
UNI_ASSEMBLES_DIFF,stda16,"ld (0x3500),HL",1
UNI_ASSEMBLES_DIFF,stda16,"ld (0x3502),HL",1
UNI_ASSEMBLES_DIFF,stda16,"ld (0x3506),IY",1
UNI_ASSEMBLES_DIFF,stda16,"ld (0x3508),HL",1
UNI_ASSEMBLES_DIFF,stda16,"ld (0x350a),HL",1
UNI_ASSEMBLES_DIFF,stda16,"ld (0x350c),HL",1
UNI_ASSEMBLES_DIFF,stda16,"ld (0x350e),HL",1
UNI_ASSEMBLES_DIFF,stda16,"ld (0x3510),HL",1
UNI_ASSEMBLES_DIFF,stb_d8,"ld (0x3515),A",1
UNI_ASSEMBLES_DIFF,stda16,"ld (0x3518),WA",1
UNI_ASSEMBLES_DIFF,stda16,"ld (0x352a),HL",1
UNI_ASSEMBLES_DIFF,stda16,"ld (0x352c),HL",1
UNI_ASSEMBLES_DIFF,stda16,"ld (0x352e),HL",1
UNI_ASSEMBLES_DIFF,stda16,"ld (0x3530),HL",1
UNI_ASSEMBLES_DIFF,stda16,"ld (0x3532),HL",1
UNI_ASSEMBLES_DIFF,stb_d8,"ld (0x3534),A",1
UNI_ASSEMBLES_DIFF,stb_d8,"ld (0x3535),A",1
UNI_ASSEMBLES_DIFF,stb_d8,"ld (0x3536),A",1
UNI_ASSEMBLES_DIFF,stb_d8,"ld (0x3537),A",1
UNI_ASSEMBLES_DIFF,stb_d8,"ld (0x3538),A",1
UNI_ASSEMBLES_DIFF,stdi8,"ld (0x3539),0x00",1
UNI_ASSEMBLES_DIFF,stda16,"ld (0x353e),WA",1
UNI_ASSEMBLES_DIFF,stda16,"ld (0x3540),WA",1
UNI_ASSEMBLES_DIFF,stda16,"ld (0x3546),WA",1
UNI_ASSEMBLES_DIFF,stb_d8,"ld (0x354a),A",1
UNI_ASSEMBLES_DIFF,stb_d8,"ld (0x354b),A",1
UNI_ASSEMBLES_DIFF,stdi8,"ld (0x3550),0x00",1
UNI_ASSEMBLES_DIFF,stdi8,"ld (0x3550),0x82",1
UNI_ASSEMBLES_DIFF,stdi8,"ld (0x3552),0x01",1
UNI_ASSEMBLES_DIFF,stda16,"ld (0x3552),DE",1
UNI_ASSEMBLES_DIFF,stdi8,"ld (0x3554),0x00",1
UNI_ASSEMBLES_DIFF,stb_d8,"ld (0x355d),A",1
UNI_ASSEMBLES_DIFF,stb_d8,"ld (0x355e),A",1
UNI_ASSEMBLES_DIFF,stdi8,"ld (0x3562),0x00",1
UNI_ASSEMBLES_DIFF,stb_d8,"ld (0x3562),A",1
UNI_ASSEMBLES_DIFF,stb_d8,"ld (0x3564),A",1
UNI_ASSEMBLES_DIFF,stb_d8,"ld (0x3565),A",1
UNI_ASSEMBLES_DIFF,stda16,"ld (0x3574),WA",1
UNI_ASSEMBLES_DIFF,stda16,"ld (0x35c6),WA",1
UNI_ASSEMBLES_DIFF,stda16,"ld (0x35c8),IY",1
UNI_ASSEMBLES_DIFF,stda16,"ld (0x35ca),IX",1
UNI_ASSEMBLES_DIFF,stda16,"ld (0x35cc),BC",1
UNI_ASSEMBLES_DIFF,stda32,"ld (0x3604),XIX",1
UNI_ASSEMBLES_DIFF,stda32,"ld (0x3604),XWA",1
UNI_ASSEMBLES_DIFF,stdi8,"ld (0x360a),0x00",1
UNI_ASSEMBLES_DIFF,stda16,"ld (0x360c),HL",1
UNI_ASSEMBLES_DIFF,stda16,"ld (0x360e),HL",1
UNI_ASSEMBLES_DIFF,stdi8,"ld (0x3616),0xb0",1
UNI_ASSEMBLES_DIFF,stdi8,"ld (0x3617),0x7f",1
UNI_ASSEMBLES_DIFF,stb_d8,"ld (0x3618),A",1
UNI_ASSEMBLES_DIFF,stdi8,"ld (0x3619),0x04",1
UNI_ASSEMBLES_DIFF,stdi8,"ld (0x361a),0x00",1
UNI_ASSEMBLES_DIFF,stdi8,"ld (0x361b),0x08",1
UNI_ASSEMBLES_DIFF,stb_d8,"ld (0x361c),A",1
UNI_ASSEMBLES_DIFF,stdi8,"ld (0x3626),0x00",1
UNI_ASSEMBLES_DIFF,stdi8,"ld (0x3626),0x01",1
UNI_ASSEMBLES_DIFF,stdi8,"ld (0x3627),0x02",1
UNI_ASSEMBLES_DIFF,stdi8,"ld (0x3627),0x03",1
UNI_ASSEMBLES_DIFF,stdi8,"ld (0x3654),0x03",1
UNI_ASSEMBLES_DIFF,stb_d8,"ld (0x3654),A",1
UNI_ASSEMBLES_DIFF,stdi8,"ld (0x3655),0x00",1
UNI_ASSEMBLES_DIFF,stb_d8,"ld (0x3655),A",1
UNI_ASSEMBLES_DIFF,stb_d8,"ld (0x365b),A",1
UNI_ASSEMBLES_DIFF,stb_d8,"ld (0x365d),A",1
UNI_ASSEMBLES_DIFF,stda16,"ld (0x3668),IX",1
UNI_ASSEMBLES_DIFF,stda16,"ld (0x366a),WA",1
UNI_ASSEMBLES_DIFF,stdi8,"ld (0x3673),0x00",1
UNI_ASSEMBLES_DIFF,stdi8,"ld (0x3673),0x01",1
UNI_ASSEMBLES_DIFF,stb_d8,"ld (0x3675),W",1
UNI_ASSEMBLES_DIFF,stdi8,"ld (0x3678),0x01",1
UNI_ASSEMBLES_DIFF,stdi8,"ld (0x3678),0x0d",1
UNI_ASSEMBLES_DIFF,stb_d8,"ld (0x3678),A",1
UNI_ASSEMBLES_DIFF,stdi8,"ld (0x3679),0x0d",1
UNI_ASSEMBLES_DIFF,stb_d8,"ld (0x3679),A",1
UNI_ASSEMBLES_DIFF,stdi8,"ld (0x367a),0x00",1
UNI_ASSEMBLES_DIFF,stdi8,"ld (0x367a),0x03",1
UNI_ASSEMBLES_DIFF,stb_d8,"ld (0x367b),W",1
UNI_ASSEMBLES_DIFF,stb_d8,"ld (0x367c),E",1
UNI_ASSEMBLES_DIFF,stb_d8,"ld (0x367c),L",1
UNI_ASSEMBLES_DIFF,stb_d8,"ld (0x367d),A",1
UNI_ASSEMBLES_DIFF,stda16,"ld (0x367e),DE",1
UNI_ASSEMBLES_DIFF,stda16,"ld (0x367e),WA",1
UNI_ASSEMBLES_DIFF,stdi8,"ld (0x3684),0x01",1
UNI_ASSEMBLES_DIFF,stdi8,"ld (0x3684),0x02",1
UNI_ASSEMBLES_DIFF,stb_d8,"ld (0x3684),A",1
UNI_ASSEMBLES_DIFF,stb_d8,"ld (0x3684),E",1
UNI_ASSEMBLES_DIFF,stb_d8,"ld (0x3686),A",1
UNI_ASSEMBLES_DIFF,stb_d8,"ld (0x3687),A",1
UNI_ASSEMBLES_DIFF,stdi8,"ld (0x368c),0x01",1
UNI_ASSEMBLES_DIFF,stdi8,"ld (0x368c),0x02",1
UNI_ASSEMBLES_DIFF,stb_d8,"ld (0x368c),A",1
UNI_ASSEMBLES_DIFF,stb_d8,"ld (0x368f),H",1
UNI_ASSEMBLES_DIFF,stdi8,"ld (0x36a2),0x04",1
UNI_ASSEMBLES_DIFF,stda16,"ld (0x36a2),WA",1
UNI_ASSEMBLES_DIFF,stdi8,"ld (0x36a4),0x04",1
UNI_ASSEMBLES_DIFF,stb_d8,"ld (0x36a4),A",1
UNI_ASSEMBLES_DIFF,stda16,"ld (0x36a4),WA",1
UNI_ASSEMBLES_DIFF,stda16,"ld (0x36a6),WA",1
UNI_ASSEMBLES_DIFF,stb_d8,"ld (0x36a7),A",1
UNI_ASSEMBLES_DIFF,stda16,"ld (0x36a8),WA",1
UNI_ASSEMBLES_DIFF,stb_d8,"ld (0x36a9),A",1
UNI_ASSEMBLES_DIFF,stb_d8,"ld (0x36aa),A",1
UNI_ASSEMBLES_DIFF,stda16,"ld (0x36ab),DE",1
UNI_ASSEMBLES_DIFF,stdi8,"ld (0x36ce),0x02",1
UNI_ASSEMBLES_DIFF,stda32,"ld (0x36ce),XHL",1
UNI_ASSEMBLES_DIFF,stda32,"ld (0x36ce),XIZ",1
UNI_ASSEMBLES_DIFF,stda32,"ld (0x36d2),XHL",1
UNI_ASSEMBLES_DIFF,stda16,"ld (0x36d8),WA",1
UNI_ASSEMBLES_DIFF,stda16,"ld (0x36da),IY",1
UNI_ASSEMBLES_DIFF,stda16,"ld (0x36dc),WA",1
UNI_ASSEMBLES_DIFF,stda16,"ld (0x36de),WA",1
UNI_ASSEMBLES_DIFF,stdi8,"ld (0x36e8),0x81",1
UNI_ASSEMBLES_DIFF,stb_d8,"ld (0x36e8),A",1
UNI_ASSEMBLES_DIFF,stdi8,"ld (0x36f0),0x01",1
UNI_ASSEMBLES_DIFF,stdi8,"ld (0x36f0),0x04",1
UNI_ASSEMBLES_DIFF,stb_d8,"ld (0x36f0),W",1
UNI_ASSEMBLES_DIFF,stda16,"ld (0x36f2),BC",1
UNI_ASSEMBLES_DIFF,stda16,"ld (0x36f2),IX",1
UNI_ASSEMBLES_DIFF,stda16,"ld (0x36f4),IX",1
UNI_ASSEMBLES_DIFF,stda16,"ld (0x36f6),WA",1
UNI_ASSEMBLES_DIFF,stda16,"ld (0x36fa),IX",1
UNI_ASSEMBLES_DIFF,stda16,"ld (0x36fc),IX",1
UNI_ASSEMBLES_DIFF,stdi8,"ld (0x36fe),0xff",1
UNI_ASSEMBLES_DIFF,stdi8,"ld (0x36ff),0x20",1
UNI_ASSEMBLES_DIFF,stb_d8,"ld (0x3700),E",1
UNI_ASSEMBLES_DIFF,stb_d8,"ld (0x372b),A",1
UNI_ASSEMBLES_DIFF,stdi8,"ld (0x372c),0x00",1
UNI_ASSEMBLES_DIFF,stdi8,"ld (0x372c),0x7f",1
UNI_ASSEMBLES_DIFF,stb_d8,"ld (0x372c),A",1
UNI_ASSEMBLES_DIFF,stb_d8,"ld (0x372c),B",1
UNI_ASSEMBLES_DIFF,stb_d8,"ld (0x372c),W",1
UNI_ASSEMBLES_DIFF,stdi8,"ld (0x372d),0x02",1
UNI_ASSEMBLES_DIFF,stdi8,"ld (0x372d),0x04",1
UNI_ASSEMBLES_DIFF,stb_d8,"ld (0x372d),L",1
UNI_ASSEMBLES_DIFF,stda16,"ld (0x373c),DE",1
UNI_ASSEMBLES_DIFF,stb_d8,"ld (0x374c),L",1
UNI_ASSEMBLES_DIFF,stb_d8,"ld (0x374d),A",1
UNI_ASSEMBLES_DIFF,stb_d8,"ld (0x374e),A",1
UNI_ASSEMBLES_DIFF,stb_d8,"ld (0x374f),A",1
UNI_ASSEMBLES_DIFF,stdi8,"ld (0x386c),0x0b",1
UNI_ASSEMBLES_DIFF,stdi8,"ld (0x386c),0xff",1
UNI_ASSEMBLES_DIFF,stb_d8,"ld (0x386c),C",1
UNI_ASSEMBLES_DIFF,stb_d8,"ld (0x386d),A",1
UNI_ASSEMBLES_DIFF,stb_d8,"ld (0x386d),C",1
UNI_ASSEMBLES_DIFF,stdi8,"ld (0x386e),0x00",1
UNI_ASSEMBLES_DIFF,stda32,"ld (0x3882),XIY",1
UNI_ASSEMBLES_DIFF,stda32,"ld (0x3886),XIY",1
UNI_ASSEMBLES_DIFF,stda16,"ld (0x388b),WA",1
UNI_ASSEMBLES_DIFF,stda16,"ld (0x388d),WA",1
UNI_ASSEMBLES_DIFF,stda16,"ld (0x388f),WA",1
UNI_ASSEMBLES_DIFF,stda16,"ld (0x3891),WA",1
UNI_ASSEMBLES_DIFF,stdi8,"ld (0x38b4),0x00",1
UNI_ASSEMBLES_DIFF,stdi8,"ld (0x38b4),0x80",1
UNI_ASSEMBLES_DIFF,stdi8,"ld (0x38b4),0x83",1
UNI_ASSEMBLES_DIFF,stda16,"ld (0x38ca),WA",1
UNI_ASSEMBLES_DIFF,stda16,"ld (0x38cc),WA",1
UNI_ASSEMBLES_DIFF,stda16,"ld (0x38ce),WA",1
UNI_ASSEMBLES_DIFF,stda16,"ld (0x38d0),WA",1
UNI_ASSEMBLES_DIFF,stda16,"ld (0x38d2),WA",1
UNI_ASSEMBLES_DIFF,stda16,"ld (0x38d6),HL",1
UNI_ASSEMBLES_DIFF,stda16,"ld (0x38dc),HL",1
UNI_ASSEMBLES_DIFF,stda16,"ld (0x38e0),WA",1
UNI_ASSEMBLES_DIFF,stda16,"ld (0x38e2),IY",1
UNI_ASSEMBLES_DIFF,stda16,"ld (0x38e2),WA",1
UNI_ASSEMBLES_DIFF,stda16,"ld (0x38e4),BC",1
UNI_ASSEMBLES_DIFF,stda16,"ld (0x38e4),WA",1
UNI_ASSEMBLES_DIFF,stda16,"ld (0x38e6),IY",1
UNI_ASSEMBLES_DIFF,stda16,"ld (0x38e6),WA",1
UNI_ASSEMBLES_DIFF,stda16,"ld (0x38e8),WA",1
UNI_ASSEMBLES_DIFF,stb_d8,"ld (0x38ec),L",1
UNI_ASSEMBLES_DIFF,stb_d8,"ld (0x38f4),A",1
UNI_ASSEMBLES_DIFF,stdi8,"ld (0x38fa),0x00",1
UNI_ASSEMBLES_DIFF,stb_d8,"ld (0x38fa),A",1
UNI_ASSEMBLES_DIFF,stdi8,"ld (0x38fc),0x81",1
UNI_ASSEMBLES_DIFF,stdi8,"ld (0x38fc),0x83",1
UNI_ASSEMBLES_DIFF,stb_d8,"ld (0x390f),L",1
UNI_ASSEMBLES_DIFF,stda32,"ld (0x3912),XHL",1
UNI_ASSEMBLES_DIFF,stda32,"ld (0x3912),XIZ",1
UNI_ASSEMBLES_DIFF,stdi8,"ld (0x391a),0x00",1
UNI_ASSEMBLES_DIFF,stdi8,"ld (0x391c),0x00",1
UNI_ASSEMBLES_DIFF,stdi8,"ld (0x391c),0x01",1
UNI_ASSEMBLES_DIFF,stdi8,"ld (0x391c),0x02",1
UNI_ASSEMBLES_DIFF,stdi8,"ld (0x391c),0x03",1
UNI_ASSEMBLES_DIFF,stdi8,"ld (0x391c),0x04",1
UNI_ASSEMBLES_DIFF,stdi8,"ld (0x391c),0x05",1
UNI_ASSEMBLES_DIFF,stdi8,"ld (0x391c),0x06",1
UNI_ASSEMBLES_DIFF,stb_d8,"ld (0x391c),W",1
UNI_ASSEMBLES_DIFF,stdi8,"ld (0x391e),0x01",1
UNI_ASSEMBLES_DIFF,stda16,"ld (0x3928),BC",1
UNI_ASSEMBLES_DIFF,stda16,"ld (0x392a),BC",1
UNI_ASSEMBLES_DIFF,stda16,"ld (0x392c),BC",1
UNI_ASSEMBLES_DIFF,stda16,"ld (0x392e),BC",1
UNI_ASSEMBLES_DIFF,stdi8,"ld (0x394b),0x00",1
UNI_ASSEMBLES_DIFF,stb_d8,"ld (0x39b2),A",1
UNI_ASSEMBLES_DIFF,stdi8,"ld (0x39db),0x03",1
UNI_ASSEMBLES_DIFF,stdi8,"ld (0x39dc),0xff",1
UNI_ASSEMBLES_DIFF,stdi8,"ld (0x39de),0xff",1
UNI_ASSEMBLES_DIFF,stdi8,"ld (0x39e2),0x00",1
UNI_ASSEMBLES_DIFF,stb_d8,"ld (0x3b13),C",1
UNI_ASSEMBLES_DIFF,stda16,"ld (0x3b2a),WA",1
UNI_ASSEMBLES_DIFF,stda16,"ld (0x3b60),WA",1
UNI_ASSEMBLES_DIFF,stda16,"ld (0x3b62),WA",1
UNI_ASSEMBLES_DIFF,stda16,"ld (0x3c68),DE",1
UNI_ASSEMBLES_DIFF,stda16,"ld (0x3c68),HL",1
UNI_ASSEMBLES_DIFF,stda16,"ld (0x3c68),IX",1
UNI_ASSEMBLES_DIFF,stdi8,"ld (0x3c6a),0x00",1
UNI_ASSEMBLES_DIFF,stdi8,"ld (0x3c6a),0x01",1
UNI_ASSEMBLES_DIFF,stdi8,"ld (0x3c6a),0x02",1
UNI_ASSEMBLES_DIFF,stdi8,"ld (0x3c6a),0x03",1
UNI_ASSEMBLES_DIFF,stdi8,"ld (0x3c6a),0x04",1
UNI_ASSEMBLES_DIFF,stdi8,"ld (0x3c6a),0x05",1
UNI_ASSEMBLES_DIFF,stdi8,"ld (0x3c6a),0x06",1
UNI_ASSEMBLES_DIFF,stda32,"ld (0x3cbc),XWA",1
UNI_ASSEMBLES_DIFF,stda32,"ld (0x3cc0),XBC",1
UNI_ASSEMBLES_DIFF,stb_d8,"ld (0x4100),B",1
UNI_ASSEMBLES_DIFF,stb_d8,"ld (0x4100),E",1
UNI_ASSEMBLES_DIFF,stda16,"ld (0x4366),WA",1
UNI_ASSEMBLES_DIFF,stb_d8,"ld (0x4368),A",1
UNI_ASSEMBLES_DIFF,stb_d8,"ld (0x4369),L",1
UNI_ASSEMBLES_DIFF,stb_d8,"ld (0x436a),L",1
UNI_ASSEMBLES_DIFF,stb_d8,"ld (0x436b),L",1
UNI_ASSEMBLES_DIFF,stb_d8,"ld (0x436c),L",1
UNI_ASSEMBLES_DIFF,stb_d8,"ld (0x436d),L",1
UNI_ASSEMBLES_DIFF,stb_d8,"ld (0x436e),L",1
UNI_ASSEMBLES_DIFF,stb_d8,"ld (0x436f),L",1
UNI_ASSEMBLES_DIFF,stda16,"ld (0x4488),WA",1
UNI_ASSEMBLES_DIFF,stda16,"ld (0x4504),WA",1
UNI_ASSEMBLES_DIFF,stda16,"ld (0x453c),WA",1
UNI_ASSEMBLES_DIFF,stda16,"ld (0x4574),WA",1
UNI_ASSEMBLES_DIFF,stda16,"ld (0x45ac),WA",1
UNI_ASSEMBLES_DIFF,stda16,"ld (0x45b0),WA",1
UNI_ASSEMBLES_DIFF,stda16,"ld (0x45b2),WA",1
UNI_ASSEMBLES_DIFF,stda16,"ld (0x45b4),WA",1
UNI_ASSEMBLES_DIFF,stda16,"ld (0x45b6),WA",1
UNI_ASSEMBLES_DIFF,stda16,"ld (0x45b8),WA",1
UNI_ASSEMBLES_DIFF,stda16,"ld (0x45ba),BC",1
UNI_ASSEMBLES_DIFF,stda32,"ld (0x46ec),XWA",1
UNI_ASSEMBLES_DIFF,stda32,"ld (0x46f0),XWA",1
UNI_ASSEMBLES_DIFF,stda32,"ld (0x47ec),XBC",1
UNI_ASSEMBLES_DIFF,stdi8,"ld (0x483a),0x00",1
UNI_ASSEMBLES_DIFF,stda32,"ld (0x4a3e),XDE",1
UNI_ASSEMBLES_DIFF,stdi8,"ld (0x4a48),0x06",1
UNI_ASSEMBLES_DIFF,stdi8,"ld (0x4a4a),0x01",1
UNI_ASSEMBLES_DIFF,stb_d8,"ld (0x4b00),E",1
UNI_ASSEMBLES_DIFF,st_dd8b,"ld (0x50),A",1
UNI_ASSEMBLES_DIFF,st_dd8b,"ld (0x53),C",1
UNI_ASSEMBLES_DIFF,stb_d8,"ld (0x5500),E",1
UNI_ASSEMBLES_DIFF,stda32,"ld (0x5540),XDE",1
UNI_ASSEMBLES_DIFF,stda32,"ld (0x5540),XWA",1
UNI_ASSEMBLES_DIFF,stdi8,"ld (0x5901),0x65",1
UNI_ASSEMBLES_DIFF,stdi8,"ld (0x76a8),0x7f",1
UNI_ASSEMBLES_DIFF,stb_d8,"ld (0x76a8),A",1
UNI_ASSEMBLES_DIFF,stb_d8,"ld (0x76a8),H",1
UNI_ASSEMBLES_DIFF,stdi8,"ld (0x76c5),0x01",1
UNI_ASSEMBLES_DIFF,stb_d8,"ld (0x76c5),A",1
UNI_ASSEMBLES_DIFF,stb_d8,"ld (0x76c5),E",1
UNI_ASSEMBLES_DIFF,stdi8,"ld (0x76c6),0x00",1
UNI_ASSEMBLES_DIFF,stb_d8,"ld (0x76c6),D",1
UNI_ASSEMBLES_DIFF,stb_d8,"ld (0x76c9),A",1
UNI_ASSEMBLES_DIFF,stb_d8,"ld (0x76ca),A",1
UNI_ASSEMBLES_DIFF,stb_d8,"ld (0x76e7),A",1
UNI_ASSEMBLES_DIFF,stb_d8,"ld (0x76e8),A",1
UNI_ASSEMBLES_DIFF,stb_d8,"ld (0x76e9),A",1
UNI_ASSEMBLES_DIFF,stb_d8,"ld (0x7705),A",1
UNI_ASSEMBLES_DIFF,stb_d8,"ld (0x7709),W",1
UNI_ASSEMBLES_DIFF,stb_d8,"ld (0x770a),W",1
UNI_ASSEMBLES_DIFF,stb_d8,"ld (0x7727),A",1
UNI_ASSEMBLES_DIFF,stb_d8,"ld (0x7728),A",1
UNI_ASSEMBLES_DIFF,stb_d8,"ld (0x7729),A",1
UNI_ASSEMBLES_DIFF,stb_d8,"ld (0x7745),A",1
UNI_ASSEMBLES_DIFF,stb_d8,"ld (0x7746),A",1
UNI_ASSEMBLES_DIFF,stb_d8,"ld (0x7749),W",1
UNI_ASSEMBLES_DIFF,stb_d8,"ld (0x774a),W",1
UNI_ASSEMBLES_DIFF,stb_d8,"ld (0x7767),A",1
UNI_ASSEMBLES_DIFF,stb_d8,"ld (0x7768),A",1
UNI_ASSEMBLES_DIFF,stb_d8,"ld (0x7769),A",1
UNI_ASSEMBLES_DIFF,stb_d8,"ld (0x7785),A",1
UNI_ASSEMBLES_DIFF,stb_d8,"ld (0x7786),A",1
UNI_ASSEMBLES_DIFF,stb_d8,"ld (0x7789),W",1
UNI_ASSEMBLES_DIFF,stb_d8,"ld (0x778a),W",1
UNI_ASSEMBLES_DIFF,stb_d8,"ld (0x77a7),A",1
UNI_ASSEMBLES_DIFF,stb_d8,"ld (0x77a8),A",1
UNI_ASSEMBLES_DIFF,stb_d8,"ld (0x77a9),A",1
UNI_ASSEMBLES_DIFF,stb_d8,"ld (0x77c5),A",1
UNI_ASSEMBLES_DIFF,stb_d8,"ld (0x77c6),A",1
UNI_ASSEMBLES_DIFF,stb_d8,"ld (0x77c9),W",1
UNI_ASSEMBLES_DIFF,stb_d8,"ld (0x77ca),W",1
UNI_ASSEMBLES_DIFF,stb_d8,"ld (0x77e7),A",1
UNI_ASSEMBLES_DIFF,stb_d8,"ld (0x77e8),A",1
UNI_ASSEMBLES_DIFF,stb_d8,"ld (0x77e9),A",1
UNI_ASSEMBLES_DIFF,stb_d8,"ld (0x7805),A",1
UNI_ASSEMBLES_DIFF,stb_d8,"ld (0x7806),A",1
UNI_ASSEMBLES_DIFF,stb_d8,"ld (0x7809),W",1
UNI_ASSEMBLES_DIFF,stb_d8,"ld (0x780a),W",1
UNI_ASSEMBLES_DIFF,stb_d8,"ld (0x7827),A",1
UNI_ASSEMBLES_DIFF,stb_d8,"ld (0x7828),A",1
UNI_ASSEMBLES_DIFF,stb_d8,"ld (0x7829),A",1
UNI_ASSEMBLES_DIFF,stb_d8,"ld (0x7845),A",1
UNI_ASSEMBLES_DIFF,stb_d8,"ld (0x7846),A",1
UNI_ASSEMBLES_DIFF,stb_d8,"ld (0x7849),W",1
UNI_ASSEMBLES_DIFF,stb_d8,"ld (0x784a),W",1
UNI_ASSEMBLES_DIFF,stb_d8,"ld (0x7867),A",1
UNI_ASSEMBLES_DIFF,stb_d8,"ld (0x7868),A",1
UNI_ASSEMBLES_DIFF,stb_d8,"ld (0x7869),A",1
UNI_ASSEMBLES_DIFF,stb_d8,"ld (0x7885),A",1
UNI_ASSEMBLES_DIFF,stb_d8,"ld (0x7886),A",1
UNI_ASSEMBLES_DIFF,stb_d8,"ld (0x7889),W",1
UNI_ASSEMBLES_DIFF,stb_d8,"ld (0x788a),W",1
UNI_ASSEMBLES_DIFF,stb_d8,"ld (0x78b2),A",1
UNI_ASSEMBLES_DIFF,stb_d8,"ld (0x78b3),A",1
UNI_ASSEMBLES_DIFF,stb_d8,"ld (0x78b3),C",1
UNI_ASSEMBLES_DIFF,stda32,"ld (0x78b3),XWA",1
UNI_ASSEMBLES_DIFF,stb_d8,"ld (0x78b4),A",1
UNI_ASSEMBLES_DIFF,stb_d8,"ld (0x78b4),C",1
UNI_ASSEMBLES_DIFF,stb_d8,"ld (0x78b5),A",1
UNI_ASSEMBLES_DIFF,stb_d8,"ld (0x78b5),C",1
UNI_ASSEMBLES_DIFF,stb_d8,"ld (0x78b6),A",1
UNI_ASSEMBLES_DIFF,stb_d8,"ld (0x78b6),C",1
UNI_ASSEMBLES_DIFF,stdi8,"ld (0x7d61),0x5f",1
UNI_ASSEMBLES_DIFF,stb_d8,"ld (0x7d61),A",1
UNI_ASSEMBLES_DIFF,stdi8,"ld (0x7d6a),0x10",1
UNI_ASSEMBLES_DIFF,stb_d8,"ld (0x7d6c),A",1
UNI_ASSEMBLES_DIFF,stb_d8,"ld (0x7d6d),A",1
UNI_ASSEMBLES_DIFF,stdi8,"ld (0x7d72),0x02",1
UNI_ASSEMBLES_DIFF,stdi8,"ld (0x7d72),0x04",1
UNI_ASSEMBLES_DIFF,stdi8,"ld (0x7d72),0x05",1
UNI_ASSEMBLES_DIFF,stdi8,"ld (0x7d72),0x07",1
UNI_ASSEMBLES_DIFF,stda16,"ld (0x7d75),IX",1
UNI_ASSEMBLES_DIFF,stda16,"ld (0x7d7c),WA",1
UNI_ASSEMBLES_DIFF,stda16,"ld (0x7d7e),WA",1
UNI_ASSEMBLES_DIFF,stb_d8,"ld (0x7d83),A",1
UNI_ASSEMBLES_DIFF,stda16,"ld (0x7d84),WA",1
UNI_ASSEMBLES_DIFF,stb_d8,"ld (0x7d86),A",1
UNI_ASSEMBLES_DIFF,stb_d8,"ld (0x7d87),A",1
UNI_ASSEMBLES_DIFF,stb_d8,"ld (0x7d8b),A",1
UNI_ASSEMBLES_DIFF,stda16,"ld (0x7d9c),WA",1
UNI_ASSEMBLES_DIFF,stda16,"ld (0x7d9e),WA",1
UNI_ASSEMBLES_DIFF,stda16,"ld (0x7da6),HL",1
UNI_ASSEMBLES_DIFF,stda16,"ld (0x7db4),WA",1
UNI_ASSEMBLES_DIFF,stdi8,"ld (0x7db6),0x00",1
UNI_ASSEMBLES_DIFF,stdi8,"ld (0x7db6),0x01",1
UNI_ASSEMBLES_DIFF,stb_d8,"ld (0x7dba),E",1
UNI_ASSEMBLES_DIFF,stb_d8,"ld (0x7dbc),A",1
UNI_ASSEMBLES_DIFF,stb_d8,"ld (0x7dbd),A",1
UNI_ASSEMBLES_DIFF,stb_d8,"ld (0x7dbe),A",1
UNI_ASSEMBLES_DIFF,stb_d8,"ld (0x7dbf),A",1
UNI_ASSEMBLES_DIFF,stb_d8,"ld (0x7dc4),L",1
UNI_ASSEMBLES_DIFF,stb_d8,"ld (0x7dc5),H",1
UNI_ASSEMBLES_DIFF,stb_d8,"ld (0x7dc6),W",1
UNI_ASSEMBLES_DIFF,stb_d8,"ld (0x7dd2),A",1
UNI_ASSEMBLES_DIFF,stb_d8,"ld (0x7dd3),A",1
UNI_ASSEMBLES_DIFF,stda16,"ld (0x7dd4),WA",1
UNI_ASSEMBLES_DIFF,stdi8,"ld (0x7e6f),0x01",1
UNI_ASSEMBLES_DIFF,stdi8,"ld (0x7e6f),0x02",1
UNI_ASSEMBLES_DIFF,stda16,"ld (0x7e72),HL",1
UNI_ASSEMBLES_DIFF,stb_d8,"ld (0x7e78),L",1
UNI_ASSEMBLES_DIFF,stb_d8,"ld (0x7e7a),A",1
UNI_ASSEMBLES_DIFF,stb_d8,"ld (0x7e7a),W",1
UNI_ASSEMBLES_DIFF,stda16,"ld (0x7e7c),WA",1
UNI_ASSEMBLES_DIFF,stda16,"ld (0x7e7e),WA",1
UNI_ASSEMBLES_DIFF,stda16,"ld (0x7e80),WA",1
UNI_ASSEMBLES_DIFF,stda16,"ld (0x7e82),WA",1
UNI_ASSEMBLES_DIFF,stda16,"ld (0x7e84),WA",1
UNI_ASSEMBLES_DIFF,stda16,"ld (0x7e86),WA",1
UNI_ASSEMBLES_DIFF,stda16,"ld (0x7e88),WA",1
UNI_ASSEMBLES_DIFF,stda16,"ld (0x7e8a),WA",1
UNI_ASSEMBLES_DIFF,stda16,"ld (0x7e8c),WA",1
UNI_ASSEMBLES_DIFF,stda16,"ld (0x7e8e),WA",1
UNI_ASSEMBLES_DIFF,stda16,"ld (0x7e90),WA",1
UNI_ASSEMBLES_DIFF,stda16,"ld (0x7e92),WA",1
UNI_ASSEMBLES_DIFF,stda16,"ld (0x7e94),WA",1
UNI_ASSEMBLES_DIFF,stda16,"ld (0x7e96),WA",1
UNI_ASSEMBLES_DIFF,stdi8,"ld (0x7e98),0x00",1
UNI_ASSEMBLES_DIFF,stb_d8,"ld (0x7e98),A",1
UNI_ASSEMBLES_DIFF,stdi8,"ld (0x7ea1),0x00",1
UNI_ASSEMBLES_DIFF,stb_d8,"ld (0x7ea2),L",1
UNI_ASSEMBLES_DIFF,stb_d8,"ld (0x7ea3),A",1
UNI_ASSEMBLES_DIFF,stdi8,"ld (0x7ea4),0x00",1
UNI_ASSEMBLES_DIFF,stdi8,"ld (0x7ea4),0x01",1
UNI_ASSEMBLES_DIFF,stdi8,"ld (0x7ea6),0x03",1
UNI_ASSEMBLES_DIFF,stdi8,"ld (0x7ea6),0x0a",1
UNI_ASSEMBLES_DIFF,stdi8,"ld (0x7ea6),0x19",1
UNI_ASSEMBLES_DIFF,stdi8,"ld (0x7ea6),0x1a",1
UNI_ASSEMBLES_DIFF,stdi8,"ld (0x7ea6),0x24",1
UNI_ASSEMBLES_DIFF,stdi8,"ld (0x7ea6),0x39",1
UNI_ASSEMBLES_DIFF,stdi8,"ld (0x7ea6),0x46",1
UNI_ASSEMBLES_DIFF,stdi8,"ld (0x7ea6),0x49",1
UNI_ASSEMBLES_DIFF,stda32,"ld (0x7ea8),XWA",1
UNI_ASSEMBLES_DIFF,stda32,"ld (0x7ec4),XIZ",1
UNI_ASSEMBLES_DIFF,stda16,"ld (0x7ec8),HL",1
UNI_ASSEMBLES_DIFF,stda16,"ld (0x7eca),DE",1
UNI_ASSEMBLES_DIFF,stdi8,"ld (0x7ecc),0x02",1
UNI_ASSEMBLES_DIFF,stdi8,"ld (0x7ecc),0x03",1
UNI_ASSEMBLES_DIFF,stb_d8,"ld (0x7ecc),A",1
UNI_ASSEMBLES_DIFF,stdi8,"ld (0x7ed0),0x01",1
UNI_ASSEMBLES_DIFF,stda32,"ld (0x7ed6),XBC",1
UNI_ASSEMBLES_DIFF,stda32,"ld (0x7eda),XBC",1
UNI_ASSEMBLES_DIFF,stda32,"ld (0x7eda),XWA",1
UNI_ASSEMBLES_DIFF,stda16,"ld (0x7ede),HL",1
UNI_ASSEMBLES_DIFF,stda32,"ld (0x7ee0),XDE",1
UNI_ASSEMBLES_DIFF,stb_d8,"ld (0x7ee2),C",1
UNI_ASSEMBLES_DIFF,stb_d8,"ld (0x7ee3),C",1
UNI_ASSEMBLES_DIFF,stda16,"ld (0x7ee4),HL",1
UNI_ASSEMBLES_DIFF,stda16,"ld (0x7ee4),WA",1
UNI_ASSEMBLES_DIFF,stda32,"ld (0x7ee6),XWA",1
UNI_ASSEMBLES_DIFF,stb_d8,"ld (0x7f05),E",1
UNI_ASSEMBLES_DIFF,stb_d8,"ld (0x7f08),A",1
UNI_ASSEMBLES_DIFF,stb_d8,"ld (0x7f09),A",1
UNI_ASSEMBLES_DIFF,stb_d8,"ld (0x7f0a),A",1
UNI_ASSEMBLES_DIFF,stb_d8,"ld (0x7f32),A",1
UNI_ASSEMBLES_DIFF,stb_d8,"ld (0x7f4a),A",1
UNI_ASSEMBLES_DIFF,stb_d8,"ld (0x7f4c),A",1
UNI_ASSEMBLES_DIFF,stb_d8,"ld (0x7f4d),A",1
UNI_ASSEMBLES_DIFF,stb_d8,"ld (0x7f4e),A",1
UNI_ASSEMBLES_DIFF,stda32,"ld (0x7f6a),XWA",1
UNI_ASSEMBLES_DIFF,stb_d8,"ld (0x7fc0),H",1
UNI_ASSEMBLES_DIFF,stdi8,"ld (0x7fc1),0x00",1
UNI_ASSEMBLES_DIFF,stb_d8,"ld (0x7fc7),A",1
UNI_ASSEMBLES_DIFF,stda16,"ld (0x7fca),WA",1
UNI_ASSEMBLES_DIFF,stdi8,"ld (0x7fd1),0x00",1
UNI_ASSEMBLES_DIFF,stda16,"ld (0x7fd2),WA",1
UNI_ASSEMBLES_DIFF,stda16,"ld (0x7fd4),WA",1
UNI_ASSEMBLES_DIFF,stb_d8,"ld (0x7fd7),C",1
UNI_ASSEMBLES_DIFF,stda32,"ld (0x7ff0),XWA",1
UNI_ASSEMBLES_DIFF,stda32,"ld (0x7ff4),XDE",1
UNI_ASSEMBLES_DIFF,st_dd8l,"ld (0x80),XWA",1
UNI_ASSEMBLES_DIFF,stda32,"ld (0x8078),XDE",1
UNI_ASSEMBLES_DIFF,stda32,"ld (0x80fc),XDE",1
UNI_ASSEMBLES_DIFF,stda32,"ld (0x8100),XDE",1
UNI_ASSEMBLES_DIFF,stda32,"ld (0x8104),XBC",1
UNI_ASSEMBLES_DIFF,stda32,"ld (0x8108),XBC",1
UNI_ASSEMBLES_DIFF,stda32,"ld (0x8108),XWA",1
UNI_ASSEMBLES_DIFF,stda32,"ld (0x810c),XBC",1
UNI_ASSEMBLES_DIFF,stda32,"ld (0x810c),XWA",1
UNI_ASSEMBLES_DIFF,stda16,"ld (0x8110),IX",1
UNI_ASSEMBLES_DIFF,stda16,"ld (0x8112),IZ",1
UNI_ASSEMBLES_DIFF,stda32,"ld (0x8114),XWA",1
UNI_ASSEMBLES_DIFF,stda16,"ld (0x8118),BC",1
UNI_ASSEMBLES_DIFF,stda32,"ld (0x811a),XDE",1
UNI_ASSEMBLES_DIFF,stda32,"ld (0x811e),XDE",1
UNI_ASSEMBLES_DIFF,stda32,"ld (0x8122),XDE",1
UNI_ASSEMBLES_DIFF,stda32,"ld (0x8126),XDE",1
UNI_ASSEMBLES_DIFF,stda32,"ld (0x812a),XDE",1
UNI_ASSEMBLES_DIFF,stdi8,"ld (0x8134),0x01",1
UNI_ASSEMBLES_DIFF,stdi8,"ld (0x813a),0x00",1
UNI_ASSEMBLES_DIFF,stdi8,"ld (0x8142),0x01",1
UNI_ASSEMBLES_DIFF,stda32,"ld (0x8144),XWA",1
UNI_ASSEMBLES_DIFF,stda32,"ld (0x8154),XWA",1
UNI_ASSEMBLES_DIFF,stda32,"ld (0x8158),XWA",1
UNI_ASSEMBLES_DIFF,stda32,"ld (0x815c),XWA",1
UNI_ASSEMBLES_DIFF,stda32,"ld (0x8160),XDE",1
UNI_ASSEMBLES_DIFF,stda16,"ld (0x8164),HL",1
UNI_ASSEMBLES_DIFF,stda16,"ld (0x8164),WA",1
UNI_ASSEMBLES_DIFF,stda32,"ld (0x8238),XDE",1
UNI_ASSEMBLES_DIFF,stda16,"ld (0x823c),DE",1
UNI_ASSEMBLES_DIFF,stda16,"ld (0x823c),WA",1
UNI_ASSEMBLES_DIFF,stda32,"ld (0x823e),XWA",1
UNI_ASSEMBLES_DIFF,stda32,"ld (0x8296),XDE",1
UNI_ASSEMBLES_DIFF,stda32,"ld (0x82ea),XDE",1
UNI_ASSEMBLES_DIFF,stda32,"ld (0x833e),XWA",1
UNI_ASSEMBLES_DIFF,stda16,"ld (0x8342),DE",1
UNI_ASSEMBLES_DIFF,stda16,"ld (0x8342),HL",1
UNI_ASSEMBLES_DIFF,stda32,"ld (0x8394),XWA",1
UNI_ASSEMBLES_DIFF,stda16,"ld (0x839c),BC",1
UNI_ASSEMBLES_DIFF,stb_d8,"ld (0x839e),A",1
UNI_ASSEMBLES_DIFF,stda32,"ld (0x83a2),XDE",1
UNI_ASSEMBLES_DIFF,stda16,"ld (0x83a6),BC",1
UNI_ASSEMBLES_DIFF,stda16,"ld (0x83a6),DE",1
UNI_ASSEMBLES_DIFF,stda16,"ld (0x83a6),HL",1
UNI_ASSEMBLES_DIFF,stda16,"ld (0x83a6),WA",1
UNI_ASSEMBLES_DIFF,stda32,"ld (0x83f8),XWA",1
UNI_ASSEMBLES_DIFF,stda16,"ld (0x8400),BC",1
UNI_ASSEMBLES_DIFF,stda32,"ld (0x8402),XDE",1
UNI_ASSEMBLES_DIFF,stda16,"ld (0x8406),BC",1
UNI_ASSEMBLES_DIFF,stda16,"ld (0x8406),DE",1
UNI_ASSEMBLES_DIFF,stda16,"ld (0x8406),HL",1
UNI_ASSEMBLES_DIFF,stda16,"ld (0x8406),WA",1
UNI_ASSEMBLES_DIFF,stda32,"ld (0x8458),XWA",1
UNI_ASSEMBLES_DIFF,stda16,"ld (0x8460),BC",1
UNI_ASSEMBLES_DIFF,stdi8,"ld (0x8462),0x02",1
UNI_ASSEMBLES_DIFF,stda16,"ld (0x846c),HL",1
UNI_ASSEMBLES_DIFF,st_dd8b,"ld (0x86),A",1
UNI_ASSEMBLES_DIFF,stdi8,"ld (0x8772),0x00",1
UNI_ASSEMBLES_DIFF,stdi8,"ld (0x87b4),0x00",1
UNI_ASSEMBLES_DIFF,st_dd8b,"ld (0x88),A",1
UNI_ASSEMBLES_DIFF,stdi8,"ld (0x8802),0x01",1
UNI_ASSEMBLES_DIFF,stdi8,"ld (0x88a2),0x00",1
UNI_ASSEMBLES_DIFF,stdi8,"ld (0x88a2),0x01",1
UNI_ASSEMBLES_DIFF,stdi8,"ld (0x88a4),0x00",1
UNI_ASSEMBLES_DIFF,stdi8,"ld (0x88a4),0x01",1
UNI_ASSEMBLES_DIFF,stdi8,"ld (0x88a6),0x00",1
UNI_ASSEMBLES_DIFF,stdi8,"ld (0x88a6),0x01",1
UNI_ASSEMBLES_DIFF,stdi8,"ld (0x88a8),0x00",1
UNI_ASSEMBLES_DIFF,stdi8,"ld (0x88a8),0x01",1
UNI_ASSEMBLES_DIFF,stb_d8,"ld (0x88a8),A",1
UNI_ASSEMBLES_DIFF,stdi8,"ld (0x88aa),0x00",1
UNI_ASSEMBLES_DIFF,stb_d8,"ld (0x88aa),C",1
UNI_ASSEMBLES_DIFF,stdi8,"ld (0x88ae),0x00",1
UNI_ASSEMBLES_DIFF,stdi8,"ld (0x88ae),0x01",1
UNI_ASSEMBLES_DIFF,stdi8,"ld (0x88b0),0x00",1
UNI_ASSEMBLES_DIFF,stdi8,"ld (0x88b0),0x01",1
UNI_ASSEMBLES_DIFF,stb_d8,"ld (0x895c),L",1
UNI_ASSEMBLES_DIFF,stdi8,"ld (0x8960),0x00",1
UNI_ASSEMBLES_DIFF,stb_d8,"ld (0x8960),A",1
UNI_ASSEMBLES_DIFF,stb_d8,"ld (0x8960),W",1
UNI_ASSEMBLES_DIFF,stb_d8,"ld (0x8962),A",1
UNI_ASSEMBLES_DIFF,stdi8,"ld (0x8964),0x00",1
UNI_ASSEMBLES_DIFF,stb_d8,"ld (0x8964),A",1
UNI_ASSEMBLES_DIFF,stb_d8,"ld (0x8964),E",1
UNI_ASSEMBLES_DIFF,stb_d8,"ld (0x8964),W",1
UNI_ASSEMBLES_DIFF,stdi8,"ld (0x8966),0x00",1
UNI_ASSEMBLES_DIFF,stb_d8,"ld (0x8966),A",1
UNI_ASSEMBLES_DIFF,stdi8,"ld (0x8968),0x00",1
UNI_ASSEMBLES_DIFF,stb_d8,"ld (0x8968),A",1
UNI_ASSEMBLES_DIFF,stb_d8,"ld (0x8968),C",1
UNI_ASSEMBLES_DIFF,stb_d8,"ld (0x896a),A",1
UNI_ASSEMBLES_DIFF,stdi8,"ld (0x896c),0x00",1
UNI_ASSEMBLES_DIFF,stb_d8,"ld (0x896c),A",1
UNI_ASSEMBLES_DIFF,stb_d8,"ld (0x896c),E",1
UNI_ASSEMBLES_DIFF,stb_d8,"ld (0x896c),W",1
UNI_ASSEMBLES_DIFF,stdi8,"ld (0x896e),0x00",1
UNI_ASSEMBLES_DIFF,stdi8,"ld (0x896e),0x01",1
UNI_ASSEMBLES_DIFF,stb_d8,"ld (0x8970),A",1
UNI_ASSEMBLES_DIFF,stdi8,"ld (0x897a),0x00",1
UNI_ASSEMBLES_DIFF,stdi8,"ld (0x897a),0x5a",1
UNI_ASSEMBLES_DIFF,stdi8,"ld (0x897a),0xa5",1
UNI_ASSEMBLES_DIFF,stdi8,"ld (0x8988),0x00",1
UNI_ASSEMBLES_DIFF,stb_d8,"ld (0x8988),A",1
UNI_ASSEMBLES_DIFF,stb_d8,"ld (0x898d),A",1
UNI_ASSEMBLES_DIFF,stdi8,"ld (0x898e),0x00",1
UNI_ASSEMBLES_DIFF,stb_d8,"ld (0x898e),A",1
UNI_ASSEMBLES_DIFF,stb_d8,"ld (0x898f),A",1
UNI_ASSEMBLES_DIFF,stb_d8,"ld (0x8990),A",1
UNI_ASSEMBLES_DIFF,stdi8,"ld (0x8992),0x03",1
UNI_ASSEMBLES_DIFF,stdi8,"ld (0x8993),0x08",1
UNI_ASSEMBLES_DIFF,stdi8,"ld (0x8993),0x09",1
UNI_ASSEMBLES_DIFF,stdi8,"ld (0x8993),0x12",1
UNI_ASSEMBLES_DIFF,stdi8,"ld (0x8994),0x53",1
UNI_ASSEMBLES_DIFF,stdi8,"ld (0x8995),0xff",1
UNI_ASSEMBLES_DIFF,stdi8,"ld (0x8996),0x08",1
UNI_ASSEMBLES_DIFF,stdi8,"ld (0x8996),0x09",1
UNI_ASSEMBLES_DIFF,stdi8,"ld (0x8996),0x12",1
UNI_ASSEMBLES_DIFF,stdi8,"ld (0x8997),0x54",1
UNI_ASSEMBLES_DIFF,stdi8,"ld (0x8997),0x6c",1
UNI_ASSEMBLES_DIFF,stdi8,"ld (0x8997),0x74",1
UNI_ASSEMBLES_DIFF,stdi8,"ld (0x8998),0x00",1
UNI_ASSEMBLES_DIFF,stb_d8,"ld (0x899a),A",1
UNI_ASSEMBLES_DIFF,stb_d8,"ld (0x899b),A",1
UNI_ASSEMBLES_DIFF,stdi8,"ld (0x899c),0x0f",1
UNI_ASSEMBLES_DIFF,stdi8,"ld (0x899d),0x01",1
UNI_ASSEMBLES_DIFF,stdi8,"ld (0x899e),0x00",1
UNI_ASSEMBLES_DIFF,stdi8,"ld (0x899f),0x00",1
UNI_ASSEMBLES_DIFF,stdi8,"ld (0x89a0),0x00",1
UNI_ASSEMBLES_DIFF,stdi8,"ld (0x89a1),0x00",1
UNI_ASSEMBLES_DIFF,stdi8,"ld (0x89a2),0x00",1
UNI_ASSEMBLES_DIFF,stdi8,"ld (0x89a3),0x00",1
UNI_ASSEMBLES_DIFF,stda16,"ld (0x89a4),WA",1
UNI_ASSEMBLES_DIFF,stda16,"ld (0x89a6),WA",1
UNI_ASSEMBLES_DIFF,stda16,"ld (0x89a8),WA",1
UNI_ASSEMBLES_DIFF,stda16,"ld (0x89aa),WA",1
UNI_ASSEMBLES_DIFF,stda16,"ld (0x89ac),WA",1
UNI_ASSEMBLES_DIFF,stda16,"ld (0x89ae),WA",1
UNI_ASSEMBLES_DIFF,stdi8,"ld (0x89c4),0x00",1
UNI_ASSEMBLES_DIFF,stdi8,"ld (0x89c4),0xff",1
UNI_ASSEMBLES_DIFF,stdi8,"ld (0x89ce),0xff",1
UNI_ASSEMBLES_DIFF,stb_d8,"ld (0x89d2),A",1
UNI_ASSEMBLES_DIFF,stdi8,"ld (0x8a64),0x00",1
UNI_ASSEMBLES_DIFF,stdi8,"ld (0x8a64),0xff",1
UNI_ASSEMBLES_DIFF,stdi8,"ld (0x8a68),0xff",1
UNI_ASSEMBLES_DIFF,stb_d8,"ld (0x8a86),A",1
UNI_ASSEMBLES_DIFF,st_dd8b,"ld (0x8b),A",1
UNI_ASSEMBLES_DIFF,st_dd8b,"ld (0x8c),A",1
UNI_ASSEMBLES_DIFF,stb_d8,"ld (0x8c98),L",1
UNI_ASSEMBLES_DIFF,stb_d8,"ld (0x8c9a),L",1
UNI_ASSEMBLES_DIFF,stdi8,"ld (0x8c9e),0x00",1
UNI_ASSEMBLES_DIFF,stdi8,"ld (0x8c9e),0x01",1
UNI_ASSEMBLES_DIFF,stdi8,"ld (0x8ca0),0x18",1
UNI_ASSEMBLES_DIFF,stdi8,"ld (0x8ca0),0x40",1
UNI_ASSEMBLES_DIFF,stb_d8,"ld (0x8ca0),A",1
UNI_ASSEMBLES_DIFF,stb_d8,"ld (0x8ca2),A",1
UNI_ASSEMBLES_DIFF,stb_d8,"ld (0x8ca6),A",1
UNI_ASSEMBLES_DIFF,stdi8,"ld (0x8ca8),0x00",1
UNI_ASSEMBLES_DIFF,stb_d8,"ld (0x8ca8),A",1
UNI_ASSEMBLES_DIFF,stb_d8,"ld (0x8caa),A",1
UNI_ASSEMBLES_DIFF,stb_d8,"ld (0x8cac),A",1
UNI_ASSEMBLES_DIFF,stdi8,"ld (0x8cb2),0x07",1
UNI_ASSEMBLES_DIFF,stb_d8,"ld (0x8cb2),A",1
UNI_ASSEMBLES_DIFF,stb_d8,"ld (0x8cb4),L",1
UNI_ASSEMBLES_DIFF,stb_d8,"ld (0x8cb8),A",1
UNI_ASSEMBLES_DIFF,stda16,"ld (0x8cba),DE",1
UNI_ASSEMBLES_DIFF,stda16,"ld (0x8cba),WA",1
UNI_ASSEMBLES_DIFF,stda16,"ld (0x8cbc),HL",1
UNI_ASSEMBLES_DIFF,stda16,"ld (0x8cbc),IZ",1
UNI_ASSEMBLES_DIFF,stdi8,"ld (0x8cdc),0x1e",1
UNI_ASSEMBLES_DIFF,stb_d8,"ld (0x8cdc),C",1
UNI_ASSEMBLES_DIFF,stdi8,"ld (0x8cde),0x01",1
UNI_ASSEMBLES_DIFF,stdi8,"ld (0x8cde),0xdc",1
UNI_ASSEMBLES_DIFF,stdi8,"ld (0x8ce6),0x01",1
UNI_ASSEMBLES_DIFF,stdi8,"ld (0x8ce6),0x02",1
UNI_ASSEMBLES_DIFF,stdi8,"ld (0x8cee),0x04",1
UNI_ASSEMBLES_DIFF,stdi8,"ld (0x8cf7),0x00",1
UNI_ASSEMBLES_DIFF,stb_d8,"ld (0x8cfa),L",1
UNI_ASSEMBLES_DIFF,stdi8,"ld (0x8cfb),0xc8",1
UNI_ASSEMBLES_DIFF,stdi8,"ld (0x8cfe),0x00",1
UNI_ASSEMBLES_DIFF,stda16,"ld (0x8d65),WA",1
UNI_ASSEMBLES_DIFF,stb_d8,"ld (0x8dd0),L",1
UNI_ASSEMBLES_DIFF,stb_d8,"ld (0x8dd2),L",1
UNI_ASSEMBLES_DIFF,stb_d8,"ld (0x8dd4),L",1
UNI_ASSEMBLES_DIFF,stb_d8,"ld (0x8dd6),L",1
UNI_ASSEMBLES_DIFF,stb_d8,"ld (0x8dd8),L",1
UNI_ASSEMBLES_DIFF,stdi8,"ld (0x8df0),0x00",1
UNI_ASSEMBLES_DIFF,stdi8,"ld (0x8df2),0x00",1
UNI_ASSEMBLES_DIFF,stb_d8,"ld (0x8df4),A",1
UNI_ASSEMBLES_DIFF,stdi8,"ld (0x8df8),0xff",1
UNI_ASSEMBLES_DIFF,stdi8,"ld (0x8e28),0x00",1
UNI_ASSEMBLES_DIFF,stdi8,"ld (0x8e2a),0x00",1
UNI_ASSEMBLES_DIFF,stda16,"ld (0x8e2c),WA",1
UNI_ASSEMBLES_DIFF,stb_d8,"ld (0x8e2e),C",1
UNI_ASSEMBLES_DIFF,stb_d8,"ld (0x8e30),A",1
UNI_ASSEMBLES_DIFF,stb_d8,"ld (0x8e3a),A",1
UNI_ASSEMBLES_DIFF,stb_d8,"ld (0x8e3c),C",1
UNI_ASSEMBLES_DIFF,stb_d8,"ld (0x8e3e),A",1
UNI_ASSEMBLES_DIFF,stb_d8,"ld (0x8e40),A",1
UNI_ASSEMBLES_DIFF,stb_d8,"ld (0x8e42),A",1
UNI_ASSEMBLES_DIFF,stb_d8,"ld (0x8e46),A",1
UNI_ASSEMBLES_DIFF,stb_d8,"ld (0x8e46),E",1
UNI_ASSEMBLES_DIFF,stb_d8,"ld (0x8e48),A",1
UNI_ASSEMBLES_DIFF,stb_d8,"ld (0x8e4a),A",1
UNI_ASSEMBLES_DIFF,stb_d8,"ld (0x8e4e),A",1
UNI_ASSEMBLES_DIFF,stb_d8,"ld (0x8e58),A",1
UNI_ASSEMBLES_DIFF,stb_d8,"ld (0x8e60),A",1
UNI_ASSEMBLES_DIFF,stb_d8,"ld (0x8e62),A",1
UNI_ASSEMBLES_DIFF,stdi8,"ld (0x8eb0),0x05",1
UNI_ASSEMBLES_DIFF,stdi8,"ld (0x8eb2),0x05",1
UNI_ASSEMBLES_DIFF,stdi8,"ld (0x8eb2),0x06",1
UNI_ASSEMBLES_DIFF,stdi8,"ld (0x8eb4),0x05",1
UNI_ASSEMBLES_DIFF,stdi8,"ld (0x8eb6),0x05",1
UNI_ASSEMBLES_DIFF,stdi8,"ld (0x8eb8),0x05",1
UNI_ASSEMBLES_DIFF,stdi8,"ld (0x8eba),0x05",1
UNI_ASSEMBLES_DIFF,stdi8,"ld (0x8ebc),0x00",1
UNI_ASSEMBLES_DIFF,stb_d8,"ld (0x8ec2),L",1
UNI_ASSEMBLES_DIFF,stb_d8,"ld (0x8ec4),L",1
UNI_ASSEMBLES_DIFF,stdi8,"ld (0x8ec7),0xff",1
UNI_ASSEMBLES_DIFF,st_dd8b,"ld (0x90),A",1
UNI_ASSEMBLES_DIFF,stda16,"ld (0x9042),IX",1
UNI_ASSEMBLES_DIFF,stda16,"ld (0x9044),WA",1
UNI_ASSEMBLES_DIFF,stda16,"ld (0x9046),DE",1
UNI_ASSEMBLES_DIFF,stdi8,"ld (0x9048),0x00",1
UNI_ASSEMBLES_DIFF,stdi8,"ld (0x9049),0x00",1
UNI_ASSEMBLES_DIFF,stb_d8,"ld (0x904e),L",1
UNI_ASSEMBLES_DIFF,stda16,"ld (0x904e),WA",1
UNI_ASSEMBLES_DIFF,stb_d8,"ld (0x9050),C",1
UNI_ASSEMBLES_DIFF,stdi8,"ld (0x905a),0x48",1
UNI_ASSEMBLES_DIFF,stdi8,"ld (0x905b),0x10",1
UNI_ASSEMBLES_DIFF,stdi8,"ld (0x905b),0x11",1
UNI_ASSEMBLES_DIFF,stdi8,"ld (0x905b),0x12",1
UNI_ASSEMBLES_DIFF,stdi8,"ld (0x905b),0x13",1
UNI_ASSEMBLES_DIFF,stdi8,"ld (0x905b),0x14",1
UNI_ASSEMBLES_DIFF,stdi8,"ld (0x905b),0x17",1
UNI_ASSEMBLES_DIFF,stb_d8,"ld (0x905b),E",1
UNI_ASSEMBLES_DIFF,stb_d8,"ld (0x905b),W",1
UNI_ASSEMBLES_DIFF,stdi8,"ld (0x905f),0xff",1
UNI_ASSEMBLES_DIFF,stdi8,"ld (0x908b),0xb3",1
UNI_ASSEMBLES_DIFF,stb_d8,"ld (0x908b),W",1
UNI_ASSEMBLES_DIFF,stdi8,"ld (0x908c),0x09",1
UNI_ASSEMBLES_DIFF,stb_d8,"ld (0x908c),L",1
UNI_ASSEMBLES_DIFF,stdi8,"ld (0x908d),0x00",1
UNI_ASSEMBLES_DIFF,stdi8,"ld (0x908d),0x05",1
UNI_ASSEMBLES_DIFF,stdi8,"ld (0x908d),0x40",1
UNI_ASSEMBLES_DIFF,stdi8,"ld (0x908d),0x7f",1
UNI_ASSEMBLES_DIFF,stb_d8,"ld (0x908d),C",1
UNI_ASSEMBLES_DIFF,stb_d8,"ld (0x908d),E",1
UNI_ASSEMBLES_DIFF,stdi8,"ld (0x908e),0x01",1
UNI_ASSEMBLES_DIFF,stdi8,"ld (0x908e),0x40",1
UNI_ASSEMBLES_DIFF,stb_d8,"ld (0x908e),C",1
UNI_ASSEMBLES_DIFF,stb_d8,"ld (0x9096),C",1
UNI_ASSEMBLES_DIFF,stda16,"ld (0x9097),WA",1
UNI_ASSEMBLES_DIFF,stda32,"ld (0x909b),XWA",1
UNI_ASSEMBLES_DIFF,stda32,"ld (0x909f),XBC",1
UNI_ASSEMBLES_DIFF,stda32,"ld (0x90a3),XDE",1
UNI_ASSEMBLES_DIFF,stda32,"ld (0x90a7),XHL",1
UNI_ASSEMBLES_DIFF,stda32,"ld (0x90ab),XIX",1
UNI_ASSEMBLES_DIFF,stda32,"ld (0x90af),XIY",1
UNI_ASSEMBLES_DIFF,stda32,"ld (0x90b3),XIZ",1
UNI_ASSEMBLES_DIFF,stdi8,"ld (0x90b7),0x0c",1
UNI_ASSEMBLES_DIFF,stdi8,"ld (0x90b8),0x04",1
UNI_ASSEMBLES_DIFF,stdi8,"ld (0x90b8),0x08",1
UNI_ASSEMBLES_DIFF,stdi8,"ld (0x90b8),0x0c",1
UNI_ASSEMBLES_DIFF,stdi8,"ld (0x90b8),0x59",1
UNI_ASSEMBLES_DIFF,stdi8,"ld (0x90b9),0x07",1
UNI_ASSEMBLES_DIFF,stdi8,"ld (0x90b9),0x0b",1
UNI_ASSEMBLES_DIFF,stdi8,"ld (0x90b9),0x58",1
UNI_ASSEMBLES_DIFF,stda16,"ld (0x90c7),WA",1
UNI_ASSEMBLES_DIFF,stda16,"ld (0x90d3),HL",1
UNI_ASSEMBLES_DIFF,stdi8,"ld (0x90e2),0xb4",1
UNI_ASSEMBLES_DIFF,stdi8,"ld (0x90e5),0x7f",1
UNI_ASSEMBLES_DIFF,st_dd8w,"ld (0x91),HL",1
UNI_ASSEMBLES_DIFF,st_dd8w,"ld (0x91),IX",1
UNI_ASSEMBLES_DIFF,stdi8,"ld (0x9111),0xff",1
UNI_ASSEMBLES_DIFF,stda16,"ld (0x9121),BC",1
UNI_ASSEMBLES_DIFF,stda16,"ld (0x9123),DE",1
UNI_ASSEMBLES_DIFF,stdi8,"ld (0x912c),0x00",1
UNI_ASSEMBLES_DIFF,stb_d8,"ld (0x912c),L",1
UNI_ASSEMBLES_DIFF,stdi8,"ld (0x912e),0x00",1
UNI_ASSEMBLES_DIFF,stdi8,"ld (0x912e),0x07",1
UNI_ASSEMBLES_DIFF,stb_d8,"ld (0x9131),A",1
UNI_ASSEMBLES_DIFF,stb_d8,"ld (0x9131),W",1
UNI_ASSEMBLES_DIFF,stb_d8,"ld (0x9135),W",1
UNI_ASSEMBLES_DIFF,st_dd8b,"ld (0x94),A",1
UNI_ASSEMBLES_DIFF,stb_d8,"ld (0x9456),E",1
UNI_ASSEMBLES_DIFF,stdi8,"ld (0x957a),0x8e",1
UNI_ASSEMBLES_DIFF,stb_d8,"ld (0x95a8),A",1
UNI_ASSEMBLES_DIFF,stda16,"ld (0x95a8),WA",1
UNI_ASSEMBLES_DIFF,stda16,"ld (0x95aa),WA",1
UNI_ASSEMBLES_DIFF,stda16,"ld (0x95b0),BC",1
UNI_ASSEMBLES_DIFF,stda16,"ld (0x95b2),DE",1
UNI_ASSEMBLES_DIFF,stdi8,"ld (0x95d1),0x40",1
UNI_ASSEMBLES_DIFF,stdi8,"ld (0x95d1),0x80",1
UNI_ASSEMBLES_DIFF,st_dd8b,"ld (0x98),A",1
UNI_ASSEMBLES_DIFF,stb_d8,"ld (0x981d),D",1
UNI_ASSEMBLES_DIFF,st_dd8b,"ld (0x9a),A",1
UNI_ASSEMBLES_DIFF,st_dd8b,"ld (0x9b),A",1
UNI_ASSEMBLES_DIFF,st_dd8b,"ld (0x9d),W",1
UNI_ASSEMBLES_DIFF,st_dd8b,"ld (0x9e),A",1
UNI_ASSEMBLES_DIFF,st_dd8b,"ld (0xa1),A",1
UNI_ASSEMBLES_DIFF,st_dd8b,"ld (0xa3),A",1
UNI_ASSEMBLES_DIFF,st_dd8b,"ld (0xa4),A",1
UNI_ASSEMBLES_DIFF,st_dd8b,"ld (0xa5),W",1
UNI_ASSEMBLES_DIFF,stb_d8,"ld (0xb743),A",1
UNI_ASSEMBLES_DIFF,stdi8,"ld (0xb750),0x01",1
UNI_ASSEMBLES_DIFF,stdi8,"ld (0xb750),0x02",1
UNI_ASSEMBLES_DIFF,stdi8,"ld (0xb750),0x0b",1
UNI_ASSEMBLES_DIFF,stdi8,"ld (0xb750),0x18",1
UNI_ASSEMBLES_DIFF,stdi8,"ld (0xb750),0x5c",1
UNI_ASSEMBLES_DIFF,stdi8,"ld (0xb750),0x5d",1
UNI_ASSEMBLES_DIFF,stdi8,"ld (0xb754),0x00",1
UNI_ASSEMBLES_DIFF,stdi8,"ld (0xb754),0x01",1
UNI_ASSEMBLES_DIFF,stdi8,"ld (0xb754),0x02",1
UNI_ASSEMBLES_DIFF,stb_d8,"ld (0xb754),A",1
UNI_ASSEMBLES_DIFF,st_dd8w,"ld (0xbc),IZ",1
UNI_ASSEMBLES_DIFF,stdi8,"ld (0xbc60),0x01",1
UNI_ASSEMBLES_DIFF,stdi8,"ld (0xbc60),0x02",1
UNI_ASSEMBLES_DIFF,stdi8,"ld (0xbc60),0x03",1
UNI_ASSEMBLES_DIFF,stdi8,"ld (0xbc60),0x05",1
UNI_ASSEMBLES_DIFF,stdi8,"ld (0xbc60),0x06",1
UNI_ASSEMBLES_DIFF,stb_d8,"ld (0xbc70),A",1
UNI_ASSEMBLES_DIFF,stb_d8,"ld (0xbc74),A",1
UNI_ASSEMBLES_DIFF,stb_d8,"ld (0xbc78),A",1
UNI_ASSEMBLES_DIFF,stdi8,"ld (0xbc7c),0x00",1
UNI_ASSEMBLES_DIFF,stdi8,"ld (0xbc82),0x02",1
UNI_ASSEMBLES_DIFF,stda32,"ld (0xbc86),XHL",1
UNI_ASSEMBLES_DIFF,stda16,"ld (0xbc9e),WA",1
UNI_ASSEMBLES_DIFF,st_dd8b,"ld (0xbe),A",1
UNI_ASSEMBLES_DIFF,st_dd8w,"ld (0xbf),HL",1
UNI_ASSEMBLES_DIFF,stdi8,"ld (0xbfe1),0x05",1
UNI_ASSEMBLES_DIFF,stdi8,"ld (0xbfe1),0x06",1
UNI_ASSEMBLES_DIFF,stdi8,"ld (0xbfe2),0x01",1
UNI_ASSEMBLES_DIFF,stdi8,"ld (0xbfe2),0x02",1
UNI_ASSEMBLES_DIFF,stda16,"ld (0xc14e),WA",1
UNI_ASSEMBLES_DIFF,stda16,"ld (0xc15c),HL",1
UNI_ASSEMBLES_DIFF,stda16,"ld (0xc15e),HL",1
UNI_ASSEMBLES_DIFF,stda16,"ld (0xc160),HL",1
UNI_ASSEMBLES_DIFF,stdi8,"ld (0xc1dd),0xff",1
UNI_ASSEMBLES_DIFF,stdi8,"ld (0xc1de),0xff",1
UNI_ASSEMBLES_DIFF,st_dd8b,"ld (0xc2),A",1
UNI_ASSEMBLES_DIFF,st_dd8b,"ld (0xc4),A",1
UNI_ASSEMBLES_DIFF,stdi8,"ld (0xc504),0x00",1
UNI_ASSEMBLES_DIFF,st_dd8b,"ld (0xc6),C",1
UNI_ASSEMBLES_DIFF,stb_d8,"ld (0xce43),A",1
UNI_ASSEMBLES_DIFF,stb_d8,"ld (0xce44),A",1
UNI_ASSEMBLES_DIFF,stb_d8,"ld (0xce45),A",1
UNI_ASSEMBLES_DIFF,stda16,"ld (0xce63),WA",1
UNI_ASSEMBLES_DIFF,st_dd8b,"ld (0xd4),L",1
UNI_ASSEMBLES_DIFF,stdi8,"ld (0xe09e),0x00",1
UNI_ASSEMBLES_DIFF,stb_d8,"ld (0xe0fb),C",1
UNI_ASSEMBLES_DIFF,stdi8,"ld (0xe2b5),0xff",1
UNI_ASSEMBLES_DIFF,stdi8,"ld (0xe2b6),0xff",1
UNI_ASSEMBLES_DIFF,stdi8,"ld (0xe2b7),0xff",1
UNI_ASSEMBLES_DIFF,stdi8,"ld (0xe2b8),0xff",1
UNI_ASSEMBLES_DIFF,stdi8,"ld (0xe2ba),0x01",1
UNI_ASSEMBLES_DIFF,stdi8,"ld (0xe2bb),0xff",1
UNI_ASSEMBLES_DIFF,stdi8,"ld (0xe2bc),0xff",1
UNI_ASSEMBLES_DIFF,stdi8,"ld (0xe2bd),0xff",1
UNI_ASSEMBLES_DIFF,stdi8,"ld (0xe2be),0xff",1
UNI_ASSEMBLES_DIFF,stdi8,"ld (0xe2bf),0xff",1
UNI_ASSEMBLES_DIFF,stdi8,"ld (0xe2c0),0xff",1
UNI_ASSEMBLES_DIFF,stda16,"ld (0xe2c6),WA",1
UNI_ASSEMBLES_DIFF,stdi8,"ld (0xe2d6),0x00",1
UNI_ASSEMBLES_DIFF,stb_d8,"ld (0xe2d6),A",1
UNI_ASSEMBLES_DIFF,stdi8,"ld (0xe2ea),0x00",1
UNI_ASSEMBLES_DIFF,stdi8,"ld (0xe2ea),0x01",1
UNI_ASSEMBLES_DIFF,stdi8,"ld (0xe2ec),0x00",1
UNI_ASSEMBLES_DIFF,stdi8,"ld (0xe2ec),0x01",1
UNI_ASSEMBLES_DIFF,stdi8,"ld (0xe2ee),0xff",1
UNI_ASSEMBLES_DIFF,stdi8,"ld (0xe2f2),0x01",1
UNI_ASSEMBLES_DIFF,stdi8,"ld (0xe316),0xb5",1
UNI_ASSEMBLES_DIFF,stdi8,"ld (0xe318),0x80",1
UNI_ASSEMBLES_DIFF,stb_d8,"ld (0xe31e),A",1
UNI_ASSEMBLES_DIFF,stb_d8,"ld (0xe320),C",1
UNI_ASSEMBLES_DIFF,stb_d8,"ld (0xe700),D",1
UNI_ASSEMBLES_DIFF,stb_d8,"ld (0xe8f6),A",1
UNI_ASSEMBLES_DIFF,stdi8,"ld (0xe8fe),0x00",1
UNI_ASSEMBLES_DIFF,stb_d8,"ld (0xe91e),A",1
UNI_ASSEMBLES_DIFF,stda16,"ld (0xe92b),WA",1
UNI_ASSEMBLES_DIFF,stda16,"ld (0xe92d),WA",1
UNI_ASSEMBLES_DIFF,stda32,"ld (0xe92f),XWA",1
UNI_ASSEMBLES_DIFF,stda16,"ld (0xf012),WA",1
UNI_ASSEMBLES_DIFF,stdi8,"ld (0xf014),0x00",1
UNI_ASSEMBLES_DIFF,stb_d8,"ld (0xf014),A",1
UNI_ASSEMBLES_DIFF,stdi8,"ld (0xf016),0x00",1
UNI_ASSEMBLES_DIFF,stb_d8,"ld (0xf016),A",1
UNI_ASSEMBLES_DIFF,stda16,"ld (0xf01c),WA",1
UNI_ASSEMBLES_DIFF,stdi8,"ld (0xf900),0x01",1
UNI_ASSEMBLES_DIFF,stdi8,"ld (0xfbcd),0xd0",1
UNI_ASSEMBLES_DIFF,stdi8,"ld (0xfd05),0xe0",1
UNI_ASSEMBLES_DIFF,ld_sd8b,"ld A,(0x01)",1
UNI_ASSEMBLES_DIFF,ldb_d8,"ld A,(0x0518)",1
UNI_ASSEMBLES_DIFF,ldb_d8,"ld A,(0x051a)",1
UNI_ASSEMBLES_DIFF,ldb_d8,"ld A,(0x0556)",1
UNI_ASSEMBLES_DIFF,ldb_d8,"ld A,(0x0890)",1
UNI_ASSEMBLES_DIFF,ldb_d8,"ld A,(0x0892)",1
UNI_ASSEMBLES_DIFF,ldb_d8,"ld A,(0x091e)",1
UNI_ASSEMBLES_DIFF,ldb_d8,"ld A,(0x0c07)",1
UNI_ASSEMBLES_DIFF,ldb_d8,"ld A,(0x0c08)",1
UNI_ASSEMBLES_DIFF,ldb_d8,"ld A,(0x0c0f)",1
UNI_ASSEMBLES_DIFF,ldb_d8,"ld A,(0x0c24)",1
UNI_ASSEMBLES_DIFF,ldb_d8,"ld A,(0x0c58)",1
UNI_ASSEMBLES_DIFF,ldb_d8,"ld A,(0x0c5d)",1
UNI_ASSEMBLES_DIFF,ldb_d8,"ld A,(0x0c5e)",1
UNI_ASSEMBLES_DIFF,ldb_d8,"ld A,(0x0c5f)",1
UNI_ASSEMBLES_DIFF,ldb_d8,"ld A,(0x0c60)",1
UNI_ASSEMBLES_DIFF,ldb_d8,"ld A,(0x0c61)",1
UNI_ASSEMBLES_DIFF,ldb_d8,"ld A,(0x0c62)",1
UNI_ASSEMBLES_DIFF,ldb_d8,"ld A,(0x0c63)",1
UNI_ASSEMBLES_DIFF,ldb_d8,"ld A,(0x0c65)",1
UNI_ASSEMBLES_DIFF,ldb_d8,"ld A,(0x0c66)",1
UNI_ASSEMBLES_DIFF,ldb_d8,"ld A,(0x0c67)",1
UNI_ASSEMBLES_DIFF,ldb_d8,"ld A,(0x0c79)",1
UNI_ASSEMBLES_DIFF,ldb_d8,"ld A,(0x0c7a)",1
UNI_ASSEMBLES_DIFF,ldb_d8,"ld A,(0x0c94)",1
UNI_ASSEMBLES_DIFF,ldb_d8,"ld A,(0x0d1d)",1
UNI_ASSEMBLES_DIFF,ldb_d8,"ld A,(0x0d34)",1
UNI_ASSEMBLES_DIFF,ldb_d8,"ld A,(0x0d92)",1
UNI_ASSEMBLES_DIFF,ldb_d8,"ld A,(0x0db8)",1
UNI_ASSEMBLES_DIFF,ldb_d8,"ld A,(0x0dc4)",1
UNI_ASSEMBLES_DIFF,ldb_d8,"ld A,(0x0e10)",1
UNI_ASSEMBLES_DIFF,ldb_d8,"ld A,(0x0e29)",1
UNI_ASSEMBLES_DIFF,ldb_d8,"ld A,(0x0e32)",1
UNI_ASSEMBLES_DIFF,ldb_d8,"ld A,(0x0e33)",1
UNI_ASSEMBLES_DIFF,ldb_d8,"ld A,(0x0e34)",1
UNI_ASSEMBLES_DIFF,ldb_d8,"ld A,(0x0e35)",1
UNI_ASSEMBLES_DIFF,ldb_d8,"ld A,(0x0e64)",1
UNI_ASSEMBLES_DIFF,ldb_d8,"ld A,(0x0e8e)",1
UNI_ASSEMBLES_DIFF,ldb_d8,"ld A,(0x0ecd)",1
UNI_ASSEMBLES_DIFF,ldb_d8,"ld A,(0x0ed6)",1
UNI_ASSEMBLES_DIFF,ldb_d8,"ld A,(0x0ee8)",1
UNI_ASSEMBLES_DIFF,ldb_d8,"ld A,(0x0ef5)",1
UNI_ASSEMBLES_DIFF,ldb_d8,"ld A,(0x0ef6)",1
UNI_ASSEMBLES_DIFF,ldb_d8,"ld A,(0x0f53)",1
UNI_ASSEMBLES_DIFF,ldb_d8,"ld A,(0x0f54)",1
UNI_ASSEMBLES_DIFF,ldb_d8,"ld A,(0x0f55)",1
UNI_ASSEMBLES_DIFF,ldb_d8,"ld A,(0x0f58)",1
UNI_ASSEMBLES_DIFF,ldb_d8,"ld A,(0x0f6b)",1
UNI_ASSEMBLES_DIFF,ldb_d8,"ld A,(0x0fc8)",1
UNI_ASSEMBLES_DIFF,ldb_d8,"ld A,(0x1009)",1
UNI_ASSEMBLES_DIFF,ldb_d8,"ld A,(0x102d)",1
UNI_ASSEMBLES_DIFF,ldb_d8,"ld A,(0x10ea)",1
UNI_ASSEMBLES_DIFF,ldb_d8,"ld A,(0x10ec)",1
UNI_ASSEMBLES_DIFF,ldb_d8,"ld A,(0x12a7)",1
UNI_ASSEMBLES_DIFF,ldb_d8,"ld A,(0x12ac)",1
UNI_ASSEMBLES_DIFF,ldb_d8,"ld A,(0x12ad)",1
UNI_ASSEMBLES_DIFF,ldb_d8,"ld A,(0x12b5)",1
UNI_ASSEMBLES_DIFF,ldb_d8,"ld A,(0x12b7)",1
UNI_ASSEMBLES_DIFF,ldb_d8,"ld A,(0x12ba)",1
UNI_ASSEMBLES_DIFF,ldb_d8,"ld A,(0x12ea)",1
UNI_ASSEMBLES_DIFF,ld_sd8b,"ld A,(0x13)",1
UNI_ASSEMBLES_DIFF,ldb_d8,"ld A,(0x1340)",1
UNI_ASSEMBLES_DIFF,ldb_d8,"ld A,(0x1341)",1
UNI_ASSEMBLES_DIFF,ldb_d8,"ld A,(0x1343)",1
UNI_ASSEMBLES_DIFF,ldb_d8,"ld A,(0x1344)",1
UNI_ASSEMBLES_DIFF,ldb_d8,"ld A,(0x1345)",1
UNI_ASSEMBLES_DIFF,ldb_d8,"ld A,(0x1346)",1
UNI_ASSEMBLES_DIFF,ldb_d8,"ld A,(0x134e)",1
UNI_ASSEMBLES_DIFF,ldb_d8,"ld A,(0x134f)",1
UNI_ASSEMBLES_DIFF,ldb_d8,"ld A,(0x137b)",1
UNI_ASSEMBLES_DIFF,ldb_d8,"ld A,(0x137d)",1
UNI_ASSEMBLES_DIFF,ldb_d8,"ld A,(0x1380)",1
UNI_ASSEMBLES_DIFF,ldb_d8,"ld A,(0x1381)",1
UNI_ASSEMBLES_DIFF,ld_sd8b,"ld A,(0x18)",1
UNI_ASSEMBLES_DIFF,ldb_d8,"ld A,(0x1941)",1
UNI_ASSEMBLES_DIFF,ldb_d8,"ld A,(0x1963)",1
UNI_ASSEMBLES_DIFF,ldb_d8,"ld A,(0x1968)",1
UNI_ASSEMBLES_DIFF,ldb_d8,"ld A,(0x2072)",1
UNI_ASSEMBLES_DIFF,ldb_d8,"ld A,(0x2079)",1
UNI_ASSEMBLES_DIFF,ldb_d8,"ld A,(0x209a)",1
UNI_ASSEMBLES_DIFF,ldb_d8,"ld A,(0x20a2)",1
UNI_ASSEMBLES_DIFF,ldb_d8,"ld A,(0x20a7)",1
UNI_ASSEMBLES_DIFF,ldb_d8,"ld A,(0x2180)",1
UNI_ASSEMBLES_DIFF,ldb_d8,"ld A,(0x2189)",1
UNI_ASSEMBLES_DIFF,ldb_d8,"ld A,(0x218a)",1
UNI_ASSEMBLES_DIFF,ldb_d8,"ld A,(0x23c9)",1
UNI_ASSEMBLES_DIFF,ldb_d8,"ld A,(0x23ca)",1
UNI_ASSEMBLES_DIFF,ldb_d8,"ld A,(0x24f2)",1
UNI_ASSEMBLES_DIFF,ldb_d8,"ld A,(0x24f5)",1
UNI_ASSEMBLES_DIFF,ldb_d8,"ld A,(0x24f6)",1
UNI_ASSEMBLES_DIFF,ldb_d8,"ld A,(0x2503)",1
UNI_ASSEMBLES_DIFF,ldb_d8,"ld A,(0x2504)",1
UNI_ASSEMBLES_DIFF,ldb_d8,"ld A,(0x2505)",1
UNI_ASSEMBLES_DIFF,ldb_d8,"ld A,(0x2506)",1
UNI_ASSEMBLES_DIFF,ldb_d8,"ld A,(0x2554)",1
UNI_ASSEMBLES_DIFF,ldb_d8,"ld A,(0x2642)",1
UNI_ASSEMBLES_DIFF,ldb_d8,"ld A,(0x2663)",1
UNI_ASSEMBLES_DIFF,ldb_d8,"ld A,(0x2679)",1
UNI_ASSEMBLES_DIFF,ldb_d8,"ld A,(0x267a)",1
UNI_ASSEMBLES_DIFF,ldb_d8,"ld A,(0x267b)",1
UNI_ASSEMBLES_DIFF,ldb_d8,"ld A,(0x267c)",1
UNI_ASSEMBLES_DIFF,ldb_d8,"ld A,(0x26a7)",1
UNI_ASSEMBLES_DIFF,ldb_d8,"ld A,(0x26f1)",1
UNI_ASSEMBLES_DIFF,ldb_d8,"ld A,(0x2704)",1
UNI_ASSEMBLES_DIFF,ldb_d8,"ld A,(0x2725)",1
UNI_ASSEMBLES_DIFF,ldb_d8,"ld A,(0x272e)",1
UNI_ASSEMBLES_DIFF,ldb_d8,"ld A,(0x276e)",1
UNI_ASSEMBLES_DIFF,ldb_d8,"ld A,(0x2790)",1
UNI_ASSEMBLES_DIFF,ldb_d8,"ld A,(0x27a0)",1
UNI_ASSEMBLES_DIFF,ldb_d8,"ld A,(0x27a1)",1
UNI_ASSEMBLES_DIFF,ldb_d8,"ld A,(0x27a4)",1
UNI_ASSEMBLES_DIFF,ldb_d8,"ld A,(0x27a7)",1
UNI_ASSEMBLES_DIFF,ldb_d8,"ld A,(0x27ac)",1
UNI_ASSEMBLES_DIFF,ldb_d8,"ld A,(0x27d0)",1
UNI_ASSEMBLES_DIFF,ldb_d8,"ld A,(0x27d1)",1
UNI_ASSEMBLES_DIFF,ldb_d8,"ld A,(0x27da)",1
UNI_ASSEMBLES_DIFF,ldb_d8,"ld A,(0x27db)",1
UNI_ASSEMBLES_DIFF,ldb_d8,"ld A,(0x27df)",1
UNI_ASSEMBLES_DIFF,ldb_d8,"ld A,(0x27e9)",1
UNI_ASSEMBLES_DIFF,ldb_d8,"ld A,(0x27f4)",1
UNI_ASSEMBLES_DIFF,ldb_d8,"ld A,(0x27f5)",1
UNI_ASSEMBLES_DIFF,ldb_d8,"ld A,(0x27f6)",1
UNI_ASSEMBLES_DIFF,ldb_d8,"ld A,(0x27fb)",1
UNI_ASSEMBLES_DIFF,ldb_d8,"ld A,(0x27fc)",1
UNI_ASSEMBLES_DIFF,ldb_d8,"ld A,(0x27fe)",1
UNI_ASSEMBLES_DIFF,ldb_d8,"ld A,(0x2805)",1
UNI_ASSEMBLES_DIFF,ldb_d8,"ld A,(0x2807)",1
UNI_ASSEMBLES_DIFF,ldb_d8,"ld A,(0x2810)",1
UNI_ASSEMBLES_DIFF,ldb_d8,"ld A,(0x2811)",1
UNI_ASSEMBLES_DIFF,ldb_d8,"ld A,(0x2812)",1
UNI_ASSEMBLES_DIFF,ldb_d8,"ld A,(0x2823)",1
UNI_ASSEMBLES_DIFF,ldb_d8,"ld A,(0x28d2)",1
UNI_ASSEMBLES_DIFF,ldb_d8,"ld A,(0x28ec)",1
UNI_ASSEMBLES_DIFF,ldb_d8,"ld A,(0x28ed)",1
UNI_ASSEMBLES_DIFF,ldb_d8,"ld A,(0x28ee)",1
UNI_ASSEMBLES_DIFF,ldb_d8,"ld A,(0x28ef)",1
UNI_ASSEMBLES_DIFF,ldb_d8,"ld A,(0x28f0)",1
UNI_ASSEMBLES_DIFF,ldb_d8,"ld A,(0x28f1)",1
UNI_ASSEMBLES_DIFF,ldb_d8,"ld A,(0x2a85)",1
UNI_ASSEMBLES_DIFF,ldb_d8,"ld A,(0x2af5)",1
UNI_ASSEMBLES_DIFF,ldb_d8,"ld A,(0x2b30)",1
UNI_ASSEMBLES_DIFF,ldb_d8,"ld A,(0x2b32)",1
UNI_ASSEMBLES_DIFF,ldb_d8,"ld A,(0x2b33)",1
UNI_ASSEMBLES_DIFF,ldb_d8,"ld A,(0x2b3a)",1
UNI_ASSEMBLES_DIFF,ldb_d8,"ld A,(0x3178)",1
UNI_ASSEMBLES_DIFF,ldb_d8,"ld A,(0x317d)",1
UNI_ASSEMBLES_DIFF,ldb_d8,"ld A,(0x3180)",1
UNI_ASSEMBLES_DIFF,ldb_d8,"ld A,(0x3182)",1
UNI_ASSEMBLES_DIFF,ldb_d8,"ld A,(0x3185)",1
UNI_ASSEMBLES_DIFF,ldb_d8,"ld A,(0x3187)",1
UNI_ASSEMBLES_DIFF,ldb_d8,"ld A,(0x318a)",1
UNI_ASSEMBLES_DIFF,ldb_d8,"ld A,(0x318c)",1
UNI_ASSEMBLES_DIFF,ldb_d8,"ld A,(0x318f)",1
UNI_ASSEMBLES_DIFF,ldb_d8,"ld A,(0x31b3)",1
UNI_ASSEMBLES_DIFF,ldb_d8,"ld A,(0x31b4)",1
UNI_ASSEMBLES_DIFF,ldb_d8,"ld A,(0x31b5)",1
UNI_ASSEMBLES_DIFF,ldb_d8,"ld A,(0x31b6)",1
UNI_ASSEMBLES_DIFF,ldb_d8,"ld A,(0x31b7)",1
UNI_ASSEMBLES_DIFF,ldb_d8,"ld A,(0x31ba)",1
UNI_ASSEMBLES_DIFF,ldb_d8,"ld A,(0x31bb)",1
UNI_ASSEMBLES_DIFF,ldb_d8,"ld A,(0x31bc)",1
UNI_ASSEMBLES_DIFF,ldb_d8,"ld A,(0x31bd)",1
UNI_ASSEMBLES_DIFF,ldb_d8,"ld A,(0x31be)",1
UNI_ASSEMBLES_DIFF,ldb_d8,"ld A,(0x31c1)",1
UNI_ASSEMBLES_DIFF,ldb_d8,"ld A,(0x31c2)",1
UNI_ASSEMBLES_DIFF,ldb_d8,"ld A,(0x31c3)",1
UNI_ASSEMBLES_DIFF,ldb_d8,"ld A,(0x31c4)",1
UNI_ASSEMBLES_DIFF,ldb_d8,"ld A,(0x31c5)",1
UNI_ASSEMBLES_DIFF,ldb_d8,"ld A,(0x31c8)",1
UNI_ASSEMBLES_DIFF,ldb_d8,"ld A,(0x31c9)",1
UNI_ASSEMBLES_DIFF,ldb_d8,"ld A,(0x31ca)",1
UNI_ASSEMBLES_DIFF,ldb_d8,"ld A,(0x31cb)",1
UNI_ASSEMBLES_DIFF,ldb_d8,"ld A,(0x31cc)",1
UNI_ASSEMBLES_DIFF,ldb_d8,"ld A,(0x321a)",1
UNI_ASSEMBLES_DIFF,ldb_d8,"ld A,(0x321b)",1
UNI_ASSEMBLES_DIFF,ldb_d8,"ld A,(0x321d)",1
UNI_ASSEMBLES_DIFF,ldb_d8,"ld A,(0x323b)",1
UNI_ASSEMBLES_DIFF,ldb_d8,"ld A,(0x3240)",1
UNI_ASSEMBLES_DIFF,ldb_d8,"ld A,(0x3241)",1
UNI_ASSEMBLES_DIFF,ldb_d8,"ld A,(0x3242)",1
UNI_ASSEMBLES_DIFF,ldb_d8,"ld A,(0x324a)",1
UNI_ASSEMBLES_DIFF,ldb_d8,"ld A,(0x324c)",1
UNI_ASSEMBLES_DIFF,ldb_d8,"ld A,(0x324e)",1
UNI_ASSEMBLES_DIFF,ldb_d8,"ld A,(0x3255)",1
UNI_ASSEMBLES_DIFF,ldb_d8,"ld A,(0x326b)",1
UNI_ASSEMBLES_DIFF,ldb_d8,"ld A,(0x3274)",1
UNI_ASSEMBLES_DIFF,ldb_d8,"ld A,(0x3279)",1
UNI_ASSEMBLES_DIFF,ldb_d8,"ld A,(0x327b)",1
UNI_ASSEMBLES_DIFF,ldb_d8,"ld A,(0x328e)",1
UNI_ASSEMBLES_DIFF,ldb_d8,"ld A,(0x3297)",1
UNI_ASSEMBLES_DIFF,ldb_d8,"ld A,(0x3299)",1
UNI_ASSEMBLES_DIFF,ldb_d8,"ld A,(0x329a)",1
UNI_ASSEMBLES_DIFF,ldb_d8,"ld A,(0x329b)",1
UNI_ASSEMBLES_DIFF,ldb_d8,"ld A,(0x329e)",1
UNI_ASSEMBLES_DIFF,ldb_d8,"ld A,(0x32a0)",1
UNI_ASSEMBLES_DIFF,ldb_d8,"ld A,(0x32c1)",1
UNI_ASSEMBLES_DIFF,ldb_d8,"ld A,(0x32d1)",1
UNI_ASSEMBLES_DIFF,ldb_d8,"ld A,(0x32d3)",1
UNI_ASSEMBLES_DIFF,ldb_d8,"ld A,(0x32f3)",1
UNI_ASSEMBLES_DIFF,ldb_d8,"ld A,(0x3346)",1
UNI_ASSEMBLES_DIFF,ldb_d8,"ld A,(0x3347)",1
UNI_ASSEMBLES_DIFF,ldb_d8,"ld A,(0x3348)",1
UNI_ASSEMBLES_DIFF,ldb_d8,"ld A,(0x334c)",1
UNI_ASSEMBLES_DIFF,ldb_d8,"ld A,(0x334f)",1
UNI_ASSEMBLES_DIFF,ldb_d8,"ld A,(0x3350)",1
UNI_ASSEMBLES_DIFF,ldb_d8,"ld A,(0x3351)",1
UNI_ASSEMBLES_DIFF,ldb_d8,"ld A,(0x3352)",1
UNI_ASSEMBLES_DIFF,ldb_d8,"ld A,(0x3353)",1
UNI_ASSEMBLES_DIFF,ldb_d8,"ld A,(0x3354)",1
UNI_ASSEMBLES_DIFF,ldb_d8,"ld A,(0x3355)",1
UNI_ASSEMBLES_DIFF,ldb_d8,"ld A,(0x3396)",1
UNI_ASSEMBLES_DIFF,ldb_d8,"ld A,(0x3398)",1
UNI_ASSEMBLES_DIFF,ldb_d8,"ld A,(0x339a)",1
UNI_ASSEMBLES_DIFF,ldb_d8,"ld A,(0x339b)",1
UNI_ASSEMBLES_DIFF,ldb_d8,"ld A,(0x339d)",1
UNI_ASSEMBLES_DIFF,ldb_d8,"ld A,(0x339e)",1
UNI_ASSEMBLES_DIFF,ldb_d8,"ld A,(0x33b1)",1
UNI_ASSEMBLES_DIFF,ldb_d8,"ld A,(0x33d9)",1
UNI_ASSEMBLES_DIFF,ldb_d8,"ld A,(0x33e0)",1
UNI_ASSEMBLES_DIFF,ldb_d8,"ld A,(0x33e1)",1
UNI_ASSEMBLES_DIFF,ldb_d8,"ld A,(0x3403)",1
UNI_ASSEMBLES_DIFF,ldb_d8,"ld A,(0x340b)",1
UNI_ASSEMBLES_DIFF,ldb_d8,"ld A,(0x340d)",1
UNI_ASSEMBLES_DIFF,ldb_d8,"ld A,(0x3440)",1
UNI_ASSEMBLES_DIFF,ldb_d8,"ld A,(0x344e)",1
UNI_ASSEMBLES_DIFF,ldb_d8,"ld A,(0x3472)",1
UNI_ASSEMBLES_DIFF,ldb_d8,"ld A,(0x3474)",1
UNI_ASSEMBLES_DIFF,ldb_d8,"ld A,(0x347b)",1
UNI_ASSEMBLES_DIFF,ldb_d8,"ld A,(0x348f)",1
UNI_ASSEMBLES_DIFF,ldb_d8,"ld A,(0x3490)",1
UNI_ASSEMBLES_DIFF,ldb_d8,"ld A,(0x3498)",1
UNI_ASSEMBLES_DIFF,ldb_d8,"ld A,(0x34a2)",1
UNI_ASSEMBLES_DIFF,ldb_d8,"ld A,(0x34a4)",1
UNI_ASSEMBLES_DIFF,ldb_d8,"ld A,(0x34a6)",1
UNI_ASSEMBLES_DIFF,ldb_d8,"ld A,(0x34aa)",1
UNI_ASSEMBLES_DIFF,ldb_d8,"ld A,(0x34ac)",1
UNI_ASSEMBLES_DIFF,ldb_d8,"ld A,(0x34bb)",1
UNI_ASSEMBLES_DIFF,ldb_d8,"ld A,(0x353c)",1
UNI_ASSEMBLES_DIFF,ldb_d8,"ld A,(0x354a)",1
UNI_ASSEMBLES_DIFF,ldb_d8,"ld A,(0x355d)",1
UNI_ASSEMBLES_DIFF,ldb_d8,"ld A,(0x355e)",1
UNI_ASSEMBLES_DIFF,ldb_d8,"ld A,(0x3564)",1
UNI_ASSEMBLES_DIFF,ldb_d8,"ld A,(0x3626)",1
UNI_ASSEMBLES_DIFF,ldb_d8,"ld A,(0x3629)",1
UNI_ASSEMBLES_DIFF,ldb_d8,"ld A,(0x364e)",1
UNI_ASSEMBLES_DIFF,ldb_d8,"ld A,(0x3650)",1
UNI_ASSEMBLES_DIFF,ldb_d8,"ld A,(0x365b)",1
UNI_ASSEMBLES_DIFF,ldb_d8,"ld A,(0x365c)",1
UNI_ASSEMBLES_DIFF,ldb_d8,"ld A,(0x3677)",1
UNI_ASSEMBLES_DIFF,ldb_d8,"ld A,(0x3679)",1
UNI_ASSEMBLES_DIFF,ldb_d8,"ld A,(0x367e)",1
UNI_ASSEMBLES_DIFF,ldb_d8,"ld A,(0x3684)",1
UNI_ASSEMBLES_DIFF,ldb_d8,"ld A,(0x3691)",1
UNI_ASSEMBLES_DIFF,ldb_d8,"ld A,(0x36e8)",1
UNI_ASSEMBLES_DIFF,ldb_d8,"ld A,(0x36e9)",1
UNI_ASSEMBLES_DIFF,ldb_d8,"ld A,(0x374d)",1
UNI_ASSEMBLES_DIFF,ldb_d8,"ld A,(0x374e)",1
UNI_ASSEMBLES_DIFF,ldb_d8,"ld A,(0x374f)",1
UNI_ASSEMBLES_DIFF,ldb_d8,"ld A,(0x3752)",1
UNI_ASSEMBLES_DIFF,ldb_d8,"ld A,(0x3753)",1
UNI_ASSEMBLES_DIFF,ldb_d8,"ld A,(0x3754)",1
UNI_ASSEMBLES_DIFF,ldb_d8,"ld A,(0x3755)",1
UNI_ASSEMBLES_DIFF,ldb_d8,"ld A,(0x3759)",1
UNI_ASSEMBLES_DIFF,ldb_d8,"ld A,(0x386c)",1
UNI_ASSEMBLES_DIFF,ldb_d8,"ld A,(0x386e)",1
UNI_ASSEMBLES_DIFF,ldb_d8,"ld A,(0x386f)",1
UNI_ASSEMBLES_DIFF,ldb_d8,"ld A,(0x3870)",1
UNI_ASSEMBLES_DIFF,ldb_d8,"ld A,(0x38fa)",1
UNI_ASSEMBLES_DIFF,ldb_d8,"ld A,(0x38fc)",1
UNI_ASSEMBLES_DIFF,ldb_d8,"ld A,(0x390f)",1
UNI_ASSEMBLES_DIFF,ldb_d8,"ld A,(0x391a)",1
UNI_ASSEMBLES_DIFF,ldb_d8,"ld A,(0x391c)",1
UNI_ASSEMBLES_DIFF,ldb_d8,"ld A,(0x39db)",1
UNI_ASSEMBLES_DIFF,ldb_d8,"ld A,(0x436a)",1
UNI_ASSEMBLES_DIFF,ldb_d8,"ld A,(0x436d)",1
UNI_ASSEMBLES_DIFF,ld_sd8b,"ld A,(0x51)",1
UNI_ASSEMBLES_DIFF,ldb_d8,"ld A,(0x760b)",1
UNI_ASSEMBLES_DIFF,ldb_d8,"ld A,(0x761b)",1
UNI_ASSEMBLES_DIFF,ldb_d8,"ld A,(0x76a5)",1
UNI_ASSEMBLES_DIFF,ldb_d8,"ld A,(0x76aa)",1
UNI_ASSEMBLES_DIFF,ldb_d8,"ld A,(0x76b1)",1
UNI_ASSEMBLES_DIFF,ldb_d8,"ld A,(0x76dd)",1
UNI_ASSEMBLES_DIFF,ldb_d8,"ld A,(0x76e5)",1
UNI_ASSEMBLES_DIFF,ldb_d8,"ld A,(0x76f1)",1
UNI_ASSEMBLES_DIFF,ldb_d8,"ld A,(0x771d)",1
UNI_ASSEMBLES_DIFF,ldb_d8,"ld A,(0x7725)",1
UNI_ASSEMBLES_DIFF,ldb_d8,"ld A,(0x7731)",1
UNI_ASSEMBLES_DIFF,ldb_d8,"ld A,(0x775d)",1
UNI_ASSEMBLES_DIFF,ldb_d8,"ld A,(0x7765)",1
UNI_ASSEMBLES_DIFF,ldb_d8,"ld A,(0x7771)",1
UNI_ASSEMBLES_DIFF,ldb_d8,"ld A,(0x779d)",1
UNI_ASSEMBLES_DIFF,ldb_d8,"ld A,(0x77a5)",1
UNI_ASSEMBLES_DIFF,ldb_d8,"ld A,(0x77b1)",1
UNI_ASSEMBLES_DIFF,ldb_d8,"ld A,(0x77dd)",1
UNI_ASSEMBLES_DIFF,ldb_d8,"ld A,(0x77e5)",1
UNI_ASSEMBLES_DIFF,ldb_d8,"ld A,(0x77f1)",1
UNI_ASSEMBLES_DIFF,ldb_d8,"ld A,(0x781d)",1
UNI_ASSEMBLES_DIFF,ldb_d8,"ld A,(0x7825)",1
UNI_ASSEMBLES_DIFF,ldb_d8,"ld A,(0x7831)",1
UNI_ASSEMBLES_DIFF,ldb_d8,"ld A,(0x785d)",1
UNI_ASSEMBLES_DIFF,ldb_d8,"ld A,(0x7865)",1
UNI_ASSEMBLES_DIFF,ldb_d8,"ld A,(0x7871)",1
UNI_ASSEMBLES_DIFF,ldb_d8,"ld A,(0x789d)",1
UNI_ASSEMBLES_DIFF,ldb_d8,"ld A,(0x78a2)",1
UNI_ASSEMBLES_DIFF,ldb_d8,"ld A,(0x78a3)",1
UNI_ASSEMBLES_DIFF,ldb_d8,"ld A,(0x78b2)",1
UNI_ASSEMBLES_DIFF,ldb_d8,"ld A,(0x7d61)",1
UNI_ASSEMBLES_DIFF,ldb_d8,"ld A,(0x7d6c)",1
UNI_ASSEMBLES_DIFF,ldb_d8,"ld A,(0x7d6d)",1
UNI_ASSEMBLES_DIFF,ldb_d8,"ld A,(0x7d83)",1
UNI_ASSEMBLES_DIFF,ldb_d8,"ld A,(0x7dc6)",1
UNI_ASSEMBLES_DIFF,ldb_d8,"ld A,(0x7dd2)",1
UNI_ASSEMBLES_DIFF,ldb_d8,"ld A,(0x7dd3)",1
UNI_ASSEMBLES_DIFF,ldb_d8,"ld A,(0x7e9d)",1
UNI_ASSEMBLES_DIFF,ldb_d8,"ld A,(0x7ea2)",1
UNI_ASSEMBLES_DIFF,ldb_d8,"ld A,(0x7ecc)",1
UNI_ASSEMBLES_DIFF,ldb_d8,"ld A,(0x7ee2)",1
UNI_ASSEMBLES_DIFF,ldb_d8,"ld A,(0x7f03)",1
UNI_ASSEMBLES_DIFF,ldb_d8,"ld A,(0x7f17)",1
UNI_ASSEMBLES_DIFF,ldb_d8,"ld A,(0x7f23)",1
UNI_ASSEMBLES_DIFF,ldb_d8,"ld A,(0x7f24)",1
UNI_ASSEMBLES_DIFF,ldb_d8,"ld A,(0x7f28)",1
UNI_ASSEMBLES_DIFF,ldb_d8,"ld A,(0x7f29)",1
UNI_ASSEMBLES_DIFF,ldb_d8,"ld A,(0x7f2a)",1
UNI_ASSEMBLES_DIFF,ldb_d8,"ld A,(0x7f32)",1
UNI_ASSEMBLES_DIFF,ldb_d8,"ld A,(0x7f33)",1
UNI_ASSEMBLES_DIFF,ldb_d8,"ld A,(0x7f4c)",1
UNI_ASSEMBLES_DIFF,ldb_d8,"ld A,(0x7f4e)",1
UNI_ASSEMBLES_DIFF,ldb_d8,"ld A,(0x839e)",1
UNI_ASSEMBLES_DIFF,ld_sd8b,"ld A,(0x86)",1
UNI_ASSEMBLES_DIFF,ld_sd8b,"ld A,(0x87)",1
UNI_ASSEMBLES_DIFF,ldb_d8,"ld A,(0x8886)",1
UNI_ASSEMBLES_DIFF,ldb_d8,"ld A,(0x88a0)",1
UNI_ASSEMBLES_DIFF,ldb_d8,"ld A,(0x88aa)",1
UNI_ASSEMBLES_DIFF,ldb_d8,"ld A,(0x896a)",1
UNI_ASSEMBLES_DIFF,ldb_d8,"ld A,(0x8988)",1
UNI_ASSEMBLES_DIFF,ldb_d8,"ld A,(0x899a)",1
UNI_ASSEMBLES_DIFF,ldb_d8,"ld A,(0x89d2)",1
UNI_ASSEMBLES_DIFF,ldb_d8,"ld A,(0x8c9d)",1
UNI_ASSEMBLES_DIFF,ldb_d8,"ld A,(0x8ca0)",1
UNI_ASSEMBLES_DIFF,ldb_d8,"ld A,(0x8cb2)",1
UNI_ASSEMBLES_DIFF,ldb_d8,"ld A,(0x8cb8)",1
UNI_ASSEMBLES_DIFF,ldb_d8,"ld A,(0x8cc0)",1
UNI_ASSEMBLES_DIFF,ldb_d8,"ld A,(0x8cc2)",1
UNI_ASSEMBLES_DIFF,ldb_d8,"ld A,(0x8ce4)",1
UNI_ASSEMBLES_DIFF,ldb_d8,"ld A,(0x8cea)",1
UNI_ASSEMBLES_DIFF,ldb_d8,"ld A,(0x8cec)",1
UNI_ASSEMBLES_DIFF,ldb_d8,"ld A,(0x8cf0)",1
UNI_ASSEMBLES_DIFF,ldb_d8,"ld A,(0x8cf7)",1
UNI_ASSEMBLES_DIFF,ldb_d8,"ld A,(0x8cfa)",1
UNI_ASSEMBLES_DIFF,ldb_d8,"ld A,(0x8db9)",1
UNI_ASSEMBLES_DIFF,ldb_d8,"ld A,(0x8dce)",1
UNI_ASSEMBLES_DIFF,ldb_d8,"ld A,(0x8df0)",1
UNI_ASSEMBLES_DIFF,ldb_d8,"ld A,(0x8df2)",1
UNI_ASSEMBLES_DIFF,ldb_d8,"ld A,(0x8df4)",1
UNI_ASSEMBLES_DIFF,ldb_d8,"ld A,(0x8e40)",1
UNI_ASSEMBLES_DIFF,ldb_d8,"ld A,(0x8e46)",1
UNI_ASSEMBLES_DIFF,ldb_d8,"ld A,(0x8eae)",1
UNI_ASSEMBLES_DIFF,ldb_d8,"ld A,(0x8eb2)",1
UNI_ASSEMBLES_DIFF,ldb_d8,"ld A,(0x8ebc)",1
UNI_ASSEMBLES_DIFF,ld_sd8b,"ld A,(0x90)",1
UNI_ASSEMBLES_DIFF,ldb_d8,"ld A,(0x9049)",1
UNI_ASSEMBLES_DIFF,ldb_d8,"ld A,(0x905a)",1
UNI_ASSEMBLES_DIFF,ldb_d8,"ld A,(0x905b)",1
UNI_ASSEMBLES_DIFF,ldb_d8,"ld A,(0x908e)",1
UNI_ASSEMBLES_DIFF,ldb_d8,"ld A,(0x9096)",1
UNI_ASSEMBLES_DIFF,ldb_d8,"ld A,(0x9119)",1
UNI_ASSEMBLES_DIFF,ldb_d8,"ld A,(0x911d)",1
UNI_ASSEMBLES_DIFF,ldb_d8,"ld A,(0x911f)",1
UNI_ASSEMBLES_DIFF,ldb_d8,"ld A,(0x9124)",1
UNI_ASSEMBLES_DIFF,ldb_d8,"ld A,(0x912b)",1
UNI_ASSEMBLES_DIFF,ldb_d8,"ld A,(0x912e)",1
UNI_ASSEMBLES_DIFF,ld_sd8b,"ld A,(0x94)",1
UNI_ASSEMBLES_DIFF,ldb_d8,"ld A,(0x95b3)",1
UNI_ASSEMBLES_DIFF,ld_sd8b,"ld A,(0x9a)",1
UNI_ASSEMBLES_DIFF,ld_sd8b,"ld A,(0x9b)",1
UNI_ASSEMBLES_DIFF,ld_sd8b,"ld A,(0xa4)",1
UNI_ASSEMBLES_DIFF,ld_sd8b,"ld A,(0xa9)",1
UNI_ASSEMBLES_DIFF,ldb_d8,"ld A,(0xb743)",1
UNI_ASSEMBLES_DIFF,ldb_d8,"ld A,(0xbc70)",1
UNI_ASSEMBLES_DIFF,ldb_d8,"ld A,(0xbc74)",1
UNI_ASSEMBLES_DIFF,ldb_d8,"ld A,(0xbc78)",1
UNI_ASSEMBLES_DIFF,ld_sd8b,"ld A,(0xbe)",1
UNI_ASSEMBLES_DIFF,ldb_d8,"ld A,(0xc2c8)",1
UNI_ASSEMBLES_DIFF,ldb_d8,"ld A,(0xc398)",1
UNI_ASSEMBLES_DIFF,ldb_d8,"ld A,(0xc399)",1
UNI_ASSEMBLES_DIFF,ldb_d8,"ld A,(0xce42)",1
UNI_ASSEMBLES_DIFF,ldb_d8,"ld A,(0xce45)",1
UNI_ASSEMBLES_DIFF,ldb_d8,"ld A,(0xce49)",1
UNI_ASSEMBLES_DIFF,ld_sd8b,"ld A,(0xd5)",1
UNI_ASSEMBLES_DIFF,ldb_d8,"ld A,(0xe2d6)",1
UNI_ASSEMBLES_DIFF,ldb_d8,"ld A,(0xe8f6)",1
UNI_ASSEMBLES_DIFF,ldb_d8,"ld A,(0xe91e)",1
UNI_ASSEMBLES_DIFF,ldb_d8,"ld A,(0xf014)",1
UNI_ASSEMBLES_DIFF,ldb_d8,"ld A,(0xf016)",1
UNI_ASSEMBLES_DIFF,ldb_d8,"ld B,(0x0713)",1
UNI_ASSEMBLES_DIFF,ldb_d8,"ld B,(0x12b5)",1
UNI_ASSEMBLES_DIFF,ldb_d8,"ld B,(0x20b9)",1
UNI_ASSEMBLES_DIFF,ldb_d8,"ld B,(0x218f)",1
UNI_ASSEMBLES_DIFF,ldb_d8,"ld B,(0x21e8)",1
UNI_ASSEMBLES_DIFF,ldb_d8,"ld B,(0x24f4)",1
UNI_ASSEMBLES_DIFF,ldb_d8,"ld B,(0x26f5)",1
UNI_ASSEMBLES_DIFF,ldb_d8,"ld B,(0x34bc)",1
UNI_ASSEMBLES_DIFF,ldb_d8,"ld B,(0x7f32)",1
UNI_ASSEMBLES_DIFF,ldb_d8,"ld B,(0x90e3)",1
UNI_ASSEMBLES_DIFF,ldb_d8,"ld B,(0xce55)",1
UNI_ASSEMBLES_DIFF,ldw_d16,"ld BC,(0x040c)",1
UNI_ASSEMBLES_DIFF,ldw_d16,"ld BC,(0x0c00)",1
UNI_ASSEMBLES_DIFF,ldw_d16,"ld BC,(0x0c32)",1
UNI_ASSEMBLES_DIFF,ldw_d16,"ld BC,(0x0c55)",1
UNI_ASSEMBLES_DIFF,ldw_d16,"ld BC,(0x0c5d)",1
UNI_ASSEMBLES_DIFF,ldw_d16,"ld BC,(0x0d10)",1
UNI_ASSEMBLES_DIFF,ldw_d16,"ld BC,(0x0dbe)",1
UNI_ASSEMBLES_DIFF,ldw_d16,"ld BC,(0x0e36)",1
UNI_ASSEMBLES_DIFF,ldw_d16,"ld BC,(0x1072)",1
UNI_ASSEMBLES_DIFF,ldw_d16,"ld BC,(0x1086)",1
UNI_ASSEMBLES_DIFF,ldw_d16,"ld BC,(0x1198)",1
UNI_ASSEMBLES_DIFF,ldw_d16,"ld BC,(0x1505)",1
UNI_ASSEMBLES_DIFF,ldw_d16,"ld BC,(0x1521)",1
UNI_ASSEMBLES_DIFF,ldw_d16,"ld BC,(0x207a)",1
UNI_ASSEMBLES_DIFF,ldw_d16,"ld BC,(0x2098)",1
UNI_ASSEMBLES_DIFF,ldw_d16,"ld BC,(0x20b9)",1
UNI_ASSEMBLES_DIFF,ldw_d16,"ld BC,(0x2197)",1
UNI_ASSEMBLES_DIFF,ldw_d16,"ld BC,(0x23ba)",1
UNI_ASSEMBLES_DIFF,ldw_d16,"ld BC,(0x23bc)",1
UNI_ASSEMBLES_DIFF,ldw_d16,"ld BC,(0x2532)",1
UNI_ASSEMBLES_DIFF,ldw_d16,"ld BC,(0x2693)",1
UNI_ASSEMBLES_DIFF,ldw_d16,"ld BC,(0x26a5)",1
UNI_ASSEMBLES_DIFF,ldw_d16,"ld BC,(0x26a6)",1
UNI_ASSEMBLES_DIFF,ldw_d16,"ld BC,(0x26f2)",1
UNI_ASSEMBLES_DIFF,ldw_d16,"ld BC,(0x26f3)",1
UNI_ASSEMBLES_DIFF,ldw_d16,"ld BC,(0x2704)",1
UNI_ASSEMBLES_DIFF,ldw_d16,"ld BC,(0x2728)",1
UNI_ASSEMBLES_DIFF,ldw_d16,"ld BC,(0x2736)",1
UNI_ASSEMBLES_DIFF,ldw_d16,"ld BC,(0x2748)",1
UNI_ASSEMBLES_DIFF,ldw_d16,"ld BC,(0x279b)",1
UNI_ASSEMBLES_DIFF,ldw_d16,"ld BC,(0x2880)",1
UNI_ASSEMBLES_DIFF,ldw_d16,"ld BC,(0x28d2)",1
UNI_ASSEMBLES_DIFF,ldw_d16,"ld BC,(0x3000)",1
UNI_ASSEMBLES_DIFF,ldw_d16,"ld BC,(0x33a1)",1
UNI_ASSEMBLES_DIFF,ldw_d16,"ld BC,(0x33f2)",1
UNI_ASSEMBLES_DIFF,ldw_d16,"ld BC,(0x33f8)",1
UNI_ASSEMBLES_DIFF,ldw_d16,"ld BC,(0x3438)",1
UNI_ASSEMBLES_DIFF,ldw_d16,"ld BC,(0x3484)",1
UNI_ASSEMBLES_DIFF,ldw_d16,"ld BC,(0x356a)",1
UNI_ASSEMBLES_DIFF,ldw_d16,"ld BC,(0x3572)",1
UNI_ASSEMBLES_DIFF,ldw_d16,"ld BC,(0x3576)",1
UNI_ASSEMBLES_DIFF,ldw_d16,"ld BC,(0x35c4)",1
UNI_ASSEMBLES_DIFF,ldw_d16,"ld BC,(0x35c8)",1
UNI_ASSEMBLES_DIFF,ldw_d16,"ld BC,(0x3622)",1
UNI_ASSEMBLES_DIFF,ldw_d16,"ld BC,(0x38e6)",1
UNI_ASSEMBLES_DIFF,ldw_d16,"ld BC,(0x38e8)",1
UNI_ASSEMBLES_DIFF,ldw_d16,"ld BC,(0x7fd7)",1
UNI_ASSEMBLES_DIFF,ldw_d16,"ld BC,(0x83a6)",1
UNI_ASSEMBLES_DIFF,ldw_d16,"ld BC,(0x8406)",1
UNI_ASSEMBLES_DIFF,ldw_d16,"ld BC,(0x895a)",1
UNI_ASSEMBLES_DIFF,ldw_d16,"ld BC,(0xc152)",1
UNI_ASSEMBLES_DIFF,ldw_d16,"ld BC,(0xc15a)",1
UNI_ASSEMBLES_DIFF,ldw_d16,"ld BC,(0xd00c)",1
UNI_ASSEMBLES_DIFF,ldw_d16,"ld BC,(0xd812)",1
UNI_ASSEMBLES_DIFF,ldw_d16,"ld BC,(0xe929)",1
UNI_ASSEMBLES_DIFF,ldw_d16,"ld BC,(0xf2f3)",1
UNI_ASSEMBLES_DIFF,ldb_d8,"ld C,(0x0414)",1
UNI_ASSEMBLES_DIFF,ldb_d8,"ld C,(0x051a)",1
UNI_ASSEMBLES_DIFF,ldb_d8,"ld C,(0x08ec)",1
UNI_ASSEMBLES_DIFF,ldb_d8,"ld C,(0x0960)",1
UNI_ASSEMBLES_DIFF,ldb_d8,"ld C,(0x0c11)",1
UNI_ASSEMBLES_DIFF,ldb_d8,"ld C,(0x0c12)",1
UNI_ASSEMBLES_DIFF,ldb_d8,"ld C,(0x0c36)",1
UNI_ASSEMBLES_DIFF,ldb_d8,"ld C,(0x0c72)",1
UNI_ASSEMBLES_DIFF,ldb_d8,"ld C,(0x0c8f)",1
UNI_ASSEMBLES_DIFF,ldb_d8,"ld C,(0x0e03)",1
UNI_ASSEMBLES_DIFF,ldb_d8,"ld C,(0x0e10)",1
UNI_ASSEMBLES_DIFF,ldb_d8,"ld C,(0x0e16)",1
UNI_ASSEMBLES_DIFF,ldb_d8,"ld C,(0x0e17)",1
UNI_ASSEMBLES_DIFF,ldb_d8,"ld C,(0x0e58)",1
UNI_ASSEMBLES_DIFF,ldb_d8,"ld C,(0x0ecf)",1
UNI_ASSEMBLES_DIFF,ldb_d8,"ld C,(0x0ee9)",1
UNI_ASSEMBLES_DIFF,ldb_d8,"ld C,(0x0f65)",1
UNI_ASSEMBLES_DIFF,ldb_d8,"ld C,(0x0f66)",1
UNI_ASSEMBLES_DIFF,ldb_d8,"ld C,(0x106f)",1
UNI_ASSEMBLES_DIFF,ldb_d8,"ld C,(0x10ca)",1
UNI_ASSEMBLES_DIFF,ldb_d8,"ld C,(0x10cc)",1
UNI_ASSEMBLES_DIFF,ldb_d8,"ld C,(0x10ec)",1
UNI_ASSEMBLES_DIFF,ldb_d8,"ld C,(0x1193)",1
UNI_ASSEMBLES_DIFF,ldb_d8,"ld C,(0x1194)",1
UNI_ASSEMBLES_DIFF,ldb_d8,"ld C,(0x124c)",1
UNI_ASSEMBLES_DIFF,ldb_d8,"ld C,(0x12a7)",1
UNI_ASSEMBLES_DIFF,ldb_d8,"ld C,(0x133e)",1
UNI_ASSEMBLES_DIFF,ldb_d8,"ld C,(0x1501)",1
UNI_ASSEMBLES_DIFF,ldb_d8,"ld C,(0x150a)",1
UNI_ASSEMBLES_DIFF,ldb_d8,"ld C,(0x1533)",1
UNI_ASSEMBLES_DIFF,ldb_d8,"ld C,(0x1534)",1
UNI_ASSEMBLES_DIFF,ldb_d8,"ld C,(0x153c)",1
UNI_ASSEMBLES_DIFF,ld_sd8b,"ld C,(0x18)",1
UNI_ASSEMBLES_DIFF,ldb_d8,"ld C,(0x2030)",1
UNI_ASSEMBLES_DIFF,ldb_d8,"ld C,(0x2071)",1
UNI_ASSEMBLES_DIFF,ldb_d8,"ld C,(0x209b)",1
UNI_ASSEMBLES_DIFF,ldb_d8,"ld C,(0x209c)",1
UNI_ASSEMBLES_DIFF,ldb_d8,"ld C,(0x20bb)",1
UNI_ASSEMBLES_DIFF,ldb_d8,"ld C,(0x2181)",1
UNI_ASSEMBLES_DIFF,ldb_d8,"ld C,(0x2182)",1
UNI_ASSEMBLES_DIFF,ldb_d8,"ld C,(0x2183)",1
UNI_ASSEMBLES_DIFF,ldb_d8,"ld C,(0x2184)",1
UNI_ASSEMBLES_DIFF,ldb_d8,"ld C,(0x21c9)",1
UNI_ASSEMBLES_DIFF,ldb_d8,"ld C,(0x21ca)",1
UNI_ASSEMBLES_DIFF,ldb_d8,"ld C,(0x21cb)",1
UNI_ASSEMBLES_DIFF,ldb_d8,"ld C,(0x21cc)",1
UNI_ASSEMBLES_DIFF,ldb_d8,"ld C,(0x21cd)",1
UNI_ASSEMBLES_DIFF,ldb_d8,"ld C,(0x21ce)",1
UNI_ASSEMBLES_DIFF,ldb_d8,"ld C,(0x21cf)",1
UNI_ASSEMBLES_DIFF,ldb_d8,"ld C,(0x21d0)",1
UNI_ASSEMBLES_DIFF,ldb_d8,"ld C,(0x21d1)",1
UNI_ASSEMBLES_DIFF,ldb_d8,"ld C,(0x21d2)",1
UNI_ASSEMBLES_DIFF,ldb_d8,"ld C,(0x2330)",1
UNI_ASSEMBLES_DIFF,ldb_d8,"ld C,(0x2331)",1
UNI_ASSEMBLES_DIFF,ldb_d8,"ld C,(0x2336)",1
UNI_ASSEMBLES_DIFF,ldb_d8,"ld C,(0x2337)",1
UNI_ASSEMBLES_DIFF,ldb_d8,"ld C,(0x24f2)",1
UNI_ASSEMBLES_DIFF,ldb_d8,"ld C,(0x24f3)",1
UNI_ASSEMBLES_DIFF,ldb_d8,"ld C,(0x24f4)",1
UNI_ASSEMBLES_DIFF,ldb_d8,"ld C,(0x2503)",1
UNI_ASSEMBLES_DIFF,ldb_d8,"ld C,(0x2504)",1
UNI_ASSEMBLES_DIFF,ldb_d8,"ld C,(0x259e)",1
UNI_ASSEMBLES_DIFF,ldb_d8,"ld C,(0x2642)",1
UNI_ASSEMBLES_DIFF,ldb_d8,"ld C,(0x2643)",1
UNI_ASSEMBLES_DIFF,ldb_d8,"ld C,(0x2648)",1
UNI_ASSEMBLES_DIFF,ldb_d8,"ld C,(0x2660)",1
UNI_ASSEMBLES_DIFF,ldb_d8,"ld C,(0x2661)",1
UNI_ASSEMBLES_DIFF,ldb_d8,"ld C,(0x2662)",1
UNI_ASSEMBLES_DIFF,ldb_d8,"ld C,(0x2663)",1
UNI_ASSEMBLES_DIFF,ldb_d8,"ld C,(0x269d)",1
UNI_ASSEMBLES_DIFF,ldb_d8,"ld C,(0x26f1)",1
UNI_ASSEMBLES_DIFF,ldb_d8,"ld C,(0x26f6)",1
UNI_ASSEMBLES_DIFF,ldb_d8,"ld C,(0x26f8)",1
UNI_ASSEMBLES_DIFF,ldb_d8,"ld C,(0x26f9)",1
UNI_ASSEMBLES_DIFF,ldb_d8,"ld C,(0x26fb)",1
UNI_ASSEMBLES_DIFF,ldb_d8,"ld C,(0x26fe)",1
UNI_ASSEMBLES_DIFF,ldb_d8,"ld C,(0x2737)",1
UNI_ASSEMBLES_DIFF,ldb_d8,"ld C,(0x2746)",1
UNI_ASSEMBLES_DIFF,ldb_d8,"ld C,(0x2748)",1
UNI_ASSEMBLES_DIFF,ldb_d8,"ld C,(0x2749)",1
UNI_ASSEMBLES_DIFF,ldb_d8,"ld C,(0x2794)",1
UNI_ASSEMBLES_DIFF,ldb_d8,"ld C,(0x27a3)",1
UNI_ASSEMBLES_DIFF,ldb_d8,"ld C,(0x27a6)",1
UNI_ASSEMBLES_DIFF,ldb_d8,"ld C,(0x27e9)",1
UNI_ASSEMBLES_DIFF,ldb_d8,"ld C,(0x2820)",1
UNI_ASSEMBLES_DIFF,ldb_d8,"ld C,(0x2846)",1
UNI_ASSEMBLES_DIFF,ldb_d8,"ld C,(0x28af)",1
UNI_ASSEMBLES_DIFF,ldb_d8,"ld C,(0x28d4)",1
UNI_ASSEMBLES_DIFF,ldb_d8,"ld C,(0x28e1)",1
UNI_ASSEMBLES_DIFF,ldb_d8,"ld C,(0x28e3)",1
UNI_ASSEMBLES_DIFF,ldb_d8,"ld C,(0x28e5)",1
UNI_ASSEMBLES_DIFF,ldb_d8,"ld C,(0x28e7)",1
UNI_ASSEMBLES_DIFF,ldb_d8,"ld C,(0x2b31)",1
UNI_ASSEMBLES_DIFF,ldb_d8,"ld C,(0x2b33)",1
UNI_ASSEMBLES_DIFF,ldb_d8,"ld C,(0x33da)",1
UNI_ASSEMBLES_DIFF,ldb_d8,"ld C,(0x33db)",1
UNI_ASSEMBLES_DIFF,ldb_d8,"ld C,(0x33dc)",1
UNI_ASSEMBLES_DIFF,ldb_d8,"ld C,(0x344d)",1
UNI_ASSEMBLES_DIFF,ldb_d8,"ld C,(0x3498)",1
UNI_ASSEMBLES_DIFF,ldb_d8,"ld C,(0x34a2)",1
UNI_ASSEMBLES_DIFF,ldb_d8,"ld C,(0x34ab)",1
UNI_ASSEMBLES_DIFF,ldb_d8,"ld C,(0x34d4)",1
UNI_ASSEMBLES_DIFF,ldb_d8,"ld C,(0x355f)",1
UNI_ASSEMBLES_DIFF,ldb_d8,"ld C,(0x3602)",1
UNI_ASSEMBLES_DIFF,ldb_d8,"ld C,(0x366b)",1
UNI_ASSEMBLES_DIFF,ldb_d8,"ld C,(0x3673)",1
UNI_ASSEMBLES_DIFF,ldb_d8,"ld C,(0x36aa)",1
UNI_ASSEMBLES_DIFF,ldb_d8,"ld C,(0x372d)",1
UNI_ASSEMBLES_DIFF,ldb_d8,"ld C,(0x386e)",1
UNI_ASSEMBLES_DIFF,ldb_d8,"ld C,(0x386f)",1
UNI_ASSEMBLES_DIFF,ldb_d8,"ld C,(0x38a2)",1
UNI_ASSEMBLES_DIFF,ldb_d8,"ld C,(0x38f5)",1
UNI_ASSEMBLES_DIFF,ldb_d8,"ld C,(0x38f6)",1
UNI_ASSEMBLES_DIFF,ldb_d8,"ld C,(0x38f7)",1
UNI_ASSEMBLES_DIFF,ldb_d8,"ld C,(0x38f8)",1
UNI_ASSEMBLES_DIFF,ldb_d8,"ld C,(0x38f9)",1
UNI_ASSEMBLES_DIFF,ldb_d8,"ld C,(0x38fc)",1
UNI_ASSEMBLES_DIFF,ldb_d8,"ld C,(0x391b)",1
UNI_ASSEMBLES_DIFF,ldb_d8,"ld C,(0x3b13)",1
UNI_ASSEMBLES_DIFF,ldb_d8,"ld C,(0x760a)",1
UNI_ASSEMBLES_DIFF,ldb_d8,"ld C,(0x761a)",1
UNI_ASSEMBLES_DIFF,ldb_d8,"ld C,(0x76b0)",1
UNI_ASSEMBLES_DIFF,ldb_d8,"ld C,(0x76b3)",1
UNI_ASSEMBLES_DIFF,ldb_d8,"ld C,(0x76b4)",1
UNI_ASSEMBLES_DIFF,ldb_d8,"ld C,(0x76b5)",1
UNI_ASSEMBLES_DIFF,ldb_d8,"ld C,(0x76b6)",1
UNI_ASSEMBLES_DIFF,ldb_d8,"ld C,(0x76e2)",1
UNI_ASSEMBLES_DIFF,ldb_d8,"ld C,(0x76f0)",1
UNI_ASSEMBLES_DIFF,ldb_d8,"ld C,(0x76f3)",1
UNI_ASSEMBLES_DIFF,ldb_d8,"ld C,(0x76f4)",1
UNI_ASSEMBLES_DIFF,ldb_d8,"ld C,(0x76f5)",1
UNI_ASSEMBLES_DIFF,ldb_d8,"ld C,(0x76f6)",1
UNI_ASSEMBLES_DIFF,ldb_d8,"ld C,(0x7722)",1
UNI_ASSEMBLES_DIFF,ldb_d8,"ld C,(0x7730)",1
UNI_ASSEMBLES_DIFF,ldb_d8,"ld C,(0x7733)",1
UNI_ASSEMBLES_DIFF,ldb_d8,"ld C,(0x7734)",1
UNI_ASSEMBLES_DIFF,ldb_d8,"ld C,(0x7735)",1
UNI_ASSEMBLES_DIFF,ldb_d8,"ld C,(0x7736)",1
UNI_ASSEMBLES_DIFF,ldb_d8,"ld C,(0x7762)",1
UNI_ASSEMBLES_DIFF,ldb_d8,"ld C,(0x7770)",1
UNI_ASSEMBLES_DIFF,ldb_d8,"ld C,(0x7773)",1
UNI_ASSEMBLES_DIFF,ldb_d8,"ld C,(0x7774)",1
UNI_ASSEMBLES_DIFF,ldb_d8,"ld C,(0x7775)",1
UNI_ASSEMBLES_DIFF,ldb_d8,"ld C,(0x7776)",1
UNI_ASSEMBLES_DIFF,ldb_d8,"ld C,(0x77a2)",1
UNI_ASSEMBLES_DIFF,ldb_d8,"ld C,(0x77b0)",1
UNI_ASSEMBLES_DIFF,ldb_d8,"ld C,(0x77b3)",1
UNI_ASSEMBLES_DIFF,ldb_d8,"ld C,(0x77b4)",1
UNI_ASSEMBLES_DIFF,ldb_d8,"ld C,(0x77b5)",1
UNI_ASSEMBLES_DIFF,ldb_d8,"ld C,(0x77b6)",1
UNI_ASSEMBLES_DIFF,ldb_d8,"ld C,(0x77e2)",1
UNI_ASSEMBLES_DIFF,ldb_d8,"ld C,(0x77f0)",1
UNI_ASSEMBLES_DIFF,ldb_d8,"ld C,(0x77f3)",1
UNI_ASSEMBLES_DIFF,ldb_d8,"ld C,(0x77f4)",1
UNI_ASSEMBLES_DIFF,ldb_d8,"ld C,(0x77f5)",1
UNI_ASSEMBLES_DIFF,ldb_d8,"ld C,(0x77f6)",1
UNI_ASSEMBLES_DIFF,ldb_d8,"ld C,(0x7822)",1
UNI_ASSEMBLES_DIFF,ldb_d8,"ld C,(0x7830)",1
UNI_ASSEMBLES_DIFF,ldb_d8,"ld C,(0x7833)",1
UNI_ASSEMBLES_DIFF,ldb_d8,"ld C,(0x7834)",1
UNI_ASSEMBLES_DIFF,ldb_d8,"ld C,(0x7835)",1
UNI_ASSEMBLES_DIFF,ldb_d8,"ld C,(0x7836)",1
UNI_ASSEMBLES_DIFF,ldb_d8,"ld C,(0x7862)",1
UNI_ASSEMBLES_DIFF,ldb_d8,"ld C,(0x7870)",1
UNI_ASSEMBLES_DIFF,ldb_d8,"ld C,(0x7873)",1
UNI_ASSEMBLES_DIFF,ldb_d8,"ld C,(0x7874)",1
UNI_ASSEMBLES_DIFF,ldb_d8,"ld C,(0x7875)",1
UNI_ASSEMBLES_DIFF,ldb_d8,"ld C,(0x7876)",1
UNI_ASSEMBLES_DIFF,ldb_d8,"ld C,(0x78b7)",1
UNI_ASSEMBLES_DIFF,ldb_d8,"ld C,(0x7e9b)",1
UNI_ASSEMBLES_DIFF,ldb_d8,"ld C,(0x7ea1)",1
UNI_ASSEMBLES_DIFF,ldb_d8,"ld C,(0x7ea3)",1
UNI_ASSEMBLES_DIFF,ldb_d8,"ld C,(0x7f14)",1
UNI_ASSEMBLES_DIFF,ldb_d8,"ld C,(0x7f23)",1
UNI_ASSEMBLES_DIFF,ldb_d8,"ld C,(0x7f24)",1
UNI_ASSEMBLES_DIFF,ldb_d8,"ld C,(0x7f28)",1
UNI_ASSEMBLES_DIFF,ldb_d8,"ld C,(0x7f29)",1
UNI_ASSEMBLES_DIFF,ldb_d8,"ld C,(0x7f2a)",1
UNI_ASSEMBLES_DIFF,ldb_d8,"ld C,(0x7f33)",1
UNI_ASSEMBLES_DIFF,ldb_d8,"ld C,(0x7f3a)",1
UNI_ASSEMBLES_DIFF,ldb_d8,"ld C,(0x7f3b)",1
UNI_ASSEMBLES_DIFF,ldb_d8,"ld C,(0x7f4d)",1
UNI_ASSEMBLES_DIFF,ldb_d8,"ld C,(0x8462)",1
UNI_ASSEMBLES_DIFF,ldb_d8,"ld C,(0x87fe)",1
UNI_ASSEMBLES_DIFF,ld_sd8b,"ld C,(0x8c)",1
UNI_ASSEMBLES_DIFF,ldb_d8,"ld C,(0x8c98)",1
UNI_ASSEMBLES_DIFF,ldb_d8,"ld C,(0x8ca4)",1
UNI_ASSEMBLES_DIFF,ldb_d8,"ld C,(0x8cb8)",1
UNI_ASSEMBLES_DIFF,ldb_d8,"ld C,(0x8cdc)",1
UNI_ASSEMBLES_DIFF,ldb_d8,"ld C,(0x8ce8)",1
UNI_ASSEMBLES_DIFF,ldb_d8,"ld C,(0x8dd0)",1
UNI_ASSEMBLES_DIFF,ldb_d8,"ld C,(0x8dd2)",1
UNI_ASSEMBLES_DIFF,ldb_d8,"ld C,(0x8dd4)",1
UNI_ASSEMBLES_DIFF,ldb_d8,"ld C,(0x8dda)",1
UNI_ASSEMBLES_DIFF,ldb_d8,"ld C,(0x8df4)",1
UNI_ASSEMBLES_DIFF,ldb_d8,"ld C,(0x8e28)",1
UNI_ASSEMBLES_DIFF,ldb_d8,"ld C,(0x8e3e)",1
UNI_ASSEMBLES_DIFF,ldb_d8,"ld C,(0x8e42)",1
UNI_ASSEMBLES_DIFF,ldb_d8,"ld C,(0x8e4e)",1
UNI_ASSEMBLES_DIFF,ldb_d8,"ld C,(0x8e60)",1
UNI_ASSEMBLES_DIFF,ldb_d8,"ld C,(0x8e62)",1
UNI_ASSEMBLES_DIFF,ldb_d8,"ld C,(0x9094)",1
UNI_ASSEMBLES_DIFF,ldb_d8,"ld C,(0x90bf)",1
UNI_ASSEMBLES_DIFF,ldb_d8,"ld C,(0x90e2)",1
UNI_ASSEMBLES_DIFF,ldb_d8,"ld C,(0x912b)",1
UNI_ASSEMBLES_DIFF,ld_sd8b,"ld C,(0x95)",1
UNI_ASSEMBLES_DIFF,ldb_d8,"ld C,(0x95a9)",1
UNI_ASSEMBLES_DIFF,ld_sd8b,"ld C,(0x97)",1
UNI_ASSEMBLES_DIFF,ld_sd8b,"ld C,(0x9b)",1
UNI_ASSEMBLES_DIFF,ld_sd8b,"ld C,(0x9e)",1
UNI_ASSEMBLES_DIFF,ld_sd8b,"ld C,(0xa3)",1
UNI_ASSEMBLES_DIFF,ldb_d8,"ld C,(0xb754)",1
UNI_ASSEMBLES_DIFF,ldb_d8,"ld C,(0xbfe1)",1
UNI_ASSEMBLES_DIFF,ldb_d8,"ld C,(0xc150)",1
UNI_ASSEMBLES_DIFF,ldb_d8,"ld C,(0xc232)",1
UNI_ASSEMBLES_DIFF,ldb_d8,"ld C,(0xc233)",1
UNI_ASSEMBLES_DIFF,ldb_d8,"ld C,(0xce55)",1
UNI_ASSEMBLES_DIFF,ld_sd8b,"ld C,(0xd4)",1
UNI_ASSEMBLES_DIFF,ldb_d8,"ld C,(0xe0fb)",1
UNI_ASSEMBLES_DIFF,ldb_d8,"ld D,(0x0712)",1
UNI_ASSEMBLES_DIFF,ldb_d8,"ld D,(0x0f59)",1
UNI_ASSEMBLES_DIFF,ldb_d8,"ld D,(0x1194)",1
UNI_ASSEMBLES_DIFF,ldb_d8,"ld D,(0x1258)",1
UNI_ASSEMBLES_DIFF,ldb_d8,"ld D,(0x196b)",1
UNI_ASSEMBLES_DIFF,ldb_d8,"ld D,(0x197c)",1
UNI_ASSEMBLES_DIFF,ldb_d8,"ld D,(0x20b8)",1
UNI_ASSEMBLES_DIFF,ldb_d8,"ld D,(0x2735)",1
UNI_ASSEMBLES_DIFF,ldb_d8,"ld D,(0x276b)",1
UNI_ASSEMBLES_DIFF,ldb_d8,"ld D,(0x2794)",1
UNI_ASSEMBLES_DIFF,ldb_d8,"ld D,(0x31ab)",1
UNI_ASSEMBLES_DIFF,ldb_d8,"ld D,(0x31b2)",1
UNI_ASSEMBLES_DIFF,ldb_d8,"ld D,(0x31b9)",1
UNI_ASSEMBLES_DIFF,ldb_d8,"ld D,(0x31c0)",1
UNI_ASSEMBLES_DIFF,ldb_d8,"ld D,(0x31c7)",1
UNI_ASSEMBLES_DIFF,ldb_d8,"ld D,(0x345f)",1
UNI_ASSEMBLES_DIFF,ldb_d8,"ld D,(0x36ab)",1
UNI_ASSEMBLES_DIFF,ldb_d8,"ld D,(0x7f08)",1
UNI_ASSEMBLES_DIFF,ldb_d8,"ld D,(0x7f35)",1
UNI_ASSEMBLES_DIFF,ldb_d8,"ld D,(0x90e5)",1
UNI_ASSEMBLES_DIFF,ld_sd8b,"ld D,(0x93)",1
UNI_ASSEMBLES_DIFF,ldw_d16,"ld DE,(0x0c00)",1
UNI_ASSEMBLES_DIFF,ldw_d16,"ld DE,(0x0d2e)",1
UNI_ASSEMBLES_DIFF,ldw_d16,"ld DE,(0x0daa)",1
UNI_ASSEMBLES_DIFF,ldw_d16,"ld DE,(0x0e23)",1
UNI_ASSEMBLES_DIFF,ldw_d16,"ld DE,(0x1336)",1
UNI_ASSEMBLES_DIFF,ldw_d16,"ld DE,(0x1338)",1
UNI_ASSEMBLES_DIFF,ldw_d16,"ld DE,(0x133a)",1
UNI_ASSEMBLES_DIFF,ldw_d16,"ld DE,(0x133c)",1
UNI_ASSEMBLES_DIFF,ldw_d16,"ld DE,(0x195a)",1
UNI_ASSEMBLES_DIFF,ldw_d16,"ld DE,(0x2084)",1
UNI_ASSEMBLES_DIFF,ldw_d16,"ld DE,(0x20b9)",1
UNI_ASSEMBLES_DIFF,ldw_d16,"ld DE,(0x20c8)",1
UNI_ASSEMBLES_DIFF,ldw_d16,"ld DE,(0x20ca)",1
UNI_ASSEMBLES_DIFF,ldw_d16,"ld DE,(0x20cc)",1
UNI_ASSEMBLES_DIFF,ldw_d16,"ld DE,(0x2703)",1
UNI_ASSEMBLES_DIFF,ldw_d16,"ld DE,(0x279b)",1
UNI_ASSEMBLES_DIFF,ldw_d16,"ld DE,(0x28d6)",1
UNI_ASSEMBLES_DIFF,ldw_d16,"ld DE,(0x33e0)",1
UNI_ASSEMBLES_DIFF,ldw_d16,"ld DE,(0x33f6)",1
UNI_ASSEMBLES_DIFF,ldw_d16,"ld DE,(0x34fc)",1
UNI_ASSEMBLES_DIFF,ldw_d16,"ld DE,(0x3566)",1
UNI_ASSEMBLES_DIFF,ldw_d16,"ld DE,(0x356a)",1
UNI_ASSEMBLES_DIFF,ldw_d16,"ld DE,(0x36dc)",1
UNI_ASSEMBLES_DIFF,ldw_d16,"ld DE,(0x3732)",1
UNI_ASSEMBLES_DIFF,ldw_d16,"ld DE,(0x373c)",1
UNI_ASSEMBLES_DIFF,ldw_d16,"ld DE,(0x38a8)",1
UNI_ASSEMBLES_DIFF,ldw_d16,"ld DE,(0x8400)",1
UNI_ASSEMBLES_DIFF,ldw_d16,"ld DE,(0x8460)",1
UNI_ASSEMBLES_DIFF,ldw_d16,"ld DE,(0x846e)",1
UNI_ASSEMBLES_DIFF,ldw_d16,"ld DE,(0x9046)",1
UNI_ASSEMBLES_DIFF,ldw_d16,"ld DE,(0x9052)",1
UNI_ASSEMBLES_DIFF,ldw_d16,"ld DE,(0x908b)",1
UNI_ASSEMBLES_DIFF,ldw_d16,"ld DE,(0x90e4)",1
UNI_ASSEMBLES_DIFF,ldw_d16,"ld DE,(0x9123)",1
UNI_ASSEMBLES_DIFF,ldb_d8,"ld E,(0x08e8)",1
UNI_ASSEMBLES_DIFF,ldb_d8,"ld E,(0x08ea)",1
UNI_ASSEMBLES_DIFF,ldb_d8,"ld E,(0x0c36)",1
UNI_ASSEMBLES_DIFF,ldb_d8,"ld E,(0x0e63)",1
UNI_ASSEMBLES_DIFF,ldb_d8,"ld E,(0x0ed7)",1
UNI_ASSEMBLES_DIFF,ldb_d8,"ld E,(0x0efa)",1
UNI_ASSEMBLES_DIFF,ldb_d8,"ld E,(0x1008)",1
UNI_ASSEMBLES_DIFF,ldb_d8,"ld E,(0x1011)",1
UNI_ASSEMBLES_DIFF,ldb_d8,"ld E,(0x10d0)",1
UNI_ASSEMBLES_DIFF,ldb_d8,"ld E,(0x1952)",1
UNI_ASSEMBLES_DIFF,ldb_d8,"ld E,(0x1969)",1
UNI_ASSEMBLES_DIFF,ldb_d8,"ld E,(0x196a)",1
UNI_ASSEMBLES_DIFF,ldb_d8,"ld E,(0x197b)",1
UNI_ASSEMBLES_DIFF,ldb_d8,"ld E,(0x197c)",1
UNI_ASSEMBLES_DIFF,ldb_d8,"ld E,(0x2070)",1
UNI_ASSEMBLES_DIFF,ldb_d8,"ld E,(0x207c)",1
UNI_ASSEMBLES_DIFF,ldb_d8,"ld E,(0x20b8)",1
UNI_ASSEMBLES_DIFF,ldb_d8,"ld E,(0x20bb)",1
UNI_ASSEMBLES_DIFF,ldb_d8,"ld E,(0x219c)",1
UNI_ASSEMBLES_DIFF,ldb_d8,"ld E,(0x2209)",1
UNI_ASSEMBLES_DIFF,ldb_d8,"ld E,(0x2333)",1
UNI_ASSEMBLES_DIFF,ldb_d8,"ld E,(0x24f4)",1
UNI_ASSEMBLES_DIFF,ldb_d8,"ld E,(0x24ff)",1
UNI_ASSEMBLES_DIFF,ldb_d8,"ld E,(0x2683)",1
UNI_ASSEMBLES_DIFF,ldb_d8,"ld E,(0x2771)",1
UNI_ASSEMBLES_DIFF,ldb_d8,"ld E,(0x2772)",1
UNI_ASSEMBLES_DIFF,ldb_d8,"ld E,(0x2773)",1
UNI_ASSEMBLES_DIFF,ldb_d8,"ld E,(0x2775)",1
UNI_ASSEMBLES_DIFF,ldb_d8,"ld E,(0x2776)",1
UNI_ASSEMBLES_DIFF,ldb_d8,"ld E,(0x2777)",1
UNI_ASSEMBLES_DIFF,ldb_d8,"ld E,(0x2778)",1
UNI_ASSEMBLES_DIFF,ldb_d8,"ld E,(0x2779)",1
UNI_ASSEMBLES_DIFF,ldb_d8,"ld E,(0x277a)",1
UNI_ASSEMBLES_DIFF,ldb_d8,"ld E,(0x277b)",1
UNI_ASSEMBLES_DIFF,ldb_d8,"ld E,(0x277c)",1
UNI_ASSEMBLES_DIFF,ldb_d8,"ld E,(0x2826)",1
UNI_ASSEMBLES_DIFF,ldb_d8,"ld E,(0x31aa)",1
UNI_ASSEMBLES_DIFF,ldb_d8,"ld E,(0x31b1)",1
UNI_ASSEMBLES_DIFF,ldb_d8,"ld E,(0x31b8)",1
UNI_ASSEMBLES_DIFF,ldb_d8,"ld E,(0x31bf)",1
UNI_ASSEMBLES_DIFF,ldb_d8,"ld E,(0x31c6)",1
UNI_ASSEMBLES_DIFF,ldb_d8,"ld E,(0x3293)",1
UNI_ASSEMBLES_DIFF,ldb_d8,"ld E,(0x3294)",1
UNI_ASSEMBLES_DIFF,ldb_d8,"ld E,(0x3295)",1
UNI_ASSEMBLES_DIFF,ldb_d8,"ld E,(0x3296)",1
UNI_ASSEMBLES_DIFF,ldb_d8,"ld E,(0x32ad)",1
UNI_ASSEMBLES_DIFF,ldb_d8,"ld E,(0x345b)",1
UNI_ASSEMBLES_DIFF,ldb_d8,"ld E,(0x345e)",1
UNI_ASSEMBLES_DIFF,ldb_d8,"ld E,(0x3460)",1
UNI_ASSEMBLES_DIFF,ldb_d8,"ld E,(0x347b)",1
UNI_ASSEMBLES_DIFF,ldb_d8,"ld E,(0x349f)",1
UNI_ASSEMBLES_DIFF,ldb_d8,"ld E,(0x34a7)",1
UNI_ASSEMBLES_DIFF,ldb_d8,"ld E,(0x367e)",1
UNI_ASSEMBLES_DIFF,ldb_d8,"ld E,(0x38f2)",1
UNI_ASSEMBLES_DIFF,ldb_d8,"ld E,(0x38f3)",1
UNI_ASSEMBLES_DIFF,ldb_d8,"ld E,(0x39b1)",1
UNI_ASSEMBLES_DIFF,ldb_d8,"ld E,(0x7f03)",1
UNI_ASSEMBLES_DIFF,ldb_d8,"ld E,(0x7f04)",1
UNI_ASSEMBLES_DIFF,ldb_d8,"ld E,(0x7f05)",1
UNI_ASSEMBLES_DIFF,ldb_d8,"ld E,(0x7f09)",1
UNI_ASSEMBLES_DIFF,ldb_d8,"ld E,(0x7f0a)",1
UNI_ASSEMBLES_DIFF,ldb_d8,"ld E,(0x7fc1)",1
UNI_ASSEMBLES_DIFF,ldb_d8,"ld E,(0x88a8)",1
UNI_ASSEMBLES_DIFF,ldb_d8,"ld E,(0x8960)",1
UNI_ASSEMBLES_DIFF,ldb_d8,"ld E,(0x8966)",1
UNI_ASSEMBLES_DIFF,ldb_d8,"ld E,(0x8c9a)",1
UNI_ASSEMBLES_DIFF,ldb_d8,"ld E,(0x8e44)",1
UNI_ASSEMBLES_DIFF,ldb_d8,"ld E,(0x8e46)",1
UNI_ASSEMBLES_DIFF,ldb_d8,"ld E,(0x9054)",1
UNI_ASSEMBLES_DIFF,ldb_d8,"ld E,(0x908d)",1
UNI_ASSEMBLES_DIFF,ldb_d8,"ld E,(0x9093)",1
UNI_ASSEMBLES_DIFF,ldb_d8,"ld E,(0x9094)",1
UNI_ASSEMBLES_DIFF,ldb_d8,"ld E,(0x90e4)",1
UNI_ASSEMBLES_DIFF,ldb_d8,"ld E,(0x911b)",1
UNI_ASSEMBLES_DIFF,ldb_d8,"ld E,(0xbfe2)",1
UNI_ASSEMBLES_DIFF,ldb_d8,"ld H,(0x0e26)",1
UNI_ASSEMBLES_DIFF,ldb_d8,"ld H,(0x0e53)",1
UNI_ASSEMBLES_DIFF,ldb_d8,"ld H,(0x0eca)",1
UNI_ASSEMBLES_DIFF,ldb_d8,"ld H,(0x108f)",1
UNI_ASSEMBLES_DIFF,ldb_d8,"ld H,(0x10cc)",1
UNI_ASSEMBLES_DIFF,ldb_d8,"ld H,(0x12b6)",1
UNI_ASSEMBLES_DIFF,ldb_d8,"ld H,(0x12c2)",1
UNI_ASSEMBLES_DIFF,ldb_d8,"ld H,(0x2076)",1
UNI_ASSEMBLES_DIFF,ldb_d8,"ld H,(0x207c)",1
UNI_ASSEMBLES_DIFF,ldb_d8,"ld H,(0x20bb)",1
UNI_ASSEMBLES_DIFF,ldb_d8,"ld H,(0x21c8)",1
UNI_ASSEMBLES_DIFF,ldb_d8,"ld H,(0x222d)",1
UNI_ASSEMBLES_DIFF,ldb_d8,"ld H,(0x2267)",1
UNI_ASSEMBLES_DIFF,ldb_d8,"ld H,(0x2330)",1
UNI_ASSEMBLES_DIFF,ldb_d8,"ld H,(0x2332)",1
UNI_ASSEMBLES_DIFF,ldb_d8,"ld H,(0x2336)",1
UNI_ASSEMBLES_DIFF,ldb_d8,"ld H,(0x26a1)",1
UNI_ASSEMBLES_DIFF,ldb_d8,"ld H,(0x2702)",1
UNI_ASSEMBLES_DIFF,ldb_d8,"ld H,(0x270c)",1
UNI_ASSEMBLES_DIFF,ldb_d8,"ld H,(0x2725)",1
UNI_ASSEMBLES_DIFF,ldb_d8,"ld H,(0x2737)",1
UNI_ASSEMBLES_DIFF,ldb_d8,"ld H,(0x2746)",1
UNI_ASSEMBLES_DIFF,ldb_d8,"ld H,(0x2767)",1
UNI_ASSEMBLES_DIFF,ldb_d8,"ld H,(0x2797)",1
UNI_ASSEMBLES_DIFF,ldb_d8,"ld H,(0x279b)",1
UNI_ASSEMBLES_DIFF,ldb_d8,"ld H,(0x27b1)",1
UNI_ASSEMBLES_DIFF,ldb_d8,"ld H,(0x27dd)",1
UNI_ASSEMBLES_DIFF,ldb_d8,"ld H,(0x2880)",1
UNI_ASSEMBLES_DIFF,ldb_d8,"ld H,(0x2896)",1
UNI_ASSEMBLES_DIFF,ldb_d8,"ld H,(0x28a1)",1
UNI_ASSEMBLES_DIFF,ldb_d8,"ld H,(0x3244)",1
UNI_ASSEMBLES_DIFF,ldb_d8,"ld H,(0x325b)",1
UNI_ASSEMBLES_DIFF,ldb_d8,"ld H,(0x3397)",1
UNI_ASSEMBLES_DIFF,ldb_d8,"ld H,(0x3398)",1
UNI_ASSEMBLES_DIFF,ldb_d8,"ld H,(0x343b)",1
UNI_ASSEMBLES_DIFF,ldb_d8,"ld H,(0x3443)",1
UNI_ASSEMBLES_DIFF,ldb_d8,"ld H,(0x3445)",1
UNI_ASSEMBLES_DIFF,ldb_d8,"ld H,(0x3447)",1
UNI_ASSEMBLES_DIFF,ldb_d8,"ld H,(0x3449)",1
UNI_ASSEMBLES_DIFF,ldb_d8,"ld H,(0x344b)",1
UNI_ASSEMBLES_DIFF,ldb_d8,"ld H,(0x3452)",1
UNI_ASSEMBLES_DIFF,ldb_d8,"ld H,(0x76a3)",1
UNI_ASSEMBLES_DIFF,ldb_d8,"ld H,(0x76e3)",1
UNI_ASSEMBLES_DIFF,ldb_d8,"ld H,(0x7723)",1
UNI_ASSEMBLES_DIFF,ldb_d8,"ld H,(0x7dc5)",1
UNI_ASSEMBLES_DIFF,ldb_d8,"ld H,(0x7f04)",1
UNI_ASSEMBLES_DIFF,ldb_d8,"ld H,(0x7f33)",1
UNI_ASSEMBLES_DIFF,ldb_d8,"ld H,(0x7f38)",1
UNI_ASSEMBLES_DIFF,ldb_d8,"ld H,(0x7f3a)",1
UNI_ASSEMBLES_DIFF,ldb_d8,"ld H,(0x7fc0)",1
UNI_ASSEMBLES_DIFF,ld_sd8b,"ld H,(0xa3)",1
UNI_ASSEMBLES_DIFF,ldw_d16,"ld HL,(0x0c73)",1
UNI_ASSEMBLES_DIFF,ldw_d16,"ld HL,(0x0cbc)",1
UNI_ASSEMBLES_DIFF,ldw_d16,"ld HL,(0x0ccc)",1
UNI_ASSEMBLES_DIFF,ldw_d16,"ld HL,(0x0cd0)",1
UNI_ASSEMBLES_DIFF,ldw_d16,"ld HL,(0x0cd4)",1
UNI_ASSEMBLES_DIFF,ldw_d16,"ld HL,(0x0e54)",1
UNI_ASSEMBLES_DIFF,ldw_d16,"ld HL,(0x0f77)",1
UNI_ASSEMBLES_DIFF,ldw_d16,"ld HL,(0x0fd6)",1
UNI_ASSEMBLES_DIFF,ldw_d16,"ld HL,(0x10d2)",1
UNI_ASSEMBLES_DIFF,ldw_d16,"ld HL,(0x11b2)",1
UNI_ASSEMBLES_DIFF,ldw_d16,"ld HL,(0x1336)",1
UNI_ASSEMBLES_DIFF,ldw_d16,"ld HL,(0x133a)",1
UNI_ASSEMBLES_DIFF,ldw_d16,"ld HL,(0x14ff)",1
UNI_ASSEMBLES_DIFF,ldw_d16,"ld HL,(0x222b)",1
UNI_ASSEMBLES_DIFF,ldw_d16,"ld HL,(0x2352)",1
UNI_ASSEMBLES_DIFF,ldw_d16,"ld HL,(0x2534)",1
UNI_ASSEMBLES_DIFF,ldw_d16,"ld HL,(0x2536)",1
UNI_ASSEMBLES_DIFF,ldw_d16,"ld HL,(0x2765)",1
UNI_ASSEMBLES_DIFF,ldw_d16,"ld HL,(0x2a92)",1
UNI_ASSEMBLES_DIFF,ldw_d16,"ld HL,(0x3000)",1
UNI_ASSEMBLES_DIFF,ldw_d16,"ld HL,(0x33a1)",1
UNI_ASSEMBLES_DIFF,ldw_d16,"ld HL,(0x33f6)",1
UNI_ASSEMBLES_DIFF,ldw_d16,"ld HL,(0x33f8)",1
UNI_ASSEMBLES_DIFF,ldw_d16,"ld HL,(0x3400)",1
UNI_ASSEMBLES_DIFF,ldw_d16,"ld HL,(0x3498)",1
UNI_ASSEMBLES_DIFF,ldw_d16,"ld HL,(0x3552)",1
UNI_ASSEMBLES_DIFF,ldw_d16,"ld HL,(0x356c)",1
UNI_ASSEMBLES_DIFF,ldw_d16,"ld HL,(0x35be)",1
UNI_ASSEMBLES_DIFF,ldw_d16,"ld HL,(0x360c)",1
UNI_ASSEMBLES_DIFF,ldw_d16,"ld HL,(0x36f2)",1
UNI_ASSEMBLES_DIFF,ldw_d16,"ld HL,(0x36fa)",1
UNI_ASSEMBLES_DIFF,ldw_d16,"ld HL,(0x36fc)",1
UNI_ASSEMBLES_DIFF,ldw_d16,"ld HL,(0x373e)",1
UNI_ASSEMBLES_DIFF,ldw_d16,"ld HL,(0x388b)",1
UNI_ASSEMBLES_DIFF,ldw_d16,"ld HL,(0x388d)",1
UNI_ASSEMBLES_DIFF,ldw_d16,"ld HL,(0x388f)",1
UNI_ASSEMBLES_DIFF,ldw_d16,"ld HL,(0x3891)",1
UNI_ASSEMBLES_DIFF,ldw_d16,"ld HL,(0x38d6)",1
UNI_ASSEMBLES_DIFF,ldw_d16,"ld HL,(0x38dc)",1
UNI_ASSEMBLES_DIFF,ldw_d16,"ld HL,(0x3c68)",1
UNI_ASSEMBLES_DIFF,ldw_d16,"ld HL,(0x45b2)",1
UNI_ASSEMBLES_DIFF,ldw_d16,"ld HL,(0x45b4)",1
UNI_ASSEMBLES_DIFF,ldw_d16,"ld HL,(0x45b6)",1
UNI_ASSEMBLES_DIFF,ldw_d16,"ld HL,(0x45b8)",1
UNI_ASSEMBLES_DIFF,ldw_d16,"ld HL,(0x45c8)",1
UNI_ASSEMBLES_DIFF,ldw_d16,"ld HL,(0x5a4f)",1
UNI_ASSEMBLES_DIFF,ldw_d16,"ld HL,(0x7d7e)",1
UNI_ASSEMBLES_DIFF,ldw_d16,"ld HL,(0x7d80)",1
UNI_ASSEMBLES_DIFF,ldw_d16,"ld HL,(0x7e72)",1
UNI_ASSEMBLES_DIFF,ldw_d16,"ld HL,(0x7e7c)",1
UNI_ASSEMBLES_DIFF,ldw_d16,"ld HL,(0x8118)",1
UNI_ASSEMBLES_DIFF,ldw_d16,"ld HL,(0x83a6)",1
UNI_ASSEMBLES_DIFF,ldw_d16,"ld HL,(0x8406)",1
UNI_ASSEMBLES_DIFF,ldw_d16,"ld HL,(0x9097)",1
UNI_ASSEMBLES_DIFF,ldw_d16,"ld HL,(0x90d7)",1
UNI_ASSEMBLES_DIFF,ldw_d16,"ld HL,(0xe91f)",1
UNI_ASSEMBLES_DIFF,ldw_d16,"ld HL,(0xf2f3)",1
UNI_ASSEMBLES_DIFF,ldw_d16,"ld IX,(0x0cca)",1
UNI_ASSEMBLES_DIFF,ldw_d16,"ld IX,(0x0d0a)",1
UNI_ASSEMBLES_DIFF,ldw_d16,"ld IX,(0x0d38)",1
UNI_ASSEMBLES_DIFF,ldw_d16,"ld IX,(0x0e1e)",1
UNI_ASSEMBLES_DIFF,ldw_d16,"ld IX,(0x0fd6)",1
UNI_ASSEMBLES_DIFF,ldw_d16,"ld IX,(0x2530)",1
UNI_ASSEMBLES_DIFF,ldw_d16,"ld IX,(0x2534)",1
UNI_ASSEMBLES_DIFF,ldw_d16,"ld IX,(0x2640)",1
UNI_ASSEMBLES_DIFF,ldw_d16,"ld IX,(0x2702)",1
UNI_ASSEMBLES_DIFF,ldw_d16,"ld IX,(0x2703)",1
UNI_ASSEMBLES_DIFF,ldw_d16,"ld IX,(0x284f)",1
UNI_ASSEMBLES_DIFF,ldw_d16,"ld IX,(0x34fc)",1
UNI_ASSEMBLES_DIFF,ldw_d16,"ld IX,(0x34fe)",1
UNI_ASSEMBLES_DIFF,ldw_d16,"ld IX,(0x3500)",1
UNI_ASSEMBLES_DIFF,ldw_d16,"ld IX,(0x3502)",1
UNI_ASSEMBLES_DIFF,ldw_d16,"ld IX,(0x3504)",1
UNI_ASSEMBLES_DIFF,ldw_d16,"ld IX,(0x39e6)",1
UNI_ASSEMBLES_DIFF,ldw_d16,"ld IY,(0x0c90)",1
UNI_ASSEMBLES_DIFF,ldw_d16,"ld IY,(0x0cce)",1
UNI_ASSEMBLES_DIFF,ldw_d16,"ld IY,(0x0cf4)",1
UNI_ASSEMBLES_DIFF,ldw_d16,"ld IY,(0x0f75)",1
UNI_ASSEMBLES_DIFF,ldw_d16,"ld IY,(0x1046)",1
UNI_ASSEMBLES_DIFF,ldw_d16,"ld IY,(0x2530)",1
UNI_ASSEMBLES_DIFF,ldw_d16,"ld IY,(0x2534)",1
UNI_ASSEMBLES_DIFF,ldw_d16,"ld IY,(0x2724)",1
UNI_ASSEMBLES_DIFF,ldw_d16,"ld IY,(0x2728)",1
UNI_ASSEMBLES_DIFF,ldw_d16,"ld IY,(0x2a90)",1
UNI_ASSEMBLES_DIFF,ldw_d16,"ld IY,(0x2ae2)",1
UNI_ASSEMBLES_DIFF,ldw_d16,"ld IY,(0x33b1)",1
UNI_ASSEMBLES_DIFF,ldw_d16,"ld IY,(0x33c1)",1
UNI_ASSEMBLES_DIFF,ldw_d16,"ld IY,(0x34ce)",1
UNI_ASSEMBLES_DIFF,ldw_d16,"ld IY,(0x34d8)",1
UNI_ASSEMBLES_DIFF,ldw_d16,"ld IY,(0x3508)",1
UNI_ASSEMBLES_DIFF,ldw_d16,"ld IY,(0x350a)",1
UNI_ASSEMBLES_DIFF,ldw_d16,"ld IY,(0x350c)",1
UNI_ASSEMBLES_DIFF,ldw_d16,"ld IY,(0x350e)",1
UNI_ASSEMBLES_DIFF,ldw_d16,"ld IY,(0x3510)",1
UNI_ASSEMBLES_DIFF,ldw_d16,"ld IY,(0x351a)",1
UNI_ASSEMBLES_DIFF,ldw_d16,"ld IY,(0x352a)",1
UNI_ASSEMBLES_DIFF,ldw_d16,"ld IY,(0x3608)",1
UNI_ASSEMBLES_DIFF,ldw_d16,"ld IY,(0x36fa)",1
UNI_ASSEMBLES_DIFF,ldw_d16,"ld IY,(0x36fc)",1
UNI_ASSEMBLES_DIFF,ldw_d16,"ld IY,(0x5a51)",1
UNI_ASSEMBLES_DIFF,ldw_d16,"ld IY,(0x7d75)",1
UNI_ASSEMBLES_DIFF,ldw_d16,"ld IY,(0x8d01)",1
UNI_ASSEMBLES_DIFF,ldw_d16,"ld IZ,(0x3010)",1
UNI_ASSEMBLES_DIFF,ldw_d16,"ld IZ,(0x3012)",1
UNI_ASSEMBLES_DIFF,ldw_d16,"ld IZ,(0x31fb)",1
UNI_ASSEMBLES_DIFF,ldw_d16,"ld IZ,(0x31fd)",1
UNI_ASSEMBLES_DIFF,ldw_d16,"ld IZ,(0x31ff)",1
UNI_ASSEMBLES_DIFF,ldw_d16,"ld IZ,(0x3201)",1
UNI_ASSEMBLES_DIFF,ldw_d16,"ld IZ,(0x3203)",1
UNI_ASSEMBLES_DIFF,ldw_d16,"ld IZ,(0x3205)",1
UNI_ASSEMBLES_DIFF,ldw_d16,"ld IZ,(0x34ce)",1
UNI_ASSEMBLES_DIFF,ldw_d16,"ld IZ,(0x3552)",1
UNI_ASSEMBLES_DIFF,ldw_d16,"ld IZ,(0x360c)",1
UNI_ASSEMBLES_DIFF,ldw_d16,"ld IZ,(0x360e)",1
UNI_ASSEMBLES_DIFF,ldw_d16,"ld IZ,(0x8cbc)",1
UNI_ASSEMBLES_DIFF,ldw_d16,"ld IZ,(0xc4fa)",1
UNI_ASSEMBLES_DIFF,ldw_d16,"ld IZ,(0xf026)",1
UNI_ASSEMBLES_DIFF,ldb_d8,"ld L,(0x0c4e)",1
UNI_ASSEMBLES_DIFF,ldb_d8,"ld L,(0x0c7f)",1
UNI_ASSEMBLES_DIFF,ldb_d8,"ld L,(0x0dc0)",1
UNI_ASSEMBLES_DIFF,ldb_d8,"ld L,(0x0dec)",1
UNI_ASSEMBLES_DIFF,ldb_d8,"ld L,(0x0dee)",1
UNI_ASSEMBLES_DIFF,ldb_d8,"ld L,(0x0dfc)",1
UNI_ASSEMBLES_DIFF,ldb_d8,"ld L,(0x0dfe)",1
UNI_ASSEMBLES_DIFF,ldb_d8,"ld L,(0x0e04)",1
UNI_ASSEMBLES_DIFF,ldb_d8,"ld L,(0x0e05)",1
UNI_ASSEMBLES_DIFF,ldb_d8,"ld L,(0x0e0f)",1
UNI_ASSEMBLES_DIFF,ldb_d8,"ld L,(0x0e10)",1
UNI_ASSEMBLES_DIFF,ldb_d8,"ld L,(0x0e18)",1
UNI_ASSEMBLES_DIFF,ldb_d8,"ld L,(0x0e25)",1
UNI_ASSEMBLES_DIFF,ldb_d8,"ld L,(0x0e59)",1
UNI_ASSEMBLES_DIFF,ldb_d8,"ld L,(0x0e5d)",1
UNI_ASSEMBLES_DIFF,ldb_d8,"ld L,(0x0e6c)",1
UNI_ASSEMBLES_DIFF,ldb_d8,"ld L,(0x0e6d)",1
UNI_ASSEMBLES_DIFF,ldb_d8,"ld L,(0x0eca)",1
UNI_ASSEMBLES_DIFF,ldb_d8,"ld L,(0x0ecf)",1
UNI_ASSEMBLES_DIFF,ldb_d8,"ld L,(0x0ed0)",1
UNI_ASSEMBLES_DIFF,ldb_d8,"ld L,(0x0ed6)",1
UNI_ASSEMBLES_DIFF,ldb_d8,"ld L,(0x0ef5)",1
UNI_ASSEMBLES_DIFF,ldb_d8,"ld L,(0x100e)",1
UNI_ASSEMBLES_DIFF,ldb_d8,"ld L,(0x103a)",1
UNI_ASSEMBLES_DIFF,ldb_d8,"ld L,(0x108c)",1
UNI_ASSEMBLES_DIFF,ldb_d8,"ld L,(0x124a)",1
UNI_ASSEMBLES_DIFF,ldb_d8,"ld L,(0x12ae)",1
UNI_ASSEMBLES_DIFF,ldb_d8,"ld L,(0x12b7)",1
UNI_ASSEMBLES_DIFF,ldb_d8,"ld L,(0x12b8)",1
UNI_ASSEMBLES_DIFF,ldb_d8,"ld L,(0x12c0)",1
UNI_ASSEMBLES_DIFF,ldb_d8,"ld L,(0x12ec)",1
UNI_ASSEMBLES_DIFF,ldb_d8,"ld L,(0x137c)",1
UNI_ASSEMBLES_DIFF,ldb_d8,"ld L,(0x1941)",1
UNI_ASSEMBLES_DIFF,ldb_d8,"ld L,(0x1951)",1
UNI_ASSEMBLES_DIFF,ldb_d8,"ld L,(0x1974)",1
UNI_ASSEMBLES_DIFF,ldb_d8,"ld L,(0x2073)",1
UNI_ASSEMBLES_DIFF,ldb_d8,"ld L,(0x2079)",1
UNI_ASSEMBLES_DIFF,ldb_d8,"ld L,(0x207b)",1
UNI_ASSEMBLES_DIFF,ldb_d8,"ld L,(0x207d)",1
UNI_ASSEMBLES_DIFF,ldb_d8,"ld L,(0x21f9)",1
UNI_ASSEMBLES_DIFF,ldb_d8,"ld L,(0x2229)",1
UNI_ASSEMBLES_DIFF,ldb_d8,"ld L,(0x2695)",1
UNI_ASSEMBLES_DIFF,ldb_d8,"ld L,(0x2698)",1
UNI_ASSEMBLES_DIFF,ldb_d8,"ld L,(0x269c)",1
UNI_ASSEMBLES_DIFF,ldb_d8,"ld L,(0x2702)",1
UNI_ASSEMBLES_DIFF,ldb_d8,"ld L,(0x2707)",1
UNI_ASSEMBLES_DIFF,ldb_d8,"ld L,(0x2732)",1
UNI_ASSEMBLES_DIFF,ldb_d8,"ld L,(0x2735)",1
UNI_ASSEMBLES_DIFF,ldb_d8,"ld L,(0x2766)",1
UNI_ASSEMBLES_DIFF,ldb_d8,"ld L,(0x2769)",1
UNI_ASSEMBLES_DIFF,ldb_d8,"ld L,(0x27a6)",1
UNI_ASSEMBLES_DIFF,ldb_d8,"ld L,(0x27b0)",1
UNI_ASSEMBLES_DIFF,ldb_d8,"ld L,(0x27dc)",1
UNI_ASSEMBLES_DIFF,ldb_d8,"ld L,(0x28b1)",1
UNI_ASSEMBLES_DIFF,ldb_d8,"ld L,(0x31e3)",1
UNI_ASSEMBLES_DIFF,ldb_d8,"ld L,(0x31e4)",1
UNI_ASSEMBLES_DIFF,ldb_d8,"ld L,(0x3243)",1
UNI_ASSEMBLES_DIFF,ldb_d8,"ld L,(0x3259)",1
UNI_ASSEMBLES_DIFF,ldb_d8,"ld L,(0x32f2)",1
UNI_ASSEMBLES_DIFF,ldb_d8,"ld L,(0x33dc)",1
UNI_ASSEMBLES_DIFF,ldb_d8,"ld L,(0x343d)",1
UNI_ASSEMBLES_DIFF,ldb_d8,"ld L,(0x3444)",1
UNI_ASSEMBLES_DIFF,ldb_d8,"ld L,(0x3446)",1
UNI_ASSEMBLES_DIFF,ldb_d8,"ld L,(0x3448)",1
UNI_ASSEMBLES_DIFF,ldb_d8,"ld L,(0x344a)",1
UNI_ASSEMBLES_DIFF,ldb_d8,"ld L,(0x344c)",1
UNI_ASSEMBLES_DIFF,ldb_d8,"ld L,(0x3461)",1
UNI_ASSEMBLES_DIFF,ldb_d8,"ld L,(0x3473)",1
UNI_ASSEMBLES_DIFF,ldb_d8,"ld L,(0x34a4)",1
UNI_ASSEMBLES_DIFF,ldb_d8,"ld L,(0x367a)",1
UNI_ASSEMBLES_DIFF,ldb_d8,"ld L,(0x3684)",1
UNI_ASSEMBLES_DIFF,ldb_d8,"ld L,(0x368c)",1
UNI_ASSEMBLES_DIFF,ldb_d8,"ld L,(0x374c)",1
UNI_ASSEMBLES_DIFF,ldb_d8,"ld L,(0x3911)",1
UNI_ASSEMBLES_DIFF,ldb_d8,"ld L,(0x436f)",1
UNI_ASSEMBLES_DIFF,ldb_d8,"ld L,(0x76a2)",1
UNI_ASSEMBLES_DIFF,ldb_d8,"ld L,(0x76aa)",1
UNI_ASSEMBLES_DIFF,ldb_d8,"ld L,(0x76e2)",1
UNI_ASSEMBLES_DIFF,ldb_d8,"ld L,(0x76ea)",1
UNI_ASSEMBLES_DIFF,ldb_d8,"ld L,(0x7722)",1
UNI_ASSEMBLES_DIFF,ldb_d8,"ld L,(0x772a)",1
UNI_ASSEMBLES_DIFF,ldb_d8,"ld L,(0x776a)",1
UNI_ASSEMBLES_DIFF,ldb_d8,"ld L,(0x77aa)",1
UNI_ASSEMBLES_DIFF,ldb_d8,"ld L,(0x77ea)",1
UNI_ASSEMBLES_DIFF,ldb_d8,"ld L,(0x782a)",1
UNI_ASSEMBLES_DIFF,ldb_d8,"ld L,(0x786a)",1
UNI_ASSEMBLES_DIFF,ldb_d8,"ld L,(0x7dbb)",1
UNI_ASSEMBLES_DIFF,ldb_d8,"ld L,(0x7dc4)",1
UNI_ASSEMBLES_DIFF,ldb_d8,"ld L,(0x7dd6)",1
UNI_ASSEMBLES_DIFF,ldb_d8,"ld L,(0x7dd7)",1
UNI_ASSEMBLES_DIFF,ldb_d8,"ld L,(0x7ea4)",1
UNI_ASSEMBLES_DIFF,ldb_d8,"ld L,(0x7ee3)",1
UNI_ASSEMBLES_DIFF,ldb_d8,"ld L,(0x7f02)",1
UNI_ASSEMBLES_DIFF,ldb_d8,"ld L,(0x7f4e)",1
UNI_ASSEMBLES_DIFF,ldb_d8,"ld L,(0x88a6)",1
UNI_ASSEMBLES_DIFF,ldb_d8,"ld L,(0x88a8)",1
UNI_ASSEMBLES_DIFF,ldb_d8,"ld L,(0x8962)",1
UNI_ASSEMBLES_DIFF,ldb_d8,"ld L,(0x8964)",1
UNI_ASSEMBLES_DIFF,ldb_d8,"ld L,(0x8966)",1
UNI_ASSEMBLES_DIFF,ldb_d8,"ld L,(0x896a)",1
UNI_ASSEMBLES_DIFF,ldb_d8,"ld L,(0x896c)",1
UNI_ASSEMBLES_DIFF,ldb_d8,"ld L,(0x8970)",1
UNI_ASSEMBLES_DIFF,ldb_d8,"ld L,(0x8ca2)",1
UNI_ASSEMBLES_DIFF,ldb_d8,"ld L,(0x8cac)",1
UNI_ASSEMBLES_DIFF,ldb_d8,"ld L,(0x8cae)",1
UNI_ASSEMBLES_DIFF,ldb_d8,"ld L,(0x8dce)",1
UNI_ASSEMBLES_DIFF,ldb_d8,"ld L,(0x911d)",1
UNI_ASSEMBLES_DIFF,ldb_d8,"ld L,(0x95a9)",1
UNI_ASSEMBLES_DIFF,ldb_d8,"ld L,(0xce0e)",1
UNI_ASSEMBLES_DIFF,ldb_d8,"ld L,(0xe223)",1
UNI_ASSEMBLES_DIFF,ldb_d8,"ld L,(0xe22d)",1
UNI_ASSEMBLES_DIFF,ldb_d8,"ld L,(0xe237)",1
UNI_ASSEMBLES_DIFF,ldb_d8,"ld L,(0xe241)",1
UNI_ASSEMBLES_DIFF,ldb_d8,"ld W,(0x0711)",1
UNI_ASSEMBLES_DIFF,ldb_d8,"ld W,(0x0922)",1
UNI_ASSEMBLES_DIFF,ldb_d8,"ld W,(0x0d98)",1
UNI_ASSEMBLES_DIFF,ldb_d8,"ld W,(0x0e0d)",1
UNI_ASSEMBLES_DIFF,ldb_d8,"ld W,(0x0e51)",1
UNI_ASSEMBLES_DIFF,ldb_d8,"ld W,(0x0e59)",1
UNI_ASSEMBLES_DIFF,ldb_d8,"ld W,(0x0ed4)",1
UNI_ASSEMBLES_DIFF,ldb_d8,"ld W,(0x1008)",1
UNI_ASSEMBLES_DIFF,ldb_d8,"ld W,(0x1258)",1
UNI_ASSEMBLES_DIFF,ldb_d8,"ld W,(0x12b4)",1
UNI_ASSEMBLES_DIFF,ldb_d8,"ld W,(0x12b6)",1
UNI_ASSEMBLES_DIFF,ldb_d8,"ld W,(0x12e9)",1
UNI_ASSEMBLES_DIFF,ldb_d8,"ld W,(0x12eb)",1
UNI_ASSEMBLES_DIFF,ldb_d8,"ld W,(0x137e)",1
UNI_ASSEMBLES_DIFF,ldb_d8,"ld W,(0x1381)",1
UNI_ASSEMBLES_DIFF,ldb_d8,"ld W,(0x2075)",1
UNI_ASSEMBLES_DIFF,ldb_d8,"ld W,(0x2078)",1
UNI_ASSEMBLES_DIFF,ldb_d8,"ld W,(0x2079)",1
UNI_ASSEMBLES_DIFF,ldb_d8,"ld W,(0x207a)",1
UNI_ASSEMBLES_DIFF,ldb_d8,"ld W,(0x207b)",1
UNI_ASSEMBLES_DIFF,ldb_d8,"ld W,(0x2082)",1
UNI_ASSEMBLES_DIFF,ldb_d8,"ld W,(0x209b)",1
UNI_ASSEMBLES_DIFF,ldb_d8,"ld W,(0x209c)",1
UNI_ASSEMBLES_DIFF,ldb_d8,"ld W,(0x20b8)",1
UNI_ASSEMBLES_DIFF,ldb_d8,"ld W,(0x20b9)",1
UNI_ASSEMBLES_DIFF,ldb_d8,"ld W,(0x20bb)",1
UNI_ASSEMBLES_DIFF,ldb_d8,"ld W,(0x2169)",1
UNI_ASSEMBLES_DIFF,ldb_d8,"ld W,(0x2209)",1
UNI_ASSEMBLES_DIFF,ldb_d8,"ld W,(0x22d0)",1
UNI_ASSEMBLES_DIFF,ldb_d8,"ld W,(0x2684)",1
UNI_ASSEMBLES_DIFF,ldb_d8,"ld W,(0x28e0)",1
UNI_ASSEMBLES_DIFF,ldb_d8,"ld W,(0x28e2)",1
UNI_ASSEMBLES_DIFF,ldb_d8,"ld W,(0x28e4)",1
UNI_ASSEMBLES_DIFF,ldb_d8,"ld W,(0x28e6)",1
UNI_ASSEMBLES_DIFF,ldb_d8,"ld W,(0x3179)",1
UNI_ASSEMBLES_DIFF,ldb_d8,"ld W,(0x317e)",1
UNI_ASSEMBLES_DIFF,ldb_d8,"ld W,(0x3183)",1
UNI_ASSEMBLES_DIFF,ldb_d8,"ld W,(0x3188)",1
UNI_ASSEMBLES_DIFF,ldb_d8,"ld W,(0x318d)",1
UNI_ASSEMBLES_DIFF,ldb_d8,"ld W,(0x31e4)",1
UNI_ASSEMBLES_DIFF,ldb_d8,"ld W,(0x323d)",1
UNI_ASSEMBLES_DIFF,ldb_d8,"ld W,(0x3243)",1
UNI_ASSEMBLES_DIFF,ldb_d8,"ld W,(0x3244)",1
UNI_ASSEMBLES_DIFF,ldb_d8,"ld W,(0x3245)",1
UNI_ASSEMBLES_DIFF,ldb_d8,"ld W,(0x325c)",1
UNI_ASSEMBLES_DIFF,ldb_d8,"ld W,(0x325d)",1
UNI_ASSEMBLES_DIFF,ldb_d8,"ld W,(0x327a)",1
UNI_ASSEMBLES_DIFF,ldb_d8,"ld W,(0x328b)",1
UNI_ASSEMBLES_DIFF,ldb_d8,"ld W,(0x32a3)",1
UNI_ASSEMBLES_DIFF,ldb_d8,"ld W,(0x32a4)",1
UNI_ASSEMBLES_DIFF,ldb_d8,"ld W,(0x32da)",1
UNI_ASSEMBLES_DIFF,ldb_d8,"ld W,(0x3339)",1
UNI_ASSEMBLES_DIFF,ldb_d8,"ld W,(0x3394)",1
UNI_ASSEMBLES_DIFF,ldb_d8,"ld W,(0x343c)",1
UNI_ASSEMBLES_DIFF,ldb_d8,"ld W,(0x343f)",1
UNI_ASSEMBLES_DIFF,ldb_d8,"ld W,(0x3455)",1
UNI_ASSEMBLES_DIFF,ldb_d8,"ld W,(0x3460)",1
UNI_ASSEMBLES_DIFF,ldb_d8,"ld W,(0x34f0)",1
UNI_ASSEMBLES_DIFF,ldb_d8,"ld W,(0x34f5)",1
UNI_ASSEMBLES_DIFF,ldb_d8,"ld W,(0x3524)",1
UNI_ASSEMBLES_DIFF,ldb_d8,"ld W,(0x3534)",1
UNI_ASSEMBLES_DIFF,ldb_d8,"ld W,(0x3560)",1
UNI_ASSEMBLES_DIFF,ldb_d8,"ld W,(0x3680)",1
UNI_ASSEMBLES_DIFF,ldb_d8,"ld W,(0x36ff)",1
UNI_ASSEMBLES_DIFF,ldb_d8,"ld W,(0x38fa)",1
UNI_ASSEMBLES_DIFF,ldb_d8,"ld W,(0x3910)",1
UNI_ASSEMBLES_DIFF,ldb_d8,"ld W,(0x7d60)",1
UNI_ASSEMBLES_DIFF,ldb_d8,"ld W,(0x7d8b)",1
UNI_ASSEMBLES_DIFF,ldb_d8,"ld W,(0x7db8)",1
UNI_ASSEMBLES_DIFF,ldb_d8,"ld W,(0x7e98)",1
UNI_ASSEMBLES_DIFF,ldb_d8,"ld W,(0x7e9c)",1
UNI_ASSEMBLES_DIFF,ldb_d8,"ld W,(0x7f04)",1
UNI_ASSEMBLES_DIFF,ldb_d8,"ld W,(0x7f32)",1
UNI_ASSEMBLES_DIFF,ldb_d8,"ld W,(0x7f4e)",1
UNI_ASSEMBLES_DIFF,ldb_d8,"ld W,(0x8968)",1
UNI_ASSEMBLES_DIFF,ldb_d8,"ld W,(0x8caa)",1
UNI_ASSEMBLES_DIFF,ldb_d8,"ld W,(0x90d9)",1
UNI_ASSEMBLES_DIFF,ld_sd8b,"ld W,(0x9d)",1
UNI_ASSEMBLES_DIFF,ld_sd8b,"ld W,(0xa5)",1
UNI_ASSEMBLES_DIFF,ldw_d16,"ld WA,(0x0702)",1
UNI_ASSEMBLES_DIFF,ldw_d16,"ld WA,(0x0960)",1
UNI_ASSEMBLES_DIFF,ldw_d16,"ld WA,(0x0c30)",1
UNI_ASSEMBLES_DIFF,ldw_d16,"ld WA,(0x0c3a)",1
UNI_ASSEMBLES_DIFF,ldw_d16,"ld WA,(0x0c55)",1
UNI_ASSEMBLES_DIFF,ldw_d16,"ld WA,(0x0c61)",1
UNI_ASSEMBLES_DIFF,ldw_d16,"ld WA,(0x0c6b)",1
UNI_ASSEMBLES_DIFF,ldw_d16,"ld WA,(0x0c70)",1
UNI_ASSEMBLES_DIFF,ldw_d16,"ld WA,(0x0cac)",1
UNI_ASSEMBLES_DIFF,ldw_d16,"ld WA,(0x0cc0)",1
UNI_ASSEMBLES_DIFF,ldw_d16,"ld WA,(0x0cc8)",1
UNI_ASSEMBLES_DIFF,ldw_d16,"ld WA,(0x0d3e)",1
UNI_ASSEMBLES_DIFF,ldw_d16,"ld WA,(0x0d42)",1
UNI_ASSEMBLES_DIFF,ldw_d16,"ld WA,(0x0da8)",1
UNI_ASSEMBLES_DIFF,ldw_d16,"ld WA,(0x0dbe)",1
UNI_ASSEMBLES_DIFF,ldw_d16,"ld WA,(0x0e00)",1
UNI_ASSEMBLES_DIFF,ldw_d16,"ld WA,(0x0e06)",1
UNI_ASSEMBLES_DIFF,ldw_d16,"ld WA,(0x0e46)",1
UNI_ASSEMBLES_DIFF,ldw_d16,"ld WA,(0x0e54)",1
UNI_ASSEMBLES_DIFF,ldw_d16,"ld WA,(0x0f56)",1
UNI_ASSEMBLES_DIFF,ldw_d16,"ld WA,(0x0f5e)",1
UNI_ASSEMBLES_DIFF,ldw_d16,"ld WA,(0x0f75)",1
UNI_ASSEMBLES_DIFF,ldw_d16,"ld WA,(0x0f77)",1
UNI_ASSEMBLES_DIFF,ldw_d16,"ld WA,(0x0fd6)",1
UNI_ASSEMBLES_DIFF,ldw_d16,"ld WA,(0x100c)",1
UNI_ASSEMBLES_DIFF,ldw_d16,"ld WA,(0x107c)",1
UNI_ASSEMBLES_DIFF,ldw_d16,"ld WA,(0x10c4)",1
UNI_ASSEMBLES_DIFF,ldw_d16,"ld WA,(0x10c6)",1
UNI_ASSEMBLES_DIFF,ldw_d16,"ld WA,(0x11b2)",1
UNI_ASSEMBLES_DIFF,ldw_d16,"ld WA,(0x1250)",1
UNI_ASSEMBLES_DIFF,ldw_d16,"ld WA,(0x129e)",1
UNI_ASSEMBLES_DIFF,ldw_d16,"ld WA,(0x1505)",1
UNI_ASSEMBLES_DIFF,ldw_d16,"ld WA,(0x1941)",1
UNI_ASSEMBLES_DIFF,ldw_d16,"ld WA,(0x2070)",1
UNI_ASSEMBLES_DIFF,ldw_d16,"ld WA,(0x2088)",1
UNI_ASSEMBLES_DIFF,ldw_d16,"ld WA,(0x2096)",1
UNI_ASSEMBLES_DIFF,ldw_d16,"ld WA,(0x2118)",1
UNI_ASSEMBLES_DIFF,ldw_d16,"ld WA,(0x2124)",1
UNI_ASSEMBLES_DIFF,ldw_d16,"ld WA,(0x2130)",1
UNI_ASSEMBLES_DIFF,ldw_d16,"ld WA,(0x2136)",1
UNI_ASSEMBLES_DIFF,ldw_d16,"ld WA,(0x213c)",1
UNI_ASSEMBLES_DIFF,ldw_d16,"ld WA,(0x2194)",1
UNI_ASSEMBLES_DIFF,ldw_d16,"ld WA,(0x2350)",1
UNI_ASSEMBLES_DIFF,ldw_d16,"ld WA,(0x23b8)",1
UNI_ASSEMBLES_DIFF,ldw_d16,"ld WA,(0x23ba)",1
UNI_ASSEMBLES_DIFF,ldw_d16,"ld WA,(0x23be)",1
UNI_ASSEMBLES_DIFF,ldw_d16,"ld WA,(0x23c4)",1
UNI_ASSEMBLES_DIFF,ldw_d16,"ld WA,(0x2541)",1
UNI_ASSEMBLES_DIFF,ldw_d16,"ld WA,(0x2543)",1
UNI_ASSEMBLES_DIFF,ldw_d16,"ld WA,(0x2545)",1
UNI_ASSEMBLES_DIFF,ldw_d16,"ld WA,(0x2550)",1
UNI_ASSEMBLES_DIFF,ldw_d16,"ld WA,(0x2552)",1
UNI_ASSEMBLES_DIFF,ldw_d16,"ld WA,(0x259c)",1
UNI_ASSEMBLES_DIFF,ldw_d16,"ld WA,(0x2656)",1
UNI_ASSEMBLES_DIFF,ldw_d16,"ld WA,(0x26a0)",1
UNI_ASSEMBLES_DIFF,ldw_d16,"ld WA,(0x26f4)",1
UNI_ASSEMBLES_DIFF,ldw_d16,"ld WA,(0x26fa)",1
UNI_ASSEMBLES_DIFF,ldw_d16,"ld WA,(0x26fd)",1
UNI_ASSEMBLES_DIFF,ldw_d16,"ld WA,(0x2704)",1
UNI_ASSEMBLES_DIFF,ldw_d16,"ld WA,(0x270b)",1
UNI_ASSEMBLES_DIFF,ldw_d16,"ld WA,(0x2748)",1
UNI_ASSEMBLES_DIFF,ldw_d16,"ld WA,(0x27f2)",1
UNI_ASSEMBLES_DIFF,ldw_d16,"ld WA,(0x27f7)",1
UNI_ASSEMBLES_DIFF,ldw_d16,"ld WA,(0x27f9)",1
UNI_ASSEMBLES_DIFF,ldw_d16,"ld WA,(0x280e)",1
UNI_ASSEMBLES_DIFF,ldw_d16,"ld WA,(0x2822)",1
UNI_ASSEMBLES_DIFF,ldw_d16,"ld WA,(0x2a92)",1
UNI_ASSEMBLES_DIFF,ldw_d16,"ld WA,(0x3010)",1
UNI_ASSEMBLES_DIFF,ldw_d16,"ld WA,(0x31fb)",1
UNI_ASSEMBLES_DIFF,ldw_d16,"ld WA,(0x31fd)",1
UNI_ASSEMBLES_DIFF,ldw_d16,"ld WA,(0x31ff)",1
UNI_ASSEMBLES_DIFF,ldw_d16,"ld WA,(0x3201)",1
UNI_ASSEMBLES_DIFF,ldw_d16,"ld WA,(0x3203)",1
UNI_ASSEMBLES_DIFF,ldw_d16,"ld WA,(0x3205)",1
UNI_ASSEMBLES_DIFF,ldw_d16,"ld WA,(0x32d8)",1
UNI_ASSEMBLES_DIFF,ldw_d16,"ld WA,(0x33a1)",1
UNI_ASSEMBLES_DIFF,ldw_d16,"ld WA,(0x33b8)",1
UNI_ASSEMBLES_DIFF,ldw_d16,"ld WA,(0x33e4)",1
UNI_ASSEMBLES_DIFF,ldw_d16,"ld WA,(0x3438)",1
UNI_ASSEMBLES_DIFF,ldw_d16,"ld WA,(0x3494)",1
UNI_ASSEMBLES_DIFF,ldw_d16,"ld WA,(0x3496)",1
UNI_ASSEMBLES_DIFF,ldw_d16,"ld WA,(0x34a5)",1
UNI_ASSEMBLES_DIFF,ldw_d16,"ld WA,(0x353e)",1
UNI_ASSEMBLES_DIFF,ldw_d16,"ld WA,(0x3540)",1
UNI_ASSEMBLES_DIFF,ldw_d16,"ld WA,(0x3548)",1
UNI_ASSEMBLES_DIFF,ldw_d16,"ld WA,(0x356a)",1
UNI_ASSEMBLES_DIFF,ldw_d16,"ld WA,(0x3574)",1
UNI_ASSEMBLES_DIFF,ldw_d16,"ld WA,(0x35c2)",1
UNI_ASSEMBLES_DIFF,ldw_d16,"ld WA,(0x35c4)",1
UNI_ASSEMBLES_DIFF,ldw_d16,"ld WA,(0x360c)",1
UNI_ASSEMBLES_DIFF,ldw_d16,"ld WA,(0x36d8)",1
UNI_ASSEMBLES_DIFF,ldw_d16,"ld WA,(0x36da)",1
UNI_ASSEMBLES_DIFF,ldw_d16,"ld WA,(0x36de)",1
UNI_ASSEMBLES_DIFF,ldw_d16,"ld WA,(0x36f6)",1
UNI_ASSEMBLES_DIFF,ldw_d16,"ld WA,(0x3732)",1
UNI_ASSEMBLES_DIFF,ldw_d16,"ld WA,(0x373e)",1
UNI_ASSEMBLES_DIFF,ldw_d16,"ld WA,(0x3744)",1
UNI_ASSEMBLES_DIFF,ldw_d16,"ld WA,(0x384c)",1
UNI_ASSEMBLES_DIFF,ldw_d16,"ld WA,(0x38c0)",1
UNI_ASSEMBLES_DIFF,ldw_d16,"ld WA,(0x38c2)",1
UNI_ASSEMBLES_DIFF,ldw_d16,"ld WA,(0x38c4)",1
UNI_ASSEMBLES_DIFF,ldw_d16,"ld WA,(0x38c6)",1
UNI_ASSEMBLES_DIFF,ldw_d16,"ld WA,(0x38c8)",1
UNI_ASSEMBLES_DIFF,ldw_d16,"ld WA,(0x38ca)",1
UNI_ASSEMBLES_DIFF,ldw_d16,"ld WA,(0x38cc)",1
UNI_ASSEMBLES_DIFF,ldw_d16,"ld WA,(0x38ce)",1
UNI_ASSEMBLES_DIFF,ldw_d16,"ld WA,(0x38d0)",1
UNI_ASSEMBLES_DIFF,ldw_d16,"ld WA,(0x38d2)",1
UNI_ASSEMBLES_DIFF,ldw_d16,"ld WA,(0x38d6)",1
UNI_ASSEMBLES_DIFF,ldw_d16,"ld WA,(0x38e6)",1
UNI_ASSEMBLES_DIFF,ldw_d16,"ld WA,(0x39e6)",1
UNI_ASSEMBLES_DIFF,ldw_d16,"ld WA,(0x448a)",1
UNI_ASSEMBLES_DIFF,ldw_d16,"ld WA,(0x45b8)",1
UNI_ASSEMBLES_DIFF,ldw_d16,"ld WA,(0x5a4f)",1
UNI_ASSEMBLES_DIFF,ldw_d16,"ld WA,(0x5a51)",1
UNI_ASSEMBLES_DIFF,ldw_d16,"ld WA,(0x7d64)",1
UNI_ASSEMBLES_DIFF,ldw_d16,"ld WA,(0x7d80)",1
UNI_ASSEMBLES_DIFF,ldw_d16,"ld WA,(0x7d90)",1
UNI_ASSEMBLES_DIFF,ldw_d16,"ld WA,(0x7d92)",1
UNI_ASSEMBLES_DIFF,ldw_d16,"ld WA,(0x7d94)",1
UNI_ASSEMBLES_DIFF,ldw_d16,"ld WA,(0x7d96)",1
UNI_ASSEMBLES_DIFF,ldw_d16,"ld WA,(0x7d98)",1
UNI_ASSEMBLES_DIFF,ldw_d16,"ld WA,(0x7d9a)",1
UNI_ASSEMBLES_DIFF,ldw_d16,"ld WA,(0x7d9c)",1
UNI_ASSEMBLES_DIFF,ldw_d16,"ld WA,(0x7d9e)",1
UNI_ASSEMBLES_DIFF,ldw_d16,"ld WA,(0x7da0)",1
UNI_ASSEMBLES_DIFF,ldw_d16,"ld WA,(0x7da2)",1
UNI_ASSEMBLES_DIFF,ldw_d16,"ld WA,(0x7e72)",1
UNI_ASSEMBLES_DIFF,ldw_d16,"ld WA,(0x7e74)",1
UNI_ASSEMBLES_DIFF,ldw_d16,"ld WA,(0x7e80)",1
UNI_ASSEMBLES_DIFF,ldw_d16,"ld WA,(0x7e82)",1
UNI_ASSEMBLES_DIFF,ldw_d16,"ld WA,(0x7e84)",1
UNI_ASSEMBLES_DIFF,ldw_d16,"ld WA,(0x7e86)",1
UNI_ASSEMBLES_DIFF,ldw_d16,"ld WA,(0x7e88)",1
UNI_ASSEMBLES_DIFF,ldw_d16,"ld WA,(0x7e8a)",1
UNI_ASSEMBLES_DIFF,ldw_d16,"ld WA,(0x7e8c)",1
UNI_ASSEMBLES_DIFF,ldw_d16,"ld WA,(0x7e8e)",1
UNI_ASSEMBLES_DIFF,ldw_d16,"ld WA,(0x7e90)",1
UNI_ASSEMBLES_DIFF,ldw_d16,"ld WA,(0x7e92)",1
UNI_ASSEMBLES_DIFF,ldw_d16,"ld WA,(0x7e94)",1
UNI_ASSEMBLES_DIFF,ldw_d16,"ld WA,(0x7e96)",1
UNI_ASSEMBLES_DIFF,ldw_d16,"ld WA,(0x7ee2)",1
UNI_ASSEMBLES_DIFF,ldw_d16,"ld WA,(0x839c)",1
UNI_ASSEMBLES_DIFF,ldw_d16,"ld WA,(0x8400)",1
UNI_ASSEMBLES_DIFF,ldw_d16,"ld WA,(0x8460)",1
UNI_ASSEMBLES_DIFF,ldw_d16,"ld WA,(0x846a)",1
UNI_ASSEMBLES_DIFF,ldw_d16,"ld WA,(0x846c)",1
UNI_ASSEMBLES_DIFF,ldw_d16,"ld WA,(0x89a6)",1
UNI_ASSEMBLES_DIFF,ldw_d16,"ld WA,(0x8e2c)",1
UNI_ASSEMBLES_DIFF,ldw_d16,"ld WA,(0x908d)",1
UNI_ASSEMBLES_DIFF,ldw_d16,"ld WA,(0x911d)",1
UNI_ASSEMBLES_DIFF,ldw_d16,"ld WA,(0xb73a)",1
UNI_ASSEMBLES_DIFF,ldw_d16,"ld WA,(0xb73c)",1
UNI_ASSEMBLES_DIFF,ldw_d16,"ld WA,(0xc15c)",1
UNI_ASSEMBLES_DIFF,ldw_d16,"ld WA,(0xc4fa)",1
UNI_ASSEMBLES_DIFF,ldw_d16,"ld WA,(0xc4fc)",1
UNI_ASSEMBLES_DIFF,ldw_d16,"ld WA,(0xd00e)",1
UNI_ASSEMBLES_DIFF,ldw_d16,"ld WA,(0xd812)",1
UNI_ASSEMBLES_DIFF,ldw_d16,"ld WA,(0xd814)",1
UNI_ASSEMBLES_DIFF,ldw_d16,"ld WA,(0xe2c4)",1
UNI_ASSEMBLES_DIFF,ldw_d16,"ld WA,(0xf012)",1
UNI_ASSEMBLES_DIFF,ldw_d16,"ld WA,(0xf01a)",1
UNI_ASSEMBLES_DIFF,ldda32,"ld XBC,(0x030e)",1
UNI_ASSEMBLES_DIFF,ldda32,"ld XBC,(0x0904)",1
UNI_ASSEMBLES_DIFF,ldda32,"ld XBC,(0x1129)",1
UNI_ASSEMBLES_DIFF,ldda32,"ld XBC,(0x300c)",1
UNI_ASSEMBLES_DIFF,ldda32,"ld XBC,(0x3010)",1
UNI_ASSEMBLES_DIFF,ldda32,"ld XBC,(0x3604)",1
UNI_ASSEMBLES_DIFF,ldda32,"ld XBC,(0x3cc0)",1
UNI_ASSEMBLES_DIFF,ldda32,"ld XBC,(0x3cc8)",1
UNI_ASSEMBLES_DIFF,ldda32,"ld XBC,(0x4816)",1
UNI_ASSEMBLES_DIFF,ldda32,"ld XBC,(0x4a3a)",1
UNI_ASSEMBLES_DIFF,ldda32,"ld XBC,(0x4c06)",1
UNI_ASSEMBLES_DIFF,ldda32,"ld XBC,(0x7ea8)",1
UNI_ASSEMBLES_DIFF,ldda32,"ld XBC,(0x909f)",1
UNI_ASSEMBLES_DIFF,ldda32,"ld XBC,(0xe0b2)",1
UNI_ASSEMBLES_DIFF,ldda32,"ld XBC,(0xe925)",1
UNI_ASSEMBLES_DIFF,ldda32,"ld XDE,(0x0908)",1
UNI_ASSEMBLES_DIFF,ldda32,"ld XDE,(0x1345)",1
UNI_ASSEMBLES_DIFF,ldda32,"ld XDE,(0x2084)",1
UNI_ASSEMBLES_DIFF,ldda32,"ld XDE,(0x208c)",1
UNI_ASSEMBLES_DIFF,ldda32,"ld XDE,(0x3008)",1
UNI_ASSEMBLES_DIFF,ldda32,"ld XDE,(0x349a)",1
UNI_ASSEMBLES_DIFF,ldda32,"ld XDE,(0x3cc0)",1
UNI_ASSEMBLES_DIFF,ldda32,"ld XDE,(0x7ea8)",1
UNI_ASSEMBLES_DIFF,ldda32,"ld XDE,(0x90a3)",1
UNI_ASSEMBLES_DIFF,ldda32,"ld XDE,(0xbbb8)",1
UNI_ASSEMBLES_DIFF,ldda32,"ld XHL,(0x090c)",1
UNI_ASSEMBLES_DIFF,ldda32,"ld XHL,(0x0cf0)",1
UNI_ASSEMBLES_DIFF,ldda32,"ld XHL,(0x0e12)",1
UNI_ASSEMBLES_DIFF,ldda32,"ld XHL,(0x0ef0)",1
UNI_ASSEMBLES_DIFF,ldda32,"ld XHL,(0x1040)",1
UNI_ASSEMBLES_DIFF,ldda32,"ld XHL,(0x1345)",1
UNI_ASSEMBLES_DIFF,ldda32,"ld XHL,(0x34ac)",1
UNI_ASSEMBLES_DIFF,ldda32,"ld XHL,(0x34b0)",1
UNI_ASSEMBLES_DIFF,ldda32,"ld XHL,(0x34c4)",1
UNI_ASSEMBLES_DIFF,ldda32,"ld XHL,(0x90a7)",1
UNI_ASSEMBLES_DIFF,ldda32,"ld XHL,(0xe0b2)",1
UNI_ASSEMBLES_DIFF,ldda32,"ld XIX,(0x08e4)",1
UNI_ASSEMBLES_DIFF,ldda32,"ld XIX,(0x0910)",1
UNI_ASSEMBLES_DIFF,ldda32,"ld XIX,(0x0d30)",1
UNI_ASSEMBLES_DIFF,ldda32,"ld XIX,(0x20c0)",1
UNI_ASSEMBLES_DIFF,ldda32,"ld XIX,(0x20c4)",1
UNI_ASSEMBLES_DIFF,ldda32,"ld XIX,(0x338a)",1
UNI_ASSEMBLES_DIFF,ldda32,"ld XIX,(0x35b4)",1
UNI_ASSEMBLES_DIFF,ldda32,"ld XIX,(0x36ce)",1
UNI_ASSEMBLES_DIFF,ldda32,"ld XIX,(0x3882)",1
UNI_ASSEMBLES_DIFF,ldda32,"ld XIX,(0x4a3a)",1
UNI_ASSEMBLES_DIFF,ldda32,"ld XIX,(0x90ab)",1
UNI_ASSEMBLES_DIFF,ldda32,"ld XIY,(0x08e0)",1
UNI_ASSEMBLES_DIFF,ldda32,"ld XIY,(0x08e4)",1
UNI_ASSEMBLES_DIFF,ldda32,"ld XIY,(0x0914)",1
UNI_ASSEMBLES_DIFF,ldda32,"ld XIY,(0x20ad)",1
UNI_ASSEMBLES_DIFF,ldda32,"ld XIY,(0x34c0)",1
UNI_ASSEMBLES_DIFF,ldda32,"ld XIY,(0x35b4)",1
UNI_ASSEMBLES_DIFF,ldda32,"ld XIY,(0x36b2)",1
UNI_ASSEMBLES_DIFF,ldda32,"ld XIY,(0x36be)",1
UNI_ASSEMBLES_DIFF,ldda32,"ld XIY,(0x3882)",1
UNI_ASSEMBLES_DIFF,ldda32,"ld XIY,(0x90af)",1
UNI_ASSEMBLES_DIFF,ldda32,"ld XIZ,(0x0918)",1
UNI_ASSEMBLES_DIFF,ldda32,"ld XIZ,(0x36ce)",1
UNI_ASSEMBLES_DIFF,ldda32,"ld XIZ,(0x36d2)",1
UNI_ASSEMBLES_DIFF,ldda32,"ld XIZ,(0x90b3)",1
UNI_ASSEMBLES_DIFF,ldda32,"ld XWA,(0x0874)",1
UNI_ASSEMBLES_DIFF,ldda32,"ld XWA,(0x0878)",1
UNI_ASSEMBLES_DIFF,ldda32,"ld XWA,(0x087c)",1
UNI_ASSEMBLES_DIFF,ldda32,"ld XWA,(0x0900)",1
UNI_ASSEMBLES_DIFF,ldda32,"ld XWA,(0x0c00)",1
UNI_ASSEMBLES_DIFF,ldda32,"ld XWA,(0x0c20)",1
UNI_ASSEMBLES_DIFF,ldda32,"ld XWA,(0x0c28)",1
UNI_ASSEMBLES_DIFF,ldda32,"ld XWA,(0x0c2c)",1
UNI_ASSEMBLES_DIFF,ldda32,"ld XWA,(0x0c38)",1
UNI_ASSEMBLES_DIFF,ldda32,"ld XWA,(0x102c)",1
UNI_ASSEMBLES_DIFF,ldda32,"ld XWA,(0x1129)",1
UNI_ASSEMBLES_DIFF,ldda32,"ld XWA,(0x19ec)",1
UNI_ASSEMBLES_DIFF,ldda32,"ld XWA,(0x2181)",1
UNI_ASSEMBLES_DIFF,ldda32,"ld XWA,(0x2252)",1
UNI_ASSEMBLES_DIFF,ldda32,"ld XWA,(0x2256)",1
UNI_ASSEMBLES_DIFF,ldda32,"ld XWA,(0x2555)",1
UNI_ASSEMBLES_DIFF,ldda32,"ld XWA,(0x34c0)",1
UNI_ASSEMBLES_DIFF,ldda32,"ld XWA,(0x34c8)",1
UNI_ASSEMBLES_DIFF,ldda32,"ld XWA,(0x36c6)",1
UNI_ASSEMBLES_DIFF,ldda32,"ld XWA,(0x36ca)",1
UNI_ASSEMBLES_DIFF,ldda32,"ld XWA,(0x3944)",1
UNI_ASSEMBLES_DIFF,ldda32,"ld XWA,(0x3cc8)",1
UNI_ASSEMBLES_DIFF,ldda32,"ld XWA,(0x47ec)",1
UNI_ASSEMBLES_DIFF,ldda32,"ld XWA,(0x4812)",1
UNI_ASSEMBLES_DIFF,ldda32,"ld XWA,(0x4a3a)",1
UNI_ASSEMBLES_DIFF,ldda32,"ld XWA,(0x4c06)",1
UNI_ASSEMBLES_DIFF,ldda32,"ld XWA,(0x5540)",1
UNI_ASSEMBLES_DIFF,ldda32,"ld XWA,(0x7ee6)",1
UNI_ASSEMBLES_DIFF,ldda32,"ld XWA,(0x7ff0)",1
UNI_ASSEMBLES_DIFF,ldda32,"ld XWA,(0x7ff4)",1
UNI_ASSEMBLES_DIFF,ldda32,"ld XWA,(0x8078)",1
UNI_ASSEMBLES_DIFF,ldda32,"ld XWA,(0x80fc)",1
UNI_ASSEMBLES_DIFF,ldda32,"ld XWA,(0x8100)",1
UNI_ASSEMBLES_DIFF,ldda32,"ld XWA,(0x811a)",1
UNI_ASSEMBLES_DIFF,ldda32,"ld XWA,(0x811e)",1
UNI_ASSEMBLES_DIFF,ldda32,"ld XWA,(0x8126)",1
UNI_ASSEMBLES_DIFF,ldda32,"ld XWA,(0x812a)",1
UNI_ASSEMBLES_DIFF,ldda32,"ld XWA,(0x8296)",1
UNI_ASSEMBLES_DIFF,ldda32,"ld XWA,(0x82ea)",1
UNI_ASSEMBLES_DIFF,ldda32,"ld XWA,(0x83fc)",1
UNI_ASSEMBLES_DIFF,ldda32,"ld XWA,(0x845c)",1
UNI_ASSEMBLES_DIFF,ldda32,"ld XWA,(0x8cc4)",1
UNI_ASSEMBLES_DIFF,ldda32,"ld XWA,(0x909b)",1
UNI_ASSEMBLES_DIFF,ldda32,"ld XWA,(0xbbb8)",1
UNI_ASSEMBLES_DIFF,ldda32,"ld XWA,(0xbbc0)",1
UNI_ASSEMBLES_DIFF,ldda32,"ld XWA,(0xbc14)",1
UNI_ASSEMBLES_DIFF,ldda32,"ld XWA,(0xbc38)",1
UNI_ASSEMBLES_DIFF,ldda32,"ld XWA,(0xe921)",1
UNI_ASSEMBLES_DIFF,ldda32,"ld XWA,(0xe92f)",1
UNI_ASSEMBLES_DIFF,ldcf_dd8,"ldcf 0,(0x44)",1
UNI_ASSEMBLES_DIFF,ldcf_dd8,"ldcf 1,(0x30)",1
UNI_ASSEMBLES_DIFF,ordi8,"or (0x0f64),0x01",1
UNI_ASSEMBLES_DIFF,ordi8,"or (0x0f64),0x04",1
UNI_ASSEMBLES_DIFF,ordi8,"or (0x0f64),0x40",1
UNI_ASSEMBLES_DIFF,orddm8,"or (0x0f64),A",1
UNI_ASSEMBLES_DIFF,ordi8,"or (0x0f6a),0x01",1
UNI_ASSEMBLES_DIFF,ordi8,"or (0x0f6a),0x02",1
UNI_ASSEMBLES_DIFF,ordi8,"or (0x0f6a),0x04",1
UNI_ASSEMBLES_DIFF,ordi8,"or (0x0f6a),0x08",1
UNI_ASSEMBLES_DIFF,ordi8,"or (0x0f6a),0x40",1
UNI_ASSEMBLES_DIFF,ordi8,"or (0x0f6b),0x01",1
UNI_ASSEMBLES_DIFF,ordi8,"or (0x0f6b),0x08",1
UNI_ASSEMBLES_DIFF,ordi8,"or (0x266a),0x01",1
UNI_ASSEMBLES_DIFF,orddm8,"or (0x2772),C",1
UNI_ASSEMBLES_DIFF,orddm8,"or (0x2773),C",1
UNI_ASSEMBLES_DIFF,orddm8,"or (0x2774),C",1
UNI_ASSEMBLES_DIFF,orddm8,"or (0x2775),C",1
UNI_ASSEMBLES_DIFF,orddm8,"or (0x2776),C",1
UNI_ASSEMBLES_DIFF,orddm8,"or (0x2777),C",1
UNI_ASSEMBLES_DIFF,orddm8,"or (0x2778),C",1
UNI_ASSEMBLES_DIFF,orddm8,"or (0x2779),C",1
UNI_ASSEMBLES_DIFF,orddm8,"or (0x277a),C",1
UNI_ASSEMBLES_DIFF,orddm8,"or (0x277b),C",1
UNI_ASSEMBLES_DIFF,orddm8,"or (0x277c),C",1
UNI_ASSEMBLES_DIFF,orddm8,"or (0x2896),C",1
UNI_ASSEMBLES_DIFF,orddm8,"or (0x28af),C",1
UNI_ASSEMBLES_DIFF,or_sd8b_mr,"or (0x30),A",1
UNI_ASSEMBLES_DIFF,ordi8,"or (0x31e7),0x04",1
UNI_ASSEMBLES_DIFF,ordi8,"or (0x3257),0x20",1
UNI_ASSEMBLES_DIFF,ordi8,"or (0x3258),0x02",1
UNI_ASSEMBLES_DIFF,ordi8,"or (0x3258),0x10",1
UNI_ASSEMBLES_DIFF,ordi8,"or (0x3258),0x21",1
UNI_ASSEMBLES_DIFF,ordi8,"or (0x326e),0x01",1
UNI_ASSEMBLES_DIFF,ordi8,"or (0x326e),0x04",1
UNI_ASSEMBLES_DIFF,ordi8,"or (0x326e),0x08",1
UNI_ASSEMBLES_DIFF,ordi8,"or (0x326f),0x01",1
UNI_ASSEMBLES_DIFF,ordi8,"or (0x326f),0x02",1
UNI_ASSEMBLES_DIFF,ordi8,"or (0x3273),0x01",1
UNI_ASSEMBLES_DIFF,orddm8,"or (0x3276),A",1
UNI_ASSEMBLES_DIFF,orddm8,"or (0x3277),A",1
UNI_ASSEMBLES_DIFF,ordi8,"or (0x327a),0x3f",1
UNI_ASSEMBLES_DIFF,ordi8,"or (0x327c),0x3f",1
UNI_ASSEMBLES_DIFF,ordi8,"or (0x328b),0x3f",1
UNI_ASSEMBLES_DIFF,ordi8,"or (0x3290),0x01",1
UNI_ASSEMBLES_DIFF,ordi8,"or (0x3290),0x02",1
UNI_ASSEMBLES_DIFF,ordi8,"or (0x3290),0x04",1
UNI_ASSEMBLES_DIFF,ordi8,"or (0x3290),0x08",1
UNI_ASSEMBLES_DIFF,ordi8,"or (0x3290),0x10",1
UNI_ASSEMBLES_DIFF,ordi8,"or (0x3290),0x20",1
UNI_ASSEMBLES_DIFF,orddm8,"or (0x3290),A",1
UNI_ASSEMBLES_DIFF,ordi8,"or (0x3291),0x01",1
UNI_ASSEMBLES_DIFF,ordi8,"or (0x329f),0x01",1
UNI_ASSEMBLES_DIFF,ordi8,"or (0x32f5),0x01",1
UNI_ASSEMBLES_DIFF,ordi8,"or (0x32f7),0x01",1
UNI_ASSEMBLES_DIFF,ordi8,"or (0x3335),0x01",1
UNI_ASSEMBLES_DIFF,ordi8,"or (0x3337),0x01",1
UNI_ASSEMBLES_DIFF,orddm8,"or (0x3344),A",1
UNI_ASSEMBLES_DIFF,ordi8,"or (0x3349),0x02",1
UNI_ASSEMBLES_DIFF,ordi8,"or (0x334c),0x01",1
UNI_ASSEMBLES_DIFF,ordi8,"or (0x33d1),0x02",1
UNI_ASSEMBLES_DIFF,ordi8,"or (0x33d1),0x10",1
UNI_ASSEMBLES_DIFF,ordi8,"or (0x33d1),0x80",1
UNI_ASSEMBLES_DIFF,ordi8,"or (0x33d2),0x04",1
UNI_ASSEMBLES_DIFF,ordi8,"or (0x33d2),0x60",1
UNI_ASSEMBLES_DIFF,ordi8,"or (0x33d2),0x80",1
UNI_ASSEMBLES_DIFF,ordi8,"or (0x33d4),0x01",1
UNI_ASSEMBLES_DIFF,ordi8,"or (0x33d4),0x04",1
UNI_ASSEMBLES_DIFF,ordi8,"or (0x33d4),0x08",1
UNI_ASSEMBLES_DIFF,ordi8,"or (0x33d4),0x10",1
UNI_ASSEMBLES_DIFF,ordi8,"or (0x33d4),0x20",1
UNI_ASSEMBLES_DIFF,ordi8,"or (0x33d4),0x40",1
UNI_ASSEMBLES_DIFF,ordi8,"or (0x33d4),0x80",1
UNI_ASSEMBLES_DIFF,ordi8,"or (0x33d8),0x01",1
UNI_ASSEMBLES_DIFF,ordi8,"or (0x33de),0x01",1
UNI_ASSEMBLES_DIFF,ordi8,"or (0x33de),0x04",1
UNI_ASSEMBLES_DIFF,ordi8,"or (0x33e4),0x04",1
UNI_ASSEMBLES_DIFF,ordi8,"or (0x33e4),0x08",1
UNI_ASSEMBLES_DIFF,ordi8,"or (0x33e4),0x10",1
UNI_ASSEMBLES_DIFF,ordi8,"or (0x33e4),0x20",1
UNI_ASSEMBLES_DIFF,ordi8,"or (0x33e4),0x40",1
UNI_ASSEMBLES_DIFF,ordi8,"or (0x33e4),0x80",1
UNI_ASSEMBLES_DIFF,ordi8,"or (0x33e5),0x80",1
UNI_ASSEMBLES_DIFF,ordi8,"or (0x33e6),0x04",1
UNI_ASSEMBLES_DIFF,ordi8,"or (0x33e6),0x08",1
UNI_ASSEMBLES_DIFF,ordi8,"or (0x33e6),0x10",1
UNI_ASSEMBLES_DIFF,ordi8,"or (0x33e6),0x20",1
UNI_ASSEMBLES_DIFF,ordi8,"or (0x33e6),0x40",1
UNI_ASSEMBLES_DIFF,ordi8,"or (0x33e6),0x80",1
UNI_ASSEMBLES_DIFF,ordi8,"or (0x33e7),0x80",1
UNI_ASSEMBLES_DIFF,ordi8,"or (0x33e8),0x04",1
UNI_ASSEMBLES_DIFF,ordi8,"or (0x33ea),0x04",1
UNI_ASSEMBLES_DIFF,ordi8,"or (0x33f5),0x01",1
UNI_ASSEMBLES_DIFF,ordi8,"or (0x33fc),0x01",1
UNI_ASSEMBLES_DIFF,ordi8,"or (0x33fc),0x80",1
UNI_ASSEMBLES_DIFF,ordi8,"or (0x3403),0x01",1
UNI_ASSEMBLES_DIFF,ordi8,"or (0x3403),0x08",1
UNI_ASSEMBLES_DIFF,ordi8,"or (0x3431),0x08",1
UNI_ASSEMBLES_DIFF,ordi8,"or (0x3437),0x01",1
UNI_ASSEMBLES_DIFF,orddm8,"or (0x34b8),A",1
UNI_ASSEMBLES_DIFF,ordi8,"or (0x3514),0x04",1
UNI_ASSEMBLES_DIFF,ordi8,"or (0x357a),0x02",1
UNI_ASSEMBLES_DIFF,ordi8,"or (0x35ae),0x02",1
UNI_ASSEMBLES_DIFF,orddm8,"or (0x3871),A",1
UNI_ASSEMBLES_DIFF,orddm16,"or (0x3b1c),WA",1
UNI_ASSEMBLES_DIFF,orddm16,"or (0x3b20),HL",1
UNI_ASSEMBLES_DIFF,orddm16,"or (0x3b2a),WA",1
UNI_ASSEMBLES_DIFF,ordi8,"or (0x7dde),0x01",1
UNI_ASSEMBLES_DIFF,ordi8,"or (0x7e79),0x02",1
UNI_ASSEMBLES_DIFF,ordi8,"or (0x7e79),0x04",1
UNI_ASSEMBLES_DIFF,ordi8,"or (0x7e79),0x08",1
UNI_ASSEMBLES_DIFF,ordi8,"or (0x8cf0),0x02",1
UNI_ASSEMBLES_DIFF,ordi8,"or (0x8cf0),0x04",1
UNI_ASSEMBLES_DIFF,ordi8,"or (0x8cf7),0x01",1
UNI_ASSEMBLES_DIFF,ordi8,"or (0x8cf7),0x08",1
UNI_ASSEMBLES_DIFF,orddm8,"or (0x908e),A",1
UNI_ASSEMBLES_DIFF,ordi8,"or (0xb746),0x40",1
UNI_ASSEMBLES_DIFF,ordi8,"or (0xe31c),0x09",1
UNI_ASSEMBLES_DIFF,orda8,"or A,(0x0d49)",1
UNI_ASSEMBLES_DIFF,orda8,"or A,(0x10ca)",1
UNI_ASSEMBLES_DIFF,orda8,"or A,(0x1943)",1
UNI_ASSEMBLES_DIFF,orda8,"or A,(0x279b)",1
UNI_ASSEMBLES_DIFF,orda8,"or A,(0x327a)",1
UNI_ASSEMBLES_DIFF,orda8,"or A,(0x328c)",1
UNI_ASSEMBLES_DIFF,orda8,"or A,(0x39e0)",1
UNI_ASSEMBLES_DIFF,orda8,"or A,(0x76de)",1
UNI_ASSEMBLES_DIFF,orda8,"or A,(0x771e)",1
UNI_ASSEMBLES_DIFF,orda8,"or A,(0x775e)",1
UNI_ASSEMBLES_DIFF,orda8,"or A,(0x779e)",1
UNI_ASSEMBLES_DIFF,orda8,"or A,(0x77de)",1
UNI_ASSEMBLES_DIFF,orda8,"or A,(0x781e)",1
UNI_ASSEMBLES_DIFF,orda8,"or A,(0x785e)",1
UNI_ASSEMBLES_DIFF,orda8,"or A,(0x789e)",1
UNI_ASSEMBLES_DIFF,orda8,"or A,(0x9094)",1
UNI_ASSEMBLES_DIFF,orda8,"or C,(0x8ca6)",1
UNI_ASSEMBLES_DIFF,orda8,"or C,(0x8ca8)",1
UNI_ASSEMBLES_DIFF,orda8,"or W,(0x327b)",1
UNI_ASSEMBLES_DIFF,orda8,"or W,(0x327c)",1
UNI_ASSEMBLES_DIFF,resda,"res 0,(0x1034)",1
UNI_ASSEMBLES_DIFF,resda,"res 0,(0x31e8)",1
UNI_ASSEMBLES_DIFF,resda,"res 0,(0x325f)",1
UNI_ASSEMBLES_DIFF,resda,"res 0,(0x3261)",1
UNI_ASSEMBLES_DIFF,resda,"res 0,(0x3263)",1
UNI_ASSEMBLES_DIFF,resda,"res 0,(0x3514)",1
UNI_ASSEMBLES_DIFF,res_dd8,"res 0,(0x88)",1
UNI_ASSEMBLES_DIFF,resda,"res 0,(0x8cec)",1
UNI_ASSEMBLES_DIFF,resda,"res 0,(0x90c9)",1
UNI_ASSEMBLES_DIFF,res_dd8,"res 0,(0xa0)",1
UNI_ASSEMBLES_DIFF,resda,"res 1,(0x103e)",1
UNI_ASSEMBLES_DIFF,resda,"res 1,(0x325f)",1
UNI_ASSEMBLES_DIFF,resda,"res 1,(0x3261)",1
UNI_ASSEMBLES_DIFF,resda,"res 1,(0x3263)",1
UNI_ASSEMBLES_DIFF,resda,"res 1,(0x33de)",1
UNI_ASSEMBLES_DIFF,res_dd8,"res 1,(0x44)",1
UNI_ASSEMBLES_DIFF,res_dd8,"res 1,(0x88)",1
UNI_ASSEMBLES_DIFF,resda,"res 1,(0x905d)",1
UNI_ASSEMBLES_DIFF,res_dd8,"res 1,(0xa0)",1
UNI_ASSEMBLES_DIFF,resda,"res 2,(0x3263)",1
UNI_ASSEMBLES_DIFF,resda,"res 2,(0x33de)",1
UNI_ASSEMBLES_DIFF,res_dd8,"res 2,(0x44)",1
UNI_ASSEMBLES_DIFF,resda,"res 2,(0x8caa)",1
UNI_ASSEMBLES_DIFF,res_dd8,"res 2,(0xa0)",1
UNI_ASSEMBLES_DIFF,resda,"res 2,(0xc154)",1
UNI_ASSEMBLES_DIFF,resda,"res 2,(0xfc5f)",1
UNI_ASSEMBLES_DIFF,resda,"res 2,(0xfc60)",1
UNI_ASSEMBLES_DIFF,res_dd8,"res 3,(0x1c)",1
UNI_ASSEMBLES_DIFF,res_dd8,"res 3,(0x1e)",1
UNI_ASSEMBLES_DIFF,res_dd8,"res 3,(0x88)",1
UNI_ASSEMBLES_DIFF,res_dd8,"res 3,(0xa0)",1
UNI_ASSEMBLES_DIFF,resda,"res 3,(0xfc5f)",1
UNI_ASSEMBLES_DIFF,res_dd8,"res 4,(0x13)",1
UNI_ASSEMBLES_DIFF,res_dd8,"res 4,(0x1c)",1
UNI_ASSEMBLES_DIFF,res_dd8,"res 4,(0x88)",1
UNI_ASSEMBLES_DIFF,res_dd8,"res 4,(0x97)",1
UNI_ASSEMBLES_DIFF,res_dd8,"res 4,(0xa0)",1
UNI_ASSEMBLES_DIFF,resda,"res 4,(0xfc5f)",1
UNI_ASSEMBLES_DIFF,resda,"res 5,(0x103e)",1
UNI_ASSEMBLES_DIFF,res_dd8,"res 5,(0x1c)",1
UNI_ASSEMBLES_DIFF,res_dd8,"res 5,(0x88)",1
UNI_ASSEMBLES_DIFF,resda,"res 5,(0x8cb6)",1
UNI_ASSEMBLES_DIFF,resda,"res 5,(0x8dda)",1
UNI_ASSEMBLES_DIFF,resda,"res 5,(0xfc5f)",1
UNI_ASSEMBLES_DIFF,resda,"res 6,(0x04fe)",1
UNI_ASSEMBLES_DIFF,res_dd8,"res 6,(0x1c)",1
UNI_ASSEMBLES_DIFF,res_dd8,"res 6,(0x38)",1
UNI_ASSEMBLES_DIFF,res_dd8,"res 6,(0x88)",1
UNI_ASSEMBLES_DIFF,res_dd8,"res 6,(0x98)",1
UNI_ASSEMBLES_DIFF,resda,"res 6,(0xfc5f)",1
UNI_ASSEMBLES_DIFF,res_dd8,"res 7,(0x88)",1
UNI_ASSEMBLES_DIFF,res_dd8,"res 7,(0xa3)",1
UNI_ASSEMBLES_DIFF,resda,"res 7,(0xfc5f)",1
UNI_ASSEMBLES_DIFF,setda,"set 0,(0x3435)",1
UNI_ASSEMBLES_DIFF,set_dd8,"set 0,(0x38)",1
UNI_ASSEMBLES_DIFF,setda,"set 0,(0x8cec)",1
UNI_ASSEMBLES_DIFF,set_dd8,"set 1,(0x44)",1
UNI_ASSEMBLES_DIFF,set_dd8,"set 1,(0xa0)",1
UNI_ASSEMBLES_DIFF,set_dd8,"set 1,(0xa9)",1
UNI_ASSEMBLES_DIFF,setda,"set 1,(0xe318)",1
UNI_ASSEMBLES_DIFF,setda,"set 2,(0x103e)",1
UNI_ASSEMBLES_DIFF,set_dd8,"set 2,(0x44)",1
UNI_ASSEMBLES_DIFF,setda,"set 2,(0x8caa)",1
UNI_ASSEMBLES_DIFF,setda,"set 2,(0x905d)",1
UNI_ASSEMBLES_DIFF,set_dd8,"set 2,(0xa0)",1
UNI_ASSEMBLES_DIFF,setda,"set 3,(0x0556)",1
UNI_ASSEMBLES_DIFF,set_dd8,"set 3,(0x1c)",1
UNI_ASSEMBLES_DIFF,set_dd8,"set 3,(0x1e)",1
UNI_ASSEMBLES_DIFF,set_dd8,"set 3,(0x9e)",1
UNI_ASSEMBLES_DIFF,set_dd8,"set 4,(0x13)",1
UNI_ASSEMBLES_DIFF,set_dd8,"set 4,(0x1c)",1
UNI_ASSEMBLES_DIFF,setda,"set 5,(0x103e)",1
UNI_ASSEMBLES_DIFF,set_dd8,"set 5,(0x13)",1
UNI_ASSEMBLES_DIFF,set_dd8,"set 5,(0x1c)",1
UNI_ASSEMBLES_DIFF,setda,"set 5,(0x8cb6)",1
UNI_ASSEMBLES_DIFF,setda,"set 5,(0x8dda)",1
UNI_ASSEMBLES_DIFF,set_dd8,"set 5,(0x9e)",1
UNI_ASSEMBLES_DIFF,set_dd8,"set 5,(0xa9)",1
UNI_ASSEMBLES_DIFF,set_dd8,"set 6,(0x1c)",1
UNI_ASSEMBLES_DIFF,set_dd8,"set 6,(0x1f)",1
UNI_ASSEMBLES_DIFF,set_dd8,"set 6,(0x38)",1
UNI_ASSEMBLES_DIFF,setda,"set 6,(0x8971)",1
UNI_ASSEMBLES_DIFF,set_dd8,"set 6,(0x9e)",1
UNI_ASSEMBLES_DIFF,setda,"set 6,(0xb746)",1
UNI_ASSEMBLES_DIFF,setda,"set 6,(0xe318)",1
UNI_ASSEMBLES_DIFF,setda,"set 7,(0x04fe)",1
UNI_ASSEMBLES_DIFF,setda,"set 7,(0x0554)",1
UNI_ASSEMBLES_DIFF,setda,"set 7,(0x0d54)",1
UNI_ASSEMBLES_DIFF,setda,"set 7,(0x1126)",1
UNI_ASSEMBLES_DIFF,stcfa_dd16,"stcf A,(0x103e)",1
UNI_ASSEMBLES_DIFF,subdm8,"sub (0x3650),A",1
UNI_ASSEMBLES_DIFF,subdm8,"sub (0xd821),A",1
UNI_ASSEMBLES_DIFF,subda8,"sub A,(0x0f52)",1
UNI_ASSEMBLES_DIFF,subda8,"sub A,(0x12f6)",1
UNI_ASSEMBLES_DIFF,subda8,"sub A,(0x31e3)",1
UNI_ASSEMBLES_DIFF,subda8,"sub C,(0x0f53)",1
UNI_ASSEMBLES_DIFF,subda16,"sub DE,(0x1082)",1
UNI_ASSEMBLES_DIFF,subda16,"sub DE,(0x3578)",1
UNI_ASSEMBLES_DIFF,subda8,"sub E,(0x2208)",1
UNI_ASSEMBLES_DIFF,subda16,"sub HL,(0x0f75)",1
UNI_ASSEMBLES_DIFF,subda16,"sub HL,(0xd816)",1
UNI_ASSEMBLES_DIFF,subda8,"sub L,(0x0e58)",1
UNI_ASSEMBLES_DIFF,subda16,"sub WA,(0x0f75)",1
UNI_ASSEMBLES_DIFF,subda16,"sub WA,(0x11aa)",1
UNI_ASSEMBLES_DIFF,subda16,"sub WA,(0x3666)",1
UNI_ASSEMBLES_DIFF,subda16,"sub WA,(0x38de)",1
UNI_ASSEMBLES_DIFF,subda16,"sub WA,(0x8d61)",1
UNI_ASSEMBLES_DIFF,subda16,"sub WA,(0x8e26)",1
UNI_ASSEMBLES_DIFF,subda32,"sub XDE,(0x0c59)",1
UNI_ASSEMBLES_DIFF,subda32,"sub XDE,(0x1970)",1
UNI_ASSEMBLES_DIFF,subda32,"sub XHL,(0x0c63)",1
UNI_ASSEMBLES_DIFF,subda32,"sub XIX,(0x0c59)",1
UNI_ASSEMBLES_DIFF,subda32,"sub XIY,(0x0c63)",1
UNI_ASSEMBLES_DIFF,xorda8,"xor A,(0x34d9)",1
UNI_ASSEMBLES_DIFF,xorda8,"xor A,(0xc162)",1
UNI_ASSEMBLES_DIFF,xorda8,"xor W,(0x0922)",1
