InitializeSeMenuDefaults:
	lds wa, 0
	call SeMenu_SetSoundBank
	lds wa, 0
	call SeMenu_SetPatchBank
	call AccWrap_PlayModeDispatch
	lds wa, 1
	call SeMenu_SetEditEnable
	lds wa, 1
	call SeMenu_OrPartConfig
	lds wa, 0
	call SeMenu_SetConfirmState
	jp SeMenu_ClearDisplayBuffer

UpdateSeMenuSelection:
	dec 2, xsp
	lds wa, 0
	call SeMenu_SetSelectedRow
	lds wa, 0
	call SeMenu_SetEditEnable
	lda xwa, (xsp)
	call SeMenu_LoadObjEntries
	cp (xsp), 0x2
	jr z, UpdSeSel_SkipMenuSetup
	lds wa, 0
	call SeMenu_SetupMenuDisplay

UpdSeSel_SkipMenuSetup:
	lds wa, 0
	call SeMenu_SetConfirmState
	call SeMenu_RefreshPartDisplay
	inc 2, xsp
	ret

UpdSeSel_ProcessStep:
	lda xsp, (xsp - 20)
	lda xwa, (xsp + 16)
	call SeMenu_ReadObjData
	cp (xsp + 16), 0x0
	jr nz, UpdSeSel_Step1_CheckEnabled
	lds wa, 1
	call SeMenu_SetDisplayState
	pushw 0x20
	lds wa, 0
	ldw bc, 0x10
	lds de, 1
	call SeMenu_RegisterElement_Type1
	lds wa, 1
	call SeMenu_SetCurrentStep
	jrl UpdSeSel_ProcessStep_End

UpdSeSel_Step1_CheckEnabled:
	cp (xsp + 16), 0x1
	jr nz, UpdSeSel_UpdateEntries
	ldw wa, 0x81
	call SeMenu_CheckObjEnabled
	cps hl, 0
	jr nz, UpdSeSel_Step1_Disable
	ldw wa, 0x10
	call SeMenu_CheckObjValid
	cps hl, 0
	jr z, UpdSeSel_Step1_FillTable

UpdSeSel_Step1_Disable:
	ldw wa, 0x10
	call SeMenu_SetCurrentStep
	lds wa, 0
	jr UpdSeSel_Step1_SetDisplayState

UpdSeSel_Step1_FillTable:
	lda xwa, (xsp)
	call SeMenu_FillEntryTable
	lda xbc, (xsp)
	ld a, (xbc)
	and a, 0xC0
	ld (xbc), a
	cp a, 0x80
	jr nz, UpdSeSel_Step1_Flag40
	lds wa, 1
	call SeMenu_SetMode
	lds wa, 2
	jr UpdSeSel_Step1_SetStep

UpdSeSel_Step1_Flag40:
	cp a, 0x40
	jr nz, UpdSeSel_Step1_DefaultMode
	lds wa, 2
	call SeMenu_SetMode
	ldw wa, 0xEA
	lds bc, 0
	call SeMenu_SendEvent
	lds wa, 0
	call SeMenu_SetCurrentStep
	lds wa, 0

UpdSeSel_Step1_SetDisplayState:
	call SeMenu_SetDisplayState
	jr UpdSeSel_ProcessStep_End

UpdSeSel_Step1_DefaultMode:
	lds wa, 0
	call SeMenu_SetMode
	lds wa, 2

UpdSeSel_Step1_SetStep:
	call SeMenu_SetCurrentStep

UpdSeSel_UpdateEntries:
	lda xwa, (xsp + 18)
	call SeMenu_LoadObjEntries
	cp (xsp + 18), 0x1
	jr nz, UpdSeSel_UpdateEntries_CallSimple
	calr UpdSeSel_DetailedUpdate
	jr UpdSeSel_ProcessStep_End

UpdSeSel_UpdateEntries_CallSimple:
	calr UpdSeSel_SimpleUpdate

UpdSeSel_ProcessStep_End:
	lda xsp, (xsp + 20)
	ret

UpdSeSel_SimpleUpdate:
	lda xsp, (xsp - 42)
	push_werp 0xFA
	lda xwa, (xsp + 42)
	call SeMenu_ReadObjData
	cp (xsp + 42), 0x2
	jr nz, UpdSeSel_SimpleUpdate_Step3
	pushw 0x20
	lds wa, 0
	ldw bc, 0x11
	lds de, 1
	call SeMenu_RegisterElement_Type1
	lds wa, 3
	jrl UpdSeSel_SimpleUpdate_SetStepAndJump

UpdSeSel_SimpleUpdate_Step3:
	cp (xsp + 42), 0x3
	jr nz, UpdSeSel_SimpleUpdate_Step4
	lda xwa, (xsp + 6)
	call SeMenu_FillEntryTable
	ld a, (xsp + 6)
	extz wa
	call SeMenu_StorePartMask
	ldw wa, 0x20
	call SeMenu_SetDisplayValue
	lds wa, 4
	jrl UpdSeSel_SimpleUpdate_SetStepAndJump

UpdSeSel_SimpleUpdate_Step4:
	cp (xsp + 42), 0x4
	jr nz, UpdSeSel_SimpleUpdate_Step5
	lda xwa, (xsp + 6)
	call SeMenu_FillObjTable
	ld c, (xsp + 7)
	extz bc
	lds wa, 0
	call SeMenu_StoreEffectCoeff
	ld c, (xsp + 8)
	extz bc
	lds wa, 1
	call SeMenu_StoreEffectCoeff
	ld c, (xsp + 9)
	extz bc
	lds wa, 2
	call SeMenu_StoreEffectCoeff
	lda xde, (xsp + 2)
	lds wa, 0
	lds bc, 1
	call SeMenu_TransferPartValues
	ld c, (xsp + 2)
	extz bc
	pushw 0x20
	lds wa, 0
	lds de, 4
	call SeMenu_RegisterElement_Type1
	lds wa, 5
	jr UpdSeSel_SimpleUpdate_SetStepAndJump

UpdSeSel_SimpleUpdate_Step5:
	lda xwa, (xsp + 6)
	cp (xsp + 42), 0x5
	jr nz, UpdSeSel_SimpleUpdate_Step6
	call SeMenu_FillEntryTable
	ld c, (xsp + 6)
	extz bc
	lds wa, 0
	call SeMenu_StoreEffectParam
	ld c, (xsp + 7)
	extz bc
	lds wa, 1
	call SeMenu_StoreEffectParam
	ld c, (xsp + 9)
	extz bc
	lds wa, 2
	call SeMenu_StoreEffectParam
	ldw wa, 0x20
	call SeMenu_RegisterParamDisplay
	lds wa, 6

UpdSeSel_SimpleUpdate_SetStepAndJump:
	call SeMenu_SetCurrentStep
	jrl UpdSeSel_SimpleUpdate_End

UpdSeSel_SimpleUpdate_Step6:
	cp (xsp + 42), 0x6
	jr nz, UpdSeSel_SimpleUpdate_Default
	call SeMenu_FillObjTable
	lda xbc, (xsp + 6)
	ld a, (xbc)
	and a, 0x1
	ld (xbc), a
	ld c, a
	extz bc
	lds wa, 1
	call SeMenu_StorePartParam
	ldi_berp 0xFB, 1

UpdSeSel_SimpleUpdate_Step6_RegLoop:
	ldto_berp A, 0xFB
	extz wa
	pushw 0x20
	ldw bc, 0x17
	lds de, 1
	call SeMenu_RegisterElement_Type1
	inc1_berp 0xFB
	cpi_berp 0xFB, 4
	jr ule, UpdSeSel_SimpleUpdate_Step6_RegLoop
	lds wa, 7
	call SeMenu_SetCurrentStep
	call SeMenu_ResetSubIndex
	call SeMenu_AdvanceSubIndex
	jr UpdSeSel_SimpleUpdate_End

UpdSeSel_SimpleUpdate_Default:
	lda xwa, (xsp + 4)
	call SeMenu_ReadObjParam
	lda xwa, (xsp + 6)
	call SeMenu_FillEntryTable
	ld a, (xsp + 4)
	extz wa
	ld c, (xsp + 6)
	extz bc
	call SeMenu_StoreParamByte
	call SeMenu_AdvanceSubIndex
	cps l, 4
	jr ule, UpdSeSel_SimpleUpdate_End
	pushw 0x20
	call SeMenu_ShowPopupDialog
	inc 2, xsp
	lds wa, 0
	call SeMenu_SetCurrentStep
	call SeMenu_ResetSubIndex
	lds wa, 0
	call SeMenu_SetDisplayState

UpdSeSel_SimpleUpdate_End:
	pop_werp 0xFA
	lda xsp, (xsp + 42)
	ret

UpdSeSel_DetailedUpdate:
	lda xsp, (xsp - 32)
	push_werp 0xFA
	lda xwa, (xsp + 32)
	call SeMenu_ReadObjData
	cp (xsp + 32), 0x3
	jr nz, UpdSeSel_DetailedUpdate_Step2
	lda xwa, (xsp + 6)
	call SeMenu_ValidatePartNumber
	ld c, (xsp + 6)
	extz bc
	lds wa, 0
	call SeMenu_StorePartParam
	lda xwa, (xsp + 14)
	lda xbc, (xsp + 12)
	call SeMenu_SetupSoundBankPair
	cp (xsp + 12), 0xFF
	jr nz, UpdSeSel_DetailedUpdate_Step3_Store
	lds wa, 0
	call SeMenu_SetCurrentStep
	ldw wa, 0x10
	call SeMenu_SetCurrentStep
	lds wa, 0
	jrl UpdSeSel_DetailedUpdate_SetDisplayState

UpdSeSel_DetailedUpdate_Step3_Store:
	ld c, (xsp + 14)
	extz bc
	lds wa, 1
	call SeMenu_StorePartParam
	lda xwa, (xsp + 12)
	call SeMenu_SetupDisplayObject
	lds wa, 4
	call SeMenu_SetCurrentStep
	ldw wa, 0x20
	lds bc, 1
	jrl UpdSeSel_DetailedUpdate_SendEventAndEnd

UpdSeSel_DetailedUpdate_Step2:
	cp (xsp + 32), 0x2
	jrl nz, UpdSeSel_DetailedUpdate_Step4
	lda xwa, (xsp + 2)
	call SeMenu_LoadConfirmData
	cp (xsp + 2), 0x1
	jr nz, UpdSeSel_DetailedUpdate_Step2_CheckActive
	lds wa, 2
	call SeMenu_ClearNotification
	lds wa, 0
	call SeMenu_SetConfirmState
	jrl UpdSeSel_DetailedUpdate_End

UpdSeSel_DetailedUpdate_Step2_CheckActive:
	call SeMenu_ReturnZero
	cps l, 0
	jr z, UpdSeSel_DetailedUpdate_Step2_ReadPatch
	lds wa, 1
	call SeMenu_SetConfirmState
	ldw wa, 0x2D
	call SeMenu_TriggerNotification
	lds wa, 0
	jrl UpdSeSel_DetailedUpdate_SetStepAndJump

UpdSeSel_DetailedUpdate_Step2_ReadPatch:
	lda xwa, (xsp + 4)
	call SeMenu_LoadPatchStatus
	cp (xsp + 4), 0x0
	jr nz, UpdSeSel_DetailedUpdate_Step2_SetStep3
	pushw 0x20
	lds wa, 0
	ldw bc, 0x12
	lds de, 1
	call SeMenu_RegisterElement_Type2
	lds wa, 1
	call SeMenu_SetPatchBank
	jrl UpdSeSel_DetailedUpdate_End

UpdSeSel_DetailedUpdate_Step2_SetStep3:
	lds wa, 3
	call SeMenu_SetCurrentStep
	ldw wa, 0x86
	call SeMenu_CheckObjEnabled
	cps hl, 0
	jr nz, UpdSeSel_DetailedUpdate_Step2_Disable
	ldw wa, 0x12
	call SeMenu_CheckObjValid
	cps hl, 0
	jr z, UpdSeSel_DetailedUpdate_Step2_FillTable

UpdSeSel_DetailedUpdate_Step2_Disable:
	ldw wa, 0x10
	call SeMenu_SetCurrentStep
	lds wa, 0
	jrl UpdSeSel_DetailedUpdate_SetDisplayState

UpdSeSel_DetailedUpdate_Step2_FillTable:
	lda xwa, (xsp + 16)
	call SeMenu_FillEntryTable
	lda xbc, (xsp + 16)
	ld a, (xbc)
	and a, 0x30
	ld (xbc), a
	cp a, 0x10
	jr z, UpdSeSel_DetailedUpdate_Step2_ClearPatch
	pushw 0x20
	call SeMenu_ShowPopupDialog
	inc 2, xsp
	jrl UpdSeSel_DetailedUpdate_End

UpdSeSel_DetailedUpdate_Step2_ClearPatch:
	lds wa, 0
	call SeMenu_SetPatchBank
	ldw wa, 0x20
	lds bc, 1

UpdSeSel_DetailedUpdate_SendEventAndEnd:
	call SeMenu_SendEvent
	jrl UpdSeSel_DetailedUpdate_End

UpdSeSel_DetailedUpdate_Step4:
	cp (xsp + 32), 0x4
	jrl nz, UpdSeSel_DetailedUpdate_Step5
	call SeMenu_InitTrackInfo
	pushw 0x20
	lds wa, 0
	ldw bc, 0xD
	lds de, 1
	call SeMenu_RegisterElement_Type2
	ldi_berp 0xFB, 0

UpdSeSel_DetailedUpdate_Step4_RegLoop1:
	ldto_berp A, 0xFB
	extz wa
	muls wa, 0x15
	extz xwa
	lda xwa, (xwa + 16)
	inc 5, xwa
	ld c, a
	pushw 0x20
	lds wa, 0
	lds de, 1
	call SeMenu_RegisterElement_Type2
	inc1_berp 0xFB
	cpi_berp 0xFB, 2
	jr c, UpdSeSel_DetailedUpdate_Step4_RegLoop1
	ldi_berp 0xFB, 0

UpdSeSel_DetailedUpdate_Step4_RegLoop2:
	ldto_berp A, 0xFB
	extz wa
	muls wa, 0x15
	extz xwa
	lda xwa, (xwa + 16)
	inc 3, xwa
	ld c, a
	pushw 0x20
	lds wa, 0
	lds de, 1
	call SeMenu_RegisterElement_Type2
	inc1_berp 0xFB
	cpi_berp 0xFB, 2
	jr c, UpdSeSel_DetailedUpdate_Step4_RegLoop2
	ldi_berp 0xFB, 0

UpdSeSel_DetailedUpdate_Step4_RegLoop3:
	ldto_berp A, 0xFB
	extz wa
	muls wa, 0x15
	extz xwa
	lda xwa, (xwa + 16)
	inc 4, xwa
	ld c, a
	pushw 0x20
	lds wa, 0
	lds de, 1
	call SeMenu_RegisterElement_Type2
	inc1_berp 0xFB
	cpi_berp 0xFB, 2
	jr c, UpdSeSel_DetailedUpdate_Step4_RegLoop3
	ldi_berp 0xFB, 0

UpdSeSel_DetailedUpdate_Step4_RegLoop4:
	ldto_berp A, 0xFB
	extz wa
	muls wa, 0x15
	extz xwa
	lda xwa, (xwa + 16)
	ld c, a
	pushw 0x20
	lds wa, 0
	lds de, 1
	call SeMenu_RegisterElement_Type2
	inc1_berp 0xFB
	cpi_berp 0xFB, 2
	jr c, UpdSeSel_DetailedUpdate_Step4_RegLoop4
	pushw 0x20
	lds wa, 0
	ldw bc, 0xF
	lds de, 1
	call SeMenu_RegisterElement_Type2
	lds wa, 5
	call SeMenu_SetCurrentStep
	call SeMenu_AdvanceSubIndex
	call SeMenu_AdvanceSubIndex
	jrl UpdSeSel_DetailedUpdate_End

UpdSeSel_DetailedUpdate_Step5:
	cp (xsp + 32), 0x5
	jr nz, UpdSeSel_DetailedUpdate_Step6
	lda xwa, (xsp + 8)
	call SeMenu_ReadObjParam
	lda xwa, (xsp + 16)
	call SeMenu_FillEntryTable
	ld a, (xsp + 8)
	extz wa
	ld c, (xsp + 16)
	extz bc
	call SeMenu_StorePartParam
	call SeMenu_AdvanceSubIndex
	cp l, 0xB
	jrl ule, UpdSeSel_DetailedUpdate_End
	lda xbc, (xsp + 10)
	lds wa, 2
	call SeMenu_LoadPartParam
	ld a, (xsp + 10)
	extz wa
	call SeMenu_StorePartMask
	lds wa, 1
	call SeMenu_ApplyPartEdit
	lds wa, 2
	call SeMenu_ApplyPartEdit
	lda xbc, (xsp + 16)
	lds wa, 3
	call SeMenu_LoadPartParam
	ld c, (xsp + 16)
	extz bc
	lds wa, 1
	call SeMenu_StoreParamByte
	lda xbc, (xsp + 16)
	lds wa, 4
	call SeMenu_LoadPartParam
	ld c, (xsp + 16)
	extz bc
	lds wa, 2
	call SeMenu_StoreParamByte
	lds wa, 1
	ldw bc, 0x20
	call SeMenu_InitDisplayField
	lds wa, 6
	jr UpdSeSel_DetailedUpdate_SetStepAndJump

UpdSeSel_DetailedUpdate_Step6:
	cp (xsp + 32), 0x6
	jr nz, UpdSeSel_DetailedUpdate_Step7
	lds wa, 1
	call SeMenu_ApplyFilter
	lds wa, 2
	ldw bc, 0x20
	call SeMenu_InitDisplayField
	lds wa, 7
	jr UpdSeSel_DetailedUpdate_SetStepAndJump

UpdSeSel_DetailedUpdate_Step7:
	cp (xsp + 32), 0x7
	jr nz, UpdSeSel_DetailedUpdate_Step8
	lds wa, 2
	call SeMenu_ApplyFilter
	lda xwa, (xsp + 12)
	call SeMenu_LoadEditParam
	ld a, (xsp + 12)
	extz wa
	ldw bc, 0x20
	call SeMenu_RegisterValueDisplay
	ldw wa, 0x8
	jr UpdSeSel_DetailedUpdate_SetStepAndJump

UpdSeSel_DetailedUpdate_Step8:
	cp (xsp + 32), 0x8
	jr nz, UpdSeSel_DetailedUpdate_Step9
	call SeMenu_ApplySynthParam
	lds wa, 3
	ldw bc, 0x20
	call SeMenu_InitDisplayColumn
	ldw wa, 0x9
	jr UpdSeSel_DetailedUpdate_SetStepAndJump

UpdSeSel_DetailedUpdate_Step9:
	cp (xsp + 32), 0x9
	jr nz, UpdSeSel_DetailedUpdate_StepA
	lds32 xwa, 3
	call SeMenu_ProcessEffect
	lds wa, 2
	ldw bc, 0x20
	call SeMenu_InitDisplayColumn
	ldw wa, 0xA

UpdSeSel_DetailedUpdate_SetStepAndJump:
	call SeMenu_SetCurrentStep
	jr UpdSeSel_DetailedUpdate_End

UpdSeSel_DetailedUpdate_StepA:
	cp (xsp + 32), 0xA
	jr nz, UpdSeSel_DetailedUpdate_End
	lds32 xwa, 2
	call SeMenu_ProcessEffect
	pushw 0x20
	call SeMenu_ShowPopupDialog
	pushw 0x0
	pushw 0x20
	call SeMenu_ShowConfirmDialog
	inc 6, xsp
	lds wa, 0
	call SeMenu_SetCurrentStep
	call SeMenu_ResetSubIndex
	ldw wa, 0x10
	call SeMenu_SetCurrentStep
	lds wa, 0

UpdSeSel_DetailedUpdate_SetDisplayState:
	call SeMenu_SetDisplayState

UpdSeSel_DetailedUpdate_End:
	pop_werp 0xFA
	lda xsp, (xsp + 32)
	ret

UpdSeSel_ExtendedOps_Data:
	.byte 0xbf, 0xda, 0x37, 0xd7, 0xfa, 0x04, 0xbf, 0x26
	.byte 0x30, 0x1d, 0x87, 0x71, 0xf0, 0xd8, 0xa8, 0xd9
	.byte 0xa9, 0x1d, 0x2e, 0x6b, 0xf0, 0x8f, 0x26, 0x3f
	.byte 0x00, 0x6e, 0x0b, 0x30, 0x21, 0x00, 0x1d, 0x84
	.byte 0x67, 0xf0, 0xd8, 0xa9, 0x68, 0x6e, 0x8f, 0x26
	.byte 0x3f, 0x01, 0x6e, 0x3f, 0xbf, 0x02, 0x30, 0x1d
	.byte 0xfc, 0x71, 0xf0, 0xc7, 0xfb, 0xa9, 0xc7, 0xfb
	.byte 0x89, 0xd8, 0x12, 0xc7, 0xfb, 0x8d, 0xcd, 0x69
	.byte 0xda, 0x12, 0xbf, 0x02, 0x31, 0xc3, 0x07, 0xe4
	.byte 0xe8, 0x23, 0xd9, 0x12, 0x1d, 0x2e, 0x6b, 0xf0
	.byte 0xc7, 0xfb, 0x61, 0xc7, 0xfb, 0xcf, 0x08, 0x63
	.byte 0xdd, 0x0b, 0x21, 0x00, 0xd8, 0xa8, 0x31, 0x29
	.byte 0x00, 0xda, 0xa9, 0x1d, 0x39, 0x62, 0xf0, 0xd8
	.byte 0xaa, 0x68, 0x29, 0xbf, 0x02, 0x30, 0x8f, 0x26
	.byte 0x3f, 0x02, 0x6e, 0x26, 0x1d, 0xc6, 0x71, 0xf0
	.byte 0x8f, 0x02, 0x23, 0xd9, 0x12, 0x30, 0x09, 0x00
	.byte 0x1d, 0x2e, 0x6b, 0xf0, 0x0b, 0x21, 0x00, 0xd8
	.byte 0xa8, 0x31, 0x5d, 0x00, 0xda, 0xa9, 0x1d, 0x39
	.byte 0x62, 0xf0, 0xd8, 0xab, 0x1d, 0x8c, 0x71, 0xf0
	.byte 0x68, 0x40, 0x1d, 0xc6, 0x71, 0xf0, 0x8f, 0x02
	.byte 0x23, 0xd9, 0x12, 0x30, 0x0a, 0x00, 0x1d, 0x2e
	.byte 0x6b, 0xf0, 0xbf, 0x02, 0x31, 0xd8, 0xaa, 0x1d
	.byte 0x3b, 0x6b, 0xf0, 0xbf, 0x02, 0x31, 0x81, 0x21
	.byte 0xc9, 0xc8, 0x0b, 0xb1, 0x41, 0xc9, 0x8b, 0xd9
	.byte 0x12, 0xd8, 0xaa, 0x1d, 0x2e, 0x6b, 0xf0, 0x0b
	.byte 0x21, 0x00, 0x1d, 0x6a, 0xee, 0xf0, 0xef, 0x62
	.byte 0xd8, 0xa8, 0x1d, 0x8c, 0x71, 0xf0, 0x1d, 0x91
	.byte 0x71, 0xf0, 0xd7, 0xfa, 0x05, 0xbf, 0x26, 0x37
	.byte 0x0e, 0xbf, 0xf6, 0x37, 0xd7, 0xfa, 0x04, 0xbf
	.byte 0x0a, 0x30, 0x1d, 0x87, 0x71, 0xf0, 0x8f, 0x0a
	.byte 0x3f, 0x00, 0x6e, 0x72, 0xc7, 0xfa, 0xa9, 0xc7
	.byte 0xfb, 0xa8, 0xc7, 0xfa, 0x89, 0xd8, 0x12, 0x23
	.byte 0x04, 0xc7, 0xfb, 0x83, 0x0b, 0x27, 0x00, 0xda
	.byte 0xa9, 0x1d, 0x39, 0x62, 0xf0, 0xc7, 0xfb, 0x61
	.byte 0xc7, 0xfb, 0xdb, 0x67, 0xe5, 0xc7, 0xfa, 0x61
	.byte 0xc7, 0xfa, 0xdc, 0x63, 0xda, 0x0b, 0x27, 0x00
	.byte 0xd8, 0xa8, 0x31, 0x13, 0x00, 0xda, 0xa9, 0x1d
	.byte 0x39, 0x62, 0xf0, 0x0b, 0x27, 0x00, 0xd8, 0xa8
	.byte 0x31, 0x29, 0x00, 0xda, 0xa9, 0x1d, 0x39, 0x62
	.byte 0xf0, 0x0b, 0x27, 0x00, 0xd8, 0xa8, 0x31, 0x2a
	.byte 0x00, 0xda, 0xa9, 0x1d, 0x39, 0x62, 0xf0, 0xd8
	.byte 0xa9, 0x1d, 0x8c, 0x71, 0xf0, 0x1d, 0x97, 0x71
	.byte 0xf0, 0xbf, 0x04, 0x30, 0x1d, 0x3a, 0x6a, 0xf0
	.byte 0x8f, 0x04, 0x23, 0xd9, 0x12, 0xd8, 0xa8, 0x1d
	.byte 0x2e, 0x6b, 0xf0, 0x78, 0x89, 0x00, 0xbf, 0x02
	.byte 0x30, 0x1d, 0xa7, 0x71, 0xf0, 0xbf, 0x06, 0x30
	.byte 0x1d, 0xc6, 0x71, 0xf0, 0x8f, 0x02, 0x21, 0xd8
	.byte 0x12, 0x8f, 0x06, 0x23, 0xd9, 0x12, 0x1d, 0x2e
	.byte 0x6b, 0xf0, 0x1d, 0x97, 0x71, 0xf0, 0xcf, 0xcf
	.byte 0x0f, 0x63, 0x64, 0xbf, 0x06, 0x31, 0x30, 0x0f
	.byte 0x00, 0x1d, 0x3b, 0x6b, 0xf0, 0x8f, 0x06, 0x23
	.byte 0xd9, 0x12, 0x30, 0x10, 0x00, 0x1d, 0x2e, 0x6b
	.byte 0xf0, 0xbf, 0x06, 0x31, 0x30, 0x0e, 0x00, 0x1d
	.byte 0x3b, 0x6b, 0xf0, 0x8f, 0x06, 0x23, 0xd9, 0x12
	.byte 0x30, 0x0f, 0x00, 0x1d, 0x2e, 0x6b, 0xf0, 0xbf
	.byte 0x06, 0x31, 0x30, 0x0d, 0x00, 0x1d, 0x3b, 0x6b
	.byte 0xf0, 0x8f, 0x06, 0x23, 0xd9, 0x12, 0x30, 0x0e
	.byte 0x00, 0x1d, 0x2e, 0x6b, 0xf0, 0x30, 0x0d, 0x00
	.byte 0xd9, 0xa9, 0x1d, 0x2e, 0x6b, 0xf0, 0x0b, 0x27
	.byte 0x00, 0x1d, 0x6a, 0xee, 0xf0, 0xef, 0x62, 0xd8
	.byte 0xa9, 0x1d, 0x2f, 0x69, 0xf0, 0xd8, 0xa8, 0x1d
	.byte 0x8c, 0x71, 0xf0, 0x1d, 0x91, 0x71, 0xf0, 0xd7
	.byte 0xfa, 0x05, 0xbf, 0x0a, 0x37, 0x0e, 0xbf, 0xf6
	.byte 0x37, 0xd7, 0xfa, 0x04, 0xbf, 0x0a, 0x30, 0x1d
	.byte 0x87, 0x71, 0xf0, 0x8f, 0x0a, 0x3f, 0x00, 0x6e
	.byte 0x3a, 0xbf, 0x02, 0x30, 0x1d, 0x3a, 0x6a, 0xf0
	.byte 0xc7, 0xfb, 0xa8, 0x8f, 0x02, 0x21, 0xd8, 0x12
	.byte 0x23, 0x07, 0xc7, 0xfb, 0x83, 0x0b, 0x28, 0x00
	.byte 0xda, 0xa9, 0x1d, 0x39, 0x62, 0xf0, 0xc7, 0xfb
	.byte 0x61, 0xc7, 0xfb, 0xcf, 0x0a, 0x67, 0xe4, 0xd8
	.byte 0xa9, 0x1d, 0x8c, 0x71, 0xf0, 0x1d, 0x97, 0x71
	.byte 0xf0, 0xd8, 0xa8, 0xd9, 0xa9, 0x1d, 0x2e, 0x6b
	.byte 0xf0, 0x68, 0x42, 0xbf, 0x04, 0x30, 0x1d, 0xa7
	.byte 0x71, 0xf0, 0xbf, 0x06, 0x30, 0x1d, 0xc6, 0x71
	.byte 0xf0, 0x8f, 0x04, 0x21, 0xd8, 0x12, 0x8f, 0x06
	.byte 0x23, 0xd9, 0x12, 0x1d, 0x2e, 0x6b, 0xf0, 0x1d
	.byte 0x97, 0x71, 0xf0, 0xcf, 0xcf, 0x0a, 0x63, 0x1d
	.byte 0x0b, 0x28, 0x00, 0x1d, 0x6a, 0xee, 0xf0, 0xef
	.byte 0x62, 0x1d, 0x1f, 0x84, 0xf0, 0xd8, 0xa9, 0x1d
	.byte 0x2f, 0x69, 0xf0, 0xd8, 0xa8, 0x1d, 0x8c, 0x71
	.byte 0xf0, 0x1d, 0x91, 0x71, 0xf0, 0xd7, 0xfa, 0x05
	.byte 0xbf, 0x0a, 0x37, 0x0e, 0xbf, 0xf6, 0x37, 0xd7
	.byte 0xfa, 0x04, 0xbf, 0x0a, 0x30, 0x1d, 0x87, 0x71
	.byte 0xf0, 0x8f, 0x0a, 0x3f, 0x00, 0x6e, 0x2d, 0xbf
	.byte 0x02, 0x30, 0x1d, 0x3a, 0x6a, 0xf0, 0xc7, 0xfb
	.byte 0xa8, 0x8f, 0x02, 0x21, 0xd8, 0x12, 0x23, 0x11
	.byte 0xc7, 0xfb, 0x83, 0x0b, 0x29, 0x00, 0xda, 0xa9
	.byte 0x1d, 0x39, 0x62, 0xf0, 0xc7, 0xfb, 0x61, 0xc7
	.byte 0xfb, 0xde, 0x67, 0xe5, 0xd8, 0xa9, 0x1d, 0x8c
	.byte 0x71, 0xf0, 0x68, 0x63, 0xbf, 0x04, 0x30, 0x1d
	.byte 0xa7, 0x71, 0xf0, 0xbf, 0x06, 0x30, 0x1d, 0xc6
	.byte 0x71, 0xf0, 0x8f, 0x04, 0x21, 0xd8, 0x12, 0x8f
	.byte 0x06, 0x23, 0xd9, 0x12, 0x1d, 0x2e, 0x6b, 0xf0
	.byte 0x1d, 0x97, 0x71, 0xf0, 0xcf, 0xdd, 0x63, 0x3f
	.byte 0xbf, 0x06, 0x31, 0xd8, 0xab, 0x1d, 0x3b, 0x6b
	.byte 0xf0, 0x8f, 0x06, 0x23, 0xd9, 0x12, 0x30, 0x0a
	.byte 0x00, 0x1d, 0x2e, 0x6b, 0xf0, 0x30, 0x09, 0x00
	.byte 0xd9, 0xa8, 0x1d, 0x2e, 0x6b, 0xf0, 0x0b, 0x29
	.byte 0x00, 0x1d, 0x6a, 0xee, 0xf0, 0xef, 0x62, 0xd8
	.byte 0xaa, 0xd9, 0xa9, 0x1d, 0x4a, 0x8a, 0xf0, 0xd8
	.byte 0xa9, 0x1d, 0x2f, 0x69, 0xf0, 0xd8, 0xa8, 0x1d
	.byte 0x8c, 0x71, 0xf0, 0x1d, 0x91, 0x71, 0xf0, 0xd7
	.byte 0xfa, 0x05, 0xbf, 0x0a, 0x37, 0x0e, 0x30, 0x2a
	.byte 0x00, 0x68, 0x00, 0xbf, 0xf2, 0x37, 0xd7, 0xfa
	.byte 0x04, 0xbf, 0x0e, 0x41, 0x8f, 0x0e, 0x3f, 0x2a
	.byte 0x7e, 0x93, 0x00, 0xc7, 0xfb, 0xa9, 0xbf, 0x0c
	.byte 0x30, 0x1d, 0x87, 0x71, 0xf0, 0x8f, 0x0c, 0x3f
	.byte 0x00, 0x7e, 0x9a, 0x00, 0xc7, 0xfb, 0x89, 0xd8
	.byte 0x12, 0xbf, 0x04, 0x31, 0x1d, 0xce, 0x6d, 0xf0
	.byte 0xc7, 0xfb, 0x89, 0xd8, 0x12, 0x8f, 0x04, 0x23
	.byte 0xd9, 0x12, 0xbf, 0x02, 0x32, 0x1d, 0x71, 0x6d
	.byte 0xf0, 0xc7, 0xfa, 0xa8, 0x8f, 0x02, 0x23, 0xc7
	.byte 0xfa, 0x83, 0xd9, 0x12, 0x8f, 0x0e, 0x21, 0xd8
	.byte 0x12, 0x28, 0xd8, 0xa8, 0xda, 0xa9, 0x1d, 0x39
	.byte 0x62, 0xf0, 0xc7, 0xfa, 0x61, 0xc7, 0xfa, 0xdc
	.byte 0x67, 0xe2, 0xc7, 0xfb, 0x89, 0xd8, 0x12, 0xbf
	.byte 0x02, 0x31, 0x1d, 0xaf, 0x6d, 0xf0, 0xc7, 0xfa
	.byte 0xa9, 0xc7, 0xfa, 0x89, 0xd8, 0x12, 0x8f, 0x02
	.byte 0x23, 0xd9, 0x12, 0x8f, 0x0e, 0x25, 0xda, 0x12
	.byte 0x2a, 0xda, 0xa9, 0x1d, 0x39, 0x62, 0xf0, 0xc7
	.byte 0xfa, 0x61, 0xc7, 0xfa, 0xdc, 0x63, 0xe2, 0xd8
	.byte 0xa9, 0x1d, 0x8c, 0x71, 0xf0, 0x1d, 0x97, 0x71
	.byte 0xf0, 0x8f, 0x04, 0x23, 0xd9, 0x12, 0xd8, 0xa8
	.byte 0x1d, 0x2e, 0x6b, 0xf0, 0x68, 0x59, 0x8f, 0x0e
	.byte 0x3f, 0x2f, 0x6e, 0x06, 0xc7, 0xfb, 0xa8, 0x78
	.byte 0x64, 0xff, 0x8f, 0x0e
	.ascii "?9nG"
	.byte 0xc7, 0xfb, 0xaa, 0x78, 0x58, 0xff, 0xbf, 0x06
	.byte 0x30, 0x1d, 0xa7, 0x71, 0xf0, 0xbf, 0x08, 0x30
	.byte 0x1d, 0xc6, 0x71, 0xf0, 0x8f, 0x06, 0x21, 0xd8
	.byte 0x12, 0x8f, 0x08, 0x23, 0xd9, 0x12, 0x1d, 0x2e
	.byte 0x6b, 0xf0, 0x1d, 0x97, 0x71, 0xf0, 0xcf, 0xcf
	.byte 0x08, 0x63, 0x1c, 0x8f, 0x0e, 0x21, 0xd8, 0x12
	.byte 0x28, 0x1d, 0x6a, 0xee, 0xf0, 0xef, 0x62, 0xd8
	.byte 0xa9, 0x1d, 0x2f, 0x69, 0xf0, 0xd8, 0xa8, 0x1d
	.byte 0x8c, 0x71, 0xf0, 0x1d, 0x91, 0x71, 0xf0, 0xd7
	.byte 0xfa, 0x05, 0xbf, 0x0e, 0x37, 0x0e, 0xbf, 0xf4
	.byte 0x37, 0xbf, 0x0a, 0x30, 0x1d, 0x87, 0x71, 0xf0
	.byte 0xb7, 0x30, 0x1d, 0xab, 0x95, 0xf0, 0x8f, 0x0a
	.byte 0x3f, 0x00, 0x6e, 0x2c, 0x87, 0x3f, 0x00, 0x6e
	.byte 0x05, 0x1e, 0xc5, 0x00, 0x68, 0x03, 0x1e, 0xf0
	.byte 0x00, 0xd8, 0xa9, 0x1d, 0x8c, 0x71, 0xf0, 0x1d
	.byte 0x97, 0x71, 0xf0, 0xbf, 0x04, 0x30, 0x1d, 0x3a
	.byte 0x6a, 0xf0, 0x8f, 0x04, 0x23, 0xd9, 0x12, 0xd8
	.byte 0xa8, 0x1d, 0x2e, 0x6b, 0xf0, 0x78, 0x9d, 0x00
	.byte 0xbf, 0x02, 0x30, 0x1d, 0xa7, 0x71, 0xf0, 0xbf
	.byte 0x06, 0x30, 0x1d, 0xc6, 0x71, 0xf0, 0x8f, 0x02
	.byte 0x21, 0xd8, 0x12, 0x8f, 0x06, 0x23, 0xd9, 0x12
	.byte 0x1d, 0x2e, 0x6b, 0xf0, 0x87, 0x3f, 0x00, 0x6e
	.byte 0x74, 0x1d, 0x97, 0x71, 0xf0, 0xcf, 0xcf, 0x0c
	.byte 0x63, 0x73, 0xbf, 0x06, 0x31, 0xd8, 0xa9, 0x1d
	.byte 0xef, 0x98, 0xf0, 0x8f, 0x06, 0x23, 0xd9, 0x12
	.byte 0xd8, 0xa9, 0x1d, 0x2e, 0x6b, 0xf0, 0xbf, 0x06
	.byte 0x31, 0xd8, 0xaa, 0x1d, 0xef, 0x98, 0xf0, 0x8f
	.byte 0x06, 0x23, 0xd9, 0x12, 0xd8, 0xaa, 0x1d, 0x2e
	.byte 0x6b, 0xf0, 0xbf, 0x06, 0x31, 0xd8, 0xab, 0x1d
	.byte 0xef, 0x98, 0xf0, 0x8f, 0x06, 0x23, 0xd9, 0x12
	.byte 0xd8, 0xab, 0x1d, 0x2e, 0x6b, 0xf0, 0xbf, 0x06
	.byte 0x31, 0xd8, 0xac, 0x1d, 0xef, 0x98, 0xf0, 0x8f
	.byte 0x06, 0x23, 0xd9, 0x12, 0xd8, 0xac, 0x1d, 0x2e
	.byte 0x6b, 0xf0, 0x0b, 0x2b, 0x00, 0x1d, 0x6a, 0xee
	.byte 0xf0, 0xef, 0x62, 0xd8, 0xa9, 0x1d, 0x2f, 0x69
	.byte 0xf0, 0xd8, 0xa8, 0x1d, 0x8c, 0x71, 0xf0, 0x1d
	.byte 0x91, 0x71, 0xf0, 0x68, 0x08, 0x1d, 0x97, 0x71
	.byte 0xf0, 0xcf, 0xdc, 0x6b, 0xdd, 0xbf, 0x0c, 0x37
	.byte 0x0e, 0xd7, 0xfa, 0x04, 0xc7, 0xfa, 0xa8, 0xc7
	.byte 0xfb, 0xa9, 0xc7, 0xfb, 0x89, 0xd8, 0x12, 0x23
	.byte 0x17, 0xc7, 0xfa, 0x83, 0x0b, 0x2b, 0x00, 0xda
	.byte 0xa9, 0x1d, 0x39, 0x62, 0xf0, 0xc7, 0xfb, 0x61
	.byte 0xc7, 0xfb, 0xdc, 0x63, 0xe5, 0xc7, 0xfa, 0x61
	.byte 0xc7, 0xfa, 0xdb, 0x67, 0xda, 0xd7, 0xfa, 0x05
	.byte 0x0e, 0xd7, 0xfa, 0x04, 0xc7, 0xfa, 0xa8, 0xc7
	.byte 0xfb, 0xa8, 0xc7, 0xfb, 0x89, 0xd8, 0x12, 0xd8
	.byte 0x09, 0x15, 0x00, 0xe8, 0x12, 0xb8, 0x10, 0x30
	.byte 0xe8, 0x66, 0xc7, 0xfa, 0x81, 0xc9, 0x8b, 0x0b
	.byte 0x2b, 0x00, 0xd8, 0xa8, 0xda, 0xa9, 0x1d, 0xdf
	.byte 0x63, 0xf0, 0xc7, 0xfb, 0x61, 0xc7, 0xfb, 0xda
	.byte 0x67, 0xd8, 0xc7, 0xfa, 0x61, 0xc7, 0xfa, 0xda
	.byte 0x67, 0xcd, 0xd7, 0xfa, 0x05, 0x0e, 0xbf, 0xf6
	.byte 0x37, 0xd7, 0xfa, 0x04, 0xbf, 0x0a, 0x30, 0x1d
	.byte 0x87, 0x71, 0xf0, 0x8f, 0x0a, 0x3f, 0x00, 0x6e
	.byte 0x2d, 0xbf, 0x02, 0x30, 0x1d, 0x3a, 0x6a, 0xf0
	.byte 0xc7, 0xfb, 0xa8, 0x8f, 0x02, 0x21, 0xd8, 0x12
	.byte 0x23, 0x1a, 0xc7, 0xfb, 0x83, 0x0b, 0x2c, 0x00
	.byte 0xda, 0xa9, 0x1d, 0x39, 0x62, 0xf0, 0xc7, 0xfb
	.byte 0x61, 0xc7, 0xfb, 0xdc, 0x67, 0xe5, 0xd8, 0xa9
	.byte 0x1d, 0x8c, 0x71, 0xf0, 0x68, 0x5a, 0xbf, 0x04
	.byte 0x30, 0x1d, 0xa7, 0x71, 0xf0, 0xbf, 0x06, 0x30
	.byte 0x1d, 0xc6, 0x71, 0xf0, 0x8f, 0x04, 0x21, 0xd8
	.byte 0x12, 0x8f, 0x06, 0x23, 0xd9, 0x12, 0x1d, 0x2e
	.byte 0x6b, 0xf0, 0x1d, 0x97, 0x71, 0xf0, 0xcf, 0xdb
	.byte 0x63, 0x36, 0x0b, 0x2c, 0x00, 0x1d, 0x6a, 0xee
	.byte 0xf0, 0xef, 0x62, 0xbf, 0x06, 0x31, 0xd8, 0xab
	.byte 0x1d, 0x3b, 0x6b, 0xf0, 0x8f, 0x06, 0x23, 0xd9
	.byte 0x12, 0x30, 0x0a, 0x00, 0x1d, 0x2e, 0x6b, 0xf0
	.byte 0xd8, 0xa8, 0xd9, 0xa8, 0x1d, 0x4a, 0x8a, 0xf0
	.byte 0xd8, 0xa9, 0x1d, 0x2f, 0x69, 0xf0, 0xd8, 0xa8
	.byte 0x1d, 0x8c, 0x71, 0xf0, 0x1d, 0x91, 0x71, 0xf0
	.byte 0xd7, 0xfa, 0x05, 0xbf, 0x0a, 0x37, 0x0e, 0xbf
	.byte 0xf6, 0x37, 0xbf, 0x08, 0x30, 0x1d, 0x87, 0x71
	.byte 0xf0, 0xb7, 0x30, 0x1d, 0xab, 0x95, 0xf0, 0x8f
	.byte 0x08, 0x3f, 0x00, 0x6e, 0x15, 0x87, 0x3f, 0x00
	.byte 0x6e, 0x05, 0x1e, 0x61, 0x00, 0x68, 0x03, 0x1e
	.byte 0x8c, 0x00, 0xd8, 0xa9, 0x1d, 0x8c, 0x71, 0xf0
	.byte 0x68, 0x50, 0xbf, 0x02, 0x30, 0x1d, 0xa7, 0x71
	.byte 0xf0, 0xbf, 0x04, 0x30, 0x1d, 0xc6, 0x71, 0xf0
	.byte 0x8f, 0x02, 0x21, 0xd8, 0x12, 0x8f, 0x04, 0x23
	.byte 0xd9, 0x12, 0x1d, 0x2e, 0x6b, 0xf0, 0x87, 0x3f
	.byte 0x00, 0x6e, 0x0a, 0x1d, 0x97, 0x71, 0xf0, 0xcf
	.byte 0xde, 0x6b, 0x0a, 0x68, 0x25, 0x1d, 0x97, 0x71
	.byte 0xf0, 0xcf, 0xdf, 0x63, 0x1d, 0x0b, 0x2d, 0x00
	.byte 0x1d, 0x6a, 0xee, 0xf0, 0xef, 0x62, 0x1d, 0xd5
	.byte 0x80, 0xf0, 0xd8, 0xa8, 0x1d, 0x8c, 0x71, 0xf0
	.byte 0xd8, 0xa9, 0x1d, 0x2f, 0x69, 0xf0, 0x1d, 0x91
	.byte 0x71, 0xf0, 0xbf, 0x0a, 0x37, 0x0e, 0xef, 0x6a
	.byte 0xd7, 0xfa, 0x04, 0xbf, 0x02, 0x30, 0x1d, 0x3a
	.byte 0x6a, 0xf0, 0xc7, 0xfb, 0xa8, 0x8f, 0x02, 0x21
	.byte 0xd8, 0x12, 0x23, 0x27, 0xc7, 0xfb, 0x83, 0x0b
	.byte 0x2d, 0x00, 0xda, 0xa9, 0x1d, 0x39, 0x62, 0xf0
	.byte 0xc7, 0xfb, 0x61, 0xc7, 0xfb, 0xdf, 0x67, 0xe5
	.byte 0xd7, 0xfa, 0x05, 0xef, 0x62, 0x0e, 0xef, 0x6a
	.byte 0xd7, 0xfa, 0x04, 0xbf, 0x02, 0x30, 0x1d, 0x3a
	.byte 0x6a, 0xf0, 0x0b, 0x2d, 0x00, 0xd8, 0xa8, 0x31
	.byte 0x0d, 0x00, 0xda, 0xa9, 0x1d, 0xdf, 0x63, 0xf0
	.byte 0xc7, 0xfb, 0xa8, 0x8f, 0x02, 0x21, 0xc9, 0x69
	.byte 0xd8, 0x12, 0xd8, 0x09, 0x15, 0x00, 0xe8, 0x12
	.byte 0xb8, 0x10, 0x30, 0xe8, 0x60, 0xc7, 0xfb, 0x81
	.byte 0xc9, 0x8b, 0x0b, 0x2d, 0x00, 0xd8, 0xa8, 0xda
	.byte 0xa9, 0x1d, 0xdf, 0x63, 0xf0, 0xc7, 0xfb, 0x61
	.byte 0xc7, 0xfb, 0xdf, 0x67, 0xd6, 0xd7, 0xfa, 0x05
	.byte 0xef, 0x62, 0x0e, 0xbf, 0xf6, 0x37, 0xd7, 0xfa
	.byte 0x04, 0xbf, 0x0a, 0x30, 0x1d, 0x87, 0x71, 0xf0
	.byte 0x8f, 0x0a, 0x3f, 0x00, 0x6e, 0x2e, 0xbf, 0x02
	.byte 0x30, 0x1d, 0x3a, 0x6a, 0xf0, 0xc7, 0xfb, 0xa8
	.byte 0x8f, 0x02, 0x21, 0xd8, 0x12, 0x23, 0x2e, 0xc7
	.byte 0xfb, 0x83, 0x0b, 0x2e, 0x00, 0xda, 0xa9, 0x1d
	.byte 0x39, 0x62, 0xf0, 0xc7, 0xfb, 0x61, 0xc7, 0xfb
	.byte 0xcf, 0x08, 0x67, 0xe4, 0xd8, 0xa9, 0x1d, 0x8c
	.byte 0x71, 0xf0, 0x68, 0x63, 0xbf, 0x04, 0x30, 0x1d
	.byte 0xa7, 0x71, 0xf0, 0xbf, 0x06, 0x30, 0x1d, 0xc6
	.byte 0x71, 0xf0, 0x8f, 0x04, 0x21, 0xd8, 0x12, 0x8f
	.byte 0x06, 0x23, 0xd9, 0x12, 0x1d, 0x2e, 0x6b, 0xf0
	.byte 0x1d, 0x97, 0x71, 0xf0, 0xcf, 0xdf, 0x63, 0x3f
	.byte 0xbf, 0x06, 0x31, 0xd8, 0xad, 0x1d, 0x3b, 0x6b
	.byte 0xf0, 0x8f, 0x06, 0x23, 0xd9, 0x12, 0x30, 0x0a
	.byte 0x00, 0x1d, 0x2e, 0x6b, 0xf0, 0x30, 0x09, 0x00
	.byte 0xd9, 0xa8, 0x1d, 0x2e, 0x6b, 0xf0, 0x0b, 0x2e
	.byte 0x00, 0x1d, 0x6a, 0xee, 0xf0, 0xef, 0x62, 0xd8
	.byte 0xaa, 0xd9, 0xa8, 0x1d, 0x4a, 0x8a, 0xf0, 0xd8
	.byte 0xa9, 0x1d, 0x2f, 0x69, 0xf0, 0xd8, 0xa8, 0x1d
	.byte 0x8c, 0x71, 0xf0, 0x1d, 0x91, 0x71, 0xf0, 0xd7
	.byte 0xfa, 0x05, 0xbf, 0x0a, 0x37, 0x0e, 0x30, 0x2f
	.byte 0x00, 0x78, 0x5f, 0xfb, 0xbf, 0xf6, 0x37, 0xbf
	.byte 0x08, 0x30, 0x1d, 0x87, 0x71, 0xf0, 0xb7, 0x30
	.byte 0x1d, 0xab, 0x95, 0xf0, 0x8f, 0x08, 0x3f, 0x00
	.byte 0x6e, 0x15, 0x87, 0x3f, 0x00, 0x6e, 0x05, 0x1e
	.byte 0x74, 0x00, 0x68, 0x03, 0x1e, 0xeb, 0x00, 0xd8
	.byte 0xa9, 0x1d, 0x8c, 0x71, 0xf0, 0x68, 0x63, 0xbf
	.byte 0x02, 0x30, 0x1d, 0xa7, 0x71, 0xf0, 0xbf, 0x04
	.byte 0x30, 0x1d, 0xc6, 0x71, 0xf0, 0x8f, 0x02, 0x21
	.byte 0xd8, 0x12, 0x8f, 0x04, 0x23, 0xd9, 0x12, 0x1d
	.byte 0x2e, 0x6b, 0xf0, 0x1d, 0x97, 0x71, 0xf0, 0xcf
	.byte 0xcf, 0x08, 0x63, 0x3e, 0xbf, 0x04, 0x31, 0xd8
	.byte 0xaf, 0x1d, 0x3b, 0x6b, 0xf0, 0x8f, 0x04, 0x23
	.byte 0xd9, 0x12, 0x30, 0x0b, 0x00, 0x1d, 0x2e, 0x6b
	.byte 0xf0, 0xbf, 0x04, 0x31, 0x30, 0x08, 0x00, 0x1d
	.byte 0x3b, 0x6b, 0xf0, 0x8f, 0x04, 0x23, 0xd9, 0x12
	.byte 0x30, 0x0c, 0x00, 0x1d, 0x2e, 0x6b, 0xf0, 0x0b
	.byte 0x3b, 0x00, 0x1d, 0x6a, 0xee, 0xf0, 0xef, 0x62
	.byte 0xd8, 0xa8, 0x1d, 0x8c, 0x71, 0xf0, 0x1d, 0x91
	.byte 0x71, 0xf0, 0xbf, 0x0a, 0x37, 0x0e, 0xef, 0x6c
	.byte 0xd7, 0xfa, 0x04, 0xc7, 0xfb, 0xa8, 0xc7, 0xfb
	.byte 0x89, 0xc9, 0x08, 0x03, 0xc9, 0xc8, 0x18, 0xc9
	.byte 0x8b, 0x0b, 0x3b, 0x00, 0xd8, 0xa8, 0xda, 0xa9
	.byte 0x1d, 0x39, 0x62, 0xf0, 0xc7, 0xfb, 0x61, 0xc7
	.byte 0xfb, 0xde, 0x67, 0xe2, 0xbf, 0x04, 0x30, 0x1d
	.byte 0x5b, 0x6e, 0xf0, 0x8f, 0x04, 0x21, 0xd8, 0x12
	.byte 0xbf, 0x02, 0x31, 0x1d, 0x71, 0x6e, 0xf0, 0x8f
	.byte 0x02, 0x23, 0xcb, 0x62, 0xd9, 0x12, 0x0b, 0x3b
	.byte 0x00, 0xd8, 0xa8, 0xda, 0xa9, 0x1d, 0x39, 0x62
	.byte 0xf0, 0x8f, 0x02, 0x23, 0xd9, 0x12, 0x0b, 0x3b
	.byte 0x00, 0xd8, 0xa8, 0xda, 0xa9, 0x1d, 0x39, 0x62
	.byte 0xf0, 0x8f, 0x02, 0x23, 0xd9, 0x12, 0x30, 0x0d
	.byte 0x00, 0x1d, 0x2e, 0x6b, 0xf0, 0x1d, 0x97, 0x71
	.byte 0xf0, 0x8f, 0x04, 0x23, 0xd9, 0x12, 0xd8, 0xa8
	.byte 0x1d, 0x2e, 0x6b, 0xf0, 0xd7, 0xfa, 0x05, 0xef
	.byte 0x64, 0x0e, 0xef, 0x6c, 0xd7, 0xfa, 0x04, 0xc7
	.byte 0xfb, 0xa8, 0xc7, 0xfb, 0x89, 0xc9, 0x08, 0x03
	.byte 0xc9, 0xc8, 0x16, 0xc9, 0x8b, 0x0b, 0x3b, 0x00
	.byte 0xd8, 0xab, 0xda, 0xa9, 0x1d, 0xdf, 0x63, 0xf0
	.byte 0xc7, 0xfb, 0x61, 0xc7, 0xfb, 0xde, 0x67, 0xe2
	.byte 0xbf, 0x04, 0x30, 0x1d, 0x5b, 0x6e, 0xf0, 0x8f
	.byte 0x04, 0x21, 0xd8, 0x12, 0xbf, 0x02, 0x31, 0x1d
	.byte 0x8e, 0x6e, 0xf0, 0x8f, 0x02, 0x23, 0xcb, 0x62
	.byte 0xd9, 0x12, 0x0b, 0x3b, 0x00, 0xd8, 0xab, 0xda
	.byte 0xa9, 0x1d, 0xdf, 0x63, 0xf0, 0x8f, 0x02, 0x23
	.byte 0xd9, 0x12, 0x0b, 0x3b, 0x00, 0xd8, 0xab, 0xda
	.byte 0xa9, 0x1d, 0xdf, 0x63, 0xf0, 0x8f, 0x02, 0x23
	.byte 0xd9, 0x12, 0x30, 0x0d, 0x00, 0x1d, 0x2e, 0x6b
	.byte 0xf0, 0x1d, 0x97, 0x71, 0xf0, 0x8f, 0x04, 0x23
	.byte 0xd9, 0x12, 0xd8, 0xa8, 0x1d, 0x2e, 0x6b, 0xf0
	.byte 0xd7, 0xfa, 0x05, 0xef, 0x64, 0x0e, 0xef, 0x6e
	.byte 0xbf, 0x04, 0x30, 0x1d, 0x87, 0x71, 0xf0, 0x8f
	.byte 0x04, 0x3f, 0x00, 0x6e, 0x12, 0x0b, 0x3c, 0x00
	.byte 0xd8, 0xa8, 0x31, 0x10, 0x00, 0xda, 0xa9, 0x1d
	.byte 0x39, 0x62, 0xf0, 0xd8, 0xa9, 0x68, 0x1c, 0xb7
	.byte 0x30, 0x1d, 0xc6, 0x71, 0xf0, 0x8f, 0x00, 0x23
	.byte 0xd9, 0x12, 0xd8, 0xa8, 0x1d, 0x2e, 0x6b, 0xf0
	.byte 0x0b, 0x3c, 0x00, 0x1d, 0x6a, 0xee, 0xf0, 0xef
	.byte 0x62, 0xd8, 0xa8, 0x1d, 0x8c, 0x71, 0xf0, 0xef
	.byte 0x66, 0x0e, 0xbf, 0xf6, 0x37, 0xbf, 0x08, 0x30
	.byte 0x1d, 0x87, 0x71, 0xf0, 0xb7, 0x30, 0x1d, 0xab
	.byte 0x95, 0xf0, 0x8f, 0x08, 0x3f, 0x00, 0x6e, 0x15
	.byte 0x87, 0x3f, 0x00, 0x6e, 0x05, 0x1e, 0x90, 0x00
	.byte 0x68, 0x03, 0x1e, 0xd9, 0x00, 0xd8, 0xa9, 0x1d
	.byte 0x8c, 0x71, 0xf0, 0x68, 0x7f, 0xbf, 0x02, 0x30
	.byte 0x1d, 0xa7, 0x71, 0xf0, 0xbf, 0x04, 0x30, 0x1d
	.byte 0xc6, 0x71, 0xf0, 0x8f, 0x02, 0x21, 0xd8, 0x12
	.byte 0x8f, 0x04, 0x23, 0xd9, 0x12, 0x1d, 0x2e, 0x6b
	.byte 0xf0, 0x1d, 0x97, 0x71, 0xf0, 0xcf, 0xdd, 0x63
	.byte 0x5b, 0xbf, 0x04, 0x31, 0xd8, 0xa8, 0x1d, 0x3b
	.byte 0x6b, 0xf0, 0x8f, 0x04, 0x3c, 0x07, 0xd8, 0xa8
	.byte 0x1d, 0x8c, 0x71, 0xf0, 0x1d, 0x91, 0x71, 0xf0
	.byte 0xbf, 0x04, 0x31, 0x81, 0x21, 0xc9, 0xd9, 0x63
	.byte 0x11, 0xc9, 0xdd, 0x6b, 0x0d, 0xc9, 0x69, 0xb1
	.byte 0x41, 0xc9, 0xc8, 0x30, 0xd8, 0x12, 0xd9, 0xa8
	.byte 0x68, 0x09, 0xc9, 0xd8, 0x6e, 0x0b, 0x30, 0x35
	.byte 0x00, 0xd9, 0xa8, 0x1d, 0x70, 0x61, 0xf0, 0x68
	.byte 0x1b, 0x0b, 0x30, 0x00, 0x1d, 0x6a, 0xee, 0xf0
	.byte 0xef, 0x62, 0xd8, 0xa8, 0xd9, 0xa8, 0x1d, 0x81
	.byte 0x8e, 0xf0, 0x1d, 0x29, 0x90, 0xf0, 0xd8, 0xa9
	.byte 0x1d, 0x2f, 0x69, 0xf0, 0xbf, 0x0a, 0x37, 0x0e
	.byte 0xef, 0x6a, 0xd7, 0xfa, 0x04, 0xbf, 0x02, 0x30
	.byte 0x1d, 0x3a, 0x6a, 0xf0, 0xc7, 0xfb, 0xa8, 0x8f
	.byte 0x02, 0x21, 0xd8, 0x12, 0x23, 0x36, 0xc7, 0xfb
	.byte 0x83, 0x0b, 0x30, 0x00, 0xda, 0xa9, 0x1d, 0x39
	.byte 0x62, 0xf0, 0xc7, 0xfb, 0x61, 0xc7, 0xfb, 0xda
	.byte 0x67, 0xe5, 0xc7, 0xfb, 0xa8, 0x8f, 0x02, 0x21
	.byte 0xd8, 0x12, 0x23, 0x4d, 0xc7, 0xfb, 0x83, 0x0b
	.byte 0x30, 0x00, 0xda, 0xa9, 0x1d, 0x39, 0x62, 0xf0
	.byte 0xc7, 0xfb, 0x61, 0xc7, 0xfb, 0xdc, 0x67, 0xe5
	.byte 0xd7, 0xfa, 0x05, 0xef, 0x62, 0x0e, 0xef, 0x6a
	.byte 0xd7, 0xfa, 0x04, 0xbf, 0x02, 0x30, 0x1d, 0x3a
	.byte 0x6a, 0xf0, 0xc7, 0xfb, 0xa8, 0x8f, 0x02, 0x21
	.byte 0xc9, 0x69, 0xd8, 0x12, 0xd8, 0x09, 0x15, 0x00
	.byte 0xe8, 0x12, 0xb8, 0x10, 0x30, 0xb8, 0x0f, 0x30
	.byte 0xc7, 0xfb, 0x81, 0xc9, 0x8b, 0x0b, 0x30, 0x00
	.byte 0xd8, 0xa8, 0xda, 0xa9, 0x1d, 0xdf, 0x63, 0xf0
	.byte 0xc7, 0xfb, 0x61, 0xc7, 0xfb, 0xde, 0x67, 0xd5
	.byte 0xd7, 0xfa, 0x05, 0xef, 0x62, 0x0e, 0x0b, 0x31
	.byte 0x00, 0x1d, 0x6a, 0xee, 0xf0, 0xef, 0x62, 0xd8
	.byte 0xa9, 0xd9, 0xa8, 0x1d, 0x81, 0x8e, 0xf0, 0x1d
	.byte 0x29, 0x90, 0xf0, 0xd8, 0xa9, 0x1b, 0x2f, 0x69
	.byte 0xf0, 0x0b, 0x32, 0x00, 0x1d, 0x6a, 0xee, 0xf0
	.byte 0xef, 0x62, 0xd8, 0xa8, 0xd9, 0xa9, 0x1d, 0x81
	.byte 0x8e, 0xf0, 0xd8, 0xa9, 0x1b, 0x2f, 0x69, 0xf0
	.byte 0x0b, 0x33, 0x00, 0x1d, 0x6a, 0xee, 0xf0, 0xef
	.byte 0x62, 0xd8, 0xa9, 0xd9, 0xa9, 0x1d, 0x81, 0x8e
	.byte 0xf0, 0xd8, 0xa9, 0x1b, 0x2f, 0x69, 0xf0, 0x0b
	.byte 0x34, 0x00, 0x1d, 0x6a, 0xee, 0xf0, 0xef, 0x62
	.byte 0x1d, 0x19, 0x91, 0xf0, 0xd8, 0xa9, 0x1b, 0x2f
	.byte 0x69, 0xf0, 0x0b, 0x35, 0x00, 0x1d, 0x6a, 0xee
	.byte 0xf0, 0xef, 0x62, 0xd8, 0xa9, 0x1b, 0x2f, 0x69
	.byte 0xf0, 0xbf, 0xf6, 0x37, 0xd7, 0xfa, 0x04, 0xbf
	.byte 0x0a, 0x30, 0x1d, 0x87, 0x71, 0xf0, 0x8f, 0x0a
	.byte 0x3f, 0x00, 0x6e, 0x2d, 0xbf, 0x02, 0x30, 0x1d
	.byte 0x3a, 0x6a, 0xf0, 0xc7, 0xfb, 0xa8, 0x8f, 0x02
	.byte 0x21, 0xd8, 0x12, 0x23, 0x39, 0xc7, 0xfb, 0x83
	.byte 0x0b, 0x36, 0x00, 0xda, 0xa9, 0x1d, 0x39, 0x62
	.byte 0xf0, 0xc7, 0xfb, 0x61, 0xc7, 0xfb, 0xdc, 0x67
	.byte 0xe5, 0xd8, 0xa9, 0x1d, 0x8c, 0x71, 0xf0, 0x68
	.byte 0x5a, 0xbf, 0x04, 0x30, 0x1d, 0xa7, 0x71, 0xf0
	.byte 0xbf, 0x06, 0x30, 0x1d, 0xc6, 0x71, 0xf0, 0x8f
	.byte 0x04, 0x21, 0xd8, 0x12, 0x8f, 0x06, 0x23, 0xd9
	.byte 0x12, 0x1d, 0x2e, 0x6b, 0xf0, 0x1d, 0x97, 0x71
	.byte 0xf0, 0xcf, 0xdb, 0x63, 0x36, 0xbf, 0x06, 0x31
	.byte 0xd8, 0xab, 0x1d, 0x3b, 0x6b, 0xf0, 0x8f, 0x06
	.byte 0x23, 0xd9, 0x12, 0x30, 0x0a, 0x00, 0x1d, 0x2e
	.byte 0x6b, 0xf0, 0x0b, 0x36, 0x00, 0x1d, 0x6a, 0xee
	.byte 0xf0, 0xef, 0x62, 0xd8, 0xa8, 0xd9, 0xa8, 0x1d
	.byte 0x4a, 0x8a, 0xf0, 0xd8, 0xa9, 0x1d, 0x2f, 0x69
	.byte 0xf0, 0xd8, 0xa8, 0x1d, 0x8c, 0x71, 0xf0, 0x1d
	.byte 0x91, 0x71, 0xf0, 0xd7, 0xfa, 0x05, 0xbf, 0x0a
	.byte 0x37, 0x0e, 0xbf, 0xf6, 0x37, 0xd7, 0xfa, 0x04
	.byte 0xbf, 0x0a, 0x30, 0x1d, 0x87, 0x71, 0xf0, 0x8f
	.byte 0x0a, 0x3f, 0x00, 0x6e, 0x3a, 0xbf, 0x02, 0x30
	.byte 0x1d, 0x3a, 0x6a, 0xf0, 0xc7, 0xfb, 0xa8, 0x8f
	.byte 0x02, 0x21, 0xd8, 0x12, 0x23, 0x3d, 0xc7, 0xfb
	.byte 0x83, 0x0b, 0x37, 0x00, 0xda, 0xa9, 0x1d, 0x39
	.byte 0x62, 0xf0, 0xc7, 0xfb, 0x61, 0xc7, 0xfb, 0xcf
	.byte 0x0a, 0x67, 0xe4, 0xd8, 0xa9, 0x1d, 0x8c, 0x71
	.byte 0xf0, 0x1d, 0x97, 0x71, 0xf0, 0xd8, 0xa8, 0xd9
	.byte 0xa9, 0x1d, 0x2e, 0x6b, 0xf0, 0x68, 0x42, 0xbf
	.byte 0x04, 0x30, 0x1d, 0xa7, 0x71, 0xf0, 0xbf, 0x06
	.byte 0x30, 0x1d, 0xc6, 0x71, 0xf0, 0x8f, 0x04, 0x21
	.byte 0xd8, 0x12, 0x8f, 0x06, 0x23, 0xd9, 0x12, 0x1d
	.byte 0x2e, 0x6b, 0xf0, 0x1d, 0x97, 0x71, 0xf0, 0xcf
	.byte 0xcf, 0x0a, 0x63, 0x1d, 0x0b, 0x37, 0x00, 0x1d
	.byte 0x6a, 0xee, 0xf0, 0xef, 0x62, 0x1d, 0x1f, 0x84
	.byte 0xf0, 0xd8, 0xa9, 0x1d, 0x2f, 0x69, 0xf0, 0xd8
	.byte 0xa8, 0x1d, 0x8c, 0x71, 0xf0, 0x1d, 0x91, 0x71
	.byte 0xf0, 0xd7, 0xfa, 0x05, 0xbf, 0x0a, 0x37, 0x0e
	.byte 0xbf, 0xf6, 0x37, 0xd7, 0xfa, 0x04, 0xbf, 0x0a
	.byte 0x30, 0x1d, 0x87, 0x71, 0xf0, 0x8f, 0x0a, 0x3f
	.byte 0x00, 0x6e, 0x2d, 0xbf, 0x02, 0x30, 0x1d, 0x3a
	.byte 0x6a, 0xf0, 0xc7, 0xfb, 0xa8, 0x8f, 0x02, 0x21
	.byte 0xd8, 0x12, 0x23, 0x47, 0xc7, 0xfb, 0x83, 0x0b
	.byte 0x38, 0x00, 0xda, 0xa9, 0x1d, 0x39, 0x62, 0xf0
	.byte 0xc7, 0xfb, 0x61, 0xc7, 0xfb, 0xde, 0x67, 0xe5
	.byte 0xd8, 0xa9, 0x1d, 0x8c, 0x71, 0xf0, 0x68, 0x63
	.byte 0xbf, 0x04, 0x30, 0x1d, 0xa7, 0x71, 0xf0, 0xbf
	.byte 0x06, 0x30, 0x1d, 0xc6, 0x71, 0xf0, 0x8f, 0x04
	.byte 0x21, 0xd8, 0x12, 0x8f, 0x06, 0x23, 0xd9, 0x12
	.byte 0x1d, 0x2e, 0x6b, 0xf0, 0x1d, 0x97, 0x71, 0xf0
	.byte 0xcf, 0xdd, 0x63, 0x3f, 0xbf, 0x06, 0x31, 0xd8
	.byte 0xab, 0x1d, 0x3b, 0x6b, 0xf0, 0x8f, 0x06, 0x23
	.byte 0xd9, 0x12, 0x30, 0x0a, 0x00, 0x1d, 0x2e, 0x6b
	.byte 0xf0, 0x30, 0x09, 0x00, 0xd9, 0xa8, 0x1d, 0x2e
	.byte 0x6b, 0xf0, 0x0b, 0x38, 0x00, 0x1d, 0x6a, 0xee
	.byte 0xf0, 0xef, 0x62, 0xd8, 0xaa, 0xd9, 0xa9, 0x1d
	.byte 0x4a, 0x8a, 0xf0, 0xd8, 0xa9, 0x1d, 0x2f, 0x69
	.byte 0xf0, 0xd8, 0xa8, 0x1d, 0x8c, 0x71, 0xf0, 0x1d
	.byte 0x91, 0x71, 0xf0, 0xd7, 0xfa, 0x05, 0xbf, 0x0a
	.byte 0x37, 0x0e, 0x30, 0x39, 0x00, 0x78, 0x03, 0xf6

SeMenu_AltUpdate:
	lda xsp, (xsp - 38)
	push_werp 0xFA
	lda xwa, (xsp + 38)
	call SeMenu_ReadObjData
	cp (xsp + 38), 0x0
	jr nz, SeMenu_AltUpdate_Step1
	ldi_berp 0xFB, 1

SeMenu_AltUpdate_RegLoop:
	ldto_berp A, 0xFB
	extz wa
	pushw 0x22
	ldw bc, 0x17
	lds de, 1
	call SeMenu_RegisterElement_Type1
	ldto_berp A, 0xFB
	extz wa
	pushw 0x22
	lds bc, 4
	lds de, 1
	call SeMenu_RegisterElement_Type1
	ldto_berp A, 0xFB
	extz wa
	pushw 0x22
	lds bc, 5
	lds de, 1
	call SeMenu_RegisterElement_Type1
	inc1_berp 0xFB
	cpi_berp 0xFB, 4
	jr ule, SeMenu_AltUpdate_RegLoop
	lds wa, 1
	call SeMenu_SetCurrentStep
	call SeMenu_AdvanceSubIndex
	lda xwa, (xsp + 4)
	call SeMenu_ValidatePartNumber
	ld c, (xsp + 4)
	extz bc
	lds wa, 0
	call SeMenu_StorePartParam
	call SeMenu_AdvanceSubIndex
	jrl SeMenu_AltUpdate_End

SeMenu_AltUpdate_Step1:
	lda xwa, (xsp + 2)
	cp (xsp + 38), 0x1
	jr nz, SeMenu_AltUpdate_Step2
	call SeMenu_ReadObjParam
	lda xwa, (xsp + 6)
	call SeMenu_FillEntryTable
	ld a, (xsp + 2)
	extz wa
	ld c, (xsp + 6)
	extz bc
	call SeMenu_StorePartParam
	call SeMenu_AdvanceSubIndex
	cp l, 0xD
	jrl ule, SeMenu_AltUpdate_End
	call SeMenu_ResetSubIndex
	call SeMenu_AdvanceSubIndex
	lda xwa, (xsp + 2)
	call SeMenu_ReadObjParam
	ld a, (xsp + 2)
	extz wa
	ldw bc, 0x22
	call SeMenu_InitDisplayField
	lds wa, 2
	jr SeMenu_AltUpdate_SetStepAndJump

SeMenu_AltUpdate_Step2:
	cp (xsp + 38), 0x2
	jr nz, SeMenu_AltUpdate_Step3Plus
	call SeMenu_ReadObjParam
	ld a, (xsp + 2)
	extz wa
	call SeMenu_ApplyFilter
	call SeMenu_AdvanceSubIndex
	cps l, 4
	jr ugt, SeMenu_AltUpdate_Step2_InitCol
	lda xwa, (xsp + 2)
	call SeMenu_ReadObjParam
	ld a, (xsp + 2)
	extz wa
	ldw bc, 0x22
	call SeMenu_InitDisplayField
	jrl SeMenu_AltUpdate_End

SeMenu_AltUpdate_Step2_InitCol:
	lds wa, 0
	ldw bc, 0x22
	call SeMenu_InitDisplayColumn
	lds wa, 3

SeMenu_AltUpdate_SetStepAndJump:
	call SeMenu_SetCurrentStep
	jr SeMenu_AltUpdate_End

SeMenu_AltUpdate_Step3Plus:
	lds32 xwa, 0
	call SeMenu_ProcessEffect
	lda xbc, (xsp + 6)
	lds wa, 1
	call SeMenu_LoadParamByte
	ld c, (xsp + 6)
	extz bc
	lds wa, 2
	call SeMenu_StorePartParam
	lda xbc, (xsp + 6)
	lds wa, 2
	call SeMenu_LoadParamByte
	ld c, (xsp + 6)
	extz bc
	lds wa, 5
	call SeMenu_StorePartParam
	lda xbc, (xsp + 6)
	lds wa, 3
	call SeMenu_LoadParamByte
	ld c, (xsp + 6)
	extz bc
	ldw wa, 0x8
	call SeMenu_StorePartParam
	lda xbc, (xsp + 6)
	lds wa, 4
	call SeMenu_LoadParamByte
	ld c, (xsp + 6)
	extz bc
	ldw wa, 0xB
	call SeMenu_StorePartParam
	pushw 0x22
	call SeMenu_ShowPopupDialog
	inc 2, xsp
	lds wa, 1
	call SeMenu_SetupMenuDisplay
	lds wa, 0
	call SeMenu_SetCurrentStep
	call SeMenu_ResetSubIndex

SeMenu_AltUpdate_End:
	pop_werp 0xFA
	lda xsp, (xsp + 38)
	ret

SeMenu_AltUpdate_Data:
	.byte 0xbf, 0xf6, 0x37, 0xd7, 0xfa, 0x04, 0xbf, 0x0a
	.byte 0x30, 0x1d, 0x87, 0x71, 0xf0, 0x8f, 0x0a, 0x3f
	.byte 0x00, 0x6e, 0x70, 0x0b, 0x23, 0x00, 0xd8, 0xa8
	.byte 0x31, 0x12, 0x00, 0xda, 0xa9, 0x1d, 0x39, 0x62
	.byte 0xf0, 0xc7, 0xfb, 0xa9, 0xc7, 0xfb, 0x89, 0xd8
	.byte 0x12, 0x0b, 0x23, 0x00, 0xd9, 0xa8, 0xda, 0xa9
	.byte 0x1d, 0x39, 0x62, 0xf0, 0xc7, 0xfb, 0x61, 0xc7
	.byte 0xfb, 0xdc, 0x63, 0xe8, 0xc7, 0xfb, 0xa9, 0xc7
	.byte 0xfb, 0x89, 0xd8, 0x12, 0x0b, 0x23, 0x00, 0xd9
	.byte 0xa9, 0xda, 0xa9, 0x1d, 0x39, 0x62, 0xf0, 0xc7
	.byte 0xfb, 0x61, 0xc7, 0xfb, 0xdc, 0x63, 0xe8, 0x0b
	.byte 0x23, 0x00, 0xd8, 0xa8, 0x31, 0x5c, 0x00, 0xda
	.byte 0xa9, 0x1d, 0x39, 0x62, 0xf0, 0xd8, 0xa9, 0x1d
	.byte 0x8c, 0x71, 0xf0, 0x1d, 0x97, 0x71, 0xf0, 0xbf
	.byte 0x02, 0x30, 0x1d, 0x3a, 0x6a, 0xf0, 0x8f, 0x02
	.byte 0x23, 0xd9, 0x12, 0xd8, 0xa8, 0x1d, 0x2e, 0x6b
	.byte 0xf0, 0x68, 0x52, 0xbf, 0x04, 0x30, 0x1d, 0xa7
	.byte 0x71, 0xf0, 0xbf, 0x06, 0x30, 0x1d, 0xc6, 0x71
	.byte 0xf0, 0x8f, 0x04, 0x21, 0xd8, 0x12, 0x8f, 0x06
	.byte 0x23, 0xd9, 0x12, 0x1d, 0x2e, 0x6b, 0xf0, 0x1d
	.byte 0x97, 0x71, 0xf0, 0xcf, 0xcf, 0x0a, 0x63, 0x2d
	.byte 0xc7, 0xfb, 0xa9, 0xc7, 0xfb, 0x89, 0xd8, 0x12
	.byte 0x1d, 0x8b, 0x75, 0xf0, 0xc7, 0xfb, 0x61, 0xc7
	.byte 0xfb, 0xdc, 0x63, 0xef, 0x0b, 0x23, 0x00, 0x1d
	.byte 0x6a, 0xee, 0xf0, 0xef, 0x62, 0xd8, 0xa9, 0x1d
	.byte 0x2f, 0x69, 0xf0, 0xd8, 0xa8, 0x1d, 0x8c, 0x71
	.byte 0xf0, 0x1d, 0x91, 0x71, 0xf0, 0xd7, 0xfa, 0x05
	.byte 0xbf, 0x0a, 0x37, 0x0e, 0xbf, 0xf6, 0x37, 0xd7
	.byte 0xfa, 0x04, 0xbf, 0x0a, 0x30, 0x1d, 0x87, 0x71
	.byte 0xf0, 0x8f, 0x0a, 0x3f, 0x00, 0x6e, 0x65, 0xbf
	.byte 0x02, 0x30, 0x1d, 0x3a, 0x6a, 0xf0, 0xc7, 0xfa
	.byte 0xa8, 0x8f, 0x02, 0x21, 0xd8, 0x12, 0x23, 0x1e
	.byte 0xc7, 0xfa, 0x83, 0x0b, 0x24, 0x00, 0xda, 0xa9
	.byte 0x1d, 0x39, 0x62, 0xf0, 0xc7, 0xfa, 0x61, 0xc7
	.byte 0xfa, 0xdc, 0x67, 0xe5, 0xc7, 0xfb, 0xa9, 0xc7
	.byte 0xfa, 0xa8, 0xc7, 0xfb, 0x89, 0xd8, 0x12, 0x23
	.byte 0x1e, 0xc7, 0xfa, 0x83, 0x0b, 0x24, 0x00, 0xda
	.byte 0xa9, 0x1d, 0x39, 0x62, 0xf0, 0xc7, 0xfa, 0x61
	.byte 0xc7, 0xfa, 0xdc, 0x67, 0xe5, 0xc7, 0xfb, 0x61
	.byte 0xc7, 0xfb, 0xdc, 0x63, 0xda, 0xd8, 0xa9, 0x1d
	.byte 0x8c, 0x71, 0xf0, 0x1d, 0x97, 0x71, 0xf0, 0x8f
	.byte 0x02, 0x23, 0xd9, 0x12, 0xd8, 0xa8, 0x1d, 0x2e
	.byte 0x6b, 0xf0, 0x68, 0x60, 0xbf, 0x04, 0x30, 0x1d
	.byte 0xa7, 0x71, 0xf0, 0xbf, 0x06, 0x30, 0x1d, 0xc6
	.byte 0x71, 0xf0, 0x8f, 0x04, 0x21, 0xd8, 0x12, 0x8f
	.byte 0x06, 0x23, 0xd9, 0x12, 0x1d, 0x2e, 0x6b, 0xf0
	.byte 0x1d, 0x97, 0x71, 0xf0, 0xcf, 0xcf, 0x14, 0x63
	.byte 0x3b, 0x0b, 0x24, 0x00, 0x1d, 0x6a, 0xee, 0xf0
	.byte 0xef, 0x62, 0xc7, 0xfa, 0xa9, 0xc7, 0xfa, 0x8b
	.byte 0xd9, 0x12, 0xc7, 0xfa, 0x89, 0xc9, 0xee, 0x02
	.byte 0xc9, 0x61, 0xc9, 0x8d, 0xda, 0x12, 0xd8, 0xa8
	.byte 0x1d, 0x98, 0x8c, 0xf0, 0xc7, 0xfa, 0x61, 0xc7
	.byte 0xfa, 0xdc, 0x63, 0xe1, 0xd8, 0xa9, 0x1d, 0x2f
	.byte 0x69, 0xf0, 0xd8, 0xa8, 0x1d, 0x8c, 0x71, 0xf0
	.byte 0x1d, 0x91, 0x71, 0xf0, 0xd7, 0xfa, 0x05, 0xbf
	.byte 0x0a, 0x37, 0x0e, 0xbf, 0xf6, 0x37, 0xd7, 0xfa
	.byte 0x04, 0xbf, 0x0a, 0x30, 0x1d, 0x87, 0x71, 0xf0
	.byte 0x8f, 0x0a, 0x3f, 0x00, 0x6e, 0x65, 0xbf, 0x02
	.byte 0x30, 0x1d, 0x3a, 0x6a, 0xf0, 0xc7, 0xfa, 0xa8
	.byte 0x8f, 0x02, 0x21, 0xd8, 0x12, 0x23, 0x22, 0xc7
	.byte 0xfa, 0x83, 0x0b, 0x25, 0x00, 0xda, 0xa9, 0x1d
	.byte 0x39, 0x62, 0xf0, 0xc7, 0xfa, 0x61, 0xc7, 0xfa
	.byte 0xdc, 0x67, 0xe5, 0xc7, 0xfb, 0xa9, 0xc7, 0xfa
	.byte 0xa8, 0xc7, 0xfb, 0x89, 0xd8, 0x12, 0x23, 0x22
	.byte 0xc7, 0xfa, 0x83, 0x0b, 0x25, 0x00, 0xda, 0xa9
	.byte 0x1d, 0x39, 0x62, 0xf0, 0xc7, 0xfa, 0x61, 0xc7
	.byte 0xfa, 0xdc, 0x67, 0xe5, 0xc7, 0xfb, 0x61, 0xc7
	.byte 0xfb, 0xdc, 0x63, 0xda, 0xd8, 0xa9, 0x1d, 0x8c
	.byte 0x71, 0xf0, 0x1d, 0x97, 0x71, 0xf0, 0x8f, 0x02
	.byte 0x23, 0xd9, 0x12, 0xd8, 0xa8, 0x1d, 0x2e, 0x6b
	.byte 0xf0, 0x68, 0x60, 0xbf, 0x04, 0x30, 0x1d, 0xa7
	.byte 0x71, 0xf0, 0xbf, 0x06, 0x30, 0x1d, 0xc6, 0x71
	.byte 0xf0, 0x8f, 0x04, 0x21, 0xd8, 0x12, 0x8f, 0x06
	.byte 0x23, 0xd9, 0x12, 0x1d, 0x2e, 0x6b, 0xf0, 0x1d
	.byte 0x97, 0x71, 0xf0, 0xcf, 0xcf, 0x14, 0x63, 0x3b
	.byte 0x0b, 0x25, 0x00, 0x1d, 0x6a, 0xee, 0xf0, 0xef
	.byte 0x62, 0xc7, 0xfa, 0xa9, 0xc7, 0xfa, 0x8b, 0xd9
	.byte 0x12, 0xc7, 0xfa, 0x89, 0xc9, 0xee, 0x02, 0xc9
	.byte 0x61, 0xc9, 0x8d, 0xda, 0x12, 0xd8, 0xa9, 0x1d
	.byte 0x98, 0x8c, 0xf0, 0xc7, 0xfa, 0x61, 0xc7, 0xfa
	.byte 0xdc, 0x63, 0xe1, 0xd8, 0xa9, 0x1d, 0x2f, 0x69
	.byte 0xf0, 0xd8, 0xa8, 0x1d, 0x8c, 0x71, 0xf0, 0x1d
	.byte 0x91, 0x71, 0xf0, 0xd7, 0xfa, 0x05, 0xbf, 0x0a
	.byte 0x37, 0x0e

SeMenu_ControllerUpdate:
	lda xsp, (xsp - 42)
	push_werp 0xFA
	lda xwa, (xsp + 2)
	call SeMenu_LoadObjEntries
	lda xwa, (xsp + 8)
	call SeMenu_ValidatePartNumber
	lda xwa, (xsp + 42)
	call SeMenu_ReadObjData
	cp (xsp + 42), 0x0
	jr nz, SeMenu_ControllerUpdate_StoreValue
	lda xwa, (xsp + 6)
	call SeMenu_InitObjEntry
	ldi_berp 0xFB, 0
	cp (xsp + 2), 0x0
	jr nz, SeMenu_ControllerUpdate_Step2

SeMenu_ControllerUpdate_Step1:
	ld a, (xsp + 6)
	extz wa
	ldb c, 0x0
	add_berp C, 0xFB
	pushw 0x26
	lds de, 1
	call SeMenu_RegisterElement_Type1
	inc1_berp 0xFB
	cpi_berp 0xFB, 3
	jr c, SeMenu_ControllerUpdate_Step1
	jr SeMenu_ControllerUpdate_Step3

SeMenu_ControllerUpdate_Step2:
	ld a, (xsp + 8)
	extz wa
	ldb c, 0x0
	add_berp C, 0xFB
	pushw 0x26
	lds de, 1
	call SeMenu_RegisterElement_Type2
	inc1_berp 0xFB
	cpi_berp 0xFB, 3
	jr c, SeMenu_ControllerUpdate_Step2

SeMenu_ControllerUpdate_Step3:
	lds wa, 1
	call SeMenu_SetCurrentStep
	call SeMenu_AdvanceSubIndex
	lds wa, 0
	lds bc, 1
	call SeMenu_StorePartParam
	jrl SeMenu_ControllerData_End

SeMenu_ControllerUpdate_StoreValue:
	lda xwa, (xsp + 4)
	cp (xsp + 42), 0x1
	jr nz, SeMenu_ControllerUpdate_End
	call SeMenu_ReadObjParam
	lda xwa, (xsp + 10)
	call SeMenu_FillEntryTable
	ld a, (xsp + 4)
	extz wa
	ld c, (xsp + 10)
	extz bc
	call SeMenu_StorePartParam
	call SeMenu_AdvanceSubIndex
	cps l, 3
	jrl ule, SeMenu_ControllerData_End
	call SeMenu_ResetSubIndex
	call SeMenu_AdvanceSubIndex
	lda xwa, (xsp + 4)
	call SeMenu_ReadObjParam
	ld a, (xsp + 8)
	extz wa
	ld c, (xsp + 4)
	extz bc
	ldw de, 0x26
	call SeMenu_InitDisplayField_Alt
	lds wa, 2
	jr SeMenu_ControllerData_Offset3

SeMenu_ControllerUpdate_End:
	cp (xsp + 42), 0x2
	jr nz, SeMenu_ControllerData_Offset4
	call SeMenu_ReadObjParam
	ld a, (xsp + 4)
	extz wa
	call SeMenu_ApplySynthParam_Alt
	call SeMenu_AdvanceSubIndex
	cps l, 4
	jr ugt, SeMenu_ControllerData
	lda xwa, (xsp + 4)
	call SeMenu_ReadObjParam
	ld a, (xsp + 8)
	extz wa
	ld c, (xsp + 4)
	extz bc
	ldw de, 0x26
	call SeMenu_InitDisplayField_Alt
	jr SeMenu_ControllerData_End

SeMenu_ControllerData:
	cp (xsp + 2), 0x0
	jr nz, SeMenu_ControllerData_Offset1
	lds wa, 1
	ldw bc, 0x26
	jr SeMenu_ControllerData_Offset2

SeMenu_ControllerData_Offset1:
	lds wa, 4
	ldw bc, 0x26

SeMenu_ControllerData_Offset2:
	call SeMenu_InitDisplayColumn
	lds wa, 3

SeMenu_ControllerData_Offset3:
	call SeMenu_SetCurrentStep
	jr SeMenu_ControllerData_End

SeMenu_ControllerData_Offset4:
	cp (xsp + 2), 0x0
	jr nz, SeMenu_ControllerData_Offset5
	lds32 xwa, 1
	jr SeMenu_ControllerData_Offset6

SeMenu_ControllerData_Offset5:
	lds32 xwa, 4

SeMenu_ControllerData_Offset6:
	call SeMenu_ProcessEffect
	calr SeMenu_CopyWriteUpdate
	pushw 0x26
	call SeMenu_ShowPopupDialog
	inc 2, xsp
	lds wa, 1
	call SeMenu_SetupMenuDisplay
	lds wa, 0
	call SeMenu_SetCurrentStep
	call SeMenu_ResetSubIndex

SeMenu_ControllerData_End:
	pop_werp 0xFA
	lda xsp, (xsp + 42)
	ret

SeMenu_CopyWriteUpdate:
	dec 2, xsp
	lda xbc, (xsp)
	lds wa, 1
	call SeMenu_LoadPartParam
	cp (xsp), 0x7F
	jr nz, SeMenu_CopyWriteUpdate_Step1
	lds wa, 4
	lds bc, 0
	call SeMenu_StorePartParam
	lds wa, 5
	lds bc, 0
	call SeMenu_StorePartParam
	lds wa, 6
	lds bc, 0
	jr SeMenu_CopyWriteUpdate_End

SeMenu_CopyWriteUpdate_Step1:
	ld c, (xsp)
	inc 1, c
	extz bc
	lds wa, 4
	call SeMenu_StorePartParam
	lda xbc, (xsp)
	lds wa, 2
	call SeMenu_LoadPartParam
	cp (xsp), 0x7F
	jr nz, SeMenu_CopyWriteUpdate_Step2
	lds wa, 5
	lds bc, 0
	call SeMenu_StorePartParam
	lds wa, 6
	lds bc, 0
	jr SeMenu_CopyWriteUpdate_End

SeMenu_CopyWriteUpdate_Step2:
	ld c, (xsp)
	inc 1, c
	extz bc
	lds wa, 5
	call SeMenu_StorePartParam
	lda xbc, (xsp)
	lds wa, 3
	call SeMenu_LoadPartParam
	cp (xsp), 0x7F
	jr nz, SeMenu_CopyWriteUpdate_Step3
	lds wa, 6
	lds bc, 0
	jr SeMenu_CopyWriteUpdate_End

SeMenu_CopyWriteUpdate_Step3:
	ld c, (xsp)
	inc 1, c
	extz bc
	lds wa, 6
	call SeMenu_StorePartParam
	lds wa, 7
	ldw bc, 0x7F

SeMenu_CopyWriteUpdate_End:
	call SeMenu_StorePartParam
	inc 2, xsp
	ret

SeMenu_CopyWriteUpdate_Data:
	.byte 0xbf, 0xe8, 0x37, 0xd7, 0xfa, 0x04, 0xbf, 0x02
	.byte 0x30, 0x1d, 0x5f, 0x97, 0xf0, 0x8f, 0x02, 0x3f
	.byte 0x01, 0x6e, 0x0f, 0xd8, 0xaa, 0x1d, 0xa2, 0x61
	.byte 0xf0, 0xd8, 0xa8, 0x1d, 0x64, 0x97, 0xf0, 0x78
	.byte 0xd1, 0x00, 0xbf, 0x18, 0x30, 0x1d, 0x87, 0x71
	.byte 0xf0, 0x8f, 0x18, 0x3f, 0x00, 0x6e, 0x17, 0x0b
	.byte 0x3e, 0x00, 0xd8, 0xa8, 0xd9, 0xa8, 0x32, 0x10
	.byte 0x00, 0x1d, 0x39, 0x62, 0xf0, 0xd8, 0xa9, 0x1d
	.byte 0x8c, 0x71, 0xf0, 0x78, 0xad, 0x00, 0xbf, 0x06
	.byte 0x30, 0x1d, 0xc6, 0x71, 0xf0, 0xc7, 0xfb, 0xa8
	.byte 0xc7, 0xfb, 0x89, 0xd8, 0x12, 0xbf, 0x06, 0x31
	.byte 0xf3, 0x07, 0xe4, 0xe0, 0x31, 0xe9, 0x88, 0x1d
	.byte 0x41, 0x28, 0xfb, 0xc7, 0xfb, 0x61, 0xc7, 0xfb
	.byte 0xcf, 0x10, 0x67, 0xe4, 0xbf, 0x06, 0x31, 0xd8
	.byte 0xa9, 0x32, 0x10, 0x00, 0x1d, 0x13, 0x72, 0xf0
	.byte 0xbf, 0x04, 0x30, 0x1d, 0x8b, 0x73, 0xf0, 0xbf
	.byte 0x06, 0x32, 0x8f, 0x04, 0x21, 0xd8, 0x12, 0xe8
	.byte 0x12, 0xd8, 0x0a, 0x14, 0x00, 0xb2, 0x41, 0xba
	.byte 0x01, 0x31, 0x8f, 0x04, 0x21, 0xd8, 0x12, 0xe8
	.byte 0x12, 0xd8, 0x0a, 0x14, 0x00, 0xd7, 0xe2, 0x88
	.byte 0xb1, 0x41, 0x82, 0x61, 0x81, 0x61, 0x82, 0x23
	.byte 0xd9, 0x12, 0xd8, 0xa8, 0x1d, 0x2e, 0x6b, 0xf0
	.byte 0x8f, 0x07, 0x23, 0xd9, 0x12, 0xd8, 0xa9, 0x1d
	.byte 0x2e, 0x6b, 0xf0, 0x0b, 0x3e, 0x00, 0x1d, 0x6a
	.byte 0xee, 0xf0, 0xef, 0x62, 0xd8, 0xa9, 0x1d, 0x7d
	.byte 0x74, 0xf0, 0xd8, 0xa8, 0x31, 0x0b, 0x00, 0xda
	.byte 0xa8, 0x1d, 0x83, 0x74, 0xf0, 0xd8, 0xa9, 0x31
	.byte 0x0c, 0x00, 0xda, 0xa8, 0x1d, 0x83, 0x74, 0xf0
	.byte 0xd8, 0xa8, 0x1d, 0x8c, 0x71, 0xf0, 0x30, 0x1e
	.byte 0x00, 0xd9, 0xa8, 0x1d, 0x2e, 0x6b, 0xf0, 0x1d
	.byte 0x91, 0x71, 0xf0, 0xd7, 0xfa, 0x05, 0xbf, 0x18
	.byte 0x37, 0x0e, 0xef, 0x6a, 0xb7, 0x30, 0x1d, 0xab
	.byte 0x95, 0xf0, 0x21, 0x0d, 0x87, 0x3f, 0x01, 0x66
	.byte 0x02, 0x21, 0x10, 0xd8, 0x12, 0x1d, 0xf2, 0xe2
	.byte 0xf0, 0xef, 0x62, 0x0e, 0xbf, 0xf6, 0x37, 0xd7
	.byte 0xfa, 0x04, 0xbf, 0x0a, 0x30, 0x1d, 0x87, 0x71
	.byte 0xf0, 0x8f, 0x0a, 0x3f, 0x00, 0x6e, 0x2a, 0xd8
	.byte 0xa9, 0x1d, 0x0d, 0x99, 0xf0, 0xc7, 0xfb, 0xa8
	.byte 0x23, 0x5d, 0xc7, 0xfb, 0x83, 0x0b, 0x3a, 0x00
	.byte 0xd8, 0xa8, 0xda, 0xa9, 0x1d, 0x39, 0x62, 0xf0
	.byte 0xc7, 0xfb, 0x61, 0xc7, 0xfb, 0xcf, 0x09, 0x67
	.byte 0xe7, 0xd8, 0xa9, 0x1d, 0x8c, 0x71, 0xf0, 0x68
	.byte 0x61, 0xbf, 0x04, 0x30, 0x1d, 0xa7, 0x71, 0xf0
	.byte 0xbf, 0x06, 0x30, 0x1d, 0xc6, 0x71, 0xf0, 0x8f
	.byte 0x04, 0x21, 0xd8, 0x12, 0x8f, 0x06, 0x23, 0xd9
	.byte 0x12, 0x1d, 0x2e, 0x6b, 0xf0, 0x1d, 0x97, 0x71
	.byte 0xf0, 0xcf, 0xcf, 0x08, 0x63, 0x3c, 0xbf, 0x02
	.byte 0x31, 0xd8, 0xa8, 0x1d, 0x3b, 0x6b, 0xf0, 0x8f
	.byte 0x02, 0x21, 0xc9, 0xcc, 0x0f, 0xc9, 0xcf, 0x0b
	.byte 0x63, 0x0f, 0x8f, 0x02, 0x3c, 0xf0, 0x8f, 0x02
	.byte 0x23, 0xd9, 0x12, 0xd8, 0xa8, 0x1d, 0x2e, 0x6b
	.byte 0xf0, 0x0b, 0x3a, 0x00, 0x1d, 0x6a, 0xee, 0xf0
	.byte 0xef, 0x62, 0xd8, 0xa8, 0x1d, 0x8c, 0x71, 0xf0
	.byte 0x1d, 0x91, 0x71, 0xf0, 0xd8, 0xa8, 0x1d, 0x0d
	.byte 0x99, 0xf0, 0xd7, 0xfa, 0x05, 0xbf, 0x0a, 0x37
	.byte 0x0e, 0xbf, 0xec, 0x37, 0xbf, 0x12, 0x30, 0x1d
	.byte 0x87, 0x71, 0xf0, 0x8f, 0x12, 0x3f, 0x00, 0x6e
	.byte 0x12, 0x0b, 0x3d, 0x00, 0xd8, 0xa8, 0xd9, 0xa8
	.byte 0x32, 0x0d, 0x00, 0x1d, 0xdf, 0x63, 0xf0, 0xd8
	.byte 0xa9, 0x68, 0x2f, 0xb7, 0x30, 0x1d, 0xc6, 0x71
	.byte 0xf0, 0xb7, 0x31, 0xe9, 0x88, 0xb9, 0x0d, 0x32
	.byte 0x80, 0x3f, 0x7f, 0x63, 0x03, 0xb0, 0x00, 0x20
	.byte 0xe8, 0x61, 0xea, 0xf0, 0x67, 0xf2, 0xd8, 0xa9
	.byte 0x32, 0x0d, 0x00, 0x1d, 0x13, 0x72, 0xf0, 0x0b
	.byte 0x3d, 0x00, 0x1d, 0x6a, 0xee, 0xf0, 0xef, 0x62
	.byte 0xd8, 0xa8, 0x1d, 0x8c, 0x71, 0xf0, 0xbf, 0x14
	.byte 0x37, 0x0e, 0xd8, 0xa8, 0x1d, 0x8c, 0x71, 0xf0
	.byte 0x1b, 0x91, 0x71, 0xf0, 0x0e, 0xd8, 0xa8, 0x1d
	.byte 0x8c, 0x71, 0xf0, 0x1b, 0x91, 0x71, 0xf0, 0x0e
	.byte 0xd8, 0xa8, 0x1d, 0x8c, 0x71, 0xf0, 0x1b, 0x91
	.byte 0x71, 0xf0, 0x0e, 0xd8, 0xa8, 0x1d, 0x8c, 0x71
	.byte 0xf0, 0x1b, 0x91, 0x71, 0xf0, 0x0e, 0xd8, 0xa8
	.byte 0x1d, 0x8c, 0x71, 0xf0, 0x1b, 0x91, 0x71, 0xf0
	.byte 0x0e, 0xd8, 0xa8, 0x1d, 0x8c, 0x71, 0xf0, 0x1b
	.byte 0x91, 0x71, 0xf0, 0x0e, 0xd8, 0xa8, 0x1d, 0x8c
	.byte 0x71, 0xf0, 0x1b, 0x91, 0x71, 0xf0, 0x0e, 0xd8
	.byte 0xa8, 0x1d, 0x8c, 0x71, 0xf0, 0x1b, 0x91, 0x71
	.byte 0xf0, 0x0e, 0xd8, 0xa8, 0x1d, 0x8c, 0x71, 0xf0
	.byte 0x1b, 0x91, 0x71, 0xf0, 0x0e, 0xd8, 0xa8, 0x1d
	.byte 0x8c, 0x71, 0xf0, 0x1b, 0x91, 0x71, 0xf0, 0x0e
	.byte 0xd8, 0xa8, 0x1d, 0x8c, 0x71, 0xf0, 0x1b, 0x91
	.byte 0x71, 0xf0, 0x0e, 0xd8, 0xa8, 0x1d, 0x8c, 0x71
	.byte 0xf0, 0x1b, 0x91, 0x71, 0xf0, 0x0e, 0xd8, 0xa8
	.byte 0x1d, 0x8c, 0x71, 0xf0, 0x1b, 0x91, 0x71, 0xf0
	.byte 0x0e, 0xd8, 0xa8, 0x1d, 0x8c, 0x71, 0xf0, 0x1b
	.byte 0x91, 0x71, 0xf0, 0x0e, 0xd8, 0xa8, 0x1d, 0x8c
	.byte 0x71, 0xf0, 0x1b, 0x91, 0x71, 0xf0, 0x0e, 0xd8
	.byte 0xa8, 0x1d, 0x8c, 0x71, 0xf0, 0x1b, 0x91, 0x71
	.byte 0xf0, 0x0e, 0xd8, 0xa8, 0x1d, 0x8c, 0x71, 0xf0
	.byte 0x1b, 0x91, 0x71, 0xf0, 0x0e, 0xd8, 0xa8, 0x1d
	.byte 0x8c, 0x71, 0xf0, 0x1b, 0x91, 0x71, 0xf0, 0x0e
	.byte 0xd8, 0xa8, 0x1d, 0x8c, 0x71, 0xf0, 0x1b, 0x91
	.byte 0x71, 0xf0, 0x0e, 0xd8, 0xa8, 0x1d, 0x8c, 0x71
	.byte 0xf0, 0x1b, 0x91, 0x71, 0xf0, 0x0e, 0xd8, 0xa8
	.byte 0x1d, 0x8c, 0x71, 0xf0, 0x1b, 0x91, 0x71, 0xf0
	.byte 0x0e, 0xd8, 0xa8, 0x1d, 0x8c, 0x71, 0xf0, 0x1b
	.byte 0x91, 0x71, 0xf0, 0x0e, 0xd8, 0xa8, 0x1d, 0x8c
	.byte 0x71, 0xf0, 0x1b, 0x91, 0x71, 0xf0, 0x0e, 0xd8
	.byte 0xa8, 0x1d, 0x8c, 0x71, 0xf0, 0x1b, 0x91, 0x71
	.byte 0xf0, 0x0e, 0xd8, 0xa8, 0x1d, 0x8c, 0x71, 0xf0
	.byte 0x1b, 0x91, 0x71, 0xf0, 0x0e, 0xd8, 0xa8, 0x1d
	.byte 0x8c, 0x71, 0xf0, 0x1b, 0x91, 0x71, 0xf0, 0x0e
	.byte 0xd8, 0xa8, 0x1d, 0x8c, 0x71, 0xf0, 0x1b, 0x91
	.byte 0x71, 0xf0, 0x0e, 0xd8, 0xa8, 0x1d, 0x8c, 0x71
	.byte 0xf0, 0x1b, 0x91, 0x71, 0xf0, 0x0e, 0x0e, 0x0e
	.byte 0x0e, 0x0e, 0xd8, 0xa8, 0x1d, 0x8c, 0x71, 0xf0
	.byte 0x1b, 0x91, 0x71, 0xf0, 0x0e, 0xd8, 0xa8, 0x1d
	.byte 0x8c, 0x71, 0xf0, 0x1b, 0x91, 0x71, 0xf0, 0x0e
	.byte 0xd8, 0xa8, 0x1d, 0x8c, 0x71, 0xf0, 0x1b, 0x91
	.byte 0x71, 0xf0, 0x0e, 0xef, 0x6c, 0xbf, 0x02, 0x32
	.byte 0xb7, 0x33, 0x3b, 0x1d, 0x33, 0x73, 0xf0, 0xdb
	.byte 0xcf, 0xff, 0xff, 0x66, 0x19, 0x87, 0x21, 0xd8
	.byte 0x12, 0x8f, 0x02, 0x23, 0xd9, 0x12, 0xd9, 0xec
	.byte 0x02, 0xf2, 0x4d, 0xe3, 0xe0, 0x32, 0xe9, 0x13
	.byte 0xea, 0x81, 0xa1, 0x23, 0xb3, 0xe8, 0xef, 0x64
	.byte 0x0e, 0xef, 0x6c, 0xbf, 0x02, 0x32, 0xb7, 0x33
	.byte 0x3b, 0x1d, 0x33, 0x73, 0xf0, 0xdb, 0xcf, 0xff
	.byte 0xff, 0x66, 0x19, 0x87, 0x21, 0xd8, 0x12, 0x8f
	.byte 0x02, 0x23, 0xd9, 0x12, 0xd9, 0xec, 0x02, 0xf2
	.byte 0x95, 0xe3, 0xe0, 0x32, 0xe9, 0x13, 0xea, 0x81
	.byte 0xa1, 0x23, 0xb3, 0xe8, 0xef, 0x64, 0x0e, 0xd8
	.byte 0x12, 0xd9, 0xaa, 0x1b, 0xb4, 0x7f, 0xf0, 0xd8
	.byte 0x12, 0x1b, 0x89, 0x80, 0xf0, 0xc9, 0x8b, 0xd9
	.byte 0x12, 0xd8, 0xa9, 0x1b, 0xb5, 0x80, 0xf0, 0xc9
	.byte 0x8b, 0xd9, 0x12, 0xd8, 0xaa, 0x1b, 0xb5, 0x80
	.byte 0xf0, 0xef, 0x6c, 0xbf, 0x02, 0x41, 0xb7, 0x30
	.byte 0x1d, 0xab, 0x95, 0xf0, 0x87, 0x3f, 0x01, 0x66
	.byte 0x0b, 0x8f, 0x02, 0x23, 0xd9, 0x12, 0xd8, 0xab
	.byte 0x1d, 0xb5, 0x80, 0xf0, 0xef, 0x64, 0x0e, 0xef
	.byte 0x6c, 0xbf, 0x02, 0x41, 0xb7, 0x30, 0x1d, 0xab
	.byte 0x95, 0xf0, 0x87, 0x3f, 0x01, 0x66, 0x0b, 0x8f
	.byte 0x02, 0x23, 0xd9, 0x12, 0xd8, 0xac, 0x1d, 0xb5
	.byte 0x80, 0xf0, 0xef, 0x64, 0x0e, 0xef, 0x6c, 0xbf
	.byte 0x02, 0x41, 0xb7, 0x31, 0xd8, 0xa8, 0x1d, 0x3b
	.byte 0x6b, 0xf0, 0x8f, 0x02, 0x3f, 0x00, 0x6e, 0x09
	.byte 0x87, 0x3f, 0x02, 0x66, 0x18, 0xd8, 0xaa, 0x68
	.byte 0x07, 0x87, 0x3f, 0x01, 0x66, 0x0f, 0xd8, 0xa9
	.byte 0x1d, 0x6c, 0x6e, 0xf0, 0x30, 0x3b, 0x00, 0xd9
	.byte 0xa9, 0x1d, 0x70, 0x61, 0xf0, 0xef, 0x64, 0x0e
	.byte 0xef, 0x6c, 0xbf, 0x02, 0x41, 0xb7, 0x31, 0xd8
	.byte 0xa8, 0x1d, 0x3b, 0x6b, 0xf0, 0x8f, 0x02, 0x3f
	.byte 0x00, 0x6e, 0x09, 0x87, 0x3f, 0x06, 0x66, 0x18
	.byte 0xd8, 0xae, 0x68, 0x07, 0x87, 0x3f, 0x05, 0x66
	.byte 0x0f, 0xd8, 0xad, 0x1d, 0x6c, 0x6e, 0xf0, 0x30
	.byte 0x3b, 0x00, 0xd9, 0xa9, 0x1d, 0x70, 0x61, 0xf0
	.byte 0xef, 0x64, 0x0e, 0xef, 0x6c, 0xbf, 0x02, 0x41
	.byte 0xb7, 0x30, 0x1d, 0xab, 0x95, 0xf0, 0x87, 0x3f
	.byte 0x01, 0x66, 0x0f, 0x8f, 0x02, 0x3f, 0x00, 0x6e
	.byte 0x09, 0x30, 0x3c, 0x00, 0xd9, 0xa8, 0x1d, 0x70
	.byte 0x61, 0xf0, 0xef, 0x64, 0x0e, 0xef, 0x6c, 0xbf
	.byte 0x02, 0x41, 0xb7, 0x30, 0x1d, 0xab, 0x95, 0xf0
	.byte 0x8f, 0x02, 0x3f, 0x00, 0x6e, 0x15, 0x87, 0x3f
	.byte 0x00, 0x6e, 0x07, 0x30, 0x20, 0x00, 0xd9, 0xa8
	.byte 0x68, 0x05, 0x30, 0x3d, 0x00, 0xd9, 0xa8, 0x1d
	.byte 0x70, 0x61, 0xf0, 0xef, 0x64, 0x0e, 0xbf, 0xf2
	.byte 0x37, 0xbf, 0x0c, 0x41, 0xb7, 0x31, 0xd8, 0xa8
	.byte 0x1d, 0x3b, 0x6b, 0xf0, 0xb7, 0x31, 0xb9, 0x06
	.byte 0x00, 0x01, 0xb9, 0x07, 0x00, 0x04, 0xb9, 0x08
	.byte 0x00, 0x01, 0xb9, 0x09, 0x00, 0x00, 0x8f, 0x0c
	.byte 0x21, 0xd8, 0x12, 0xb9, 0x0a, 0x31, 0x1d, 0xbc
	.byte 0x74, 0xf0, 0x0b, 0x10, 0x00, 0xbf, 0x02, 0x30
	.byte 0x38, 0x30, 0x3c, 0x00, 0xd9, 0xa8, 0xda, 0xa8
	.byte 0x1d, 0x37, 0x6f, 0xf0, 0xd8, 0xab, 0x1d, 0x99
	.byte 0x74, 0xf0, 0xbf, 0x0e, 0x37, 0x0e, 0xbf, 0xf2
	.byte 0x37, 0xbf, 0x0c, 0x41, 0xb7, 0x31, 0xd8, 0xa8
	.byte 0x1d, 0x3b, 0x6b, 0xf0, 0xb7, 0x31, 0xb9, 0x06
	.byte 0x00, 0x01, 0xb9, 0x07, 0x00, 0x05, 0xb9, 0x08
	.byte 0x00, 0x01, 0xb9, 0x09, 0x00, 0x00, 0x8f, 0x0c
	.byte 0x21, 0xd8, 0x12, 0xb9, 0x0a, 0x31, 0x1d, 0xbc
	.byte 0x74, 0xf0, 0x0b, 0x10, 0x00, 0xbf, 0x02, 0x30
	.byte 0x38, 0x30, 0x3c, 0x00, 0xd9, 0xa8, 0xda, 0xa8
	.byte 0x1d, 0x37, 0x6f, 0xf0, 0xd8, 0xae, 0x1d, 0x99
	.byte 0x74, 0xf0, 0xbf, 0x0e, 0x37, 0x0e, 0xc9, 0xd8
	.byte 0xb0, 0xf6, 0x30, 0x3b, 0x00, 0xd9, 0xa8, 0x1d
	.byte 0x70, 0x61, 0xf0, 0x0e, 0xc9, 0xd8, 0xb0, 0xfe
	.byte 0x30, 0x20, 0x00, 0xd9, 0xa8, 0x1d, 0x70, 0x61
	.byte 0xf0, 0x0e, 0xbf, 0xf4, 0x37, 0x2e, 0xbf, 0x0c
	.byte 0x51, 0xd8, 0x8e, 0xbf, 0x06, 0x30, 0x1d, 0x69
	.byte 0x97, 0xf0, 0x8f, 0x06, 0x3f, 0x00, 0x6e, 0x0d
	.byte 0xbf, 0x02, 0x30, 0x1d, 0x12, 0x99, 0xf0, 0x8f
	.byte 0x02, 0x3f, 0x00, 0x6e, 0x50, 0xbf, 0x0a, 0x32
	.byte 0xbf, 0x08, 0x30, 0x38, 0xde, 0x88, 0x9f, 0x10
	.byte 0x21, 0x1d, 0x33, 0x73, 0xf0, 0xdb, 0xcf, 0xff
	.byte 0xff, 0x66, 0x3a, 0x1d, 0xd7, 0x98, 0xf0, 0xcf
	.byte 0xd8, 0x66, 0x0f, 0xbf, 0x04, 0x30, 0x1d, 0x1c
	.byte 0x99, 0xf0, 0x8f, 0x0a, 0x21, 0x8f, 0x04, 0xf1
	.byte 0x6e, 0x23, 0x8f, 0x0a, 0x21, 0xd8, 0x12, 0x1d
	.byte 0x17, 0x99, 0xf0, 0x8f, 0x08, 0x21, 0xd8, 0x12
	.byte 0x8f, 0x0a, 0x23, 0xd9, 0x12, 0xd9, 0xec, 0x02
	.byte 0xf2, 0xdd, 0xe3, 0xe0, 0x32, 0xe9, 0x13, 0xea
	.byte 0x81, 0xa1, 0x23, 0xb3, 0xe8, 0x4e, 0xbf, 0x0c
	.byte 0x37, 0x0e, 0xef, 0x6e, 0xd7, 0xfa, 0x04, 0xbf
	.byte 0x06, 0x41, 0xbf, 0x02, 0x30, 0x1d, 0xab, 0x95
	.byte 0xf0, 0x8f, 0x02, 0x3f, 0x00, 0x66, 0x51, 0xbf
	.byte 0x02, 0x30, 0x1d, 0x69, 0x97, 0xf0, 0x8f, 0x02
	.byte 0x3f, 0x01, 0x66, 0x44, 0x8f, 0x06, 0x21, 0xc9
	.byte 0x30, 0x07, 0xc7, 0xfb, 0x99, 0xbf, 0x04, 0x31
	.byte 0xd8, 0xa8, 0x1d, 0x3b, 0x6b, 0xf0, 0x8f, 0x04
	.byte 0x21, 0xd8, 0x12, 0x1d, 0x0b, 0x6b, 0xf0, 0x8f
	.byte 0x04, 0x21, 0xd8, 0x12, 0xdb, 0xd8, 0x66, 0x09
	.byte 0xc7, 0xfb, 0xd8, 0x66, 0x1b, 0xd9, 0xa8, 0x68
	.byte 0x07, 0xc7, 0xfb, 0xd8, 0x6e, 0x12, 0xd9, 0xa9
	.byte 0x1d, 0xa5, 0x6a, 0xf0, 0x0b, 0x02, 0x00, 0x0b
	.byte 0x20, 0x00, 0x1d, 0x5b, 0xef, 0xf0, 0xef, 0x64
	.byte 0xd7, 0xfa, 0x05, 0xef, 0x66, 0x0e, 0xbf, 0xf4
	.byte 0x37, 0xbf, 0x0a, 0x41, 0xbf, 0x06, 0x30, 0x1d
	.byte 0xab, 0x95, 0xf0, 0x8f, 0x06, 0x3f, 0x00, 0x66
	.byte 0x75, 0xbf, 0x06, 0x30, 0x1d, 0x69, 0x97, 0xf0
	.byte 0x8f, 0x06, 0x3f, 0x01, 0x66, 0x68, 0xb7, 0x31
	.byte 0xd8, 0xa8, 0x1d, 0x3b, 0x6b, 0xf0, 0x87, 0x23
	.byte 0xd9, 0x12, 0xbf, 0x04, 0x32, 0xd8, 0xab, 0x1d
	.byte 0x67, 0x95, 0xf0, 0xbf, 0x02, 0x30, 0x1d, 0xf0
	.byte 0x92, 0xf0, 0x8f, 0x0a, 0x21, 0xc9, 0x30, 0x07
	.byte 0xc9, 0xd8, 0x6e, 0x0f, 0x8f, 0x02, 0x21, 0xc9
	.byte 0x69, 0x8f, 0x04, 0xf9, 0x6f, 0x38, 0x8f, 0x04
	.byte 0x61, 0x68, 0x09, 0x8f, 0x04, 0x3f, 0x00, 0x66
	.byte 0x2d, 0x8f, 0x04, 0x69, 0x8f, 0x04, 0x23, 0xd9
	.byte 0x12, 0xbf, 0x08, 0x32, 0xd8, 0xab, 0x1d, 0x14
	.byte 0x95, 0xf0, 0x87, 0x21, 0xd8, 0x12, 0x9f, 0x08
	.byte 0x21, 0x1d, 0x8f, 0x64, 0xf0, 0x87, 0x21, 0xd8
	.byte 0x12, 0x31, 0x10, 0x00, 0x1d, 0xd6, 0x62, 0xf0
	.byte 0xd8, 0xaa, 0x1d, 0x99, 0x74, 0xf0, 0xbf, 0x0c
	.byte 0x37, 0x0e, 0xbf, 0xf6, 0x37, 0xbf, 0x08, 0x41
	.byte 0xbf, 0x06, 0x30, 0x1d, 0xab, 0x95, 0xf0, 0x8f
	.byte 0x06, 0x3f, 0x00, 0x66, 0x68, 0xbf, 0x06, 0x30
	.byte 0x1d, 0x69, 0x97, 0xf0, 0x8f, 0x06, 0x3f, 0x01
	.byte 0x66, 0x5b, 0xbf, 0x04, 0x31, 0xd8, 0xa8, 0x1d
	.byte 0x3b, 0x6b, 0xf0, 0x8f, 0x04, 0x21, 0xd8, 0x12
	.byte 0xbf, 0x02, 0x31, 0x1d, 0xcf, 0x92, 0xf0, 0xb7
	.byte 0x30, 0x1d, 0xe6, 0x92, 0xf0, 0x8f, 0x08, 0x21
	.byte 0xc9, 0x30, 0x07, 0xc9, 0xd8, 0x6e, 0x0e, 0x97
	.byte 0x20, 0xd8, 0x69, 0x9f, 0x02, 0xf8, 0x6f, 0x2d
	.byte 0x9f, 0x02, 0x61, 0x68, 0x0a, 0x9f, 0x02, 0x3f
	.byte 0x00, 0x00, 0x66, 0x21, 0x9f, 0x02, 0x69, 0x8f
	.byte 0x04, 0x21, 0xd8, 0x12, 0x9f, 0x02, 0x21, 0x1d
	.byte 0x8f, 0x64, 0xf0, 0x8f, 0x04, 0x21, 0xd8, 0x12
	.byte 0x31, 0x10, 0x00, 0x1d, 0xd6, 0x62, 0xf0, 0xd8
	.byte 0xab, 0x1d, 0x99, 0x74, 0xf0, 0xbf, 0x0a, 0x37
	.byte 0x0e, 0xbf, 0xee, 0x37, 0xd7, 0xfa, 0x04, 0xbf
	.byte 0x12, 0x41, 0xbf, 0x0e, 0x30, 0x1d, 0xab, 0x95
	.byte 0xf0, 0x8f, 0x0e, 0x3f, 0x00, 0x76, 0x85, 0x00
	.byte 0xbf, 0x0e, 0x30, 0x1d, 0x69, 0x97, 0xf0, 0x8f
	.byte 0x0e, 0x3f, 0x01, 0x66, 0x78, 0xbf, 0x10, 0x31
	.byte 0xd8, 0xa8, 0x1d, 0x3b, 0x6b, 0xf0, 0x8f, 0x10
	.byte 0x21, 0xc9, 0x62, 0xc7, 0xfb, 0x99, 0xd8, 0x12
	.byte 0xbf, 0x02, 0x31, 0x1d, 0x3b, 0x6b, 0xf0, 0xbf
	.byte 0x02, 0x31, 0xb9, 0x06, 0x00, 0x7f, 0xb9, 0x07
	.byte 0x00, 0x00, 0xb9, 0x08, 0x00, 0x7f, 0xb9, 0x09
	.byte 0x00, 0x00, 0x8f, 0x12, 0x21, 0xd8, 0x12, 0xb9
	.byte 0x0a, 0x31, 0x1d, 0xbc, 0x74, 0xf0, 0xc7, 0xfb
	.byte 0x8b, 0xd9, 0x12, 0x8f, 0x10, 0x21, 0xc9, 0x69
	.byte 0xd8, 0x12, 0xd8, 0x09, 0x15, 0x00, 0xe8, 0x12
	.byte 0xb8, 0x10, 0x30, 0xe8, 0x65, 0xd8, 0x12, 0x28
	.byte 0xbf, 0x04
	.asciz "080 "
	.byte 0xda
	.byte 0xa8, 0x1d, 0x37, 0x6f, 0xf0, 0xcf, 0xd9, 0x6e
	.byte 0x0e, 0x8f, 0x10, 0x21, 0xd8, 0x12, 0x8f, 0x05
	.byte 0x23, 0xd9, 0x12, 0x1d, 0xe0, 0x98, 0xf0, 0xd8
	.byte 0xac, 0x1d, 0x99, 0x74, 0xf0, 0xd7, 0xfa, 0x05
	.byte 0xbf, 0x12, 0x37, 0x0e, 0xbf, 0xee, 0x37, 0xd7
	.byte 0xfa, 0x04, 0xbf, 0x12, 0x41, 0xbf, 0x0e, 0x30
	.byte 0x1d, 0xab, 0x95, 0xf0, 0x8f, 0x0e, 0x3f, 0x00
	.byte 0x66, 0x73, 0xbf, 0x0e, 0x30, 0x1d, 0x69, 0x97
	.byte 0xf0, 0x8f, 0x0e, 0x3f, 0x01, 0x66, 0x66, 0xbf
	.byte 0x10, 0x31, 0xd8, 0xa8, 0x1d, 0x3b, 0x6b, 0xf0
	.byte 0x8f, 0x10, 0x21, 0xc9, 0x64, 0xc7, 0xfb, 0x99
	.byte 0xd8, 0x12, 0xbf, 0x02, 0x31, 0x1d, 0x3b, 0x6b
	.byte 0xf0, 0xbf, 0x02, 0x31, 0xb9, 0x06, 0x00, 0xff
	.byte 0xb9, 0x07, 0x00, 0x00, 0xb9, 0x08, 0x00, 0x32
	.byte 0xb9, 0x09, 0x00, 0xce, 0x8f, 0x12, 0x21, 0xd8
	.byte 0x12, 0xb9, 0x0a, 0x31, 0x1d, 0xbc, 0x74, 0xf0
	.byte 0xc7, 0xfb, 0x8b, 0xd9, 0x12, 0x8f, 0x10, 0x21
	.byte 0xc9, 0x69, 0xd8, 0x12, 0xd8, 0x09, 0x15, 0x00
	.byte 0xe8, 0x12, 0xb8, 0x10, 0x30, 0xe8, 0x63, 0xd8
	.byte 0x12, 0x28, 0xbf, 0x04
	.asciz "080 "
	.byte 0xda, 0xa8, 0x1d, 0x37, 0x6f, 0xf0, 0xd8
	.byte 0xad, 0x1d, 0x99, 0x74, 0xf0, 0xd7, 0xfa, 0x05
	.byte 0xbf, 0x12, 0x37, 0x0e, 0xbf, 0xee, 0x37, 0xd7
	.byte 0xfa, 0x04, 0xbf, 0x12, 0x41, 0xbf, 0x0e, 0x30
	.byte 0x1d, 0xab, 0x95, 0xf0, 0x8f, 0x0e, 0x3f, 0x00
	.byte 0x66, 0x73, 0xbf, 0x0e, 0x30, 0x1d, 0x69, 0x97
	.byte 0xf0, 0x8f, 0x0e, 0x3f, 0x01, 0x66, 0x66, 0xbf
	.byte 0x10, 0x31, 0xd8, 0xa8, 0x1d, 0x3b, 0x6b, 0xf0
	.byte 0x8f, 0x10, 0x21, 0xc9, 0x66, 0xc7, 0xfb, 0x99
	.byte 0xd8, 0x12, 0xbf, 0x02, 0x31, 0x1d, 0x3b, 0x6b
	.byte 0xf0, 0xbf, 0x02, 0x31, 0xb9, 0x06, 0x00, 0xff
	.byte 0xb9, 0x07, 0x00, 0x00, 0xb9, 0x08, 0x00, 0x32
	.byte 0xb9, 0x09, 0x00, 0xce, 0x8f, 0x12, 0x21, 0xd8
	.byte 0x12, 0xb9, 0x0a, 0x31, 0x1d, 0xbc, 0x74, 0xf0
	.byte 0xc7, 0xfb, 0x8b, 0xd9, 0x12, 0x8f, 0x10, 0x21
	.byte 0xc9, 0x69, 0xd8, 0x12, 0xd8, 0x09, 0x15, 0x00
	.byte 0xe8, 0x12, 0xb8, 0x10, 0x30, 0xe8, 0x64, 0xd8
	.byte 0x12, 0x28, 0xbf, 0x04
	.asciz "080 "
	.byte 0xda, 0xa8, 0x1d, 0x37, 0x6f, 0xf0, 0xd8
	.byte 0xae, 0x1d, 0x99, 0x74, 0xf0, 0xd7, 0xfa, 0x05
	.byte 0xbf, 0x12, 0x37, 0x0e, 0xbf, 0xf6, 0x37, 0xd7
	.byte 0xfa, 0x04, 0xbf, 0x0a, 0x41, 0xbf, 0x04, 0x30
	.byte 0x1d, 0xab, 0x95, 0xf0, 0x8f, 0x04, 0x3f, 0x00
	.byte 0x76, 0xc7, 0x00, 0xbf, 0x04, 0x30, 0x1d, 0x69
	.byte 0x97, 0xf0, 0x8f, 0x04, 0x3f, 0x01, 0x76, 0xb9
	.byte 0x00, 0xbf, 0x08, 0x31, 0xd8, 0xa8, 0x1d, 0x3b
	.byte 0x6b, 0xf0, 0x8f, 0x08, 0x21, 0xc9, 0x60, 0xc7
	.byte 0xfa, 0x99, 0x8f, 0x0a, 0x21, 0xd8, 0x12, 0xbf
	.byte 0x02, 0x31, 0x1d, 0xbc, 0x74, 0xf0, 0x8f, 0x0a
	.byte 0x21, 0xc9, 0x30, 0x07, 0xc7, 0xfb, 0x99, 0xc7
	.byte 0xfa, 0x89, 0xd8, 0x12, 0xbf, 0x06, 0x31, 0x1d
	.byte 0x3b, 0x6b, 0xf0, 0xbf, 0x06, 0xb7, 0xc7, 0xfb
	.byte 0xd8, 0x6e, 0x18, 0x8f, 0x06, 0x3f, 0x7f, 0x6f
	.byte 0x79, 0x8f, 0x02, 0x21, 0x8f, 0x06, 0x89, 0x8f
	.byte 0x06, 0x3f, 0x7f, 0x67, 0x1d, 0xbf, 0x06, 0x00
	.byte 0x7f, 0x68, 0x17, 0x8f, 0x06, 0x3f, 0x00, 0x66
	.byte 0x61, 0x8f, 0x06, 0x21, 0x8f, 0x02, 0x81, 0xbf
	.byte 0x06, 0x41, 0xc9, 0xd8, 0x69, 0x04, 0xbf, 0x06
	.byte 0x00, 0x00, 0xc7, 0xfa, 0x89, 0xd8, 0x12, 0x8f
	.byte 0x06, 0x23, 0xd9, 0x12, 0x1d, 0x2e, 0x6b, 0xf0
	.byte 0x8f, 0x08, 0x21, 0xc9, 0x69, 0xd8, 0x12, 0xd8
	.byte 0x09, 0x15, 0x00, 0xe8, 0x12, 0xb8, 0x10, 0x30
	.byte 0xc9, 0x8b, 0xbf, 0x06, 0x32, 0x0b, 0x7f, 0x00
	.byte 0xd8, 0xa8, 0x1d, 0x1c, 0x66, 0xf0, 0x8f, 0x08
	.byte 0x21, 0xd8, 0x12, 0x1d, 0x8b, 0x75, 0xf0, 0x8f
	.byte 0x08, 0x21, 0xc9, 0xc8, 0x0c, 0xc7, 0xfa, 0x99
	.byte 0xd8, 0x12, 0x28, 0x0b, 0x20, 0x00, 0x1d, 0x5b
	.byte 0xef, 0xf0, 0xef, 0x64, 0xd8, 0xaf, 0x1d, 0x99
	.byte 0x74, 0xf0, 0xd7, 0xfa, 0x05, 0xbf, 0x0a, 0x37
	.byte 0x0e, 0xbf, 0xf0, 0x37, 0xbf, 0x0e, 0x41, 0xbf
	.byte 0x0c, 0x30, 0x1d, 0xab, 0x95, 0xf0, 0x8f, 0x0c
	.byte 0x3f, 0x00, 0x66, 0x4e, 0xbf, 0x0c, 0x30, 0x1d
	.byte 0x69, 0x97, 0xf0, 0x8f, 0x0c, 0x3f, 0x01, 0x66
	.byte 0x41, 0xb7, 0x31, 0x30, 0x0b, 0x00, 0x1d, 0x3b
	.byte 0x6b, 0xf0, 0xb7, 0x31, 0xb9, 0x06, 0x00, 0x7f
	.byte 0xb9, 0x07, 0x00, 0x00, 0xb9, 0x08, 0x00, 0x7f
	.byte 0xb9, 0x09, 0x00, 0x00, 0x8f, 0x0e, 0x21, 0xd8
	.byte 0x12, 0xb9, 0x0a, 0x31, 0x1d, 0xbc, 0x74, 0xf0
	.byte 0x0b, 0x0f, 0x00, 0xbf, 0x02, 0x30, 0x38, 0x30
	.byte 0x20, 0x00, 0x31, 0x0b, 0x00, 0xda, 0xa8, 0x1d
	.byte 0x37, 0x6f, 0xf0, 0x30, 0x08, 0x00, 0x1d, 0x99
	.byte 0x74, 0xf0, 0xbf, 0x10, 0x37, 0x0e, 0xbf, 0xf6
	.byte 0x37, 0xbf, 0x08, 0x41, 0xbf, 0x02, 0x30, 0x1d
	.byte 0xab, 0x95, 0xf0, 0x8f, 0x02, 0x3f, 0x00, 0x6e
	.byte 0x33, 0x8f, 0x08, 0x3f, 0x00, 0x6e, 0x1c, 0xb7
	.byte 0x31, 0xd8, 0xa9, 0x1d, 0x3b, 0x6b, 0xf0, 0x87
	.byte 0x3f, 0x00, 0xc9, 0x76, 0xd8, 0x12, 0x1d, 0x93
	.byte 0x66, 0xf0, 0x30, 0x10, 0x00, 0x1d, 0x54, 0x64
	.byte 0xf0, 0x68, 0x53, 0xd8, 0xa8, 0x1d, 0x64, 0x97
	.byte 0xf0, 0x30, 0x3e, 0x00, 0xd9, 0xa8, 0x1d, 0x70
	.byte 0x61, 0xf0, 0x68, 0x42, 0xbf, 0x02, 0x30, 0x1d
	.byte 0x69, 0x97, 0xf0, 0x8f, 0x02, 0x3f, 0x01, 0x66
	.byte 0x35, 0x8f, 0x08, 0x3f, 0x00, 0x6e, 0x2f, 0xbf
	.byte 0x06, 0x30, 0x1d, 0xba, 0x95, 0xf0, 0xbf, 0x04
	.byte 0x30, 0x1d, 0xc4, 0x95, 0xf0, 0x9f, 0x04, 0x20
	.byte 0xd8, 0x69, 0x9f, 0x06, 0xf8, 0x6f, 0x17, 0x9f
	.byte 0x06, 0x61, 0x9f, 0x06, 0x20, 0x1d, 0xc5, 0x65
	.byte 0xf0, 0x30, 0x20, 0x00, 0xd9, 0xa8, 0x1d, 0x70
	.byte 0x61, 0xf0, 0x1d, 0xd1, 0x98, 0xf0, 0xbf, 0x0a
	.byte 0x37, 0x0e, 0xef, 0x6e, 0xbf, 0x04, 0x41, 0xb7
	.byte 0x30, 0x1d, 0xab, 0x95, 0xf0, 0x87, 0x3f, 0x00
	.byte 0x6e, 0x14, 0x8f, 0x04, 0x3f, 0x00, 0x6e, 0x07
	.byte 0x30, 0x21, 0x00, 0xd9, 0xa8, 0x68, 0x23, 0x30
	.byte 0x22, 0x00, 0xd9, 0xa8, 0x68, 0x1c, 0xb7, 0x30
	.byte 0x1d, 0x69, 0x97, 0xf0, 0x87, 0x3f, 0x01, 0x6e
	.byte 0x17, 0x8f, 0x04, 0x3f, 0x00, 0x6e, 0x0f, 0xd8
	.byte 0xa8, 0x1d, 0x6e, 0x97, 0xf0, 0x30, 0x20, 0x00
	.byte 0xd9, 0xa9, 0x1d, 0x70, 0x61, 0xf0, 0x68, 0x2b
	.byte 0x8f, 0x04, 0x3f, 0x00, 0x6e, 0x25, 0xbf, 0x02
	.byte 0x30, 0x1d, 0xba, 0x95, 0xf0, 0x9f, 0x02, 0x3f
	.byte 0x00, 0x00, 0x66, 0x17, 0x9f, 0x02, 0x69, 0x9f
	.byte 0x02, 0x20, 0x1d, 0xc5, 0x65, 0xf0, 0x30, 0x20
	.byte 0x00, 0xd9, 0xa8, 0x1d, 0x70, 0x61, 0xf0, 0x1d
	.byte 0xd1, 0x98, 0xf0, 0xef, 0x66, 0x0e, 0xef, 0x6e
	.byte 0xbf, 0x04, 0x41, 0xbf, 0x02, 0x30, 0x1d, 0xab
	.byte 0x95, 0xf0, 0x8f, 0x02, 0x3f, 0x00, 0x6e, 0x18
	.byte 0x8f, 0x04, 0x3f, 0x00, 0x6e, 0x07, 0x30, 0x24
	.byte 0x00, 0xd9, 0xa8, 0x68, 0x05, 0x30, 0x2b, 0x00
	.byte 0xd9, 0xa8, 0x1d, 0x70, 0x61, 0xf0, 0x68, 0x54
	.byte 0xbf, 0x02, 0x30, 0x1d, 0x69, 0x97, 0xf0, 0x8f
	.byte 0x02, 0x3f, 0x01, 0x6e, 0x1a, 0x8f, 0x04, 0x3f
	.byte 0x00, 0x6e, 0x12, 0xd8, 0xa8, 0x1d, 0x8c, 0x71
	.byte 0xf0, 0xd8, 0xa8, 0x1d, 0x6e, 0x97, 0xf0, 0xd8
	.byte 0xaa, 0x1d, 0xa2, 0x61, 0xf0, 0x68, 0x2d, 0x8f
	.byte 0x04, 0x3f, 0x00, 0x66, 0x27, 0xb7, 0x31, 0xd8
	.byte 0xa8, 0x1d, 0x3b, 0x6b, 0xf0, 0x87, 0x3f, 0x01
	.byte 0x66, 0x1a, 0xd8, 0xa8, 0xd9, 0xa9, 0x1d, 0x2e
	.byte 0x6b, 0xf0, 0xd8, 0xa9, 0x1d, 0x27, 0x6a, 0xf0
	.byte 0x0b, 0x00, 0x00, 0x0b, 0x20, 0x00, 0x1d, 0x5b
	.byte 0xef, 0xf0, 0xef, 0x64, 0xef, 0x66, 0x0e, 0xef
	.byte 0x6e, 0xbf, 0x04, 0x41, 0xbf, 0x02, 0x30, 0x1d
	.byte 0xab, 0x95, 0xf0, 0x8f, 0x02, 0x3f, 0x00, 0x6e
	.byte 0x18, 0x8f, 0x04, 0x3f, 0x00, 0x6e, 0x07, 0x30
	.byte 0x3a, 0x00, 0xd9, 0xa8, 0x68, 0x05, 0x30, 0x27
	.byte 0x00, 0xd9, 0xa8, 0x1d, 0x70, 0x61, 0xf0, 0x68
	.byte 0x3a, 0xbf, 0x02, 0x30, 0x1d, 0x69, 0x97, 0xf0
	.byte 0x8f, 0x02, 0x3f, 0x01, 0x66, 0x2d, 0x8f, 0x04
	.byte 0x3f, 0x00, 0x66, 0x27, 0xb7, 0x31, 0xd8, 0xa8
	.byte 0x1d, 0x3b, 0x6b, 0xf0, 0x87, 0x3f, 0x02, 0x66
	.byte 0x1a, 0xd8, 0xa8, 0xd9, 0xaa, 0x1d, 0x2e, 0x6b
	.byte 0xf0, 0xd8, 0xaa, 0x1d, 0x27, 0x6a, 0xf0, 0x0b
	.byte 0x00, 0x00, 0x0b, 0x20, 0x00, 0x1d, 0x5b, 0xef
	.byte 0xf0, 0xef, 0x64, 0xef, 0x66, 0x0e, 0xef, 0x6e
	.byte 0xbf, 0x04, 0x41, 0xbf, 0x02, 0x30, 0x1d, 0xab
	.byte 0x95, 0xf0, 0xbf, 0x02, 0x30, 0x8f, 0x04, 0x3f
	.byte 0x00, 0x6e, 0x20, 0x8f, 0x02, 0x3f, 0x00, 0x6e
	.byte 0x07, 0x30, 0x3b, 0x00, 0xd9, 0xa8, 0x68, 0x1e
	.byte 0x1d, 0x69, 0x97, 0xf0, 0x8f, 0x02, 0x3f, 0x01
	.asciz "fi0="
	.byte 0x1d, 0x11, 0x75
	.byte 0xf0, 0x68, 0x60, 0x8f, 0x02, 0x3f, 0x00, 0x6e
	.byte 0x0b, 0x30, 0x30, 0x00, 0xd9, 0xa8, 0x1d, 0x70
	.byte 0x61, 0xf0, 0x68, 0x4f, 0x1d, 0x69, 0x97, 0xf0
	.byte 0x8f, 0x02, 0x3f, 0x01, 0x66, 0x45, 0x1d, 0xd7
	.byte 0x98, 0xf0, 0xcf, 0xd8, 0x6e, 0x3d, 0xb7, 0x30
	.byte 0x1d, 0xb5, 0x61, 0xf0, 0x87, 0x21, 0xd8, 0x12
	.byte 0xd9, 0xa8, 0xda, 0xa9, 0x1d, 0xfc, 0x65, 0xfe
	.byte 0xcf, 0xcf, 0xff, 0x6e, 0x11, 0x87, 0x21, 0xd8
	.byte 0x12, 0xd9, 0xa9, 0xda, 0xa9, 0x1d, 0xfc, 0x65
	.byte 0xfe, 0xcf, 0xcf, 0xff, 0x66, 0x15, 0xd8, 0xa9
	.byte 0x1d, 0xe2, 0x95, 0xf0, 0x30, 0x20, 0x00, 0xd9
	.byte 0xa8, 0x1d, 0x70, 0x61, 0xf0, 0xd8, 0xa8, 0x1d
	.byte 0x8c, 0x71, 0xf0, 0xef, 0x66, 0x0e, 0xc9, 0xd8
	.byte 0xb0, 0xfe, 0xd8, 0xa8, 0x1d, 0x8c, 0x71, 0xf0
	.byte 0xd8, 0xa8, 0x1d, 0x6e, 0x97, 0xf0, 0xd8, 0xaa
	.byte 0x1d, 0xa2, 0x61, 0xf0, 0x0e, 0xef, 0x6c, 0xbf
	.byte 0x02, 0x32, 0xb7, 0x33, 0x3b, 0x1d, 0x33, 0x73
	.byte 0xf0, 0xdb, 0xcf, 0xff, 0xff, 0x66, 0x19, 0x87
	.byte 0x21, 0xd8, 0x12, 0x8f, 0x02, 0x23, 0xd9, 0x12
	.byte 0xd9, 0xec, 0x02, 0xf2, 0x25, 0xe4, 0xe0, 0x32
	.byte 0xe9, 0x13, 0xea, 0x81, 0xa1, 0x23, 0xb3, 0xe8
	.byte 0xef, 0x64, 0x0e, 0xef, 0x6c, 0xbf, 0x02, 0x32
	.byte 0xb7, 0x33, 0x3b, 0x1d, 0x33, 0x73, 0xf0, 0xdb
	.byte 0xcf, 0xff, 0xff, 0x66, 0x19, 0x87, 0x21, 0xd8
	.byte 0x12, 0x8f, 0x02, 0x23, 0xd9, 0x12, 0xd9, 0xec
	.byte 0x02, 0xf2, 0x6d, 0xe4, 0xe0, 0x32, 0xe9, 0x13
	.byte 0xea, 0x81, 0xa1, 0x23, 0xb3, 0xe8, 0xef, 0x64
	.byte 0x0e, 0xef, 0x6c, 0xbf, 0x02, 0x32, 0xb7, 0x33
	.byte 0x3b, 0x1d, 0x33, 0x73, 0xf0, 0xdb, 0xcf, 0xff
	.byte 0xff, 0x66, 0x19, 0x87, 0x21, 0xd8, 0x12, 0x8f
	.byte 0x02, 0x23, 0xd9, 0x12, 0xd9, 0xec, 0x02, 0xf2
	.byte 0xb5, 0xe4, 0xe0, 0x32, 0xe9, 0x13, 0xea, 0x81
	.byte 0xa1, 0x23, 0xb3, 0xe8, 0xef, 0x64, 0x0e, 0xef
	.byte 0x6c, 0xbf, 0x02, 0x32, 0xb7, 0x33, 0x3b, 0x1d
	.byte 0x33, 0x73, 0xf0, 0xdb, 0xcf, 0xff, 0xff, 0x66
	.byte 0x19, 0x87, 0x21, 0xd8, 0x12, 0x8f, 0x02, 0x23
	.byte 0xd9, 0x12, 0xd9, 0xec, 0x02, 0xf2, 0xfd, 0xe4
	.byte 0xe0, 0x32, 0xe9, 0x13, 0xea, 0x81, 0xa1, 0x23
	.byte 0xb3, 0xe8, 0xef, 0x64, 0x0e, 0xef, 0x6c, 0xbf
	.byte 0x02, 0x32, 0xb7, 0x33, 0x3b, 0x1d, 0x33, 0x73
	.byte 0xf0, 0xdb, 0xcf, 0xff, 0xff, 0x66, 0x19, 0x87
	.byte 0x21, 0xd8, 0x12, 0x8f, 0x02, 0x23, 0xd9, 0x12
	.byte 0xd9, 0xec, 0x02, 0xf2, 0x45, 0xe5, 0xe0, 0x32
	.byte 0xe9, 0x13, 0xea, 0x81, 0xa1, 0x23, 0xb3, 0xe8
	.byte 0xef, 0x64, 0x0e, 0xef, 0x6c, 0xd7, 0xfa, 0x04
	.byte 0xbf, 0x04, 0x41, 0xbf, 0x02, 0x31, 0xd8, 0xa8
	.byte 0x1d, 0x3b, 0x6b, 0xf0, 0x8f, 0x04, 0x21, 0xc9
	.byte 0x30, 0x07, 0xc7, 0xfb, 0x99, 0x8f, 0x02, 0x21
	.byte 0xd8, 0x12, 0x1d, 0x0b, 0x6b, 0xf0, 0x8f, 0x02
	.byte 0x21, 0xd8, 0x12, 0xdb, 0xd8, 0x66, 0x09, 0xc7
	.byte 0xfb, 0xd8, 0x66, 0x21, 0xd9, 0xa8, 0x68, 0x07
	.byte 0xc7, 0xfb, 0xd8, 0x6e, 0x18, 0xd9, 0xa9, 0x1d
	.byte 0xa5, 0x6a, 0xf0, 0x0b, 0x01, 0x00, 0x0b, 0x22
	.byte 0x00, 0x1d, 0x5b, 0xef, 0xf0, 0xef, 0x64, 0xd8
	.byte 0xa9, 0x1d, 0x2f, 0x69, 0xf0, 0xd7, 0xfa, 0x05
	.byte 0xef, 0x64, 0x0e, 0xbf, 0xf6, 0x37, 0xbf, 0x08
	.byte 0x41, 0xbf, 0x02, 0x31, 0xd8, 0xa8, 0x1d, 0x3b
	.byte 0x6b, 0xf0, 0x8f, 0x02, 0x23, 0xd9, 0x12, 0xbf
	.byte 0x06, 0x32, 0xd8, 0xa8, 0x1d, 0x67, 0x95, 0xf0
	.byte 0xbf, 0x04, 0x30, 0x1d, 0xf0, 0x92, 0xf0, 0x8f
	.byte 0x08, 0x21, 0xc9, 0x30, 0x07, 0xc9, 0xd8, 0x6e
	.byte 0x0f, 0x8f, 0x04, 0x21, 0xc9, 0x69, 0x8f, 0x06
	.byte 0xf9, 0x6f, 0x38, 0x8f, 0x06, 0x61, 0x68, 0x09
	.byte 0x8f, 0x06, 0x3f, 0x00, 0x66, 0x2d, 0x8f, 0x06
	.byte 0x69, 0x8f, 0x06, 0x23, 0xd9, 0x12, 0xb7, 0x32
	.byte 0xd8, 0xa8, 0x1d, 0x14, 0x95, 0xf0, 0x8f, 0x02
	.byte 0x21, 0xd8, 0x12, 0x97, 0x21, 0x1d, 0x8f, 0x64
	.byte 0xf0, 0x8f, 0x02, 0x21, 0xd8, 0x12, 0x31, 0x10
	.byte 0x00, 0x1d, 0xd6, 0x62, 0xf0, 0xd8, 0xaa, 0x1d
	.byte 0x99, 0x74, 0xf0, 0xbf, 0x0a, 0x37, 0x0e, 0xef
	.byte 0x68, 0xbf, 0x06, 0x41, 0xbf, 0x04, 0x31, 0xd8
	.byte 0xa8, 0x1d, 0x3b, 0x6b, 0xf0, 0x8f, 0x04, 0x21
	.byte 0xd8, 0x12, 0xbf, 0x02, 0x31, 0x1d, 0xcf, 0x92
	.byte 0xf0, 0xb7, 0x30, 0x1d, 0xe6, 0x92, 0xf0, 0x8f
	.byte 0x06, 0x21, 0xc9, 0x30, 0x07, 0xc9, 0xd8, 0x6e
	.byte 0x0e, 0x97, 0x20, 0xd8, 0x69, 0x9f, 0x02, 0xf8
	.byte 0x6f, 0x2d, 0x9f, 0x02, 0x61, 0x68, 0x0a, 0x9f
	.byte 0x02, 0x3f, 0x00, 0x00, 0x66, 0x21, 0x9f, 0x02
	.byte 0x69, 0x8f, 0x04, 0x21, 0xd8, 0x12, 0x9f, 0x02
	.byte 0x21, 0x1d, 0x8f, 0x64, 0xf0, 0x8f, 0x04, 0x21
	.byte 0xd8, 0x12, 0x31, 0x10, 0x00, 0x1d, 0xd6, 0x62
	.byte 0xf0, 0xd8, 0xab, 0x1d, 0x99, 0x74, 0xf0, 0xef
	.byte 0x60, 0x0e, 0xbf, 0xf0, 0x37, 0xd7, 0xfa, 0x04
	.byte 0xbf, 0x10, 0x41, 0xbf, 0x0e, 0x31, 0xd8, 0xa8
	.byte 0x1d, 0x3b, 0x6b, 0xf0, 0x8f, 0x0e, 0x21, 0xc9
	.byte 0x08, 0x03, 0xc7, 0xfb, 0x99, 0xc7, 0xfb, 0x69
	.byte 0xc7, 0xfb, 0x89, 0xd8, 0x12, 0xbf, 0x02, 0x31
	.byte 0x1d, 0x3b, 0x6b, 0xf0, 0xbf, 0x02, 0x31, 0xb9
	.byte 0x06, 0x00, 0x7f, 0xb9, 0x07, 0x00, 0x00, 0xb9
	.byte 0x08, 0x00, 0x7f, 0xb9, 0x09, 0x00, 0x00, 0x8f
	.byte 0x10, 0x21, 0xd8, 0x12, 0xb9, 0x0a, 0x31, 0x1d
	.byte 0xbc, 0x74, 0xf0, 0xc7, 0xfb, 0x8b, 0xd9, 0x12
	.byte 0x8f, 0x0e, 0x25, 0xda, 0x12, 0x0b, 0x17, 0x00
	.byte 0xbf, 0x04
	.asciz "080\""
	.byte 0x1d
	.byte 0x37, 0x6f, 0xf0, 0xcf, 0xd9, 0x6e, 0x0e, 0x8f
	.byte 0x0e, 0x21, 0xd8, 0x12, 0x8f, 0x05, 0x23, 0xd9
	.byte 0x12, 0x1d, 0xe0, 0x98, 0xf0, 0xd8, 0xae, 0x1d
	.byte 0x99, 0x74, 0xf0, 0xd7, 0xfa, 0x05, 0xbf, 0x10
	.byte 0x37, 0x0e, 0xbf, 0xf0, 0x37, 0xd7, 0xfa, 0x04
	.byte 0xbf, 0x10, 0x41, 0xbf, 0x0e, 0x31, 0xd8, 0xa8
	.byte 0x1d, 0x3b, 0x6b, 0xf0, 0x8f, 0x0e, 0x21, 0xc9
	.byte 0x08, 0x03, 0xc7, 0xfb, 0x99, 0xd8, 0x12, 0xbf
	.byte 0x02, 0x31, 0x1d, 0x3b, 0x6b, 0xf0, 0xbf, 0x02
	.byte 0x31, 0xb9, 0x06, 0x00, 0xff, 0xb9, 0x07, 0x00
	.byte 0x00, 0xb9, 0x08, 0x00, 0x18, 0xb9, 0x09, 0x00
	.byte 0xe8, 0x8f, 0x10, 0x21, 0xd8, 0x12, 0xb9, 0x0a
	.byte 0x31, 0x1d, 0xbc, 0x74, 0xf0, 0xc7, 0xfb, 0x8b
	.byte 0xd9, 0x12, 0x8f, 0x0e, 0x25, 0xda, 0x12, 0x0b
	.byte 0x04, 0x00, 0xbf, 0x04
	.byte 0x30, 0x38, 0x30, 0x22
	.byte 0x00, 0x1d, 0x37, 0x6f, 0xf0, 0xd8, 0xaf, 0x1d
	.byte 0x99, 0x74, 0xf0, 0xd7, 0xfa, 0x05, 0xbf, 0x10
	.byte 0x37, 0x0e, 0xbf, 0xf0, 0x37, 0xd7, 0xfa, 0x04
	.byte 0xbf, 0x10, 0x41, 0xbf, 0x0e, 0x31, 0xd8, 0xa8
	.byte 0x1d, 0x3b, 0x6b, 0xf0, 0x8f, 0x0e, 0x21, 0xc9
	.byte 0x08, 0x03, 0xc7, 0xfb, 0x99, 0xc7, 0xfb, 0x61
	.byte 0xc7, 0xfb, 0x89, 0xd8, 0x12, 0xbf, 0x02, 0x31
	.byte 0x1d, 0x3b, 0x6b, 0xf0, 0xbf, 0x02, 0x31, 0xb9
	.byte 0x06, 0x00, 0xff, 0xb9, 0x07, 0x00, 0x00, 0xb9
	.byte 0x08, 0x00, 0x32, 0xb9, 0x09, 0x00, 0xce, 0x8f
	.byte 0x10, 0x21, 0xd8, 0x12, 0xb9, 0x0a, 0x31, 0x1d
	.byte 0xbc, 0x74, 0xf0, 0xc7, 0xfb, 0x8b, 0xd9, 0x12
	.byte 0x8f, 0x0e, 0x25, 0xda, 0x12, 0x0b, 0x05, 0x00
	.byte 0xbf, 0x04
	.asciz "080\""
	.byte 0x1d
	.byte 0x37, 0x6f, 0xf0, 0x30, 0x08, 0x00, 0x1d, 0x99
	.byte 0x74, 0xf0, 0xd7, 0xfa, 0x05, 0xbf, 0x10, 0x37
	.byte 0x0e, 0xc9, 0xd8, 0xb0, 0xf6, 0x1d, 0x01, 0x6d
	.byte 0xf0, 0x0e, 0xc9, 0xd8, 0xb0, 0xf6, 0x30, 0x22
	.byte 0x00, 0xd9, 0xa9, 0xda, 0xa8, 0x1d, 0x2d, 0x8e
	.byte 0xf0, 0x0e, 0xc9, 0xd8, 0xb0, 0xf6, 0x30, 0x22
	.byte 0x00, 0xd9, 0xaa, 0xda, 0xa8, 0x1d, 0x2d, 0x8e
	.byte 0xf0, 0x0e, 0xc9, 0xd8, 0xb0, 0xf6, 0x30, 0x22
	.byte 0x00, 0xd9, 0xab, 0xda, 0xa8, 0x1d, 0x2d, 0x8e
	.byte 0xf0, 0x0e, 0xc9, 0xd8, 0xb0, 0xf6, 0x30, 0x22
	.byte 0x00, 0xd9, 0xac, 0xda, 0xa8, 0x1d, 0x2d, 0x8e
	.byte 0xf0, 0x0e, 0xc9, 0xd8, 0xb0, 0xfe, 0x30, 0x26
	.byte 0x00, 0x1d, 0x11, 0x75, 0xf0, 0x0e, 0xc9, 0xd8
	.byte 0xb0, 0xfe, 0x30, 0x20, 0x00, 0x1d, 0x11, 0x75
	.byte 0xf0, 0xd8, 0xa8, 0x1d, 0x2f, 0x69, 0xf0, 0x0e
	.byte 0xef, 0x68, 0xd7, 0xfa, 0x04, 0xbf, 0x08, 0x41
	.byte 0xbf, 0x06, 0x30, 0x1d, 0x3a, 0x6a, 0xf0, 0xbf
	.byte 0x04, 0x31, 0xd8, 0xa9, 0x1d, 0x3b, 0x6b, 0xf0
	.byte 0x8f, 0x06, 0x21, 0xc9, 0x61, 0xd8, 0x12, 0xbf
	.byte 0x02, 0x31, 0x1d, 0x3b, 0x6b, 0xf0, 0x8f, 0x04
	.byte 0x21, 0xd8, 0x12, 0x8f, 0x06, 0x23, 0x8f, 0x06
	.byte 0x83, 0xcb, 0x6a, 0xd9, 0x12, 0x1d, 0x5e, 0x6b
	.byte 0xf0, 0xc7, 0xfa, 0x9f, 0xc7, 0xfa, 0xcc, 0x03
	.byte 0x8f, 0x08, 0x21, 0xc9, 0x30, 0x07, 0xc9, 0xd8
	.byte 0x6e, 0x18, 0xbf, 0x02, 0xcf, 0x7e, 0xab, 0x00
	.byte 0xc7, 0xfa, 0xd9, 0x6e, 0x08, 0xbf, 0x02, 0xbf
	.byte 0xc7, 0xfa, 0xa8, 0x68, 0x1b, 0xc7, 0xfa, 0x61
	.byte 0x68, 0x16, 0xbf, 0x02, 0xcf, 0x66, 0x08, 0xbf
	.byte 0x02, 0xb7, 0xc7, 0xfa, 0xa9, 0x68, 0x09, 0xc7
	.byte 0xfa, 0xd8, 0x76, 0x86, 0x00, 0xc7, 0xfa, 0x69
	.byte 0x8f, 0x06, 0x21, 0x8f, 0x06, 0x81, 0xc9, 0x6a
	.byte 0xc9, 0x8b, 0xd9, 0x12, 0xd8, 0xab, 0x1d, 0x4b
	.byte 0x6b, 0xf0, 0xc7, 0xfb, 0x9f, 0xc7, 0xfb, 0x89
	.byte 0xc9, 0x06, 0x8f, 0x04, 0xc9, 0xc7, 0xfa, 0x89
	.byte 0xd8, 0x12, 0x8f, 0x06, 0x23, 0x8f, 0x06, 0x83
	.byte 0xcb, 0x6a, 0xd9, 0x12, 0x1d, 0x4b, 0x6b, 0xf0
	.byte 0x8f, 0x04, 0xef, 0x8f, 0x06, 0x21, 0xd8, 0x12
	.byte 0xbf, 0x02, 0x32, 0x0b, 0x80, 0x00, 0xd9, 0xa8
	.byte 0x1d, 0xda, 0x61, 0xf0, 0xbf, 0x04, 0x32, 0xc7
	.byte 0xfb, 0x89, 0xd8, 0x12, 0x28, 0xd8, 0xa8, 0x31
	.byte 0x12, 0x00, 0x1d, 0xda, 0x61, 0xf0, 0x8f, 0x06
	.byte 0x21, 0xc9, 0x61, 0xd8, 0x12, 0x8f, 0x02, 0x23
	.byte 0xd9, 0x12, 0x1d, 0x2e, 0x6b, 0xf0, 0x8f, 0x04
	.byte 0x23, 0xd9, 0x12, 0xd8, 0xa9, 0x1d, 0x2e, 0x6b
	.byte 0xf0, 0x0b, 0x01, 0x00, 0x0b, 0x23, 0x00, 0x1d
	.byte 0x5b, 0xef, 0xf0, 0xef, 0x64, 0xd8, 0xaa, 0x1d
	.byte 0x99, 0x74, 0xf0, 0xd7, 0xfa, 0x05, 0xef, 0x60
	.byte 0x0e, 0xbf, 0xf0, 0x37, 0xd7, 0xfa, 0x04, 0xbf
	.byte 0x10, 0x41, 0xbf, 0x0e, 0x30, 0x1d, 0x3a, 0x6a
	.byte 0xf0, 0x8f, 0x0e, 0x21, 0xc9, 0x61, 0xc7, 0xfb
	.byte 0x99, 0xd8, 0x12, 0xbf, 0x02, 0x31, 0x1d, 0x3b
	.byte 0x6b, 0xf0, 0xbf, 0x02, 0x31, 0xb9, 0x06, 0x00
	.byte 0x3f, 0xb9, 0x07, 0x00, 0x00, 0xb9, 0x08, 0x00
	.byte 0x32, 0xb9, 0x09, 0x00, 0x00, 0x8f, 0x10, 0x21
	.byte 0xd8, 0x12, 0xb9, 0x0a, 0x31, 0x1d, 0xbc, 0x74
	.byte 0xf0, 0xc7, 0xfb, 0x8b, 0xd9, 0x12, 0x8f, 0x0e
	.byte 0x25, 0xda, 0x12, 0x0b, 0x00, 0x00, 0xbf, 0x04
	.asciz "080#"
	.byte 0x1d, 0x37, 0x6f
	.byte 0xf0, 0xd8, 0xac, 0x1d, 0x99, 0x74, 0xf0, 0xd7
	.byte 0xfa, 0x05, 0xbf, 0x10, 0x37, 0x0e, 0xbf, 0xf6
	.byte 0x37, 0xd7, 0xfa, 0x04, 0xbf, 0x0a, 0x41, 0xbf
	.byte 0x08, 0x30, 0x1d, 0x3a, 0x6a, 0xf0, 0x8f, 0x08
	.byte 0x21, 0xc9, 0x65, 0xbf, 0x02, 0x41, 0x8f, 0x0a
	.byte 0x21, 0xd8, 0x12, 0xbf, 0x04, 0x31, 0x1d, 0xbc
	.byte 0x74, 0xf0, 0x8f, 0x0a, 0x21, 0xc9, 0x30, 0x07
	.byte 0xc7, 0xfb, 0x99, 0x8f, 0x02, 0x21, 0xd8, 0x12
	.byte 0xbf, 0x06, 0x31, 0x1d, 0x3b, 0x6b, 0xf0, 0xbf
	.byte 0x06, 0xb7, 0xc7, 0xfb, 0xd8, 0x6e, 0x18, 0x8f
	.byte 0x06, 0x3f, 0x7f, 0x6f, 0x6c, 0x8f, 0x04, 0x21
	.byte 0x8f, 0x06, 0x89, 0x8f, 0x06, 0x3f, 0x7f, 0x67
	.byte 0x1d, 0xbf, 0x06, 0x00, 0x7f, 0x68, 0x17, 0x8f
	.byte 0x06, 0x3f, 0x00, 0x66, 0x54, 0x8f, 0x06, 0x21
	.byte 0x8f, 0x04, 0x81, 0xbf, 0x06, 0x41, 0xc9, 0xd8
	.byte 0x69, 0x04, 0xbf, 0x06, 0x00, 0x00, 0x8f, 0x02
	.byte 0x21, 0xd8, 0x12, 0x8f, 0x06, 0x23, 0xd9, 0x12
	.byte 0x1d, 0x2e, 0x6b, 0xf0, 0x8f, 0x08, 0x21, 0xd8
	.byte 0x12, 0xbf, 0x06, 0x32, 0x0b, 0x7f, 0x00, 0xd9
	.byte 0xa9, 0x1d, 0xda, 0x61, 0xf0, 0x8f, 0x08, 0x21
	.byte 0xd8, 0x12, 0x1d, 0x8b, 0x75, 0xf0, 0x8f, 0x08
	.byte 0x21, 0xc9, 0xc8, 0x0b, 0xbf, 0x02, 0x41, 0xd8
	.byte 0x12, 0x28, 0x0b, 0x23, 0x00, 0x1d, 0x5b, 0xef
	.byte 0xf0, 0xef, 0x64, 0xd8, 0xae, 0x1d, 0x99, 0x74
	.byte 0xf0, 0xd7, 0xfa, 0x05, 0xbf, 0x0a, 0x37, 0x0e
	.byte 0xbf, 0xf2, 0x37, 0xbf, 0x0c, 0x41, 0xb7, 0x31
	.byte 0x30, 0x0a, 0x00, 0x1d, 0x3b, 0x6b, 0xf0, 0xb7
	.byte 0x31, 0xb9, 0x06, 0x00, 0x7f, 0xb9, 0x07, 0x00
	.byte 0x00, 0xb9, 0x08, 0x00, 0x7f, 0xb9, 0x09, 0x00
	.byte 0x00, 0x8f, 0x0c, 0x21, 0xd8, 0x12, 0xb9, 0x0a
	.byte 0x31, 0x1d, 0xbc, 0x74, 0xf0, 0x0b, 0x5c, 0x00
	.byte 0xbf, 0x02
	.asciz "080#"
	.byte 0x31
	.byte 0x0a, 0x00, 0xda, 0xa8, 0x1d, 0x37, 0x6f, 0xf0
	.byte 0xd8, 0xaf, 0x1d, 0x99, 0x74, 0xf0, 0xbf, 0x0e
	.byte 0x37, 0x0e, 0xc9, 0xd8, 0xb0, 0xf6, 0x1d, 0x01
	.byte 0x6d, 0xf0, 0x0e, 0xc9, 0xd8, 0xb0, 0xf6, 0x30
	.byte 0x23, 0x00, 0xd9, 0xa9, 0xda, 0xa9, 0x1d, 0x2d
	.byte 0x8e, 0xf0, 0x0e, 0xc9, 0xd8, 0xb0, 0xf6, 0x30
	.byte 0x23, 0x00, 0xd9, 0xaa, 0xda, 0xa9, 0x1d, 0x2d
	.byte 0x8e, 0xf0, 0x0e, 0xc9, 0xd8, 0xb0, 0xf6, 0x30
	.byte 0x23, 0x00, 0xd9, 0xab, 0xda, 0xa9, 0x1d, 0x2d
	.byte 0x8e, 0xf0, 0x0e, 0xc9, 0xd8, 0xb0, 0xf6, 0x30
	.byte 0x23, 0x00, 0xd9, 0xac, 0xda, 0xa9, 0x1d, 0x2d
	.byte 0x8e, 0xf0, 0x0e, 0xc9, 0xd8, 0xb0, 0xf6, 0x30
	.byte 0x26, 0x00, 0xd9, 0xa8, 0x1d, 0x70, 0x61, 0xf0
	.byte 0x0e, 0xc9, 0xd8, 0xb0, 0xfe, 0xd8, 0xa8, 0x1d
	.byte 0x2f, 0x69, 0xf0, 0x30, 0x20, 0x00, 0xd9, 0xa8
	.byte 0x1d, 0x70, 0x61, 0xf0, 0x0e, 0xef, 0x68, 0xbf
	.byte 0x06, 0x41, 0xbf, 0x04, 0x31, 0xd8, 0xa9, 0x1d
	.byte 0x3b, 0x6b, 0xf0, 0xbf, 0x04, 0xb7, 0x8f, 0x06
	.byte 0x21, 0xd8, 0x12, 0x8f, 0x04, 0x23, 0xd9, 0x12
	.byte 0x29, 0xd9, 0xaa, 0xda, 0xa8, 0x1d, 0xe7, 0x97
	.byte 0xf0, 0xcf, 0xd9, 0x6e, 0x39, 0xbf, 0x02, 0x30
	.byte 0x1d, 0x3a, 0x6a, 0xf0, 0xb7, 0x31, 0xd8, 0xaa
	.byte 0x1d, 0x3b, 0x6b, 0xf0, 0x8f, 0x02, 0x21, 0xd8
	.byte 0x12, 0xb7, 0x32, 0x0b, 0x7f, 0x00, 0x31, 0x1f
	.byte 0x00, 0x1d, 0xda, 0x61, 0xf0, 0x0b, 0x02, 0x00
	.byte 0x0b, 0x24, 0x00, 0x1d, 0x5b, 0xef, 0xf0, 0xef
	.byte 0x64, 0x8f, 0x02, 0x23, 0xd9, 0x12, 0xd8, 0xa8
	.byte 0xda, 0xa9, 0x1d, 0x98, 0x8c, 0xf0, 0xd8, 0xab
	.byte 0x1d, 0x99, 0x74, 0xf0, 0xef, 0x60, 0x0e, 0xbf
	.byte 0xf6, 0x37, 0xbf, 0x08, 0x41, 0xbf, 0x06, 0x31
	.byte 0xd8, 0xaa, 0x1d, 0x3b, 0x6b, 0xf0, 0xbf, 0x04
	.byte 0x31, 0xd8, 0xab, 0x1d, 0x3b, 0x6b, 0xf0, 0xbf
	.byte 0x06, 0xb7, 0xbf, 0x04, 0xb7, 0x8f, 0x08, 0x21
	.byte 0xd8, 0x12, 0x8f, 0x06, 0x25, 0xda, 0x12, 0x8f
	.byte 0x04, 0x23, 0xd9, 0x12, 0x29, 0xd9, 0xa9, 0x1d
	.byte 0xe7, 0x97, 0xf0, 0xcf, 0xd9, 0x6e, 0x39, 0xbf
	.byte 0x02, 0x30, 0x1d, 0x3a, 0x6a, 0xf0, 0xb7, 0x31
	.byte 0xd8, 0xa9, 0x1d, 0x3b, 0x6b, 0xf0, 0x8f, 0x02
	.byte 0x21, 0xd8, 0x12, 0xb7, 0x32, 0x0b, 0x7f, 0x00
	.byte 0x31, 0x1e, 0x00, 0x1d, 0xda, 0x61, 0xf0, 0x0b
	.byte 0x01, 0x00, 0x0b, 0x24, 0x00, 0x1d, 0x5b, 0xef
	.byte 0xf0, 0xef, 0x64, 0x8f, 0x02, 0x23, 0xd9, 0x12
	.byte 0xd8, 0xa8, 0xda, 0xa9, 0x1d, 0x98, 0x8c, 0xf0
	.byte 0xd8, 0xac, 0x1d, 0x99, 0x74, 0xf0, 0xbf, 0x0a
	.byte 0x37, 0x0e, 0xbf, 0xf6, 0x37, 0xbf, 0x08, 0x41
	.byte 0xbf, 0x06, 0x31, 0xd8, 0xa9, 0x1d, 0x3b, 0x6b
	.byte 0xf0, 0xbf, 0x04, 0x31, 0xd8, 0xac, 0x1d, 0x3b
	.byte 0x6b, 0xf0, 0xbf, 0x06, 0xb7, 0xbf, 0x04, 0xb7
	.byte 0x8f, 0x08, 0x21, 0xd8, 0x12, 0x8f, 0x06, 0x25
	.byte 0xda, 0x12, 0x8f, 0x04, 0x23, 0xd9, 0x12, 0x29
	.byte 0xd9, 0xab, 0x1d, 0xe7, 0x97, 0xf0, 0xcf, 0xd9
	.byte 0x6e, 0x39, 0xbf, 0x02, 0x30, 0x1d, 0x3a, 0x6a
	.byte 0xf0, 0xb7, 0x31, 0xd8, 0xab, 0x1d, 0x3b, 0x6b
	.byte 0xf0, 0x8f, 0x02, 0x21, 0xd8, 0x12, 0xb7, 0x32
	.byte 0x0b, 0x7f, 0x00, 0x31, 0x20, 0x00, 0x1d, 0xda
	.byte 0x61, 0xf0, 0x0b, 0x03, 0x00, 0x0b, 0x24, 0x00
	.byte 0x1d, 0x5b, 0xef, 0xf0, 0xef, 0x64, 0x8f, 0x02
	.byte 0x23, 0xd9, 0x12, 0xd8, 0xa8, 0xda, 0xa9, 0x1d
	.byte 0x98, 0x8c, 0xf0, 0xd8, 0xad, 0x1d, 0x99, 0x74
	.byte 0xf0, 0xbf, 0x0a, 0x37, 0x0e, 0xef, 0x68, 0xbf
	.byte 0x06, 0x41, 0xbf, 0x04, 0x31, 0xd8, 0xab, 0x1d
	.byte 0x3b, 0x6b, 0xf0, 0xbf, 0x04, 0xb7, 0x8f, 0x06
	.byte 0x21, 0xd8, 0x12, 0x8f, 0x04, 0x25, 0xda, 0x12
	.byte 0x0b, 0x7f, 0x00, 0xd9, 0xac, 0x1d, 0xe7, 0x97
	.byte 0xf0, 0xcf, 0xd9, 0x6e, 0x39, 0xbf, 0x02, 0x30
	.byte 0x1d, 0x3a, 0x6a, 0xf0, 0xb7, 0x31, 0xd8, 0xac
	.byte 0x1d, 0x3b, 0x6b, 0xf0, 0x8f, 0x02, 0x21, 0xd8
	.byte 0x12, 0xb7, 0x32, 0x0b, 0x7f, 0x00, 0x31, 0x21
	.byte 0x00, 0x1d, 0xda, 0x61, 0xf0, 0x0b, 0x04, 0x00
	.byte 0x0b, 0x24, 0x00, 0x1d, 0x5b, 0xef, 0xf0, 0xef
	.byte 0x64, 0x8f, 0x02, 0x23, 0xd9, 0x12, 0xd8, 0xa8
	.byte 0xda, 0xa9, 0x1d, 0x98, 0x8c, 0xf0, 0xd8, 0xae
	.byte 0x1d, 0x99, 0x74, 0xf0, 0xef, 0x60, 0x0e, 0xc9
	.byte 0xd8, 0xb0, 0xf6, 0x1d, 0x01, 0x6d, 0xf0, 0x0e
	.byte 0xc9, 0xd8, 0xb0, 0xf6, 0xd8, 0xa9, 0x1d, 0xae
	.byte 0x6f, 0xf0, 0xcf, 0xd8, 0xb0, 0xf6, 0x30, 0x24
	.byte 0x00, 0xd9, 0xa9, 0x1d, 0x70, 0x61, 0xf0, 0x0e
	.byte 0xc9, 0xd8, 0x6e, 0x07, 0x30, 0x25, 0x00, 0xd9
	.byte 0xa8, 0x68, 0x0f, 0xd8, 0xaa, 0x1d, 0xae, 0x6f
	.byte 0xf0, 0xcf, 0xd8, 0xb0, 0xf6, 0x30, 0x24, 0x00
	.byte 0xd9, 0xa9, 0x1d, 0x70, 0x61, 0xf0, 0x0e, 0xc9
	.byte 0xd8, 0xb0, 0xf6, 0xd8, 0xab, 0x1d, 0xae, 0x6f
	.byte 0xf0, 0xcf, 0xd8, 0xb0, 0xf6, 0x30, 0x24, 0x00
	.byte 0xd9, 0xa9, 0x1d, 0x70, 0x61, 0xf0, 0x0e, 0xc9
	.byte 0xd8, 0xb0, 0xf6, 0xd8, 0xac, 0x1d, 0xae, 0x6f
	.byte 0xf0, 0xcf, 0xd8, 0xb0, 0xf6, 0x30, 0x24, 0x00
	.byte 0xd9, 0xa9, 0x1d, 0x70, 0x61, 0xf0, 0x0e, 0xc9
	.byte 0xd8, 0xb0, 0xfe, 0xd8, 0xa8, 0x1d, 0x2f, 0x69
	.byte 0xf0, 0x30, 0x20, 0x00, 0xd9, 0xa8, 0x1d, 0x70
	.byte 0x61, 0xf0, 0x0e, 0xbf, 0xee, 0x37, 0xbf, 0x10
	.byte 0x41, 0xbf, 0x0c, 0x31, 0xd8, 0xa9, 0x1d, 0x3b
	.byte 0x6b, 0xf0, 0xbf, 0x0c, 0xb7, 0xbf, 0x0e, 0x30
	.byte 0x1d, 0x3a, 0x6a, 0xf0, 0xb7, 0x31, 0xd8, 0xaa
	.byte 0x1d, 0x3b, 0x6b, 0xf0, 0xb7, 0x31, 0xb9, 0x06
	.byte 0x00, 0x7f, 0xb9, 0x07, 0x00, 0x00, 0x8f, 0x0c
	.byte 0x21, 0xb9, 0x08, 0x41, 0xb9, 0x09, 0x00, 0x00
	.byte 0x8f, 0x10, 0x21, 0xd8, 0x12, 0xb9, 0x0a, 0x31
	.byte 0x1d, 0xbc, 0x74, 0xf0, 0x8f, 0x0e, 0x25, 0xda
	.byte 0x12, 0x0b, 0x23, 0x00, 0xbf, 0x02, 0x30, 0x38
	.byte 0x30, 0x25, 0x00, 0xd9, 0xaa, 0x1d, 0x37, 0x6f
	.byte 0xf0, 0xcf, 0xd9, 0x6e, 0x0d, 0x8f, 0x0e, 0x23
	.byte 0xd9, 0x12, 0xd8, 0xa9, 0xda, 0xa9, 0x1d, 0x98
	.byte 0x8c, 0xf0, 0xd8, 0xab, 0x1d, 0x99, 0x74, 0xf0
	.byte 0xbf, 0x12, 0x37, 0x0e, 0xbf, 0xec, 0x37, 0xbf
	.byte 0x12, 0x41, 0xbf, 0x0e, 0x31, 0xd8, 0xaa, 0x1d
	.byte 0x3b, 0x6b, 0xf0, 0xbf, 0x0c, 0x31, 0xd8, 0xab
	.byte 0x1d, 0x3b, 0x6b, 0xf0, 0xbf, 0x0e, 0xb7, 0xbf
	.byte 0x0c, 0xb7, 0xbf, 0x10, 0x30, 0x1d, 0x3a, 0x6a
	.byte 0xf0, 0xb7, 0x31, 0xd8, 0xa9, 0x1d, 0x3b, 0x6b
	.byte 0xf0, 0xb7, 0x31, 0xb9, 0x06, 0x00, 0x7f, 0xb9
	.byte 0x07, 0x00, 0x00, 0x8f, 0x0c, 0x21, 0xb9, 0x08
	.byte 0x41, 0x8f, 0x0e, 0x21, 0xb9, 0x09, 0x41, 0x8f
	.byte 0x12, 0x21, 0xd8, 0x12, 0xb9, 0x0a, 0x31, 0x1d
	.byte 0xbc, 0x74, 0xf0, 0x8f, 0x10, 0x25, 0xda, 0x12
	.byte 0x0b, 0x22, 0x00, 0xbf, 0x02, 0x30, 0x38, 0x30
	.byte 0x25, 0x00, 0xd9, 0xa9, 0x1d, 0x37, 0x6f, 0xf0
	.byte 0xcf, 0xd9, 0x6e, 0x0d, 0x8f, 0x10, 0x23, 0xd9
	.byte 0x12, 0xd8, 0xa9, 0xda, 0xa9, 0x1d, 0x98, 0x8c
	.byte 0xf0, 0xd8, 0xac, 0x1d, 0x99, 0x74, 0xf0, 0xbf
	.byte 0x14, 0x37, 0x0e, 0xbf, 0xec, 0x37, 0xbf, 0x12
	.byte 0x41, 0xbf, 0x0e, 0x31, 0xd8, 0xa9, 0x1d, 0x3b
	.byte 0x6b, 0xf0, 0xbf, 0x0c, 0x31, 0xd8, 0xac, 0x1d
	.byte 0x3b, 0x6b, 0xf0, 0xbf, 0x0e, 0xb7, 0xbf, 0x0c
	.byte 0xb7, 0xbf, 0x10, 0x30, 0x1d, 0x3a, 0x6a, 0xf0
	.byte 0xb7, 0x31, 0xd8, 0xab, 0x1d, 0x3b, 0x6b, 0xf0
	.byte 0xb7, 0x31, 0xb9, 0x06, 0x00, 0x7f, 0xb9, 0x07
	.byte 0x00, 0x00, 0x8f, 0x0c, 0x21, 0xb9, 0x08, 0x41
	.byte 0x8f, 0x0e, 0x21, 0xb9, 0x09, 0x41, 0x8f, 0x12
	.byte 0x21, 0xd8, 0x12, 0xb9, 0x0a, 0x31, 0x1d, 0xbc
	.byte 0x74, 0xf0, 0x8f, 0x10, 0x25, 0xda, 0x12, 0x0b
	.byte 0x24, 0x00, 0xbf, 0x02
	.byte 0x30, 0x38, 0x30, 0x25
	.byte 0x00, 0xd9, 0xab, 0x1d, 0x37, 0x6f, 0xf0, 0xcf
	.byte 0xd9, 0x6e, 0x0d, 0x8f, 0x10, 0x23, 0xd9, 0x12
	.byte 0xd8, 0xa9, 0xda, 0xa9, 0x1d, 0x98, 0x8c, 0xf0
	.byte 0xd8, 0xad, 0x1d, 0x99, 0x74, 0xf0, 0xbf, 0x14
	.byte 0x37, 0x0e, 0xbf, 0xee, 0x37, 0xbf, 0x10, 0x41
	.byte 0xbf, 0x0c, 0x31, 0xd8, 0xab, 0x1d, 0x3b, 0x6b
	.byte 0xf0, 0xbf, 0x0c, 0xb7, 0xbf, 0x0e, 0x30, 0x1d
	.byte 0x3a, 0x6a, 0xf0, 0xb7, 0x31, 0xd8, 0xac, 0x1d
	.byte 0x3b, 0x6b, 0xf0, 0xb7, 0x31, 0xb9, 0x06, 0x00
	.byte 0x7f, 0xb9, 0x07, 0x00, 0x00, 0xb9, 0x08, 0x00
	.byte 0x7f, 0x8f, 0x0c, 0x21, 0xb9, 0x09, 0x41, 0x8f
	.byte 0x10, 0x21, 0xd8, 0x12, 0xb9, 0x0a, 0x31, 0x1d
	.byte 0xbc, 0x74, 0xf0, 0x8f, 0x0e, 0x25, 0xda, 0x12
	.byte 0x0b, 0x25, 0x00, 0xbf, 0x02, 0x30, 0x38, 0x30
	.byte 0x25, 0x00, 0xd9, 0xac, 0x1d, 0x37, 0x6f, 0xf0
	.byte 0xcf, 0xd9, 0x6e, 0x0d, 0x8f, 0x0e, 0x23, 0xd9
	.byte 0x12, 0xd8, 0xa9, 0xda, 0xa9, 0x1d, 0x98, 0x8c
	.byte 0xf0, 0xd8, 0xae, 0x1d, 0x99, 0x74, 0xf0, 0xbf
	.byte 0x12, 0x37, 0x0e, 0xc9, 0xd8, 0xb0, 0xf6, 0x1d
	.byte 0x01, 0x6d, 0xf0, 0x0e, 0xc9, 0xd8, 0x6e, 0x07
	.byte 0x30, 0x24, 0x00, 0xd9, 0xa8, 0x68, 0x0f, 0xd8
	.byte 0xa9, 0x1d, 0xae, 0x6f, 0xf0, 0xcf, 0xd8, 0xb0
	.byte 0xf6, 0x30, 0x25, 0x00, 0xd9, 0xa9, 0x1d, 0x70
	.byte 0x61, 0xf0, 0x0e, 0xc9, 0xd8, 0xb0, 0xf6, 0xd8
	.byte 0xaa, 0x1d, 0xae, 0x6f, 0xf0, 0xcf, 0xd8, 0xb0
	.byte 0xf6, 0x30, 0x25, 0x00, 0xd9, 0xa9, 0x1d, 0x70
	.byte 0x61, 0xf0, 0x0e, 0xc9, 0xd8, 0xb0, 0xf6, 0xd8
	.byte 0xab, 0x1d, 0xae, 0x6f, 0xf0, 0xcf, 0xd8, 0xb0
	.byte 0xf6, 0x30, 0x25, 0x00, 0xd9, 0xa9, 0x1d, 0x70
	.byte 0x61, 0xf0, 0x0e, 0xc9, 0xd8, 0xb0, 0xf6, 0xd8
	.byte 0xac, 0x1d, 0xae, 0x6f, 0xf0, 0xcf, 0xd8, 0xb0
	.byte 0xf6, 0x30, 0x25, 0x00, 0xd9, 0xa9, 0x1d, 0x70
	.byte 0x61, 0xf0, 0x0e, 0xc9, 0xd8, 0xb0, 0xfe, 0xd8
	.byte 0xa8, 0x1d, 0x2f, 0x69, 0xf0, 0x30, 0x20, 0x00
	.byte 0xd9, 0xa8, 0x1d, 0x70, 0x61, 0xf0, 0x0e, 0xef
	.byte 0x6c, 0xd7, 0xfa, 0x04, 0xc7, 0xfb, 0x99, 0xc7
	.byte 0xfb, 0x30, 0x07, 0xbf, 0x04, 0x31, 0xd8, 0xa8
	.byte 0x1d, 0x3b, 0x6b, 0xf0, 0xc7, 0xfb, 0xd8, 0x6e
	.byte 0x12, 0x8f, 0x04, 0x3f, 0x01, 0x66, 0x3e, 0x8f
	.byte 0x04, 0x69, 0x8f, 0x04, 0x23, 0xd9, 0x12, 0xd8
	.byte 0xa8, 0x68, 0x22, 0x8f, 0x04, 0x3f, 0x04, 0x66
	.byte 0x2c, 0x8f, 0x04, 0x21, 0xd8, 0x12, 0xbf, 0x02
	.byte 0x31, 0x1d, 0x3b, 0x6b, 0xf0, 0x8f, 0x02, 0x3f
	.byte 0x7f, 0x66, 0x1a, 0x8f, 0x04, 0x61, 0x8f, 0x04
	.byte 0x23, 0xd9, 0x12, 0xd8, 0xa8, 0x1d, 0x2e, 0x6b
	.byte 0xf0, 0x0b, 0x00, 0x00, 0x0b, 0x26, 0x00, 0x1d
	.byte 0x5b, 0xef, 0xf0, 0xef, 0x64, 0xd7, 0xfa, 0x05
	.byte 0xef, 0x64, 0x0e, 0xbf, 0xf4, 0x37, 0xbf, 0x0a
	.byte 0x41, 0xbf, 0x02, 0x31, 0xd8, 0xa8, 0x1d, 0x3b
	.byte 0x6b, 0xf0, 0xbf, 0x04, 0x30, 0x1d, 0x3a, 0x6a
	.byte 0xf0, 0x8f, 0x02, 0x23, 0xd9, 0x12, 0xbf, 0x08
	.byte 0x32, 0xd8, 0xa9, 0x1d, 0x67, 0x95, 0xf0, 0xbf
	.byte 0x06, 0x30, 0x1d, 0xf0, 0x92, 0xf0, 0x8f, 0x0a
	.byte 0x21, 0xc9, 0x30, 0x07, 0xc9, 0xd8, 0x6e, 0x0f
	.byte 0x8f, 0x06, 0x21, 0xc9, 0x69, 0x8f, 0x08, 0xf9
	.byte 0x6f, 0x42, 0x8f, 0x08, 0x61, 0x68, 0x09, 0x8f
	.byte 0x08, 0x3f, 0x00, 0x66, 0x37, 0x8f, 0x08, 0x69
	.byte 0x8f, 0x08, 0x23, 0xd9, 0x12, 0xb7, 0x32, 0xd8
	.byte 0xa9, 0x1d, 0x14, 0x95, 0xf0, 0x8f, 0x04, 0x21
	.byte 0xd8, 0x12, 0x8f, 0x02, 0x23, 0xd9, 0x12, 0x97
	.byte 0x22, 0x1d, 0x00, 0x65, 0xf0, 0x8f, 0x04, 0x21
	.byte 0xd8, 0x12, 0x8f, 0x02, 0x23, 0xd9, 0x12, 0x32
	.byte 0x10, 0x00, 0x1d, 0x2f, 0x63, 0xf0, 0xd8, 0xaa
	.byte 0x1d, 0x99, 0x74, 0xf0, 0xbf, 0x0c, 0x37, 0x0e
	.byte 0xbf, 0xf6, 0x37, 0xbf, 0x08, 0x41, 0xbf, 0x04
	.byte 0x31, 0xd8, 0xa8, 0x1d, 0x3b, 0x6b, 0xf0, 0xbf
	.byte 0x06, 0x30, 0x1d, 0x3a, 0x6a, 0xf0, 0x8f, 0x04
	.byte 0x21, 0xd8, 0x12, 0xbf, 0x02, 0x31, 0x1d, 0xcf
	.byte 0x92, 0xf0, 0xb7, 0x30, 0x1d, 0xe6, 0x92, 0xf0
	.byte 0x8f, 0x08, 0x21, 0xc9, 0x30, 0x07, 0xc9, 0xd8
	.byte 0x6e, 0x0e, 0x97, 0x20, 0xd8, 0x69, 0x9f, 0x02
	.byte 0xf8, 0x6f, 0x37, 0x9f, 0x02, 0x61, 0x68, 0x0a
	.byte 0x9f, 0x02, 0x3f, 0x00, 0x00, 0x66, 0x2b, 0x9f
	.byte 0x02, 0x69, 0x8f, 0x06, 0x21, 0xd8, 0x12, 0x8f
	.byte 0x04, 0x23, 0xd9, 0x12, 0x9f, 0x02, 0x22, 0x1d
	.byte 0x00, 0x65, 0xf0, 0x8f, 0x06, 0x21, 0xd8, 0x12
	.byte 0x8f, 0x04, 0x23, 0xd9, 0x12, 0x32, 0x10, 0x00
	.byte 0x1d, 0x2f, 0x63, 0xf0, 0xd8, 0xab, 0x1d, 0x99
	.byte 0x74, 0xf0, 0xbf, 0x0a, 0x37, 0x0e, 0xbf, 0xea
	.byte 0x37, 0xd7, 0xfa, 0x04, 0xbf, 0x16, 0x41, 0xbf
	.byte 0x08, 0x31, 0xd8, 0xa8, 0x1d, 0x3b, 0x6b, 0xf0
	.byte 0x8f, 0x08, 0x3f, 0x04, 0x76, 0x7a, 0x02, 0xbf
	.byte 0x0c, 0x30, 0xb0, 0x00, 0x00, 0xb8, 0x01, 0x31
	.byte 0xd8, 0xa9, 0x1d, 0x3b, 0x6b, 0xf0, 0xbf, 0x0e
	.byte 0x31, 0xd8, 0xac, 0x1d, 0x3b, 0x6b, 0xf0, 0xbf
	.byte 0x0f, 0x31, 0xd8, 0xaa, 0x1d, 0x3b, 0x6b, 0xf0
	.byte 0xbf, 0x10, 0x31, 0xd8, 0xad, 0x1d, 0x3b, 0x6b
	.byte 0xf0, 0xbf, 0x11, 0x31, 0xd8, 0xab, 0x1d, 0x3b
	.byte 0x6b, 0xf0, 0xbf, 0x12, 0x31, 0xd8, 0xae, 0x1d
	.byte 0x3b, 0x6b, 0xf0, 0xbf, 0x13, 0x31, 0xd8, 0xaf
	.byte 0x1d, 0x3b, 0x6b, 0xf0, 0x8f, 0x16, 0x27, 0xcf
	.byte 0x30, 0x07, 0x8f, 0x08, 0x21, 0x8f, 0x08, 0x81
	.byte 0xc9, 0x69, 0xc7, 0xe2, 0x99, 0xd8, 0x12, 0xbf
	.byte 0x0c, 0x32, 0xf3, 0x07, 0xe8, 0xe0, 0x31, 0xcf
	.byte 0xd8, 0x6e, 0x21, 0xe9, 0x8a, 0x81, 0x21, 0xc9
	.byte 0xcf, 0x7f, 0x7f, 0x0c, 0x02, 0xbf, 0x16, 0xcf
	.byte 0x66, 0x04, 0xc9, 0x63, 0x68, 0x02, 0xc9, 0x61
	.byte 0xb2, 0x41, 0x82, 0x3f, 0x7f, 0x67, 0x3f, 0xb2
	.byte 0x00, 0x7f, 0x68, 0x3a, 0xea, 0x8b, 0xe9, 0x8a
	.byte 0x8f, 0x08, 0x20, 0xc8, 0x69, 0x81, 0x21, 0xc8
	.byte 0xf1, 0x73, 0xe5, 0x01, 0xc9, 0xcf, 0x7f, 0x6e
	.byte 0x0d, 0xc7, 0xe2, 0x89, 0xc9, 0x62, 0xd8, 0x12
	.byte 0xf3, 0x07, 0xec, 0xe0, 0x00, 0x7f, 0xbf, 0x16
	.byte 0xcf, 0x66, 0x11, 0x82, 0x21, 0xc9, 0xdb, 0x6b
	.byte 0x05, 0xb2, 0x00, 0x00, 0x68, 0x08, 0xc9, 0x6b
	.byte 0xb2, 0x41, 0x68, 0x02, 0x82, 0x69, 0xc7, 0xe2
	.byte 0x89, 0xd8, 0x12, 0xbf, 0x0c, 0x33, 0xf3, 0x07
	.byte 0xec, 0xe0, 0x32, 0x82, 0x23, 0xcb, 0xcf, 0x7f
	.byte 0x66, 0x11, 0xc7, 0xe2, 0x89, 0xc9, 0x61, 0xc7
	.byte 0xf0, 0x99, 0xdc, 0x12, 0xcb, 0x61, 0xf3, 0x07
	.byte 0xec, 0xf0, 0x43, 0x82, 0x21, 0xbf, 0x04, 0x41
	.byte 0xc7, 0xfb, 0xa8, 0x23, 0x00, 0xcb, 0x89, 0xcb
	.byte 0x81, 0xc9, 0x61, 0xd8, 0x12, 0xc3, 0x07, 0xec
	.byte 0xe0, 0x3f, 0x7f, 0x6e, 0x07, 0xcb, 0x61, 0xbf
	.byte 0x02, 0x43, 0x68, 0x06, 0xcb, 0x61, 0xcb, 0xdc
	.byte 0x67, 0xe3, 0xc7, 0xfb, 0x89, 0xc7, 0xfb, 0x81
	.byte 0xc7, 0xe2, 0x99, 0xd8, 0x12, 0xf3, 0x07, 0xec
	.byte 0xe0, 0x35, 0x85, 0x23, 0xcb, 0x8a, 0xc7, 0xe2
	.byte 0x89, 0xc9, 0x61, 0xd8, 0x12, 0xf3, 0x07, 0xec
	.byte 0xe0, 0x34, 0x84, 0x21, 0xc7, 0xe2, 0x99, 0xc7
	.byte 0xfb, 0x88, 0xc8, 0x61, 0x8f, 0x08, 0xf8, 0x63
	.byte 0x22, 0x8f, 0x08, 0x21, 0xc8, 0xa1, 0xc9, 0x88
	.byte 0xc7, 0xe2, 0x89, 0xc8, 0x81, 0x8f, 0x04, 0xf9
	.byte 0x6f, 0x47, 0x8f, 0x04, 0x21, 0xc8, 0xa1, 0xc7
	.byte 0xe2, 0x99, 0xcb, 0xf1, 0x6f, 0x3b, 0xc7, 0xe2
	.byte 0x8a, 0x68, 0x36, 0x8f, 0x08, 0xf8, 0x6f, 0x29
	.byte 0x8f, 0x02, 0xf8, 0x67, 0x06, 0x8f, 0x04, 0x3f
	.byte 0x7f, 0x6e, 0x04, 0x22, 0x00, 0x68, 0x22, 0x8f
	.byte 0x08, 0xa0, 0x8f, 0x04, 0x21, 0xc8, 0x81, 0xca
	.byte 0xf1, 0x63, 0x02, 0xc9, 0x8a, 0xc7, 0xe2, 0x89
	.byte 0xca, 0xf1, 0x6f, 0x0d, 0xc7, 0xe2, 0x9a, 0x68
	.byte 0x08, 0x8f, 0x04, 0xfa, 0x6f, 0x03, 0x8f, 0x04
	.byte 0x22, 0xb5, 0x42, 0xc7, 0xe2, 0x89, 0xb4, 0x41
	.byte 0xc7, 0xfb, 0x61, 0xc7, 0xfb, 0xdc, 0x77, 0x4a
	.byte 0xff, 0x8f, 0x04, 0x21, 0xb2, 0x41, 0x8b, 0x01
	.byte 0x23, 0xd9, 0x12, 0xd8, 0xa9, 0x1d, 0x2e, 0x6b
	.byte 0xf0, 0x8f, 0x0e, 0x23, 0xd9, 0x12, 0xd8, 0xac
	.byte 0x1d, 0x2e, 0x6b, 0xf0, 0x8f, 0x0f, 0x23, 0xd9
	.byte 0x12, 0xd8, 0xaa, 0x1d, 0x2e, 0x6b, 0xf0, 0x8f
	.byte 0x10, 0x23, 0xd9, 0x12, 0xd8, 0xad, 0x1d, 0x2e
	.byte 0x6b, 0xf0, 0x8f, 0x11, 0x23, 0xd9, 0x12, 0xd8
	.byte 0xab, 0x1d, 0x2e, 0x6b, 0xf0, 0x8f, 0x12, 0x23
	.byte 0xd9, 0x12, 0xd8, 0xae, 0x1d, 0x2e, 0x6b, 0xf0
	.byte 0x8f, 0x13, 0x23, 0xd9, 0x12, 0xd8, 0xaf, 0x1d
	.byte 0x2e, 0x6b, 0xf0, 0xbf, 0x0a, 0x30, 0x1d, 0xab
	.byte 0x95, 0xf0, 0xbf, 0x06, 0x30, 0x8f, 0x0a, 0x3f
	.byte 0x00, 0x6e, 0x33, 0x1d, 0x6c, 0x71, 0xf0, 0xc7
	.byte 0xfb, 0xa9, 0xc7, 0xfb, 0x89, 0xd8, 0x12, 0xbf
	.byte 0x04, 0x31, 0x1d, 0x3b, 0x6b, 0xf0, 0x8f, 0x06
	.byte 0x21, 0xd8, 0x12, 0x23, 0x00, 0xc7, 0xfb, 0x83
	.byte 0xcb, 0x69, 0xbf, 0x04, 0x32, 0x0b, 0x7f, 0x00
	.byte 0x1d, 0xda, 0x61, 0xf0, 0xc7, 0xfb, 0x61, 0xc7
	.byte 0xfb, 0xdb, 0x63, 0xd6, 0x68, 0x31, 0x1d, 0x3a
	.byte 0x6a, 0xf0, 0xc7, 0xfb, 0xa9, 0xc7, 0xfb, 0x89
	.byte 0xd8, 0x12, 0xbf, 0x04, 0x31, 0x1d, 0x3b, 0x6b
	.byte 0xf0, 0x8f, 0x06, 0x21, 0xd8, 0x12, 0x23, 0x00
	.byte 0xc7, 0xfb, 0x83, 0xcb, 0x69, 0xbf, 0x04, 0x32
	.byte 0x0b, 0x7f, 0x00, 0x1d, 0x1c, 0x66, 0xf0, 0xc7
	.byte 0xfb, 0x61, 0xc7, 0xfb, 0xdb, 0x63, 0xd6, 0x0b
	.byte 0x01, 0x00, 0x0b, 0x26, 0x00, 0x1d, 0x5b, 0xef
	.byte 0xf0, 0xef, 0x64, 0xd8, 0xae, 0x1d, 0x99, 0x74
	.byte 0xf0, 0xd7, 0xfa, 0x05, 0xbf, 0x16, 0x37, 0x0e
	.byte 0xc9, 0xd8, 0xb0, 0xf6, 0x1d, 0x01, 0x6d, 0xf0
	.byte 0x0e, 0xc9, 0xd8, 0xb0, 0xf6, 0xd8, 0xa9, 0x1d
	.byte 0xae, 0x6f, 0xf0, 0xcf, 0xd8, 0xb0, 0xf6, 0x30
	.byte 0x26, 0x00, 0xd9, 0xa9, 0x1d, 0x70, 0x61, 0xf0
	.byte 0x0e, 0xc9, 0xd8, 0xb0, 0xf6, 0xd8, 0xaa, 0x1d
	.byte 0xae, 0x6f, 0xf0, 0xcf, 0xd8, 0xb0, 0xf6, 0x30
	.byte 0x26, 0x00, 0xd9, 0xa9, 0x1d, 0x70, 0x61, 0xf0
	.byte 0x0e, 0xef, 0x6c, 0xbf, 0x02, 0x41, 0xb7, 0x30
	.byte 0x1d, 0xab, 0x95, 0xf0, 0x87, 0x3f, 0x01, 0x66
	.byte 0x19, 0x8f, 0x02, 0x3f, 0x00, 0x66, 0x13, 0xd8
	.byte 0xab, 0x1d, 0xae, 0x6f, 0xf0, 0xcf, 0xd8, 0x66
	.byte 0x09, 0x30, 0x26, 0x00, 0xd9, 0xa9, 0x1d, 0x70
	.byte 0x61, 0xf0, 0xef, 0x64, 0x0e, 0xef, 0x6c, 0xbf
	.byte 0x02, 0x41, 0xb7, 0x30, 0x1d, 0xab, 0x95, 0xf0
	.byte 0x87, 0x3f, 0x01, 0x66, 0x19, 0x8f, 0x02, 0x3f
	.byte 0x00, 0x66, 0x13, 0xd8, 0xac, 0x1d, 0xae, 0x6f
	.byte 0xf0, 0xcf, 0xd8, 0x66, 0x09, 0x30, 0x26, 0x00
	.byte 0xd9, 0xa9, 0x1d, 0x70, 0x61, 0xf0, 0xef, 0x64
	.byte 0x0e, 0xef, 0x6c, 0xbf, 0x02, 0x41, 0xb7, 0x30
	.byte 0x1d, 0xab, 0x95, 0xf0, 0x87, 0x3f, 0x01, 0x66
	.byte 0x16, 0x8f, 0x02, 0x3f, 0x00, 0x6e, 0x07, 0x30
	.byte 0x23, 0x00, 0xd9, 0xa8, 0x68, 0x05, 0x30, 0x22
	.byte 0x00, 0xd9, 0xa8, 0x1d, 0x70, 0x61, 0xf0, 0xef
	.byte 0x64, 0x0e, 0xef, 0x6a, 0xc9, 0xd8, 0x6e, 0x21
	.byte 0xd8, 0xa8, 0x1d, 0x2f, 0x69, 0xf0, 0xb7, 0x30
	.byte 0x1d, 0xab, 0x95, 0xf0, 0x87, 0x3f, 0x00, 0x6e
	.byte 0x07, 0x30, 0x20, 0x00, 0xd9, 0xa8, 0x68, 0x05
	.byte 0x30, 0x3d, 0x00, 0xd9, 0xa8, 0x1d, 0x70, 0x61
	.byte 0xf0, 0xef, 0x62, 0x0e, 0xef, 0x6c, 0xbf, 0x02
	.byte 0x32, 0xb7, 0x33, 0x3b, 0x1d, 0x33, 0x73, 0xf0
	.byte 0xdb, 0xcf, 0xff, 0xff, 0x66, 0x19, 0x87, 0x21
	.byte 0xd8, 0x12, 0x8f, 0x02, 0x23, 0xd9, 0x12, 0xd9
	.byte 0xec, 0x02, 0xf2, 0x8d, 0xe5, 0xe0, 0x32, 0xe9
	.byte 0x13, 0xea, 0x81, 0xa1, 0x23, 0xb3, 0xe8, 0xef
	.byte 0x64, 0x0e, 0xef, 0x6c, 0xbf, 0x02, 0x32, 0xb7
	.byte 0x33, 0x3b, 0x1d, 0x33, 0x73, 0xf0, 0xdb, 0xcf
	.byte 0xff, 0xff, 0x66, 0x19, 0x87, 0x21, 0xd8, 0x12
	.byte 0x8f, 0x02, 0x23, 0xd9, 0x12, 0xd9, 0xec, 0x02
	.byte 0xf2, 0xad, 0xe6, 0xe0, 0x32, 0xe9, 0x13, 0xea
	.byte 0x81, 0xa1, 0x23, 0xb3, 0xe8, 0xef, 0x64, 0x0e
	.byte 0xef, 0x6c, 0xbf, 0x02, 0x32, 0xb7, 0x33, 0x3b
	.byte 0x1d, 0x33, 0x73, 0xf0, 0xdb, 0xcf, 0xff, 0xff
	.byte 0x66, 0x19, 0x87, 0x21, 0xd8, 0x12, 0x8f, 0x02
	.byte 0x23, 0xd9, 0x12, 0xd9, 0xec, 0x02, 0xf2, 0xd5
	.byte 0xe5, 0xe0, 0x32, 0xe9, 0x13, 0xea, 0x81, 0xa1
	.byte 0x23, 0xb3, 0xe8, 0xef, 0x64, 0x0e, 0xef, 0x6c
	.byte 0xbf, 0x02, 0x32, 0xb7, 0x33, 0x3b, 0x1d, 0x33
	.byte 0x73, 0xf0, 0xdb, 0xcf, 0xff, 0xff, 0x66, 0x19
	.byte 0x87, 0x21, 0xd8, 0x12, 0x8f, 0x02, 0x23, 0xd9
	.byte 0x12, 0xd9, 0xec, 0x02, 0xf2, 0x1d, 0xe6, 0xe0
	.byte 0x32, 0xe9, 0x13, 0xea, 0x81, 0xa1, 0x23, 0xb3
	.byte 0xe8, 0xef, 0x64, 0x0e, 0xef, 0x68, 0x2e, 0xbf
	.byte 0x08, 0x51, 0xd8, 0x8e, 0xbf, 0x02, 0x30, 0x1d
	.byte 0x12, 0x99, 0xf0, 0x8f, 0x02, 0x3f, 0x00, 0x6e
	.byte 0x30, 0xbf, 0x06, 0x32, 0xbf, 0x04, 0x30, 0x38
	.byte 0xde, 0x88, 0x9f, 0x0c, 0x21, 0x1d, 0x33, 0x73
	.byte 0xf0, 0xdb, 0xcf, 0xff, 0xff, 0x66, 0x1a, 0x8f
	.byte 0x04, 0x21, 0xd8, 0x12, 0x8f, 0x06, 0x23, 0xd9
	.byte 0x12, 0xd9, 0xec, 0x02, 0xf2, 0x65, 0xe6, 0xe0
	.byte 0x32, 0xe9, 0x13, 0xea, 0x81, 0xa1, 0x23, 0xb3
	.byte 0xe8, 0x4e, 0xef, 0x60, 0x0e, 0xbf, 0xec, 0x37
	.byte 0xd7, 0xfa, 0x04, 0xbf, 0x14, 0x41, 0xbf, 0x12
	.byte 0x31, 0xd8, 0xa8, 0x1d, 0x3b, 0x6b, 0xf0, 0x8f
	.byte 0x12, 0x3f, 0x05, 0x76, 0xaa, 0x00, 0x8f, 0x12
	.byte 0x3f, 0x08, 0x76, 0xa3, 0x00, 0x8f, 0x12, 0x21
	.byte 0xd8, 0x12, 0xbf, 0x02, 0x31, 0x1d, 0x3b, 0x6b
	.byte 0xf0, 0xbf, 0x02, 0x32, 0xba, 0x06, 0x00, 0xff
	.byte 0xba, 0x07, 0x00, 0x00, 0xba, 0x08, 0x30, 0xba
	.byte 0x09, 0x31, 0x8f, 0x12, 0x3f, 0x02, 0x6e, 0x08
	.byte 0xb0, 0x00, 0x15, 0xb1, 0x00, 0x00, 0x68, 0x06
	.byte 0xb0, 0x00, 0x0a, 0xb1, 0x00, 0xf6, 0x8f, 0x14
	.byte 0x21, 0xd8, 0x12, 0xba, 0x0a, 0x31, 0x1d, 0xbc
	.byte 0x74, 0xf0, 0xbf, 0x02, 0x30, 0x1d, 0x72, 0x6b
	.byte 0xf0, 0xcf, 0xd9, 0x7e, 0x8d, 0x01, 0x8f, 0x12
	.byte 0x21, 0xd8, 0x12, 0x8f, 0x05, 0x23, 0xd9, 0x12
	.byte 0x1d, 0x2e, 0x6b, 0xf0, 0x8f, 0x12, 0x21, 0xd8
	.byte 0x12, 0x28, 0x0b, 0x21, 0x00, 0x1d, 0x5b, 0xef
	.byte 0xf0, 0xef, 0x64, 0x8f, 0x12, 0x3f, 0x02, 0x6e
	.byte 0x0a, 0xbf, 0x05, 0x31, 0x81, 0x21, 0xc9, 0xca
	.byte 0x0b, 0xb1, 0x41, 0x8f, 0x12, 0x21, 0xd8, 0x12
	.byte 0xbf, 0x05, 0x31, 0x1d, 0x3c, 0x67, 0xf0, 0x8f
	.byte 0x12, 0x3f, 0x02, 0x67, 0x16, 0x8f, 0x12, 0x3f
	.byte 0x04, 0x6b, 0x10, 0x8f, 0x12, 0x21, 0xc9, 0x6a
	.byte 0xd8, 0x12, 0x8f, 0x05, 0x23, 0xd9, 0x12, 0x1d
	.byte 0x3d, 0x99, 0xf0, 0xd8, 0xac, 0x78, 0xef, 0x00
	.byte 0xbf, 0x02, 0x31, 0x8f, 0x12, 0x3f, 0x05, 0x6e
	.byte 0x44, 0xbf, 0x12, 0x00, 0x09, 0x30, 0x09, 0x00
	.byte 0x1d, 0x3b, 0x6b, 0xf0, 0xbf, 0x02, 0x31, 0xb9
	.byte 0x06, 0x00, 0x0f, 0xb9, 0x07, 0x00, 0x00, 0xb9
	.byte 0x08, 0x00, 0x0a, 0xb9, 0x09, 0x00, 0x06, 0x8f
	.byte 0x14, 0x21, 0xd8, 0x12, 0xb9, 0x0a, 0x31, 0x1d
	.byte 0xbc, 0x74, 0xf0, 0x8f, 0x12, 0x23, 0xd9, 0x12
	.byte 0x0b, 0x29, 0x00, 0xbf, 0x04, 0x30, 0x38, 0x30
	.byte 0x21, 0x00, 0xda, 0xa8, 0x1d, 0x37, 0x6f, 0xf0
	.byte 0xd8, 0xac, 0x78, 0xa2, 0x00, 0x8f, 0x12, 0x3f
	.byte 0x08, 0x7e, 0x9f, 0x00, 0xbf, 0x12, 0x00, 0x0a
	.byte 0x8f, 0x14, 0x21, 0xc9, 0x30, 0x07, 0xc7, 0xfb
	.byte 0x99, 0x30, 0x0a, 0x00, 0x1d, 0x3b, 0x6b, 0xf0
	.byte 0xbf, 0x02, 0x30, 0xb8, 0x06, 0x00, 0x0f, 0xb8
	.byte 0x07, 0x00, 0x00, 0xb8, 0x08, 0x00, 0x0b, 0xb8
	.byte 0x09, 0x00, 0x00, 0xbf, 0x0e, 0x30, 0x1d, 0xb5
	.byte 0x61, 0xf0, 0xc7, 0xfb, 0xd8, 0x6e, 0x6e, 0xbf
	.byte 0x02, 0x30, 0xb0, 0xcf, 0x6e, 0x21, 0xb0, 0xbf
	.byte 0x80, 0x21, 0xbf, 0x10, 0x41, 0xd8, 0xac, 0x31
	.byte 0x40, 0x00, 0xda, 0xa9, 0x1d, 0x73, 0x97, 0xf0
	.byte 0x8f, 0x0e, 0x21, 0xd8, 0x12, 0x0b, 0x40, 0x00
	.byte 0xd9, 0xac, 0x32, 0x40, 0x00, 0x68, 0x72, 0xb8
	.byte 0x0a, 0x00, 0x01, 0x1d, 0x72, 0x6b, 0xf0, 0xcf
	.byte 0xd9, 0x6e, 0x78, 0x8f, 0x05, 0x21, 0xbf, 0x10
	.byte 0x41, 0xbf, 0x10, 0x32, 0x0b, 0x0f, 0x00, 0xd8
	.byte 0xa8, 0x31, 0x5d, 0x00, 0x1d, 0xda, 0x61, 0xf0
	.byte 0x8f, 0x12, 0x21, 0xd8, 0x12, 0x8f, 0x10, 0x23
	.byte 0xd9, 0x12, 0x1d, 0x2e, 0x6b, 0xf0, 0x8f, 0x12
	.byte 0x21, 0xd8, 0x12, 0x28, 0x0b, 0x21, 0x00, 0x1d
	.byte 0x5b, 0xef, 0xf0, 0xef, 0x64, 0xd8, 0xac, 0x1d
	.byte 0x99, 0x74, 0xf0, 0x68, 0x3e, 0xbf, 0x02, 0x30
	.byte 0xb0, 0xcf, 0x66, 0x37, 0x80, 0x23, 0xcb, 0xcc
	.byte 0x0f, 0x6e, 0x24, 0xb0, 0xb7, 0x80, 0x21, 0xbf
	.byte 0x10, 0x41, 0xd8, 0xac, 0x31, 0x40, 0x00, 0xda
	.byte 0xa8, 0x1d, 0x73, 0x97, 0xf0, 0x8f, 0x0e, 0x21
	.byte 0xd8, 0x12, 0x0b, 0x40, 0x00, 0xd9, 0xac, 0xda
	.byte 0xa8, 0x1d, 0x24, 0xb2, 0xfd, 0x68, 0x9a, 0xb8
	.byte 0x0a, 0x00, 0xff, 0x1d, 0x72, 0x6b, 0xf0, 0xcf
	.byte 0xd9, 0x66, 0x88, 0xd7, 0xfa, 0x05, 0xbf, 0x14
	.byte 0x37, 0x0e, 0xc9, 0xd8, 0xb0, 0xf6, 0xd8, 0xa8
	.byte 0x1d, 0x64, 0x97, 0xf0, 0x30, 0x3e, 0x00, 0xd9
	.byte 0xa8, 0x1d, 0x70, 0x61, 0xf0, 0x0e, 0xef, 0x6c
	.byte 0xbf, 0x02, 0x41, 0xb7, 0x31, 0xd8, 0xa8, 0x1d
	.byte 0x3b, 0x6b, 0xf0, 0x8f, 0x02, 0x3f, 0x00, 0x6e
	.byte 0x0b, 0x87, 0x3f, 0x05, 0x66, 0x1f, 0xd8, 0xa8
	.byte 0xd9, 0xad, 0x68, 0x09, 0x87, 0x3f, 0x01, 0x66
	.byte 0x14, 0xd8, 0xa8, 0xd9, 0xa9, 0x1d, 0x2e, 0x6b
	.byte 0xf0, 0x0b, 0x00, 0x00, 0x0b, 0x21, 0x00, 0x1d
	.byte 0x5b, 0xef, 0xf0, 0xef, 0x64, 0xef, 0x64, 0x0e
	.byte 0xef, 0x6c, 0xbf, 0x02, 0x41, 0xb7, 0x31, 0xd8
	.byte 0xa8, 0x1d, 0x3b, 0x6b, 0xf0, 0x8f, 0x02, 0x3f
	.byte 0x00, 0x6e, 0x0b, 0x87, 0x3f, 0x06, 0x66, 0x1f
	.byte 0xd8, 0xa8, 0xd9, 0xae, 0x68, 0x09, 0x87, 0x3f
	.byte 0x02, 0x66, 0x14, 0xd8, 0xa8, 0xd9, 0xaa, 0x1d
	.byte 0x2e, 0x6b, 0xf0, 0x0b, 0x00, 0x00, 0x0b, 0x21
	.byte 0x00, 0x1d, 0x5b, 0xef, 0xf0, 0xef, 0x64, 0xef
	.byte 0x64, 0x0e, 0xef, 0x6c, 0xbf, 0x02, 0x41, 0xb7
	.byte 0x31, 0xd8, 0xa8, 0x1d, 0x3b, 0x6b, 0xf0, 0x8f
	.byte 0x02, 0x3f, 0x00, 0x6e, 0x0b, 0x87, 0x3f, 0x07
	.byte 0x66, 0x1f, 0xd8, 0xa8, 0xd9, 0xaf, 0x68, 0x09
	.byte 0x87, 0x3f, 0x03, 0x66, 0x14, 0xd8, 0xa8, 0xd9
	.byte 0xab, 0x1d, 0x2e, 0x6b, 0xf0, 0x0b, 0x00, 0x00
	.byte 0x0b, 0x21, 0x00, 0x1d, 0x5b, 0xef, 0xf0, 0xef
	.byte 0x64, 0xef, 0x64, 0x0e, 0xef, 0x6c, 0xbf, 0x02
	.byte 0x41, 0xb7, 0x31, 0xd8, 0xa8, 0x1d, 0x3b, 0x6b
	.byte 0xf0, 0x8f, 0x02, 0x3f, 0x00, 0x6e, 0x0c, 0x87
	.byte 0x3f, 0x08, 0x66, 0x20, 0xd8, 0xa8, 0x31, 0x08
	.byte 0x00, 0x68, 0x09, 0x87, 0x3f, 0x04, 0x66, 0x14
	.byte 0xd8, 0xa8, 0xd9, 0xac, 0x1d, 0x2e, 0x6b, 0xf0
	.byte 0x0b, 0x00, 0x00, 0x0b, 0x21, 0x00, 0x1d, 0x5b
	.byte 0xef, 0xf0, 0xef, 0x64, 0xef, 0x64, 0x0e, 0xc9
	.byte 0xd8, 0xb0, 0xfe, 0x30, 0x20, 0x00, 0xd9, 0xa8
	.byte 0x1d, 0x70, 0x61, 0xf0, 0x0e, 0xbf, 0xf0, 0x37
	.byte 0xbf, 0x0e, 0x41, 0xbf, 0x0c, 0x31, 0xd8, 0xa8
	.byte 0x1d, 0x3b, 0x6b, 0xf0, 0x8f, 0x0c, 0x3c, 0x0f
	.byte 0xb7, 0x31, 0xd8, 0xa9, 0x1d, 0x3b, 0x6b, 0xf0
	.byte 0xb7, 0x31, 0xb9, 0x06, 0x00, 0xff, 0xb9, 0x07
	.byte 0x00, 0x00, 0x8f, 0x0e, 0x21, 0xd8, 0x12, 0xb9
	.byte 0x0a, 0x31, 0x1d, 0xbc, 0x74, 0xf0, 0x8f, 0x0c
	.byte 0x25, 0xb7, 0x31, 0xb9, 0x08, 0x30, 0xb9, 0x09
	.byte 0x31, 0xcd, 0xcf, 0x09, 0x66, 0x38, 0xcd, 0xcf
	.byte 0x0a, 0x66, 0x38, 0xcd, 0xcf, 0x0b, 0x66, 0x33
	.byte 0xcd, 0xcf, 0x08, 0x6b, 0x33, 0xcd, 0xd8, 0x67
	.byte 0x2f, 0xb0, 0x00, 0x32, 0xb1, 0x00, 0x00, 0x40
	.byte 0x5e, 0x00, 0x00, 0x00, 0xd8, 0x12, 0x28, 0xbf
	.byte 0x02
	.asciz "080:"
	lds	bc, 1
	.byte 0xda, 0xa8, 0x1d, 0x37, 0x6f, 0xf0, 0xd8, 0xa9
	.byte 0x1d, 0x99, 0x74, 0xf0, 0x68, 0x0a, 0xb0, 0x00
	.byte 0x1e, 0x68, 0xd9, 0xb0, 0x00, 0x01, 0x68, 0xd4
	.byte 0xbf, 0x10, 0x37, 0x0e, 0xbf, 0xf0, 0x37, 0xbf
	.byte 0x0e, 0x41, 0xbf, 0x0c, 0x31, 0xd8, 0xa8, 0x1d
	.byte 0x3b, 0x6b, 0xf0, 0x8f, 0x0c, 0x3c, 0x0f, 0xb7
	.byte 0x31, 0xd8, 0xaa, 0x1d, 0x3b, 0x6b, 0xf0, 0xb7
	.byte 0x31, 0xb9, 0x06, 0x00, 0xff, 0xb9, 0x07, 0x00
	.byte 0x00, 0x8f, 0x0e, 0x21, 0xd8, 0x12, 0xb9, 0x0a
	.byte 0x31, 0x1d, 0xbc, 0x74, 0xf0, 0x8f, 0x0c, 0x25
	.byte 0xb7, 0x31, 0xb9, 0x08, 0x30, 0xb9, 0x09, 0x31
	.byte 0xcd, 0xcf, 0x08, 0x66, 0x40, 0xcd, 0xcf, 0x09
	.byte 0x66, 0x43, 0xcd, 0xcf, 0x0a, 0x66, 0x0d, 0xcd
	.byte 0xcf, 0x0b, 0x66, 0x08, 0xcd, 0xdf, 0x6b, 0x3d
	.byte 0xcd, 0xd8, 0x67, 0x39, 0xb7, 0x30, 0xb8, 0x08
	.byte 0x00, 0x32, 0xb8, 0x09, 0x00, 0x00, 0xe8, 0xa9
	.byte 0xb8, 0x5e, 0x30, 0xd8, 0x12, 0x28, 0xbf, 0x02
	.asciz "080:"
	.byte 0xd9, 0xaa, 0xda
	.byte 0xa8, 0x1d, 0x37, 0x6f, 0xf0, 0xd8, 0xaa, 0x1d
	.byte 0x99, 0x74, 0xf0, 0x68, 0x10, 0xb0, 0x00, 0x32
	.byte 0xb1, 0x00, 0xce, 0x68, 0xd9, 0xb0, 0x00, 0x1e
	.byte 0xb1, 0x00, 0x00, 0x68, 0xd1, 0xbf, 0x10, 0x37
	.byte 0x0e, 0xbf, 0xf0, 0x37, 0xbf, 0x0e, 0x41, 0xbf
	.byte 0x0c, 0x31, 0xd8, 0xa8, 0x1d, 0x3b, 0x6b, 0xf0
	.byte 0x8f, 0x0c, 0x3c, 0x0f, 0xb7, 0x31, 0xd8, 0xab
	.byte 0x1d, 0x3b, 0x6b, 0xf0, 0xb7, 0x31, 0xb9, 0x06
	.byte 0x00, 0xff, 0xb9, 0x07, 0x00, 0x00, 0x8f, 0x0e
	.byte 0x21, 0xd8, 0x12, 0xb9, 0x0a, 0x31, 0x1d, 0xbc
	.byte 0x74, 0xf0, 0x8f, 0x0c, 0x21, 0xd8, 0x12, 0xd8
	.byte 0xd8, 0x65, 0x6d, 0xd8, 0xcf, 0x0b, 0x00, 0x6a
	.byte 0x67, 0xd8, 0x80, 0xf2, 0xf5, 0xe6, 0xe0, 0x34
	.byte 0xd3, 0x07, 0xf0, 0xe0, 0x20, 0xf2, 0x8b, 0xdc
	.byte 0xf0, 0x34, 0xf3, 0x07, 0xf0, 0xe0, 0xd8, 0xb7
	.byte 0x30, 0xb8, 0x08, 0x00, 0x32, 0xb8, 0x09, 0x00
	.byte 0xce, 0xe8, 0xaa, 0xb8, 0x5e, 0x30, 0xd8, 0x12
	.byte 0x28, 0xbf, 0x02
	.asciz "080:"
	.byte 0xd9, 0xab, 0xda, 0xa8, 0x1d, 0x37, 0x6f, 0xf0
	.byte 0xd8, 0xab, 0x1d, 0x99, 0x74, 0xf0, 0x68, 0x28
	.byte 0xb7, 0x30, 0xb8, 0x08, 0x00, 0x32, 0x68, 0x1a
	.byte 0xb7, 0x30, 0xb8, 0x08, 0x00, 0x03, 0x68, 0x12
	.byte 0xb7, 0x30, 0xb8, 0x08, 0x00, 0x18, 0xb8, 0x09
	.byte 0x00, 0xe8, 0x68, 0xc5, 0xb7, 0x30, 0xb8, 0x08
	.byte 0x00, 0x1e, 0xb8, 0x09, 0x00, 0x00, 0x68, 0xb9
	.byte 0xbf, 0x10, 0x37, 0x0e, 0xbf, 0xf0, 0x37, 0xbf
	.byte 0x0e, 0x41, 0xbf, 0x0c, 0x31, 0xd8, 0xa8, 0x1d
	.byte 0x3b, 0x6b, 0xf0, 0x8f, 0x0c, 0x3c, 0x0f, 0xb7
	.byte 0x31, 0xd8, 0xac, 0x1d, 0x3b, 0x6b, 0xf0, 0xb7
	.byte 0x31, 0xb9, 0x06, 0x00, 0xff, 0xb9, 0x07, 0x00
	.byte 0x00, 0x8f, 0x0e, 0x21, 0xd8, 0x12, 0xb9, 0x0a
	.byte 0x31, 0x1d, 0xbc, 0x74, 0xf0, 0x8f, 0x0c, 0x21
	.byte 0xd8, 0x12, 0xd8, 0xd8, 0x65, 0x55, 0xd8, 0xcf
	.byte 0x09, 0x00, 0x6a, 0x4f, 0xd8, 0x80, 0xf2, 0x0d
	.byte 0xe7, 0xe0, 0x34, 0xd3, 0x07, 0xf0, 0xe0, 0x20
	.byte 0xf2, 0x36, 0xdd, 0xf0, 0x34, 0xf3, 0x07, 0xf0
	.byte 0xe0, 0xd8, 0xb7, 0x30, 0xb8, 0x08, 0x00, 0x32
	.byte 0xb8, 0x09, 0x00, 0x00, 0xe8, 0xab, 0xb8, 0x5e
	.byte 0x30, 0xd8, 0x12, 0x28, 0xbf, 0x02, 0x30, 0x38
	.byte 0x30, 0x3a, 0x00, 0xd9, 0xac, 0xda, 0xa8, 0x1d
	.byte 0x37, 0x6f, 0xf0, 0xd8, 0xac, 0x1d, 0x99, 0x74
	.byte 0xf0, 0x68, 0x10, 0xb7, 0x30, 0xb8, 0x08, 0x00
	.byte 0x64, 0x68, 0xd5, 0xb7, 0x30, 0xb8, 0x08, 0x00
	.byte 0x1e, 0x68, 0xcd, 0xbf, 0x10, 0x37, 0x0e, 0xbf
	.byte 0xf0, 0x37, 0xbf, 0x0e, 0x41, 0xbf, 0x0c, 0x31
	.byte 0xd8, 0xa8, 0x1d, 0x3b, 0x6b, 0xf0, 0x8f, 0x0c
	.byte 0x3c, 0x0f, 0xb7, 0x31, 0xd8, 0xad, 0x1d, 0x3b
	.byte 0x6b, 0xf0, 0xb7, 0x31, 0xb9, 0x06, 0x00, 0xff
	.byte 0xb9, 0x07, 0x00, 0x00, 0x8f, 0x0e, 0x21, 0xd8
	.byte 0x12, 0xb9, 0x0a, 0x31, 0x1d, 0xbc, 0x74, 0xf0
	.byte 0x8f, 0x0c, 0x21, 0xd8, 0x12, 0xd8, 0xd8, 0x65
	.byte 0x4f, 0xd8, 0xdd, 0x6a, 0x4b, 0xd8, 0x80, 0xf2
	.byte 0x21, 0xe7, 0xe0, 0x34, 0xd3, 0x07, 0xf0, 0xe0
	.byte 0x20, 0xf2, 0xc7, 0xdd, 0xf0, 0x34, 0xf3, 0x07
	.byte 0xf0, 0xe0, 0xd8, 0xb7, 0x30, 0xb8, 0x08, 0x00
	.byte 0x64, 0xb8, 0x09, 0x00, 0x00, 0xe8, 0xac, 0xb8
	.byte 0x5e, 0x30, 0xd8, 0x12, 0x28, 0xbf, 0x02, 0x30
	.byte 0x38, 0x30, 0x3a, 0x00, 0xd9, 0xad, 0xda, 0xa8
	.byte 0x1d, 0x37, 0x6f, 0xf0, 0xd8, 0xad, 0x1d, 0x99
	.byte 0x74, 0xf0, 0x68, 0x0c, 0xb7, 0x30, 0xb8, 0x08
	.byte 0x00, 0x32, 0xb8, 0x09, 0x00, 0xce, 0x68, 0xd5
	.byte 0xbf, 0x10, 0x37, 0x0e, 0xbf, 0xf0, 0x37, 0xbf
	.byte 0x0e, 0x41, 0xbf, 0x0c, 0x31, 0xd8, 0xa8, 0x1d
	.byte 0x3b, 0x6b, 0xf0, 0x8f, 0x0c, 0x3c, 0x0f, 0xb7
	.byte 0x31, 0xd8, 0xae, 0x1d, 0x3b, 0x6b, 0xf0, 0xb7
	.byte 0x31, 0xb9, 0x06, 0x00, 0xff, 0xb9, 0x07, 0x00
	.byte 0x00, 0x8f, 0x0e, 0x21, 0xd8, 0x12, 0xb9, 0x0a
	.byte 0x31, 0x1d, 0xbc, 0x74, 0xf0, 0x8f, 0x0c, 0x21
	.byte 0xc9, 0xdd, 0x66, 0x04, 0xc9, 0xdc, 0x6e, 0x24
	.byte 0xb7, 0x31, 0xb9, 0x08, 0x00, 0x32, 0xb9, 0x09
	.byte 0x00, 0x00, 0xe8, 0xad, 0xb8, 0x5e, 0x30, 0xd8
	.byte 0x12
	.asciz "(90:"
	lds	bc, 6
	.byte 0xda, 0xa8, 0x1d, 0x37, 0x6f, 0xf0, 0xd8, 0xae
	.byte 0x1d, 0x99, 0x74, 0xf0, 0xbf, 0x10, 0x37, 0x0e
	.byte 0xbf, 0xf0, 0x37, 0xbf, 0x0e, 0x41, 0xbf, 0x0c
	.byte 0x31, 0xd8, 0xa8, 0x1d, 0x3b, 0x6b, 0xf0, 0x8f
	.byte 0x0c, 0x3c, 0x0f, 0xb7, 0x31, 0xd8, 0xaf, 0x1d
	.byte 0x3b, 0x6b, 0xf0, 0xb7, 0x31, 0xb9, 0x06, 0x00
	.byte 0xff, 0xb9, 0x07, 0x00, 0x00, 0x8f, 0x0e, 0x21
	.byte 0xd8, 0x12, 0xb9, 0x0a, 0x31, 0x1d, 0xbc, 0x74
	.byte 0xf0, 0x8f, 0x0c, 0x21, 0xc9, 0xcf, 0x0a, 0x66
	.byte 0x32, 0xc9, 0xcf, 0x0b, 0x66, 0x09, 0xc9, 0xcf
	.byte 0x09, 0x6b, 0x28, 0xc9, 0xd8, 0x67, 0x24, 0xb7
	.byte 0x31, 0xb9, 0x08, 0x00, 0x32, 0xb9, 0x09, 0x00
	.byte 0xce, 0xe8, 0xae, 0xb8, 0x5e, 0x30, 0xd8, 0x12
	.asciz "(90:"
	.byte 0xd9, 0xaf, 0xda
	.byte 0xa8, 0x1d, 0x37, 0x6f, 0xf0, 0xd8, 0xaf, 0x1d
	.byte 0x99, 0x74, 0xf0, 0xbf, 0x10, 0x37, 0x0e, 0xbf
	.byte 0xf0, 0x37, 0xbf, 0x0e, 0x41, 0xbf, 0x0c, 0x31
	.byte 0xd8, 0xa8, 0x1d, 0x3b, 0x6b, 0xf0, 0x8f, 0x0c
	.byte 0x3c, 0x0f, 0xb7, 0x31, 0x30, 0x08, 0x00, 0x1d
	.byte 0x3b, 0x6b, 0xf0, 0xb7, 0x31, 0xb9, 0x06, 0x00
	.byte 0xff, 0xb9, 0x07, 0x00, 0x00, 0x8f, 0x0e, 0x21
	.byte 0xd8, 0x12, 0xb9, 0x0a, 0x31, 0x1d, 0xbc, 0x74
	.byte 0xf0, 0x8f, 0x0c, 0x21, 0xc9, 0xcf, 0x0b, 0x6b
	.byte 0x2a, 0xc9, 0xd8, 0x67, 0x26, 0xb7, 0x31, 0xb9
	.byte 0x08, 0x00, 0x32, 0xb9, 0x09, 0x00, 0xce, 0xe8
	.byte 0xaf, 0xb8, 0x5e, 0x30, 0xd8, 0x12, 0x28, 0x39
	.byte 0x30, 0x3a, 0x00, 0x31, 0x08, 0x00, 0xda, 0xa8
	.byte 0x1d, 0x37, 0x6f, 0xf0, 0x30, 0x08, 0x00, 0x1d
	.byte 0x99, 0x74, 0xf0, 0xbf, 0x10, 0x37, 0x0e, 0xef
	.byte 0x6c, 0xbf, 0x02, 0x31, 0xc9, 0xd8, 0x6e, 0x4a
	.byte 0xd8, 0xa8, 0x1d, 0x3b, 0x6b, 0xf0, 0x8f, 0x02
	.byte 0x21, 0xc9, 0xcc, 0x0f, 0xc9, 0xcf, 0x0b, 0x76
	.byte 0xa8, 0x00, 0xc9, 0xcf, 0x0b, 0x7b, 0xa2, 0x00
	.byte 0xc9, 0x61, 0x8f, 0x02, 0x3c, 0xf0, 0x8f, 0x02
	.byte 0xe9, 0x8f, 0x02, 0x23, 0xd9, 0x12, 0xd8, 0xa8
	.byte 0x1d, 0x2e, 0x6b, 0xf0, 0xbf, 0x02, 0x32, 0x0b
	.byte 0x0f, 0x00, 0xd8, 0xa8, 0x31, 0x5d, 0x00, 0x1d
	.byte 0xda, 0x61, 0xf0, 0x30, 0x3a, 0x00, 0xd9, 0xa9
	.byte 0x1d, 0x70, 0x61, 0xf0, 0x1d, 0xd1, 0x98, 0xf0
	.byte 0x68, 0x70, 0xd8, 0xa8, 0x1d, 0x3b, 0x6b, 0xf0
	.byte 0xb7, 0x30, 0x1d, 0xb5, 0x61, 0xf0, 0xbf, 0x02
	.byte 0xcf, 0x66, 0x1b, 0xbf, 0x02, 0xb7, 0xd8, 0xac
	.byte 0x31, 0x40, 0x00, 0xda, 0xa8, 0x1d, 0x73, 0x97
	.byte 0xf0, 0x87, 0x21, 0xd8, 0x12, 0x0b, 0x40, 0x00
	.byte 0xd9, 0xac, 0xda, 0xa8, 0x68, 0x1a, 0xbf, 0x02
	.byte 0xbf, 0xd8, 0xac, 0x31, 0x40, 0x00, 0xda, 0xa9
	.byte 0x1d, 0x73, 0x97, 0xf0, 0x87, 0x21, 0xd8, 0x12
	.byte 0x0b, 0x40, 0x00, 0xd9, 0xac, 0x32, 0x40, 0x00
	.byte 0x1d, 0x24, 0xb2, 0xfd, 0x8f, 0x02, 0x23, 0xd9
	.byte 0x12, 0xd8, 0xa8, 0x1d, 0x2e, 0x6b, 0xf0, 0xbf
	.byte 0x02, 0x32, 0x0b, 0x80, 0x00, 0xd8, 0xa8, 0x31
	.byte 0x5d, 0x00, 0x1d, 0xda, 0x61, 0xf0, 0x0b, 0x00
	.byte 0x00, 0x0b, 0x3a, 0x00, 0x1d, 0x5b, 0xef, 0xf0
	.byte 0xef, 0x64, 0xef, 0x64, 0x0e, 0xef, 0x6a, 0xb7
	.byte 0x31, 0xc9, 0xd8, 0x6e, 0x40, 0xd8, 0xa8, 0x1d
	.byte 0x3b, 0x6b, 0xf0, 0x87, 0x21, 0xc9, 0xcc, 0x0f
	.byte 0x66, 0x67, 0xc9, 0xcf, 0x0b, 0x6b, 0x62, 0xc9
	.byte 0x69, 0x87, 0x3c, 0xf0, 0x87, 0xe9, 0x87, 0x23
	.byte 0xd9, 0x12, 0xd8, 0xa8, 0x1d, 0x2e, 0x6b, 0xf0
	.byte 0xb7, 0x32, 0x0b, 0x0f, 0x00, 0xd8, 0xa8, 0x31
	.byte 0x5d, 0x00, 0x1d, 0xda, 0x61, 0xf0, 0x30, 0x3a
	.byte 0x00, 0xd9, 0xa9, 0x1d, 0x70, 0x61, 0xf0, 0x1d
	.byte 0xd1, 0x98, 0xf0, 0x68, 0x34, 0xd8, 0xa8, 0x1d
	.byte 0x3b, 0x6b, 0xf0, 0xb7, 0xce, 0x66, 0x04, 0xb7
	.byte 0xb6, 0x68, 0x02, 0xb7, 0xbe, 0x87, 0x23, 0xd9
	.byte 0x12, 0xd8, 0xa8, 0x1d, 0x2e, 0x6b, 0xf0, 0xb7
	.byte 0x32, 0x0b, 0x40, 0x00, 0xd8, 0xa8, 0x31, 0x5d
	.byte 0x00, 0x1d, 0xda, 0x61, 0xf0, 0x0b, 0x00, 0x00
	.byte 0x0b, 0x3a, 0x00, 0x1d, 0x5b, 0xef, 0xf0, 0xef
	.byte 0x64, 0xef, 0x62, 0x0e, 0xc9, 0xd8, 0xb0, 0xfe
	.byte 0x30, 0x20, 0x00, 0xd9, 0xa8, 0x1d, 0x70, 0x61
	.byte 0xf0, 0x0e, 0xef, 0x6a, 0xc9, 0xd8, 0x66, 0x2c
	.byte 0xb7, 0x30, 0x1d, 0x4d, 0x74, 0xf0, 0x87, 0x21
	.byte 0xd8, 0x12, 0x31, 0x3e, 0x00, 0x1d, 0x90, 0x62
	.byte 0xf0, 0x87, 0x21, 0xd8, 0x12, 0x1d, 0xc3, 0x67
	.byte 0xf0, 0x30, 0x23, 0x00, 0x1d, 0x94, 0x61, 0xf0
	.byte 0xd8, 0xa9, 0x1d, 0x64, 0x97, 0xf0, 0xd8, 0xa8
	.byte 0x1d, 0xa1, 0x95, 0xf0, 0xef, 0x62, 0x0e, 0xef
	.byte 0x6e, 0xc9, 0xd8, 0x6e, 0x6a, 0xbf, 0x04, 0x30
	.byte 0x1d, 0x4d, 0x74, 0xf0, 0x8f, 0x04, 0x3f, 0x27
	.byte 0x6f, 0x5d, 0x8f, 0x04, 0x61, 0x8f, 0x04, 0x21
	.byte 0xd8, 0x12, 0x1d, 0x52, 0x74, 0xf0, 0xb7, 0x32
	.byte 0x8f, 0x04, 0x21, 0xd8, 0x12, 0xe8, 0x12, 0xd8
	.byte 0x0a, 0x14, 0x00, 0xb2, 0x41, 0xba, 0x01, 0x31
	.byte 0x8f, 0x04, 0x21, 0xd8, 0x12, 0xe8, 0x12, 0xd8
	.byte 0x0a, 0x14, 0x00, 0xd7, 0xe2, 0x88, 0xb1, 0x41
	.byte 0x82, 0x61, 0x81, 0x61, 0x82, 0x23, 0xd9, 0x12
	.byte 0xd8, 0xa8, 0x1d, 0x2e, 0x6b, 0xf0, 0x8f, 0x01
	.byte 0x23, 0xd9, 0x12, 0xd8, 0xa9, 0x1d, 0x2e, 0x6b
	.byte 0xf0, 0x0b, 0x00, 0x00, 0x0b, 0x3e, 0x00, 0x1d
	.byte 0x5b, 0xef, 0xf0, 0x0b, 0x01, 0x00, 0x0b, 0x3e
	.byte 0x00, 0x1d, 0x5b, 0xef, 0xf0, 0xef, 0x60, 0xef
	.byte 0x66, 0x0e, 0xef, 0x6e, 0xc9, 0xd8, 0x6e, 0x6a
	.byte 0xbf, 0x04, 0x30, 0x1d, 0x4d, 0x74, 0xf0, 0x8f
	.byte 0x04, 0x3f, 0x00, 0x66, 0x5d, 0x8f, 0x04, 0x69
	.byte 0x8f, 0x04, 0x21, 0xd8, 0x12, 0x1d, 0x52, 0x74
	.byte 0xf0, 0xb7, 0x32, 0x8f, 0x04, 0x21, 0xd8, 0x12
	.byte 0xe8, 0x12, 0xd8, 0x0a, 0x14, 0x00, 0xb2, 0x41
	.byte 0xba, 0x01, 0x31, 0x8f, 0x04, 0x21, 0xd8, 0x12
	.byte 0xe8, 0x12, 0xd8, 0x0a, 0x14, 0x00, 0xd7, 0xe2
	.byte 0x88, 0xb1, 0x41, 0x82, 0x61, 0x81, 0x61, 0x82
	.byte 0x23, 0xd9, 0x12, 0xd8, 0xa8, 0x1d, 0x2e, 0x6b
	.byte 0xf0, 0x8f, 0x01, 0x23, 0xd9, 0x12, 0xd8, 0xa9
	.byte 0x1d, 0x2e, 0x6b, 0xf0, 0x0b, 0x00, 0x00, 0x0b
	.byte 0x3e, 0x00, 0x1d, 0x5b, 0xef, 0xf0, 0x0b, 0x01
	.byte 0x00, 0x0b, 0x3e, 0x00, 0x1d, 0x5b, 0xef, 0xf0
	.byte 0xef, 0x60, 0xef, 0x66, 0x0e, 0xc9, 0xd8, 0xb0
	.byte 0xfe, 0x30, 0x3f, 0x00, 0xd9, 0xa8, 0x1d, 0x70
	.byte 0x61, 0xf0, 0x0e, 0xc9, 0xd8, 0xb0, 0xfe, 0xd8
	.byte 0xa8, 0x1d, 0xa1, 0x95, 0xf0, 0x30, 0x20, 0x00
	.byte 0xd9, 0xa8, 0x1d, 0x70, 0x61, 0xf0, 0x0e, 0x78
	.byte 0x87, 0x01, 0x78, 0xdd, 0x01, 0x78, 0x40, 0x02
	.byte 0x78, 0x14, 0x03, 0x78, 0xd2, 0x03, 0x78, 0x42
	.byte 0x04, 0xc9, 0x8b, 0xcb, 0x30, 0x07, 0x30, 0x00
	.byte 0x80, 0xcb, 0xd8, 0x6e, 0x02, 0xd8, 0xa8, 0x78
	.byte 0x7d, 0x04, 0x78, 0xf3, 0x04, 0xef, 0x6c, 0xd7
	.byte 0xfa, 0x04, 0xc9, 0xd8, 0x6e, 0x05, 0x1e, 0x33
	.byte 0x05, 0x68, 0x52, 0xbf, 0x02, 0x30, 0x1d, 0xab
	.byte 0x95, 0xf0, 0x8f, 0x02, 0x3f, 0x01, 0x66, 0x45
	.byte 0xc7, 0xfb, 0xa8, 0xc7, 0xfb, 0x89, 0xd8, 0x12
	.byte 0xbf, 0x04, 0x31, 0x1d, 0x69, 0x74, 0xf0, 0xbf
	.byte 0x04, 0x31, 0xe9, 0x88, 0x1d, 0x30, 0x28, 0xfb
	.byte 0xc7, 0xfb, 0x89, 0xd8, 0x12, 0xe8, 0x12, 0xc9
	.byte 0x8b, 0xbf, 0x04, 0x32, 0x0b, 0x7f, 0x00, 0xd8
	.byte 0xa8, 0x1d, 0xda, 0x61, 0xf0, 0xc7, 0xfb, 0x61
	.byte 0xc7, 0xfb, 0xcf, 0x10, 0x67, 0xcd, 0xd8, 0xa8
	.byte 0x1d, 0x64, 0x97, 0xf0, 0x30, 0x3e, 0x00, 0xd9
	.byte 0xa8, 0x1d, 0x70, 0x61, 0xf0, 0xd7, 0xfa, 0x05
	.byte 0xef, 0x64, 0x0e, 0xc9, 0xd8, 0xb0, 0xfe, 0x78
	.byte 0x17, 0x05, 0xbf, 0xec, 0x37, 0xd7, 0xfa, 0x04
	.byte 0xc9, 0xd8, 0x7e, 0x82, 0x00, 0xbf, 0x02, 0x30
	.byte 0x1d, 0xab, 0x95, 0xf0, 0x8f, 0x02, 0x3f, 0x01
	.byte 0x6e, 0x39, 0xbf, 0x04, 0x31, 0xd8, 0xa9, 0x32
	.byte 0x0d, 0x00, 0x1d, 0xa3, 0x72, 0xf0, 0xc7, 0xfb
	.byte 0xa8, 0xc7, 0xfb, 0x89, 0xd8, 0x12, 0xd8, 0x89
	.byte 0xe9, 0x12, 0xbf, 0x04, 0x32, 0xf3, 0x07, 0xe8
	.byte 0xe0, 0x32, 0x0b, 0x7f, 0x00, 0xd8, 0xa8, 0x1d
	.byte 0x1c, 0x66, 0xf0, 0xc7, 0xfb, 0x61, 0xc7, 0xfb
	.byte 0xcf, 0x0d, 0x67, 0xdd, 0x30, 0x3d, 0x00, 0xd9
	.byte 0xa8, 0x68, 0x38, 0xc7, 0xfb, 0xa8, 0xc7, 0xfb
	.byte 0x89, 0xd8, 0x12, 0xbf, 0x14, 0x31, 0x1d, 0x69
	.byte 0x74, 0xf0, 0xc7, 0xfb, 0x89, 0xd8, 0x12, 0xe8
	.byte 0x12, 0xc9, 0x8b, 0xbf, 0x14, 0x32, 0x0b, 0x7f
	.byte 0x00, 0xd8, 0xa8, 0x1d, 0xda, 0x61, 0xf0, 0xc7
	.byte 0xfb, 0x61, 0xc7, 0xfb, 0xcf, 0x10, 0x67, 0xd6
	.byte 0xd8, 0xa8, 0x1d, 0x64, 0x97, 0xf0, 0x30, 0x3e
	.byte 0x00, 0xd9, 0xa8, 0x1d, 0x70, 0x61, 0xf0, 0xd7
	.byte 0xfa, 0x05, 0xbf, 0x14, 0x37, 0x0e, 0xef, 0x6c
	.byte 0xc9, 0x8b, 0xcb, 0xcc, 0x1f, 0xcb, 0xcf, 0x10
	.byte 0x63, 0x02, 0x23, 0x10, 0xd9, 0x12, 0xd8, 0xaa
	.byte 0x1d, 0x2e, 0x6b, 0xf0, 0xbf, 0x02, 0x31, 0xd8
	.byte 0xa8, 0x1d, 0x69, 0x74, 0xf0, 0x8f, 0x02, 0x21
	.byte 0xd8, 0x12, 0xb7, 0x31, 0x1d, 0xf0, 0x74, 0xf0
	.byte 0x87, 0x23, 0xd9, 0x12, 0xd8, 0xa9, 0x1d, 0x2e
	.byte 0x6b, 0xf0, 0xd8, 0xa8, 0xd9, 0xa8, 0x1d, 0x2e
	.byte 0x6b, 0xf0, 0x0b, 0x3f, 0x00, 0x1d, 0x6a, 0xee
	.byte 0xf0, 0xef, 0x62, 0xd8, 0xa9, 0x1d, 0x7d, 0x74
	.byte 0xf0, 0xd8, 0xa8, 0x31, 0x08, 0x00, 0xda, 0xa8
	.byte 0x1d, 0x83, 0x74, 0xf0, 0xd8, 0xa9, 0xd9, 0xae
	.byte 0xda, 0xa8, 0x1d, 0x83, 0x74, 0xf0, 0xef, 0x64
	.byte 0x0e, 0xef, 0x6e, 0xbf, 0x04, 0x31, 0xd8, 0xa8
	.byte 0x1d, 0x3b, 0x6b, 0xf0, 0x8f, 0x04, 0x3f, 0x00
	.byte 0x66, 0x45, 0x8f, 0x04, 0x69, 0x8f, 0x04, 0x23
	.byte 0xd9, 0x12, 0xd8, 0xa8, 0x1d, 0x2e, 0x6b, 0xf0
	.byte 0x8f, 0x04, 0x21, 0xd8, 0x12, 0xbf, 0x02, 0x31
	.byte 0x1d, 0x69, 0x74, 0xf0, 0x8f, 0x02, 0x21, 0xd8
	.byte 0x12, 0xb7, 0x31, 0x1d, 0xf0, 0x74, 0xf0, 0x87
	.byte 0x23, 0xd9, 0x12, 0xd8, 0xa9, 0x1d, 0x2e, 0x6b
	.byte 0xf0, 0x0b, 0x00, 0x00, 0x0b, 0x3f, 0x00, 0x1d
	.byte 0x5b, 0xef, 0xf0, 0x0b, 0x01, 0x00, 0x0b, 0x3f
	.byte 0x00, 0x1d, 0x5b, 0xef, 0xf0, 0xef, 0x60, 0xef
	.byte 0x66, 0x0e, 0xef, 0x68, 0xbf, 0x06, 0x31, 0xd8
	.byte 0xa8, 0x1d, 0x3b, 0x6b, 0xf0, 0xb7, 0x31, 0xd8
	.byte 0xaa, 0x1d, 0x3b, 0x6b, 0xf0, 0x87, 0x21, 0xc9
	.byte 0x69, 0x8f, 0x06, 0xf9, 0x6f, 0x47, 0x8f, 0x06
	.byte 0x61, 0x8f, 0x06, 0x23, 0xd9, 0x12, 0xd8, 0xa8
	.byte 0x1d, 0x2e, 0x6b, 0xf0, 0x8f, 0x06, 0x21, 0xd8
	.byte 0x12, 0xbf, 0x04, 0x31, 0x1d, 0x69, 0x74, 0xf0
	.byte 0x8f, 0x04, 0x21, 0xd8, 0x12, 0xbf, 0x02, 0x31
	.byte 0x1d, 0xf0, 0x74, 0xf0, 0x8f, 0x02, 0x23, 0xd9
	.byte 0x12, 0xd8, 0xa9, 0x1d, 0x2e, 0x6b, 0xf0, 0x0b
	.byte 0x00, 0x00, 0x0b, 0x3f, 0x00, 0x1d, 0x5b, 0xef
	.byte 0xf0, 0x0b, 0x01, 0x00, 0x0b, 0x3f, 0x00, 0x1d
	.byte 0x5b, 0xef, 0xf0, 0xef, 0x60, 0xef, 0x60, 0x0e
	.byte 0xbf, 0xe8, 0x37, 0xd7, 0xfa, 0x04, 0xbf, 0x02
	.byte 0x31, 0xd8, 0xaa, 0x1d, 0x3b, 0x6b, 0xf0, 0xc7
	.byte 0xfb, 0xa8, 0xc7, 0xfb, 0x89, 0xd8, 0x12, 0xbf
	.byte 0x06, 0x31, 0xf3, 0x07, 0xe4, 0xe0, 0x31, 0x1d
	.byte 0x69, 0x74, 0xf0, 0xc7, 0xfb, 0x61, 0xc7, 0xfb
	.byte 0xcf, 0x0f, 0x63, 0xe6, 0x8f, 0x02, 0x23, 0xcb
	.byte 0x69, 0xd9, 0x12, 0xbf, 0x06, 0x30, 0xc3, 0x07
	.byte 0xe0, 0xe4, 0x3f, 0x20, 0x7e, 0x91, 0x00, 0xbf
	.byte 0x18, 0x31, 0xd8, 0xa8, 0x1d, 0x3b, 0x6b, 0xf0
	.byte 0xc7, 0xfb, 0xa8, 0x8f, 0x02, 0x21, 0x8f, 0x18
	.byte 0xa1, 0xc9, 0x69, 0xc7, 0xe2, 0x99, 0x8f, 0x02
	.byte 0x27, 0xcf, 0x69, 0xbf, 0x06, 0x31, 0xe9, 0x8c
	.byte 0x8f, 0x02, 0x25, 0xcd, 0xc8, 0xfe, 0xda, 0x12
	.byte 0xdb, 0x12, 0xc7, 0xfb, 0x89, 0xc7, 0xe2, 0xf1
	.byte 0x6f, 0x1d, 0xdb, 0x8d, 0xda, 0x88, 0xc3, 0x07
	.byte 0xf0, 0xe0, 0x21, 0xf3, 0x07, 0xf0, 0xf4, 0x41
	.byte 0xc7, 0xfb, 0x61, 0xdb, 0x69, 0xda, 0x69, 0xc7
	.byte 0xfb, 0x89, 0xc7, 0xe2, 0xf1, 0x67, 0xe3, 0x8f
	.byte 0x18, 0x21, 0xd8, 0x12, 0xf3, 0x07, 0xe4, 0xe0
	.byte 0x00, 0x20, 0xd8, 0xa9, 0x32, 0x10, 0x00, 0x1d
	.byte 0x13, 0x72, 0xf0, 0x8f, 0x18, 0x23, 0xd9, 0x12
	.byte 0xbf, 0x06, 0x30, 0xc3, 0x07, 0xe0, 0xe4, 0x21
	.byte 0xd8, 0x12, 0xbf, 0x04, 0x31, 0x1d, 0xf0, 0x74
	.byte 0xf0, 0x8f, 0x04, 0x23, 0xd9, 0x12, 0xd8, 0xa9
	.byte 0x1d, 0x2e, 0x6b, 0xf0, 0x0b, 0x01, 0x00, 0x0b
	.byte 0x3f, 0x00, 0x1d, 0x5b, 0xef, 0xf0, 0xef, 0x64
	.byte 0xd7, 0xfa, 0x05, 0xbf, 0x18, 0x37, 0x0e, 0xbf
	.byte 0xe8, 0x37, 0xd7, 0xfa, 0x04, 0xbf, 0x02, 0x31
	.byte 0xd8, 0xaa, 0x1d, 0x3b, 0x6b, 0xf0, 0xc7, 0xfb
	.byte 0xa8, 0xc7, 0xfb, 0x89, 0xd8, 0x12, 0xbf, 0x06
	.byte 0x31, 0xf3, 0x07, 0xe4, 0xe0, 0x31, 0x1d, 0x69
	.byte 0x74, 0xf0, 0xc7, 0xfb, 0x61, 0xc7, 0xfb, 0xcf
	.byte 0x0f, 0x63, 0xe6, 0xbf, 0x18, 0x31, 0xd8, 0xa8
	.byte 0x1d, 0x3b, 0x6b, 0xf0, 0x8f, 0x18, 0x21, 0xc7
	.byte 0xfb, 0x99, 0x8f, 0x02, 0x23, 0xcb, 0x69, 0xcb
	.byte 0x8f, 0xc7, 0xfb, 0x89, 0xcf, 0xf1, 0x6f, 0x2b
	.byte 0xbf, 0x06, 0x32, 0xc7, 0xfb, 0x8b, 0xd9, 0x12
	.byte 0xd8, 0xa9, 0xd8, 0x81, 0xd9, 0x8c, 0x30, 0xff
	.byte 0xff, 0xd8, 0x84, 0xd9, 0x88, 0xc3, 0x07, 0xe8
	.byte 0xe0, 0x21, 0xf3, 0x07, 0xe8, 0xf0, 0x41, 0xc7
	.byte 0xfb, 0x61, 0xd9, 0x61, 0xc7, 0xfb, 0x89, 0xcf
	.byte 0xf1, 0x67, 0xe1, 0x8f, 0x02, 0x21, 0xc9, 0x69
	.byte 0xd8, 0x12, 0xbf, 0x06, 0x31, 0xf3, 0x07, 0xe4
	.byte 0xe0, 0x00, 0x20, 0xd8, 0xa9, 0x32, 0x10, 0x00
	.byte 0x1d, 0x13, 0x72, 0xf0, 0x8f, 0x18, 0x23, 0xd9
	.byte 0x12, 0xbf, 0x06, 0x30, 0xc3, 0x07, 0xe0, 0xe4
	.byte 0x21, 0xd8, 0x12, 0xbf, 0x04, 0x31, 0x1d, 0xf0
	.byte 0x74, 0xf0, 0x8f, 0x04, 0x23, 0xd9, 0x12, 0xd8
	.byte 0xa9, 0x1d, 0x2e, 0x6b, 0xf0, 0x0b, 0x01, 0x00
	.byte 0x0b, 0x3f, 0x00, 0x1d, 0x5b, 0xef, 0xf0, 0xef
	.byte 0x64, 0xd7, 0xfa, 0x05, 0xbf, 0x18, 0x37, 0x0e
	.byte 0xef, 0x6e, 0xbf, 0x04, 0x31, 0xd8, 0xa8, 0x1d
	.byte 0x3b, 0x6b, 0xf0, 0x8f, 0x04, 0x21, 0xd8, 0x12
	.byte 0xbf, 0x02, 0x31, 0x1d, 0x69, 0x74, 0xf0, 0xbf
	.byte 0x02, 0x32, 0x82, 0x21, 0xc9, 0xcf, 0x41, 0x67
	.byte 0x3e, 0xc9, 0xcf, 0x5a, 0x6b, 0x39, 0xc9, 0xca
	.byte 0x41, 0x23, 0x61, 0xcb, 0x81, 0xb2, 0x41, 0x8f
	.byte 0x04, 0x21, 0xd8, 0x12, 0x82, 0x23, 0xd9, 0x12
	.byte 0x1d, 0x57, 0x74, 0xf0, 0x8f, 0x02, 0x21, 0xd8
	.byte 0x12, 0xb7, 0x31, 0x1d, 0xf0, 0x74, 0xf0, 0x87
	.byte 0x23, 0xd9, 0x12, 0xd8, 0xa9, 0x1d, 0x2e, 0x6b
	.byte 0xf0, 0x0b, 0x01, 0x00, 0x0b, 0x3f, 0x00, 0x1d
	.byte 0x5b, 0xef, 0xf0, 0xef, 0x64, 0x68, 0x11, 0xc9
	.byte 0xcf, 0x61, 0x67, 0x0c, 0xc9, 0xcf, 0x7a, 0x6b
	.byte 0x07, 0xc9, 0xca
	.ascii "a#Ah»"
	.byte 0xef, 0x66, 0x0e, 0xef, 0x6e, 0xb7, 0x31, 0xd8
	.byte 0xa9, 0x1d, 0x3b, 0x6b, 0xf0, 0x87, 0x3f, 0x00
	.byte 0x66, 0x3a, 0x87, 0x69, 0x87, 0x23, 0xd9, 0x12
	.byte 0xd8, 0xa9, 0x1d, 0x2e, 0x6b, 0xf0, 0x87, 0x21
	.byte 0xd8, 0x12, 0xbf, 0x02, 0x31, 0x1d, 0xd8, 0x74
	.byte 0xf0, 0xbf, 0x04, 0x31, 0xd8, 0xa8, 0x1d, 0x3b
	.byte 0x6b, 0xf0, 0x8f, 0x04, 0x21, 0xd8, 0x12, 0x8f
	.byte 0x02, 0x23, 0xd9, 0x12, 0x1d, 0x57, 0x74, 0xf0
	.byte 0x0b, 0x01, 0x00, 0x0b, 0x3f, 0x00, 0x1d, 0x5b
	.byte 0xef, 0xf0, 0xef, 0x64, 0xef, 0x66, 0x0e, 0xef
	.byte 0x6e, 0xd7, 0xfa, 0x04, 0xd8, 0xcc, 0x00, 0x80
	.byte 0xd8, 0xd8, 0xc9, 0x7e, 0xc7, 0xfb, 0x99, 0xbf
	.byte 0x04, 0x31, 0xd8, 0xa9, 0x1d, 0x3b, 0x6b, 0xf0
	.byte 0xc7, 0xfb, 0xd8, 0x6e, 0x0c, 0x8f, 0x04, 0x3f
	.byte 0x10, 0x67, 0x4f, 0x8f, 0x04, 0x3a, 0x10, 0x68
	.byte 0x0f, 0x8f, 0x04, 0x21, 0xc9, 0xc8, 0x10, 0xc9
	.byte 0xcf, 0x5f, 0x6b, 0x3e, 0x8f, 0x04, 0x38, 0x10
	.byte 0x8f, 0x04, 0x23, 0xd9, 0x12, 0xd8, 0xa9, 0x1d
	.byte 0x2e, 0x6b, 0xf0, 0x8f, 0x04, 0x21, 0xd8, 0x12
	.byte 0xbf, 0x02, 0x31, 0x1d, 0xd8, 0x74, 0xf0, 0xbf
	.byte 0x06, 0x31, 0xd8, 0xa8, 0x1d, 0x3b, 0x6b, 0xf0
	.byte 0x8f, 0x06, 0x21, 0xd8, 0x12, 0x8f, 0x02, 0x23
	.byte 0xd9, 0x12, 0x1d, 0x57, 0x74, 0xf0, 0x0b, 0x01
	.byte 0x00, 0x0b, 0x3f, 0x00, 0x1d, 0x5b, 0xef, 0xf0
	.byte 0xef, 0x64, 0xd7, 0xfa, 0x05, 0xef, 0x66, 0x0e
	.byte 0xef, 0x6e, 0xb7, 0x31, 0xd8, 0xa9, 0x1d, 0x3b
	.byte 0x6b, 0xf0, 0x87
	.ascii "?_o:‡"
	.byte 0x61, 0x87, 0x23, 0xd9, 0x12, 0xd8, 0xa9, 0x1d
	.byte 0x2e, 0x6b, 0xf0, 0x87, 0x21, 0xd8, 0x12, 0xbf
	.byte 0x02, 0x31, 0x1d, 0xd8, 0x74, 0xf0, 0xbf, 0x04
	.byte 0x31, 0xd8, 0xa8, 0x1d, 0x3b, 0x6b, 0xf0, 0x8f
	.byte 0x04, 0x21, 0xd8, 0x12, 0x8f, 0x02, 0x23, 0xd9
	.byte 0x12, 0x1d, 0x57, 0x74, 0xf0, 0x0b, 0x01, 0x00
	.byte 0x0b, 0x3f, 0x00, 0x1d, 0x5b, 0xef, 0xf0, 0xef
	.byte 0x64, 0xef, 0x66, 0x0e, 0xd7, 0xfa, 0x04, 0xc7
	.byte 0xfb, 0xa8, 0xc7, 0xfb, 0x89, 0xd8, 0x12, 0x31
	.byte 0x20, 0x00, 0x1d, 0x57, 0x74, 0xf0, 0xc7, 0xfb
	.byte 0x61, 0xc7, 0xfb, 0xcf, 0x0f, 0x63, 0xeb, 0xd8
	.byte 0xa8, 0xd9, 0xa8, 0x1d, 0x2e, 0x6b, 0xf0, 0xd8
	.byte 0xa9, 0xd9, 0xa8, 0x1d, 0x2e, 0x6b, 0xf0, 0x0b
	.byte 0x00, 0x00, 0x0b, 0x3f, 0x00, 0x1d, 0x5b, 0xef
	.byte 0xf0, 0x0b, 0x01, 0x00, 0x0b, 0x3f, 0x00, 0x1d
	.byte 0x5b, 0xef, 0xf0, 0xef, 0x60, 0xd7, 0xfa, 0x05
	.byte 0x0e, 0xbf, 0xd6, 0x37, 0x3e, 0xc7, 0xf9, 0xa8
	.byte 0xbf, 0x04, 0x31, 0xd8, 0xaa, 0x1d, 0x3b, 0x6b
	.byte 0xf0, 0xbf, 0x06, 0x31, 0xd8, 0xa8, 0x1d, 0x3b
	.byte 0x6b, 0xf0, 0xc7, 0xfa, 0xa8, 0xc7, 0xfa, 0x89
	.byte 0xd8, 0x12, 0xbf, 0x1c, 0x31, 0xf3, 0x07, 0xe4
	.byte 0xe0, 0x31, 0x1d, 0x69, 0x74, 0xf0, 0xc7, 0xfa
	.byte 0x61, 0xc7, 0xfa, 0xcf, 0x0f, 0x63, 0xe6, 0xc7
	.byte 0xfa, 0xa8, 0x8f, 0x04, 0x21, 0xc9, 0x69, 0xc9
	.byte 0x8b, 0xc9, 0xd8, 0x67, 0x1d, 0xbf, 0x1c, 0x32
	.byte 0xc7, 0xfa, 0x89, 0xd8, 0x12, 0xc3, 0x07, 0xe8
	.byte 0xe0, 0x3f, 0x20, 0x6e, 0x17, 0xc7, 0xf9, 0x61
	.byte 0xc7, 0xfa, 0x61, 0xc7, 0xfa, 0x89, 0xcb, 0xf1
	.byte 0x63, 0xe6, 0xc7, 0xf9, 0x89, 0xcb, 0xf1, 0x63
	.byte 0x10, 0x78, 0xff, 0x00, 0xc7, 0xfa, 0x89, 0xc7
	.byte 0xfb, 0x99, 0xc7, 0xf9, 0x89, 0xcb, 0xf1, 0x6b
	.byte 0xf0, 0xc7, 0xfa, 0xa8, 0xcb, 0xd8, 0x67, 0x1f
	.byte 0xbf, 0x1c, 0x32, 0xcb, 0x89, 0xc7, 0xfa, 0xa1
	.byte 0xd8, 0x12, 0xc3, 0x07, 0xe8, 0xe0, 0x3f, 0x20
	.byte 0x6e, 0x0d, 0xc7, 0xf9, 0x61, 0xc7, 0xfa, 0x61
	.byte 0xc7, 0xfa, 0x89, 0xcb, 0xf1, 0x63, 0xe4, 0x8f
	.byte 0x04, 0x21, 0xc7, 0xf8, 0x99, 0xc7, 0xf9, 0xa1
	.byte 0xc7, 0xf8, 0x99, 0xc7, 0xf9, 0xef, 0x01, 0xbf
	.byte 0x0a, 0x30, 0xbf, 0x1c, 0x31, 0x32, 0x10, 0x00
	.byte 0x1d, 0x76, 0x73, 0xf0, 0xc7, 0xfa, 0xa8, 0xc7
	.byte 0xf9, 0xd8, 0x63, 0x1a, 0xbf, 0x0a, 0x32, 0xd9
	.byte 0xa8, 0xd9, 0x88, 0xf3, 0x07, 0xe8, 0xe0, 0x00
	.byte 0x20, 0xc7, 0xfa, 0x61, 0xd9, 0x61, 0xc7, 0xfa
	.byte 0x89, 0xc7, 0xf9, 0xf1, 0x67, 0xeb, 0xc7, 0xf9
	.byte 0x89, 0xd8, 0x12, 0xbf, 0x0a, 0x31, 0xe8, 0x13
	.byte 0xe9, 0x80, 0xc7, 0xfb, 0x8b, 0xd9, 0x12, 0xbf
	.byte 0x1c, 0x32, 0xe9, 0x13, 0xea, 0x81, 0xc7, 0xf8
	.byte 0x8d, 0xda, 0x12, 0x1d, 0x76, 0x73, 0xf0, 0xc7
	.byte 0xf9, 0x89, 0xc7, 0xf8, 0x81, 0xc7, 0xfa, 0x99
	.byte 0x8f, 0x04, 0x23, 0xcb, 0x69, 0xcb, 0x8d, 0xc7
	.byte 0xfa, 0x89, 0xcd, 0xf1, 0x6b, 0x1c, 0xbf, 0x0a
	.byte 0x33, 0xc7, 0xfa, 0x8b, 0xd9, 0x12, 0xd9, 0x88
	.byte 0xf3, 0x07, 0xec, 0xe0, 0x00, 0x20, 0xc7, 0xfa
	.byte 0x61, 0xd9, 0x61, 0xc7, 0xfa, 0x89, 0xcd, 0xf1
	.byte 0x63, 0xec, 0xbf, 0x0a, 0x31, 0xd8, 0xa9, 0x32
	.byte 0x10, 0x00, 0x1d, 0x13, 0x72, 0xf0, 0x8f, 0x06
	.byte 0x21, 0xd8, 0x12, 0xbf, 0x0a, 0x31, 0xc3, 0x07
	.byte 0xe4, 0xe0, 0x21, 0xd8, 0x12, 0xbf, 0x08, 0x31
	.byte 0x1d, 0xf0, 0x74, 0xf0, 0x8f, 0x08, 0x23, 0xd9
	.byte 0x12, 0xd8, 0xa9, 0x1d, 0x2e, 0x6b, 0xf0, 0x0b
	.byte 0x01, 0x00, 0x0b, 0x3f, 0x00, 0x1d, 0x5b, 0xef
	.byte 0xf0, 0xef, 0x64, 0x5e, 0xbf, 0x2a, 0x37, 0x0e
	.byte 0xc9, 0xd8, 0x6e, 0x07, 0x30, 0x26, 0x00, 0xd9
	.byte 0xa8, 0x68, 0x05, 0x30, 0x2b, 0x00, 0xd9, 0xa8
	.byte 0x1b, 0x70, 0x61, 0xf0, 0xc9, 0xd8, 0x6e, 0x07
	.byte 0x30, 0x3b, 0x00, 0xd9, 0xa8, 0x68, 0x05, 0x30
	.byte 0x30, 0x00, 0xd9, 0xa8, 0x1b, 0x70, 0x61, 0xf0
	.byte 0xc9, 0xd8, 0xb0, 0xfe, 0x30, 0x3f, 0x00, 0xd9
	.byte 0xa8, 0x1d, 0x70, 0x61, 0xf0, 0xd8, 0xaa, 0x1d
	.byte 0xa1, 0x95, 0xf0, 0x0e, 0xc9, 0xd8, 0xb0, 0xfe
	.byte 0x30, 0x20, 0x00, 0xd9, 0xa8, 0x1d, 0x70, 0x61
	.byte 0xf0, 0x0e, 0x0e

SeMenu_PopupDialog_Init:
	push xiz
	ldi_werp 0xFA, 0
	jr SeMenu_PopupDialog_Setup

SeMenu_PopupDialog_CheckState:
	ldto_werp WA, 0xFA
	extz xwa
	ld xbc, 0x20C33
	add xbc, xwa
	ld (xbc), l
	inc1_werp 0xFA
	cpi_werp 0xFA, 6
	jr nc, SeMenu_PopupDialog_ShowTitle

SeMenu_PopupDialog_Setup:
	call SeqAlt5_ReadByte
	cps hl, 0
	jr ge, SeMenu_PopupDialog_CheckState

SeMenu_PopupDialog_ShowTitle:
	lda_24 xde, 0x020c33
	ld c, (xde)
	ld a, c
	and a, 0xF0
	cp a, 0x80
	jr z, SeMenu_PopupDialog_ShowBody_Data

SeMenu_PopupDialog_ShowBody:
	call SeqAlt5_ReadByte
	cps hl, 0
	jr ge, SeMenu_PopupDialog_ShowBody
	jrl SeMenu_ListSelector_ScrollDown

SeMenu_PopupDialog_ShowBody_Data:
	cpi_werp 0xFA, 6
	jrl c, SeMenu_ListSelector_ScrollDown
	cp c, 0x80
	jrl nz, SeMenu_ValueEditor_Data4
	ld a, (xde + 2)
	cps a, 4
	jr nz, SeMenu_PopupDialog_Confirm
	lds iz, 0
	jr SeMenu_PopupDialog_HandleInput_Data

SeMenu_PopupDialog_HandleInput:
	ldto_werp WA, 0xFA
	inc1_werp 0xFA
	extz xwa
	ld xbc, 0x20C33
	add xbc, xwa
	ld (xbc), l
	cp_erpw 0xFA, 0x20, 0x00
	jrl nc, SeMenu_ListSelector_ScrollUp
	inc 1, iz
	cp iz, 0x10
	jrl nc, SeMenu_ListSelector_ScrollUp

SeMenu_PopupDialog_HandleInput_Data:
	call SeqAlt5_ReadByte
	cps hl, 0
	jr ge, SeMenu_PopupDialog_HandleInput
	jrl SeMenu_ListSelector_ScrollUp

SeMenu_PopupDialog_Confirm:
	cp a, 0x17
	jr nz, SeMenu_PopupDialog_Cancel
	call SeqAlt5_ReadByte
	call SeqAlt5_ReadByte
	jrl SeMenu_ListSelector_ScrollDown

SeMenu_PopupDialog_Cancel:
	cp a, 0xB
	jr z, SeMenu_PopupDialog_Close
	cp a, 0xC
	jr z, SeMenu_PopupDialog_Close
	cps a, 0
	jr nz, SeMenu_ValueEditor_Setup

SeMenu_PopupDialog_Close:
	call SeqAlt5_ReadByte
	cps hl, 0
	jr lt, SeMenu_PopupDialog_Close_Data
	ldto_werp WA, 0xFA
	inc1_werp 0xFA
	extz xwa
	ld xbc, 0x20C33
	add xbc, xwa
	ld (xbc), l
	cp_erpw 0xFA, 0x20, 0x00
	jr c, SeMenu_PopupDialog_Close

SeMenu_PopupDialog_Close_Data:
	ldda8 a, 36152
	cpdm8_24 134200, a
	jr nz, SeMenu_ValueEditor_Init
	cp a, 0x20
	jr c, SeMenu_ValueEditor_Init
	cp a, 0x3F
	jr ugt, SeMenu_ValueEditor_Init
	sub a, 0x20
	extz wa
	sla wa, 2
	lda_24 xbc, 0xe0e72d
	ld_sril3 XHL, 0x07, 0xE4, 0xE0
	call (xhl)

SeMenu_ValueEditor_Init:
	cpdi8 36152, 32
	jrl nz, SeMenu_ValueEditor_Data3
	cpi8_24 0x020c38, 0x10
	jrl nz, SeMenu_ValueEditor_Data3
	calr SeMenu_NameEditor_Init
	jrl SeMenu_ListSelector_ScrollDown

SeMenu_ValueEditor_Setup:
	call SeqAlt5_ReadByte
	lda_24 xwa, 0x020c33
	cps hl, 0
	jr lt, SeMenu_ValueEditor_Draw
	ldto_werp BC, 0xFA
	inc1_werp 0xFA
	extz xbc
	ld xde, xwa
	add xde, xbc
	ld (xde), l
	cp_erpw 0xFA, 0x20, 0x00
	jr c, SeMenu_ValueEditor_Setup

SeMenu_ValueEditor_Draw:
	ld e, (xwa + 2)
	lda xbc, (xwa + 5)
	cp e, 0x9
	jr nz, SeMenu_ValueEditor_Increment
	cpdi8 36152, 34
	jr nz, SeMenu_ValueEditor_Data3
	ld a, (xbc)
	cp a, 0x22
	jr nz, SeMenu_ValueEditor_HandleInput
	call SeMenu_AltUpdate
	jrl SeMenu_ListSelector_ScrollDown

SeMenu_ValueEditor_HandleInput:
	cp a, 0x10
	jr z, SeMenu_ValueEditor_Data2
	jrl SeMenu_ListSelector_ScrollDown

SeMenu_ValueEditor_Increment:
	cp e, 0xA
	jr z, SeMenu_ValueEditor_Decrement
	cp e, 0x13
	jr nz, SeMenu_ValueEditor_Redraw

SeMenu_ValueEditor_Decrement:
	cpdi8 36152, 38
	jr nz, SeMenu_ValueEditor_Data3
	ld a, (xbc)
	cp a, 0x26
	jr nz, SeMenu_ValueEditor_ClampAndStore
	call SeMenu_ControllerUpdate
	jrl SeMenu_ListSelector_ScrollDown

SeMenu_ValueEditor_ClampAndStore:
	cp a, 0x10
	jr nz, SeMenu_ValueEditor_Data3
	calr SeMenu_ListSelector_Data3
	jrl SeMenu_ListSelector_ScrollDown

SeMenu_ValueEditor_Redraw:
	cp e, 0x10
	jr nz, SeMenu_ValueEditor_Complete
	ldda8 a, 36152
	cp a, (xbc)
	jr z, SeMenu_ValueEditor_Cancel
	jrl SeMenu_ListSelector_ScrollDown

SeMenu_ValueEditor_Complete:
	cp e, 0x12
	jr nz, SeMenu_ValueEditor_Data3
	cpdi8 36152, 32
	jr nz, SeMenu_ValueEditor_Data3
	ld a, (xbc)
	cp a, 0x20
	jr nz, SeMenu_ValueEditor_Data1

SeMenu_ValueEditor_Cancel:
	call UpdSeSel_ProcessStep
	jrl SeMenu_ListSelector_ScrollDown

SeMenu_ValueEditor_Data1:
	cp a, 0x10
	jr nz, SeMenu_ValueEditor_Data3

SeMenu_ValueEditor_Data2:
	calr SeMenu_ListSelector_Cancel

SeMenu_ValueEditor_Data3:
	jrl SeMenu_ListSelector_ScrollDown

SeMenu_ValueEditor_Data4:
	ld a, (xde + 3)
	ldfr_berp A, 0xF8
	extz iz
	jr SeMenu_ListSelector_Init

SeMenu_ValueEditor_Data5:
	ldto_werp WA, 0xFA
	inc1_werp 0xFA
	extz xwa
	ld xbc, 0x20C33
	add xbc, xwa
	ld (xbc), l
	cp_erpw 0xFA, 0x20, 0x00
	jr nc, SeMenu_ListSelector_Setup
	dec 1, iz

SeMenu_ListSelector_Init:
	cps iz, 0
	jr z, SeMenu_ListSelector_Setup
	call SeqAlt5_ReadByte
	cps hl, 0
	jr ge, SeMenu_ValueEditor_Data5

SeMenu_ListSelector_Setup:
	lda_24 xbc, 0x020c33
	ld a, (xbc + 3)
	inc 6, a
	extz wa
	cp_werp WA, 0xFA
	jr nz, SeMenu_ListSelector_ScrollDown
	cp (xbc), 0x80
	jr nz, SeMenu_ListSelector_Draw
	cp (xbc + 2), 0xFF
	jr z, SeMenu_ListSelector_ScrollDown

SeMenu_ListSelector_Draw:
	ld c, (xbc + 5)
	cp c, 0x10
	jr nz, SeMenu_ListSelector_HandleInput
	call SeMenu_HandleMenuChange
	jr SeMenu_ListSelector_ScrollDown

SeMenu_ListSelector_HandleInput:
	ldda8 a, 36152
	cp c, a
	jr nz, SeMenu_ListSelector_ScrollDown
	cp a, 0x20
	jr c, SeMenu_ListSelector_HandleInput_Data
	cp a, 0x3F
	jr ugt, SeMenu_ListSelector_HandleInput_Data
	sub a, 0x20
	extz wa
	sla wa, 2
	lda_24 xbc, 0xe0e72d
	ld_sril3 XHL, 0x07, 0xE4, 0xE0
	call (xhl)
	jr SeMenu_ListSelector_ScrollDown

SeMenu_ListSelector_HandleInput_Data:
	cp a, 0xEA
	jr nz, SeMenu_ListSelector_ScrollDown

SeMenu_ListSelector_ScrollUp:
	call FDemoText_ParseControlMessage

SeMenu_ListSelector_ScrollDown:
	pop xiz
	ret

SeMenu_ListSelector_Select:
	call SeqAlt4_CheckSongEnd
	cps hl, 0
	ret z

SeMenu_ListSelector_Complete:
	calr SeMenu_PopupDialog_Init
	call SeqAlt4_CheckSongEnd
	cps hl, 0
	jr nz, SeMenu_ListSelector_Complete
	ret

SeMenu_ListSelector_Cancel:
	dec 4, xsp
	lda xwa, (xsp)
	call SeMenu_LoadObjEntries
	lda xbc, (xsp + 2)
	lds wa, 0
	call SeMenu_LoadPartParam
	ld a, (xsp + 2)
	extz wa
	call SeMenu_ApplyFilter
	cp (xsp), 0x0
	jr nz, SeMenu_ListSelector_Data
	ld a, (xsp + 2)
	add a, 0xD
	extz wa
	pushw wa
	pushw 0x22
	jr SeMenu_ListSelector_Data2

SeMenu_ListSelector_Data:
	ld a, (xsp + 2)
	add a, 0xE
	extz wa
	pushw wa
	pushw 0x20

SeMenu_ListSelector_Data2:
	call SeMenu_ShowConfirmDialog
	inc 8, xsp
	ret

SeMenu_ListSelector_Data3:
	dec 2, xsp
	lda xbc, (xsp)
	lds wa, 0
	call SeMenu_LoadPartParam
	ld a, (xsp)
	extz wa
	call SeMenu_ApplySynthParam_Alt
	ld a, (xsp)
	inc 7, a
	extz wa
	pushw wa
	pushw 0x26
	call SeMenu_ShowConfirmDialog
	inc 6, xsp
	ret

SeMenu_NameEditor_Init:
	lda xsp, (xsp - 36)
	lda xwa, (xsp)
	call SeMenu_FillObjTable
	ld c, (xsp + 256)
	extz bc
	lds wa, 1
	call SeMenu_StorePartParam
	pushw 0x1
	pushw 0x20
	call SeMenu_ShowConfirmDialog
	lda xsp, (xsp + 40)
	ret

SeMenu_NameEditor_Setup:
	; --- Wrapper function 1: push xwa/xbc, ld from xiy/xix, call, pop, ret ---
	push xwa
	push xbc
	ld xwa, xiy
	ld xbc, xix
	call LABEL_FB1594
	pop xbc
	pop xwa
	ret
SeMenu_NameEditor_Draw:
	; --- Wrapper function 2: same pattern ---
	push xwa
	push xbc
	ld xwa, xiy
	ld xbc, xix
	call GraphicsRender_Start
	pop xbc
	pop xwa
	ret
SeMenu_NameEditor_HandleInput:
	; --- Wrapper function 3: push xwa, ld xwa=xiy, call, pop, ret ---
	push xwa
	ld xwa, xiy
	call 0xFB158F
	pop xwa
	ret
SeMenu_NameEditor_HandleInput_Data:
	; --- Wrapper function 4: set flag, push, ld xwa=imm, call, pop, ret ---
	sti8_24	257960, 0
	push xwa
	ld xwa, 0x000006CA
	call 0xFB19D4
	pop xwa
	ret
SeMenu_NameEditor_InsertChar:
	; --- Wrapper function 5: same pattern ---
	sti8_24	257960, 0
	push xwa
	ld xwa, 0x000006CA
	call 0xFB1A28
	pop xwa
	ret
SeMenu_NameEditor_DeleteChar:
	; --- Wrapper function 6: set flag + store 4 regs, call ---
	sti8_24	257960, 0
	push xwa
	stda32	1740, xiy
	stda16	1744, ix
	stda16	1746, bc
	stda16	1748, hl
	ld xwa, 0x000006CA
	call 0xFB1CFF
	pop xwa
	ret
SeMenu_NameEditor_MoveCursor:
	; --- Wrapper function 7: same as 4/5 pattern ---
	sti8_24	257960, 0
	push xwa
	ld xwa, 0x000006CA
	call 0xFB1DB3
	pop xwa
	ret
SeMenu_NameEditor_MoveCursor_Data:
	; --- Wrapper function 8: push xwa, ld xwa=xiy, call, pop, ret ---
	push xwa
	ld xwa, xiy
	call LABEL_FB164E
	pop xwa
	ret
SeMenu_NameEditor_ChangeCase:
	; --- Wrapper function 9 ---
	push xwa
	ld xwa, xiy
	call LABEL_FB16E9
	pop xwa
	ret
SeMenu_NameEditor_ChangeCase_Data:
	; --- Wrapper function 10: set flag, push, ld xwa=imm, call, pop, ret ---
	sti8_24	257960, 0
	push xwa
	ld xwa, 0x000006CA
	call 0xFB1AD0
	pop xwa
	ret
SeMenu_NameEditor_SelectCharSet:
	; --- Wrapper function 11 ---
	push xwa
	ld xwa, xiy
	call LABEL_FB1DFA
	pop xwa
	ret
SeMenu_NameEditor_SelectCharSet_Data:
	; --- Wrapper function 12: set flag, push, ld xwa=imm, call, pop, ret ---
	sti8_24	257960, 0
	push xwa
	ld xwa, 0x000006CA
	call 0xFB1AA6
	pop xwa
	ret
SeMenu_NameEditor_Complete:
	; --- Wrapper function 13: set flag, push, ld xwa=imm, call, pop, ret ---
	sti8_24	257960, 0
	push xwa
	ld xwa, 0x000006CA
	call LABEL_FB1E40
	pop xwa
	ret
SeMenu_NameEditor_Cancel:
	; --- Wrapper function 14 ---
	push xwa
	ld xwa, xiy
	call DrawFunc_Init
	pop xwa
	ret
SeMenu_NameEditor_Cancel_Data:
	; --- Wrapper function 15 ---
	push xwa
	ld xwa, xiy
	call LABEL_FB1E6A
	pop xwa
	ret
SeMenu_NameEditor_Redraw:
	; --- Wrapper function 16 ---
	push xwa
	ld xwa, xiy
	call LABEL_FB24CB
	pop xwa
	ret
SeMenu_NameEditor_Redraw_Data:
	; --- Wrapper function 17 ---
	push xwa
	ld xwa, xiy
	call 0xFB2201
	pop xwa
	ret


SeMenu_NameEditor_End:
	.byte 0xc1, 0x7d, 0xc0, 0x3f, 0x04, 0x6e, 0x50, 0xc1
	.byte 0x7f, 0xc0, 0x21, 0xc9, 0xcc, 0x40, 0x66, 0x47
	.byte 0xc1, 0x7e, 0xc0, 0x21, 0xc9, 0xcc, 0x40, 0xc9
	.byte 0xec, 0x01, 0xc1, 0x38, 0x8d, 0x3f, 0x21, 0x6e
	.byte 0x13, 0xc1, 0x6a, 0x06, 0x20, 0xc8, 0xcc, 0x7f
	.byte 0xc9, 0xe0, 0xf1, 0x6a, 0x06, 0x40, 0x1d, 0x26
	.byte 0x01, 0xf1, 0x68, 0x23, 0xc1, 0x38, 0x8d, 0x3f
	.byte 0x3a, 0x6e, 0x1c, 0xc1, 0x60, 0x06, 0x20, 0xc8
	.byte 0xcc, 0x7f, 0xc9, 0xe0, 0xf1, 0x60, 0x06, 0x40
	.byte 0xf2, 0xa8, 0xef, 0x03, 0x00, 0x00, 0x45, 0x73
	.byte 0x58, 0xf1, 0x00, 0x1d, 0x1a, 0xec, 0xf0, 0x0e

SeMenu_DisplayPartValue:
	push xiz
	ld xiz, xsp
	push xwa
	push xbc
	push xde
	push xhl
	push xix
	push xiy
	ld wa, (xiz + 10)
	ldb w, 0xFF
	ld de, (xiz + 8)
	ldb d, 0x0
	push xiz
	call SwbtWr_QueueMainEvent
	pop xiz
	ld wa, (xiz + 12)
	ldb w, 0x7F
	ld de, (xiz + 8)
	ldb d, 0x1
	push xiz
	call SwbtWr_QueueMainEvent
	pop xiz
	call BitMapOut_DeltaEncode_Type90Return
	pop xiy
	pop xix
	pop xhl
	pop xde
	pop xbc
	pop xwa
	pop xiz
	ret

SeMenu_DisplayPartValue_Data:	.ascii ">89:;<="
	.byte 0x9e
	.byte 0x08, 0x20, 0xd8, 0xcf, 0x32, 0x00, 0x6e, 0x0c
	.byte 0xf1, 0xcc, 0x06, 0x50, 0xd8, 0x61, 0xf1, 0xd0
	.byte 0x06, 0x50, 0x68, 0x1e, 0xd8, 0xcf, 0x32, 0x00
	.byte 0x6e, 0x0c, 0xf1, 0xd0, 0x06, 0x50, 0xd8, 0x69
	.byte 0xf1, 0xcc, 0x06, 0x50, 0x68, 0x0c, 0xd8, 0x69
	.byte 0xf1, 0xcc, 0x06, 0x50, 0xd8, 0x62, 0xf1, 0xd0
	.byte 0x06, 0x50, 0x9e, 0x0a, 0x20, 0xd8, 0xcf, 0x3a
	.byte 0x00, 0x6e, 0x0c, 0xf1, 0xce, 0x06, 0x50, 0xd8
	.byte 0x61, 0xf1, 0xd2, 0x06, 0x50, 0x68, 0x1e, 0xd8
	.byte 0xcf, 0x92, 0x00, 0x6e, 0x0c, 0xf1, 0xd2, 0x06
	.byte 0x50, 0xd8, 0x69, 0xf1, 0xce, 0x06, 0x50, 0x68
	.byte 0x0c, 0xd8, 0x69, 0xf1, 0xce, 0x06, 0x50, 0xd8
	.byte 0x62, 0xf1, 0xd2, 0x06, 0x50, 0xf2, 0xa8, 0xef
	.byte 0x03, 0x00, 0x00, 0x1d, 0x8d, 0xec, 0xf0, 0x5d
	.ascii "\\[ZYX^"
	.byte 0x0e, 0x3e
	ld	xiz, xsp
	.ascii "89:;<="
	.byte 0x9e, 0x08, 0x20, 0xf1, 0xcc, 0x06, 0x50, 0x9e
	.byte 0x0a, 0x20, 0xf1, 0xce, 0x06, 0x50, 0x9e, 0x0c
	.byte 0x20, 0xf1, 0xd0, 0x06, 0x50, 0x9e, 0x0e, 0x20
	.byte 0xf1, 0xd2, 0x06, 0x50, 0xf2, 0xa8, 0xef, 0x03
	.byte 0x00, 0x00, 0x1d, 0x23, 0xec, 0xf0, 0x5d, 0x5c
	.byte 0x5b, 0x5a, 0x59, 0x58, 0x5e
	.byte 0x0e, 0x3e, 0xef
	.byte 0x8e
	.ascii "89:;<=ž"
	.byte 0x08, 0x20, 0xf1, 0xcc, 0x06, 0x50, 0x9e, 0x0a
	.byte 0x20, 0xf1, 0xce, 0x06, 0x50, 0x9e, 0x0c, 0x20
	.byte 0xf1, 0xd0, 0x06, 0x50, 0x9e, 0x0e, 0x20, 0xf1
	.byte 0xd2, 0x06, 0x50, 0xf2, 0xa8, 0xef, 0x03, 0x00
	.byte 0x00, 0x1d, 0xa8, 0xec, 0xf0, 0x5d, 0x5c, 0x5b
	.byte 0x5a, 0x59, 0x58, 0x5e
	.byte 0x0e

SeMenu_ShowPopupDialog:
	push xiz
	ld xiz, xsp
	push xwa
	push xbc
	push xde
	push xhl
	push xix
	push xiy
	ld hl, (xiz + 8)
	sub hl, 0x20
	ld xiy, 0xF0EE9B
	sla hl, 2
	ld_sril3 XIY, 0x07, 0xF4, 0xEC
	push xiy
	call SeMenu_WaveformSelect_Handler
	pop xiy
	call (xiy)
	call SeMenu_WaveformSelect_Process
	pop xiy
	pop xix
	pop xhl
	pop xde
	pop xbc
	pop xwa
	pop xiz
	ret

SeMenu_ShowPopupDialog_Draw:
	.long SeMenu_WaveformSelect_Data
	.long LABEL_F100D0
	.long SeMenu_PresetManager_SaveApply
	.long LABEL_F107AF
	.long LABEL_F10854
	.long LABEL_F108AD
	.long SeMenu_PresetManager_Data
	.long SeMenu_PresetBrowser_Init
	.long LABEL_F108F6
	.long LABEL_F10915
	.long SeMenu_PresetBrowser_Data
	.long SeMenu_CompareAndApply_Init
	.long SeMenu_CompareAndApply_Data5
	.long SeMenu_Utility_CopyBlock
	.long SeMenu_Utility_FillBlock
	.long LABEL_F109D1
	.long SeMenu_Utility_CompareBlock
	.long SeMenu_Utility_FormatSigned_Data
	.long SeMenu_Utility_FormatPercent
	.long SeMenu_Utility_FormatPercent_Data
	.long SeMenu_Utility_FormatHex
	.long SeMenu_Utility_FormatHex_Data
	.long LABEL_F10922
	.long SeMenu_Utility_End
	.long LABEL_F10969
	.long LABEL_F109C4
	.long LABEL_F10020
	.long LABEL_F10AA9
	.long LABEL_F10B10
	.long SeMenu_PresetManager_Load
	.long LABEL_F10512
	.long LABEL_F105C4
	.long SeMenu_WaveformSelect_End
	.long SeMenu_WaveformSelect_End
	.long SeMenu_WaveformSelect_End
	.long SeMenu_WaveformSelect_End
	.long SeMenu_WaveformSelect_End
	.long SeMenu_WaveformSelect_End
	.long SeMenu_WaveformSelect_End
	.long SeMenu_WaveformSelect_End
	.long SeMenu_WaveformSelect_End
	.long SeMenu_WaveformSelect_End
	.long SeMenu_WaveformSelect_End
	.long SeMenu_WaveformSelect_End
	.long SeMenu_WaveformSelect_End
	.long SeMenu_WaveformSelect_End
	.long SeMenu_WaveformSelect_End
	.long SeMenu_WaveformSelect_End

SeMenu_ShowConfirmDialog:
	push xiz
	ld xiz, xsp
	push xwa
	push xbc
	push xde
	push xhl
	push xix
	push xiy
	ld hl, (xiz + 8)
	ld a, (xiz + 10)
	sub hl, 0x20
	ld xiy, 0xF0EF8A
	sla hl, 2
	ld_sril3 XIY, 0x07, 0xF4, 0xEC
	call (xiy)
	ordi8 58338, 8
	pop xiy
	pop xix
	pop xhl
	pop xde
	pop xbc
	pop xwa
	pop xiz
	ret


SeMenu_ShowConfirmDialog_Data:
	.long SeMenu_PresetManager_Init
	.long LABEL_F100F1
	.long LABEL_F10183
	.long LABEL_F109DE
	.long LABEL_F10A45
	.long LABEL_F10A6F
	.long LABEL_F101DF
	.long LABEL_F1029A
	.long LABEL_F104E8
	.long LABEL_F10A99
	.long Data_UnknownBlock
	.long LABEL_F1039E
	.long LABEL_F1040D
	.long LABEL_F1041D
	.long LABEL_F10454
	.long Data_UnknownBlock
	.long LABEL_F10464
	.long LABEL_F1048E
	.long LABEL_F104B8
	.long LABEL_F104C8
	.long LABEL_F104D8
	.long SeMenu_WaveformSelect_End
	.long LABEL_F1040D
	.long LABEL_F104E8
	.long LABEL_F10A99
	.long Data_UnknownBlock
	.long LABEL_F10146
	.long LABEL_F10B6F
	.long LABEL_F10BD2
	.long SeMenu_WaveformSelect_End
	.long LABEL_F10676
	.long LABEL_F10689
	.long SeMenu_WaveformSelect_End
	.long SeMenu_WaveformSelect_End
	.long SeMenu_WaveformSelect_End
	.long SeMenu_WaveformSelect_End
	.long SeMenu_WaveformSelect_End
	.long SeMenu_WaveformSelect_End
	.long SeMenu_WaveformSelect_End
	.long SeMenu_WaveformSelect_End
	.long SeMenu_WaveformSelect_End
	.long SeMenu_WaveformSelect_End
	.long SeMenu_WaveformSelect_End
	.long SeMenu_WaveformSelect_End
	.long SeMenu_WaveformSelect_End
	.long SeMenu_WaveformSelect_End
	.long SeMenu_WaveformSelect_End
	.long SeMenu_WaveformSelect_End
	.ascii "89:;<=>ò"
	.byte 0xa8, 0xef, 0x03, 0x00, 0x00, 0x45, 0x39, 0x14
	.byte 0xf1, 0x00, 0x44, 0x60, 0x14, 0xf1, 0x00, 0x1d
	.byte 0x00, 0xec, 0xf0, 0xc1, 0x5c, 0x06, 0x3f, 0x00
	.byte 0x66, 0x0c, 0x45, 0x60, 0x14, 0xf1, 0x00, 0x44
	.byte 0x6a, 0x14, 0xf1, 0x00, 0x68, 0x10, 0xf2, 0xa8
	.byte 0xef, 0x03, 0x00, 0x01, 0x45, 0x6a, 0x14, 0xf1
	.byte 0x00, 0x44, 0x74, 0x14, 0xf1, 0x00, 0x1d, 0x00
	cp	xwa, xix
	.ascii "^]\\[ZYX"
	.byte 0x0e
	.ascii "89:;<=>"
	.byte 0xc1, 0xae, 0x06, 0x3f, 0x01, 0x6e, 0x18
	.byte 0xf2, 0xa8, 0xef, 0x03, 0x00, 0x00, 0x45, 0xe1
	.byte 0x12, 0xf1, 0x00, 0x44, 0xeb, 0x12, 0xf1, 0x00
	.byte 0x1d, 0x00, 0xec, 0xf0, 0x23, 0x02, 0x68, 0x16
	.byte 0xf2, 0xa8, 0xef, 0x03, 0x00, 0x00, 0x45, 0xe1
	.byte 0x12, 0xf1, 0x00, 0x44, 0xf5, 0x12, 0xf1, 0x00
	.byte 0x1d, 0x00, 0xec, 0xf0, 0x23, 0x04, 0xc1, 0x5e
	.byte 0x06, 0x20, 0xcb, 0x89, 0xc9, 0xec, 0x01, 0xc9
	.byte 0x69, 0xc8, 0xff, 0x67, 0x22, 0xcb, 0x04, 0xca
	.byte 0xd2, 0xd9, 0xec, 0x02, 0x46, 0x21, 0x14, 0xf1
	.byte 0x00, 0xe3, 0x07, 0xf8, 0xe4, 0x25, 0xd9, 0xc8
	.byte 0x04, 0x00, 0xe3, 0x07, 0xf8, 0xe4, 0x24, 0x1d
	.byte 0x00, 0xec, 0xf0, 0xcb, 0x05, 0x68, 0x20, 0xcb
	.byte 0x04, 0xca, 0xd2, 0xd9, 0xec, 0x02, 0x46, 0xd9
	.byte 0x13, 0xf1, 0x00, 0xe3, 0x07, 0xf8, 0xe4, 0x25
	.byte 0xd9, 0xc8, 0x04, 0x00, 0xe3, 0x07, 0xf8, 0xe4
	.byte 0x24, 0x1d, 0x00, 0xec, 0xf0, 0xcb, 0x05, 0xcb
	.byte 0x1c, 0xac, 0xf2, 0xa8, 0xef, 0x03, 0x00, 0x01
	.byte 0x45, 0x74, 0x14, 0xf1, 0x00, 0x44, 0x7e, 0x14
	.byte 0xf1, 0x00, 0x1d, 0x00, 0xec, 0xf0, 0x45, 0x7e
	.byte 0x14, 0xf1, 0x00, 0x1d, 0xde, 0xec, 0xf0, 0x5e
	.ascii "]\\[ZYX"
	.byte 0x0e, 0x3e
	ld	xiz, xsp
	.ascii "89:;<="
	.byte 0x9e, 0x08, 0x20, 0xf1, 0xcc, 0x06, 0x50, 0x9e
	.byte 0x0a, 0x20, 0xf1, 0xce, 0x06, 0x50, 0x9e, 0x0c
	.byte 0x20, 0xf1, 0xd0, 0x06, 0x50, 0x9e, 0x0e, 0x20
	.byte 0xf1, 0xd2, 0x06, 0x50, 0xf2, 0xa8, 0xef, 0x03
	.byte 0x00, 0x00, 0x1d, 0xba, 0xec, 0xf0, 0x5d, 0x5c
	.byte 0x5b, 0x5a, 0x59, 0x58, 0x5e
	.byte 0x0e, 0xf2, 0xa8
	.byte 0xef, 0x03, 0x00, 0x00, 0x23, 0x07, 0xd1, 0xc6
	.byte 0x06, 0x24, 0xd1, 0xc8, 0x06, 0x25, 0x2c, 0x2d
	.byte 0xcb, 0x04, 0x1d, 0xbb, 0xf2, 0xf0, 0xcb, 0x05
	.byte 0x4d, 0x4c, 0xdc, 0xc8, 0x1c, 0x00, 0xcb, 0x69
	.byte 0x6e, 0xec, 0xd1, 0xc6, 0x06, 0x24, 0xd1, 0xc8
	.byte 0x06, 0x25, 0xf1, 0xcc, 0x06, 0x54, 0xd1, 0xcc
	.byte 0x06, 0x38, 0xc4, 0x00, 0xf1, 0xd0, 0x06, 0x54
	.byte 0xd1, 0xd0, 0x06, 0x38, 0xc8, 0x00, 0xf1, 0xce
	.byte 0x06, 0x55, 0xf1, 0xd2, 0x06, 0x55, 0xd1, 0xd2
	.byte 0x06, 0x38, 0x0c, 0x00, 0x1d, 0x8d, 0xec, 0xf0
	.byte 0xd1, 0xc6, 0x06, 0x24, 0xd1, 0xc8, 0x06, 0x25
	.byte 0xdc, 0xc8, 0xc4, 0x00, 0xf1, 0xcc, 0x06, 0x54
	.byte 0xf1, 0xd0, 0x06, 0x54, 0xf1, 0xce, 0x06, 0x55
	.byte 0xd1, 0xce, 0x06, 0x3a, 0x05, 0x00, 0xf1, 0xd2
	.byte 0x06, 0x55, 0xd1, 0xd2, 0x06, 0x3a, 0x01, 0x00
	.byte 0x1d, 0x8d, 0xec, 0xf0, 0xd1, 0xc6, 0x06, 0x24
	.byte 0xd1, 0xc8, 0x06, 0x25, 0xf1, 0xcc, 0x06, 0x54
	.byte 0xd1, 0xcc, 0x06, 0x3a, 0x08, 0x00, 0xf1, 0xd0
	.byte 0x06, 0x54, 0xf1, 0xce, 0x06, 0x55, 0xf1, 0xd2
	.byte 0x06, 0x55, 0xd1, 0xd2, 0x06, 0x38, 0x0c, 0x00
	.byte 0x1d, 0x8d, 0xec, 0xf0, 0xd1, 0xc6, 0x06, 0x24
	.byte 0xd1, 0xc8, 0x06, 0x25, 0xf1, 0xcc, 0x06, 0x54
	.byte 0xd1, 0xcc, 0x06, 0x3a, 0x05, 0x00, 0xf1, 0xd0
	.byte 0x06, 0x54, 0xd1, 0xd0, 0x06, 0x3a, 0x03, 0x00
	.byte 0xf1, 0xce, 0x06, 0x55, 0xd1, 0xce, 0x06, 0x38
	.byte 0x01, 0x00, 0xf1, 0xd2, 0x06, 0x55, 0xd1, 0xd2
	.byte 0x06, 0x38, 0x07, 0x00, 0x1d, 0x8d, 0xec, 0xf0
	.byte 0xd1, 0xc6, 0x06, 0x24, 0xd1, 0xc8, 0x06, 0x25
	.byte 0xdc, 0xca, 0x04, 0x00, 0xf1, 0xcc, 0x06, 0x54
	.byte 0xf1, 0xd0, 0x06, 0x54, 0xf1, 0xce, 0x06, 0x55
	.byte 0xd1, 0xce, 0x06, 0x38, 0x01, 0x00, 0xf1, 0xd2
	.byte 0x06, 0x55, 0xd1, 0xd2, 0x06, 0x38, 0x0b, 0x00
	.byte 0x1d, 0x35, 0xec, 0xf0, 0xd1, 0xc6, 0x06, 0x24
	.byte 0xd1, 0xc8, 0x06, 0x25, 0xf1, 0xcc, 0x06, 0x54
	.byte 0xd1, 0xcc, 0x06, 0x38, 0x1c, 0x00, 0xf1, 0xd0
	.byte 0x06, 0x54, 0xd1, 0xd0, 0x06, 0x38, 0xab, 0x00
	.byte 0xf1, 0xce, 0x06, 0x55, 0xd1, 0xce, 0x06, 0x38
	.byte 0x0d, 0x00, 0xf1, 0xd2, 0x06, 0x55, 0xd1, 0xd2
	.byte 0x06, 0x38, 0x0e, 0x00, 0x1d, 0x8d, 0xec, 0xf0
	.byte 0x0e, 0xf1, 0xcc, 0x06, 0x54, 0xf1, 0xd0, 0x06
	.byte 0x54, 0xf1, 0xce, 0x06, 0x55, 0xd1, 0xce, 0x06
	.byte 0x3a, 0x05, 0x00, 0xf1, 0xd2, 0x06, 0x55, 0xd1
	.byte 0xd2, 0x06, 0x3a, 0x01, 0x00, 0x2c, 0x2d, 0x1d
	.byte 0x35, 0xec, 0xf0, 0x4d, 0x4c, 0xf1, 0xcc, 0x06
	.byte 0x54, 0xf1, 0xce, 0x06, 0x55, 0xf1, 0xd0, 0x06
	.byte 0x54, 0xd1, 0xd0, 0x06, 0x38, 0x1c, 0x00, 0xf1
	.byte 0xd2, 0x06, 0x55, 0xd1, 0xd2, 0x06, 0x38, 0x0c
	.byte 0x00, 0x2c, 0x2d, 0x1d, 0x8d, 0xec, 0xf0, 0x4d
	.byte 0x4c, 0x23, 0x05, 0x46, 0x7e, 0xf3, 0xf0, 0x00
	.byte 0x96, 0x23, 0x9e, 0x02, 0x22, 0xee, 0xc8, 0x04
	.byte 0x00, 0x00, 0x00, 0xf1, 0xcc, 0x06, 0x54, 0xd1
	.byte 0xcc, 0x06, 0x8b, 0xf1, 0xd0, 0x06, 0x54, 0xd1
	.byte 0xd0, 0x06, 0x8a, 0xf1, 0xce, 0x06, 0x55, 0xd1
	.byte 0xce, 0x06, 0x38, 0x01, 0x00, 0xf1, 0xd2, 0x06
	.byte 0x55, 0xd1, 0xd2, 0x06, 0x38, 0x07, 0x00, 0xcb
	.byte 0x04, 0x3e, 0x2c, 0x2d, 0x1d, 0x8d, 0xec, 0xf0
	.byte 0x4d, 0x4c, 0x5e, 0xcb, 0x05, 0xcb, 0x69, 0x6e
	.byte 0xbf, 0x23, 0x06, 0xdc, 0xc8, 0x04, 0x00, 0xf1
	.byte 0xcc, 0x06, 0x54, 0xf1, 0xd0, 0x06, 0x54, 0xf1
	.byte 0xce, 0x06, 0x55, 0xd1, 0xce, 0x06, 0x38, 0x01
	.byte 0x00, 0xf1, 0xd2, 0x06, 0x55, 0xd1, 0xd2, 0x06
	.byte 0x38, 0x0b, 0x00, 0xcb, 0x04, 0x2c, 0x2d, 0x1d
	.byte 0x35, 0xec, 0xf0, 0x4d, 0x4c, 0xcb, 0x05, 0xcb
	.byte 0x69, 0x6e, 0xd0, 0x0e, 0x03, 0x00, 0x05, 0x00
	.byte 0x07, 0x00, 0x09, 0x00, 0x0f, 0x00, 0x11, 0x00
	.byte 0x13, 0x00, 0x15, 0x00, 0x17, 0x00, 0x19, 0x00
	.byte 0xc1, 0xae, 0x06, 0x3f, 0x01, 0x6e, 0x16, 0xf2
	.byte 0xa8, 0xef, 0x03, 0x00, 0x00, 0x45, 0x50, 0x1d
	.byte 0xf1, 0x00, 0x44, 0x5a, 0x1d, 0xf1, 0x00, 0x1d
	.byte 0x00, 0xec, 0xf0, 0x68, 0x14, 0xf2, 0xa8, 0xef
	.byte 0x03, 0x00, 0x00, 0x45, 0x46, 0x1d, 0xf1, 0x00
	.byte 0x44, 0x50, 0x1d, 0xf1, 0x00, 0x1d, 0x00, 0xec
	.byte 0xf0, 0xe8, 0xd0, 0xc1, 0x5d, 0x06, 0x21, 0xd8
	.byte 0xec, 0x02, 0xc1, 0xae, 0x06, 0x3f, 0x01, 0x6e
	.byte 0x07, 0x46, 0x8a, 0x1e, 0xf1, 0x00, 0x68, 0x05
	.byte 0x46, 0x76, 0x1e, 0xf1, 0x00, 0x38, 0xe8, 0x86
	.byte 0x96, 0x20, 0xf1, 0xc6, 0x06, 0x50, 0x9e, 0x02
	.byte 0x20, 0xf1, 0xc8, 0x06, 0x50, 0xc1, 0xae, 0x06
	.byte 0x3f, 0x01, 0x6e, 0x07, 0x46, 0x62, 0x06, 0x00
	.byte 0x00, 0x68, 0x05, 0x46, 0x68, 0x06, 0x00, 0x00
	.byte 0xe8, 0xd0, 0xc1, 0x5d, 0x06, 0x21, 0xe8, 0x86
	.byte 0x1d, 0x33, 0xf4, 0xf0, 0x58, 0xc1, 0xae, 0x06
	.byte 0x3f, 0x01, 0x6e, 0x07, 0x46, 0x6a, 0x1e, 0xf1
	.byte 0x00, 0x68, 0x05, 0x46, 0x56, 0x1e, 0xf1, 0x00
	.byte 0xe8, 0x86, 0xa6, 0x25, 0xed, 0x8c, 0xec, 0xc8
	.byte 0x2a, 0x00, 0x00, 0x00, 0x1d, 0x00, 0xec, 0xf0
	.byte 0x0e, 0x86, 0x21, 0xc9, 0xcc, 0xe0, 0xc9, 0xef
	.byte 0x05, 0xc9, 0xdb, 0x6e, 0x6a, 0xd1, 0xc6, 0x06
	.byte 0x24, 0xd1, 0xc8, 0x06, 0x25, 0xf1, 0xcc, 0x06
	.byte 0x54, 0xd1, 0xcc, 0x06, 0x38, 0x01, 0x00, 0xf1
	.byte 0xd0, 0x06, 0x54, 0xd1, 0xd0, 0x06, 0x38, 0x25
	.byte 0x00, 0xf1, 0xce, 0x06, 0x55, 0xd1, 0xce, 0x06
	.byte 0x38, 0x01, 0x00, 0xf1, 0xd2, 0x06, 0x55, 0xd1
	.byte 0xd2, 0x06, 0x38, 0x25, 0x00, 0x1d, 0xba, 0xec
	.byte 0xf0, 0xd1, 0xc6, 0x06, 0x24, 0xd1, 0xc8, 0x06
	.byte 0x25, 0xf1, 0xcc, 0x06, 0x54, 0xd1, 0xcc, 0x06
	.byte 0x38, 0x01, 0x00, 0xf1, 0xd0, 0x06, 0x54, 0xd1
	.byte 0xd0, 0x06, 0x38, 0x26, 0x00, 0xf1, 0xce, 0x06
	.byte 0x55, 0xd1, 0xce, 0x06, 0x38, 0x26, 0x00, 0xf1
	.byte 0xd2, 0x06, 0x55, 0xd1, 0xd2, 0x06, 0x38, 0x01
	.byte 0x00, 0x1d, 0x23, 0xec, 0xf0, 0x68, 0x2c, 0x46
	.byte 0xd6, 0xf4, 0xf0, 0x00, 0xc8, 0xd0, 0xd8, 0xee
	.byte 0x02, 0xe3, 0x07, 0xf8, 0xe0, 0x25, 0xd1, 0xc6
	.byte 0x06, 0x20, 0xc9, 0x0a, 0x08, 0xc8, 0xd0, 0xd1
	.byte 0xc8, 0x06, 0x23, 0xcf, 0x08, 0x28, 0xd8, 0x83
	.byte 0xdb, 0x8c, 0xd9, 0xad, 0x33, 0x28, 0x00, 0x1d
	.byte 0x47, 0xec, 0xf0, 0x0e, 0x96, 0x10, 0xf1, 0x00


SeMenu_WaveformSelect_Init:
	.long LABEL_F10FCE
	.long LABEL_F10F06
	.long LABEL_F10CAE
	.long LABEL_F10E3E
	.long LABEL_F10D76
	.long LABEL_F10CAE
SeMenu_WaveformSelect_End:
	.byte 0x0e

SeMenu_WaveformSelect_Handler:
	ldb c, 0x0
	ldb a, 0xC
	ldb a, 0x10
	call Display_DeferOrDrawWall
	ret

SeMenu_WaveformSelect_Process:
	ldb c, 0x7
	ldb a, 0xC
	call Display_DeferOrUpdateScreen
	ret

SeMenu_WaveformSelect_Apply:
	sti8_24	257960, 0
	ld	xiz, 15815354
	xor	xwa, xwa
	ld8_24	a, 213220
	sla	wa, 2
	add	xiz, xwa
	ld	xiy, (xiz)
	ld	xix, (xiz+4)
	call	15789056
	ld	xiy, 15814733
	ld	xix, 15814796
	call	15789056
	ret
SeMenu_WaveformSelect_Data:
	.byte 0xc1
	.byte 0xb8, 0x06, 0x3f, 0x01, 0x6e, 0x06, 0x1d, 0x07
	.byte 0xf5, 0xf0, 0x68, 0x5f, 0xf2, 0xa8, 0xef, 0x03
	.byte 0x00, 0x00, 0xc1, 0xae, 0x06, 0x3f, 0x01, 0x66
	.byte 0x14, 0x45, 0x68, 0x11, 0xf1, 0x00, 0x44, 0x8b
	.byte 0x12, 0xf1, 0x00, 0x1d, 0x00, 0xec, 0xf0, 0x1d
	.byte 0xa3, 0xf5, 0xf0
	.ascii "h>E&]"
	.byte 0xf1, 0x00, 0x44, 0xf2, 0x5f, 0xf1, 0x00, 0x1d
	.byte 0x00, 0xec, 0xf0, 0x1d, 0x97, 0xf8, 0xf0, 0x45
	.byte 0x06, 0x60, 0xf1, 0x00, 0x44, 0xf1, 0x60, 0xf1
	.byte 0x00, 0x1d, 0x0d, 0xec, 0xf0, 0x1d, 0xcf, 0xf5
	.byte 0xf0, 0xf2, 0xa8, 0xef, 0x03, 0x00, 0x01, 0x45
	.byte 0xf2, 0x5f, 0xf1, 0x00, 0x44, 0x06, 0x60, 0xf1
	.byte 0x00, 0x1d, 0x00, 0xec, 0xf0, 0xf2, 0xa8, 0xef
	.byte 0x03, 0x00, 0x00, 0x0e, 0xf2, 0xa8, 0xef, 0x03
	.byte 0x00, 0x00, 0xc1, 0x61, 0x06, 0x3f, 0x01, 0x66
	.byte 0x10, 0x45, 0x8b, 0x12, 0xf1, 0x00, 0x44, 0xb7
	.byte 0x12, 0xf1, 0x00, 0x1d, 0x00, 0xec, 0xf0, 0x68
	.byte 0x0e, 0x45, 0xb7, 0x12, 0xf1, 0x00, 0x44, 0xe1
	.byte 0x12, 0xf1, 0x00, 0x1d, 0x00, 0xec, 0xf0, 0x0e
	.byte 0xf2, 0xa8, 0xef, 0x03, 0x00, 0x00, 0x21, 0x0d
	.byte 0x14, 0x1d, 0xe5, 0xf5, 0xf0, 0x15, 0xc9, 0x61
	.byte 0xc9, 0xcf, 0x0f, 0x67, 0xf3, 0x0e, 0xe9, 0xd1
	.byte 0xc8, 0xd0, 0xe8, 0x12, 0x41, 0x60, 0x06, 0x00
	.byte 0x00, 0xe8, 0x81, 0x81, 0x24, 0xcc, 0xd8, 0x66
	.byte 0x0f, 0x45, 0x2b, 0x61, 0xf1, 0x00, 0xf2, 0xa8
	.byte 0xef, 0x03, 0x00, 0x00, 0x1d, 0xe7, 0x0b, 0xf1
	.byte 0x0e
SeMenu_PresetManager_Init:
	.byte 0xc1, 0xae, 0x06, 0x3f, 0x01, 0x66, 0x07
	.byte 0x1d, 0xa3, 0xf5, 0xf0, 0x78, 0xc2, 0x00, 0xc9
	.byte 0xd8, 0x66, 0x34, 0xc9, 0xd9, 0x66, 0x65, 0xc9
	.byte 0xda, 0x66, 0x75, 0xc9, 0xcf, 0x0f, 0x66, 0x76
	.byte 0xc9, 0xcf, 0x10, 0x76, 0x86, 0x00, 0xc9, 0xcf
	.byte 0x0d, 0x77, 0x96, 0x00, 0xf2, 0xa8, 0xef, 0x03
	.byte 0x00, 0x00, 0x45, 0xc4, 0x60, 0xf1, 0x00, 0x44
	.byte 0xe6, 0x60, 0xf1, 0x00, 0x1d, 0x0d, 0xec, 0xf0
	.byte 0x1d, 0xcf, 0xf5, 0xf0, 0x78, 0x8a, 0x00, 0xf2
	.byte 0xa8, 0xef, 0x03, 0x00, 0x01, 0x45, 0x21, 0x61
	.byte 0xf1, 0x00, 0x44, 0x2b, 0x61, 0xf1, 0x00, 0x1d
	.byte 0x00, 0xec, 0xf0, 0x21, 0x00, 0x45, 0x2b, 0x61
	.byte 0xf1, 0x00, 0x1d, 0xe7, 0x0b, 0xf1, 0xf2, 0xa8
	.byte 0xef, 0x03, 0x00, 0x01, 0x45, 0xf2, 0x5f, 0xf1
	.byte 0x00, 0x44, 0x06, 0x60, 0xf1, 0x00, 0x1d, 0x00
	.byte 0xec, 0xf0, 0x68, 0x55, 0x45, 0x06, 0x60, 0xf1
	.byte 0x00, 0x44, 0xf1, 0x60, 0xf1, 0x00, 0x1d, 0x0d
	.byte 0xec, 0xf0, 0x1d, 0xcf, 0xf5, 0xf0, 0x68, 0x41
	.byte 0x1d, 0x97, 0xf8, 0xf0, 0x68, 0x3b, 0xf2, 0xa8
	.byte 0xef, 0x03, 0x00, 0x00, 0x45, 0x28, 0x60, 0xf1
	.byte 0x00, 0x44, 0x4a, 0x60, 0xf1, 0x00, 0x1d, 0x0d
	.byte 0xec, 0xf0, 0x68, 0x25, 0xf2, 0xa8, 0xef, 0x03
	.byte 0x00, 0x00, 0x45, 0x70, 0x60, 0xf1, 0x00, 0x44
	.byte 0x92, 0x60, 0xf1, 0x00, 0x1d, 0x0d, 0xec, 0xf0
	.byte 0x68, 0x0f, 0x45, 0x2b, 0x61, 0xf1, 0x00, 0xf2
	.byte 0xa8, 0xef, 0x03, 0x00, 0x00, 0x1d, 0xe7, 0x0b
	.byte 0xf1, 0x0e
SeMenu_PresetManager_Load:
	; --- Wrapper 1: conditional XIY/XIX setup + call (28 bytes) ---
	sti8_24	257960, 0
	.byte 0xc1, 0xae, 0x06, 0x3f, 0x01		; cp (0x06AE), 0x01  [C1 prefix]
	jr nz, SeMenu_PresetManager_End
	ld xiy, 0x00F1616F
	ld xix, 0x00F16239
	call SeMenu_NameEditor_Setup
SeMenu_PresetManager_End:
	ret
SeMenu_PresetManager_Save:
	; --- Wrapper 2: XIY/XIX setup + 2 calls (25 bytes) ---
	sti8_24	257960, 0
	ld xiy, 0x00F1115E
	ld xix, 0x00F11168
	call SeMenu_NameEditor_Setup
	call 0xFB1588
	ret


SeMenu_PresetManager_SaveApply:
	.byte 0x1d
	.byte 0xf4, 0xf8, 0xf0, 0x1d, 0xf5, 0xf6, 0xf0, 0x45
	.byte 0xe0, 0x15, 0xf1, 0x00, 0x44, 0x84, 0x17, 0xf1
	.byte 0x00, 0x1d, 0x00, 0xec, 0xf0, 0x1d, 0x4a, 0xf0
	.byte 0xf0, 0x1d, 0x2f, 0xf8, 0xf0, 0xf2, 0xa8, 0xef
	.byte 0x03, 0x00, 0x00, 0x45, 0xd1, 0x29, 0xf1, 0x00
	.byte 0x44, 0xd4, 0x2a, 0xf1, 0x00, 0x1d, 0x0d, 0xec
	.byte 0xf0, 0x1d, 0x09, 0xf9, 0xf0, 0x0e
SeMenu_PresetManager_Data:
	.byte 0x1d, 0xf4
	.byte 0xf8, 0xf0, 0xc1, 0xae, 0x06, 0x3f, 0x01, 0x66
	.byte 0x14, 0x45, 0x5c, 0x4e, 0xf1, 0x00, 0x44, 0x20
	.byte 0x50, 0xf1, 0x00, 0x1d, 0x00, 0xec, 0xf0, 0x1d
	.byte 0xf5, 0xf6, 0xf0, 0x68, 0x1c, 0x45, 0x20, 0x50
	.byte 0xf1, 0x00, 0x44, 0x4d, 0x50, 0xf1, 0x00, 0x1d
	.byte 0x00, 0xec, 0xf0, 0x45, 0x67, 0x4e, 0xf1, 0x00
	.byte 0x44, 0x20, 0x50, 0xf1, 0x00, 0x1d, 0x00, 0xec
	.byte 0xf0, 0x1d, 0x4a, 0xf0, 0xf0, 0x1d, 0x94, 0xf0
	.byte 0xf0, 0xf2, 0xa8, 0xef, 0x03, 0x00, 0x00, 0x45
	.byte 0x7b, 0x2b, 0xf1, 0x00, 0x44, 0x86, 0x2b, 0xf1
	.byte 0x00, 0x1d, 0x0d, 0xec, 0xf0, 0x1d, 0x07, 0x02
	.byte 0xf1, 0x1d, 0x09, 0xf9, 0xf0, 0x0e, 0xc1, 0xae
	.byte 0x06, 0x3f, 0x01, 0x6e, 0x18, 0xf2, 0xa8, 0xef
	.byte 0x03, 0x00, 0x00, 0x45, 0x84, 0x17, 0xf1, 0x00
	.byte 0x44, 0x8e, 0x17, 0xf1, 0x00, 0x1d, 0x00, 0xec
	.byte 0xf0, 0x23, 0x02, 0x68, 0x16, 0xf2, 0xa8, 0xef
	.byte 0x03, 0x00, 0x00, 0x45, 0x84, 0x17, 0xf1, 0x00
	.byte 0x44, 0x98, 0x17, 0xf1, 0x00, 0x1d, 0x00, 0xec
	.byte 0xf0, 0x23, 0x04, 0xc1, 0x5e, 0x06, 0x20, 0xcb
	.byte 0x89, 0xc9, 0xec, 0x01, 0xc9, 0x69, 0xc8, 0xff
	.byte 0x67, 0x22, 0xcb, 0x04, 0xca, 0xd2, 0xd9, 0xec
	.byte 0x02, 0x46, 0xfc, 0x17, 0xf1, 0x00, 0xe3, 0x07
	.byte 0xf8, 0xe4, 0x25, 0xd9, 0xc8, 0x04, 0x00, 0xe3
	.byte 0x07, 0xf8, 0xe4, 0x24, 0x1d, 0x00, 0xec, 0xf0
	.byte 0xcb, 0x05, 0x68, 0x20, 0xcb, 0x04, 0xca, 0xd2
	.byte 0xd9, 0xec, 0x02, 0x46, 0xb4, 0x17, 0xf1, 0x00
	.byte 0xe3, 0x07, 0xf8, 0xe4, 0x25, 0xd9, 0xc8, 0x04
	.byte 0x00, 0xe3, 0x07, 0xf8, 0xe4, 0x24, 0x1d, 0x00
	.byte 0xec, 0xf0, 0xcb, 0x05, 0xcb, 0x1c, 0xac, 0x0e
	.byte 0xf2, 0xa8, 0xef, 0x03, 0x00, 0x00, 0xc1, 0xae
	.byte 0x06, 0x3f, 0x01, 0x6e, 0x04, 0x23, 0x02, 0x68
	.byte 0x02, 0x23, 0x04, 0xc1, 0x5e, 0x06, 0x20, 0xcb
	.byte 0x89, 0xc9, 0xec, 0x01, 0xc9, 0x69, 0xc8, 0xff
	.byte 0x67, 0x22, 0xcb, 0x04, 0xca, 0xd2, 0xd9, 0xec
	.byte 0x02, 0x46, 0xd8, 0x18, 0xf1, 0x00, 0xe3, 0x07
	.byte 0xf8, 0xe4, 0x25, 0xd9, 0xc8, 0x04, 0x00, 0xe3
	.byte 0x07, 0xf8, 0xe4, 0x24, 0x1d, 0x00, 0xec, 0xf0
	.byte 0xcb, 0x05, 0x68, 0x20, 0xcb, 0x04, 0xca, 0xd2
	.byte 0xd9, 0xec, 0x02, 0x46, 0x60, 0x18, 0xf1, 0x00
	.byte 0xe3, 0x07, 0xf8, 0xe4, 0x25, 0xd9, 0xc8, 0x04
	.byte 0x00, 0xe3, 0x07, 0xf8, 0xe4, 0x24, 0x1d, 0x00
	.byte 0xec, 0xf0, 0xcb, 0x05, 0xcb, 0x1c, 0xac, 0x0e
	.byte 0xf2, 0xa8, 0xef, 0x03, 0x00, 0x00, 0x23, 0x02
	.byte 0xc1, 0x5e, 0x06, 0x20, 0xcb, 0x89, 0xc9, 0xec
	.byte 0x01, 0xc9, 0x69, 0xc8, 0xff, 0x67, 0x22, 0xcb
	.byte 0x04, 0xca, 0xd2, 0xd9, 0xec, 0x02, 0x46, 0x54
	.byte 0x19, 0xf1, 0x00, 0xe3, 0x07, 0xf8, 0xe4, 0x25
	.byte 0xd9, 0xc8, 0x04, 0x00, 0xe3, 0x07, 0xf8, 0xe4
	.byte 0x24, 0x1d, 0x00, 0xec, 0xf0, 0xcb, 0x05, 0x68
	.byte 0x20, 0xcb, 0x04, 0xca, 0xd2, 0xd9, 0xec, 0x02
	.byte 0x46, 0x1a, 0x19, 0xf1, 0x00, 0xe3, 0x07, 0xf8
	.byte 0xe4, 0x25, 0xd9, 0xc8, 0x04, 0x00, 0xe3, 0x07
	.byte 0xf8, 0xe4, 0x24, 0x1d, 0x00, 0xec, 0xf0, 0xcb
	.byte 0x05, 0xcb, 0x1c, 0xac, 0x0e, 0xf2, 0xa8, 0xef
	.byte 0x03, 0x00, 0x00, 0x45, 0xb0, 0x15, 0xf1, 0x00
	.byte 0x44, 0xdb, 0x15, 0xf1, 0x00, 0x1d, 0x00, 0xec
	.byte 0xf0, 0x0e, 0xf2, 0xa8, 0xef, 0x03, 0x00, 0x00
	.byte 0x45, 0xdb, 0x15, 0xf1, 0x00, 0x44, 0xe0, 0x15
	.byte 0xf1, 0x00, 0x1d, 0x00, 0xec, 0xf0, 0x0e, 0xf2
	.byte 0xa8, 0xef, 0x03, 0x00, 0x00, 0x45, 0xdd, 0x14
	.byte 0xf1, 0x00, 0x44, 0xb0, 0x15, 0xf1, 0x00, 0x1d
	.byte 0x00, 0xec, 0xf0, 0xf2, 0xa8, 0xef, 0x03, 0x00
	.byte 0x00, 0x0e
SeMenu_PresetBrowser_Init:
	; --- Main: call sub, setup XIY/XIX, call F0EC00, 3 more calls (51 bytes) ---
	call SeMenu_PresetBrowser_Navigate
	ld xiy, 0x00F11A37
	ld xix, 0x00F11C49
	call SeMenu_NameEditor_Setup
	call 0xF0F04A
	call 0xF0F7A5
	sti8_24	257960, 0
	ld xiy, 0x00F131E5
	ld xix, 0x00F132BF
	call SeMenu_NameEditor_Draw
	call SeMenu_PresetBrowser_Select
	ret
SeMenu_PresetBrowser_Navigate:
	; --- Helper 1: clear flag, setup XIY/XIX, call F0EC00 (21 bytes) ---
	sti8_24	257960, 0
	ld xiy, 0x00F11964
	ld xix, 0x00F11A14
	call SeMenu_NameEditor_Setup
	ret
SeMenu_PresetBrowser_Select:
	; --- Helper 2: clear flag, setup XIY/XIX, call F0EC00 (21 bytes) ---
	sti8_24	257960, 0
	ld xiy, 0x00F11A14
	ld xix, 0x00F11A19
	call SeMenu_NameEditor_Setup
	ret


SeMenu_PresetBrowser_Data:
	.byte 0x1d
	.byte 0x6c, 0xf9, 0xf0, 0x1d, 0x81, 0xf9, 0xf0, 0x45
	.byte 0x66, 0x42, 0xf1, 0x00, 0x44, 0x0b, 0x44, 0xf1
	.byte 0x00, 0x1d, 0x00, 0xec, 0xf0, 0x1d, 0xd1, 0xf9
	.byte 0xf0, 0x1d, 0x4a, 0xf0, 0xf0, 0x1d, 0x2e, 0xfa
	.byte 0xf0, 0x1d, 0x6a, 0x03, 0xf1, 0xf2, 0xa8, 0xef
	.byte 0x03, 0x00, 0x00, 0x45, 0x83, 0x34, 0xf1, 0x00
	.byte 0x44, 0xd4, 0x34, 0xf1, 0x00, 0x1d, 0x0d, 0xec
	.byte 0xf0, 0x0e, 0xf2, 0xa8, 0xef, 0x03, 0x00, 0x00
	.byte 0x23, 0x04, 0xc1, 0x5e, 0x06, 0x20, 0xcb, 0x89
	.byte 0xc9, 0xec, 0x01, 0xc9, 0x69, 0xc8, 0xff, 0x67
	.byte 0x22, 0xcb, 0x04, 0xca, 0xd2, 0xd9, 0xec, 0x02
	.byte 0x46, 0x6f, 0x44, 0xf1, 0x00, 0xe3, 0x07, 0xf8
	.byte 0xe4, 0x25, 0xd9, 0xc8, 0x04, 0x00, 0xe3, 0x07
	.byte 0xf8, 0xe4, 0x24, 0x1d, 0x00, 0xec, 0xf0, 0xcb
	.byte 0x05, 0x68, 0x20, 0xcb, 0x04, 0xca, 0xd2, 0xd9
	.byte 0xec, 0x02, 0x46, 0x27, 0x44, 0xf1, 0x00, 0xe3
	.byte 0x07, 0xf8, 0xe4, 0x25, 0xd9, 0xc8, 0x04, 0x00
	.byte 0xe3, 0x07, 0xf8, 0xe4, 0x24, 0x1d, 0x00, 0xec
	.byte 0xf0, 0xcb, 0x05, 0xcb, 0x1c, 0xac, 0x0e, 0xf2
	.byte 0xa8, 0xef, 0x03, 0x00, 0x01, 0x45, 0x74, 0x35
	.byte 0xf1, 0x00, 0x44, 0x7e, 0x35, 0xf1, 0x00, 0x1d
	.byte 0x00, 0xec, 0xf0, 0xf2, 0xa8, 0xef, 0x03, 0x00
	.byte 0x00, 0x45, 0xc4, 0x35, 0xf1, 0x00, 0x44, 0xce
	.byte 0x35, 0xf1, 0x00, 0x1d, 0x00, 0xec, 0xf0, 0x45
	.byte 0xce, 0x35, 0xf1, 0x00, 0x44, 0xd8, 0x35, 0xf1
	.byte 0x00, 0x1d, 0x00, 0xec, 0xf0, 0xf2, 0xa8, 0xef
	.byte 0x03, 0x00, 0x02, 0x45, 0xce, 0x35, 0xf1, 0x00
	.byte 0x44, 0xd8, 0x35, 0xf1, 0x00, 0x1d, 0x00, 0xec
	.byte 0xf0, 0x23, 0x04, 0x45, 0x65, 0x06, 0x00, 0x00
	.byte 0x85, 0x20, 0xc8, 0xcc, 0x20, 0x76, 0xbb, 0x00
	.byte 0xc8, 0x04, 0xcb, 0x04, 0x3d, 0x24, 0x04, 0xcb
	.byte 0xa4, 0xcc, 0x8d, 0xcc, 0xd4, 0xda, 0xec, 0x02
	.byte 0x46, 0xa6, 0x35, 0xf1, 0x00, 0xe3, 0x07, 0xf8
	.byte 0xe8, 0x25, 0x2a, 0xda, 0xc8, 0x04, 0x00, 0xe3
	.byte 0x07, 0xf8, 0xe8, 0x24, 0x1d, 0x00, 0xec, 0xf0
	.byte 0x4a, 0x5d, 0xcb, 0x05, 0xc8, 0x05, 0xf2, 0xa8
	.byte 0xef, 0x03, 0x00, 0x00, 0xcb, 0x04, 0x3d, 0x46
	.byte 0x08, 0x37, 0xf1, 0x00, 0xe3, 0x07, 0xf8, 0xe8
	.byte 0x25, 0xed, 0x8c, 0xec, 0xc8, 0x07, 0x00, 0x00
	.byte 0x00, 0x2a, 0x1d, 0x00, 0xec, 0xf0, 0x4a, 0x5d
	.byte 0xcb, 0x05, 0xcb, 0x04, 0x3d, 0x85, 0x21, 0xc9
	.byte 0xcc, 0xc0, 0xc9, 0xef, 0x06, 0xc8, 0xd0, 0xc9
	.byte 0x08, 0x0a, 0x46, 0xdc, 0x36, 0xf1, 0x00, 0xe3
	.byte 0x07, 0xf8, 0xe8, 0x25, 0xe8, 0x12, 0xe8, 0x85
	.byte 0xed, 0x8c, 0xec, 0xc8, 0x0a, 0x00, 0x00, 0x00
	.byte 0x2a, 0x1d, 0x00, 0xec, 0xf0, 0x4a, 0x5d, 0xcb
	.byte 0x05, 0xcb, 0x04
	.byte 0x3d, 0x46, 0x26, 0x35
	.byte 0xf1
	.byte 0x00, 0xe3, 0x07, 0xf8, 0xe8, 0x25, 0x2a, 0x1d
	.byte 0x1a, 0xec, 0xf0, 0x4a, 0x5d, 0xcb, 0x05, 0xf2
	.byte 0xa8, 0xef, 0x03, 0x00, 0x02, 0xcb, 0x04, 0x3d
	.byte 0x46, 0x87, 0x44, 0xf1, 0x00, 0xe3, 0x07, 0xf8
	.byte 0xe8, 0x25, 0xed, 0x8c, 0xec, 0xc8, 0x14, 0x00
	.byte 0x00, 0x00, 0x1d, 0x00, 0xec, 0xf0, 0x5d, 0xcb
	.byte 0x05, 0x68, 0x00, 0xed, 0xc8, 0x01, 0x00, 0x00
	.byte 0x00, 0xcb, 0x69, 0x7e, 0x32, 0xff, 0x0e
SeMenu_CompareAndApply_Init:
	; --- Main dispatch: language check, XIY/XIX setup, calls (111 bytes) ---
	call SeMenu_CompareAndApply_Data
	.byte 0xc1, 0xae, 0x06, 0x3f, 0x01		; cp (0x06AE), 0x01  [C1 prefix]
	jr z, SeMenu_CompareAndApply_Check
	call SeMenu_PresetManager_Save
	ld xiy, 0x00F11E96
	ld xix, 0x00F11F83
	call SeMenu_NameEditor_Setup
	jr t, SeMenu_CompareAndApply_Match
SeMenu_CompareAndApply_Check:
	ld xiy, 0x00F16239
	ld xix, 0x00F162D3
	call SeMenu_NameEditor_Setup
SeMenu_CompareAndApply_Match:
	call 0xF0F04A
	call 0xF0F7A5
	call 0xF0F392
	.byte 0xc1, 0xae, 0x06, 0x3f, 0x01		; cp (0x06AE), 0x01  [C1 prefix]
	jr z, SeMenu_CompareAndApply_Apply
	sti8_24	257960, 0
	ld xiy, 0x00F12F95
	ld xix, 0x00F13020
	call SeMenu_NameEditor_Draw
	jr t, SeMenu_CompareAndApply_End
SeMenu_CompareAndApply_Apply:
	sti8_24	257960, 0
	ld xiy, 0x00F163AA
	ld xix, 0x00F163E1
	call SeMenu_NameEditor_Draw
SeMenu_CompareAndApply_End:
	call SeMenu_CompareAndApply_Data4
	ret
SeMenu_CompareAndApply_Data:
	; --- Init helper: language-conditional XIX setup (35 bytes) ---
	sti8_24	257960, 0
	ld xiy, 0x00F11C8F
	.byte 0xc1, 0xae, 0x06, 0x3f, 0x01		; cp (0x06AE), 0x01  [C1 prefix]
	jr z, SeMenu_CompareAndApply_Data2
	ld xix, 0x00F11D41
	jr t, SeMenu_CompareAndApply_Data3
SeMenu_CompareAndApply_Data2:
	ld xix, 0x00F11D06
SeMenu_CompareAndApply_Data3:
	call SeMenu_NameEditor_Setup
	ret
SeMenu_CompareAndApply_Data4:
	; --- Tail helper: clear flag, setup XIY/XIX, call F0EC00 (21 bytes) ---
	sti8_24	257960, 0
	ld xiy, 0x00F11D41
	ld xix, 0x00F11D46
	call SeMenu_NameEditor_Setup
	ret


SeMenu_CompareAndApply_Data5:
	.byte 0x1d, 0x4a
	.byte 0xf0, 0xf0, 0x1d, 0x94, 0xf0, 0xf0, 0x1d, 0xbd
SeMenu_CompareAndApply_Data6:
	.byte 0xfb, 0xf0, 0x1d, 0xf5, 0xf6, 0xf0, 0xf2, 0xa8
	.byte 0xef, 0x03, 0x00, 0x02, 0x45, 0x58, 0x20, 0xf1
	.byte 0x00, 0x44, 0x6c, 0x20, 0xf1, 0x00, 0x1d, 0x00
	.byte 0xec, 0xf0, 0xf2, 0xa8, 0xef, 0x03, 0x00, 0x00
	.byte 0x45, 0x83, 0x1f, 0xf1, 0x00, 0x44, 0x58, 0x20
	.byte 0xf1, 0x00, 0x1d, 0x00, 0xec, 0xf0, 0x1d, 0xe0
	.byte 0xfb, 0xf0, 0xf1, 0xc6, 0x06, 0x02, 0x38, 0x00
	.byte 0xf1, 0xc8, 0x06, 0x02, 0x8b, 0x00, 0x1d, 0x80
	.byte 0xf1, 0xf0, 0xf2, 0xa8, 0xef, 0x03, 0x00, 0x00
	.byte 0x45, 0x86, 0x30, 0xf1, 0x00, 0x44, 0xbe, 0x30
	.byte 0xf1, 0x00, 0x1d, 0x0d, 0xec, 0xf0, 0x0e
SeMenu_Utility_CopyBlock:
	.byte 0x1d
	.byte 0xbd, 0xfb, 0xf0, 0xc1, 0xae, 0x06, 0x3f, 0x01
	.ascii "f(El "
	.byte 0xf1, 0x00, 0x44
	.byte 0x29, 0x21, 0xf1, 0x00, 0x1d, 0x00, 0xec, 0xf0
	.byte 0x1d, 0xe2, 0xfd, 0xf0, 0xf2, 0xa8, 0xef, 0x03
	.byte 0x00, 0x02, 0x45, 0xf1, 0x26, 0xf1, 0x00, 0x44
	.byte 0xfb, 0x26, 0xf1, 0x00, 0x1d, 0x00, 0xec, 0xf0
	.byte 0x68, 0x1c, 0x45, 0x6c, 0x20, 0xf1, 0x00, 0x44
	.byte 0x84, 0x20, 0xf1, 0x00, 0x1d, 0x00, 0xec, 0xf0
	.byte 0x45, 0xd3, 0x62, 0xf1, 0x00, 0x44, 0xaa, 0x63
	.byte 0xf1, 0x00, 0x1d, 0x00, 0xec, 0xf0, 0x1d, 0x4a
	.byte 0xf0, 0xf0, 0x1d, 0x94, 0xf0, 0xf0, 0xf2, 0xa8
	.byte 0xef, 0x03, 0x00, 0x00, 0xc1, 0xae, 0x06, 0x3f
	.byte 0x01, 0x66, 0x10, 0x45, 0xce, 0x30, 0xf1, 0x00
	.byte 0x44, 0x14, 0x31, 0xf1, 0x00, 0x1d, 0x0d, 0xec
	.byte 0xf0, 0x68, 0x12, 0x45, 0x17, 0x64, 0xf1, 0x00
	.byte 0x44, 0x59, 0x64, 0xf1, 0x00, 0x1d, 0x0d, 0xec
	.byte 0xf0, 0x1d, 0xe1, 0xfc, 0xf0, 0x1d, 0xe0, 0xfb
	.byte 0xf0, 0x0e, 0xf2, 0xa8, 0xef, 0x03, 0x00, 0x00
	.byte 0xc1, 0x60, 0x06, 0x21, 0xc9, 0xcc, 0x20, 0x66
	.ascii "$Eyd"
	.byte 0xf1, 0x00, 0x44, 0x8d
	.byte 0x64, 0xf1, 0x00, 0x1d, 0x0d, 0xec, 0xf0, 0xf2
	.byte 0xa8, 0xef, 0x03, 0x00, 0x02, 0x45, 0xf1, 0x26
	.byte 0xf1, 0x00, 0x44, 0x07, 0x27, 0xf1, 0x00, 0x1d
	.byte 0x00, 0xec, 0xf0, 0x68, 0x22, 0x45, 0x8d, 0x64
	.byte 0xf1, 0x00, 0x44, 0x9b, 0x64, 0xf1, 0x00, 0x1d
	.byte 0x00, 0xec, 0xf0, 0xf2, 0xa8, 0xef, 0x03, 0x00
	.byte 0x02, 0x45, 0x07, 0x27, 0xf1, 0x00, 0x44, 0x11
	.byte 0x27, 0xf1, 0x00, 0x1d, 0x00, 0xec, 0xf0, 0x0e
SeMenu_Utility_FillBlock:
	call	15793085
	ld	xiy, 15802665
	ld	xix, 15802996
	call	15789056
	sti8_24	257960, 2
	ld	xiy, 15802996
	ld	xix, 15803016
	call	15789056
	call	15791861
	stdi16	1734, 56
	stdi16	1736, 139
	call	15790464
	call	15790154
	call	15790228
	sti8_24	257960, 0
	ld	xiy, 15806768
	ld	xix, 15806885
	call	15789069
	call	15793120
	ret
SeMenu_Utility_CompareBlock:
	; --- Main: init, 2x XIY/XIX setup, language branch, 3 calls (80 bytes) ---
	call SeMenu_Utility_SearchByte
	ld xiy, 0x00F12391
	ld xix, 0x00F124DE
	call SeMenu_NameEditor_Setup
	ld xiy, 0x00F124F3
	ld xix, 0x00F12507
	call SeMenu_NameEditor_Setup
	.byte 0xc1, 0xae, 0x06, 0x3f, 0x01		; cp (0x06AE), 0x01  [C1 prefix]
	jr z, SeMenu_Utility_CompareBlock_Loop
	call SeMenu_Utility_CompareBlock_End
SeMenu_Utility_CompareBlock_Loop:
	call 0xF0F04A
	call 0xF0F094
	call SeMenu_Utility_FormatNumber_End
	sti8_24	257960, 0
	ld xiy, 0x00F12D66
	ld xix, 0x00F12DC6
	call SeMenu_NameEditor_Draw
	call SeMenu_Utility_FormatNumber_Loop
	ret
SeMenu_Utility_CompareBlock_End:
	; --- Helper: XIY/XIX setup + call F0EC00, call F0F6F5 (19 bytes) ---
	ld xiy, 0x00F12386
	ld xix, 0x00F12391
	call SeMenu_NameEditor_Setup
	call SeMenu_PresetManager_Save
	ret
SeMenu_Utility_SearchByte:
	; --- Init: language-conditional XIX selection (35 bytes) ---
	sti8_24	257960, 0
	.byte 0xc1, 0xae, 0x06, 0x3f, 0x01		; cp (0x06AE), 0x01  [C1 prefix]
	jr z, SeMenu_Utility_SearchByte_End
	ld xix, 0x00F12341
	jr t, SeMenu_Utility_FormatNumber
SeMenu_Utility_SearchByte_End:
	ld xix, 0x00F122AE
SeMenu_Utility_FormatNumber:
	ld xiy, 0x00F12288
	call SeMenu_NameEditor_Setup
	ret
SeMenu_Utility_FormatNumber_Loop:
	; --- Tail: clear flag, XIY/XIX, call F0EC00 (21 bytes) ---
	sti8_24	257960, 0
	ld xiy, 0x00F12341
	ld xix, 0x00F12346
	call SeMenu_NameEditor_Setup
	ret
SeMenu_Utility_FormatNumber_End:
	; --- Data setup: load A, store, set flag=2, language-conditional XIX (58 bytes) ---
	ldda8	a, 36150
	stda8	1656, a
	sti8_24	257960, 2
	ld xiy, 0x00F12364
	.byte 0xc1, 0xae, 0x06, 0x3f, 0x01		; cp (0x06AE), 0x01  [C1 prefix]
	jr z, SeMenu_Utility_FormatNumber_Data
	ld xix, 0x00F12386
	jr t, SeMenu_Utility_FormatSigned
SeMenu_Utility_FormatNumber_Data:
	ld xix, 0x00F1237C
SeMenu_Utility_FormatSigned:
	call SeMenu_NameEditor_Setup
	sti8_24	257960, 0
	ld xiy, 0x00F12D33
	call SeMenu_NameEditor_HandleInput
	ret


SeMenu_Utility_FormatSigned_Data:
	.byte 0x1d, 0xf5, 0xfd, 0xf0, 0x45, 0x91, 0x23, 0xf1
	.byte 0x00, 0x44, 0xde, 0x24, 0xf1, 0x00, 0x1d, 0x00
	.byte 0xec, 0xf0, 0x45, 0xde, 0x24, 0xf1, 0x00, 0x44
	.byte 0xf3, 0x24, 0xf1, 0x00, 0x1d, 0x00, 0xec, 0xf0
	.byte 0xc1, 0xae, 0x06, 0x3f, 0x01, 0x66, 0x04, 0x1d
	.byte 0xe2, 0xfd, 0xf0, 0x1d, 0x4a, 0xf0, 0xf0, 0x1d
	.byte 0x94, 0xf0, 0xf0, 0x1d, 0x2d, 0xfe, 0xf0, 0xf2
	.byte 0xa8, 0xef, 0x03, 0x00, 0x00, 0x45, 0x66, 0x2d
	.byte 0xf1, 0x00, 0x44, 0xc6, 0x2d, 0xf1, 0x00, 0x1d
	.byte 0x0d, 0xec, 0xf0, 0x1d, 0x18, 0xfe, 0xf0, 0x0e
SeMenu_Utility_FormatPercent:
	.byte 0x1d, 0xf5, 0xfd, 0xf0, 0x45, 0x07, 0x25, 0xf1
	.byte 0x00, 0x44, 0x9d, 0x25, 0xf1, 0x00, 0x1d, 0x00
	.byte 0xec, 0xf0, 0x45, 0x9d, 0x25, 0xf1, 0x00, 0x44
	.byte 0xb1, 0x25, 0xf1, 0x00, 0x1d, 0x00, 0xec, 0xf0
	.byte 0xc1, 0xae, 0x06, 0x3f, 0x01, 0x66, 0x04, 0x1d
	.byte 0xe2, 0xfd, 0xf0, 0x1d, 0x4a, 0xf0, 0xf0, 0x1d
	.byte 0x94, 0xf0, 0xf0, 0x1d, 0x2d, 0xfe, 0xf0, 0xf2
	.byte 0xa8, 0xef, 0x03, 0x00, 0x00, 0x45, 0x22, 0x2e
	.byte 0xf1, 0x00, 0x44, 0x55, 0x2e, 0xf1, 0x00, 0x1d
	.byte 0x0d, 0xec, 0xf0, 0x1d, 0x18, 0xfe, 0xf0, 0x0e
SeMenu_Utility_FormatPercent_Data:
	.byte 0x1d, 0xf5, 0xfd, 0xf0, 0x45, 0x07, 0x25, 0xf1
	.byte 0x00, 0x44, 0x9d, 0x25, 0xf1, 0x00, 0x1d, 0x00
	.byte 0xec, 0xf0, 0x45, 0xb1, 0x25, 0xf1, 0x00, 0x44
	.byte 0xc6, 0x25, 0xf1, 0x00, 0x1d, 0x00, 0xec, 0xf0
	.byte 0xc1, 0xae, 0x06, 0x3f, 0x01, 0x66, 0x04, 0x1d
	.byte 0xe2, 0xfd, 0xf0, 0x1d, 0x4a, 0xf0, 0xf0, 0x1d
	.byte 0x94, 0xf0, 0xf0, 0x1d, 0x2d, 0xfe, 0xf0, 0xf2
	.byte 0xa8, 0xef, 0x03, 0x00, 0x00, 0x45, 0x22, 0x2e
	.byte 0xf1, 0x00, 0x44, 0x55, 0x2e, 0xf1, 0x00, 0x1d
	.byte 0x0d, 0xec, 0xf0, 0x1d, 0x18, 0xfe, 0xf0, 0x0e
SeMenu_Utility_FormatHex:
	.byte 0x1d, 0xf5, 0xfd, 0xf0, 0x45, 0xc6, 0x25, 0xf1
	.byte 0x00, 0x44, 0xd0, 0x26, 0xf1, 0x00, 0x1d, 0x00
	.byte 0xec, 0xf0, 0xc1, 0xae, 0x06, 0x3f, 0x01, 0x66
	.byte 0x04, 0x1d, 0xe2, 0xfd, 0xf0, 0x1d, 0x4a, 0xf0
	.byte 0xf0, 0x1d, 0x94, 0xf0, 0xf0, 0x1d, 0x2d, 0xfe
	.byte 0xf0, 0xf2, 0xa8, 0xef, 0x03, 0x00, 0x00, 0x45
	.byte 0x65, 0x2e, 0xf1, 0x00, 0x44, 0xb6, 0x2e, 0xf1
	.byte 0x00, 0x1d, 0x0d, 0xec, 0xf0, 0x1d, 0x18, 0xfe
	.byte 0xf0, 0x0e
SeMenu_Utility_FormatHex_Data:
	.byte 0x1d, 0xf5, 0xfd, 0xf0, 0x45, 0xd0
	.byte 0x26, 0xf1, 0x00, 0x44, 0xe7, 0x26, 0xf1, 0x00
	.byte 0x1d, 0x00, 0xec, 0xf0, 0xc1, 0xae, 0x06, 0x3f
	.byte 0x01, 0x66, 0x04, 0x1d, 0xe2, 0xfd, 0xf0, 0x1d
	.byte 0x4a, 0xf0, 0xf0, 0x1d, 0x94, 0xf0, 0xf0, 0x1d
	.byte 0x2d, 0xfe, 0xf0, 0x1d, 0x18, 0xfe, 0xf0, 0x0e
SeMenu_Utility_End:
	call	15793653
	ld	xiy, 15804467
	ld	xix, 15804544
	call	15789056
	ld	xiy, 15804177
	ld	xix, 15804467
	call	15789056
	call	15791861
	sti8_24	257960, 2
	ld	xiy, 15804135
	ld	xix, 15804155
	call	15789056
	call	15790154
	call	15790228
	sti8_24	257960, 0
	ld	xiy, 15806158
	ld	xix, 15806275
	call	15789069
	call	15793688
	.byte 0x0e
LABEL_F10020:
	.byte 0xc1, 0x60, 0x06, 0x21, 0xc9, 0xcc, 0x0f
	.byte 0xf1, 0x70, 0x06, 0x41, 0xc9, 0xcf, 0x0a, 0x6e
	.byte 0x07, 0x45, 0xe1, 0x53, 0xf1, 0x00, 0x68, 0x05
	.byte 0x45, 0xc2, 0x53, 0xf1, 0x00, 0x44, 0xe1, 0x54
	.byte 0xf1, 0x00, 0x1d, 0x00, 0xec, 0xf0, 0xe8, 0xd0
	.byte 0xc1, 0x70, 0x06, 0x21, 0xd8, 0xec, 0x03, 0x46
	.byte 0x04, 0x58, 0xf1, 0x00, 0xe8, 0x86, 0xa6, 0x25
	.byte 0xae, 0x04, 0x24, 0x1d, 0x00, 0xec, 0xf0, 0x45
	.byte 0xd2, 0x52, 0xf1, 0x00, 0xe9, 0xd1, 0x46, 0xd1
	.byte 0x5a, 0xf1, 0x00, 0xc1, 0x70, 0x06, 0x23, 0xd9
	.byte 0xec, 0x02, 0xe3, 0x07, 0xf8, 0xe4, 0x24, 0x1d
	.byte 0x00, 0xec, 0xf0, 0xc1, 0x70, 0x06, 0x21, 0xc9
	.byte 0xcf, 0x0a, 0x6e, 0x07, 0x45, 0xa4, 0x53, 0xf1
	.byte 0x00, 0x68, 0x05, 0x45, 0x86, 0x53, 0xf1, 0x00
	.byte 0x44, 0xc2, 0x53, 0xf1, 0x00, 0x1d, 0x00, 0xec
	.byte 0xf0, 0x45, 0x64, 0x58, 0xf1, 0x00, 0xc1, 0x70
	.byte 0x06, 0x21, 0xc9, 0xcf, 0x0a, 0x6e, 0x07, 0x44
	.byte 0x9c, 0x58, 0xf1, 0x00, 0x68, 0x05, 0x44, 0xa7
	.byte 0x58, 0xf1, 0x00, 0x1d, 0x0d, 0xec, 0xf0, 0xe8
	.byte 0xd0, 0xc1, 0x70, 0x06, 0x21, 0xd8, 0xec, 0x03
	.byte 0x46, 0xa7, 0x58, 0xf1, 0x00, 0xe8, 0x86, 0xa6
	.byte 0x25, 0xae, 0x04, 0x24, 0x1d, 0x0d, 0xec, 0xf0
	.byte 0x0e
LABEL_F100D0:
	.byte 0x45, 0xa9, 0x5b, 0xf1, 0x00, 0x44, 0x26
	.byte 0x5d, 0xf1, 0x00, 0x1d, 0x00, 0xec, 0xf0, 0x45
	.byte 0x9b, 0x64, 0xf1, 0x00, 0x44, 0xf7, 0x64, 0xf1
	.byte 0x00, 0x1d, 0x0d, 0xec, 0xf0, 0x1d, 0x26, 0x01
	.byte 0xf1, 0x0e
LABEL_F100F1:
	; --- Dispatch on A: XIY/XIX setup, 3 paths (53 bytes) ---
	cps	a, 0
	jr z, LABEL_F10100
	cp a, 0x0A
	jr nz, LABEL_F10116
	call LABEL_F10126
	jr t, LABEL_F10125
LABEL_F10100:
	sti8_24	257960, 1
	ld xiy, 0x00F1659F
	ld xix, 0x00F165A9
	call SeMenu_NameEditor_Setup
	ldb a, 0x00
LABEL_F10116:
	sti8_24	257960, 0
	ld xiy, 0x00F1652F
	call 0xF10BE7
LABEL_F10125:
	ret
LABEL_F10126:
	; --- Helper: conditional XIY based on bit 7 of (0x066A) (32 bytes) ---
	sti8_24	257960, 0
	ldda8	a, 1642
	and a, 0x80
	jr nz, LABEL_F1013C
	ld xiy, 0x00F16506
	jr t, LABEL_F10141
LABEL_F1013C:
	ld xiy, 0x00F164F7
LABEL_F10141:
	call SeMenu_NameEditor_HandleInput
	ret


LABEL_F10146:
	.byte 0xc9
	.byte 0xd8, 0x66, 0x19, 0xc9, 0xdf, 0x6f, 0x25, 0xe9
	.byte 0xd1, 0x46, 0xa1, 0x5a, 0xf1, 0x00, 0xc1, 0x70
	.byte 0x06, 0x23, 0xd9, 0xec, 0x02, 0xe3, 0x07, 0xf8
	.byte 0xe4, 0x25, 0x68, 0x15, 0x45, 0x73, 0x58, 0xf1
	.byte 0x00, 0x44, 0x91, 0x58, 0xf1, 0x00, 0x1d, 0x0d
	.byte 0xec, 0xf0, 0x68, 0x0f, 0x45, 0x8f, 0x59, 0xf1
	.byte 0x00, 0xf2, 0xa8, 0xef, 0x03, 0x00, 0x00, 0x1d
	.byte 0xe7, 0x0b, 0xf1, 0x0e
LABEL_F10183:
	; --- Dispatch on A: table lookup, 4 paths (92 bytes) ---
	cps	a, 0
	jr z, LABEL_F101B1
	cps	a, 1
	jr z, LABEL_F101C9
	cp a, 0x0E
	jr c, LABEL_F101CF
	ld xiy, 0x00F12AFD
	extz xwa
	xor w, w
	sla	wa, 2
	add xiy, xwa
	ld xiz, xiy
	ld xiy, (xiz)
	ld xix, (xiz+4)
	sti8_24	257960, 0
	call SeMenu_NameEditor_Draw
	jr t, LABEL_F101DE
LABEL_F101B1:
	sti8_24	257960, 1
	ld xiy, 0x00F12B49
	ld xix, 0x00F12B53
	call SeMenu_NameEditor_Setup
	ldb a, 0x00
	jr t, LABEL_F101CF
LABEL_F101C9:
	call 0xF0F82F
	jr t, LABEL_F101DE
LABEL_F101CF:
	ld xiy, 0x00F12AFD
	sti8_24	257960, 0
	call 0xF10BE7
LABEL_F101DE:
	ret


LABEL_F101DF:
	; --- Dispatcher: A==0 path with XIY/XIX setup + loop subroutine (187 bytes) ---
	cps	a, 0
	jr z, LABEL_F101E9
	call LABEL_F10207
	jr t, LABEL_F10206
LABEL_F101E9:
	sti8_24	257960, 1
	ld xiy, 0x00F12D01
	ld xix, 0x00F12D0B
	call SeMenu_NameEditor_Setup
	ld xiy, 0x00F12B7B
	call SeMenu_NameEditor_HandleInput
LABEL_F10206:
	ret
LABEL_F10207:
	; --- Loop over 3 entries: indexed XIY/XIX pointer table lookups ---
	sti8_24	257960, 0
	ld xiy, 0x00F12C44
	ld xix, 0x00F12C4C
	call SeMenu_NameEditor_Setup
	ld xiy, 0x00F12B86
	ld xix, 0x00F12BAE
	call SeMenu_NameEditor_Draw
	ldb c, 0x00
	ld xiz, 0x00000664
LABEL_F10230:
	push c
	push xiz
	cp (xiz), 0x00
	jr z, LABEL_F1026D
	ld xiy, 0x00F12CAB
	extz xbc
	xor b, b
	sla	bc, 2
	add xiy, xbc
	ld xiy, (xiy)
	ld xix, xiy
	add xix, 0x00000032
	push xbc
	call SeMenu_NameEditor_Draw
	pop xbc
	ld xiy, 0x00F12CC3
	add xiy, xbc
	ld xiy, (xiy)
	ld xix, xiy
	add xix, 0x00000005
	call SeMenu_NameEditor_Setup
	jr t, LABEL_F10289
LABEL_F1026D:
	ld xiy, 0x00F12CB7
	extz xbc
	xor b, b
	sla	bc, 2
	add xiy, xbc
	ld xiy, (xiy)
	ld xix, xiy
	add xix, 0x00000014
	call SeMenu_NameEditor_Setup
LABEL_F10289:
	pop xiz
	pop c
	add c, 0x01
	add xiz, 0x00000001
	cps	c, 3
	jr nz, LABEL_F10230
	ret


LABEL_F1029A:
	cps	a, 0
	jr	z, 32
	cp	a, 13
	jr	z, 51
	cp	a, 16
	jr	nz, 68
	sti8_24	257960, 0
	ld	xiy, 15807123
	ld	xix, 15807145
	call	15789069
	jr	61
	sti8_24	257960, 1
	ld	xiy, 15807535
	ld	xix, 15807545
	call	15789056
	ldb	a, 0
	jr	22
	sti8_24	257960, 1
	ld	xiy, 15807545
	ld	xix, 15807555
	call	15789056
	ldb	a, 13
	sti8_24	257960, 0
	ld	xiy, 15807555
	call	15797223
	ret
Data_UnknownBlock:
	.byte 0xc9, 0xd8, 0x66
	.byte 0x0e, 0xc9, 0xdb, 0x66, 0x24, 0xc9, 0xdc, 0x66
	ldw	iz, 0xddc9
	.ascii "oHhLò"
	.byte 0xa8, 0xef, 0x03, 0x00, 0x01, 0x45, 0x6a, 0x35
	.byte 0xf1, 0x00, 0x44, 0x74, 0x35, 0xf1, 0x00, 0x1d
	.byte 0x00, 0xec, 0xf0, 0x1d, 0x6a, 0x03, 0xf1, 0x68
	.byte 0x41, 0xf2, 0xa8, 0xef, 0x03, 0x00, 0x00, 0x45
	.byte 0xb0, 0x34, 0xf1, 0x00, 0x44, 0xc9, 0x34, 0xf1
	.byte 0x00, 0x1d, 0x0d, 0xec, 0xf0, 0x68, 0x2b, 0xf2
	.byte 0xa8, 0xef, 0x03, 0x00, 0x00, 0x45, 0x83, 0x34
	.byte 0xf1, 0x00, 0x44, 0x9c, 0x34, 0xf1, 0x00, 0x1d
	.byte 0x0d, 0xec, 0xf0, 0x68, 0x15, 0x1d, 0x2e, 0xfa
	.byte 0xf0, 0x68, 0x0f, 0xf2, 0xa8, 0xef, 0x03, 0x00
	.byte 0x00, 0x45, 0x12, 0x35, 0xf1, 0x00, 0x1d, 0xe7
	.byte 0x0b, 0xf1, 0x0e, 0xf2, 0xa8, 0xef, 0x03, 0x00
	.byte 0x00, 0x45, 0xba, 0x35, 0xf1, 0x00, 0x44, 0xc4
	.byte 0x35, 0xf1, 0x00, 0x1d, 0x00, 0xec, 0xf0, 0xc1
	.byte 0x60, 0x06, 0x23, 0xca, 0xd2, 0xd9, 0xec, 0x02
	.byte 0x46, 0x28, 0x36, 0xf1, 0x00, 0xe3, 0x07, 0xf8
	.byte 0xe4, 0x25, 0xed, 0x8c, 0xec, 0xc8, 0x14, 0x00
	.byte 0x00, 0x00, 0x1d, 0x00, 0xec, 0xf0, 0x0e, 0xc1
	.byte 0xae, 0x06, 0x3f, 0x01, 0x6e, 0x06, 0xc9, 0xdb
	.byte 0x67, 0x0f, 0x68, 0x05, 0xc9, 0xcf, 0x09, 0x67
	.byte 0x08, 0x14, 0x1d, 0x92, 0xf3, 0xf0, 0x15, 0x68
	.byte 0x37, 0xc9, 0xd8, 0x6e, 0x33, 0x1d, 0x92, 0xf3
	.byte 0xf0, 0xc1, 0xae, 0x06, 0x3f, 0x01, 0x66, 0x12
	.byte 0xf2, 0xa8, 0xef, 0x03, 0x00, 0x01, 0x45, 0x54
	.byte 0x30, 0xf1, 0x00, 0x44, 0x5e, 0x30, 0xf1, 0x00
	.byte 0x68, 0x10, 0xf2, 0xa8, 0xef, 0x03, 0x00, 0x01
	.byte 0x45, 0xf5, 0x63, 0xf1, 0x00, 0x44, 0xff, 0x63
	.byte 0xf1, 0x00, 0x1d, 0x00, 0xec, 0xf0, 0x21, 0x00
	.byte 0xf2, 0xa8, 0xef, 0x03, 0x00, 0x00, 0xc1, 0xae
	.byte 0x06, 0x3f, 0x01, 0x66, 0x07, 0x45, 0x20, 0x30
	.byte 0xf1, 0x00, 0x68, 0x05, 0x45, 0xe1, 0x63, 0xf1
	.byte 0x00, 0x1d, 0xe7, 0x0b, 0xf1, 0x0e, 0xf2, 0xa8
	.byte 0xef, 0x03, 0x00, 0x00, 0x45, 0xbe, 0x30, 0xf1
	.byte 0x00, 0x1d, 0xe7, 0x0b, 0xf1, 0x0e, 0xc1, 0xae
	.byte 0x06, 0x3f, 0x01, 0x66, 0x07, 0x45, 0x14, 0x31
	.byte 0xf1, 0x00, 0x68, 0x1e, 0xc9, 0xd8, 0x6e, 0x15
	.byte 0xf2, 0xa8, 0xef, 0x03, 0x00, 0x00, 0x45, 0x59
	.byte 0x64, 0xf1, 0x00, 0x1d, 0xe7, 0x0b, 0xf1, 0x1d
	.byte 0xe1, 0xfc, 0xf0, 0x68, 0x0f, 0x45, 0x59, 0x64
	.byte 0xf1, 0x00, 0xf2, 0xa8, 0xef, 0x03, 0x00, 0x00
	.byte 0x1d, 0xe7, 0x0b, 0xf1, 0x0e, 0xf2, 0xa8, 0xef
	.byte 0x03, 0x00, 0x00, 0x45, 0xbd, 0x31, 0xf1, 0x00
	.byte 0x1d, 0xe7, 0x0b, 0xf1, 0x0e, 0xc9, 0xdd, 0x6e
	.byte 0x16, 0xf2, 0xa8, 0xef, 0x03, 0x00, 0x00, 0x45
	.byte 0xa8, 0x2d, 0xf1, 0x00, 0x44, 0xc6, 0x2d, 0xf1
	.byte 0x00, 0x1d, 0x0d, 0xec, 0xf0, 0x68, 0x0f, 0xf2
	.byte 0xa8, 0xef, 0x03, 0x00, 0x00, 0x45, 0xc6, 0x2d
	.byte 0xf1, 0x00, 0x1d, 0xe7, 0x0b, 0xf1, 0x0e, 0xc9
	.byte 0xdd, 0x6e, 0x16, 0xf2, 0xa8, 0xef, 0x03, 0x00
	.byte 0x00, 0x45, 0xa8, 0x2d, 0xf1, 0x00, 0x44, 0xc6
	.byte 0x2d, 0xf1, 0x00, 0x1d, 0x0d, 0xec, 0xf0, 0x68
	.byte 0x0f, 0xf2, 0xa8, 0xef, 0x03, 0x00, 0x00, 0x45
	.byte 0xc6, 0x2d, 0xf1, 0x00, 0x1d, 0xe7, 0x0b, 0xf1
	.byte 0x0e, 0xf2, 0xa8, 0xef, 0x03, 0x00, 0x00, 0x45
	.byte 0x55, 0x2e, 0xf1, 0x00, 0x1d, 0xe7, 0x0b, 0xf1
	.byte 0x0e, 0xf2, 0xa8, 0xef, 0x03, 0x00, 0x00, 0x45
	.byte 0x55, 0x2e, 0xf1, 0x00, 0x1d, 0xe7, 0x0b, 0xf1
	.byte 0x0e, 0xf2, 0xa8, 0xef, 0x03, 0x00, 0x00, 0x45
	.byte 0xb6, 0x2e, 0xf1, 0x00, 0x1d, 0xe7, 0x0b, 0xf1
	.byte 0x0e, 0xc9, 0xd8, 0x6e, 0x16, 0xf2, 0xa8, 0xef
	.byte 0x03, 0x00, 0x01, 0x45, 0x55, 0x2f, 0xf1, 0x00
	.byte 0x44, 0x69, 0x2f, 0xf1, 0x00, 0x1d, 0x00, 0xec
	.byte 0xf0, 0x21, 0x00, 0xf2, 0xa8, 0xef, 0x03, 0x00
	.byte 0x00, 0x45, 0x69, 0x2f, 0xf1, 0x00, 0x1d, 0xe7
	.byte 0x0b, 0xf1, 0x0e, 0xf2, 0xa8, 0xef, 0x03, 0x00
	.byte 0x00, 0x45, 0x18, 0x37, 0xf1, 0x00, 0x44, 0x10
	.byte 0x38, 0xf1, 0x00, 0x1d, 0x00, 0xec, 0xf0, 0x45
	.byte 0x10, 0x38, 0xf1, 0x00, 0x44, 0x38, 0x38, 0xf1
	.byte 0x00, 0x1d, 0x0d, 0xec, 0xf0, 0x1d, 0x39, 0x05
	.byte 0xf1, 0x0e, 0xc1, 0x60, 0x06, 0x27, 0xcf, 0xd9
	.byte 0x66, 0x04, 0x27, 0x11, 0x68, 0x02, 0x27, 0x10
	.byte 0xf1, 0xea, 0x90, 0x47, 0xc1, 0x61, 0x06, 0x26
	.byte 0xce, 0x69, 0xf1, 0xeb, 0x90, 0x46, 0xc1, 0x3a
	.byte 0x8d, 0x21, 0xf1, 0xec, 0x90, 0x41, 0x40, 0xea
	.byte 0x90, 0x00, 0x00, 0x1d, 0x61, 0xe8, 0xfe, 0xc1
	.byte 0xed, 0x90, 0x21, 0xc1, 0xee, 0x90, 0x23, 0x42
	.byte 0x13, 0x0c, 0x02, 0x00, 0x1d, 0x4a, 0xe6, 0xfe
	.byte 0x23, 0x14, 0xdb, 0xd3, 0x34, 0x01, 0x17, 0x45
	.byte 0x13, 0x0c, 0x02, 0x00, 0x38, 0x39, 0xcc, 0x04
	.byte 0xed, 0x88, 0xed, 0x89, 0x24, 0x00, 0xcc, 0xcf
	.byte 0x10, 0x66, 0x1d, 0x38, 0x39, 0xcc, 0x04, 0x1d
	.byte 0x41, 0x28, 0xfb, 0xcc, 0x05, 0x59, 0x58, 0xe8
	.byte 0xc8, 0x01, 0x00, 0x00, 0x00, 0xe9, 0xc8, 0x01
	.byte 0x00, 0x00, 0x00, 0xcc, 0xc8, 0x01, 0x68, 0xde
	.byte 0xcc, 0x05, 0x59, 0x58, 0xbd, 0xfd, 0x43, 0xbd
	.byte 0xfe, 0x54, 0xed, 0xca, 0x04, 0x00, 0x00, 0x00
	.byte 0x1d, 0x84, 0xec, 0xf0, 0x0e, 0xf2, 0xa8, 0xef
	.byte 0x03, 0x00, 0x00, 0xc1, 0xae, 0x06, 0x3f, 0x01
	.byte 0x66, 0x0e, 0x45, 0x3b, 0x38, 0xf1, 0x00, 0x44
	.byte 0x5d, 0x38, 0xf1, 0x00, 0x1d, 0x00, 0xec, 0xf0
	.byte 0xf2, 0xa8, 0xef, 0x03, 0x00, 0x00, 0x45, 0x5d
	.byte 0x38, 0xf1, 0x00, 0x44, 0x40, 0x3a, 0xf1, 0x00
	.byte 0x1d, 0x00, 0xec, 0xf0, 0x68, 0x0e, 0x45, 0x89
	.byte 0x38, 0xf1, 0x00, 0x44, 0x40, 0x3a, 0xf1, 0x00
	.byte 0x1d, 0x00, 0xec, 0xf0, 0xc1, 0x62, 0x06, 0x3f
	.byte 0x10, 0x66, 0x29, 0xc1, 0x62, 0x06, 0x3f, 0x02
	.ascii "fDEJ:"
	.byte 0xf1, 0x00, 0x44
	.byte 0x54, 0x3a, 0xf1, 0x00, 0x1d, 0x00, 0xec, 0xf0
	.byte 0x45, 0x7a, 0x3a, 0xf1, 0x00, 0x44, 0x96, 0x3a
	.byte 0xf1, 0x00, 0x1d, 0x0d, 0xec, 0xf0, 0x1d, 0x67
	.byte 0x07, 0xf1
	.ascii "hBE@:ñ"
	nop
	ld	xix, 15809098
	call	15789056
	ld	xiy, 15809118
	ld	xix, 15809146
	call	15789069
	call	15796071
	.ascii "h ET:"
	.byte 0xf1, 0x00, 0x44, 0x5e, 0x3a, 0xf1, 0x00
	.byte 0x1d, 0x00, 0xec, 0xf0, 0x45, 0x96, 0x3a, 0xf1
	.byte 0x00, 0x44, 0xb2, 0x3a, 0xf1, 0x00, 0x1d, 0x0d
	.byte 0xec, 0xf0, 0x1d, 0x67, 0x07, 0xf1, 0x0e, 0x45
	.byte 0x10, 0x38, 0xf1, 0x00, 0x44, 0x38, 0x38, 0xf1
	.byte 0x00, 0x1d, 0x0d, 0xec, 0xf0, 0x1d, 0x39, 0x05
	.byte 0xf1, 0x0e, 0xc9, 0xd8, 0x66, 0x5c, 0xc9, 0xd9
	.byte 0x66, 0x04, 0xc9, 0xda, 0x66, 0x77, 0xf2, 0xa8
	.byte 0xef, 0x03, 0x00, 0x01, 0x45, 0xbc, 0x3a, 0xf1
	.byte 0x00, 0x44, 0xc6, 0x3a, 0xf1, 0x00, 0x1d, 0x00
	.byte 0xec, 0xf0, 0xf2, 0xa8, 0xef, 0x03, 0x00, 0x00
	.byte 0xc1, 0x62, 0x06, 0x3f, 0x0d, 0x66, 0x13, 0xc1
	.byte 0x62, 0x06, 0x3f, 0x02, 0x66, 0x18, 0x45, 0x5e
	.byte 0x3a, 0xf1, 0x00, 0x44, 0x7a, 0x3a, 0xf1, 0x00
	.byte 0x68, 0x16, 0x45, 0x7a, 0x3a, 0xf1, 0x00, 0x44
	.byte 0x96, 0x3a, 0xf1, 0x00, 0x68, 0x0a, 0x45, 0x96
	.byte 0x3a, 0xf1, 0x00, 0x44, 0xb2, 0x3a, 0xf1, 0x00
	.byte 0x1d, 0x0d, 0xec, 0xf0, 0x1d, 0x67, 0x07, 0xf1
	.byte 0x68, 0x7d, 0xf2, 0xa8, 0xef, 0x03, 0x00, 0x01
	.byte 0x45, 0xb2, 0x3a, 0xf1, 0x00, 0x44, 0xc6, 0x3a
	.byte 0xf1, 0x00, 0x1d, 0x00, 0xec, 0xf0, 0x45, 0x6f
	.byte 0x3a, 0xf1, 0x00, 0x1d, 0x1a, 0xec, 0xf0, 0x1d
	.byte 0x67, 0x07, 0xf1, 0x68, 0x5a, 0xf2, 0xa8, 0xef
	.byte 0x03, 0x00, 0x01, 0x45, 0xb2, 0x3a, 0xf1, 0x00
	.byte 0x44, 0xc6, 0x3a, 0xf1, 0x00, 0x1d, 0x00, 0xec
	.byte 0xf0, 0xf2, 0xa8, 0xef, 0x03, 0x00, 0x00, 0xc1
	.byte 0x62, 0x06, 0x3f, 0x0d, 0x66, 0x17, 0xc1, 0x62
	.byte 0x06, 0x3f, 0x02
	.ascii "f E^:"
	.byte 0xf1, 0x00, 0x44, 0x7a, 0x3a, 0xf1, 0x00, 0x1d
	.byte 0x0d, 0xec, 0xf0, 0x68, 0x1e, 0x45, 0x7a, 0x3a
	.byte 0xf1, 0x00, 0x44, 0x96, 0x3a, 0xf1, 0x00, 0x1d
	.byte 0x0d, 0xec, 0xf0, 0x68, 0x0e, 0x45, 0x96, 0x3a
	.byte 0xf1, 0x00, 0x44, 0xb2, 0x3a, 0xf1, 0x00, 0x1d
	.byte 0x0d, 0xec, 0xf0, 0x1d, 0x67, 0x07, 0xf1, 0x0e
	.byte 0xd8, 0xd0, 0xc1, 0x61, 0x06, 0x21, 0xc9, 0x0a
	.byte 0x10, 0x46, 0x46, 0x3b, 0xf1, 0x00, 0xdb, 0xd3
	.byte 0xc8, 0x8f, 0xdb, 0xec, 0x01, 0xd3, 0x07, 0xf8
	.byte 0xec, 0x24, 0xf1, 0xcc, 0x06, 0x54, 0xdc, 0xc8
	.byte 0x08, 0x00, 0xf1, 0xd0, 0x06, 0x54, 0x46, 0x66
	.byte 0x3b, 0xf1, 0x00, 0xdb, 0xd3, 0xc9, 0x8f, 0xdb
	.byte 0xec, 0x01, 0xd3, 0x07, 0xf8, 0xec, 0x24, 0xf1
	.byte 0xce, 0x06, 0x54, 0xdc, 0xc8, 0x0e, 0x00, 0xf1
	.byte 0xd2, 0x06, 0x54, 0x1d, 0x69, 0xec, 0xf0, 0x0e
LABEL_F107AF:
	; --- Main: init, XIY/XIX setup, 2 loops, 9 calls (63 bytes) ---
	call 0xF0F8F4
	call SeMenu_PresetManager_Save
	ld xiy, 0x00F13F72
	ld xix, 0x00F140EF
	call SeMenu_NameEditor_Setup
	call 0xF0F04A
	call 0xF0F7A5
	sti8_24	257960, 0
	ld xiy, 0x00F144E7
	ld xix, 0x00F1459C
	call SeMenu_NameEditor_Draw
	call LABEL_F107EE
	call LABEL_F10821
	call 0xF0F909
	ret
LABEL_F107EE:
	; --- Loop 1: iterate A from 2 to 5, call table lookup (15 bytes) ---
	ldb a, 0x02
LABEL_F107F0:
	.byte 0x14					; push a  [compact 1-byte]
	call LABEL_F107FD
	.byte 0x15					; pop a  [compact 1-byte]
	inc 1, a
	cps	a, 6
	jr c, LABEL_F107F0
	ret
LABEL_F107FD:
	; --- Table lookup 1: index into 0x660, test bit 7 of D (36 bytes) ---
	xor xbc, xbc
	xor w, w
	extz xwa
	ld xbc, 0x00000660
	add xbc, xwa
	ld d, (xbc)
	and d, 0x80
	jr z, LABEL_F10820
	ld xiy, 0x00F14640
	sti8_24	257960, 0
	call 0xF10BE7
LABEL_F10820:
	ret
LABEL_F10821:
	; --- Loop 2: iterate A from 0x0C to 0x0F, call table lookup (16 bytes) ---
	ldb a, 0x0C
LABEL_F10823:
	.byte 0x14					; push a  [compact 1-byte]
	call LABEL_F10831
	.byte 0x15					; pop a  [compact 1-byte]
	inc 1, a
	cp a, 0x10
	jr c, LABEL_F10823
	ret
LABEL_F10831:
	; --- Table lookup 2: index into 0x660, test D != 0 (35 bytes) ---
	xor xbc, xbc
	xor w, w
	extz xwa
	ld xbc, 0x00000660
	add xbc, xwa
	ld d, (xbc)
	cps	d, 0
	jr z, LABEL_F10853
	ld xiy, 0x00F145C4
	sti8_24	257960, 0
	call 0xF10BE7
LABEL_F10853:
	ret


LABEL_F10854:
	call	15792414
	sti8_24	257960, 0
	ld	xiy, 15810809
	ld	xix, 15810921
	call	15789056
	sti8_24	257960, 2
	ld	xiy, 15810799
	ld	xix, 15810809
	call	15789056
	stdi16	1734, 47
	stdi16	1736, 51
	call	15790464
	call	15790154
	call	15790228
	sti8_24	257960, 0
	ld	xiy, 15812278
	ld	xix, 15812349
	call	15789069
	ret
LABEL_F108AD:
	.byte 0x1d, 0x1e
	.byte 0xf9, 0xf0, 0xf2, 0xa8, 0xef, 0x03, 0x00, 0x00
	.byte 0x45, 0x69, 0x41, 0xf1, 0x00, 0x44, 0x39, 0x42
	.byte 0xf1, 0x00, 0x1d, 0x00, 0xec, 0xf0, 0xf2, 0xa8
	.byte 0xef, 0x03, 0x00, 0x02, 0x45, 0xef, 0x40, 0xf1
	.byte 0x00, 0x44, 0xf9, 0x40, 0xf1, 0x00, 0x1d, 0x00
	.byte 0xec, 0xf0, 0x1d, 0x4a, 0xf0, 0xf0, 0x1d, 0x94
	.byte 0xf0, 0xf0, 0xf2, 0xa8, 0xef, 0x03, 0x00, 0x00
	.byte 0x45, 0x43, 0x47, 0xf1, 0x00, 0x44, 0x76, 0x47
	.byte 0xf1, 0x00, 0x1d, 0x0d, 0xec, 0xf0, 0x0e
LABEL_F108F6:
	.byte 0x1d
	.byte 0x6c, 0xf9, 0xf0, 0x45, 0x49, 0x1c, 0xf1, 0x00
	.byte 0x44, 0x8f, 0x1c, 0xf1, 0x00, 0x1d, 0x00, 0xec
	.byte 0xf0, 0x1d, 0xf5, 0xf6, 0xf0, 0x1d, 0xd9, 0xff
	.byte 0xf0, 0x1d, 0x81, 0xf9, 0xf0, 0x0e
LABEL_F10915:
	.byte 0x1d, 0x6c
	.byte 0xf9, 0xf0, 0x1d, 0x6d, 0x09, 0xf1, 0x1d, 0x81
	.byte 0xf9, 0xf0, 0x0e
LABEL_F10922:
	.byte 0x1d, 0xf5, 0xfd, 0xf0, 0x45
	.byte 0x83, 0x1f, 0xf1, 0x00, 0x44, 0x37, 0x20, 0xf1
	.byte 0x00, 0x1d, 0x00, 0xec, 0xf0, 0xf2, 0xa8, 0xef
	.byte 0x03, 0x00, 0x02, 0x45, 0x58, 0x20, 0xf1, 0x00
	.byte 0x44, 0x6c, 0x20, 0xf1, 0x00, 0x1d, 0x00, 0xec
	.byte 0xf0, 0xf2, 0xa8, 0xef, 0x03, 0x00, 0x00, 0x45
	.byte 0x39, 0x42, 0xf1, 0x00, 0x44, 0x66, 0x42, 0xf1
	.byte 0x00, 0x1d, 0x00, 0xec, 0xf0, 0x1d, 0xf5, 0xf6
	.byte 0xf0, 0x1d, 0x31, 0xfc, 0xf0, 0x1d, 0x18, 0xfe
	.byte 0xf0, 0x0e
LABEL_F10969:
	call	15793653
	ld	xiy, 15804544
	ld	xix, 15804861
	call	15789056
	sti8_24	257960, 2
	ld	xiy, 15804861
	ld	xix, 15804881
	call	15789056
	call	15791861
	stdi16	1734, 56
	stdi16	1736, 139
	call	15790464
	call	15790154
	call	15790228
	sti8_24	257960, 0
	ld	xiy, 15812490
	ld	xix, 15812577
	call	15789069
	call	15793688
	ret
LABEL_F109C4:
	.byte 0x1d, 0xf5, 0xfd
	.byte 0xf0, 0x1d, 0x9e, 0xf9, 0xf0, 0x1d, 0x18, 0xfe
	.byte 0xf0, 0x0e
LABEL_F109D1:
	.byte 0x1d, 0xbd, 0xfb, 0xf0, 0x1d, 0x9e
	.byte 0xf9, 0xf0, 0x1d, 0xe0, 0xfb, 0xf0, 0x0e
LABEL_F109DE:
	.byte 0xc9
	inc	6, wa
	push	xiy
	cps	a, 1
	jr	z, 31
	cp	a, 11
	jr	c, 74
	sti8_24	257960, 0
	ld	xiy, 15811925
	ld	xix, 15811985
	call	15789069
	call	15796257
	jr	63
	sti8_24	257960, 0
	ld	xiy, 15811815
	ld	xix, 15811875
	call	15789069
	call	15796206
	jr	37
	sti8_24	257960, 1
	ld	xiy, 15812228
	ld	xix, 15812238
	call	15789056
	ldb	a, 0
	ld	xiy, 15812036
	sti8_24	257960, 0
	call	15797223
	ret
LABEL_F10A45:
	.byte 0xc9, 0xd8
	jr	nz, 22
	sti8_24	257960, 1
	ld	xiy, 15812369
	ld	xix, 15812379
	call	15789056
	ldb	a, 0
	sti8_24	257960, 0
	ld	xiy, 15812349
	call	15797223
	ret
LABEL_F10A6F:
	.byte 0xc9, 0xd8, 0x6e, 0x16, 0xf2, 0xa8, 0xef, 0x03
	.byte 0x00, 0x01, 0x45, 0x11, 0x47, 0xf1, 0x00, 0x44
	.byte 0x1b, 0x47, 0xf1, 0x00, 0x1d, 0x00, 0xec, 0xf0
	.byte 0x21, 0x00, 0xf2, 0xa8, 0xef, 0x03, 0x00, 0x00
	.byte 0x45, 0x76, 0x47, 0xf1, 0x00, 0x1d, 0xe7, 0x0b
	.byte 0xf1, 0x0e
LABEL_F10A99:
	.byte 0xf2, 0xa8, 0xef, 0x03, 0x00, 0x00
	.byte 0x45, 0xe1, 0x47, 0xf1, 0x00, 0x1d, 0xe7, 0x0b
	.byte 0xf1, 0x0e
LABEL_F10AA9:
	.byte 0x1d, 0x45, 0x0b, 0xf1, 0xc1, 0xae
	.byte 0x06, 0x3f, 0x01, 0x66, 0x1a, 0xf2, 0xa8, 0xef
	.byte 0x03, 0x00, 0x00, 0x45, 0x3d, 0x48, 0xf1, 0x00
	.byte 0x44, 0x1d, 0x49, 0xf1, 0x00, 0x1d, 0x00, 0xec
	.byte 0xf0, 0x1d, 0xe2, 0xfd, 0xf0, 0x68, 0x29, 0xf2
	.byte 0xa8, 0xef, 0x03, 0x00, 0x00, 0x45, 0x3d, 0x48
	.byte 0xf1, 0x00, 0x44, 0xec, 0x48, 0xf1, 0x00, 0x1d
	.byte 0x00, 0xec, 0xf0, 0x45, 0x1d, 0x49, 0xf1, 0x00
	.byte 0x44, 0x3c, 0x49, 0xf1, 0x00, 0x1d, 0x00, 0xec
	.byte 0xf0, 0x45, 0xf7, 0x49, 0xf1, 0x00, 0x68, 0x05
	.byte 0x45, 0xd9, 0x49, 0xf1, 0x00, 0xf2, 0xa8, 0xef
	.byte 0x03, 0x00, 0x00, 0x44, 0x66, 0x4a, 0xf1, 0x00
	.byte 0x1d, 0x0d, 0xec, 0xf0, 0x1d, 0x5a, 0x0b, 0xf1
	.byte 0x0e
LABEL_F10B10:
	; --- Main: call helpers, setup XIY/XIX pairs, call F0EC00/F0EC0D (53 bytes) ---
	call LABEL_F10B45
	call SeMenu_PresetManager_Save
	sti8_24	257960, 0
	ld xiy, 0x00F1493C
	ld xix, 0x00F149D9
	call SeMenu_NameEditor_Setup
	sti8_24	257960, 0
	ld xiy, 0x00F14E28
	ld xix, 0x00F14E46
	call SeMenu_NameEditor_Draw
	call LABEL_F10B5A
	ret
LABEL_F10B45:
	; --- Helper 1: clear flag, setup XIY/XIX, call F0EC00 (21 bytes) ---
	sti8_24	257960, 0
	ld xiy, 0x00F14809
	ld xix, 0x00F14838
	call SeMenu_NameEditor_Setup
	ret
LABEL_F10B5A:
	; --- Helper 2: clear flag, setup XIY/XIX, call F0EC00 (21 bytes) ---
	sti8_24	257960, 0
	ld xiy, 0x00F14838
	ld xix, 0x00F1483D
	call SeMenu_NameEditor_Setup
	ret


LABEL_F10B6F:
	; --- Dispatch on A: 4 paths with language branching (99 bytes) ---
	cps	a, 0
	jr z, LABEL_F10BA8
	cp a, 0x0B
	jr z, LABEL_F10BC0
	cp a, 0x0C
	jr nz, LABEL_F10BC2
	sti8_24	257960, 0
	.byte 0xc1, 0xae, 0x06, 0x3f, 0x01		; cp (0x06AE), 0x01  [C1 prefix]
	jr z, LABEL_F10B98
	ld xiy, 0x00F149D9
	ld xix, 0x00F149F7
	call SeMenu_NameEditor_Draw
LABEL_F10B98:
	ld xiy, 0x00F14A3D
	ld xix, 0x00F14A5B
	call SeMenu_NameEditor_Draw
	jr t, LABEL_F10BD1
LABEL_F10BA8:
	sti8_24	257960, 1
	ld xiy, 0x00F14DD2
	ld xix, 0x00F14DF0
	call SeMenu_NameEditor_Setup
	ldb a, 0x00
	jr t, LABEL_F10BC2
LABEL_F10BC0:
	ldb a, 0x07
LABEL_F10BC2:
	sti8_24	257960, 0
	ld xiy, 0x00F14A66
	call 0xF10BE7
LABEL_F10BD1:
	ret


LABEL_F10BD2:
	sti8_24	257960, 0
	ld	xiy, 15814184
	ld	xix, 15814214
	call	15789069
	ret
	extz	xwa
	xor	w, w
	sla	wa, 2
	add	xiy, xwa
	ld	xiy, (xiy)
	call	15789082
	ret
	.ascii "89:;<=>^]\\[ZYX"
	.byte 0x0e, 0x08
	.byte 0x10, 0x28, 0x10, 0x08, 0x10, 0x08, 0x10, 0x28
	.byte 0x14, 0x00, 0x00
	.ascii "*U T*"
	.byte 0x01, 0x2a, 0x54, 0x08, 0x10, 0x2a, 0x54, 0x08
	.byte 0x10, 0x08, 0x10, 0x08, 0x04, 0x2a, 0x55, 0x22
	.byte 0x01, 0x02, 0x04, 0x08, 0x10, 0x2a, 0x55, 0x00
	.byte 0x00
	.ascii "*U\"A\"A\"A"
	.byte 0x02, 0x01, 0x02, 0x15, 0x2a, 0x41, 0x22
	.byte 0x41, 0x2a, 0x15, 0x2a, 0x55, 0x22, 0x01, 0x0a
	.byte 0x04, 0x02, 0x41, 0x2a, 0x14, 0x00, 0x00, 0x2a
	.ascii "U @ @ @"
	.byte 0x02
	.byte 0x01, 0x02, 0x15
	.byte 0x2a, 0x41, 0x22, 0x41, 0x2a
	.byte 0x15, 0x04, 0x0a, 0x14, 0x0a, 0x14, 0x22, 0x55
	.byte 0x2a, 0x04, 0x02, 0x10, 0x08, 0x54, 0x2a, 0x10
	.byte 0x08, 0x10, 0x08, 0x14, 0x08, 0x40, 0x20, 0x40
	.ascii "*U\"A\"A\""
	.byte 0x07
	.byte 0x18
	.ascii " 'OOOO' "
	.byte 0x18, 0x07, 0x80, 0x60, 0x10, 0x90, 0xc8
	.byte 0xc8, 0xc8, 0xc8, 0x90, 0x10, 0x60, 0x80, 0x07
	.byte 0x18
	.ascii "  @@@@  "
	.byte 0x18, 0x07, 0x80, 0x60, 0x10, 0x10, 0x08
	.byte 0x08, 0x08, 0x08, 0x10, 0x10, 0x60, 0x80
LABEL_F10CAE:
	.byte 0xff
	.fill 8, 1, 0x80
	.byte 0x80, 0x80, 0x81, 0x81, 0x82, 0x84, 0x84, 0x88
	.byte 0x88, 0x90, 0x90, 0x90, 0xa0, 0xa0, 0xa0, 0xa0
	.byte 0xa0, 0xa0, 0xa0, 0xc0, 0xc0, 0xc0, 0xc0, 0xc0
	.byte 0xc0, 0xc0, 0xc0, 0xc0, 0x80, 0xff, 0x7f, 0xff
	.byte 0x00, 0x00, 0x00, 0x00, 0x03, 0x04, 0x18, 0x30
	.byte 0x60, 0xc0, 0x80, 0x00, 0x00, 0x00, 0x00, 0x00
	.zero 16
	.byte 0x00, 0x00, 0x00, 0x00, 0x00, 0xff, 0xff, 0xff
	.byte 0x00, 0x07, 0x38, 0xc0, 0x00, 0x00, 0x00, 0x00
	.zero 24
	.byte 0x00, 0x00, 0x00, 0x00, 0x00, 0xff, 0xff, 0xff
	.byte 0x0f, 0xf0, 0x00, 0x00, 0x00, 0x00, 0x00, 0x00
	.zero 24
	.byte 0x00, 0x00, 0x00, 0x00, 0x00, 0xff, 0xff, 0xfe
	.byte 0xfa, 0x03, 0x03, 0x03, 0x03, 0x03, 0x03, 0x03
	.fill 8, 1, 0x03
	.fill 8, 1, 0x03
	.fill 8, 1, 0x03
	.byte 0x03, 0x03, 0x03, 0x03, 0x03, 0xff, 0xff
LABEL_F10D76:
	.byte 0xff
	.fill 8, 1, 0x80
	.fill 8, 1, 0x80
	.byte 0x80, 0x81, 0x81, 0x82, 0x82, 0x84, 0x84, 0x88
	.byte 0x88, 0x90, 0x90, 0x90, 0xa0, 0xa0, 0xa0, 0xa0
	.byte 0xc0, 0xc0, 0xc0, 0xc0, 0xc0, 0xff, 0x7f, 0xff
	.zero 8
	.byte 0x01, 0x02, 0x04, 0x08, 0x10, 0x20, 0x40, 0x40
	.byte 0x80, 0x00, 0x00, 0x00, 0x00, 0x00, 0x00, 0x00
	.zero 8
	.byte 0x00, 0x00, 0x00, 0x00, 0x00, 0xff, 0xff, 0xff
	.byte 0x00, 0x00, 0x00, 0x03, 0x0c, 0x10, 0x20, 0xc0
	.zero 24
	.byte 0x00, 0x00, 0x00, 0x00, 0x00, 0xff, 0xff, 0xff
	.byte 0x01, 0x0e, 0x70, 0x80, 0x00, 0x00, 0x00, 0x00
	.zero 24
	.byte 0x00, 0x00, 0x00, 0x00, 0x00, 0xff, 0xff, 0xfe
	.byte 0xfe, 0x03, 0x03, 0x03, 0x03, 0x03, 0x03, 0x03
	.fill 8, 1, 0x03
	.fill 8, 1, 0x03
	.fill 8, 1, 0x03
	.byte 0x03, 0x03, 0x03, 0x03, 0x03, 0xff, 0xff
LABEL_F10E3E:
	.byte 0xff
	.fill 8, 1, 0x80
	.fill 8, 1, 0x80
	.fill 8, 1, 0x80
	.byte 0x81, 0x83, 0x86, 0x84, 0x84, 0x88, 0x88, 0x90
	.byte 0x90, 0xa0, 0xa0, 0xa0, 0xc0, 0xff, 0x7f, 0xff
	.zero 8
	.byte 0x00, 0x00, 0x00, 0x00, 0x00, 0x00, 0x01, 0x03
	.byte 0x06, 0x0c, 0x08, 0x18, 0x30, 0x60, 0xc0, 0x80
	.byte 0x80, 0x00, 0x00, 0x00, 0x00, 0x00, 0x00, 0x00
	.byte 0x00, 0x00, 0x00, 0x00, 0x00, 0xff, 0xff, 0xff
	.byte 0x00, 0x00, 0x00, 0x00, 0x00, 0x00, 0x00, 0x01
	.byte 0x03, 0x06, 0x0c, 0x38, 0x60, 0xc0, 0x80, 0x00
	.zero 16
	.byte 0x00, 0x00, 0x00, 0x00, 0x00, 0xff, 0xff, 0xff
	.byte 0x00, 0x00, 0x00, 0x03, 0x1c, 0x30, 0x60, 0xc0
	.zero 24
	.byte 0x00, 0x00, 0x00, 0x00, 0x00, 0xff, 0xff, 0xfe
	.byte 0x06, 0x3b, 0xc3, 0x03, 0x03, 0x03, 0x03, 0x03
	.fill 8, 1, 0x03
	.fill 8, 1, 0x03
	.fill 8, 1, 0x03
	.byte 0x03, 0x03, 0x03, 0x03, 0x03, 0xff, 0xff
LABEL_F10F06:
	.byte 0xff
	.fill 8, 1, 0x80
	.fill 8, 1, 0x80
	.fill 8, 1, 0x80
	.fill 8, 1, 0x80
	.byte 0x80, 0x81, 0x86, 0xb8, 0xc0, 0xff, 0x7f, 0xff
	.zero 24
	.byte 0x00, 0x00, 0x00, 0x00, 0x01, 0x07, 0x0c, 0x18
	.byte 0x70, 0x80, 0x00, 0x00, 0x00, 0xff, 0xff, 0xff
	.zero 16
	.byte 0x00, 0x00, 0x00, 0x00, 0x00, 0x01, 0x03, 0x06
	.byte 0x0c, 0x38, 0x60, 0xc0, 0x80, 0x00, 0x00, 0x00
	.byte 0x00, 0x00, 0x00, 0x00, 0x00, 0xff, 0xff, 0xff
	.zero 8
	.byte 0x00, 0x00, 0x00, 0x01, 0x03, 0x02, 0x06, 0x0c
	.byte 0x18, 0x30, 0x20, 0x60, 0xc0, 0x80, 0x00, 0x00
	.zero 8
	.byte 0x00, 0x00, 0x00, 0x00, 0x00, 0xff, 0xff, 0xfe
	.byte 0x06, 0x0b, 0x0b, 0x0b, 0x13, 0x13, 0x23, 0x23
	.byte 0x43, 0x43, 0xc3, 0x83, 0x03, 0x03, 0x03, 0x03
	.fill 8, 1, 0x03
	.fill 8, 1, 0x03
	.byte 0x03, 0x03, 0x03, 0x03, 0x03, 0xff, 0xff
LABEL_F10FCE:
	.byte 0xff
	.fill 8, 1, 0x80
	.fill 8, 1, 0x80
	.fill 8, 1, 0x80
	.fill 8, 1, 0x80
	.byte 0x80, 0x80, 0x80, 0x80, 0xff, 0xff, 0x7f, 0xff
	.zero 32
	.byte 0x00, 0x03, 0x1c, 0xe0, 0x00, 0xff, 0xff, 0xff
	.zero 24
	.byte 0x00, 0x00, 0x00, 0x00, 0x01, 0x06, 0x08, 0x10
	.byte 0x60, 0x80, 0x00, 0x00, 0x00, 0xff, 0xff, 0xff
	.zero 16
	.byte 0x00, 0x00, 0x01, 0x01, 0x02, 0x04, 0x04, 0x08
	.byte 0x10, 0x20, 0x40, 0x80, 0x00, 0x00, 0x00, 0x00
	.byte 0x00, 0x00, 0x00, 0x00, 0x00, 0xff, 0xff, 0xfe
	.byte 0x06, 0x07, 0x07, 0x07, 0x07, 0x0b, 0x0b, 0x0b
	.byte 0x0b, 0x13, 0x13, 0x13
	.byte 0x23, 0x23, 0x43, 0x43
	.byte 0x83, 0x83, 0x03, 0x03, 0x03, 0x03, 0x03, 0x03
	.fill 8, 1, 0x03
	.byte 0x03, 0x03, 0x03, 0x03, 0x03, 0xff, 0xff, 0xff
	.fill 8, 1, 0x80
	.fill 8, 1, 0x80
	.fill 8, 1, 0x80
	.fill 8, 1, 0x80
	.byte 0x80, 0x80, 0x80, 0x80, 0xbf, 0xff, 0x7f, 0xff
	.zero 32
	.byte 0x00, 0x00, 0x00, 0x1f, 0xe0, 0xff, 0xff, 0xff
	.zero 32
	.byte 0x01, 0x06, 0x38, 0xc0, 0x00, 0xff, 0xff, 0xff
	.zero 24
	.byte 0x00, 0x01, 0x03, 0x06, 0x0c, 0x18, 0x30, 0x40
	.byte 0x80, 0x00, 0x00, 0x00, 0x00, 0xff, 0xff, 0xfe
	.byte 0x02, 0x07, 0x07, 0x07, 0x07, 0x07, 0x07, 0x07
	.byte 0x07, 0x07, 0x0b, 0x0b, 0x0b, 0x0b, 0x0b, 0x0b
	.byte 0x0b, 0x13, 0x13, 0x13
	.byte 0x23, 0x23, 0x43, 0x43
	.byte 0x83, 0x03, 0x03, 0x03, 0x03, 0x03, 0x03, 0x03
	.byte 0x03, 0x03, 0x03, 0x03, 0x03, 0xff, 0xff, 0x1b
	.byte 0x0a, 0x03, 0x00, 0x02, 0x00, 0x38, 0x01, 0x03
	.byte 0x00, 0x1c, 0x10, 0x6e, 0x00, 0x05, 0x00, 0x53
	.ascii "OUND EDIT"
	.byte 0x06, 0x0b, 0xa0, 0x05, 0x10, 0x20, 0x57
	.byte 0x52, 0x49, 0x54, 0x45
	.byte 0x06, 0x05, 0xdf, 0x0b
	.byte 0x11, 0x06, 0x05, 0x08, 0x0c, 0x10, 0x06, 0x0d
	.byte 0x1f, 0x0c
	.ascii "EASY EDIT"
	.byte 0x06, 0x0f, 0xd7, 0x0c, 0x54
	.ascii "ONE SELECT"
	.byte 0x06, 0x05, 0xf7, 0x11, 0x11, 0x06
	.byte 0x05, 0xf8, 0x11, 0x10, 0x06, 0x0d, 0x77, 0x12
	.ascii "AMPLITUDE"
	.byte 0x06, 0x0e, 0x86, 0x12, 0x54, 0x4f, 0x4e
	.ascii "E LAYER"
	.byte 0x06
	pushw 0x1786
	ld	xix, 0x54494749
	.byte 0x41, 0x4c, 0x06, 0x05, 0xbf, 0x17, 0x11, 0x06
	.byte 0x05, 0x38, 0x18, 0x10, 0x06, 0x09, 0x67, 0x18
	.byte 0x50, 0x49, 0x54, 0x43, 0x48
	.byte 0x06, 0x0a, 0x93
	.byte 0x19
	.ascii "EFFECT"
	.byte 0x06
	.byte 0x05, 0xff, 0x1d, 0x11, 0x06, 0x05, 0x50, 0x1e
	.byte 0x10, 0x06, 0x0a, 0x7f, 0x1e, 0x46, 0x49, 0x4c
	.byte 0x54, 0x45, 0x52, 0x06, 0x0e, 0xde, 0x1e, 0x43
	.ascii "ONTROLLER"
	.byte 0x09, 0x0a, 0x0c, 0x00, 0x1f, 0x00, 0x3c
	.byte 0x00, 0x32, 0x00, 0x09, 0x0a, 0x0e, 0x00, 0x21
	.byte 0x00, 0x3a, 0x00, 0x30, 0x00, 0x22, 0x0a, 0xae
	.byte 0x00, 0x3e, 0x00, 0x34, 0x01, 0x63, 0x00, 0x01
	.byte 0x0a, 0x0f, 0x00, 0x41, 0x00, 0xae, 0x00, 0x41
	.byte 0x00, 0x01, 0x0a, 0x0f, 0x00, 0xd9, 0x00, 0x31
	.byte 0x01, 0xd9, 0x00, 0x02, 0x0a, 0x0f, 0x00, 0x41
	.byte 0x00, 0x0f, 0x00, 0xd9, 0x00, 0x02, 0x0a, 0x31
	.byte 0x01, 0x65, 0x00, 0x31, 0x01, 0xd9, 0x00, 0x23
	.byte 0x05, 0x10, 0x82, 0x00, 0x23, 0x05, 0x61, 0x93
	.byte 0x0b, 0x23, 0x05, 0x63, 0x83, 0x11, 0x23, 0x05
	.byte 0x07, 0x73, 0x17, 0x23, 0x05, 0x21, 0xb3, 0x1d
	.byte 0x23, 0x05, 0x62, 0xea, 0x0a, 0x23, 0x05, 0x64
	.byte 0xa2, 0x11, 0x23, 0x05, 0x0a, 0x92, 0x17, 0x23
	.byte 0x05, 0x5f, 0xd2, 0x1d, 0x1b, 0x0a, 0xec, 0x00
	.byte 0x1f, 0x00, 0x34, 0x01, 0x32, 0x00, 0x06, 0x0e
	.byte 0xbe, 0x05
	.ascii "ORIGINAL "
	.byte 0x11, 0x09, 0x0a, 0xec, 0x00
	.byte 0x1f, 0x00, 0x34, 0x01, 0x32, 0x00, 0x09, 0x0a
	.byte 0xee, 0x00, 0x21, 0x00, 0x32, 0x01, 0x30, 0x00
	.long LABEL_EC0A1B
	.byte 0x1f, 0x00, 0x34, 0x01
	.byte 0x32, 0x00, 0x06, 0x0c, 0xc0, 0x05, 0x45, 0x44
	.ascii "ITED "
	.byte 0x11, 0x09, 0x0a
	.byte 0xfc, 0x00, 0x1f, 0x00, 0x34, 0x01, 0x32, 0x00
	.byte 0x09, 0x0a, 0xfe, 0x00, 0x21, 0x00, 0x32, 0x01
	.byte 0x30, 0x00, 0x06, 0x05, 0x90, 0x0b, 0x10, 0x06
	.byte 0x05, 0x58, 0x11, 0x10, 0x06, 0x05, 0x48, 0x17
	.byte 0x10, 0x06, 0x05, 0x10, 0x1d, 0x10, 0x00, 0x00
	.zero 16
	.byte 0x00, 0x00, 0x00, 0x00, 0x00, 0x00, 0x1f, 0x30
	.byte 0x1f, 0x0f, 0x00, 0x00, 0x00, 0x00, 0x00, 0x00
	.zero 8
	.byte 0x03, 0x04, 0x0b, 0x15
	.ascii "+-F@@@a?"
	.byte 0x1e, 0x38, 0x2c, 0x2c
	.byte 0x2c, 0xef, 0x83, 0x46, 0x2c, 0x18, 0xff, 0x00
	.byte 0xff, 0xff, 0x00, 0x00, 0x00, 0x00, 0x00, 0x00
	.zero 8
	.byte 0x80
	.ascii "@``phtz"
	.byte 0xcd, 0xc6, 0x83, 0x81, 0x00, 0x00, 0x00, 0x00
	.byte 0x00, 0x00, 0x00, 0x00, 0x00, 0x00, 0xff, 0x00
	.byte 0xff, 0xff, 0x00, 0x00, 0x00, 0x00, 0x00, 0x00
	.zero 16
	.byte 0x00, 0x80, 0x40, 0xa0, 0xd0, 0x78, 0x38, 0x00
	.byte 0x00, 0x01, 0x02, 0x04, 0x08, 0x10, 0xe0, 0x00
	.byte 0xf8, 0xf4, 0x1a, 0x0d, 0x06, 0x03, 0x01, 0x00
	.zero 19
	.ascii "  PPˆˆˆˆˆˆÈÈÈÈÈˆˆˆˆØÐ"
	.byte 0x70, 0x20, 0x00, 0x00, 0x00, 0x00, 0x20, 0x07
	.byte 0x91, 0x0b
	.ascii "1ST "
	.byte 0x07, 0x59
	.byte 0x11
	.ascii "2ND "
	.byte 0x07, 0x49, 0x17
	.ascii "3RD "
	.byte 0x07, 0x11, 0x1d, 0x34
	.byte 0x54, 0x48, 0xbd, 0x13, 0xf1, 0x00, 0xbd, 0x13
	.byte 0xf1, 0x00, 0xc4, 0x13, 0xf1, 0x00, 0xcb, 0x13
	.byte 0xf1, 0x00, 0xd2, 0x13, 0xf1, 0x00, 0xd9, 0x13
	.byte 0xf1, 0x00, 0x03, 0x0c, 0x06, 0x0c, 0xf1, 0x00
	.byte 0x91, 0x0b, 0x03, 0x00, 0x0a, 0x00, 0x03, 0x0c
	.byte 0x24, 0x0c, 0xf1, 0x00, 0x59, 0x11, 0x03, 0x00
	.byte 0x0a, 0x00, 0x03, 0x0c, 0x42, 0x0c, 0xf1, 0x00
	.byte 0x49, 0x17, 0x03, 0x00, 0x0a, 0x00, 0x03, 0x0c
	.byte 0x60, 0x0c, 0xf1, 0x00, 0x11, 0x1d, 0x03, 0x00
	.byte 0x0a, 0x00, 0xf1, 0x13, 0xf1, 0x00, 0xf1, 0x13
	.byte 0xf1, 0x00, 0xfd, 0x13, 0xf1, 0x00, 0x09, 0x14
	.byte 0xf1, 0x00, 0x15, 0x14, 0xf1, 0x00, 0x21, 0x14
	.byte 0xf1, 0x00, 0x06, 0x09, 0x50, 0x05, 0x10, 0x53
	.byte 0x4f, 0x4c, 0x4f, 0x09, 0x0a, 0x05, 0x00, 0x1e
	.byte 0x00, 0x2b, 0x00, 0x2f, 0x00, 0x09, 0x0a, 0x07
	.byte 0x00, 0x20, 0x00, 0x29, 0x00, 0x2d, 0x00, 0x1b
	.byte 0x0a, 0x06, 0x00, 0x1f, 0x00, 0x06, 0x00, 0x2e
	.byte 0x00, 0x05, 0x0a, 0x08, 0x00, 0x21, 0x00, 0x28
	.byte 0x00, 0x2c, 0x00, 0x1b, 0x0a, 0x08, 0x00, 0x21
	.byte 0x00, 0x28, 0x00, 0x2c, 0x00, 0x1b, 0x0a, 0x08
	.byte 0x00, 0x49, 0x00, 0x22, 0x00, 0xc5, 0x00, 0x03
	.byte 0x0b, 0x5d, 0x06, 0x0f, 0x00, 0x05, 0x89, 0x14
	.byte 0xf1, 0x00, 0x08, 0x00, 0x49, 0x00, 0x22, 0x00
	.byte 0x56, 0x00, 0x08, 0x00, 0x49, 0x00, 0x22, 0x00
	.byte 0x56, 0x00, 0x08, 0x00, 0x6e, 0x00, 0x22, 0x00
	.byte 0x7b, 0x00, 0x08, 0x00, 0x93, 0x00, 0x22, 0x00
	.byte 0xa0, 0x00, 0x08, 0x00, 0xb8, 0x00, 0x22, 0x00
	.byte 0xc5, 0x00
	.ascii "NORM 1/2 1/4 1/81/161/321/64 FIXOFF ONOFFON "
	.byte 0x1c, 0x10
	.byte 0x73, 0x00, 0x05, 0x00
	.ascii "T0NE LAYER"
	.byte 0x17, 0x10
	.byte 0x06, 0x00, 0x07, 0x00
	.ascii "SOUND EDIT"
	.byte 0x06, 0x07
	.byte 0x11, 0x0b, 0x4b, 0x45, 0x59, 0x06, 0x05, 0xb7
	.byte 0x0b, 0x11, 0x06, 0x09, 0x19, 0x0d, 0x4c, 0x41
	.byte 0x59, 0x45, 0x52, 0x06, 0x07, 0x01, 0x11, 0x56
	.byte 0x45, 0x4c, 0x06, 0x05, 0xa7, 0x11, 0x11, 0x06
	.byte 0x09, 0x09, 0x13
	.byte 0x4c, 0x41, 0x59, 0x45, 0x52
	.byte 0x07, 0x05, 0x72, 0x1f, 0x5f, 0x07, 0x05, 0x82
	.byte 0x1f, 0x5f, 0x06, 0x05, 0x61, 0x20, 0x4c, 0x06
	.byte 0x13
	.ascii "c FADE LOW HIGH H"
	.byte 0x06, 0x08
	.ascii "s FADE"
	.byte 0x07, 0x05, 0x4b, 0x24, 0x12, 0x07
	.byte 0x05, 0x51, 0x24, 0x12, 0x07, 0x05, 0x56, 0x24
	.byte 0x12, 0x07, 0x05, 0x5b, 0x24, 0x12, 0x09, 0x0a
	.byte 0x04, 0x00, 0x04, 0x00, 0x44, 0x00, 0x10, 0x00
	.byte 0x09, 0x0a, 0x04, 0x01, 0x42, 0x00, 0x34, 0x01
	.byte 0x60, 0x00, 0x09, 0x0a, 0x04, 0x01, 0x68, 0x00
	.byte 0x34, 0x01, 0x86, 0x00, 0x09, 0x0a, 0x45, 0x00
	.byte 0xcc, 0x00, 0xfb, 0x00, 0xe9, 0x00, 0x01, 0x0a
	.byte 0x45, 0x00, 0xdb, 0x00, 0xfb, 0x00, 0xdb, 0x00
	.byte 0x02, 0x0a, 0x9c, 0x00, 0xcc, 0x00, 0x9c, 0x00
	.byte 0xe9, 0x00, 0x05, 0x0a, 0x46, 0x00, 0xdc, 0x00
	.long LABEL_E800FA
	.byte 0x23, 0x05, 0x64, 0x83
	.byte 0x00, 0x1c, 0x11, 0x72, 0x00, 0x05, 0x00, 0x54
	.ascii "0NE SELECT"
	.byte 0x17, 0x10, 0x06, 0x00, 0x07, 0x00
	.ascii "SOUND EDIT"
	.byte 0x09, 0x0a, 0x04, 0x00, 0x04, 0x00
	.byte 0x44, 0x00, 0x10, 0x00, 0x23, 0x05, 0x61, 0x83
	.byte 0x00, 0x06, 0x0b, 0x10, 0x01, 0x50, 0x41, 0x47
	.byte 0x45, 0x31, 0x2f, 0x33
	.byte 0x17, 0x0a, 0x54, 0x00
	.byte 0x3c, 0x00
	.byte 0x54, 0x4f, 0x4e, 0x45
	.byte 0x17, 0x0c
	.byte 0x72, 0x00, 0x3c, 0x00
	.byte 0x53, 0x45, 0x4c, 0x45
	.byte 0x43, 0x54, 0x17, 0x0b, 0xc7, 0x00, 0x3c, 0x00
	.byte 0x4c, 0x45, 0x56, 0x45, 0x4c
	.byte 0x17, 0x09, 0xf1
	.byte 0x00, 0x3c, 0x00, 0x4b, 0x45, 0x59, 0x17, 0x0c
	.byte 0x09, 0x01, 0x3c, 0x00
	.byte 0x44, 0x45, 0x54, 0x55
	.byte 0x4e, 0x45, 0x06, 0x05, 0x30, 0x0c, 0x10, 0x06
	.byte 0x05, 0xd9, 0x0c, 0x3a, 0x06, 0x05, 0xd9, 0x11
	.byte 0x3a, 0x06, 0x05, 0xf8, 0x11, 0x10, 0x06, 0x05
	.byte 0xd9, 0x16, 0x3a, 0x06, 0x05, 0x70, 0x17, 0x10
	.byte 0x06, 0x05, 0xd9, 0x1b, 0x3a, 0x06, 0x05, 0x38
	.byte 0x1d, 0x10, 0x17, 0x0c, 0x02, 0x00, 0xd1, 0x00
	.ascii "ON/OFF"
	.byte 0x17, 0x0b
	.byte 0x30, 0x00, 0xd1, 0x00
	.byte 0x47, 0x52, 0x4f, 0x55
	.byte 0x50, 0x17, 0x0a, 0x58, 0x00, 0xd1, 0x00, 0x54
	.byte 0x4f, 0x4e, 0x45, 0x17, 0x0b, 0xcc, 0x00, 0xd1
	.byte 0x00
	.byte 0x4c, 0x45, 0x56, 0x45, 0x4c
	.byte 0x17, 0x09
	.byte 0xfa, 0x00, 0xd1, 0x00, 0x4b, 0x45, 0x59, 0x17
	.byte 0x0c, 0x19, 0x01, 0xd1, 0x00, 0x44, 0x45, 0x54
	.byte 0x55, 0x4e, 0x45, 0x06, 0x05, 0x12, 0x22, 0x8d
	.byte 0x06, 0x05, 0x17, 0x22, 0x8d, 0x06, 0x05, 0x1c
	.byte 0x22, 0x8d, 0x06, 0x05, 0x2b, 0x22, 0x8d, 0x06
	.byte 0x05, 0x30, 0x22, 0x8d, 0x06, 0x05, 0x35, 0x22
	.byte 0x8d, 0x06, 0x05, 0xa2, 0x23, 0x8e, 0x06, 0x05
	.byte 0xa7, 0x23, 0x8e, 0x06, 0x05, 0xac, 0x23, 0x8e
	.byte 0x06, 0x05, 0xbb, 0x23, 0x8e, 0x06, 0x05, 0xc0
	.byte 0x23, 0x8e, 0x06, 0x05, 0xc5, 0x23, 0x8e, 0x22
	.byte 0x0a, 0x0b, 0x00, 0x36, 0x00, 0x35, 0x01, 0xc7
	.byte 0x00, 0x22, 0x0a, 0x09, 0x00, 0xda, 0x00, 0x1e
	.byte 0x00, 0xee, 0x00, 0x22, 0x0a, 0x31, 0x00, 0xda
	.byte 0x00, 0x46, 0x00, 0xee, 0x00, 0x22, 0x0a, 0x59
	.byte 0x00, 0xda, 0x00, 0x6e, 0x00, 0xee, 0x00, 0x22
	.byte 0x0a, 0xd1, 0x00, 0xda, 0x00, 0xe6, 0x00, 0xee
	.byte 0x00, 0x22, 0x0a, 0xf9, 0x00, 0xda, 0x00, 0x0e
	.byte 0x01, 0xee, 0x00, 0x22, 0x0a, 0x21, 0x01, 0xda
	.byte 0x00, 0x36, 0x01, 0xee, 0x00, 0x01, 0x0a, 0x0b
	.byte 0x00, 0x47, 0x00, 0x35, 0x01, 0x47, 0x00, 0x01
	.byte 0x0a, 0x0b, 0x00, 0x67, 0x00, 0x35, 0x01, 0x67
	.byte 0x00, 0x01, 0x0a, 0x0b, 0x00, 0x87, 0x00, 0x35
	.byte 0x01, 0x87, 0x00, 0x01, 0x0a, 0x0b, 0x00, 0xa7
	.byte 0x00, 0x35, 0x01, 0xa7, 0x00, 0x01, 0x0a, 0x09
	.byte 0x00, 0xe4, 0x00, 0x1e, 0x00, 0xe4, 0x00, 0x01
	.byte 0x0a, 0x31, 0x00, 0xe4, 0x00, 0x46, 0x00, 0xe4
	.byte 0x00, 0x01, 0x0a, 0x59, 0x00, 0xe4, 0x00, 0x6e
	.byte 0x00, 0xe4, 0x00, 0x01, 0x0a, 0xd1, 0x00, 0xe4
	.byte 0x00, 0xe6, 0x00, 0xe4, 0x00, 0x01, 0x0a, 0xf9
	.byte 0x00, 0xe4, 0x00, 0x0e, 0x01, 0xe4, 0x00, 0x01
	.byte 0x0a, 0x21, 0x01, 0xe4, 0x00, 0x36, 0x01, 0xe4
	.byte 0x00, 0x02, 0x0a, 0x3c, 0x00, 0x36, 0x00, 0x3c
	.byte 0x00, 0xc7, 0x00, 0x02, 0x0a, 0xbc, 0x00, 0x36
	.byte 0x00, 0xbc, 0x00, 0xc7, 0x00, 0x06, 0x05, 0x30
	.byte 0x0c, 0x10, 0x06, 0x05, 0xf8, 0x11, 0x10, 0x06
	.byte 0x05, 0x70, 0x17, 0x10, 0x06, 0x05, 0x38, 0x1d
	.byte 0x10, 0x20, 0x07, 0x5a, 0x0c, 0x31, 0x53, 0x54
	.byte 0x20, 0x07, 0x5a, 0x11
	.ascii "2ND "
	.byte 0x07, 0x5a, 0x16
	.ascii "3RD "
	.byte 0x07
	.byte 0x5a, 0x1b, 0x34, 0x54, 0x48, 0x98, 0x17, 0xf1
	.byte 0x00, 0x98, 0x17, 0xf1, 0x00, 0x9f, 0x17, 0xf1
	.byte 0x00, 0xa6, 0x17, 0xf1, 0x00, 0xad, 0x17, 0xf1
	.byte 0x00, 0xb4, 0x17, 0xf1, 0x00, 0x03, 0x0c, 0x06
	.byte 0x0c, 0xf1, 0x00, 0x5a, 0x0c, 0x03, 0x00, 0x0a
	.byte 0x00, 0x03, 0x0c, 0x24, 0x0c, 0xf1, 0x00, 0x5a
	.byte 0x11, 0x03, 0x00, 0x0a, 0x00, 0x03, 0x0c, 0x42
	.byte 0x0c, 0xf1, 0x00, 0x5a, 0x16, 0x03, 0x00, 0x0a
	.byte 0x00, 0x03, 0x0c, 0x60, 0x0c, 0xf1, 0x00, 0x5a
	.byte 0x1b, 0x03, 0x00, 0x0a, 0x00, 0xcc, 0x17, 0xf1
	.byte 0x00, 0xcc, 0x17, 0xf1, 0x00, 0xd8, 0x17, 0xf1
	.byte 0x00, 0xe4, 0x17, 0xf1, 0x00, 0xf0, 0x17, 0xf1
	.byte 0x00, 0xfc, 0x17, 0xf1, 0x00, 0x03, 0x0c, 0x7e
	.byte 0x0c, 0xf1, 0x00, 0xd2, 0x0c, 0x02, 0x00, 0x0c
	.byte 0x00, 0x20, 0x07, 0xd4, 0x0c, 0x31, 0x53, 0x54
	.byte 0x03, 0x0c, 0x7e, 0x0c, 0xf1, 0x00, 0xd2, 0x11
	.byte 0x02, 0x00, 0x0c, 0x00, 0x20, 0x07, 0xd4, 0x11
	.byte 0x32, 0x4e, 0x44, 0x03, 0x0c, 0x7e, 0x0c, 0xf1
	.byte 0x00, 0xd2, 0x16, 0x02, 0x00, 0x0c, 0x00, 0x20
	.byte 0x07, 0xd4, 0x16, 0x33, 0x52, 0x44, 0x03, 0x0c
	.byte 0x7e, 0x0c, 0xf1, 0x00, 0xd2, 0x1b, 0x02, 0x00
	.byte 0x0c, 0x00, 0x20, 0x07, 0xd4, 0x1b, 0x34, 0x54
	.byte 0x48, 0x14, 0x18, 0xf1, 0x00, 0x14, 0x18, 0xf1
	.byte 0x00, 0x27, 0x18, 0xf1, 0x00, 0x3a, 0x18, 0xf1
	.byte 0x00, 0x4d, 0x18, 0xf1, 0x00, 0x60, 0x18, 0xf1
	.byte 0x00, 0x03, 0x0c, 0x96, 0x0c, 0xf1, 0x00, 0xd2
	.byte 0x0c, 0x02, 0x00, 0x0c, 0x00, 0x03, 0x0c, 0x06
	.byte 0x0c, 0xf1, 0x00, 0xd4, 0x0c, 0x03, 0x00, 0x0a
	.byte 0x00, 0x03, 0x0c, 0x96, 0x0c, 0xf1, 0x00, 0xd2
	.byte 0x11, 0x02, 0x00, 0x0c, 0x00, 0x03, 0x0c, 0x24
	.byte 0x0c, 0xf1, 0x00, 0xd4, 0x11, 0x03, 0x00, 0x0a
	.byte 0x00, 0x03, 0x0c, 0x96, 0x0c, 0xf1, 0x00, 0xd2
	.byte 0x16, 0x02, 0x00, 0x0c, 0x00, 0x03, 0x0c, 0x42
	.byte 0x0c, 0xf1, 0x00, 0xd4, 0x16, 0x03, 0x00, 0x0a
	.byte 0x00, 0x03, 0x0c, 0x96, 0x0c, 0xf1, 0x00, 0xd2
	.byte 0x1b, 0x02, 0x00, 0x0c, 0x00, 0x03, 0x0c, 0x60
	.byte 0x0c, 0xf1, 0x00, 0xd4, 0x1b, 0x03, 0x00, 0x0a
	.byte 0x00, 0x78, 0x18, 0xf1, 0x00, 0x78, 0x18, 0xf1
	.byte 0x00, 0x90, 0x18, 0xf1, 0x00, 0xa8, 0x18, 0xf1
	.byte 0x00, 0xc0, 0x18, 0xf1, 0x00, 0xd8, 0x18, 0xf1
	.byte 0x00, 0x03, 0x0c, 0x7e, 0x0c, 0xf1, 0x00, 0x9a
	.byte 0x12, 0x02, 0x00, 0x0c, 0x00, 0x17, 0x09, 0x21
	.byte 0x00, 0x7a, 0x00, 0x31, 0x53, 0x54, 0x03, 0x0c
	.byte 0x7e, 0x0c, 0xf1, 0x00, 0x4a, 0x17, 0x02, 0x00
	.byte 0x0c, 0x00, 0x17, 0x09, 0x21, 0x00, 0x98, 0x00
	.byte 0x32, 0x4e, 0x44, 0xf0, 0x18, 0xf1, 0x00, 0xf0
	.byte 0x18, 0xf1, 0x00, 0x05, 0x19, 0xf1, 0x00, 0x1a
	.byte 0x19, 0xf1, 0x00, 0x03, 0x0c, 0x96, 0x0c, 0xf1
	.byte 0x00, 0x9a, 0x12, 0x02, 0x00, 0x0c, 0x00, 0x17
	.byte 0x09, 0x21, 0x00, 0x7a, 0x00, 0x31, 0x53, 0x54
	.byte 0x03, 0x0c, 0x96, 0x0c, 0xf1, 0x00, 0x4a, 0x17
	.byte 0x02, 0x00, 0x0c, 0x00, 0x17, 0x09, 0x21, 0x00
	.byte 0x98, 0x00
	.byte 0x32, 0x4e, 0x44, 0x2a
	.byte 0x19, 0xf1
	.byte 0x00, 0x2a, 0x19, 0xf1, 0x00, 0x3f, 0x19, 0xf1
	.byte 0x00, 0x54, 0x19, 0xf1, 0x00, 0x1c, 0x0b, 0x8c
	.byte 0x00, 0x05, 0x00
	.byte 0x50, 0x49, 0x54, 0x43, 0x48
	.byte 0x17, 0x10, 0x06, 0x00, 0x07, 0x00, 0x53, 0x4f
	.ascii "UND EDIT"
	.byte 0x06, 0x09, 0x8b, 0x06
	.ascii "ENV "
	.byte 0x11, 0x06, 0x0b, 0xd9, 0x0b, 0x50, 0x49, 0x54
	.byte 0x43, 0x48, 0x20, 0x11, 0x06, 0x09, 0x2b, 0x11
	.ascii "LF0 "
	.byte 0x11, 0x09, 0x0a, 0x04
	.byte 0x00, 0x04, 0x00, 0x44, 0x00, 0x10, 0x00, 0x09
	.byte 0x0a, 0x14, 0x01, 0x25, 0x00, 0x34, 0x01, 0x36
	.byte 0x00, 0x09, 0x0a, 0x04, 0x01, 0x41, 0x00, 0x34
	.byte 0x01, 0x5e, 0x00, 0x09, 0x0a, 0x14, 0x01, 0x69
	.byte 0x00, 0x34, 0x01, 0x7a, 0x00, 0x01, 0x0a, 0x20
	.byte 0x01, 0x3d, 0x00, 0x27, 0x01, 0x3d, 0x00, 0x01
	.byte 0x0a, 0x21, 0x01, 0x3e, 0x00, 0x26, 0x01, 0x3e
	.byte 0x00, 0x01, 0x0a, 0x22, 0x01, 0x3f, 0x00, 0x25
	.byte 0x01, 0x3f, 0x00, 0x01, 0x0a, 0x22, 0x01, 0x60
	.byte 0x00, 0x25, 0x01, 0x60, 0x00, 0x01, 0x0a, 0x21
	.byte 0x01, 0x61, 0x00, 0x26, 0x01, 0x61, 0x00, 0x01
	.byte 0x0a, 0x20, 0x01, 0x62, 0x00, 0x27, 0x01, 0x62
	.byte 0x00, 0x09, 0x0a, 0x23, 0x01, 0x36, 0x00, 0x24
	.byte 0x01, 0x41, 0x00, 0x09, 0x0a, 0x23, 0x01, 0x5e
	.byte 0x00, 0x24, 0x01, 0x69, 0x00, 0x23, 0x05, 0x07
	.byte 0x86, 0x00, 0x05, 0x0a, 0x16, 0x01, 0x27, 0x00
	.byte 0x32, 0x01, 0x34, 0x00, 0x05, 0x0a, 0x0e, 0x01
	.byte 0x43, 0x00, 0x32, 0x01, 0x5c, 0x00, 0x05, 0x0a
	.byte 0x16, 0x01, 0x6b, 0x00, 0x32, 0x01, 0x78, 0x00
	.byte 0x17, 0x09, 0x31, 0x00, 0x37, 0x00, 0x4b, 0x45
	.byte 0x59, 0x17, 0x09, 0x5b, 0x00, 0x37, 0x00, 0x44
	.byte 0x45, 0x2d, 0x17, 0x0a, 0x84, 0x00, 0x37, 0x00
	.byte 0x54, 0x4f, 0x4e, 0x45
	.byte 0x17, 0x11, 0xb6, 0x00
	.byte 0x37, 0x00
	.ascii "KEY SCALING"
	.byte 0x17, 0x0b, 0x31
	.byte 0x00, 0x40, 0x00
	.byte 0x53, 0x48, 0x49, 0x46, 0x54
	.byte 0x17, 0x0a, 0x5b, 0x00, 0x40, 0x00, 0x54, 0x55
	.byte 0x4e, 0x45, 0x17, 0x0b, 0x84, 0x00, 0x40, 0x00
	.byte 0x53, 0x43, 0x41, 0x4c, 0x45
	.byte 0x06, 0x05, 0x30
	.byte 0x0c, 0x10, 0x17, 0x0f, 0xbb, 0x00, 0x5f, 0x00
	.ascii "OCT-SHIFT"
	.byte 0x06, 0x05, 0xf8, 0x11, 0x10, 0x17, 0x11
	.byte 0xb6, 0x00, 0x87, 0x00
	.ascii "RIGHT SPLIT"
	.byte 0x06
	.byte 0x05, 0x94, 0x17, 0x8d, 0x06, 0x05, 0x70, 0x17
	.byte 0x10, 0x06, 0x05, 0x97, 0x17, 0xa9, 0x17, 0x0c
	.byte 0x13, 0x01, 0xac, 0x00
	.byte 0x43, 0x55, 0x52, 0x53
	.byte 0x4f, 0x52, 0x17, 0x10, 0xba, 0x00, 0xaf, 0x00
	.ascii "LEFT SPLIT"
	.byte 0x06, 0x05, 0x38, 0x1d, 0x10, 0x06
	.byte 0x05, 0xd4, 0x1d, 0x8e, 0x06, 0x05, 0xaf, 0x1d
	.byte 0xa9, 0x17, 0x09, 0x33, 0x00, 0xd1, 0x00, 0x4b
	.byte 0x45, 0x59, 0x17, 0x0c, 0x52, 0x00, 0xd1, 0x00
	.ascii "DETUNE"
	.byte 0x17, 0x0b
	.byte 0x7d, 0x00, 0xd1, 0x00
	.byte 0x53, 0x43, 0x41, 0x4c
	.byte 0x45, 0x17, 0x0b, 0xcd, 0x00, 0xd1, 0x00, 0x56
	.byte 0x41, 0x4c, 0x55, 0x45
	.byte 0x06, 0x05, 0x17, 0x22
	.byte 0x8d, 0x06, 0x05, 0x1c, 0x22, 0x8d, 0x06, 0x05
	.byte 0x21, 0x22, 0x8d, 0x06, 0x05, 0x2b, 0x22, 0x8d
	.byte 0x06, 0x05, 0xa7, 0x23, 0x8e, 0x06, 0x05, 0xac
	.byte 0x23, 0x8e, 0x06, 0x05, 0xb1, 0x23, 0x8e, 0x06
	.byte 0x05, 0xbb, 0x23, 0x8e, 0x22, 0x0a, 0x0b, 0x00
	.byte 0x33, 0x00, 0xa8, 0x00, 0xca, 0x00, 0x22, 0x0a
	.byte 0xb3, 0x00, 0x33, 0x00, 0xfb, 0x00, 0x52, 0x00
	.byte 0x22, 0x0a, 0xb3, 0x00, 0x5b, 0x00, 0xfb, 0x00
	.byte 0x7a, 0x00, 0x22, 0x0a, 0xb3, 0x00, 0x83, 0x00
	.byte 0xfb, 0x00, 0xa2, 0x00, 0x09, 0x0a, 0x17, 0x01
	.byte 0x94, 0x00, 0x30, 0x01, 0xa3, 0x00, 0x09, 0x0a
	.byte 0x19, 0x01, 0x96, 0x00, 0x2e, 0x01, 0xa1, 0x00
	.byte 0x22, 0x0a, 0xb3, 0x00, 0xab, 0x00, 0xfb, 0x00
	.byte 0xca, 0x00, 0x09, 0x0a, 0x17, 0x01, 0xbb, 0x00
	.byte 0x30, 0x01, 0xca, 0x00, 0x09, 0x0a, 0x19, 0x01
	.byte 0xbd, 0x00, 0x2e, 0x01, 0xc8, 0x00, 0x22, 0x0a
	.byte 0x31, 0x00, 0xda, 0x00, 0x46, 0x00, 0xee, 0x00
	.byte 0x22, 0x0a, 0x59, 0x00, 0xda, 0x00, 0x6e, 0x00
	.byte 0xee, 0x00, 0x22, 0x0a, 0x81, 0x00, 0xda, 0x00
	.long LABEL_EE0096
	.byte 0x22, 0x0a, 0xd1, 0x00
	.long LABEL_E600DA
	.byte 0xee, 0x00, 0x01, 0x0a
	.byte 0xb3, 0x00, 0x41, 0x00, 0xfb, 0x00, 0x41, 0x00
	.byte 0x01, 0x0a, 0x0b, 0x00, 0x4a, 0x00, 0xa8, 0x00
	.byte 0x4a, 0x00, 0x01, 0x0a, 0xb3, 0x00, 0x69, 0x00
	.byte 0xfb, 0x00, 0x69, 0x00, 0x01, 0x0a, 0x0b, 0x00
	.byte 0x6a, 0x00, 0xa8, 0x00, 0x6a, 0x00, 0x01, 0x0a
	.byte 0x0b, 0x00, 0x8a, 0x00, 0xa8, 0x00, 0x8a, 0x00
	.byte 0x01, 0x0a, 0xb3, 0x00, 0x91, 0x00, 0xfb, 0x00
	.byte 0x91, 0x00, 0x01, 0x0a, 0x0b, 0x00, 0xaa, 0x00
	.byte 0xa8, 0x00, 0xaa, 0x00, 0x01, 0x0a, 0xb3, 0x00
	.byte 0xb9, 0x00, 0xfb, 0x00, 0xb9, 0x00, 0x01, 0x0a
	.long LABEL_E40031
	.long LABEL_E40046
	.byte 0x01, 0x0a, 0x59, 0x00, 0xe4, 0x00, 0x6e, 0x00
	.byte 0xe4, 0x00, 0x01, 0x0a, 0x81, 0x00, 0xe4, 0x00
	.long LABEL_E40096
	.byte 0x01, 0x0a, 0xd1, 0x00
	.long LABEL_E600E4
	.byte 0xe4, 0x00, 0x02, 0x0a
	.byte 0x2c, 0x00, 0x33, 0x00, 0x2c, 0x00, 0xca, 0x00
	.byte 0x05, 0x0a, 0x06, 0x01, 0x43, 0x00, 0x32, 0x01
	.byte 0x5c, 0x00, 0x17, 0x11, 0x43, 0x00, 0xb2, 0x00
	.ascii "START PITCH"
	.byte 0x17, 0x0a, 0x92, 0x00, 0xb2
	.byte 0x00
	.byte 0x53, 0x54, 0x4f, 0x50
	.byte 0x17, 0x0b, 0xad
	.byte 0x00, 0xb2, 0x00
	.byte 0x50, 0x49, 0x54, 0x43, 0x48
	.byte 0x17, 0x0b, 0xd8, 0x00, 0xb2, 0x00, 0x54, 0x4f
	.byte 0x54, 0x41, 0x4c, 0x17, 0x0b, 0xfc, 0x00, 0xb2
	.byte 0x00
	ld	xix, 0x48545045
	.byte 0x02, 0x0a
	.byte 0xd5, 0x00, 0xae, 0x00, 0xd5, 0x00, 0xcb, 0x00
	.byte 0x1c, 0x0f, 0x7a, 0x00, 0x05, 0x00, 0x41, 0x4d
	.ascii "PLITUDE"
	.byte 0x17
	.byte 0x10, 0x06, 0x00, 0x07, 0x00, 0x53, 0x4f, 0x55
	.ascii "ND EDIT"
	.byte 0x06
	.byte 0x09, 0x8b, 0x06
	.ascii "ENV "
	.byte 0x11
	.byte 0x06, 0x09, 0xdb, 0x0b
	.ascii "AMP "
	.byte 0x11, 0x09, 0x0a, 0x04, 0x00, 0x04, 0x00, 0x44
	.byte 0x00, 0x10, 0x00, 0x09, 0x0a, 0x14, 0x01, 0x25
	.byte 0x00, 0x34, 0x01, 0x36, 0x00, 0x09, 0x0a, 0x14
	.byte 0x01, 0x41, 0x00, 0x34, 0x01, 0x5e, 0x00, 0x01
	.byte 0x0a, 0x20, 0x01, 0x3d, 0x00, 0x27, 0x01, 0x3d
	.byte 0x00, 0x01, 0x0a, 0x21, 0x01, 0x3e, 0x00, 0x26
	.byte 0x01, 0x3e, 0x00, 0x01, 0x0a, 0x22, 0x01, 0x3f
	.byte 0x00, 0x25, 0x01, 0x3f, 0x00, 0x09, 0x0a, 0x23
	.byte 0x01, 0x36, 0x00, 0x24, 0x01, 0x41, 0x00, 0x06
	.byte 0x09, 0x2b, 0x11
	.ascii "LF0 "
	.byte 0x11
	.byte 0x01, 0x0a, 0x22, 0x01, 0x60, 0x00, 0x25, 0x01
	.byte 0x60, 0x00, 0x01, 0x0a, 0x21, 0x01, 0x61, 0x00
	.byte 0x26, 0x01, 0x61, 0x00, 0x01, 0x0a, 0x20, 0x01
	.byte 0x62, 0x00, 0x27, 0x01, 0x62, 0x00, 0x09, 0x0a
	.byte 0x23, 0x01, 0x5e, 0x00, 0x24, 0x01, 0x69, 0x00
	.byte 0x09, 0x0a, 0x14, 0x01, 0x69, 0x00, 0x34, 0x01
	.byte 0x7a, 0x00, 0x23, 0x05, 0x63, 0x84, 0x00, 0x1b
	.byte 0x0a, 0xd6, 0x00, 0x46, 0x00, 0x07, 0x01, 0xe1
	.byte 0x00, 0x1b, 0x0a, 0x9e, 0x00, 0x46, 0x00, 0xd2
	.byte 0x00, 0xa1, 0x00, 0x17, 0x0b, 0xe2, 0x00, 0x72
	.byte 0x00
	.byte 0x54, 0x4f, 0x55, 0x43, 0x48
	.byte 0x17, 0x0b
	.byte 0xe8, 0x00, 0x7b, 0x00
	.byte 0x43, 0x55, 0x52, 0x56
	.byte 0x45, 0x22, 0x0a, 0xe0, 0x00, 0x46, 0x00, 0x06
	.byte 0x01, 0x6c, 0x00, 0x01, 0x0a, 0xd6, 0x00, 0x5a
	.byte 0x00, 0xe0, 0x00, 0x5a, 0x00, 0x17, 0x0b, 0xe2
	.byte 0x00, 0x92, 0x00
	.ascii "TOUCH"
	.long LABEL_E80B17
	.byte 0x9b, 0x00, 0x43, 0x55
	.byte 0x52, 0x56, 0x45, 0x22
	.byte 0x0a, 0xe0, 0x00, 0x66
	.byte 0x00, 0x06, 0x01, 0x8c, 0x00, 0x01, 0x0a, 0xd6
	.byte 0x00, 0x7a, 0x00, 0xe0, 0x00, 0x7a, 0x00, 0x17
	.byte 0x0b, 0xe2, 0x00, 0xb2, 0x00, 0x54, 0x4f, 0x55
	.byte 0x43, 0x48, 0x17, 0x0b, 0xe8, 0x00, 0xbb, 0x00
	.ascii "CURVE\""
	.byte 0x0a, 0xe0
	.byte 0x00, 0x86, 0x00, 0x06, 0x01, 0xac, 0x00, 0x01
	.byte 0x0a, 0xd6, 0x00, 0x9a, 0x00, 0xe0, 0x00, 0x9a
	.byte 0x00, 0x17, 0x0b, 0xe2, 0x00, 0xd2, 0x00, 0x54
	.byte 0x4f, 0x55, 0x43, 0x48
	.byte 0x17, 0x0b, 0xe8, 0x00
	.byte 0xdb, 0x00
	.ascii "CURVE\""
	.byte 0x0a, 0xe0, 0x00, 0xa6, 0x00, 0x06, 0x01, 0xcc
	.byte 0x00, 0x01, 0x0a, 0xd6, 0x00, 0xba, 0x00, 0xe0
	.byte 0x00, 0xba, 0x00, 0x17, 0x0b, 0xaa, 0x00, 0x72
	.byte 0x00
	.byte 0x54, 0x4f, 0x55, 0x43, 0x48
	.byte 0x17, 0x0b
	.byte 0xb0, 0x00, 0x7b, 0x00
	.byte 0x43, 0x55, 0x52, 0x56
	.byte 0x45, 0x22, 0x0a, 0xa8, 0x00, 0x46, 0x00, 0xce
	.byte 0x00, 0x6c, 0x00, 0x01, 0x0a, 0x9e, 0x00, 0x5a
	.byte 0x00, 0xa8, 0x00, 0x5a, 0x00, 0x17, 0x0b, 0xaa
	.byte 0x00, 0x92, 0x00
	.byte 0x54, 0x4f, 0x55, 0x43, 0x48
	.byte 0x17, 0x0b, 0xb0, 0x00, 0x9b, 0x00, 0x43, 0x55
	.byte 0x52, 0x56, 0x45, 0x22
	.byte 0x0a, 0xa8, 0x00, 0x66
	.byte 0x00, 0xce, 0x00, 0x8c, 0x00, 0x01, 0x0a, 0x9e
	.byte 0x00, 0x7a, 0x00, 0xa8, 0x00, 0x7a, 0x00, 0x5a
	.byte 0x1d, 0xf1, 0x00, 0x5a, 0x1d, 0xf1, 0x00, 0x84
	.byte 0x1d, 0xf1, 0x00, 0xae, 0x1d, 0xf1, 0x00, 0xd8
	.byte 0x1d, 0xf1, 0x00, 0x02, 0x1e, 0xf1, 0x00, 0x02
	.byte 0x1e, 0xf1, 0x00, 0x2c, 0x1e, 0xf1, 0x00, 0xe0
	.byte 0x00, 0x46, 0x00, 0xe0, 0x00, 0x46, 0x00, 0xe0
	.byte 0x00, 0x66, 0x00, 0xe0, 0x00, 0x86, 0x00, 0xe0
	.byte 0x00, 0xa6, 0x00, 0xa8, 0x00, 0x46, 0x00, 0xa8
	.byte 0x00, 0x46, 0x00, 0xa8, 0x00, 0x66, 0x00, 0x06
	pushw 0x0110
	.byte 0x50, 0x41, 0x47, 0x45, 0x31
	.byte 0x2f, 0x32, 0x17, 0x0b, 0x43, 0x00, 0x3e, 0x00
	.byte 0x4c, 0x45, 0x56, 0x45, 0x4c
	.byte 0x17, 0x0b, 0x73
	.byte 0x00, 0x3e, 0x00
	.byte 0x54, 0x4f, 0x55, 0x43, 0x48
	.byte 0x17, 0x0b, 0xa3, 0x00, 0x3e, 0x00, 0x43, 0x55
	.byte 0x52, 0x56, 0x45, 0x17, 0x0b, 0x4e, 0x00, 0xd1
	.byte 0x00
	.byte 0x4c, 0x45, 0x56, 0x45, 0x4c
	.byte 0x17, 0x0b
	.byte 0x7c, 0x00, 0xd1, 0x00
	.byte 0x54, 0x4f, 0x55, 0x43
	.byte 0x48, 0x17, 0x0b, 0xa5, 0x00, 0xd1, 0x00, 0x43
	.byte 0x55, 0x52, 0x56, 0x45
	.byte 0x06, 0x05, 0x1b, 0x22
	.byte 0x8d, 0x06, 0x05, 0x21, 0x22, 0x8d, 0x06, 0x05
	.byte 0x26, 0x22, 0x8d, 0x06, 0x05, 0xab, 0x23, 0x8e
	.byte 0x06, 0x05, 0xb1, 0x23, 0x8e, 0x06, 0x05, 0xb6
	.byte 0x23, 0x8e, 0x22, 0x0a, 0x0b, 0x00, 0x35, 0x00
	.byte 0xd4, 0x00, 0xca, 0x00, 0x22, 0x0a, 0x51, 0x00
	.byte 0xda, 0x00, 0x66, 0x00, 0xee, 0x00, 0x22, 0x0a
	.byte 0x81, 0x00, 0xda, 0x00, 0x96, 0x00, 0xee, 0x00
	.byte 0x22, 0x0a, 0xa9, 0x00, 0xda, 0x00, 0xbe, 0x00
	.byte 0xee, 0x00, 0x01, 0x0a, 0x0b, 0x00, 0x4a, 0x00
	.byte 0xd4, 0x00, 0x4a, 0x00, 0x01, 0x0a, 0x0b, 0x00
	.byte 0x6a, 0x00, 0xd4, 0x00, 0x6a, 0x00, 0x01, 0x0a
	.byte 0x0b, 0x00, 0x8a, 0x00, 0xd4, 0x00, 0x8a, 0x00
	.byte 0x01, 0x0a, 0x0b, 0x00, 0xaa, 0x00, 0xd4, 0x00
	.byte 0xaa, 0x00, 0x01, 0x0a, 0x51, 0x00, 0xe4, 0x00
	.long LABEL_E40066
	.byte 0x01, 0x0a, 0x81, 0x00
	.byte 0xe4, 0x00, 0x96, 0x00, 0xe4, 0x00, 0x01, 0x0a
	.long LABEL_E400A9
	.long LABEL_E400BE
	.byte 0x02, 0x0a, 0x2e, 0x00, 0x35, 0x00, 0x2e, 0x00
	.byte 0xca, 0x00, 0x05, 0x0a, 0x16, 0x01, 0x43, 0x00
	.byte 0x32, 0x01, 0x5c, 0x00, 0x06, 0x0b, 0x10, 0x01
	.ascii "PAGE2/2"
	.byte 0x17
	.byte 0x10, 0x76, 0x00, 0x3e, 0x00, 0x4b, 0x45, 0x59
	.ascii " FOLLOW"
	.byte 0x17
	.byte 0x07, 0x42, 0x00, 0x82, 0x00, 0x30, 0x17, 0x07
	.byte 0x5d, 0x00, 0x82, 0x00, 0x31, 0x17, 0x07, 0x7a
	.byte 0x00, 0x82, 0x00, 0x32, 0x17, 0x07, 0x96, 0x00
	.byte 0x82, 0x00, 0x33, 0x17, 0x07, 0xb2, 0x00, 0x82
	.byte 0x00, 0x34, 0x17, 0x07, 0xce, 0x00, 0x82, 0x00
	.byte 0x35, 0x17, 0x07, 0xea, 0x00, 0x82, 0x00, 0x36
	.byte 0x17, 0x0b, 0x56, 0x00, 0xd1, 0x00, 0x53, 0x4c
	.byte 0x4f, 0x50, 0x45, 0x17, 0x0b, 0xa1, 0x00, 0xd1
	.byte 0x00
	.ascii "RANGE "
	.byte 0x06
	.byte 0x9b
	.ascii "\"-- "
	.byte 0x06, 0xa0, 0x22
	.byte 0x2d, 0x2d, 0x07, 0x05, 0x4c, 0x24, 0x12, 0x07
	.byte 0x05, 0x51, 0x24, 0x12, 0x07, 0x05, 0x56, 0x24
	.byte 0x12, 0x07, 0x05, 0x5b, 0x24, 0x12, 0x22, 0x0a
	.byte 0x2f, 0x00, 0x48, 0x00, 0xff, 0x00, 0x7a, 0x00
	.byte 0x01, 0x0a, 0x52, 0x00, 0xdb, 0x00, 0xeb, 0x00
	.byte 0xdb, 0x00, 0x02, 0x0a, 0x77, 0x00, 0xcd, 0x00
	.long LABEL_E90077
	.byte 0x05, 0x0a, 0x16, 0x01
	.byte 0x43, 0x00, 0x32, 0x01, 0x5c, 0x00, 0x05, 0x0a
	.byte 0x53, 0x00, 0xdc, 0x00, 0xea, 0x00, 0xe8, 0x00
	.byte 0x17, 0x0b, 0x0e, 0x00, 0x5f, 0x00, 0x4c, 0x45
	.byte 0x56, 0x45, 0x4c, 0x17, 0x16, 0x6d, 0x00, 0xc3
	.byte 0x00
	.ascii "LEVEL KEY FOLLOW"
	.byte 0x01, 0x0a, 0x2f, 0x00, 0x61, 0x00, 0xff
	.byte 0x00, 0x61, 0x00, 0x09, 0x0a, 0x52, 0x00, 0xcd
	.byte 0x00, 0xeb, 0x00, 0xe9, 0x00, 0x17, 0x0e, 0x7f
	.byte 0x00, 0x30, 0x00
	.ascii "ENVELOPE\""
	.byte 0x0a, 0x32, 0x00, 0x3a
	.byte 0x00, 0x01, 0x01, 0x91, 0x00, 0x17, 0x0c, 0xc3
	.byte 0x00, 0x97, 0x00
	.byte 0x4b, 0x45, 0x59, 0x4f, 0x46
	.byte 0x46, 0x17, 0x09, 0x0b, 0x00, 0xcf, 0x00, 0x41
	.byte 0x54, 0x4b, 0x17, 0x0a, 0x29, 0x00, 0xcf, 0x00
	.byte 0x50, 0x45, 0x41, 0x4b
	.byte 0x17, 0x0c, 0x47, 0x00
	.byte 0xcf, 0x00
	.ascii "DECAY1"
	.byte 0x17, 0x0b, 0x71, 0x00, 0xcf, 0x00, 0x53, 0x55
	.byte 0x53, 0x54, 0x31, 0x17, 0x0c, 0x9b, 0x00, 0xcf
	.byte 0x00
	.ascii "DECAY2"
	.byte 0x17
	.byte 0x0b, 0xc5, 0x00, 0xcf, 0x00, 0x53, 0x55, 0x53
	.byte 0x54, 0x32, 0x17, 0x0d, 0xef, 0x00, 0xcf, 0x00
	.ascii "RELEASE"
	.byte 0x07
	.byte 0x05, 0x1a, 0x24, 0x12, 0x07, 0x05, 0x1f, 0x24
	.byte 0x12, 0x07, 0x05, 0x24, 0x24, 0x12, 0x07, 0x05
	.byte 0x29, 0x24, 0x12, 0x07, 0x05, 0x2e, 0x24, 0x12
	.byte 0x07, 0x05, 0x33, 0x24, 0x12, 0x07, 0x05, 0x39
	.byte 0x24, 0x12, 0x09, 0x0a, 0x03, 0x00, 0xcb, 0x00
	.long LABEL_E8011D
	.byte 0x01, 0x0a, 0x03, 0x00
	.byte 0xd9, 0x00, 0x1d, 0x01, 0xd9, 0x00, 0x05, 0x0a
	.byte 0x04, 0x00, 0xda, 0x00, 0x1c, 0x01, 0xe7, 0x00
	.byte 0x05, 0x0a, 0x16, 0x01, 0x27, 0x00, 0x32, 0x01
	.byte 0x34, 0x00, 0x06, 0x0b, 0x10, 0x01, 0x50, 0x41
	ld	xsp, 0x322f3245
	.byte 0x17, 0x12, 0x55
	.byte 0x00, 0x3e, 0x00
	.ascii "KEY FOLLOW ("
	.byte 0x17
	.byte 0x07, 0x42, 0x00, 0x82, 0x00, 0x30, 0x17, 0x07
	.byte 0x5d, 0x00, 0x82, 0x00, 0x31, 0x17, 0x07, 0x7a
	.byte 0x00, 0x82, 0x00, 0x32, 0x17, 0x07, 0x96, 0x00
	.byte 0x82, 0x00, 0x33, 0x17, 0x07, 0xb2, 0x00, 0x82
	.byte 0x00, 0x34, 0x17, 0x07, 0xce, 0x00, 0x82, 0x00
	.byte 0x35, 0x17, 0x07, 0xea, 0x00, 0x82, 0x00, 0x36
	.byte 0x17, 0x0e, 0x3d, 0x00, 0xc3, 0x00, 0x45, 0x4e
	.ascii "VELOPE"
	.byte 0x17, 0x09
	.byte 0x73, 0x00, 0xc3, 0x00, 0x4b, 0x45, 0x59, 0x17
	.byte 0x0c, 0x8b, 0x00, 0xc3, 0x00, 0x46, 0x4f, 0x4c
	.byte 0x4c, 0x4f, 0x57, 0x17, 0x0b, 0x00, 0x01, 0xc3
	.byte 0x00
	.byte 0x54, 0x4f, 0x55, 0x43, 0x48
	.byte 0x17, 0x09
	.byte 0x07, 0x00, 0xd1, 0x00, 0x41, 0x54, 0x4b, 0x17
	.byte 0x0b, 0x25, 0x00, 0xd1, 0x00, 0x44, 0x45, 0x43
	.byte 0x41, 0x59, 0x17, 0x0d, 0x49, 0x00, 0xd1, 0x00
	.ascii "RELEASE"
	.byte 0x17
	.byte 0x0b, 0x9e, 0x00, 0xd1, 0x00, 0x52, 0x41, 0x4e
	.byte 0x47, 0x45, 0x17, 0x0c, 0xf1, 0x00, 0xd1, 0x00
	.ascii "ATTACK"
	.byte 0x17, 0x0b
	.byte 0x1b, 0x01, 0xd1, 0x00
	.byte 0x44, 0x45, 0x43, 0x41
	.byte 0x59, 0x07, 0x05, 0xaa, 0x21, 0x5f, 0x07, 0x05
	.byte 0xb0, 0x21, 0x5f, 0x06, 0x05, 0xfb, 0x21, 0x5f
	.byte 0x06, 0x05, 0xff, 0x21, 0x5f, 0x07, 0x05, 0x42
	.byte 0x24, 0x12, 0x07, 0x05, 0x47, 0x24, 0x12, 0x07
	.byte 0x05, 0x4c, 0x24, 0x12, 0x07, 0x05, 0x51, 0x24
	.byte 0x12, 0x07, 0x05, 0x56, 0x24, 0x12, 0x07, 0x05
	.byte 0x5b, 0x24, 0x12, 0x07, 0x05, 0x60, 0x24, 0x12
	.byte 0x07, 0x05, 0x66, 0x24, 0x12, 0x22, 0x0a, 0x2f
	.byte 0x00, 0x48, 0x00, 0xff, 0x00, 0x7a, 0x00, 0x09
	.byte 0x0a, 0xed, 0x00, 0xcd, 0x00, 0x3d, 0x01, 0xe9
	.byte 0x00, 0x01, 0x0a, 0x03, 0x00, 0xda, 0x00, 0xe6
	.byte 0x00, 0xda, 0x00, 0x01, 0x0a, 0xed, 0x00, 0xda
	.byte 0x00, 0x3d, 0x01, 0xda, 0x00, 0x02, 0x0a, 0x75
	.byte 0x00, 0xcd, 0x00, 0x75, 0x00, 0xe9, 0x00, 0x05
	.byte 0x0a, 0x16, 0x01, 0x27, 0x00, 0x32, 0x01, 0x34
	.byte 0x00, 0x05, 0x0a, 0x04, 0x00, 0xdb, 0x00, 0xe5
	.byte 0x00, 0xe8, 0x00, 0x05, 0x0a, 0xee, 0x00, 0xdb
	.byte 0x00, 0x3c, 0x01, 0xe8, 0x00, 0x01, 0x0a, 0x2f
	.byte 0x00, 0x61, 0x00, 0xff, 0x00, 0x61, 0x00, 0x09
	.byte 0x0a, 0x03, 0x00, 0xcd, 0x00, 0xe6, 0x00, 0xe9
	.byte 0x00, 0x1c, 0x0c, 0x8c, 0x00, 0x05, 0x00, 0x46
	.byte 0x49, 0x4c, 0x54, 0x45, 0x52
	.byte 0x17, 0x10, 0x06
	.byte 0x00, 0x07, 0x00
	.ascii "SOUND EDIT"
	.byte 0x09, 0x0a, 0x04
	.byte 0x00, 0x04, 0x00, 0x44, 0x00, 0x10, 0x00, 0x06
	.byte 0x09, 0x8b, 0x06
	.ascii "ENV "
	.byte 0x11
	.byte 0x06, 0x07, 0xea, 0x0a, 0x46, 0x49, 0x4c, 0x06
	.byte 0x05, 0xdf, 0x0b, 0x11, 0x06, 0x07, 0xcb, 0x0c
	.byte 0x54, 0x45, 0x52, 0x06, 0x09, 0x2b, 0x11, 0x4c
	.byte 0x46, 0x30, 0x20, 0x11, 0x09, 0x0a, 0x14, 0x01
	.byte 0x25, 0x00, 0x34, 0x01, 0x36, 0x00, 0x09, 0x0a
	.byte 0x0c, 0x01, 0x41, 0x00, 0x34, 0x01, 0x5e, 0x00
	.byte 0x09, 0x0a, 0x14, 0x01, 0x69, 0x00, 0x34, 0x01
	.byte 0x7a, 0x00, 0x01, 0x0a, 0x20, 0x01, 0x3d, 0x00
	.byte 0x27, 0x01, 0x3d, 0x00, 0x01, 0x0a, 0x21, 0x01
	.byte 0x3e, 0x00, 0x26, 0x01, 0x3e, 0x00, 0x01, 0x0a
	.byte 0x22, 0x01, 0x3f, 0x00, 0x25, 0x01, 0x3f, 0x00
	.byte 0x01, 0x0a, 0x22, 0x01, 0x60, 0x00, 0x25, 0x01
	.byte 0x60, 0x00, 0x01, 0x0a, 0x21, 0x01, 0x61, 0x00
	.byte 0x26, 0x01, 0x61, 0x00, 0x01, 0x0a, 0x20, 0x01
	.byte 0x62, 0x00, 0x27, 0x01, 0x62, 0x00, 0x09, 0x0a
	.byte 0x23, 0x01, 0x36, 0x00, 0x24, 0x01, 0x41, 0x00
	.byte 0x09, 0x0a, 0x23, 0x01, 0x5e, 0x00, 0x24, 0x01
	.byte 0x69, 0x00, 0x23, 0x05, 0x21, 0x86, 0x00, 0x05
	.byte 0x0a, 0x16, 0x01, 0x27, 0x00, 0x32, 0x01, 0x34
	.byte 0x00, 0x05, 0x0a, 0x0e, 0x01, 0x43, 0x00, 0x32
	.byte 0x01, 0x5c, 0x00, 0x05, 0x0a, 0x16, 0x01, 0x6b
	.byte 0x00, 0x32, 0x01, 0x78, 0x00, 0x06, 0x08, 0x88
	.byte 0x15
	.byte 0x4d, 0x30, 0x44, 0x45
	.byte 0x06, 0x06, 0x0e
	.byte 0x18, 0x20, 0x11, 0x05, 0x0a, 0xfc, 0x00, 0x95
	.byte 0x00, 0x34, 0x01, 0xa6, 0x00, 0x05, 0x0a, 0x0e
	.byte 0x01, 0x43, 0x00, 0x32, 0x01, 0x5c, 0x00, 0x06
	pushw 0x0110
	.byte 0x50, 0x41, 0x47, 0x45, 0x31
	.byte 0x2f, 0x32, 0x17, 0x0d, 0x43, 0x00, 0x1e, 0x00
	.ascii "FILTER:"
	.byte 0x17
	.byte 0x0c, 0xd5, 0x00, 0x62, 0x00, 0x43, 0x55, 0x54
	.byte 0x4f, 0x46, 0x46, 0x17, 0x0f, 0x43, 0x00, 0x6c
	.byte 0x00
	.ascii "EQUALIZER"
	.byte 0x17, 0x0a, 0xdd, 0x00, 0xb0, 0x00
	.byte 0x46, 0x52, 0x45, 0x51
	.byte 0x06, 0x0a, 0x2f, 0x1e
	.ascii "FILTER"
	.byte 0x06, 0x0a
	.byte 0x43, 0x1e
	.ascii "EQUALI "
	.byte 0x05, 0x49, 0x1e, 0x5a, 0x06, 0x06, 0x4a
	.byte 0x1e, 0x45, 0x52, 0x17, 0x0c, 0x06, 0x00, 0xd1
	.byte 0x00
	.ascii "CUTOFF"
	.byte 0x17
	.byte 0x0a, 0x34, 0x00, 0xd1, 0x00, 0x52, 0x45, 0x53
	.byte 0x4f, 0x17, 0x0b, 0x59, 0x00, 0xd1, 0x00, 0x54
	.byte 0x4f, 0x55, 0x43, 0x48
	.byte 0x17, 0x0b, 0x7d, 0x00
	.byte 0xd1, 0x00
	ld	xhl, 0x45565255
	.byte 0x17
	.byte 0x0b, 0xca, 0x00, 0xd1, 0x00, 0x52, 0x41, 0x4e
	.byte 0x47, 0x45, 0x17, 0x0a, 0xf4, 0x00, 0xd1, 0x00
	.byte 0x46, 0x52, 0x45, 0x51
	.byte 0x17, 0x0a, 0x18, 0x01
	.byte 0xd1, 0x00
	.byte 0x47, 0x41, 0x49, 0x4e
	.byte 0x06, 0x05
	.byte 0x8c, 0x22, 0x4b, 0x06, 0x05, 0xa9, 0x22, 0x4b
	.byte 0x06, 0x06, 0x91, 0x22, 0x64, 0x42, 0x06, 0x06
	.byte 0xad, 0x22, 0x64, 0x42, 0x07, 0x05, 0x42, 0x24
	.byte 0x12, 0x07, 0x05, 0x47, 0x24, 0x12, 0x07, 0x05
	.byte 0x4c, 0x24, 0x12, 0x07, 0x05, 0x51, 0x24, 0x12
	.byte 0x07, 0x05, 0x5b, 0x24, 0x12, 0x07, 0x05, 0x60
	.byte 0x24, 0x12, 0x07, 0x05, 0x65, 0x24, 0x12, 0x22
	.byte 0x0a, 0x42, 0x00, 0x27, 0x00, 0xe9, 0x00, 0x5e
	.byte 0x00, 0x22, 0x0a, 0x42, 0x00, 0x75, 0x00, 0xe9
	.byte 0x00, 0xac, 0x00, 0x09, 0x0a, 0x02, 0x00, 0xcd
	.byte 0x00, 0xa0, 0x00, 0xe9, 0x00, 0x09, 0x0a, 0xbb
	.byte 0x00, 0xcd, 0x00, 0x3c, 0x01, 0xe9, 0x00, 0x01
	.byte 0x0a, 0x92, 0x00, 0x71, 0x00, 0x99, 0x00, 0x71
	.byte 0x00, 0x01, 0x0a, 0x93, 0x00, 0x72, 0x00, 0x98
	.byte 0x00, 0x72, 0x00, 0x01, 0x0a, 0x94, 0x00, 0x73
	.byte 0x00, 0x97, 0x00, 0x73, 0x00, 0x01, 0x0a, 0x02
	.byte 0x00, 0xdb, 0x00, 0xa0, 0x00, 0xdb, 0x00, 0x01
	.byte 0x0a, 0xbb, 0x00, 0xdb, 0x00, 0x3c, 0x01, 0xdb
	.byte 0x00, 0x09, 0x0a, 0x95, 0x00, 0x60, 0x00, 0x96
	.byte 0x00, 0x75, 0x00, 0x05, 0x0a, 0x03, 0x00, 0xdc
	.byte 0x00, 0x9f, 0x00, 0xe8, 0x00, 0x05, 0x0a, 0xbc
	.byte 0x00, 0xdc, 0x00, 0x3b, 0x01, 0xe8, 0x00, 0x17
	.byte 0x15, 0x6d, 0x00, 0x1e, 0x00, 0x48, 0x49, 0x47
	.ascii "H PASS -12dB"
	.byte 0x17, 0x14, 0x6d, 0x00
	.byte 0x1e, 0x00
	.ascii "LOW PASS -12dB"
	.byte 0x17, 0x0d, 0x43, 0x00, 0x43, 0x00, 0x46, 0x49
	.byte 0x4c, 0x54, 0x45, 0x52, 0x3a
	.byte 0x17, 0x0c, 0xd3
	.byte 0x00, 0x87, 0x00
	ld	xhl, 0x464f5455
	.byte 0x46, 0x06, 0x0a, 0x39, 0x1e, 0x46, 0x49, 0x4c
	.byte 0x54, 0x45, 0x52, 0x17, 0x0c, 0x56, 0x00, 0xd1
	.byte 0x00
	.ascii "CUTOFF"
	.byte 0x17
	.byte 0x0a, 0x84, 0x00, 0xd1, 0x00, 0x52, 0x45, 0x53
	.byte 0x4f, 0x17, 0x0b, 0xa9, 0x00, 0xd1, 0x00, 0x54
	.byte 0x4f, 0x55, 0x43, 0x48
	.byte 0x17, 0x0b, 0xcd, 0x00
	.byte 0xd1, 0x00
	ld	xhl, 0x45565255
	.byte 0x06
	.byte 0x05, 0x96, 0x22, 0x4b, 0x06, 0x06, 0x9b, 0x22
	.byte 0x64, 0x42, 0x07, 0x05, 0x4c, 0x24, 0x12, 0x07
	.byte 0x05, 0x51, 0x24, 0x12, 0x07, 0x05, 0x56, 0x24
	.byte 0x12, 0x07, 0x05, 0x5b, 0x24, 0x12, 0x22, 0x0a
	.byte 0x42, 0x00, 0x4c, 0x00, 0xe9, 0x00, 0x83, 0x00
	.byte 0x09, 0x0a, 0x4d, 0x00, 0xcd, 0x00, 0xf0, 0x00
	.byte 0xe9, 0x00, 0x01, 0x0a, 0x4d, 0x00, 0xdb, 0x00
	.byte 0xf0, 0x00, 0xdb, 0x00, 0x05, 0x0a, 0x4e, 0x00
	.long LABEL_EF00DC
	.byte 0xe8, 0x00, 0x17, 0x14
	.byte 0x6d, 0x00, 0x43, 0x00
	.ascii "LOW PASS -24dB"
	.byte 0x17, 0x15, 0x6d, 0x00, 0x43, 0x00
	.ascii "HIGH PASS -24dB"
	.byte 0x17
	.byte 0x0d, 0x43, 0x00, 0x43, 0x00, 0x46, 0x49, 0x4c
	.byte 0x54, 0x45, 0x52, 0x3a
	.byte 0x17, 0x0f, 0x6d, 0x00
	.byte 0x43, 0x00
	.ascii "BAND PASS"
	.byte 0x17, 0x0b, 0x55, 0x00, 0x87
	.byte 0x00, 0x7f
	.ascii " LOW"
	.byte 0x17, 0x0c
	.byte 0xa9, 0x00, 0x87, 0x00
	.byte 0x48, 0x49, 0x47, 0x48
	.byte 0x20, 0x7e, 0x17, 0x0c, 0xd4, 0x00, 0x87, 0x00
	.ascii "CUTOFF"
	.byte 0x06, 0x07
	.byte 0x30, 0x1e, 0x4c, 0x30, 0x57, 0x06, 0x08, 0x3f
	.byte 0x1e
	.byte 0x48, 0x49, 0x47, 0x48
	.byte 0x17, 0x0c, 0x26
	.byte 0x00, 0xd1, 0x00
	ld	xhl, 0x464f5455
	.byte 0x46, 0x17, 0x0a, 0x54, 0x00, 0xd1, 0x00, 0x52
	.byte 0x45, 0x53, 0x4f, 0x17, 0x0c, 0x7e, 0x00, 0xd1
	.byte 0x00
	.ascii "CUTOFF"
	.byte 0x17
	.byte 0x0a, 0xac, 0x00, 0xd1, 0x00, 0x52, 0x45, 0x53
	.byte 0x4f, 0x17, 0x0b, 0xd1, 0x00, 0xd1, 0x00, 0x54
	.byte 0x4f, 0x55, 0x43, 0x48
	.byte 0x17, 0x0b, 0xf5, 0x00
	.byte 0xd1, 0x00
	ld	xhl, 0x45565255
	.byte 0x06
	.byte 0x05, 0x8f, 0x22, 0x4b, 0x06, 0x06, 0x94, 0x22
	.byte 0x64, 0x42, 0x06, 0x05, 0x9b, 0x22, 0x4b, 0x06
	.byte 0x06, 0xa0, 0x22, 0x64, 0x42, 0x07, 0x05, 0x46
	.byte 0x24, 0x12, 0x07, 0x05, 0x4b, 0x24, 0x12, 0x07
	.byte 0x05, 0x51, 0x24, 0x12, 0x07, 0x05, 0x56, 0x24
	.byte 0x12, 0x07, 0x05, 0x5b, 0x24, 0x12, 0x07, 0x05
	.byte 0x60, 0x24, 0x12, 0x22, 0x0a, 0x42, 0x00, 0x4c
	.byte 0x00, 0xe9, 0x00, 0x83, 0x00, 0x09, 0x0a, 0x1d
	.byte 0x00, 0xcd, 0x00, 0x75, 0x00, 0xe9, 0x00, 0x09
	.byte 0x0a, 0x7a, 0x00, 0xcd, 0x00, 0x18, 0x01, 0xe9
	.byte 0x00, 0x01, 0x0a, 0x1d, 0x00, 0xdb, 0x00, 0x75
	.byte 0x00, 0xdb, 0x00, 0x01, 0x0a, 0x7a, 0x00, 0xdb
	.byte 0x00, 0x18, 0x01, 0xdb, 0x00, 0x05, 0x0a, 0x1e
	.byte 0x00, 0xdc, 0x00, 0x74, 0x00, 0xe8, 0x00, 0x05
	.byte 0x0a, 0x7b, 0x00, 0xdc, 0x00, 0x17, 0x01, 0xe8
	.byte 0x00, 0x1c, 0x0d, 0x70, 0x00, 0x60, 0x00, 0x54
	.ascii "HROUGH\""
	.byte 0x0a
	.byte 0x42, 0x00, 0x4c, 0x00, 0xe9, 0x00, 0x83, 0x00
	.byte 0x11, 0x0a, 0x32, 0x00, 0x66, 0x00, 0x01, 0x01
	.byte 0x66, 0x00, 0x12, 0x0a, 0xd5, 0x00, 0x3a, 0x00
	.byte 0xd5, 0x00, 0x91, 0x00, 0x17, 0x0c, 0xc3, 0x00
	.byte 0x97, 0x00
	.ascii "KEYOFF"
	.byte 0x1b, 0x0a, 0xc3, 0x00, 0x3a, 0x00, 0xe7, 0x00
	.byte 0x9d, 0x00, 0x06, 0x0b, 0x10, 0x01, 0x50, 0x41
	ld	xsp, 0x322f3145
	.byte 0x17, 0x0e, 0x7f
	.byte 0x00, 0x30, 0x00
	ld	xiy, 0x4c45564e
	.byte 0x4f, 0x50, 0x45, 0x17, 0x0c, 0xc3, 0x00, 0x97
	.byte 0x00
	.ascii "KEYOFF"
	.byte 0x06
	.byte 0x06, 0xe6, 0x17, 0x8d, 0x20, 0x17, 0x09, 0x26
	.byte 0x01, 0xaa, 0x00, 0x43, 0x55, 0x52, 0x17, 0x09
	.byte 0x2c, 0x01, 0xb3, 0x00, 0x53, 0x4f, 0x52, 0x06
	.byte 0x06, 0x26, 0x1e, 0x8e, 0x20, 0x17, 0x09, 0x0b
	.byte 0x00, 0xcf, 0x00, 0x41, 0x54, 0x4b, 0x17, 0x0a
	.byte 0x29, 0x00, 0xcf, 0x00
	.byte 0x50, 0x45, 0x41, 0x4b
	.byte 0x17, 0x0c, 0x47, 0x00, 0xcf, 0x00, 0x44, 0x45
	.byte 0x43, 0x41, 0x59, 0x31
	.byte 0x17, 0x0b, 0x71, 0x00
	.byte 0xcf, 0x00
	.byte 0x53, 0x55, 0x53, 0x54, 0x31
	.byte 0x17
	.byte 0x0c, 0x9b, 0x00, 0xcf, 0x00, 0x44, 0x45, 0x43
	.byte 0x41, 0x59, 0x32, 0x17, 0x0b, 0xc5, 0x00, 0xcf
	.byte 0x00
	.byte 0x53, 0x55, 0x53, 0x54, 0x32
	.byte 0x17, 0x0d
	.byte 0xef, 0x00, 0xcf, 0x00
	.byte 0x52, 0x45, 0x4c, 0x45
	.byte 0x41, 0x53, 0x45, 0x07, 0x05, 0x1a, 0x24, 0x12
	.byte 0x07, 0x05, 0x1f, 0x24, 0x12, 0x07, 0x05, 0x24
	.byte 0x24, 0x12, 0x07, 0x05, 0x29, 0x24, 0x12, 0x07
	.byte 0x05, 0x2e, 0x24, 0x12, 0x07, 0x05, 0x33, 0x24
	.byte 0x12, 0x07, 0x05, 0x39, 0x24, 0x12, 0x22, 0x0a
	.byte 0x32, 0x00, 0x3a, 0x00, 0x01, 0x01, 0x91, 0x00
	.byte 0x09, 0x0a, 0x26, 0x01, 0x96, 0x00, 0x3f, 0x01
	.byte 0xa5, 0x00, 0x09, 0x0a, 0x28, 0x01, 0x98, 0x00
	.byte 0x3d, 0x01, 0xa3, 0x00, 0x09, 0x0a, 0x3c, 0x00
	.byte 0xae, 0x00, 0x1d, 0x01, 0xcb, 0x00, 0x09, 0x0a
	.byte 0x26, 0x01, 0xbd, 0x00, 0x3f, 0x01, 0xcc, 0x00
	.byte 0x09, 0x0a, 0x28, 0x01, 0xbf, 0x00, 0x3d, 0x01
	.byte 0xca, 0x00, 0x01, 0x0a, 0x3c, 0x00, 0xbc, 0x00
	.byte 0x1d, 0x01, 0xbc, 0x00, 0x02, 0x0a, 0x8a, 0x00
	.byte 0xae, 0x00, 0x8a, 0x00, 0xcb, 0x00, 0x09, 0x0a
	.byte 0x03, 0x00, 0xcb, 0x00, 0x1d, 0x01, 0xe8, 0x00
	.byte 0x01, 0x0a, 0x03, 0x00, 0xd9, 0x00, 0x1d, 0x01
	.byte 0xd9, 0x00, 0x05, 0x0a, 0x16, 0x01, 0x27, 0x00
	.byte 0x32, 0x01, 0x34, 0x00, 0x17, 0x0b, 0x41, 0x00
	.byte 0xb2, 0x00
	.byte 0x53, 0x54, 0x41, 0x52, 0x54
	.byte 0x17
	.byte 0x0b, 0x63, 0x00, 0xb2, 0x00, 0x50, 0x4f, 0x49
	.byte 0x4e, 0x54, 0x17, 0x0a, 0x8e, 0x00, 0xb2, 0x00
	.byte 0x53, 0x54, 0x4f, 0x50
	.byte 0x17, 0x0b, 0xa9, 0x00
	.byte 0xb2, 0x00
	.byte 0x50, 0x4f, 0x49, 0x4e, 0x54
	.byte 0x17
	.byte 0x0c, 0xcc, 0x00, 0xb2, 0x00, 0x43, 0x55, 0x54
	.byte 0x4f, 0x46, 0x46, 0x17, 0x0c, 0xf6, 0x00, 0xb2
	.byte 0x00
	.ascii "ADJUST"
	.byte 0x02
	.byte 0x0a, 0xca, 0x00, 0xae, 0x00, 0xca, 0x00, 0xcb
	.byte 0x00, 0x06, 0x0b, 0x10, 0x01, 0x50, 0x41, 0x47
	.byte 0x45, 0x32, 0x2f, 0x32
	.byte 0x17, 0x09, 0x55, 0x00
	.byte 0x3e, 0x00, 0x4b, 0x45, 0x59, 0x17, 0x0c, 0x6d
	.byte 0x00, 0x3e, 0x00
	ld	xiz, 0x4f4c4c4f
	.byte 0x57, 0x17, 0x07, 0x97, 0x00, 0x3e, 0x00, 0x28
	.byte 0x17, 0x07, 0x42, 0x00, 0x82, 0x00, 0x30, 0x17
	.byte 0x07, 0x5d, 0x00, 0x82, 0x00, 0x31, 0x17, 0x07
	.byte 0x7a, 0x00, 0x82, 0x00, 0x32, 0x17, 0x07, 0x96
	.byte 0x00, 0x82, 0x00, 0x33, 0x17, 0x07, 0xb2, 0x00
	.byte 0x82, 0x00, 0x34, 0x17, 0x07, 0xce, 0x00, 0x82
	.byte 0x00, 0x35, 0x17, 0x07, 0xea, 0x00, 0x82, 0x00
	.byte 0x36, 0x17, 0x0e, 0x3d, 0x00, 0xc3, 0x00, 0x45
	.ascii "NVELOPE"
	.byte 0x17
	.byte 0x09, 0x73, 0x00, 0xc3, 0x00, 0x4b, 0x45, 0x59
	.byte 0x17, 0x0c, 0x8b, 0x00, 0xc3, 0x00, 0x46, 0x4f
	.byte 0x4c, 0x4c, 0x4f, 0x57
	.byte 0x17, 0x0b, 0x00, 0x01
	.byte 0xc3, 0x00
	.byte 0x54, 0x4f, 0x55, 0x43, 0x48
	.byte 0x17
	.byte 0x0c, 0x22, 0x00, 0xd1, 0x00, 0x41, 0x54, 0x54
	.byte 0x41, 0x43, 0x4b, 0x17, 0x0b, 0x4c, 0x00, 0xd1
	.byte 0x00
	ld	xix, 0x59414345
	.byte 0x17, 0x0d
	.byte 0x70, 0x00, 0xd1, 0x00
	.byte 0x52, 0x45, 0x4c, 0x45
	.byte 0x41, 0x53, 0x45, 0x17, 0x0c, 0xa4, 0x00, 0xd1
	.byte 0x00
	.ascii "CENTER"
	.byte 0x17
	.byte 0x0e, 0xe6, 0x00, 0xd1, 0x00, 0x41, 0x44, 0x52
	.byte 0x2d, 0x54, 0x49, 0x4d, 0x45
	.byte 0x17, 0x0b, 0x1c
	.byte 0x01, 0xd1, 0x00
	ld	xix, 0x48545045
	.byte 0x07, 0x05, 0x47, 0x24, 0x12, 0x07, 0x05, 0x4c
	.byte 0x24, 0x12, 0x07, 0x05, 0x51, 0x24, 0x12, 0x07
	.byte 0x05, 0x56, 0x24, 0x12, 0x07, 0x05, 0x60, 0x24
	.byte 0x12, 0x07, 0x05, 0x66, 0x24, 0x12, 0x22, 0x0a
	.byte 0x2f, 0x00, 0x48, 0x00, 0xff, 0x00, 0x7a, 0x00
	.long LABEL_E40A09
	.byte 0xcd, 0x00, 0x3d, 0x01
	.byte 0xe9, 0x00, 0x01, 0x0a, 0x1e, 0x00, 0xda, 0x00
	.byte 0xce, 0x00, 0xda, 0x00, 0x01, 0x0a, 0xe4, 0x00
	.byte 0xda, 0x00, 0x3d, 0x01, 0xda, 0x00, 0x02, 0x0a
	.byte 0x9e, 0x00, 0xcd, 0x00, 0x9e, 0x00, 0xe9, 0x00
	.byte 0x05, 0x0a, 0x1f, 0x00, 0xdb, 0x00, 0xcd, 0x00
	.byte 0xe8, 0x00, 0x05, 0x0a, 0xe5, 0x00, 0xdb, 0x00
	.long LABEL_E8013C
	.byte 0x05, 0x0a, 0x16, 0x01
	.byte 0x27, 0x00, 0x32, 0x01, 0x34, 0x00, 0x01, 0x0a
	.byte 0x2f, 0x00, 0x61, 0x00, 0xff, 0x00, 0x61, 0x00
	.byte 0x09, 0x0a, 0x1e, 0x00, 0xcd, 0x00, 0xce, 0x00
	.byte 0xe9, 0x00, 0x02, 0x0f, 0x6e, 0x06, 0x0f, 0x00
	.byte 0x20, 0xd4, 0x2a, 0xf1, 0x00, 0x01, 0x00, 0xd8
	.byte 0x0c, 0x02, 0x0f, 0x00, 0x00, 0x00, 0x00, 0x20
	.byte 0xf3, 0x0b, 0x02, 0x00, 0x0d, 0x00, 0xda, 0x0c
	.byte 0x02, 0x0f, 0x6f, 0x06, 0x0f, 0x00, 0x20, 0xd4
	.byte 0x2a, 0xf1, 0x00, 0x01, 0x00, 0xd8, 0x11, 0x02
	.byte 0x0f, 0x00, 0x00, 0x00, 0x00, 0x20, 0x03, 0x0c
	.byte 0x02, 0x00, 0x0d, 0x00, 0xda, 0x11, 0x02, 0x0f
	.byte 0x70, 0x06, 0x0f, 0x00, 0x20, 0xd4, 0x2a, 0xf1
	.byte 0x00, 0x01, 0x00, 0xd8, 0x16, 0x02, 0x0f, 0x00
	.byte 0x00, 0x00, 0x00, 0x20, 0x13, 0x0c, 0x02, 0x00
	.byte 0x0d, 0x00, 0xda, 0x16, 0x02, 0x0f, 0x71, 0x06
	.byte 0x0f, 0x00, 0x20, 0xd4, 0x2a, 0xf1, 0x00, 0x01
	.byte 0x00, 0xd8, 0x1b, 0x02, 0x0f, 0x00, 0x00, 0x00
	.byte 0x00, 0x20, 0x23, 0x0c, 0x02, 0x00, 0x0d, 0x00
	.byte 0xda, 0x1b, 0x00, 0x0a, 0x62, 0x06, 0x7f, 0x00
	.byte 0x20, 0xe9, 0x0c, 0x03, 0x05, 0x0b, 0x63, 0x06
	.byte 0xff, 0x00, 0x20, 0xee, 0x0c, 0x02, 0x00, 0x05
	.byte 0x0b, 0x64, 0x06, 0xff, 0x00, 0x20, 0xf2, 0x0c
	.byte 0x02, 0x00, 0x00, 0x0a, 0x65, 0x06, 0x7f, 0x00
	.byte 0x20, 0xe9, 0x11, 0x03, 0x05, 0x0b, 0x66, 0x06
	.byte 0xff, 0x00, 0x20, 0xee, 0x11, 0x02, 0x00, 0x05
	.byte 0x0b, 0x67, 0x06, 0xff, 0x00, 0x20, 0xf2, 0x11
	.byte 0x02, 0x00, 0x00, 0x0a, 0x68, 0x06, 0x7f, 0x00
	.byte 0x20, 0xe9, 0x16, 0x03, 0x05, 0x0b, 0x69, 0x06
	.byte 0xff, 0x00, 0x20, 0xee, 0x16, 0x02, 0x00, 0x05
	.byte 0x0b, 0x6a, 0x06, 0xff, 0x00, 0x20, 0xf2, 0x16
	.byte 0x02, 0x00, 0x00, 0x0a, 0x6b, 0x06, 0x7f, 0x00
	.byte 0x20, 0xe9, 0x1b, 0x03, 0x05, 0x0b, 0x6c, 0x06
	.byte 0xff, 0x00, 0x20, 0xee, 0x1b, 0x02, 0x00, 0x05
	.byte 0x0b, 0x6d, 0x06, 0xff, 0x00, 0x20, 0xf2, 0x1b
	.byte 0x02, 0x00, 0x03, 0x0b, 0x5d, 0x06, 0x0f, 0x00
	.byte 0x05, 0x53, 0x2b, 0xf1, 0x00, 0x41, 0x42, 0x43
	.ascii "DEFGHIJKLMNOPQRSUVWXYZLOW HIGHMONOPOLY"
	xorcf_a_8 a
	.byte 0xf1, 0x00, 0x49, 0x2a, 0xf1, 0x00, 0x49, 0x2a
	.byte 0xf1, 0x00, 0x53, 0x2a, 0xf1, 0x00, 0x5e, 0x2a
	.byte 0xf1, 0x00, 0x69, 0x2a, 0xf1, 0x00, 0x73, 0x2a
	.byte 0xf1, 0x00, 0x7e, 0x2a, 0xf1, 0x00, 0x89, 0x2a
	.byte 0xf1, 0x00, 0x93, 0x2a, 0xf1, 0x00, 0x9e, 0x2a
	.byte 0xf1, 0x00, 0xa9, 0x2a, 0xf1, 0x00, 0xb3, 0x2a
	.byte 0xf1, 0x00, 0xbe, 0x2a, 0xf1, 0x00, 0xd1, 0x29
	.byte 0xf1, 0x00, 0xef, 0x29, 0xf1, 0x00, 0x0d, 0x2a
	.byte 0xf1, 0x00, 0x2b, 0x2a, 0xf1, 0x00, 0x49, 0x2a
	.byte 0xf1, 0x00, 0x1b, 0x0a, 0x0d, 0x00, 0x49, 0x00
	.byte 0x33, 0x01, 0xc5, 0x00, 0x0d, 0x00, 0x49, 0x00
	.byte 0x33, 0x01, 0x65, 0x00, 0x0d, 0x00, 0x49, 0x00
	.byte 0x33, 0x01, 0x65, 0x00, 0x0d, 0x00, 0x69, 0x00
	.byte 0x33, 0x01, 0x85, 0x00, 0x0d, 0x00, 0x89, 0x00
	.byte 0x33, 0x01, 0xa5, 0x00, 0x0d, 0x00, 0xa9, 0x00
	.byte 0x33, 0x01, 0xc5, 0x00, 0x03, 0x0b, 0x60, 0x06
	.byte 0x0f, 0x00, 0x05, 0x0b, 0x2d, 0xf1, 0x00, 0x02
	.byte 0x0f, 0x68, 0x06, 0x0f, 0x00, 0x20, 0xcf, 0x2c
	.byte 0xf1, 0x00, 0x02, 0x00, 0xa0, 0x12, 0x02, 0x0f
	.byte 0x00, 0x00, 0x00, 0x00, 0x20, 0xf3, 0x0b, 0x02
	.byte 0x00, 0x0d, 0x00, 0xa2, 0x12, 0x00, 0x0a, 0x61
	.byte 0x06, 0x7f, 0x00, 0x20, 0xb4, 0x12, 0x03, 0x02
	.byte 0x0f, 0x69, 0x06, 0x0f, 0x00, 0x20, 0xcf, 0x2c
	.byte 0xf1, 0x00, 0x02, 0x00, 0x20, 0x15, 0x02, 0x0f
	.byte 0x00, 0x00, 0x00, 0x00, 0x20, 0x03, 0x0c, 0x02
	.byte 0x00, 0x0d, 0x00, 0x22, 0x15, 0x00, 0x0a, 0x64
	.byte 0x06, 0x7f, 0x00, 0x20, 0x30, 0x15, 0x03, 0x00
	.byte 0x0a, 0x62, 0x06, 0x7f, 0x00, 0x20, 0x34, 0x15
	.byte 0x03, 0x02, 0x0f, 0x6a, 0x06, 0x0f, 0x00, 0x20
	.byte 0xcf, 0x2c, 0xf1, 0x00, 0x02, 0x00, 0xa0, 0x17
	.byte 0x02, 0x0f, 0x00, 0x00, 0x00, 0x00, 0x20, 0x13
	.byte 0x0c, 0x02, 0x00, 0x0d, 0x00, 0xa2, 0x17, 0x00
	.byte 0x0a, 0x65, 0x06, 0x7f, 0x00, 0x20, 0xb0, 0x17
	.byte 0x03, 0x00, 0x0a, 0x63, 0x06, 0x7f, 0x00, 0x20
	.byte 0xb4, 0x17, 0x03, 0x02, 0x0f, 0x6b, 0x06, 0x0f
	.byte 0x00, 0x20, 0xcf, 0x2c, 0xf1, 0x00, 0x02, 0x00
	.byte 0x20, 0x1a, 0x02, 0x0f, 0x00, 0x00, 0x00, 0x00
	.byte 0x20, 0x23, 0x0c, 0x02, 0x00, 0x0d, 0x00, 0x22
	.byte 0x1a, 0x00, 0x0a, 0x66, 0x06, 0x7f, 0x00, 0x20
	.byte 0x30, 0x1a, 0x03, 0x00, 0x0a, 0x67, 0x06, 0x7f
	.byte 0x00, 0x20, 0x34, 0x1a, 0x03, 0x06, 0x08, 0xb0
	.byte 0x12
	.ascii "  0-"
	.byte 0x06, 0x05, 0x33
	.byte 0x15, 0x2d, 0x06, 0x05, 0xb3, 0x17, 0x2d, 0x06
	.byte 0x05, 0x33, 0x1a, 0x2d, 0x1b, 0x0a, 0x30, 0x00
	.byte 0x77, 0x00, 0xa8, 0x00, 0x84, 0x00, 0x1b, 0x0a
	.byte 0xc0, 0x00, 0x77, 0x00, 0xf8, 0x00, 0x84, 0x00
LABEL_F12C6F:
	.byte 0x1b, 0x0a, 0x40, 0x00, 0x87, 0x00, 0xb8, 0x00
	.byte 0x94, 0x00, 0x1b, 0x0a, 0xc0, 0x00, 0x87, 0x00
	.byte 0xf8, 0x00, 0x94, 0x00
LABEL_F12C83:
	.byte 0x1b, 0x0a, 0x40, 0x00
	.byte 0x97, 0x00, 0xb8, 0x00, 0xa4, 0x00, 0x1b, 0x0a
	.byte 0xc0, 0x00, 0x97, 0x00, 0xf8, 0x00, 0xa4, 0x00
LABEL_F12C97:
	.byte 0x1b, 0x0a, 0x40, 0x00, 0xa7, 0x00, 0xb8, 0x00
	.byte 0xb4, 0x00, 0x1b, 0x0a, 0xc0, 0x00, 0xa7, 0x00
	.byte 0xf8, 0x00, 0xb4, 0x00, 0xae, 0x2b, 0xf1, 0x00
DrumKit_VariantSelect_Table:
	.long LABEL_F12BE0
	.long LABEL_F12C12
	.long LABEL_F12C6F
	.long LABEL_F12C83
	.long LABEL_F12C97
	.long LABEL_F12C4C
	.long LABEL_F12C51
	.long LABEL_F12C56
	.ascii "A:B:C:D:E:F:G:H:I:J:K:L:M:N:O:P:Q:R:S:U:V:W:X:Y:Z:"
	.byte 0x1b, 0x0a, 0x3d, 0x00, 0x76, 0x00
	.byte 0xfc, 0x00, 0xb4, 0x00, 0x3d, 0x00, 0x76, 0x00
	.byte 0xfc, 0x00, 0x84, 0x00, 0x3d, 0x00, 0x76, 0x00
	.byte 0xfc, 0x00, 0x84, 0x00, 0x3d, 0x00, 0x86, 0x00
	.byte 0xfc, 0x00, 0x94, 0x00, 0x3d, 0x00, 0x96, 0x00
	.byte 0xfc, 0x00, 0xa4, 0x00, 0x3d, 0x00, 0xa6, 0x00
	.byte 0xfc, 0x00, 0xb4, 0x00, 0x02, 0x0f, 0x78, 0x06
	.byte 0x07, 0x00, 0x20, 0x42, 0x2d, 0xf1, 0x00, 0x06
	.byte 0x00, 0x08, 0x18
	.ascii "LPF+EQHPF+EQLPF24 HPF24  BPF   THRU "
	.byte 0x05
	.byte 0x0b, 0x60, 0x06, 0xe0, 0x05, 0x20, 0x98, 0x22
	.byte 0x01, 0x03, 0x00, 0x0a, 0x61, 0x06, 0x3f, 0x00
	.byte 0x20, 0x94, 0x22, 0x02, 0x02, 0x0f, 0x62, 0x06
	.byte 0x7f, 0x00, 0x20, 0xf2, 0x3c, 0xf1, 0x00, 0x05
	.byte 0x00, 0x89, 0x22, 0x02, 0x0f, 0x63, 0x06, 0x07
	.byte 0x00, 0x20, 0xda, 0x2d, 0xf1, 0x00, 0x02, 0x00
	.byte 0x8f, 0x22, 0x02, 0x0f, 0x64, 0x06, 0x7f, 0x00
	.byte 0x20, 0xf2, 0x3c, 0xf1, 0x00, 0x05, 0x00, 0xa5
	.byte 0x22, 0x02, 0x0f, 0x65, 0x06, 0x80, 0x07, 0x20
	.byte 0xed, 0x2a, 0xf1, 0x00, 0x04, 0x00, 0xa0, 0x22
	.byte 0x02, 0x0f, 0x65, 0x06, 0x7f, 0x00, 0x20, 0xf8
	.byte 0x2d, 0xf1, 0x00, 0x03, 0x00, 0xaa, 0x22, 0x66
	.byte 0x2d, 0xf1, 0x00, 0x71, 0x2d, 0xf1, 0x00, 0x7b
	.byte 0x2d, 0xf1, 0x00, 0x8a, 0x2d, 0xf1, 0x00, 0x99
	.byte 0x2d, 0xf1, 0x00
	.ascii "-6-3 0+3+6+9-12- 6  0+ 6+12+18 -- -6 -5 -4 -3 -2 -1  0 +1 +2 +3 +4 +5 +6"
	.byte 0x05, 0x0b, 0x60, 0x06, 0xe0
	.byte 0x05, 0x20, 0xa2, 0x22, 0x01, 0x03, 0x00, 0x0a
	.byte 0x61, 0x06, 0x3f, 0x00, 0x20, 0x9e, 0x22, 0x02
	.byte 0x02, 0x0f, 0x62, 0x06, 0x7f, 0x00, 0x20, 0xf2
	.byte 0x3c, 0xf1, 0x00, 0x05, 0x00, 0x92, 0x22, 0x02
	.byte 0x0f, 0x63, 0x06, 0x07, 0x00, 0x20, 0xe6, 0x2d
	.byte 0xf1, 0x00, 0x03, 0x00, 0x98, 0x22, 0x22, 0x2e
	.byte 0xf1, 0x00, 0x2d, 0x2e, 0xf1, 0x00, 0x37, 0x2e
	.byte 0xf1, 0x00, 0x46, 0x2e, 0xf1, 0x00, 0x05, 0x0b
	.byte 0x60, 0x06, 0xe0, 0x05, 0x20, 0xa7, 0x22, 0x01
	.byte 0x03, 0x00, 0x0a, 0x61, 0x06, 0x3f, 0x00, 0x20
	.byte 0xa3, 0x22, 0x02, 0x02, 0x0f, 0x62, 0x06, 0x7f
	.byte 0x00, 0x20, 0xf2, 0x3c, 0xf1, 0x00, 0x05, 0x00
	.byte 0x8c, 0x22, 0x02, 0x0f, 0x63, 0x06, 0x07, 0x00
	.byte 0x20, 0xda, 0x2d, 0xf1, 0x00, 0x02, 0x00, 0x92
	.byte 0x22, 0x02, 0x0f, 0x64, 0x06, 0x7f, 0x00, 0x20
	.byte 0xf2, 0x3c, 0xf1, 0x00, 0x05, 0x00, 0x98, 0x22
	.byte 0x02, 0x0f, 0x65, 0x06, 0x07, 0x00, 0x20, 0xda
	.byte 0x2d, 0xf1, 0x00, 0x02, 0x00, 0x9e, 0x22, 0x65
	.byte 0x2e, 0xf1, 0x00, 0x70, 0x2e, 0xf1, 0x00, 0x7a
	.byte 0x2e, 0xf1, 0x00, 0x89, 0x2e, 0xf1, 0x00, 0x98
	.byte 0x2e, 0xf1, 0x00, 0xa7, 0x2e, 0xf1, 0x00, 0x05
	.byte 0x0b, 0x62, 0x06, 0xff, 0x00, 0x20, 0xe2, 0x1d
	.byte 0x02, 0x00, 0x05, 0x0b, 0x6a, 0x06, 0xff, 0x00
	.byte 0x20, 0xec, 0x1d, 0x02, 0x00, 0x05, 0x0b, 0x61
	.byte 0x06, 0xff, 0x00, 0x20, 0xf7, 0x1d, 0x02, 0x00
	.byte 0x00, 0x0a, 0x63, 0x06, 0xff, 0x00, 0x20, 0x61
	.byte 0x22, 0x03, 0x05, 0x0b, 0x64, 0x06, 0xff, 0x00
	.byte 0x20, 0x65, 0x22, 0x02, 0x00, 0x00, 0x0a, 0x65
	.byte 0x06, 0x7f, 0x00, 0x20, 0x6a, 0x22, 0x03, 0x05
	.byte 0x0b, 0x66, 0x06, 0xff, 0x00, 0x20, 0x6f, 0x22
	.byte 0x02, 0x00, 0x00, 0x0a, 0x67, 0x06, 0x7f, 0x00
	.byte 0x20, 0x74, 0x22, 0x03, 0x05, 0x0b, 0x68, 0x06
	.byte 0xff, 0x00, 0x20, 0x79, 0x22, 0x02, 0x00, 0x00
	.byte 0x0a, 0x69, 0x06, 0x7f, 0x00, 0x20, 0x7f, 0x22
	.byte 0x03, 0x03, 0x0b, 0x60, 0x06, 0x01, 0x00, 0x05
	.byte 0x45, 0x2f, 0xf1, 0x00, 0x2b, 0x2d
LABEL_F12F45:
	.byte 0x3d, 0x00
	.byte 0xbd, 0x00, 0x1c, 0x01, 0xca, 0x00, 0x04, 0x00
	.byte 0xda, 0x00, 0x1c, 0x01, 0xe7, 0x00, 0x1b, 0x0a
	.byte 0x3d, 0x00, 0xbd, 0x00, 0x1c, 0x01, 0xca, 0x00
	.byte 0x1b, 0x0a, 0x04, 0x00, 0xda, 0x00, 0x1c, 0x01
	.byte 0xe7, 0x00, 0x38, 0x2f, 0xf1, 0x00, 0xe4, 0x2e
	.byte 0xf1, 0x00, 0xce, 0x2e, 0xf1, 0x00, 0xef, 0x2e
	.byte 0xf1, 0x00, 0xf9, 0x2e, 0xf1, 0x00, 0x04, 0x2f
	.byte 0xf1, 0x00, 0x0e, 0x2f, 0xf1, 0x00, 0x19, 0x2f
	.byte 0xf1, 0x00, 0x23, 0x2f, 0xf1, 0x00, 0x2e, 0x2f
	.byte 0xf1, 0x00, 0xd9, 0x2e, 0xf1, 0x00, 0x00, 0x0a
	.byte 0x61, 0x06, 0x7f, 0x00, 0x20, 0x51, 0x0d, 0x03
	.byte 0x00, 0x0a, 0x62, 0x06, 0x7f, 0x00, 0x20, 0x51
	.byte 0x12, 0x03, 0x00, 0x0a, 0x63, 0x06, 0x7f, 0x00
	.byte 0x20, 0x79, 0x17, 0x03, 0x00, 0x0a, 0x64, 0x06
	.byte 0x7f, 0x00, 0x20, 0x79, 0x1c, 0x03, 0x05, 0x0b
	.byte 0x65, 0x06, 0xff, 0x00, 0x20, 0x57, 0x0d, 0x02
	.byte 0x00, 0x05, 0x0b, 0x66, 0x06, 0xff, 0x00, 0x20
	.byte 0x57, 0x12, 0x02, 0x00, 0x05, 0x0b, 0x67, 0x06
	.byte 0xff, 0x00, 0x20, 0x7f, 0x17, 0x02, 0x00, 0x05
	.byte 0x0b, 0x68, 0x06, 0xff, 0x00, 0x20, 0x7f, 0x1c
	.byte 0x02, 0x00, 0x05, 0x0b, 0x69, 0x06, 0xe0, 0x05
	.byte 0x20, 0x5d, 0x0d, 0x02, 0x03, 0x05, 0x0b, 0x6a
	.byte 0x06, 0xe0, 0x05, 0x20, 0x5d, 0x12, 0x02, 0x03
	.byte 0x05, 0x0b, 0x6b, 0x06, 0xe0, 0x05, 0x20, 0x85
	.byte 0x17, 0x02, 0x03, 0x05, 0x0b, 0x6c, 0x06, 0xe0
	.byte 0x05, 0x20, 0x85, 0x1c, 0x02, 0x03, 0x03, 0x0b
	.byte 0x5d, 0x06, 0x0f, 0x00, 0x05, 0x5e, 0x30, 0xf1
	.byte 0x00, 0x15, 0x30, 0xf1, 0x00, 0x95, 0x2f, 0xf1
	.byte 0x00, 0x9f, 0x2f, 0xf1, 0x00, 0xa9, 0x2f, 0xf1
	.byte 0x00, 0xb3, 0x2f, 0xf1, 0x00, 0xbd, 0x2f, 0xf1
	.byte 0x00, 0xc8, 0x2f, 0xf1, 0x00, 0xd3, 0x2f, 0xf1
	.byte 0x00, 0xde, 0x2f, 0xf1, 0x00, 0xe9, 0x2f, 0xf1
	.byte 0x00, 0xf4, 0x2f, 0xf1, 0x00, 0xff, 0x2f, 0xf1
	.byte 0x00, 0x0a, 0x30, 0xf1, 0x00, 0x1b, 0x0a, 0x0d
	.byte 0x00, 0x4c, 0x00, 0xd2, 0x00, 0xc8, 0x00, 0x0d
	.byte 0x00, 0x4c, 0x00, 0xd2, 0x00, 0x68, 0x00, 0x0d
	.byte 0x00, 0x4c, 0x00, 0xd2, 0x00, 0x68, 0x00, 0x0d
	.byte 0x00, 0x6c, 0x00, 0xd2, 0x00, 0x88, 0x00, 0x0d
	.byte 0x00, 0x8c, 0x00, 0xd2, 0x00, 0xa8, 0x00, 0x0d
	.byte 0x00, 0xac, 0x00, 0xd2, 0x00, 0xc8, 0x00, 0x05
	.byte 0x0b, 0x63, 0x06, 0xff, 0x00, 0x20, 0x93, 0x22
	.byte 0x02, 0x00, 0x02, 0x0f, 0x61, 0x06, 0x7f, 0x00
	.byte 0x20, 0x72, 0x3b, 0xf1, 0x00, 0x03, 0x00, 0x98
	.byte 0x22, 0x02, 0x0f, 0x60, 0x06, 0x7f, 0x00, 0x20
	.byte 0x72, 0x3b, 0xf1, 0x00, 0x03, 0x00, 0x9d, 0x22
	.byte 0x02, 0x0f, 0x62, 0x06, 0x7f, 0x00, 0x20, 0x72
	.byte 0x3b, 0xf1, 0x00, 0x03, 0x00, 0xa2, 0x22, 0xa0
	.byte 0x30, 0xf1, 0x00, 0x91, 0x30, 0xf1, 0x00, 0xaf
	.byte 0x30, 0xf1, 0x00, 0x86, 0x30, 0xf1, 0x00, 0x00
	.byte 0x0a, 0x60, 0x06, 0x7f, 0x00, 0x20, 0x61, 0x22
	.byte 0x03, 0x00, 0x0a, 0x61, 0x06, 0x7f, 0x00, 0x20
	.byte 0x65, 0x22, 0x03, 0x00, 0x0a, 0x62, 0x06, 0x7f
	.byte 0x00, 0x20, 0x6a, 0x22, 0x03, 0x00, 0x0a, 0x63
	.byte 0x06, 0x7f, 0x00, 0x20, 0x6f, 0x22, 0x03, 0x00
	.byte 0x0a, 0x64, 0x06, 0x7f, 0x00, 0x20, 0x74, 0x22
	.byte 0x03, 0x00, 0x0a, 0x65, 0x06, 0x7f, 0x00, 0x20
	.byte 0x79, 0x22, 0x03, 0x00, 0x0a, 0x66, 0x06, 0x7f
	.byte 0x00, 0x20, 0x7f, 0x22, 0x03, 0xce, 0x30, 0xf1
	.byte 0x00, 0xd8, 0x30, 0xf1, 0x00, 0xe2, 0x30, 0xf1
	.byte 0x00, 0xec, 0x30, 0xf1, 0x00, 0xf6, 0x30, 0xf1
	.byte 0x00, 0x00, 0x31, 0xf1, 0x00, 0x0a, 0x31, 0xf1
	.byte 0x00, 0x05, 0x0b, 0x60, 0x06, 0xff, 0x00, 0x20
	.byte 0xa6, 0x22, 0x02, 0x00, 0x05, 0x0b, 0x61, 0x06
	.byte 0xff, 0x00, 0x20, 0xac, 0x22, 0x02, 0x00, 0x02
	.byte 0x0f, 0x62, 0x06, 0x7f, 0x00, 0x06, 0x72, 0x3b
	.byte 0xf1, 0x00, 0x03, 0x00, 0x9c, 0x22, 0x02, 0x0f
	.byte 0x63, 0x06, 0x7f, 0x00, 0x06, 0x72, 0x3b, 0xf1
	.byte 0x00, 0x03, 0x00, 0x97, 0x22, 0x02, 0x0f, 0x64
	.byte 0x06, 0x7f, 0x00, 0x06, 0x72, 0x3b, 0xf1, 0x00
	.byte 0x03, 0x00, 0xa1, 0x22, 0x05, 0x0b, 0x65, 0x06
	.byte 0xff, 0x00, 0x20, 0x89, 0x22, 0x02, 0x00, 0x05
	.byte 0x0b, 0x66, 0x06, 0xff, 0x00, 0x20, 0x8e, 0x22
	.byte 0x02, 0x00, 0x05, 0x0b, 0x67, 0x06, 0xff, 0x00
	.byte 0x20, 0x92, 0x22, 0x02, 0x00, 0x07, 0x11, 0x69
	.byte 0x06, 0x03, 0x00, 0x17, 0xa5, 0x31, 0xf1, 0x00
	.byte 0x08, 0x00, 0x9d, 0x00, 0x3e, 0x00, 0x41, 0x54
	.ascii "TACK) DECAY)  RELEASE)01"
	.byte 0xf1, 0x00, 0x3b, 0x31, 0xf1, 0x00, 0x46, 0x31
	.byte 0xf1, 0x00, 0x55, 0x31, 0xf1, 0x00, 0x64, 0x31
	.byte 0xf1, 0x00, 0x73, 0x31, 0xf1, 0x00, 0x7e, 0x31
	.byte 0xf1, 0x00, 0x89, 0x31, 0xf1, 0x00, 0x94, 0x31
	.byte 0xf1, 0x00, 0x94, 0x31, 0xf1, 0x00
TuningSys_Param_01:
	.byte 0x05, 0x0b
	.byte 0x61, 0x06, 0xff, 0x00, 0x20, 0x4e, 0x0d, 0x02
	.byte 0x00
TuningSys_Param_02:
	.byte 0x05, 0x0b, 0x62, 0x06, 0xff, 0x00, 0x20
	.byte 0x53, 0x0d, 0x02, 0x00
TuningSys_Param_03:
	.byte 0x02, 0x0f, 0x63, 0x06
	.byte 0x07, 0x00, 0x20, 0xbf, 0x33, 0xf1, 0x00, 0x04
	.byte 0x00, 0x58, 0x0d
TuningSys_Param_04:
	.byte 0x05, 0x0b, 0x64, 0x06, 0xff
	.byte 0x00, 0x20, 0x4e, 0x12, 0x02, 0x00
TuningSys_Param_05:
	.byte 0x05, 0x0b
	.byte 0x65, 0x06, 0xff, 0x00, 0x20, 0x53, 0x12, 0x02
	.byte 0x00
TuningSys_Param_06:
	.byte 0x02, 0x0f, 0x66, 0x06, 0x07, 0x00, 0x20
	.byte 0xbf, 0x33, 0xf1, 0x00, 0x04, 0x00, 0x58, 0x12
TuningSys_Param_07:
	.byte 0x05, 0x0b, 0x67, 0x06, 0xff, 0x00, 0x20, 0x4e
	.byte 0x17, 0x02, 0x00
TuningSys_Param_08:
	.byte 0x05, 0x0b, 0x68, 0x06, 0xff
	.byte 0x00, 0x20, 0x53, 0x17, 0x02, 0x00
TuningSys_Param_09:
	.byte 0x02, 0x0f
	.byte 0x69, 0x06, 0x07, 0x00, 0x20, 0xbf, 0x33, 0xf1
	.byte 0x00, 0x04, 0x00, 0x58, 0x17
TuningSys_Param_10:
	.byte 0x05, 0x0b, 0x6a
	.byte 0x06, 0xff, 0x00, 0x20, 0x4e, 0x1c, 0x02, 0x00
TuningSys_Param_11:
	.byte 0x05, 0x0b, 0x6b, 0x06, 0xff, 0x00, 0x20, 0x53
	.byte 0x1c, 0x02, 0x00
TuningSys_Param_12:
	.byte 0x02, 0x0f, 0x6c, 0x06, 0x07
	.byte 0x00, 0x20, 0xbf, 0x33, 0xf1, 0x00, 0x04, 0x00
	.byte 0x58, 0x1c
TuningSys_Param_13:
	.byte 0x02, 0x0f, 0x6e, 0x06, 0x1f, 0x00
	.byte 0x20, 0xbf, 0x32, 0xf1, 0x00, 0x08, 0x00, 0xdf
	.byte 0x0a
TuningSys_Param_NamesAndCoords:
	.byte 0x05, 0x0b, 0x6f, 0x06, 0x0f, 0x00, 0x20
	.byte 0x22, 0x11, 0x01, 0x08, 0x05, 0x0b, 0x70, 0x06
	.byte 0xf0, 0x04, 0x20, 0x62, 0x17, 0x01, 0x08, 0x05
	.byte 0x0b, 0x70, 0x06, 0x0f, 0x00, 0x20, 0xa2, 0x1d
	.byte 0x01, 0x08, 0x03, 0x0b, 0x60, 0x06, 0x07, 0x00
	.byte 0x05, 0xdf, 0x33, 0xf1, 0x00
TuningSys_Param_ModeSelect:
	.byte 0x03, 0x0b, 0x6d
	.byte 0x06, 0x0f, 0x00, 0x05, 0x07, 0x34, 0xf1, 0x00
	.ascii "OFF     PURE MAJPURE MINPHYTHAGOWERCKMEIKIRNBERGOFF     OFF     OFF     OFF     OFF     OFF     OFF     OFF     OFF     OFF     ARABIC1 ARABIC2 ARABIC3 ARABIC4 ARABIC5 SLENDRO PELOG   OFF     OFF     OFF     OFF     OFF     OFF     OFF     OFF     OFF     NORM 1/2 1/4 1/81/161/321/64 FIX"
	.byte 0x0d, 0x00, 0x4c, 0x00, 0xa6, 0x00, 0x68, 0x00
	.byte 0x0d, 0x00, 0x4c, 0x00, 0xa6, 0x00, 0x68, 0x00
	.byte 0x0d, 0x00, 0x6c, 0x00, 0xa6, 0x00, 0x88, 0x00
	.byte 0x0d, 0x00, 0x8c, 0x00, 0xa6, 0x00, 0xa8, 0x00
	.byte 0x0d, 0x00, 0xac, 0x00, 0xa6, 0x00, 0xc8, 0x00
	.byte 0xb5, 0x00, 0x43, 0x00, 0xf9, 0x00, 0x50, 0x00
	.byte 0xb5, 0x00, 0x43, 0x00, 0xf9, 0x00, 0x50, 0x00
	.byte 0xb5, 0x00, 0x6b, 0x00, 0xf9, 0x00, 0x78, 0x00
	.byte 0xb5, 0x00, 0x93, 0x00, 0xf9, 0x00, 0xa0, 0x00
	.byte 0xb5, 0x00, 0xbb, 0x00, 0xf9, 0x00, 0xc8, 0x00
	.byte 0x1b, 0x0a, 0x0d, 0x00, 0x4c, 0x00, 0xa6, 0x00
	.byte 0xc8, 0x00, 0x1b, 0x0a, 0xb5, 0x00, 0x43, 0x00
	.byte 0xf9, 0x00, 0xc8, 0x00, 0xa9, 0x32, 0xf1, 0x00
TuningSystem_Handler_Table:
	.long TuningSys_Param_01
	.long TuningSys_Param_02
	.long TuningSys_Param_03
	.long TuningSys_Param_04
	.long TuningSys_Param_05
	.long TuningSys_Param_06
	.long TuningSys_Param_07
	.long TuningSys_Param_08
	.long TuningSys_Param_09
	.long TuningSys_Param_10
	.long TuningSys_Param_11
	.long TuningSys_Param_12
	.long TuningSys_Param_ModeSelect
	.long TuningSys_Param_13
	.long TuningSys_Param_NamesAndCoords
	.byte 0x02, 0x0f, 0x64, 0x06
	.byte 0xc0, 0x06, 0x20, 0x36, 0x35, 0xf1, 0x00, 0x03
	.byte 0x00, 0x94, 0x22, 0x00, 0x0a, 0x64, 0x06, 0x1f
	.byte 0x00, 0x20, 0x98, 0x22, 0x03, 0x00, 0x0a, 0x62
	.byte 0x06, 0x7f, 0x00, 0x20, 0x9d, 0x22, 0x03, 0x00
	.byte 0x0a, 0x61, 0x06, 0x7f, 0x00, 0x20, 0xa1, 0x22
	.byte 0x03, 0x00, 0x0a, 0x63, 0x06, 0x3f, 0x00, 0x20
	.byte 0xa6, 0x22, 0x02, 0x02, 0x0f, 0x63, 0x06, 0x80
	.byte 0x07, 0x20, 0xd1, 0x14, 0xf1, 0x00, 0x03, 0x00
	.byte 0xab, 0x22, 0x03, 0x0b, 0x60, 0x06, 0x07, 0x00
	.byte 0x05, 0x42, 0x35, 0xf1, 0x00, 0x02, 0x0f, 0x65
	.byte 0x06, 0x10, 0x04, 0x20, 0x10, 0x35, 0xf1, 0x00
	.byte 0x01, 0x00, 0x32, 0x0a, 0x02, 0x0f, 0x66, 0x06
	.byte 0x10, 0x04, 0x20, 0x10, 0x35, 0xf1, 0x00, 0x01
	.byte 0x00, 0x0a, 0x0f, 0x02, 0x0f, 0x67, 0x06, 0x10
	.byte 0x04, 0x20, 0x10, 0x35, 0xf1, 0x00, 0x01, 0x00
	.byte 0xe2, 0x13, 0x02, 0x0f, 0x68, 0x06, 0x10, 0x04
	.byte 0x20, 0x10, 0x35, 0xf1, 0x00, 0x01, 0x00, 0xba
	.byte 0x18, 0x2b, 0x2d, 0xc9, 0x34, 0xf1, 0x00, 0xa6
	.byte 0x34, 0xf1, 0x00, 0x9c, 0x34, 0xf1, 0x00, 0xb0
	.byte 0x34, 0xf1, 0x00, 0x83, 0x34, 0xf1, 0x00, 0xd4
	.byte 0x34, 0xf1, 0x00, 0xe3, 0x34, 0xf1, 0x00, 0xf2
	.byte 0x34, 0xf1, 0x00, 0x01, 0x35, 0xf1, 0x00, 0x53
	.ascii "INTRISQRSAW"
	.byte 0xb6, 0x00, 0x3e, 0x00, 0xda
	.byte 0x00, 0x4b, 0x00, 0xb6, 0x00, 0x3e, 0x00, 0xda
	.byte 0x00, 0x4b, 0x00, 0xb6, 0x00, 0x5e, 0x00, 0xda
	.byte 0x00, 0x6b, 0x00, 0xb6, 0x00, 0x7c, 0x00, 0xda
	.byte 0x00, 0x89, 0x00, 0xb6, 0x00, 0x9c, 0x00, 0xda
	.byte 0x00, 0xa9, 0x00, 0x1b, 0x0a, 0xb6, 0x00, 0x3e
	.byte 0x00, 0xda, 0x00, 0xa9, 0x00, 0x1b, 0x0a, 0x2e
	.byte 0x00, 0x3e, 0x00, 0x4a, 0x00, 0xa9, 0x00, 0x05
	.byte 0x0a, 0x2e, 0x00, 0x3e, 0x00, 0x4a, 0x00, 0x4b
	.byte 0x00, 0x05, 0x0a, 0x2e, 0x00, 0x5d, 0x00, 0x4a
	.byte 0x00, 0x6a, 0x00, 0x05, 0x0a, 0x2e, 0x00, 0x7c
	.byte 0x00, 0x4a, 0x00, 0x89, 0x00, 0x05, 0x0a, 0x2e
	.byte 0x00, 0x9c, 0x00, 0x4a, 0x00, 0xa9, 0x00, 0x7e
	.byte 0x35, 0xf1, 0x00, 0x88, 0x35, 0xf1, 0x00, 0x92
	.byte 0x35, 0xf1, 0x00, 0x9c, 0x35, 0xf1, 0x00, 0xa6
	.byte 0x35, 0xf1, 0x00, 0x1b, 0x0a, 0xdd, 0x00, 0x44
	.byte 0x00, 0xed, 0x00, 0xcb, 0x00, 0x1b, 0x0a, 0x59
	.byte 0x00, 0x43, 0x00, 0xb3, 0x00, 0xa6, 0x00, 0x1b
	.byte 0x0a, 0x4d, 0x00, 0x41, 0x00, 0x58, 0x00, 0xa7
	.byte 0x00, 0x11, 0x0a, 0xde, 0x00, 0x44, 0x00, 0xed
	.byte 0x00, 0x44, 0x00, 0x12, 0x0a, 0xed, 0x00, 0x44
	.byte 0x00, 0xed, 0x00, 0xcb, 0x00, 0x11, 0x0a, 0xde
	.byte 0x00, 0x64, 0x00, 0xed, 0x00, 0x64, 0x00, 0x12
	.byte 0x0a, 0xed, 0x00, 0x64, 0x00, 0xed, 0x00, 0xcb
	.byte 0x00, 0x11, 0x0a, 0xde, 0x00, 0x82, 0x00, 0xed
	.byte 0x00, 0x82, 0x00, 0x12, 0x0a, 0xed, 0x00, 0x82
	.byte 0x00, 0xed, 0x00, 0xcb, 0x00, 0x11, 0x0a, 0xde
	.byte 0x00, 0xa2, 0x00, 0xed, 0x00, 0xa2, 0x00, 0x12
	.byte 0x0a, 0xed, 0x00, 0xa2, 0x00, 0xed, 0x00, 0xcb
	.byte 0x00, 0xd8, 0x35, 0xf1, 0x00, 0xd8, 0x35, 0xf1
	.byte 0x00, 0xec, 0x35, 0xf1, 0x00, 0x00, 0x36, 0xf1
	.byte 0x00, 0x14, 0x36, 0xf1, 0x00, 0x01, 0x0a, 0x5d
	.byte 0x00, 0x46, 0x00, 0xb4, 0x00, 0x46, 0x00, 0x00
	.byte 0x0a, 0x5d, 0x00, 0x46, 0x00, 0xb4, 0x00, 0x65
	.byte 0x00, 0x00, 0x0a, 0x5d, 0x00, 0x46, 0x00, 0xb4
	.byte 0x00, 0x84, 0x00, 0x00, 0x0a, 0x5d, 0x00, 0x46
	.byte 0x00, 0xb4, 0x00, 0xa3, 0x00, 0x00, 0x0a, 0x5d
	.byte 0x00, 0x65, 0x00, 0xb4, 0x00, 0x46, 0x00, 0x01
	.byte 0x0a, 0x5d, 0x00, 0x65, 0x00, 0xb4, 0x00, 0x65
	.byte 0x00, 0x00, 0x0a, 0x5d, 0x00, 0x65, 0x00, 0xb4
	.byte 0x00, 0x84, 0x00, 0x00, 0x0a, 0x5d, 0x00, 0x65
	.byte 0x00, 0xb4, 0x00, 0xa3, 0x00, 0x00, 0x0a, 0x5d
	.byte 0x00, 0x84, 0x00, 0xb4, 0x00, 0x46, 0x00, 0x00
	.byte 0x0a, 0x5d, 0x00, 0x84, 0x00, 0xb4, 0x00, 0x65
	.byte 0x00, 0x01, 0x0a, 0x5d, 0x00, 0x84, 0x00, 0xb4
	.byte 0x00, 0x84, 0x00, 0x00, 0x0a, 0x5d, 0x00, 0x84
	.byte 0x00, 0xb4, 0x00, 0xa3, 0x00, 0x00, 0x0a, 0x5d
	.byte 0x00, 0xa3, 0x00, 0xb4, 0x00, 0x46, 0x00, 0x00
	.byte 0x0a, 0x5d, 0x00, 0xa3, 0x00, 0xb4, 0x00, 0x65
	.byte 0x00, 0x00, 0x0a, 0x5d, 0x00, 0xa3, 0x00, 0xb4
	.byte 0x00, 0x84, 0x00, 0x01, 0x0a, 0x5d, 0x00, 0xa3
	.byte 0x00, 0xb4, 0x00, 0xa3, 0x00, 0x3c, 0x36, 0xf1
	.byte 0x00, 0x64, 0x36, 0xf1, 0x00, 0x8c, 0x36, 0xf1
	.byte 0x00, 0xb4, 0x36, 0xf1, 0x00, 0x17, 0x07, 0x58
	.byte 0x00, 0x43, 0x00, 0x10, 0x17, 0x07, 0x58, 0x00
	.byte 0x62, 0x00, 0x10, 0x17, 0x07, 0x58, 0x00, 0x81
	.byte 0x00, 0x10, 0x17, 0x07, 0x58, 0x00, 0xa0, 0x00
	.byte 0x10, 0xec, 0x36, 0xf1, 0x00, 0xf3, 0x36, 0xf1
	.byte 0x00, 0xfa, 0x36, 0xf1, 0x00, 0x01, 0x37, 0xf1
	.byte 0x00, 0x1c, 0x12, 0x63, 0x00, 0x05, 0x00, 0x4d
	.ascii "EM0RY WRITE"
	.byte 0x17, 0x10, 0x06, 0x00, 0x07
	.byte 0x00
	.ascii "SOUND EDIT"
	.byte 0x07, 0x05, 0x50, 0x05, 0x10
	.byte 0x20, 0x06, 0x7a, 0x05, 0x30, 0x4b, 0x07, 0x09
	jr	nc, 0x0b
	.byte 0x4e, 0x41, 0x4d, 0x45, 0x3a
	.byte 0x17
	.byte 0x07, 0x36, 0x01, 0x6d, 0x00, 0x91, 0x07, 0x05
	.byte 0x7c, 0x11, 0x8d, 0x07, 0x05, 0xcf, 0x11, 0xa9
	.byte 0x07, 0x13, 0x67, 0x13
	.ascii "MEMORY BANK:  -"
	.byte 0x17, 0x07, 0x36, 0x01, 0x94
	.byte 0x00, 0x91, 0x07, 0x05, 0xbc, 0x17, 0x8e, 0x07
	.byte 0x05, 0xe7, 0x17, 0xa9, 0x07, 0x05, 0xd7, 0x1d
	.byte 0x11, 0x07, 0x10, 0xf0, 0x1d, 0x53, 0x4f, 0x55
	.ascii "ND NAMING"
	.byte 0x09, 0x0a, 0x04, 0x00, 0x04, 0x00, 0x44
	.byte 0x00, 0x10, 0x00, 0x09, 0x0a, 0x0b, 0x00, 0x1e
	.byte 0x00, 0x25, 0x00, 0x31, 0x00, 0x09, 0x0a, 0x0d
	.byte 0x00, 0x20, 0x00, 0x23, 0x00, 0x2f, 0x00, 0x22
	.byte 0x0a, 0x29, 0x00, 0x3c, 0x00, 0xee, 0x00, 0xac
	.byte 0x00, 0x09, 0x0a, 0x12, 0x01, 0x6c, 0x00, 0x35
	.byte 0x01, 0x7f, 0x00, 0x09, 0x0a, 0x14, 0x01, 0x6e
	.byte 0x00, 0x33, 0x01, 0x7d, 0x00, 0x09, 0x0a, 0x12
	.byte 0x01, 0x93, 0x00, 0x35, 0x01, 0xa6, 0x00, 0x09
	.byte 0x0a, 0x14, 0x01, 0x95, 0x00, 0x33, 0x01, 0xa4
	.byte 0x00, 0x22, 0x0a, 0xb1, 0x00, 0xb3, 0x00, 0x30
	.byte 0x01, 0xd6, 0x00, 0x09, 0x0a, 0xf7, 0x00, 0x89
	.byte 0x00, 0x0a, 0x01, 0x8a, 0x00, 0x09, 0x0a, 0x0a
	.byte 0x01, 0x75, 0x00, 0x0b, 0x01, 0x9e, 0x00, 0x01
	.byte 0x0a, 0x29, 0x00, 0x72, 0x00, 0xee, 0x00, 0x72
	.byte 0x00, 0x02, 0x0f, 0x60, 0x06, 0x03, 0x00, 0x07
	.byte 0x38, 0x38, 0xf1, 0x00, 0x01, 0x00, 0x74, 0x13
	.byte 0x00, 0x0a, 0x61, 0x06, 0xff, 0x00, 0x07, 0x76
	.byte 0x13, 0x02, 0x02, 0x0f, 0x00, 0x00, 0x00, 0x00
	.byte 0x07, 0xf3, 0x0b, 0x02, 0x00, 0x10, 0x00, 0x69
	.byte 0x0e, 0x20, 0x41, 0x42, 0x07, 0x05, 0x50, 0x05
	.byte 0x10, 0x06, 0x09, 0x7a, 0x05, 0x57, 0x52, 0x49
	.byte 0x54, 0x45, 0x09, 0x0a, 0x0c, 0x00, 0x1e, 0x00
	.byte 0x3c, 0x00, 0x31, 0x00, 0x09, 0x0a, 0x0e, 0x00
	.byte 0x20, 0x00, 0x3a, 0x00, 0x2f, 0x00, 0x17, 0x10
	.byte 0x06, 0x00, 0x07, 0x00
	.ascii "SOUND EDIT"
	.byte 0x1c, 0x12
	.byte 0x66, 0x00, 0x05, 0x00
	.ascii "S0UND NAMING"
	.byte 0x09, 0x0a, 0x04, 0x00, 0x04, 0x00, 0x44, 0x00
	.byte 0x10, 0x00, 0x06, 0x21, 0x46, 0x10, 0x41, 0x20
	.ascii "B C D E F G H I J K L M N O"
	.byte 0x06, 0x23, 0x9c, 0x12, 0x50
	.ascii " Q R S T U V W X Y Z a b c d e"
	.byte 0x06, 0x23
	.byte 0xf4, 0x14
	.ascii "f g h i j k l m n o p q r s t u"
	.byte 0x06, 0x23, 0x4c, 0x17, 0x76, 0x20, 0x77
	.ascii " x y z 0 1 2 3 4 5 6 7 8 9 !"
	.byte 0x06, 0x23, 0xa4, 0x19
	.ascii "\" # $ % & ' ( ) + - * / = , . @"
	.byte 0x06
	.byte 0x23, 0xfc, 0x1b
	.ascii ": ; ? \\ ^ _ ` | ~ "
	jrl	nc, 0x3c20
	.ascii " > [ ] ( )"
	.byte 0x06, 0x07, 0x9b, 0x05, 0x43, 0x4c
	.byte 0x52, 0x07, 0x05, 0x9f, 0x05, 0x11, 0x07, 0x05
	.byte 0x8b, 0x0b, 0x7e, 0x07, 0x05, 0x8d, 0x0b, 0x7f
	.byte 0x07, 0x05, 0x8f, 0x0b, 0x11, 0x06, 0x05, 0xb4
	.byte 0x0b, 0x20, 0x07, 0x06, 0x98, 0x1e, 0x2e, 0x2e
	.byte 0x06, 0x0c, 0xc9, 0x1e
	.ascii "P0SITI0N"
	.byte 0x06, 0x07, 0xe5, 0x1e
	.byte 0x41, 0x42, 0x43, 0x06, 0x07, 0xea, 0x1e, 0x5d
	.byte 0x28, 0x29, 0x06, 0x05, 0x18, 0x21, 0x8d, 0x06
	.byte 0x0a, 0x12
	.ascii "\"<    >"
	.byte 0x06, 0x11, 0x1b
	.ascii "\"INS  DEL  A/a"
	.byte 0x06, 0x05, 0x2b, 0x22, 0x3c, 0x06
	.byte 0x05, 0x35, 0x22, 0x3e, 0x06, 0x05, 0xf8, 0x22
	.byte 0x8e, 0x0a, 0x0a, 0x15, 0x01, 0x1c, 0x00, 0x32
	.byte 0x01, 0x34, 0x00, 0x0a, 0x0a, 0x15, 0x01, 0x42
	.byte 0x00, 0x32, 0x01, 0x5a, 0x00, 0x13, 0x0a, 0x0f
	.byte 0x00, 0x62, 0x00, 0x2c, 0x01, 0xc2, 0x00, 0x0a
	.byte 0x0a, 0x05, 0x00, 0xd2, 0x00, 0x22, 0x00, 0xea
	.byte 0x00, 0x0a, 0x0a, 0x2d, 0x00, 0xd2, 0x00, 0x4a
	.byte 0x00, 0xea, 0x00, 0x0a, 0x0a, 0x55, 0x00, 0xd2
	.byte 0x00, 0x72, 0x00, 0xea, 0x00, 0x0a, 0x0a, 0x7d
	.byte 0x00, 0xd2, 0x00, 0x9a, 0x00, 0xea, 0x00, 0x0a
	.byte 0x0a, 0xa5, 0x00, 0xd2, 0x00, 0xc2, 0x00, 0xea
	.byte 0x00, 0x0a, 0x0a, 0xcd, 0x00, 0xd2, 0x00, 0xea
	.byte 0x00, 0xea, 0x00, 0x0a, 0x0a, 0xf5, 0x00, 0xd2
	.byte 0x00, 0x12, 0x01, 0xea, 0x00, 0x0a, 0x0a, 0x1d
	.byte 0x01, 0xd2, 0x00, 0x3a, 0x01, 0xea, 0x00, 0x01
	.byte 0x0a, 0xf5, 0x00, 0xde, 0x00, 0x12, 0x01, 0xde
	.byte 0x00, 0x0a, 0x0a, 0x4d, 0x00, 0x3b, 0x00, 0x05
	.byte 0x01, 0x51, 0x00, 0x0a, 0x0a, 0x4d, 0x00, 0x3b
	.byte 0x00, 0xe5, 0x00, 0x51, 0x00, 0x0a, 0x0a, 0x4d
	.byte 0x00, 0x3b, 0x00, 0x6c, 0x00, 0x51, 0x00, 0x07
	.byte 0x11, 0x00, 0x00, 0x00, 0x00, 0x1c, 0xf3, 0x0b
	.byte 0x02, 0x00, 0x10, 0x00, 0x51, 0x00, 0x3f, 0x00
	.byte 0x03, 0x0b, 0x60, 0x06, 0x0f, 0x00, 0x05, 0xc6
	.byte 0x3a, 0xf1, 0x00, 0x07, 0x11, 0x00, 0x00, 0x00
	.byte 0x00, 0x1c, 0xf3, 0x0b, 0x02, 0x00, 0x0d, 0x00
	.byte 0x51, 0x00, 0x3f, 0x00, 0x03, 0x0b, 0x60, 0x06
	.byte 0x0f, 0x00, 0x05, 0xc6, 0x3a, 0xf1, 0x00, 0x07
	.byte 0x11, 0x00, 0x00, 0x00, 0x00, 0x1c, 0xf3, 0x0b
	.byte 0x02, 0x00, 0x02, 0x00, 0x51, 0x00, 0x3f, 0x00
	.byte 0x03, 0x0b, 0x60, 0x06, 0x0f, 0x00, 0x05, 0xc6
	.byte 0x3a, 0xf1, 0x00, 0x1b, 0x0a, 0x51, 0x00, 0x3e
	.byte 0x00, 0x01, 0x01, 0x4f, 0x00, 0x1b, 0x0a, 0x20
	.byte 0x00, 0x67, 0x00, 0x18, 0x01, 0xc0, 0x00, 0x51
	.byte 0x00, 0x3e, 0x00, 0x5c, 0x00, 0x4f, 0x00, 0x5c
	.byte 0x00, 0x3e, 0x00, 0x67, 0x00, 0x4f, 0x00, 0x67
	.byte 0x00, 0x3e, 0x00, 0x72, 0x00, 0x4f, 0x00, 0x72
	.byte 0x00, 0x3e, 0x00, 0x7d, 0x00, 0x4f, 0x00, 0x7d
	.byte 0x00, 0x3e, 0x00, 0x88, 0x00, 0x4f, 0x00, 0x88
	.byte 0x00, 0x3e, 0x00, 0x93, 0x00, 0x4f, 0x00, 0x93
	.byte 0x00, 0x3e, 0x00, 0x9e, 0x00, 0x4f, 0x00, 0x9e
	.byte 0x00, 0x3e, 0x00, 0xa9, 0x00, 0x4f, 0x00, 0xa9
	.byte 0x00, 0x3e, 0x00, 0xb4, 0x00, 0x4f, 0x00, 0xb4
	.byte 0x00, 0x3e, 0x00, 0xbf, 0x00, 0x4f, 0x00, 0xbf
	.byte 0x00, 0x3e, 0x00, 0xca, 0x00, 0x4f, 0x00, 0xca
	.byte 0x00, 0x3e, 0x00, 0xd5, 0x00, 0x4f, 0x00, 0xd5
	.byte 0x00, 0x3e, 0x00, 0xe0, 0x00, 0x4f, 0x00, 0xe0
	.byte 0x00, 0x3e, 0x00, 0xeb, 0x00, 0x4f, 0x00, 0xeb
	.byte 0x00, 0x3e, 0x00, 0xf6, 0x00, 0x4f, 0x00, 0xf6
	.byte 0x00, 0x3e, 0x00, 0x01, 0x01, 0x4f, 0x00, 0x20
	.byte 0x00, 0x30, 0x00, 0x40, 0x00, 0x50, 0x00, 0x60
	.byte 0x00, 0x70, 0x00, 0x80, 0x00, 0x90, 0x00, 0xa0
	.byte 0x00, 0xb0, 0x00, 0xc0, 0x00, 0xd0, 0x00, 0xe0
	.byte 0x00, 0xf0, 0x00, 0x00, 0x01, 0x10, 0x01, 0x67
	.byte 0x00, 0x76, 0x00, 0x85, 0x00, 0x94, 0x00, 0xa3
	.byte 0x00, 0xb2, 0x00
	.byte 0x43, 0x2d, 0x32, 0x44
	.byte 0x88
	.byte 0x2d, 0x44, 0x2d, 0x32, 0x45
	mul8_rid8 xwa, 0x2d, e
	.ascii "-2F-2FŒ-G-2Aˆ-A-"
	ldw	de, 0x8842
	.byte 0x2d, 0x42, 0x2d, 0x32, 0x43
	.byte 0xb0, 0x20, 0x44, 0x88, 0xb0, 0x44, 0xb0, 0x20
	.byte 0x45, 0x88, 0xb0, 0x45, 0xb0, 0x20, 0x46, 0xb0
	.byte 0x20, 0x46, 0x8c, 0xb0, 0x47, 0xb0, 0x20, 0x41
	.byte 0x88, 0xb0, 0x41, 0xb0, 0x20, 0x42, 0x88, 0xb0
	.byte 0x42, 0xb0
	.ascii " C0 Dˆ0D0 E"
	mul8_rid8 xwa, 0x30, e
	.ascii "0 F0 FŒ0G0 Aˆ0A0 Bˆ0B0 C1 Dˆ1D1 Eˆ1E1 F1 FŒ1G1 Aˆ1A1 Bˆ1B1 C2 Dˆ2D2 E"
	mul8_rid8 xwa, 0x32, e
	.ascii "2 F2 FŒ2G2 Aˆ2A2 Bˆ2B2 C3 Dˆ3D3 Eˆ3E3 F3 FŒ3G3 Aˆ3A3 Bˆ3B3 C4 Dˆ4D4 E"
	mul8_rid8 xwa, 0x34, e
	.ascii "4 F4 FŒ4G4 Aˆ4A4 Bˆ4B4 C5 Dˆ5D5 Eˆ5E5 F5 FŒ5G5 Aˆ5A5 Bˆ5B5 C6 Dˆ6D6 E"
	mul8_rid8 xwa, 0x36, e
	.ascii "6 F6 FŒ6G6 Aˆ6A6 Bˆ6B6 C7 Dˆ7D7 Eˆ7E7 F7 FŒ7G7 Aˆ7A7 Bˆ7B7 C8 Dˆ8D8 E"
	mul8_rid8 xwa, 0x38, e
	.ascii "8 F8 FŒ8G8  65.4 69.3 73.4 77.8 82.4 87.3 92.5 98.0103.8110.0116.5123.5130.8138.6146.8155.6164.8174.6185.0196.0207.6220.0233.1246.9261.6277.2293.6311.1329.6349.2370.0392.0415.3440.0466.1493.8523.2554.3587.3622.2659.2698.4739.9783.9830.5879.9932.2987.71.05K1.11K1.17K1.24K1.32K1.40K1.48K1.57K1.66K1.76K1.86K1.98K2.09K2.22K2.35K2.49K2.64K2.79K2.96K3.14K3.32K3.52K3.73K3.95K4.19K4.43K4.70K4.98K5.27K5.59K5.92K6.27K6.64K7.04K7.46K7.90K8.37K8.87K9.40K9.96K10.5K11.2K11.8K12.5K13.3K14.1K14.9K15.8K16.7K17.7K18.8K19.9K21.1K 22K  23K  24K  25K  26K  27K  28K  29K  30K  31K  32K  33K  34K  35K  36K  37K  38K  39K  40K  41K  42K  43K  44K  45K  46K  47K  48K "
	.byte 0x06, 0x0b, 0x10, 0x01, 0x50
	.ascii "AGE3/3"
	.byte 0x17, 0x0d
	.byte 0x39, 0x00, 0x3e, 0x00
	.byte 0x54, 0x52, 0x49, 0x47
	.byte 0x47, 0x45, 0x52, 0x17, 0x0b, 0x86, 0x00, 0x3e
	.byte 0x00
	ld	xix, 0x59414c45
	.byte 0x17, 0x0d
	.byte 0xb5, 0x00, 0x3e, 0x00
	.byte 0x50, 0x41, 0x4e, 0x4e
	.byte 0x49, 0x4e, 0x47, 0x06, 0x05, 0x30, 0x0c, 0x10
	.byte 0x06, 0x05, 0xf8, 0x11, 0x10, 0x06, 0x05, 0x70
	.byte 0x17, 0x10, 0x17, 0x0c, 0xf7, 0x00, 0x9e, 0x00
	.ascii "REVERB"
	.byte 0x17, 0x0b
	.byte 0xfa, 0x00, 0xa8, 0x00
	.byte 0x44, 0x45, 0x50, 0x54
	.byte 0x48, 0x06, 0x05, 0x38, 0x1d, 0x10, 0x17, 0x0d
	.byte 0x27, 0x00, 0xd1, 0x00
	.byte 0x54, 0x52, 0x49, 0x47
	.byte 0x47, 0x45, 0x52, 0x17, 0x0b, 0x7c, 0x00, 0xd1
	.byte 0x00
	ld	xix, 0x59414c45
	.byte 0x17, 0x0d
	.byte 0xb8, 0x00, 0xd1, 0x00
	.byte 0x50, 0x41, 0x4e, 0x4e
	.byte 0x49, 0x4e, 0x47, 0x17, 0x0c, 0xe8, 0x00, 0xd1
	.byte 0x00
	.ascii "REVERB"
	.byte 0x17
	.byte 0x0b, 0x12, 0x01, 0xd1, 0x00, 0x44, 0x45, 0x50
	.byte 0x54, 0x48, 0x06, 0x05, 0x17, 0x22, 0x8d, 0x06
	.byte 0x05, 0x21, 0x22, 0x8d, 0x06, 0x05, 0x2a, 0x22
	.byte 0x8d, 0x06, 0x05, 0x31, 0x22, 0x8d, 0x06, 0x05
	.byte 0xa7, 0x23, 0x8e, 0x06, 0x05, 0xb1, 0x23, 0x8e
	.byte 0x06, 0x05, 0xba, 0x23, 0x8e, 0x06, 0x05, 0xc1
	.byte 0x23, 0x8e, 0x22, 0x0a, 0x0b, 0x00, 0x38, 0x00
	.byte 0xe6, 0x00, 0xca, 0x00, 0x22, 0x0a, 0xf2, 0x00
	.byte 0x9a, 0x00, 0x21, 0x01, 0xca, 0x00, 0x22, 0x0a
	.byte 0x31, 0x00, 0xda, 0x00, 0x46, 0x00, 0xee, 0x00
	.byte 0x22, 0x0a, 0x81, 0x00, 0xda, 0x00, 0x96, 0x00
	.byte 0xee, 0x00, 0x22, 0x0a, 0xc9, 0x00, 0xda, 0x00
	.long LABEL_EE00DE
	.byte 0x22, 0x0a, 0x01, 0x01
	.byte 0xda, 0x00, 0x16, 0x01, 0xee, 0x00, 0x01, 0x0a
	.byte 0x0b, 0x00, 0x4a, 0x00, 0xe6, 0x00, 0x4a, 0x00
	.byte 0x01, 0x0a, 0x0b, 0x00, 0x6a, 0x00, 0xe6, 0x00
	.byte 0x6a, 0x00, 0x01, 0x0a, 0x0b, 0x00, 0x8a, 0x00
	.byte 0xe6, 0x00, 0x8a, 0x00, 0x01, 0x0a, 0x0b, 0x00
	.long LABEL_E600AA
	.byte 0xaa, 0x00, 0x01, 0x0a
	.byte 0xf2, 0x00, 0xb2, 0x00, 0x21, 0x01, 0xb2, 0x00
	.byte 0x01, 0x0a, 0x31, 0x00, 0xe4, 0x00, 0x46, 0x00
	.byte 0xe4, 0x00, 0x01, 0x0a, 0x81, 0x00, 0xe4, 0x00
	.long LABEL_E40096
	.byte 0x01, 0x0a, 0xc9, 0x00
	.byte 0xe4, 0x00, 0xde, 0x00, 0xe4, 0x00, 0x01, 0x0a
	.long LABEL_E40101
	.long LABEL_E40116
	.byte 0x02, 0x0a, 0x2c, 0x00, 0x38, 0x00, 0x2c, 0x00
	.byte 0xca, 0x00, 0x02, 0x0a, 0x7c, 0x00, 0x38, 0x00
	.byte 0x7c, 0x00, 0xca, 0x00, 0x02, 0x0a, 0xae, 0x00
	.byte 0x38, 0x00, 0xae, 0x00, 0xca, 0x00, 0x05, 0x0a
	.byte 0xf4, 0x00, 0xb4, 0x00, 0x1f, 0x01, 0xc8, 0x00
	.byte 0x09, 0x0a, 0x45, 0x00, 0xcc, 0x00, 0xfb, 0x00
	.byte 0xe9, 0x00, 0x06, 0x0d, 0xbd, 0x04, 0x4b, 0x45
	.ascii "Y LAYER"
	.byte 0x17
	.byte 0x07, 0x39, 0x00, 0x2a, 0x00, 0x30, 0x17, 0x07
	.byte 0x54, 0x00, 0x2a, 0x00, 0x31, 0x17, 0x07, 0x71
	.byte 0x00, 0x2a, 0x00, 0x32, 0x17, 0x07, 0x8d, 0x00
	.byte 0x2a, 0x00, 0x33, 0x17, 0x07, 0xa9, 0x00, 0x2a
	.byte 0x00, 0x34, 0x17, 0x07, 0xc5, 0x00, 0x2a, 0x00
	.byte 0x35, 0x17, 0x07, 0xe1, 0x00, 0x2a, 0x00, 0x36
	.byte 0x09, 0x0a, 0x27, 0x00, 0x62, 0x00, 0xf6, 0x00
	.byte 0x63, 0x00, 0x09, 0x0a, 0x27, 0x00, 0x81, 0x00
	.byte 0xf6, 0x00, 0x82, 0x00, 0x09, 0x0a, 0x27, 0x00
	.byte 0xa0, 0x00, 0xf6, 0x00, 0xa1, 0x00, 0x09, 0x0a
	.byte 0x27, 0x00, 0xbf, 0x00, 0xf6, 0x00, 0xc0, 0x00
	.byte 0x05, 0x0a, 0x06, 0x01, 0x44, 0x00, 0x32, 0x01
	.byte 0x5e, 0x00, 0x06, 0x12, 0x5b, 0x05, 0x56, 0x45
	.ascii "LOCITY LAYER"
	.byte 0x17, 0x07, 0x2d, 0x00
	.byte 0x32, 0x00, 0x30, 0x17, 0x08, 0x5b, 0x00, 0x32
	.byte 0x00, 0x33, 0x32, 0x17, 0x08, 0x8a, 0x00, 0x32
	.byte 0x00, 0x36, 0x34, 0x17, 0x08, 0xba, 0x00, 0x32
	.byte 0x00, 0x39, 0x36, 0x17, 0x09, 0xe4, 0x00, 0x33
	.byte 0x00, 0x31, 0x32, 0x37, 0x11, 0x0a, 0x30, 0x00
	.byte 0x3d, 0x00, 0xf0, 0x00, 0x3d, 0x00, 0x09, 0x0a
	.byte 0x30, 0x00, 0x62, 0x00, 0xf0, 0x00, 0x63, 0x00
	.byte 0x09, 0x0a, 0x30, 0x00, 0x81, 0x00, 0xf0, 0x00
	.byte 0x82, 0x00, 0x09, 0x0a, 0x30, 0x00, 0xa0, 0x00
	.byte 0xf0, 0x00, 0xa1, 0x00, 0x09, 0x0a, 0x30, 0x00
	.byte 0xbf, 0x00, 0xf0, 0x00, 0xc0, 0x00, 0x02, 0x0a
	.byte 0x30, 0x00, 0x3c, 0x00, 0x30, 0x00, 0x3e, 0x00
	.byte 0x02, 0x0a, 0x48, 0x00, 0x3c, 0x00, 0x48, 0x00
	.byte 0x3e, 0x00, 0x02, 0x0a, 0x60, 0x00, 0x3c, 0x00
	.byte 0x60, 0x00, 0x3e, 0x00, 0x02, 0x0a, 0x78, 0x00
	.byte 0x3c, 0x00, 0x78, 0x00, 0x3e, 0x00, 0x02, 0x0a
	.byte 0x90, 0x00, 0x3c, 0x00, 0x90, 0x00, 0x3e, 0x00
	.byte 0x02, 0x0a, 0xa8, 0x00, 0x3c, 0x00, 0xa8, 0x00
	.byte 0x3e, 0x00, 0x02, 0x0a, 0xc0, 0x00, 0x3c, 0x00
	.byte 0xc0, 0x00, 0x3e, 0x00, 0x02, 0x0a, 0xd8, 0x00
	.byte 0x3c, 0x00, 0xd8, 0x00, 0x3e, 0x00, 0x02, 0x0a
	.byte 0xf0, 0x00, 0x3c, 0x00, 0xf0, 0x00, 0x3e, 0x00
	.byte 0x05, 0x0a, 0x06, 0x01, 0x6a, 0x00, 0x32, 0x01
	.byte 0x84, 0x00, 0x17, 0x0c, 0x08, 0x00, 0x5f, 0x00
	.ascii "CUTOFF"
	.byte 0x17, 0x17
	.byte 0x6a, 0x00, 0xc3, 0x00
	.ascii "FILTER KEY FOLLOW"
	.byte 0x05, 0x0a, 0x0e
	.byte 0x01, 0x43, 0x00, 0x32, 0x01, 0x5c, 0x00, 0x06
	.byte 0x08, 0x17, 0x0a
	.byte 0x4c, 0x46, 0x30, 0x31
	.byte 0x06
	.byte 0x05, 0xb8, 0x0b, 0x10, 0x06, 0x08, 0x17, 0x0f
	.byte 0x4c, 0x46, 0x30, 0x32
	.byte 0x06, 0x05, 0xa8, 0x11
	.byte 0x10, 0x06, 0x08, 0xc7, 0x13, 0x4c, 0x46, 0x30
	.byte 0x33, 0x06, 0x05, 0xc0, 0x17, 0x10, 0x06, 0x08
	.byte 0xc7, 0x18
	.byte 0x4c, 0x46, 0x30, 0x34
	.byte 0x06, 0x05
	.byte 0xb0, 0x1d, 0x10, 0x06, 0x07, 0x84, 0x20, 0x4c
	.byte 0x46, 0x30, 0x17, 0x0a, 0x60, 0x00, 0xd0, 0x00
	.byte 0x57, 0x41, 0x56, 0x45
	.byte 0x17, 0x0b, 0x7e, 0x00
	.byte 0xd0, 0x00
	ld	xix, 0x59414c45
	.byte 0x17
	.byte 0x0b, 0xa2, 0x00, 0xd0, 0x00, 0x53, 0x50, 0x45
	.byte 0x45, 0x44, 0x17, 0x0b, 0xc6, 0x00, 0xd0, 0x00
	ld	xix, 0x48545045
	.byte 0x17, 0x0b, 0xea
	.byte 0x00, 0xd0, 0x00
	.byte 0x54, 0x4f, 0x55, 0x43, 0x48
	.byte 0x17, 0x0d, 0x0e, 0x01, 0xd0, 0x00, 0x4b, 0x45
	.byte 0x59, 0x53, 0x59, 0x4e, 0x43
	.byte 0x06, 0x0a, 0x64
	.ascii "\"SELECT"
	.byte 0x07
	.byte 0x05, 0x47, 0x24, 0x12, 0x07, 0x05, 0x4c, 0x24
	.byte 0x12, 0x07, 0x05, 0x51, 0x24, 0x12, 0x07, 0x05
	.byte 0x56, 0x24, 0x12, 0x07, 0x05, 0x5b, 0x24, 0x12
	.byte 0x07, 0x05, 0x60, 0x24, 0x12, 0x07, 0x05, 0x65
	.byte 0x24, 0x12, 0x09, 0x0a, 0x2c, 0x00, 0x3c, 0x00
	.byte 0x4c, 0x00, 0x4d, 0x00, 0x09, 0x0a, 0xb4, 0x00
	.byte 0x3c, 0x00, 0xdc, 0x00, 0x4d, 0x00, 0x09, 0x0a
	.byte 0x2c, 0x00, 0x5b, 0x00, 0x4c, 0x00, 0x6c, 0x00
	.byte 0x09, 0x0a, 0xb4, 0x00, 0x5c, 0x00, 0xdc, 0x00
	.byte 0x6d, 0x00, 0x09, 0x0a, 0x2c, 0x00, 0x7a, 0x00
	.byte 0x4c, 0x00, 0x8b, 0x00, 0x09, 0x0a, 0xb4, 0x00
	.byte 0x7a, 0x00, 0xdc, 0x00, 0x8b, 0x00, 0x09, 0x0a
	.byte 0x2c, 0x00, 0x9a, 0x00, 0x4c, 0x00, 0xab, 0x00
	.byte 0x09, 0x0a, 0xb4, 0x00, 0x9a, 0x00, 0xdc, 0x00
	.byte 0xab, 0x00, 0x09, 0x0a, 0x59, 0x00, 0xcc, 0x00
	.long LABEL_E9013D
	.byte 0x22, 0x0a, 0x1d, 0x00
	.byte 0xcd, 0x00, 0x52, 0x00, 0xe8, 0x00, 0x11, 0x0a
	.byte 0x18, 0x00, 0x44, 0x00, 0x2c, 0x00, 0x44, 0x00
	.byte 0x11, 0x0a, 0x08, 0x00, 0x4f, 0x00, 0x18, 0x00
	.byte 0x4f, 0x00, 0x11, 0x0a, 0x18, 0x00, 0x64, 0x00
	.byte 0x2c, 0x00, 0x64, 0x00, 0x11, 0x0a, 0x08, 0x00
	.byte 0x75, 0x00, 0x18, 0x00, 0x75, 0x00, 0x11, 0x0a
	.byte 0x18, 0x00, 0x82, 0x00, 0x2c, 0x00, 0x82, 0x00
	.byte 0x11, 0x0a, 0x08, 0x00, 0x9c, 0x00, 0x18, 0x00
	.byte 0x9c, 0x00, 0x11, 0x0a, 0x1f, 0x00, 0xa2, 0x00
	.byte 0x2c, 0x00, 0xa2, 0x00, 0x11, 0x0a, 0x08, 0x00
	.byte 0xc2, 0x00, 0x1f, 0x00, 0xc2, 0x00, 0x12, 0x0a
	.byte 0x18, 0x00, 0x44, 0x00, 0x18, 0x00, 0x4f, 0x00
	.byte 0x12, 0x0a, 0x18, 0x00, 0x64, 0x00, 0x18, 0x00
	.byte 0x75, 0x00, 0x12, 0x0a, 0x18, 0x00, 0x82, 0x00
	.byte 0x18, 0x00, 0x9c, 0x00, 0x12, 0x0a, 0x1f, 0x00
	.byte 0xa2, 0x00, 0x1f, 0x00, 0xc2, 0x00, 0x01, 0x0a
	.byte 0x59, 0x00, 0xdb, 0x00, 0x3d, 0x01, 0xdb, 0x00
	.byte 0x05, 0x0a, 0x16, 0x01, 0x6b, 0x00, 0x32, 0x01
	.byte 0x78, 0x00, 0x05, 0x0a, 0x5a, 0x00, 0xdc, 0x00
	.long LABEL_E8013C
LABEL_F1440B:
	.byte 0x20, 0x07, 0x06, 0x0a
	.ascii "1ST "
	.byte 0x07, 0xde, 0x0e, 0x32
	.byte 0x4e, 0x44
LABEL_F14419:
	.byte 0x20, 0x07, 0xb6, 0x13, 0x33, 0x52
	.byte 0x44
LABEL_F14420:
	.byte 0x20, 0x07, 0xb6, 0x18, 0x34, 0x54, 0x48
RhythmTransport_Control_Table:
	.long LABEL_F1440B
	.long LABEL_F1440B
	.long LABEL_F14412
	.long LABEL_F14419
	.long LABEL_F14420
	.long RhythmTransport_Control_Table
LABEL_F1443F:
	.byte 0x03, 0x0c, 0x06, 0x0c, 0xf1, 0x00, 0x06, 0x0a
	.byte 0x03, 0x00, 0x0a, 0x00
LABEL_F1444B:
	.byte 0x03, 0x0c, 0x24, 0x0c
	.byte 0xf1, 0x00, 0xde, 0x0e, 0x03, 0x00, 0x0a, 0x00
LABEL_F14457:
	.byte 0x03, 0x0c, 0x42, 0x0c, 0xf1, 0x00, 0xb6, 0x13
	.byte 0x03, 0x00, 0x0a, 0x00
LABEL_F14463:
	.byte 0x03, 0x0c, 0x60, 0x0c
	.byte 0xf1, 0x00, 0xb6, 0x18, 0x03, 0x00, 0x0a, 0x00


DrumSound_ParamEdit_Table:
	.long LABEL_F1443F
	.long LABEL_F1443F
	.long LABEL_F1444B
	.long LABEL_F14457
	.long LABEL_F14463
	.long DrumSound_ParamEdit_Table
	.long LABEL_F14497
	.long LABEL_F144AB
	.long LABEL_F144BF
	.long LABEL_F144D3
LABEL_F14497:
	.byte 0x09, 0x0a, 0x4f, 0x00, 0x41, 0x00, 0x58, 0x00
	.byte 0x4a, 0x00, 0x01, 0x0a, 0x4d, 0x00, 0x45, 0x00
	.byte 0x4f, 0x00, 0x45, 0x00
LABEL_F144AB:
	.byte 0x09, 0x0a, 0x4f, 0x00
	.byte 0x60, 0x00, 0x58, 0x00, 0x69, 0x00, 0x01, 0x0a
	.byte 0x4d, 0x00, 0x64, 0x00, 0x4f, 0x00, 0x64, 0x00
LABEL_F144BF:
	.byte 0x09, 0x0a, 0x4f, 0x00, 0x7f, 0x00, 0x58, 0x00
	.byte 0x88, 0x00, 0x01, 0x0a, 0x4d, 0x00, 0x83, 0x00
	.byte 0x4f, 0x00, 0x83, 0x00
LABEL_F144D3:
	.byte 0x09, 0x0a, 0x4f, 0x00
	.byte 0x9e, 0x00, 0x58, 0x00, 0xa7, 0x00, 0x01, 0x0a
	.byte 0x4d, 0x00, 0xa2, 0x00, 0x4f, 0x00, 0xa2, 0x00
	.byte 0x02, 0x0f, 0x61, 0x06, 0x03, 0x00, 0x20, 0x61
	.byte 0x46, 0xf1, 0x00, 0x07, 0x00, 0x4f, 0x0d, 0x02
	.byte 0x0f, 0x61, 0x06, 0x0c, 0x02, 0x20, 0x61, 0x46
	.byte 0xf1, 0x00, 0x07, 0x00, 0x77, 0x12, 0x02, 0x0f
	.byte 0x61, 0x06, 0x30, 0x04, 0x20, 0x61, 0x46, 0xf1
	.byte 0x00, 0x07, 0x00, 0x4f, 0x17, 0x02, 0x0f, 0x61
	.byte 0x06, 0xc0, 0x06, 0x20, 0x61, 0x46, 0xf1, 0x00
	.byte 0x07, 0x00, 0x4f, 0x1c, 0x00, 0x0a, 0x62, 0x06
	.byte 0x3f, 0x00, 0x20, 0x59, 0x0d, 0x02, 0x00, 0x0a
	.byte 0x63, 0x06, 0x3f, 0x00, 0x20, 0x81, 0x12, 0x02
	.byte 0x00, 0x0a, 0x64, 0x06, 0x3f, 0x00, 0x20, 0x59
	.byte 0x17, 0x02, 0x00, 0x0a, 0x65, 0x06, 0x3f, 0x00
	.byte 0x20, 0x59, 0x1c, 0x02, 0x00, 0x0a, 0x6a, 0x06
	.byte 0x7f, 0x00, 0x20, 0x30, 0x1d, 0x03, 0x02, 0x0f
	.byte 0x6b, 0x06, 0x03, 0x00, 0x06, 0x58, 0x46, 0xf1
	.byte 0x00, 0x03, 0x00, 0x60, 0x0d, 0x02, 0x0f, 0x6b
	.byte 0x06, 0x0c, 0x02, 0x06, 0x58, 0x46, 0xf1, 0x00
	.byte 0x03, 0x00, 0x88, 0x12, 0x02, 0x0f, 0x6b, 0x06
	.byte 0x30, 0x04, 0x06, 0x58, 0x46, 0xf1, 0x00, 0x03
	.byte 0x00, 0x60, 0x17, 0x02, 0x0f, 0x6b, 0x06, 0xc0
	.byte 0x06, 0x06, 0x58, 0x46, 0xf1, 0x00, 0x03, 0x00
	.byte 0x60, 0x1c, 0x03, 0x0b, 0x5d, 0x06, 0x0f, 0x00
	.byte 0x05, 0x8e, 0x46, 0xf1, 0x00, 0x00, 0x0a, 0x6c
	.byte 0x06, 0x7f, 0x00, 0x20, 0x61, 0x0d, 0x02, 0x00
	.byte 0x0a, 0x6d, 0x06, 0x7f, 0x00, 0x20, 0x89, 0x12
	.byte 0x02, 0x00, 0x0a, 0x6e, 0x06, 0x7f, 0x00, 0x20
	.byte 0x61, 0x17, 0x02, 0x00, 0x0a, 0x6f, 0x06, 0x7f
	.byte 0x00, 0x20, 0x61, 0x1c, 0x02, 0x91, 0x45, 0xf1
	.byte 0x00, 0xe7, 0x44, 0xf1, 0x00, 0x23, 0x45, 0xf1
	.byte 0x00, 0x2d, 0x45, 0xf1, 0x00, 0x37, 0x45, 0xf1
	.byte 0x00, 0x41, 0x45, 0xf1, 0x00, 0x9c, 0x45, 0xf1
	.byte 0x00, 0xa6, 0x45, 0xf1, 0x00, 0xb0, 0x45, 0xf1
	.byte 0x00, 0xba, 0x45, 0xf1, 0x00, 0x4b, 0x45, 0xf1
	.byte 0x00, 0x55, 0x45, 0xf1, 0x00, 0x9c, 0x45, 0xf1
	.byte 0x00, 0xa6, 0x45, 0xf1, 0x00, 0xb0, 0x45, 0xf1
	.byte 0x00, 0xba, 0x45, 0xf1, 0x00, 0x02, 0x0f, 0x62
	.byte 0x06, 0x80, 0x07, 0x20, 0x76, 0x46, 0xf1, 0x00
	.byte 0x07, 0x00, 0x4f, 0x0d, 0x02, 0x0f, 0x63, 0x06
	.byte 0x80, 0x07, 0x20, 0x76, 0x46, 0xf1, 0x00, 0x07
	.byte 0x00, 0x77, 0x12, 0x02, 0x0f, 0x64, 0x06, 0x80
	.byte 0x07, 0x20, 0x76, 0x46, 0xf1, 0x00, 0x07, 0x00
	.byte 0x4f, 0x17, 0x02, 0x0f, 0x65, 0x06, 0x80, 0x07
	.byte 0x20, 0x76, 0x46, 0xf1, 0x00, 0x07, 0x00, 0x4f
	.byte 0x1c, 0x04, 0x46, 0xf1, 0x00, 0x04, 0x46, 0xf1
	.byte 0x00, 0x04, 0x46, 0xf1, 0x00, 0x13, 0x46, 0xf1
	.byte 0x00, 0x22, 0x46, 0xf1, 0x00, 0x31, 0x46, 0xf1
	.byte 0x00
	.ascii "CTRL  R  KEY ON KEY OFFLEGATO NON LEGCHORD  "
	.byte 0x1b, 0x0a, 0x0d
	.byte 0x00, 0x4c, 0x00, 0xe4, 0x00, 0xc8, 0x00, 0x0d
	.byte 0x00, 0x4c, 0x00, 0xe4, 0x00, 0x68, 0x00, 0x0d
	.byte 0x00, 0x4c, 0x00, 0xe4, 0x00, 0x68, 0x00, 0x0d
	.byte 0x00, 0x6c, 0x00, 0xe4, 0x00, 0x88, 0x00, 0x0d
	.byte 0x00, 0x8c, 0x00, 0xe4, 0x00, 0xa8, 0x00, 0x0d
	.byte 0x00, 0xac, 0x00, 0xe4, 0x00, 0xc8, 0x00, 0x02
	.byte 0x0f, 0x62, 0x06, 0x7f, 0x00, 0x20, 0x72, 0x3b
	.byte 0xf1, 0x00, 0x03, 0x00, 0x92, 0x22, 0x02, 0x0f
	.byte 0x61, 0x06, 0x7f, 0x00, 0x20, 0x72, 0x3b, 0xf1
	.byte 0x00, 0x03, 0x00, 0x98, 0x22, 0x02, 0x0f, 0x63
	.byte 0x06, 0x7f, 0x00, 0x20, 0x72, 0x3b, 0xf1, 0x00
	.byte 0x03, 0x00, 0x9d, 0x22, 0x02, 0x0f, 0x64, 0x06
	.byte 0x7f, 0x00, 0x20, 0x72, 0x3b, 0xf1, 0x00, 0x03
	.byte 0x00, 0xa2, 0x22, 0x03, 0x0b, 0x5d, 0x06, 0x0f
	.byte 0x00, 0x05, 0x1b, 0x47, 0xf1, 0x00, 0xf2, 0x46
	.byte 0xf1, 0x00, 0xc5, 0x46, 0xf1, 0x00, 0xb6, 0x46
	.byte 0xf1, 0x00, 0xd4, 0x46, 0xf1, 0x00, 0xe3, 0x46
	.byte 0xf1, 0x00, 0x1b, 0x0a, 0x08, 0x00, 0x49, 0x00
	.byte 0xfa, 0x00, 0xc5, 0x00, 0x08, 0x00, 0x49, 0x00
	.byte 0xfa, 0x00, 0x67, 0x00, 0x08, 0x00, 0x49, 0x00
	.byte 0xfa, 0x00, 0x67, 0x00, 0x08, 0x00, 0x68, 0x00
	.byte 0xfa, 0x00, 0x86, 0x00, 0x08, 0x00, 0x87, 0x00
	.byte 0xfa, 0x00, 0xa5, 0x00, 0x08, 0x00, 0xa6, 0x00
	.byte 0xfa, 0x00, 0xc5, 0x00, 0x00, 0x0a, 0x62, 0x06
	.byte 0x7f, 0x00, 0x20, 0x91, 0x22, 0x03, 0x00, 0x0a
	.byte 0x61, 0x06, 0x7f, 0x00, 0x20, 0x97, 0x22, 0x03
	.byte 0x00, 0x0a, 0x63, 0x06, 0x7f, 0x00, 0x20, 0x9d
	.byte 0x22, 0x03, 0x00, 0x0a, 0x64, 0x06, 0x7f, 0x00
	.byte 0x20, 0xa2, 0x22, 0x03, 0x03, 0x0b, 0x5d, 0x06
	.byte 0x0f, 0x00, 0x05, 0x1b, 0x47, 0xf1, 0x00, 0x6b
	.byte 0x47, 0xf1, 0x00, 0x4d, 0x47, 0xf1, 0x00, 0x43
	.byte 0x47, 0xf1, 0x00, 0x57, 0x47, 0xf1, 0x00, 0x61
	.byte 0x47, 0xf1, 0x00, 0x05, 0x0b, 0x60, 0x06, 0xff
	.byte 0x00, 0x20, 0xa6, 0x22, 0x02, 0x00, 0x05, 0x0b
	.byte 0x61, 0x06, 0xff, 0x00, 0x20, 0xac, 0x22, 0x02
	.byte 0x00, 0x02, 0x0f, 0x62, 0x06, 0x7f, 0x00, 0x06
	.byte 0x72, 0x3b, 0xf1, 0x00, 0x03, 0x00, 0x9d, 0x22
	.byte 0x05, 0x0b, 0x63, 0x06, 0xff, 0x00, 0x20, 0x8d
	.byte 0x22, 0x02, 0x00, 0x05, 0x0b, 0x64, 0x06, 0xff
	.byte 0x00, 0x20, 0x92, 0x22, 0x02, 0x00, 0x05, 0x0b
	.byte 0x65, 0x06, 0xff, 0x00, 0x20, 0x97, 0x22, 0x02
	.byte 0x00, 0x07, 0x11, 0x69, 0x06, 0x03, 0x00, 0x17
	.byte 0xa5, 0x31, 0xf1, 0x00, 0x08, 0x00, 0x9d, 0x00
	.byte 0x3e, 0x00, 0x8a, 0x47, 0xf1, 0x00, 0x95, 0x47
	.byte 0xf1, 0x00, 0xa0, 0x47, 0xf1, 0x00, 0xaf, 0x47
	.byte 0xf1, 0x00, 0xba, 0x47, 0xf1, 0x00, 0xc5, 0x47
	.byte 0xf1, 0x00, 0xd0, 0x47, 0xf1, 0x00, 0xd0, 0x47
	.byte 0xf1, 0x00, 0xd0, 0x47, 0xf1, 0x00, 0xd0, 0x47
	.byte 0xf1, 0x00, 0x1c, 0x10, 0x72, 0x00, 0x05, 0x00
	.ascii "C0NTR0LLER"
	.byte 0x17, 0x10, 0x06, 0x00, 0x07, 0x00
	.ascii "SOUND EDIT"
	.byte 0x09, 0x0a, 0x04, 0x00, 0x04, 0x00
	.byte 0x44, 0x00, 0x10, 0x00, 0x23, 0x05, 0x5f, 0x83
	.byte 0x00, 0x23, 0x05, 0x5f, 0x83, 0x00, 0x07, 0x06
	.byte 0x1f, 0x0b, 0x5f, 0x5f, 0x07, 0x05, 0x68, 0x0b
	.byte 0x10, 0x07, 0x05, 0x8f, 0x0b, 0x11, 0x07, 0x06
	.byte 0xbf, 0x10, 0x5f, 0x5f, 0x07, 0x05, 0xa8, 0x11
	.byte 0x10, 0x07, 0x05, 0xcf, 0x11, 0x11, 0x17, 0x0b
	.byte 0x0a, 0x00, 0x86, 0x00
	.byte 0x41, 0x46, 0x54, 0x45
	.byte 0x52, 0x17, 0x0b, 0x2e, 0x00, 0x86, 0x00, 0x54
	.byte 0x4f, 0x55, 0x43, 0x48
	.byte 0x06, 0x09, 0x67, 0x20
	ld	xix, 0x48545045
	.byte 0x06, 0x0c, 0x4b
	.ascii "!FUNCTION"
	.byte 0x07, 0x05, 0x1e, 0x24, 0x12, 0x07, 0x05
	.byte 0x51, 0x24, 0x12, 0x07, 0x05, 0x57, 0x24, 0x12
	.byte 0x07, 0x05, 0x5c, 0x24, 0x12, 0x09, 0x0a, 0x4b
	.byte 0x00, 0x48, 0x00, 0x2c, 0x01, 0x5b, 0x00, 0x09
	.byte 0x0a, 0x4b, 0x00, 0x6c, 0x00, 0x2c, 0x01, 0x7f
	.byte 0x00, 0x22, 0x0a, 0x13, 0x00, 0xcc, 0x00, 0x5d
	.byte 0x00, 0xe7, 0x00, 0x09, 0x0a, 0x75, 0x00, 0xcc
	.byte 0x00, 0xa4, 0x00, 0xe9, 0x00, 0x02, 0x0a, 0xbc
	.byte 0x00, 0x48, 0x00, 0xbc, 0x00, 0x5b, 0x00, 0x02
	.byte 0x0a, 0xbc, 0x00, 0x6c, 0x00, 0xbc, 0x00, 0x7f
	.byte 0x00, 0x23, 0x05, 0x60, 0x1b, 0x0b, 0x23, 0x05
	.byte 0x39, 0xbb, 0x10, 0x05, 0x0a, 0x76, 0x00, 0xdc
	.byte 0x00, 0xa3, 0x00, 0xe8, 0x00, 0x06, 0x13, 0x6f
	.ascii " 1ST 2ND 3RD 4TH"
	.byte 0x07, 0x05, 0x61, 0x24, 0x12, 0x07, 0x05, 0x66
	.byte 0x24, 0x12, 0x09, 0x0a, 0xb5, 0x00, 0xcc, 0x00
	.long LABEL_E90133
	.byte 0x05, 0x0a, 0xb6, 0x00
	.byte 0xdb, 0x00, 0x32, 0x01, 0xe8, 0x00, 0x06, 0x0b
	.ascii "o 1ST 2ND"
	.byte 0x09, 0x0a, 0xb5, 0x00, 0xcc, 0x00, 0xf4
	.byte 0x00, 0xe9, 0x00, 0x05, 0x0a, 0xb6, 0x00, 0xdb
	.byte 0x00, 0xf3, 0x00, 0xe8, 0x00, 0x06, 0x0b, 0x10
	.byte 0x01
	.ascii "PAGE2/2"
	.byte 0x06, 0x16, 0x66, 0x0e
	.ascii "SUSTAIN PEDAL MODE"
	.byte 0x06, 0x05
	.byte 0x79, 0x0e, 0x3a, 0x06, 0x09, 0x36, 0x11, 0x47
	.byte 0x4c, 0x49, 0x44, 0x45
	.byte 0x06, 0x05, 0x49, 0x11
	.byte 0x3a, 0x17, 0x18, 0x26, 0x00, 0xd1, 0x00, 0x53
	.ascii "USTAIN PEDAL MODE"
	.byte 0x17, 0x0b, 0xcc, 0x00, 0xd1, 0x00, 0x47
	.byte 0x4c, 0x49, 0x44, 0x45
	.byte 0x06, 0x05, 0x1c, 0x22
	.byte 0x8d, 0x06, 0x05, 0x2b, 0x22, 0x8d, 0x06, 0x05
	.byte 0xac, 0x23, 0x8e, 0x06, 0x05, 0xbb, 0x23, 0x8e
	.byte 0x22, 0x0a, 0x21, 0x00, 0x4e, 0x00, 0x18, 0x01
	.byte 0x84, 0x00, 0x22, 0x0a, 0x59, 0x00, 0xda, 0x00
	.long LABEL_EE006E
	.byte 0x22, 0x0a, 0xd1, 0x00
	.long LABEL_E600DA
	.byte 0xee, 0x00, 0x01, 0x0a
	.long LABEL_E40059
	.long LABEL_E4006E
	.byte 0x01, 0x0a, 0xd1, 0x00, 0xe4, 0x00, 0xe6, 0x00
	.byte 0xe4, 0x00, 0x02, 0x0f, 0x6c, 0x06, 0x30, 0x04
	.byte 0x20, 0x86, 0x4a, 0xf1, 0x00, 0x03, 0x00, 0xa7
	.byte 0x22, 0x02, 0x0f, 0x6c, 0x06, 0xc0, 0x06, 0x20
	.byte 0x86, 0x4a, 0xf1, 0x00, 0x03, 0x00, 0xab, 0x22
	.byte 0x02, 0x0f, 0x61, 0x06, 0x3f, 0x00, 0x20, 0x92
	.byte 0x4a, 0xf1, 0x00, 0x0d, 0x00, 0x12, 0x0c, 0x02
	.byte 0x0f, 0x62, 0x06, 0x3f, 0x00, 0x20, 0x92, 0x4a
	.byte 0xf1, 0x00, 0x0d, 0x00, 0x20, 0x0c, 0x02, 0x0f
	.byte 0x65, 0x06, 0x3f, 0x00, 0x20, 0x92, 0x4a, 0xf1
	.byte 0x00, 0x0d, 0x00, 0xb2, 0x11, 0x02, 0x0f, 0x66
	.byte 0x06, 0x3f, 0x00, 0x20, 0x92, 0x4a, 0xf1, 0x00
	.byte 0x0d, 0x00, 0xc0, 0x11, 0x00, 0x0a, 0x6b, 0x06
	.byte 0x7f, 0x00, 0x20, 0x98, 0x22, 0x03, 0x02, 0x0f
	.byte 0x6c, 0x06, 0x03, 0x00, 0x20, 0x86, 0x4a, 0xf1
	.byte 0x00, 0x03, 0x00, 0x9f, 0x22, 0x02, 0x0f, 0x6c
	.byte 0x06, 0x0c, 0x02, 0x20, 0x86, 0x4a, 0xf1, 0x00
	.byte 0x03, 0x00, 0xa3, 0x22, 0x03, 0x0b, 0x60, 0x06
	.byte 0x07, 0x00, 0x05, 0xf0, 0x4d, 0xf1, 0x00, 0x5b
	.byte 0x4a, 0xf1, 0x00, 0xf7, 0x49, 0xf1, 0x00, 0x06
	.byte 0x4a, 0xf1, 0x00, 0x15, 0x4a, 0xf1, 0x00, 0x24
	.byte 0x4a, 0xf1, 0x00, 0x15, 0x4a, 0xf1, 0x00, 0x24
	.byte 0x4a, 0xf1, 0x00, 0x33, 0x4a, 0xf1, 0x00, 0x4f
	.ascii "FF ON---INV-------------PITCH BEND   AMP ENV SUST FILTER CUTOFFPTCH LFO1 DEPPTCH LFO2 DEPPTCH LFO3 DEPPTCH LFO4 DEPAMP LFO1 DEP AMP LFO2 DEP AMP LFO3 DEP AMP LFO4 DEP FLT LFO1 DEP FLT LFO2 DEP FLT LFO3 DEP FLT LFO4 DEP PTCH LFO1 SPDPTCH LFO2 SPDPTCH LFO3 SPDPTCH LFO4 SPDAMP LFO1 SPD AMP LFO2 SPD AMP LFO3 SPD AMP LFO4 SPD FLT LFO1 SPD FLT LFO2 SPD FLT LFO3 SPD FLT LFO4 SPD            28           29           30           31           32           33           34           35           36           37           38           39           40           41           42           43           44           45           46           47           48           49           50           51           52           53           54           55           56           57           58           59           60           61           62           63"
	.byte 0x05, 0x0a, 0x4d, 0x00, 0x4a
	.byte 0x00, 0x2a, 0x01, 0x59, 0x00, 0x05, 0x0a, 0x4d
	.byte 0x00, 0x6e, 0x00, 0x2a, 0x01, 0x7d, 0x00, 0x05
	.byte 0x0a, 0x4d, 0x00, 0x8d, 0x00, 0x2a, 0x01, 0x9c
	.byte 0x00, 0x4d, 0x00, 0x4a, 0x00, 0xba, 0x00, 0x59
	.byte 0x00, 0x4d, 0x00, 0x4a, 0x00, 0xba, 0x00, 0x59
	.byte 0x00, 0xbe, 0x00, 0x4a, 0x00, 0x2a, 0x01, 0x59
	.byte 0x00, 0x4d, 0x00, 0x8d, 0x00, 0xba, 0x00, 0x9c
	.byte 0x00, 0xbe, 0x00, 0x8d, 0x00, 0x2a, 0x01, 0x9c
	.byte 0x00, 0x4d, 0x00, 0x6e, 0x00, 0xba, 0x00, 0x7d
	.byte 0x00, 0xbe, 0x00, 0x6e, 0x00, 0x2a, 0x01, 0x7d
	.byte 0x00, 0x02, 0x0f, 0x60, 0x06, 0x10, 0x04, 0x20
	.byte 0x46, 0x4e, 0xf1, 0x00, 0x04, 0x00, 0x7b, 0x0e
	.byte 0x02, 0x0f, 0x60, 0x06, 0x20, 0x05, 0x20, 0x4e
	.byte 0x4e, 0xf1, 0x00, 0x07, 0x00, 0x4b, 0x11, 0x4c
	.ascii "ONGHOLDDISABLEENABLE "
	.byte 0x06, 0x0b, 0x10
	.byte 0x01
	.ascii "PAGE2/3"
	.byte 0x09, 0x0a, 0x65, 0x00, 0x3a, 0x00, 0xc5, 0x00
	.byte 0x48, 0x00, 0x1b, 0x0a, 0x63, 0x00, 0x36, 0x00
	.byte 0xc3, 0x00, 0x44, 0x00, 0x09, 0x0a, 0x63, 0x00
	.byte 0x36, 0x00, 0xc3, 0x00, 0x44, 0x00, 0x1b, 0x0a
	.byte 0x61, 0x00, 0x32, 0x00, 0xc1, 0x00, 0x40, 0x00
	.byte 0x09, 0x0a, 0x61, 0x00, 0x32, 0x00, 0xc1, 0x00
	.byte 0x40, 0x00, 0x1b, 0x0a, 0x5f, 0x00, 0x2e, 0x00
	.byte 0xbf, 0x00, 0x3c, 0x00, 0x09, 0x0a, 0x5f, 0x00
	.byte 0x2e, 0x00, 0xbf, 0x00, 0x3c, 0x00, 0x17, 0x0a
	.byte 0x83, 0x00, 0x23, 0x00
	.byte 0x54, 0x4f, 0x4e, 0x45
	.byte 0x17, 0x13, 0x67, 0x00, 0x32, 0x00, 0x54, 0x4f
	.ascii "NE WAVEFORM"
	.byte 0x17, 0x13, 0x55, 0x00, 0x67
	.byte 0x00
	.ascii "TONE WAVEFORM"
	.byte 0x17, 0x0e
	.byte 0xc3, 0x00, 0x67, 0x00
	.ascii "VELOCITY"
	.byte 0x17, 0x0a, 0x58, 0x00
	.byte 0xc8, 0x00
	.byte 0x54, 0x4f, 0x4e, 0x45
	.byte 0x06, 0x0a
	.ascii "* CURS0R"
	.byte 0x17, 0x0b, 0x24, 0x00, 0xd1, 0x00, 0x47, 0x52
	.byte 0x4f, 0x55, 0x50, 0x17, 0x0e, 0x4c, 0x00, 0xd1
	.byte 0x00
	.ascii "WAVEFORM"
	.byte 0x17, 0x0e, 0xc4, 0x00, 0xd1, 0x00, 0x56
	.ascii "ELOCITY"
	.byte 0x06
	.byte 0x05, 0x16, 0x22, 0x8d, 0x06, 0x05, 0x1c, 0x22
	.byte 0x8d, 0x06, 0x05, 0x2b, 0x22, 0x8d, 0x07, 0x05
	.byte 0x0d, 0x22, 0x8d, 0x06, 0x05, 0xa6, 0x23, 0x8e
	.byte 0x06, 0x05, 0xac, 0x23, 0x8e, 0x06, 0x05, 0xbb
	.byte 0x23, 0x8e, 0x07, 0x05, 0x9d, 0x23, 0x8e, 0x22
	.byte 0x0a, 0x3c, 0x00, 0x61, 0x00, 0xfd, 0x00, 0xb7
	.byte 0x00, 0x22, 0x0a, 0x29, 0x00, 0xda, 0x00, 0x3e
	.byte 0x00, 0xee, 0x00, 0x22, 0x0a, 0x59, 0x00, 0xda
	.byte 0x00, 0x6e, 0x00, 0xee, 0x00, 0x22, 0x0a, 0xd1
	.byte 0x00, 0xda, 0x00, 0xe6, 0x00, 0xee, 0x00, 0x22
	.byte 0x0a, 0x1d, 0x01, 0xda, 0x00, 0x3a, 0x01, 0xee
	.byte 0x00, 0x01, 0x0a, 0x55, 0x00, 0x26, 0x00, 0x80
	.byte 0x00, 0x26, 0x00, 0x01, 0x0a, 0x9d, 0x00, 0x26
	.byte 0x00, 0xcf, 0x00, 0x26, 0x00, 0x09, 0x0a, 0xcf
	.byte 0x00, 0x39, 0x00, 0xf5, 0x00, 0x3a, 0x00, 0x01
	.byte 0x0a, 0xf2, 0x00, 0x3a, 0x00, 0xf5, 0x00, 0x3a
	.byte 0x00, 0x01, 0x0a, 0x55, 0x00, 0x51, 0x00, 0xcf
	.byte 0x00, 0x51, 0x00, 0x01, 0x0a, 0x3c, 0x00, 0x72
	.byte 0x00, 0xfd, 0x00, 0x72, 0x00, 0x01, 0x0a, 0x29
	.byte 0x00, 0xe4, 0x00, 0x3e, 0x00, 0xe4, 0x00, 0x01
	.byte 0x0a, 0x59, 0x00, 0xe4, 0x00, 0x6e, 0x00, 0xe4
	.byte 0x00, 0x01, 0x0a, 0xd1, 0x00, 0xe4, 0x00, 0xe6
	.byte 0x00, 0xe4, 0x00, 0x01, 0x0a, 0x1d, 0x01, 0xe4
	.byte 0x00, 0x3a, 0x01, 0xe4, 0x00, 0x02, 0x0a, 0x55
	.byte 0x00, 0x26, 0x00, 0x55, 0x00, 0x51, 0x00, 0x02
	.byte 0x0a, 0xbd, 0x00, 0x61, 0x00, 0xbd, 0x00, 0xb7
	.byte 0x00, 0x02, 0x0a, 0xcf, 0x00, 0x26, 0x00, 0xcf
	.byte 0x00, 0x51, 0x00, 0x02, 0x0a, 0xf2, 0x00, 0x36
	.byte 0x00, 0xf2, 0x00, 0x3d, 0x00, 0x02, 0x0a, 0xf3
	.byte 0x00, 0x37, 0x00, 0xf3, 0x00, 0x3c, 0x00, 0x02
	.byte 0x0a, 0xf4, 0x00, 0x38, 0x00, 0xf4, 0x00, 0x3b
	.byte 0x00, 0x1c, 0x13, 0x72, 0x00, 0x05, 0x00, 0x54
	.ascii "ONE DYNAMICS"
	.byte 0x17, 0x10, 0x06, 0x00
	.byte 0x07, 0x00
	.ascii "SOUND EDIT"
	.byte 0x09, 0x0a, 0x04, 0x00
	.byte 0x04, 0x00, 0x44, 0x00, 0x10, 0x00, 0x07, 0x05
	.byte 0xb7, 0x0b, 0x11, 0x20, 0x07, 0xdb, 0x0b, 0x59
	.byte 0x45, 0x53, 0x07, 0x05, 0xcf, 0x11, 0x11, 0x20
	.byte 0x06, 0xf3, 0x11, 0x4e, 0x4f, 0x09, 0x0a, 0x13
	.byte 0x01, 0x46, 0x00, 0x35, 0x01, 0x59, 0x00, 0x09
	.byte 0x0a, 0x15, 0x01, 0x48, 0x00, 0x33, 0x01, 0x57
	.byte 0x00, 0x09, 0x0a, 0x13, 0x01, 0x6d, 0x00, 0x35
	.byte 0x01, 0x80, 0x00, 0x09, 0x0a, 0x15, 0x01, 0x6f
	.byte 0x00, 0x33, 0x01, 0x7e, 0x00, 0x08, 0x0e, 0x07
	.byte 0x0a
	.ascii "ATTENTION!"
	.byte 0x07, 0x1e, 0x6c, 0x10, 0x54
	.ascii "HE SELECTED DRUM KIT WILL"
	.byte 0x07, 0x1e, 0xf4, 0x14, 0x42, 0x45, 0x20
	.ascii "COPIED TO THE USER KIT."
	.byte 0x08
	.byte 0x11, 0xf4, 0x19
	.ascii "ARE YOU SURE?\""
	.byte 0x0a, 0x07, 0x00, 0x2f, 0x00, 0x0b, 0x01
	.byte 0xcc, 0x00, 0x09, 0x0a, 0x36, 0x00, 0x50, 0x00
	.byte 0xd4, 0x00, 0x51, 0x00, 0x08, 0x0c, 0xd9, 0x07
	.ascii "ACHTUNG!"
	.byte 0x07, 0x23, 0x89, 0x0e
	.ascii "SIE KOPIEREN EIN PRESET-DRUMKIT"
	.byte 0x07, 0x14, 0x71, 0x12, 0x49
	.ascii "N DAS USER KIT."
	.byte 0x08
	.byte 0x14, 0xa1, 0x19
	.ascii "SIND SIE SICHER?\""
	.byte 0x0a, 0x02, 0x00, 0x21
	.byte 0x00, 0x0b, 0x01, 0xc9, 0x00, 0x09, 0x0a, 0x48
	.byte 0x00, 0x42, 0x00, 0xc6, 0x00, 0x43, 0x00, 0x08
	.byte 0x0e, 0x77, 0x08
	.ascii "ATTENTION!"
	.byte 0x07, 0x1c, 0x8d
	.byte 0x0e
	.ascii "COPIE DU DRUMKIT VERS LE"
	.byte 0x07, 0x0d, 0x75, 0x12, 0x55, 0x53, 0x45
	.ascii "R KIT."
	.byte 0x07, 0x17
	.byte 0x40, 0x18
	.ascii "VEUILLEZ CONFIRMER,"
	.byte 0x07, 0x05, 0xc2
	.byte 0x1a, 0x2c, 0x07, 0x05, 0x51, 0x1c, 0x53, 0x07
	.byte 0x12, 0x53, 0x1c
	.ascii "IL VOUS PLAIT!\""
	.byte 0x0a, 0x03, 0x00, 0x25, 0x00, 0x0e
	.byte 0x01, 0xd2, 0x00, 0x09, 0x0a, 0x36, 0x00, 0x46
	.byte 0x00, 0xd8, 0x00, 0x47, 0x00, 0x08, 0x0d, 0x30
	.byte 0x0a
	.ascii "ATENCION!"
	.byte 0x07, 0x21, 0x7b, 0x0f, 0x43, 0x4f
	.ascii "PIA DEL EQUIPO DE TAMBOR EN"
	.byte 0x07, 0x1a, 0x8b, 0x13, 0x45
	.ascii "L EQUIPO DEL USUARIO."
	.byte 0x08, 0x09, 0x7c
	.byte 0x19, 0xbb, 0x45, 0x53, 0x54, 0xb4, 0x08, 0x0b
	.byte 0x88, 0x19
	.ascii "SEGURO?\""
	.byte 0x0a, 0x07, 0x00, 0x2f, 0x00, 0x0b
	.byte 0x01, 0xcc, 0x00, 0x09, 0x0a, 0x40, 0x00, 0x51
	.byte 0x00, 0xcb, 0x00, 0x52, 0x00, 0x08, 0x0f, 0x56
	.byte 0x0a
	.ascii "ATTENZIONE!"
	.byte 0x07, 0x19, 0xbe, 0x10
	.ascii "COPIATURA DEL DRUMKIT"
	.byte 0x07, 0x05, 0x41
	.byte 0x13, 0x2c, 0x07, 0x07, 0xce, 0x14, 0x41, 0x4c
	.byte 0x4c, 0x07, 0x0d, 0xd2, 0x14, 0x55, 0x53, 0x45
	.ascii "R KIT."
	.byte 0x08, 0x11
	.byte 0xbc, 0x1a
	.ascii "SIETE SICURI?\""
	.byte 0x0a, 0x07, 0x00, 0x2f, 0x00, 0x0b, 0x01, 0xcc
	.byte 0x00, 0x09, 0x0a, 0x2e, 0x00, 0x52, 0x00, 0xdd
	.byte 0x00, 0x53, 0x00, 0x8c, 0x50, 0xf1, 0x00, 0xfb
	.byte 0x50, 0xf1, 0x00, 0x66, 0x51, 0xf1, 0x00, 0xe4
	.byte 0x51, 0xf1, 0x00, 0x54, 0x52, 0xf1, 0x00, 0xba
	.byte 0x52, 0xf1, 0x00, 0x06, 0x05, 0x12, 0x22, 0x8d
	.byte 0x06, 0x05, 0xa2, 0x23, 0x8e, 0x22, 0x0a, 0x09
	.byte 0x00, 0xda, 0x00, 0x1e, 0x00, 0xee, 0x00, 0x01
	.byte 0x0a, 0x09, 0x00, 0xe4, 0x00, 0x1e, 0x00, 0xe4
	.byte 0x00, 0x06, 0x05, 0x17, 0x22, 0x8d, 0x06, 0x05
	.byte 0xa7, 0x23, 0x8e, 0x22, 0x0a, 0x31, 0x00, 0xda
	.byte 0x00, 0x46, 0x00, 0xee, 0x00, 0x01, 0x0a, 0x31
	.byte 0x00, 0xe4, 0x00, 0x46, 0x00, 0xe4, 0x00, 0x06
	.byte 0x05, 0x1c, 0x22, 0x8d, 0x06, 0x05, 0xac, 0x23
	.byte 0x8e, 0x22, 0x0a, 0x59, 0x00, 0xda, 0x00, 0x6e
	.byte 0x00, 0xee, 0x00, 0x01, 0x0a, 0x59, 0x00, 0xe4
	.byte 0x00, 0x6e, 0x00, 0xe4, 0x00, 0x06, 0x05, 0x21
	.byte 0x22, 0x8d, 0x06, 0x05, 0xb1, 0x23, 0x8e, 0x22
	.byte 0x0a, 0x81, 0x00, 0xda, 0x00, 0x96, 0x00, 0xee
	.byte 0x00, 0x01, 0x0a, 0x81, 0x00, 0xe4, 0x00, 0x96
	.byte 0x00, 0xe4, 0x00, 0x06, 0x05, 0x26, 0x22, 0x8d
	.byte 0x06, 0x05, 0xb6, 0x23, 0x8e, 0x22, 0x0a, 0xa9
	.byte 0x00, 0xda, 0x00, 0xbe, 0x00, 0xee, 0x00, 0x01
	.byte 0x0a, 0xa9, 0x00, 0xe4, 0x00, 0xbe, 0x00, 0xe4
	.byte 0x00, 0x06, 0x05, 0x2b, 0x22, 0x8d, 0x06, 0x05
	.byte 0xbb, 0x23, 0x8e, 0x22, 0x0a, 0xd1, 0x00, 0xda
	.byte 0x00, 0xe6, 0x00, 0xee, 0x00, 0x01, 0x0a, 0xd1
	.byte 0x00, 0xe4, 0x00, 0xe6, 0x00, 0xe4, 0x00, 0x06
	.byte 0x05, 0x30, 0x22, 0x8d, 0x06, 0x05, 0xc0, 0x23
	.byte 0x8e, 0x22, 0x0a, 0xf9, 0x00, 0xda, 0x00, 0x0e
	.byte 0x01, 0xee, 0x00, 0x01, 0x0a, 0xf9, 0x00, 0xe4
	.byte 0x00, 0x0e, 0x01, 0xe4, 0x00, 0x06, 0x05, 0x35
	.byte 0x22, 0x8d, 0x06, 0x05, 0xc5, 0x23, 0x8e, 0x22
	.byte 0x0a, 0x21, 0x01, 0xda, 0x00, 0x36, 0x01, 0xee
	.byte 0x00, 0x01, 0x0a, 0x21, 0x01, 0xe4, 0x00, 0x36
	.byte 0x01, 0xe4, 0x00, 0x06, 0x0d, 0x0b, 0x19, 0x49
	.ascii "NTENSITY"
	.byte 0x06, 0x05, 0x19, 0x19, 0x3a, 0x17, 0x0d, 0xf0
	.byte 0x00, 0xd1, 0x00
	.byte 0x49, 0x4e, 0x54, 0x45, 0x4e
	.byte 0x53, 0x2e, 0x23, 0x05, 0x0a, 0x82, 0x00, 0x1c
	.byte 0x14, 0x6f, 0x00, 0x05, 0x00, 0x44, 0x49, 0x47
	.ascii "ITAL EFFECT"
	.byte 0x17, 0x10, 0x06, 0x00, 0x07
	.byte 0x00
	.ascii "SOUND EDIT"
	.byte 0x06, 0x08, 0x03, 0x08, 0x54
	.byte 0x59, 0x50, 0x45, 0x06, 0x05, 0x08, 0x08, 0x3a
	.byte 0x17, 0x07, 0x36, 0x01, 0x46, 0x00, 0x91, 0x07
	.byte 0x05, 0x68, 0x0b, 0x10, 0x07, 0x07, 0x8c, 0x0b
	.byte 0x8d, 0x20, 0x20, 0x07, 0x05, 0xb7, 0x0b, 0xa9
	.byte 0x06, 0x08, 0xaa, 0x0e
	.byte 0x54, 0x59, 0x50, 0x45
	.byte 0x17, 0x07, 0x36, 0x01, 0x6d, 0x00, 0x91, 0x07
	.byte 0x05, 0x80, 0x11, 0x10, 0x07, 0x07, 0xa4, 0x11
	.byte 0x8e, 0x20, 0x20, 0x07, 0x05, 0xcf, 0x11, 0xa9
	.byte 0x06, 0x13, 0x63, 0x1b
	.ascii "REVERB DEPTH  :"
	.byte 0x17, 0x0c, 0x1a, 0x01, 0xd1
	.byte 0x00
	.ascii "REVERB"
	.byte 0x09
	.byte 0x0a, 0x04, 0x00, 0x04, 0x00, 0x44, 0x00, 0x10
	.byte 0x00, 0x22, 0x0a, 0x47, 0x00, 0x2e, 0x00, 0xfb
	.byte 0x00, 0xbb, 0x00, 0x09, 0x0a, 0x12, 0x01, 0x45
	.byte 0x00, 0x35, 0x01, 0x58, 0x00, 0x09, 0x0a, 0x0c
	.byte 0x00, 0x46, 0x00, 0x2c, 0x00, 0x59, 0x00, 0x09
	.byte 0x0a, 0x14, 0x01, 0x47, 0x00, 0x33, 0x01, 0x56
	.byte 0x00, 0x09, 0x0a, 0x0e, 0x00, 0x48, 0x00, 0x2a
	.byte 0x00, 0x57, 0x00, 0x09, 0x0a, 0x0c, 0x00, 0x6c
	.byte 0x00, 0x44, 0x00, 0x7f, 0x00, 0x09, 0x0a, 0x12
	.byte 0x01, 0x6c, 0x00, 0x35, 0x01, 0x7f, 0x00, 0x09
	.byte 0x0a, 0x0e, 0x00, 0x6e, 0x00, 0x42, 0x00, 0x7d
	.byte 0x00, 0x09, 0x0a, 0x14, 0x01, 0x6e, 0x00, 0x33
	.byte 0x01, 0x7d, 0x00, 0x01, 0x0a, 0x47, 0x00, 0x41
	.byte 0x00, 0xfb, 0x00, 0x41, 0x00, 0x23, 0x05, 0x0a
	.byte 0x82, 0x00, 0x06, 0x09, 0xfb, 0x0a, 0x44, 0x45
	.byte 0x50, 0x54, 0x48, 0x06, 0x05, 0x09, 0x0b, 0x3a
	.byte 0x06, 0x09, 0x53, 0x0d
	.byte 0x53, 0x50, 0x45, 0x45
	.byte 0x44, 0x06, 0x05, 0x61, 0x0d, 0x3a, 0x06, 0x0a
	.byte 0xab, 0x0f
	.ascii "DETUNE"
	.byte 0x06, 0x05, 0xb9, 0x0f, 0x3a, 0x06, 0x09, 0x03
	.byte 0x12
	ld	xix, 0x59414c45
	.byte 0x06, 0x05
	.byte 0x11, 0x12, 0x3a, 0x06, 0x0b, 0x5b, 0x14, 0x42
	.ascii "ALANCE"
	.byte 0x06, 0x05
	.byte 0x69, 0x14, 0x3a, 0x17, 0x0b, 0x06, 0x00, 0xd1
	.byte 0x00
	ld	xix, 0x48545045
	.byte 0x17, 0x0b
	.byte 0x2d, 0x00, 0xd1, 0x00
	.byte 0x53, 0x50, 0x45, 0x45
	.byte 0x44, 0x17, 0x0c, 0x52, 0x00, 0xd1, 0x00, 0x44
	ld	xiy, 0x454e5554
	.byte 0x17, 0x0b, 0x7c
	.byte 0x00, 0xd1, 0x00
	ld	xix, 0x59414c45
	.byte 0x17, 0x0d, 0xa0, 0x00, 0xd1, 0x00, 0x42, 0x41
	.byte 0x4c, 0x41, 0x4e, 0x43, 0x45
	.byte 0x06, 0x0a, 0xfb
	.byte 0x0a
	.ascii "DEPTH1"
	.byte 0x06
	.byte 0x05, 0x09, 0x0b, 0x3a, 0x06, 0x0a, 0x53, 0x0d
	.ascii "SPEED1"
	.byte 0x06, 0x05
	.byte 0x61, 0x0d, 0x3a, 0x06, 0x0a, 0xab, 0x0f, 0x44
	ld	xiy, 0x32485450
	.byte 0x06, 0x05, 0xb9
	.byte 0x0f, 0x3a, 0x06, 0x0a, 0x03, 0x12, 0x53, 0x50
	.byte 0x45, 0x45, 0x44, 0x32
	.byte 0x06, 0x05, 0x11, 0x12
	.byte 0x3a, 0x06, 0x0a, 0x5b, 0x14, 0x44, 0x45, 0x54
	.byte 0x55, 0x4e, 0x45, 0x06, 0x05, 0x69, 0x14, 0x3a
	.byte 0x06, 0x09, 0xb3, 0x16
	.byte 0x44, 0x45, 0x4c, 0x41
	.byte 0x59, 0x06, 0x05, 0xc1, 0x16, 0x3a, 0x17, 0x0c
	.byte 0x02, 0x00, 0xd1, 0x00
	.byte 0x44, 0x45, 0x50, 0x54
	.byte 0x48, 0x31, 0x17, 0x0c, 0x2a, 0x00, 0xd1, 0x00
	.ascii "SPEED1"
	.byte 0x17, 0x0c
	.byte 0x52, 0x00, 0xd1, 0x00
	.byte 0x44, 0x45, 0x50, 0x54
	.byte 0x48, 0x32, 0x17, 0x0c, 0x7a, 0x00, 0xd1, 0x00
	.ascii "SPEED2"
	.byte 0x17, 0x0c
	.byte 0xa2, 0x00, 0xd1, 0x00
	.byte 0x44, 0x45, 0x54, 0x55
	.byte 0x4e, 0x45, 0x17, 0x0b, 0xcd, 0x00, 0xd1, 0x00
	ld	xix, 0x59414c45
	.byte 0x06, 0x09, 0xfb
	.byte 0x0a
	ld	xix, 0x48545045
	.byte 0x06, 0x05
	.byte 0x09, 0x0b, 0x3a, 0x06, 0x09, 0x53, 0x0d, 0x53
	.byte 0x50, 0x45, 0x45, 0x44
	.byte 0x06, 0x05, 0x61, 0x0d
	.byte 0x3a, 0x06, 0x08, 0xab, 0x0f, 0x57, 0x41, 0x56
	.byte 0x45, 0x06, 0x05, 0xb9, 0x0f, 0x3a, 0x06, 0x0b
	.byte 0x03, 0x12
	.ascii "BALANCE"
	.byte 0x06, 0x05, 0x11, 0x12, 0x3a, 0x17, 0x0b
	.byte 0x05, 0x00, 0xd1, 0x00
	.byte 0x44, 0x45, 0x50, 0x54
	.byte 0x48, 0x17, 0x0b, 0x2c, 0x00, 0xd1, 0x00, 0x53
	.byte 0x50, 0x45, 0x45, 0x44
	.byte 0x17, 0x0a, 0x58, 0x00
	.byte 0xd1, 0x00
	.byte 0x57, 0x41, 0x56, 0x45
	.byte 0x17, 0x0d
	.byte 0x77, 0x00, 0xd1, 0x00
	.byte 0x42, 0x41, 0x4c, 0x41
	.byte 0x4e, 0x43, 0x45, 0x06, 0x0a, 0xfb, 0x0a, 0x44
	ld	xiy, 0x31485450
	.byte 0x06, 0x05, 0x09
	.byte 0x0b, 0x3a, 0x06, 0x0a, 0x53, 0x0d, 0x53, 0x50
	.byte 0x45, 0x45, 0x44, 0x31
	.byte 0x06, 0x05, 0x61, 0x0d
	.byte 0x3a, 0x06, 0x0a, 0xab, 0x0f, 0x44, 0x45, 0x50
	.byte 0x54, 0x48, 0x32, 0x06, 0x05, 0xb9, 0x0f, 0x3a
	.byte 0x06, 0x0a, 0x03, 0x12
	.byte 0x53, 0x50, 0x45, 0x45
	.byte 0x44, 0x32, 0x06, 0x05, 0x11, 0x12, 0x3a, 0x17
	.byte 0x0c, 0x02, 0x00, 0xd1, 0x00, 0x44, 0x45, 0x50
	.byte 0x54, 0x48, 0x31, 0x17, 0x0c, 0x2a, 0x00, 0xd1
	.byte 0x00
	.ascii "SPEED1"
	.byte 0x17
	.byte 0x0c, 0x52, 0x00, 0xd1, 0x00, 0x44, 0x45, 0x50
	.byte 0x54, 0x48, 0x32, 0x17, 0x0c, 0x7a, 0x00, 0xd1
	.byte 0x00
	.ascii "SPEED2"
	.byte 0x06
	.byte 0x09, 0xfb, 0x0a
	ld	xix, 0x59414c45
	.byte 0x06, 0x05, 0x09, 0x0b, 0x3a, 0x06, 0x0a, 0x53
	.byte 0x0d
	.ascii "DETUNE"
	.byte 0x06
	.byte 0x05, 0x61, 0x0d, 0x3a, 0x06, 0x0d, 0xab, 0x0f
	.ascii "KEY SHIFT"
	.byte 0x06, 0x05, 0xb9, 0x0f, 0x3a, 0x06, 0x0b
	.byte 0x03, 0x12
	.ascii "BALANCE"
	.byte 0x06, 0x05, 0x11, 0x12, 0x3a, 0x17, 0x0b
	.byte 0x02, 0x00, 0xd1, 0x00
	.byte 0x44, 0x45, 0x4c, 0x41
	.byte 0x59, 0x17, 0x0c, 0x2a, 0x00, 0xd1, 0x00, 0x44
	ld	xiy, 0x454e5554
	.byte 0x17, 0x09, 0x5b
	.byte 0x00, 0xd1, 0x00, 0x4b, 0x45, 0x59, 0x17, 0x0d
	.byte 0x78, 0x00, 0xd1, 0x00
	.byte 0x42, 0x41, 0x4c, 0x41
	.byte 0x4e, 0x43, 0x45, 0x06, 0x09, 0xfb, 0x0a, 0x53
	.byte 0x50, 0x45, 0x45, 0x44
	.byte 0x06, 0x05, 0x09, 0x0b
	.byte 0x3a, 0x06, 0x09, 0x53, 0x0d, 0x44, 0x45, 0x43
	.byte 0x41, 0x59, 0x06, 0x05, 0x61, 0x0d, 0x3a, 0x06
	pushw 0x0fab
	.byte 0x53, 0x55, 0x53, 0x54, 0x41
	.byte 0x49, 0x4e, 0x06, 0x05, 0xb9, 0x0f, 0x3a, 0x06
	pushw 0x1203
	.byte 0x52, 0x45, 0x4c, 0x45, 0x41
	.byte 0x53, 0x45, 0x06, 0x05, 0x11, 0x12, 0x3a, 0x17
	.byte 0x0b, 0x04, 0x00, 0xd1, 0x00, 0x53, 0x50, 0x45
	.byte 0x45, 0x44, 0x17, 0x0b, 0x2d, 0x00, 0xd1, 0x00
	ld	xix, 0x59414345
	.byte 0x17, 0x0d, 0x50
	.byte 0x00, 0xd1, 0x00
	.byte 0x53, 0x55, 0x53, 0x54, 0x41
	.byte 0x49, 0x4e, 0x17, 0x0d, 0x80, 0x00, 0xd1, 0x00
	.ascii "RELEASE"
	.byte 0x06
	.byte 0x0e, 0xfb, 0x0a
	.ascii "DISTORTION"
	.byte 0x06, 0x05, 0x09
	.byte 0x0b, 0x3a, 0x06, 0x0f, 0x53, 0x0d, 0x54, 0x4f
	.ascii "UCH DEPTH"
	.byte 0x06, 0x05, 0x61, 0x0d, 0x3a, 0x06, 0x09
	.byte 0xab, 0x0f
	ld	xix, 0x48545045
	.byte 0x06
	.byte 0x05, 0xb9, 0x0f, 0x3a, 0x17, 0x0b, 0x07, 0x00
	.byte 0xd1, 0x00
	ld	xix, 0x2e545349
	.byte 0x17
	.byte 0x0b, 0x2d, 0x00, 0xd1, 0x00, 0x54, 0x4f, 0x55
	.byte 0x43, 0x48, 0x17, 0x0b, 0x55, 0x00, 0xd1, 0x00
	ld	xix, 0x48545045
	.byte 0xe1, 0x54, 0xf1
	.byte 0x00, 0x64, 0x55, 0xf1, 0x00, 0xe1, 0x54, 0xf1
	.byte 0x00, 0x64, 0x55, 0xf1, 0x00, 0xe1, 0x54, 0xf1
	.byte 0x00, 0x64, 0x55, 0xf1, 0x00, 0xe1, 0x54, 0xf1
	.byte 0x00, 0x64, 0x55, 0xf1, 0x00, 0x64, 0x55, 0xf1
	.byte 0x00, 0x04, 0x56, 0xf1, 0x00, 0x64, 0x55, 0xf1
	.byte 0x00, 0x04, 0x56, 0xf1, 0x00, 0x04, 0x56, 0xf1
	.byte 0x00, 0x6a, 0x56, 0xf1, 0x00, 0x6a, 0x56, 0xf1
	.byte 0x00, 0xd6, 0x56, 0xf1, 0x00, 0xd6, 0x56, 0xf1
	.byte 0x00, 0x42, 0x57, 0xf1, 0x00, 0x42, 0x57, 0xf1
	.byte 0x00, 0xae, 0x57, 0xf1, 0x00, 0xae, 0x57, 0xf1
	.byte 0x00, 0x04, 0x58, 0xf1, 0x00, 0xae, 0x57, 0xf1
	.byte 0x00, 0x04, 0x58, 0xf1, 0x00, 0x02, 0x0f, 0x60
	.byte 0x06, 0x0f, 0x00, 0x20, 0x01, 0x5b, 0xf1, 0x00
	.byte 0x0d, 0x00, 0x09, 0x08, 0x02, 0x0f, 0x60, 0x06
	.byte 0x80, 0x07, 0x20, 0xd7, 0x14, 0xf1, 0x00, 0x03
	.byte 0x00, 0xba, 0x0b, 0x02, 0x0f, 0x60, 0x06, 0x40
	.byte 0x06, 0x20, 0x9d, 0x5b, 0xf1, 0x00, 0x06, 0x00
	.byte 0xaa, 0x11, 0x05, 0x0b, 0x68, 0x06, 0xff, 0x00
	.byte 0x20, 0x73, 0x1b, 0x02, 0x00, 0x05, 0x0b, 0x67
	.byte 0x06, 0xff, 0x00, 0x20, 0x1b, 0x19, 0x02, 0x00
FlashWrite_BlockHandler_Table:
	.long LABEL_F15907
	.long LABEL_F1593A
	.long LABEL_F15907
	.long LABEL_F1593A
	.long LABEL_F15907
	.long LABEL_F1593A
	.long LABEL_F15907
	.long LABEL_F1593A
	.long LABEL_F15952
	.long FlashRead_BlockHandler_Table
	.long LABEL_F15952
	.long FlashRead_BlockHandler_Table
	.long LABEL_F159B3
	.long LABEL_F159E0
	.long LABEL_F159F4
	.long LABEL_F15A1C
	.long LABEL_F15A30
	.long LABEL_F15A5A
	.long LABEL_F159F4
	.long LABEL_F15A1C
	.long LABEL_F15A6E
	.long LABEL_F15A91
	.long LABEL_F15A6E
	.long LABEL_F15A91
LABEL_F15907:
	.byte 0x00, 0x0a, 0x61, 0x06, 0xff, 0x00, 0x20, 0x0c
	.byte 0x0b, 0x02, 0x00, 0x0a, 0x62, 0x06, 0xff, 0x00
	.byte 0x20, 0x64, 0x0d, 0x02, 0x05, 0x0b, 0x63, 0x06
	.byte 0xff, 0x00, 0x20, 0xbb, 0x0f, 0x02, 0x00, 0x00
	.byte 0x0a, 0x64, 0x06, 0xff, 0x00, 0x20, 0x14, 0x12
	.byte 0x02, 0x00, 0x0a, 0x65, 0x06, 0xff, 0x00, 0x20
	.byte 0x6b, 0x14, 0x03
LABEL_F1593A:
	.byte 0x07, 0x59, 0xf1, 0x00, 0x07
	.byte 0x59, 0xf1, 0x00, 0x11, 0x59, 0xf1, 0x00, 0x1b
	.byte 0x59, 0xf1, 0x00, 0x26, 0x59, 0xf1, 0x00, 0x30
	.byte 0x59, 0xf1, 0x00
LABEL_F15952:
	.byte 0x00, 0x0a, 0x61, 0x06, 0xff
	.byte 0x00, 0x20, 0x0c, 0x0b, 0x02
LABEL_F1595C:
	.byte 0x00, 0x0a, 0x62
	.byte 0x06, 0xff, 0x00, 0x20, 0x64, 0x0d, 0x02
LABEL_F15966:
	.byte 0x00
	.byte 0x0a, 0x63, 0x06, 0xff, 0x00, 0x20, 0xbc, 0x0f
	.byte 0x02
LABEL_F15970:
	.byte 0x00, 0x0a, 0x64, 0x06, 0xff, 0x00, 0x20
	.byte 0x14, 0x12, 0x02
LABEL_F1597A:
	.byte 0x05, 0x0b, 0x65, 0x06, 0xff
	.byte 0x00, 0x20, 0x6b, 0x14, 0x02, 0x00
LABEL_F15985:
	.byte 0x00, 0x0a
	.long TmFlashWrite_Block3
	.byte 0x20, 0xc4, 0x16, 0x02
FlashRead_BlockHandler_Table:
	.long LABEL_F15952
	.long LABEL_F15952
	.long LABEL_F1595C
	.long LABEL_F15966
	.long LABEL_F15970
	.long LABEL_F1597A
	.long LABEL_F15985
	.long LABEL_F1589C
	.long LABEL_F15891
LABEL_F159B3:
	.byte 0x00, 0x0a, 0x61, 0x06
	.byte 0xff, 0x00, 0x20, 0x0c, 0x0b, 0x02, 0x00, 0x0a
	.long TmFlashWrite_Block2
	ldb	w, 100
	decf
	push_sr
	push_sr
	retd	1635
	retd	8192
	ldw	iz, 61749
	nop
	pop_sr
	nop
	ld	(xhl+15), 10
	jr	ov, 6
	swi	7
	nop
	ldb	w, 19
	ccf
	.byte 0x03
LABEL_F159E0:
	.byte 0xb3, 0x59, 0xf1, 0x00, 0xb3, 0x59, 0xf1
	.byte 0x00, 0xbd, 0x59, 0xf1, 0x00, 0xc7, 0x59, 0xf1
	.byte 0x00, 0xd6, 0x59, 0xf1, 0x00
LABEL_F159F4:
	.byte 0x00, 0x0a, 0x61
	.byte 0x06, 0xff, 0x00, 0x20, 0x0c, 0x0b, 0x02, 0x00
	.byte 0x0a, 0x62, 0x06, 0xff, 0x00, 0x20, 0x64, 0x0d
	.byte 0x02, 0x00, 0x0a, 0x63, 0x06, 0xff, 0x00, 0x20
	.byte 0xbc, 0x0f, 0x02, 0x00, 0x0a, 0x64, 0x06, 0xff
	.byte 0x00, 0x20, 0x14, 0x12, 0x02
LABEL_F15A1C:
	.byte 0xf4, 0x59, 0xf1
	.byte 0x00, 0xf4, 0x59, 0xf1, 0x00, 0xfe, 0x59, 0xf1
	.byte 0x00, 0x08, 0x5a, 0xf1, 0x00, 0x12, 0x5a, 0xf1
	.byte 0x00
LABEL_F15A30:
	.byte 0x00, 0x0a, 0x61, 0x06, 0xff, 0x00, 0x20
	.byte 0x0c, 0x0b, 0x02, 0x05, 0x0b, 0x62, 0x06, 0xff
	.byte 0x00, 0x20, 0x63, 0x0d, 0x02, 0x00, 0x05, 0x0b
	.byte 0x63, 0x06, 0xff, 0x00, 0x20, 0xbb, 0x0f, 0x02
	.byte 0x00, 0x00, 0x0a, 0x64, 0x06, 0xff, 0x00, 0x20
	.byte 0x13, 0x12, 0x03
LABEL_F15A5A:
	.byte 0x30, 0x5a, 0xf1, 0x00, 0x30
	.byte 0x5a, 0xf1, 0x00, 0x3a, 0x5a, 0xf1, 0x00, 0x45
	.byte 0x5a, 0xf1, 0x00, 0x50, 0x5a, 0xf1, 0x00
LABEL_F15A6E:
	.byte 0x02
	.byte 0x0f, 0x61, 0x06, 0x01, 0x00, 0x20, 0xd1, 0x14
	.byte 0xf1, 0x00, 0x03, 0x00, 0x0b, 0x0b, 0x00, 0x0a
	.byte 0x62, 0x06, 0xff, 0x00, 0x20, 0x64, 0x0d, 0x02
	.byte 0x00, 0x0a, 0x63, 0x06, 0xff, 0x00, 0x20, 0xbb
	.byte 0x0f, 0x03
LABEL_F15A91:
	.byte 0x6e, 0x5a, 0xf1, 0x00, 0x6e, 0x5a
	.byte 0xf1, 0x00, 0x7d, 0x5a, 0xf1, 0x00, 0x87, 0x5a
	.byte 0xf1, 0x00, 0x3a, 0x59, 0xf1, 0x00, 0x3a, 0x59
	.byte 0xf1, 0x00, 0x3a, 0x59, 0xf1, 0x00, 0x3a, 0x59
	.byte 0xf1, 0x00, 0x8f, 0x59, 0xf1, 0x00, 0x8f, 0x59
	.byte 0xf1, 0x00, 0xe0, 0x59, 0xf1, 0x00, 0x1c, 0x5a
	.byte 0xf1, 0x00, 0x5a, 0x5a, 0xf1, 0x00, 0x1c, 0x5a
	.byte 0xf1, 0x00, 0x91, 0x5a, 0xf1, 0x00, 0x91, 0x5a
	.byte 0xf1, 0x00, 0x68, 0x53, 0xf1, 0x00, 0x68, 0x53
	.byte 0xf1, 0x00, 0x68, 0x53, 0xf1, 0x00, 0x68, 0x53
	.byte 0xf1, 0x00, 0x86, 0x53, 0xf1, 0x00, 0x86, 0x53
	.byte 0xf1, 0x00, 0x4a, 0x53, 0xf1, 0x00, 0x4a, 0x53
	.byte 0xf1, 0x00, 0x4a, 0x53, 0xf1, 0x00, 0x4a, 0x53
	.byte 0xf1, 0x00, 0x2c, 0x53, 0xf1, 0x00, 0x2c, 0x53
	.byte 0xf1, 0x00
	.ascii "CELESTE 1    CELESTE 2    CHORUS 1     CHORUS 2     ENSEMBLE 1   ENSEMBLE 2   TREMOLO      ORGAN TREMOLOSINGLE DELAY REPEAT DELAY SOLO EFFECT 1SOLO EFFECT 2MONO  STEREO#"
	.byte 0x05, 0x62, 0x84, 0x00, 0x1c
	.byte 0x0f, 0x7b, 0x00, 0x05, 0x00, 0x45, 0x41, 0x53
	.ascii "Y EDIT"
	.byte 0x17, 0x10
	.byte 0x06, 0x00, 0x07, 0x00
	.ascii "SOUND EDIT"
	.byte 0x07, 0x05
	.byte 0x50, 0x05, 0x10, 0x06, 0x09, 0xa2, 0x05, 0x57
	.byte 0x52, 0x49, 0x54, 0x45
	.byte 0x07, 0x11, 0x8e, 0x0a
	.ascii "0CTAVE SHIFT:"
	.byte 0x07, 0x12, 0xa2
	.byte 0x0a
	.ascii "BRILLIANCE   :"
	.byte 0x07
	.byte 0x05, 0x68, 0x0b, 0x10, 0x07, 0x05, 0x8f, 0x0b
	.byte 0x11, 0x07, 0x11, 0xa6, 0x10, 0x41, 0x54, 0x54
	.ascii "ACK TIME :"
	.byte 0x07, 0x12, 0xba, 0x10, 0x56, 0x49
	.ascii "BRAT0 DEPTH:"
	.byte 0x07, 0x05, 0x80, 0x11
	.byte 0x10, 0x07, 0x05, 0xa7, 0x11, 0x11, 0x07, 0x11
	.byte 0x0e, 0x17
	.ascii "RELEASE TIME:"
	.byte 0x07
	.byte 0x12, 0x22, 0x17
	.ascii "VIBRAT0 SPEED:"
	.byte 0x07, 0x05, 0x98, 0x17, 0x10, 0x07, 0x05
	.byte 0xbf, 0x17, 0x11, 0x07, 0x13, 0x36, 0x1c, 0x44
	.ascii "IGITAL EFFECT:"
	.byte 0x07, 0x12
	jr	le, 0x1d
	.ascii "VIBRAT0 DELAY:"
	.byte 0x07, 0x05, 0xb0, 0x1d, 0x10, 0x07, 0x05, 0xd7
	.byte 0x1d, 0x11, 0x07, 0x05, 0xd1, 0x21, 0x8d, 0x06
	.byte 0x09, 0x14
	.ascii "#VALUE"
	.byte 0x07, 0x05, 0x61, 0x23, 0x8e, 0x09, 0x0a, 0x04
	.byte 0x00, 0x04, 0x00, 0x44, 0x00, 0x10, 0x00, 0x09
	.byte 0x0a, 0x0b, 0x00, 0x1e, 0x00, 0x3d, 0x00, 0x33
	.byte 0x00, 0x09, 0x0a, 0x0d, 0x00, 0x20, 0x00, 0x3b
	.byte 0x00, 0x31, 0x00, 0x09, 0x0a, 0xa3, 0x00, 0x39
	.byte 0x00, 0x34, 0x01, 0x59, 0x00, 0x09, 0x0a, 0x0b
	.byte 0x00, 0x3a, 0x00, 0x9c, 0x00, 0x59, 0x00, 0x09
	.byte 0x0a, 0x0b, 0x00, 0x61, 0x00, 0x9c, 0x00, 0x80
	.byte 0x00, 0x09, 0x0a, 0xa3, 0x00, 0x61, 0x00, 0x34
	.byte 0x01, 0x80, 0x00, 0x09, 0x0a, 0x0b, 0x00, 0x89
	.byte 0x00, 0x9c, 0x00, 0xa8, 0x00, 0x09, 0x0a, 0xa3
	.byte 0x00, 0x89, 0x00, 0x34, 0x01, 0xa8, 0x00, 0x09
	.byte 0x0a, 0x0b, 0x00, 0xb2, 0x00, 0x9c, 0x00, 0xd1
	.byte 0x00, 0x09, 0x0a, 0xa3, 0x00, 0xb2, 0x00, 0x34
	.byte 0x01, 0xd1, 0x00, 0x22, 0x0a, 0x7d, 0x00, 0xda
	.byte 0x00, 0x9a, 0x00, 0xec, 0x00, 0x01, 0x0a, 0x7d
	.byte 0x00, 0xe3, 0x00, 0x9a, 0x00, 0xe3, 0x00, 0x1c
	.byte 0x0e, 0x70, 0x00, 0x09, 0x00, 0x55, 0x53, 0x45
	.ascii "R KIT"
	.byte 0x17, 0x10, 0x06
	.byte 0x00, 0x07, 0x00
	.ascii "SOUND EDIT"
	.byte 0x17, 0x07, 0x36
	.byte 0x01, 0x1f, 0x00, 0x91, 0x07, 0x05, 0x4c, 0x05
	.byte 0x8d, 0x07, 0x05, 0x9f, 0x05, 0xa9, 0x1c, 0x07
	.byte 0x5e, 0x00, 0x35, 0x00, 0x3a, 0x17, 0x0b, 0x15
	.byte 0x01, 0x38, 0x00
	.byte 0x53, 0x4f, 0x55, 0x4e, 0x44
	.byte 0x17, 0x07, 0x36, 0x01, 0x46, 0x00, 0x91, 0x07
	.byte 0x05, 0x8c, 0x0b, 0x8e, 0x07, 0x05, 0xb7, 0x0b
	.byte 0xa9, 0x17, 0x11, 0x47, 0x00, 0x64, 0x00, 0x54
	.ascii "ONE SELECT"
	.byte 0x17, 0x0b, 0xa2, 0x00, 0x64, 0x00
	.byte 0x4c, 0x45, 0x56, 0x45, 0x4c
	.byte 0x17, 0x09, 0xc7
	.byte 0x00, 0x64, 0x00, 0x4b, 0x45, 0x59, 0x17, 0x0a
	.byte 0xe1, 0x00, 0x64, 0x00
	.byte 0x54, 0x55, 0x4e, 0x45
	.byte 0x17, 0x09, 0x02, 0x01, 0x64, 0x00, 0x50, 0x41
	.byte 0x4e, 0x17, 0x09, 0x1d, 0x01, 0x64, 0x00, 0x52
	.byte 0x45, 0x56, 0x06, 0x05, 0xd0, 0x11, 0x10, 0x17
	.byte 0x07, 0x44, 0x00, 0x76, 0x00, 0x2e, 0x17, 0x07
	.byte 0x43, 0x00, 0x7b, 0x00, 0x91, 0x17, 0x07, 0x44
	.byte 0x00, 0x94, 0x00, 0x2e, 0x06, 0x05, 0xe8, 0x17
	.byte 0x10, 0x17, 0x07, 0x43, 0x00, 0x99, 0x00, 0x91
	.byte 0x06, 0x0f, 0x3a, 0x1d
	.ascii "NOTE SELECT"
	.byte 0x06
	.byte 0x0f, 0x53, 0x1d
	.ascii "DETAIL EDIT"
	.byte 0x06, 0x05
	.byte 0xb0, 0x1d, 0x10, 0x06, 0x05, 0xd7, 0x1d, 0x11
	.byte 0x17, 0x0c, 0x00, 0x00, 0xd1, 0x00, 0x4f, 0x4e
	.byte 0x2f, 0x4f, 0x46, 0x46
	.byte 0x17, 0x0b, 0x2d, 0x00
	.byte 0xd1, 0x00
	ld	xsp, 0x50554f52
	.byte 0x17
	.byte 0x0a, 0x58, 0x00, 0xd1, 0x00, 0x54, 0x4f, 0x4e
	.byte 0x45, 0x17, 0x0b, 0x7d, 0x00, 0xd1, 0x00, 0x4c
	.byte 0x45, 0x56, 0x45, 0x4c
	.byte 0x17, 0x09, 0xaa, 0x00
	.byte 0xd1, 0x00, 0x4b, 0x45, 0x59, 0x17, 0x0a, 0xcf
	.byte 0x00, 0xd1, 0x00
	.byte 0x54, 0x55, 0x4e, 0x45
	.byte 0x17
	.byte 0x09, 0xfa, 0x00, 0xd1, 0x00, 0x50, 0x41, 0x4e
	.byte 0x17, 0x09, 0x23, 0x01, 0xd1, 0x00, 0x52, 0x45
	.byte 0x56, 0x06, 0x05, 0x12, 0x22, 0x8d, 0x06, 0x05
	.byte 0x17, 0x22, 0x8d, 0x06, 0x05, 0x1c, 0x22, 0x8d
	.byte 0x06, 0x05, 0x21, 0x22, 0x8d, 0x06, 0x05, 0x26
	.byte 0x22, 0x8d, 0x06, 0x05, 0x2b, 0x22, 0x8d, 0x06
	.byte 0x05, 0x30, 0x22, 0x8d, 0x06, 0x05, 0x35, 0x22
	.byte 0x8d, 0x06, 0x05, 0xa2, 0x23, 0x8e, 0x06, 0x05
	.byte 0xa7, 0x23, 0x8e, 0x06, 0x05, 0xac, 0x23, 0x8e
	.byte 0x06, 0x05, 0xb1, 0x23, 0x8e, 0x06, 0x05, 0xb6
	.byte 0x23, 0x8e, 0x06, 0x05, 0xbb, 0x23, 0x8e, 0x06
	.byte 0x05, 0xc0, 0x23, 0x8e, 0x06, 0x05, 0xc5, 0x23
	.byte 0x8e, 0x09, 0x0a, 0x04, 0x00, 0x04, 0x00, 0x44
	.byte 0x00, 0x10, 0x00, 0x09, 0x0a, 0x12, 0x01, 0x1e
	.byte 0x00, 0x35, 0x01, 0x31, 0x00, 0x09, 0x0a, 0x14
	.byte 0x01, 0x20, 0x00, 0x33, 0x01, 0x2f, 0x00, 0x09
	.byte 0x0a, 0x37, 0x00, 0x2e, 0x00, 0xfd, 0x00, 0x49
	.byte 0x00, 0x09, 0x0a, 0x39, 0x00, 0x30, 0x00, 0xfb
	.byte 0x00, 0x47, 0x00, 0x09, 0x0a, 0x12, 0x01, 0x45
	.byte 0x00, 0x35, 0x01, 0x58, 0x00, 0x09, 0x0a, 0x14
	.byte 0x01, 0x47, 0x00, 0x33, 0x01, 0x56, 0x00, 0x22
	.byte 0x0a, 0x0b, 0x00, 0x5e, 0x00, 0x35, 0x01, 0xaa
	.byte 0x00, 0x09, 0x0a, 0x0a, 0x00, 0xb5, 0x00, 0x6e
	.byte 0x00, 0xca, 0x00, 0x09, 0x0a, 0x0c, 0x00, 0xb7
	.byte 0x00, 0x6c, 0x00, 0xc8, 0x00, 0x09, 0x0a, 0xd2
	.byte 0x00, 0xb5, 0x00, 0x35, 0x01, 0xca, 0x00, 0x09
	.byte 0x0a, 0xd4, 0x00, 0xb7, 0x00, 0x33, 0x01, 0xc8
	.byte 0x00, 0x22, 0x0a, 0x09, 0x00, 0xda, 0x00, 0x1e
	.byte 0x00, 0xee, 0x00, 0x22, 0x0a, 0x31, 0x00, 0xda
	.byte 0x00, 0x46, 0x00, 0xee, 0x00, 0x22, 0x0a, 0x59
	.byte 0x00, 0xda, 0x00, 0x6e, 0x00, 0xee, 0x00, 0x22
	.byte 0x0a, 0x81, 0x00, 0xda, 0x00, 0x96, 0x00, 0xee
	.byte 0x00, 0x22, 0x0a, 0xa9, 0x00, 0xda, 0x00, 0xbe
	.byte 0x00, 0xee, 0x00, 0x22, 0x0a, 0xd1, 0x00, 0xda
	.byte 0x00, 0xe6, 0x00, 0xee, 0x00, 0x22, 0x0a, 0xf9
	.byte 0x00, 0xda, 0x00, 0x0e, 0x01, 0xee, 0x00, 0x22
	.byte 0x0a, 0x21, 0x01, 0xda, 0x00, 0x36, 0x01, 0xee
	.byte 0x00, 0x01, 0x0a, 0x0b, 0x00, 0x6f, 0x00, 0x35
	.byte 0x01, 0x6f, 0x00, 0x01, 0x0a, 0x0b, 0x00, 0x8c
	.byte 0x00, 0x19, 0x01, 0x8c, 0x00, 0x01, 0x0a, 0x09
	.byte 0x00, 0xe4, 0x00, 0x1e, 0x00, 0xe4, 0x00, 0x01
	.byte 0x0a, 0x31, 0x00, 0xe4, 0x00, 0x46, 0x00, 0xe4
	.byte 0x00, 0x01, 0x0a, 0x59, 0x00, 0xe4, 0x00, 0x6e
	.byte 0x00, 0xe4, 0x00, 0x01, 0x0a, 0x81, 0x00, 0xe4
	.byte 0x00, 0x96, 0x00, 0xe4, 0x00, 0x01, 0x0a, 0xa9
	.byte 0x00, 0xe4, 0x00, 0xbe, 0x00, 0xe4, 0x00, 0x01
	.byte 0x0a, 0xd1, 0x00, 0xe4, 0x00, 0xe6, 0x00, 0xe4
	.byte 0x00, 0x01, 0x0a, 0xf9, 0x00, 0xe4, 0x00, 0x0e
	.byte 0x01, 0xe4, 0x00, 0x01, 0x0a, 0x21, 0x01, 0xe4
	.byte 0x00, 0x36, 0x01, 0xe4, 0x00, 0x02, 0x0a, 0x38
	.byte 0x00, 0x5e, 0x00, 0x38, 0x00, 0xaa, 0x00, 0x02
	.byte 0x0a, 0x9d, 0x00, 0x5e, 0x00, 0x9d, 0x00, 0xaa
	.byte 0x00, 0x02, 0x0a, 0x19, 0x01, 0x5e, 0x00, 0x19
	.byte 0x01, 0xaa, 0x00, 0x1b, 0x0a, 0x19, 0x01, 0x71
	.byte 0x00, 0x33, 0x01, 0xa8, 0x00, 0x05, 0x0a, 0x19
	.byte 0x01, 0x71, 0x00, 0x33, 0x01, 0xa8, 0x00, 0x07
	.byte 0x11, 0x61, 0x06, 0x7f, 0x00, 0x1c, 0x72, 0x3b
	.byte 0xf1, 0x00, 0x03, 0x00, 0x3d, 0x00, 0x35, 0x00
	.byte 0x07, 0x11, 0x00, 0x00, 0x00, 0x00, 0x1c, 0xf3
	.byte 0x0b, 0x02, 0x00, 0x0d, 0x00, 0x69, 0x00, 0x35
	.byte 0x00, 0x07, 0x11, 0x6f, 0x06, 0x1f, 0x00, 0x17
	.byte 0xcf, 0x2c, 0xf1, 0x00, 0x02, 0x00, 0x3d, 0x00
	.byte 0x7a, 0x00, 0x07, 0x11, 0x00, 0x00, 0x00, 0x00
	.byte 0x17, 0x03, 0x0c, 0x02, 0x00, 0x0d, 0x00, 0x49
	.byte 0x00, 0x7a, 0x00, 0x09, 0x0c, 0x63, 0x06, 0x7f
	.byte 0x00, 0x17, 0xa5, 0x00, 0x7a, 0x00, 0x03, 0x0b
	.byte 0x0d, 0x65, 0x06, 0xff, 0x00, 0x17, 0xc3, 0x00
	.byte 0x7a, 0x00, 0x02, 0x00, 0x0b, 0x0d, 0x67, 0x06
	.byte 0xff, 0x00, 0x17, 0xe1, 0x00, 0x7a, 0x00, 0x02
	.byte 0x00, 0x07, 0x11, 0x70, 0x06, 0x1f, 0x00, 0x17
	.byte 0xcf, 0x2c, 0xf1, 0x00, 0x02, 0x00, 0x3d, 0x00
	.byte 0x98, 0x00, 0x07, 0x11, 0x00, 0x00, 0x00, 0x00
	.byte 0x17, 0x13, 0x0c, 0x02, 0x00, 0x0d, 0x00, 0x49
	.byte 0x00, 0x98, 0x00, 0x09, 0x0c, 0x64, 0x06, 0x7f
	.byte 0x00, 0x17, 0xa5, 0x00, 0x98, 0x00, 0x03, 0x0b
	.byte 0x0d, 0x66, 0x06, 0xff, 0x00, 0x17, 0xc3, 0x00
	.byte 0x98, 0x00, 0x02, 0x00, 0x0b, 0x0d, 0x68, 0x06
	.byte 0xff, 0x00, 0x17, 0xe1, 0x00, 0x98, 0x00, 0x02
	.byte 0x00, 0x09, 0x0c, 0x6b, 0x06, 0x7f, 0x00, 0x17
	.byte 0x1c, 0x01, 0x89, 0x00, 0x03, 0x07, 0x11, 0x6c
	.byte 0x06, 0x03, 0x00, 0x17, 0x58, 0x46, 0xf1, 0x00
	.byte 0x03, 0x00, 0x03, 0x01, 0x7a, 0x00, 0x07, 0x11
	.byte 0x6c, 0x06, 0x0c, 0x02, 0x17, 0x58, 0x46, 0xf1
	.byte 0x00, 0x03, 0x00, 0x03, 0x01, 0x98, 0x00, 0x03
	.byte 0x0b, 0x60, 0x06, 0x03, 0x00, 0x05, 0x09, 0x61
	.byte 0xf1, 0x00, 0x09, 0x0c, 0x6d, 0x06, 0x7f, 0x00
	.byte 0x17, 0x09, 0x01, 0x7a, 0x00, 0x02, 0x09, 0x0c
	.byte 0x6e, 0x06, 0x7f, 0x00, 0x17, 0x09, 0x01, 0x98
	.byte 0x00, 0x02, 0x0d, 0x00, 0x71, 0x00, 0x18, 0x01
	.byte 0x8a, 0x00, 0x0d, 0x00, 0x71, 0x00, 0x18, 0x01
	.byte 0x8a, 0x00, 0x0d, 0x00, 0x8d, 0x00, 0x18, 0x01
	.byte 0xa8, 0x00, 0x1b, 0x0a, 0x0d, 0x00, 0x71, 0x00
	.byte 0x18, 0x01, 0xa8, 0x00, 0xe6, 0x60, 0xf1, 0x00
DrumDetailEdit_Menu_Table:
	.long LABEL_F16006
	.long LABEL_F16006
	.long LABEL_F1604A
	.long LABEL_F16092
	.long LABEL_F16056
	.long LABEL_F1609E
	.long LABEL_F16063
	.long LABEL_F160AB
	.long Data_Dispatch_Entry
	.long Data_Dispatch_Entry
	.long Data_Dispatch_Entry
	.long LABEL_F160F1
	.long LABEL_F160F1
	.long LABEL_F160FD
	.long LABEL_F16028
	.long LABEL_F16070
	.byte 0x23, 0x05, 0x10, 0x7f, 0x00, 0x23, 0x05, 0x63
	.byte 0xa3, 0x0a, 0x23, 0x05, 0x61, 0xc2, 0x0a, 0x23
	.byte 0x05, 0x21, 0xbb, 0x10, 0x23, 0x05, 0x5f, 0xda
	.byte 0x10, 0x1c, 0x16, 0x58, 0x00, 0x08, 0x00, 0x44
	.ascii "RUM DETAIL EDIT"
	.byte 0x06
	.byte 0x08, 0x7c, 0x0b
	.byte 0x54, 0x30, 0x4e, 0x45
	.byte 0x06
	.byte 0x0c, 0x81, 0x0b
	ld	xix, 0x4d414e59
	.byte 0x49, 0x43, 0x53, 0x06, 0x0d, 0x97, 0x0b, 0x41
	.ascii "MPLITUDE"
	.byte 0x06, 0x05, 0xb8, 0x0b, 0x10, 0x06, 0x05, 0xdf
	.byte 0x0b, 0x11, 0x17, 0x19, 0x8e, 0x00, 0x65, 0x00
	.ascii "TOTAL KIT PARAMETER"
	.byte 0x06, 0x05, 0xa8, 0x11, 0x10
	.byte 0x06, 0x05, 0xcf, 0x11, 0x11, 0x06, 0x0e, 0xbe
	.byte 0x11
	.ascii "C0NTR0LLER"
	.byte 0x06, 0x0a, 0xd7, 0x11, 0x46
	.byte 0x49, 0x4c, 0x54, 0x45, 0x52
	.byte 0x06, 0x17, 0x15
	.byte 0x1e
	.ascii "DRUM S0UND NAMING "
	.byte 0x11, 0x09, 0x0a, 0x0f, 0x00
	.byte 0x37, 0x00, 0x31, 0x01, 0x8f, 0x00, 0x09, 0x0a
	.byte 0xa3, 0x00, 0xba, 0x00, 0x35, 0x01, 0xcf, 0x00
	.byte 0x09, 0x0a, 0xa5, 0x00, 0xbc, 0x00, 0x33, 0x01
	.byte 0xcd, 0x00, 0x17, 0x0b, 0x3b, 0x00, 0x3e, 0x00
	.byte 0x54, 0x4f, 0x55, 0x43, 0x48
	.byte 0x17, 0x0b, 0x6b
	.byte 0x00, 0x3e, 0x00
	ld	xhl, 0x45565255
	.byte 0x17, 0x0b, 0x54, 0x00, 0xd1, 0x00, 0x54, 0x4f
	.byte 0x55, 0x43, 0x48, 0x17, 0x0b, 0x7d, 0x00, 0xd1
	.byte 0x00
	ld	xhl, 0x45565255
	.byte 0x06, 0x05
	.byte 0x1c, 0x22, 0x8d, 0x06, 0x05, 0x21, 0x22, 0x8d
	.byte 0x06, 0x05, 0xac, 0x23, 0x8e, 0x06, 0x05, 0xb1
	.byte 0x23, 0x8e, 0x22, 0x0a, 0x0b, 0x00, 0x38, 0x00
	.byte 0x9c, 0x00, 0x8a, 0x00, 0x22, 0x0a, 0x59, 0x00
	.byte 0xda, 0x00, 0x6e, 0x00, 0xee, 0x00, 0x22, 0x0a
	.byte 0x81, 0x00, 0xda, 0x00, 0x96, 0x00, 0xee, 0x00
	.byte 0x01, 0x0a, 0x0b, 0x00, 0x4a, 0x00, 0x9c, 0x00
	.byte 0x4a, 0x00, 0x01, 0x0a, 0x0b, 0x00, 0x6a, 0x00
	.byte 0x9c, 0x00, 0x6a, 0x00, 0x01, 0x0a, 0x59, 0x00
	.byte 0xe4, 0x00, 0x6e, 0x00, 0xe4, 0x00, 0x01, 0x0a
	.long LABEL_E40081
	.long LABEL_E40096
	.byte 0x02, 0x0a, 0x2e, 0x00, 0x38, 0x00, 0x2e, 0x00
	.byte 0x8a, 0x00, 0x05, 0x0a, 0x16, 0x01, 0x43, 0x00
	.byte 0x32, 0x01, 0x5c, 0x00, 0x06, 0x13, 0x60, 0x1d
	.byte 0x10
	.ascii "KEY OFF MODE :"
	.byte 0x17
	.byte 0x0b, 0x18, 0x01, 0xc2, 0x00, 0x54, 0x4f, 0x55
	.byte 0x43, 0x48, 0x17, 0x09, 0x09, 0x00, 0xcf, 0x00
	.byte 0x41, 0x54, 0x4b, 0x17, 0x0c, 0x27, 0x00, 0xcf
	.byte 0x00
	.ascii "DECAY1"
	.byte 0x17
	.byte 0x0b, 0x51, 0x00, 0xcf, 0x00, 0x53, 0x55, 0x53
	.byte 0x54, 0x31, 0x17, 0x0c, 0x7b, 0x00, 0xcf, 0x00
	.ascii "DECAY2"
	.byte 0x17, 0x0b
	.byte 0xa5, 0x00, 0xcf, 0x00
	.byte 0x53, 0x55, 0x53, 0x54
	.byte 0x32, 0x17, 0x0d, 0xcf, 0x00, 0xcf, 0x00, 0x52
	.ascii "ELEASE"
	.byte 0x17, 0x0c
	.byte 0x18, 0x01, 0xcf, 0x00
	.byte 0x41, 0x54, 0x54, 0x41
	.byte 0x43, 0x4b, 0x07, 0x05, 0x1a, 0x24, 0x12, 0x07
	.byte 0x05, 0x1f, 0x24, 0x12, 0x07, 0x05, 0x24, 0x24
	.byte 0x12, 0x07, 0x05, 0x29, 0x24, 0x12, 0x07, 0x05
	.byte 0x2e, 0x24, 0x12, 0x07, 0x05, 0x34, 0x24, 0x12
	.byte 0x07, 0x05, 0x3e, 0x24, 0x12, 0x09, 0x0a, 0x03
	.byte 0x00, 0xcb, 0x00, 0xfd, 0x00, 0xe8, 0x00, 0x09
	.byte 0x0a, 0x14, 0x01, 0xcb, 0x00, 0x3f, 0x01, 0xe8
	.byte 0x00, 0x01, 0x0a, 0x03, 0x00, 0xd9, 0x00, 0xfd
	.byte 0x00, 0xd9, 0x00, 0x01, 0x0a, 0x14, 0x01, 0xd9
	.byte 0x00, 0x3f, 0x01, 0xd9, 0x00, 0x05, 0x0a, 0x16
	.byte 0x01, 0x27, 0x00, 0x32, 0x01, 0x34, 0x00, 0x05
	.byte 0x0a, 0x04, 0x00, 0xda, 0x00, 0xfc, 0x00, 0xe7
	.byte 0x00, 0x05, 0x0a, 0x15, 0x01, 0xda, 0x00, 0x3e
	.byte 0x01, 0xe7, 0x00, 0x05, 0x0b, 0x61, 0x06, 0xff
	.byte 0x00, 0x20, 0x50, 0x0d, 0x02, 0x00, 0x05, 0x0b
	.byte 0x62, 0x06, 0xff, 0x00, 0x20, 0x50, 0x12, 0x02
	.byte 0x00, 0x05, 0x0b, 0x63, 0x06, 0xe0, 0x05, 0x20
	.byte 0x55, 0x0d, 0x02, 0x03, 0x05, 0x0b, 0x64, 0x06
	.byte 0xe0, 0x05, 0x20, 0x55, 0x12, 0x02, 0x03, 0x03
	.byte 0x0b, 0x5d, 0x06, 0x0f, 0x00, 0x05, 0xff, 0x63
	.byte 0xf1, 0x00, 0xd6, 0x63, 0xf1, 0x00, 0xaa, 0x63
	.byte 0xf1, 0x00, 0xb5, 0x63, 0xf1, 0x00, 0xc0, 0x63
	.byte 0xf1, 0x00, 0xcb, 0x63, 0xf1, 0x00, 0x1b, 0x0a
	.byte 0x0d, 0x00, 0x4c, 0x00, 0x9a, 0x00, 0x88, 0x00
	.byte 0x0d, 0x00, 0x4c, 0x00, 0x9a, 0x00, 0x68, 0x00
	.byte 0x0d, 0x00, 0x4c, 0x00, 0x9a, 0x00, 0x68, 0x00
	.byte 0x0d, 0x00, 0x6c, 0x00, 0x9a, 0x00, 0x88, 0x00
	.byte 0x02, 0x0f, 0x60, 0x06, 0x20, 0x05, 0x20, 0xd1
	.byte 0x14, 0xf1, 0x00, 0x03, 0x00, 0x70, 0x1d, 0x00
	.byte 0x0a, 0x61, 0x06, 0x7f, 0x00, 0x20, 0x61, 0x22
	.byte 0x03, 0x00, 0x0a, 0x62, 0x06, 0x7f, 0x00, 0x20
	.byte 0x65, 0x22, 0x03, 0x00, 0x0a, 0x63, 0x06, 0x7f
	.byte 0x00, 0x20, 0x6a, 0x22, 0x03, 0x00, 0x0a, 0x64
	.byte 0x06, 0x7f, 0x00, 0x20, 0x6f, 0x22, 0x03, 0x05
	.byte 0x0b, 0x67, 0x06, 0xff, 0x00, 0x20, 0x84, 0x22
	.byte 0x02, 0x00, 0x17, 0x64, 0xf1, 0x00, 0x26, 0x64
	.byte 0xf1, 0x00, 0x30, 0x64, 0xf1, 0x00, 0x3a, 0x64
	.byte 0xf1, 0x00, 0x44, 0x64, 0xf1, 0x00, 0x79, 0x64
	.byte 0xf1, 0x00, 0x83, 0x64, 0xf1, 0x00, 0x4e, 0x64
	.byte 0xf1, 0x00, 0x00, 0x0a, 0x65, 0x06, 0x7f, 0x00
	.byte 0x20, 0x74, 0x22, 0x03, 0x00, 0x0a, 0x66, 0x06
	.byte 0x7f, 0x00, 0x20, 0x7a, 0x22, 0x03, 0x20, 0x07
	.ascii "t\" -- "
	.byte 0x07, 0x7a
	.ascii "\" --"
	.byte 0x05, 0x0b, 0x61, 0x06
	.byte 0xff, 0x00, 0x20, 0xb0, 0x0a, 0x02, 0x00, 0x02
	.byte 0x0f, 0x62, 0x06, 0x1f, 0x00, 0x20, 0xa9, 0x65
	.byte 0xf1, 0x00, 0x03, 0x00, 0xc8, 0x10, 0x05, 0x0b
	.byte 0x63, 0x06, 0xff, 0x00, 0x20, 0x30, 0x17, 0x02
	.byte 0x00, 0x05, 0x0b, 0x64, 0x06, 0xff, 0x00, 0x20
	.byte 0x70, 0x1d, 0x02, 0x00, 0x05, 0x0b, 0x69, 0x06
	.byte 0x0f, 0x00, 0x20, 0x9b, 0x0a, 0x02, 0x08, 0x05
	.byte 0x0b, 0x66, 0x06, 0xff, 0x00, 0x20, 0xb3, 0x10
	.byte 0x02, 0x00, 0x05, 0x0b, 0x67, 0x06, 0xff, 0x00
	.byte 0x20, 0x1b, 0x17, 0x02, 0x00, 0x03, 0x0b, 0x60
	.byte 0x06, 0x0f, 0x00, 0x05, 0x57, 0x65, 0xf1, 0x00
	.byte 0x02, 0x0f, 0x6a, 0x06, 0x0f, 0x00, 0x20, 0x01
	.byte 0x5b, 0xf1, 0x00, 0x0d, 0x00, 0x8e, 0x1e, 0x02
	.byte 0x0f, 0x6a, 0x06, 0x80, 0x07, 0x20, 0x15, 0x65
	.byte 0xf1, 0x00, 0x0d, 0x00, 0x8e, 0x1e, 0x4f, 0x46
	.ascii "F          OFF          "
EffectParam_Edit_Table:
	.long LABEL_F164EC
	.long LABEL_F1649B
	.long LABEL_F164A6
	.long LABEL_F164B5
	.long LABEL_F164C0
	.long LABEL_F164C0
	.long LABEL_F164D6
	.long LABEL_F164E1
	.long LABEL_F164E1
	.long LABEL_F164CB
	.byte 0x0c, 0x00, 0x3b, 0x00, 0x9b, 0x00, 0x58, 0x00
	.byte 0x0c, 0x00, 0x3b, 0x00, 0x9b, 0x00, 0x58, 0x00
	.byte 0x0c, 0x00, 0x62, 0x00, 0x9b, 0x00, 0x7f, 0x00
	.byte 0x0c, 0x00, 0x8a, 0x00, 0x9b, 0x00, 0xa7, 0x00
	.byte 0x0c, 0x00, 0xb3, 0x00, 0x9b, 0x00, 0xd0, 0x00
	.byte 0xa4, 0x00, 0x3a, 0x00, 0x33, 0x01, 0x58, 0x00
	.byte 0xa4, 0x00, 0x62, 0x00, 0x33, 0x01, 0x7f, 0x00
	.byte 0xa4, 0x00, 0x8a, 0x00, 0x33, 0x01, 0xa7, 0x00
	.byte 0xa4, 0x00, 0xb3, 0x00, 0x33, 0x01, 0xd0, 0x00
	.byte 0x1b, 0x0a, 0x0c, 0x00, 0x3b, 0x00, 0x33, 0x01
	.byte 0xd0, 0x00
	.ascii "OFF-10- 9- 8- 7- 6- 5- 4- 3- 2- 1  0+ 1+ 2+ 3+ 4+ 5+ 6+ 7+ 8+ 9+10"

InitializeNaka:
	lda xsp, (xsp - 14)

	RegObjTable 0x1600004, 0xFA44E2, 0xE0E95C, 0xE0E944, 0x16b
	RegObjTable 0x160000c, 0xFA58FB, 0xE0E962, 0xE0E95E, 0x1cb
	RegObjTable 0x160000d, 0xFA5948, 0xE0E968, 0xE0E964, 0x1eb
	RegObjTabl 0x1600002, 0xFA496C, 0x12, 0xE0E7AE, 0x12b
	RegObjTabl 0x1600002, 0xFA496C, 0x12, 0xE0E7FA, 0x42b
	RegObjTabl 0x1600001, 0xFA48A9, 0x0, 0xE0E96A, 0x10b
	RegObjTabl 0x1600001, 0xFA48A9, 0x0, 0xE0E96E, 0x40b
	RegObjTabl 0x1600003, 0xFA4A18, 0x0, 0xE14824, 0x14b
	RegObjTabl 0x1600003, 0xFA4A18, 0x0, 0xE14828, 0x44b
	RegObjTabl 0x1600010, 0xFA5995, 0x1de, NAKA_UIObjectTable, 0xfd
	RegObjTabl 0x160000f, 0xFA62CB, 0x1de, 0xE13BCA, 0x3fd

	RegTitle 0xb, 0xe1, 0x481a, 0xfd, 0x1200000, 0xfd0000
	lda xsp, (xsp + 14)
	ret

LABEL_F167AE:
	.byte 0x0e, 0xe9, 0xcf, 0x9f, 0x00, 0xe0, 0x01, 0x6e
	.byte 0x06, 0xf2, 0x2e, 0x48, 0xe1, 0x33, 0x0e, 0xeb
	.byte 0xa8, 0x0e, 0xe9, 0xcf, 0x9f, 0x00, 0xe0, 0x01
	.byte 0x6e, 0x06, 0xf2, 0xa0, 0x48, 0xe1, 0x33, 0x0e
	.byte 0xeb, 0xa8, 0x0e, 0xe9, 0xcf, 0x9f, 0x00, 0xe0
	.byte 0x01, 0x6e, 0x06, 0xf2, 0xe0, 0x48, 0xe1, 0x33
	.byte 0x0e, 0xeb, 0xa8, 0x0e, 0xe9, 0xcf, 0x9f, 0x00
	.byte 0xe0, 0x01, 0x6e, 0x06, 0xf2, 0xd2, 0x4a, 0xe1
	.byte 0x33, 0x0e, 0xeb, 0xa8, 0x0e, 0xe9, 0xcf, 0x9f
	.byte 0x00, 0xe0, 0x01, 0x6e, 0x06, 0xf2, 0x4a, 0x4b
	.byte 0xe1, 0x33, 0x0e, 0xeb, 0xa8, 0x0e, 0xe9, 0xcf
	.byte 0x9f, 0x00, 0xe0, 0x01, 0x6e, 0x06, 0xf2, 0xba
	.byte 0x4c, 0xe1, 0x33, 0x0e, 0xeb, 0xa8, 0x0e, 0xe9
	.byte 0xcf, 0x9f, 0x00, 0xe0, 0x01, 0x6e, 0x06, 0xf2
	.byte 0x4c, 0x4e, 0xe1, 0x33, 0x0e, 0xeb, 0xa8, 0x0e
	.byte 0xe9, 0xcf, 0x9f, 0x00, 0xe0, 0x01, 0x6e, 0x06
	.byte 0xf2, 0xd8, 0x4f, 0xe1, 0x33, 0x0e, 0xeb, 0xa8
	.byte 0x0e, 0xe9, 0xcf, 0x9f, 0x00, 0xe0, 0x01, 0x6e
	.byte 0x06, 0xf2, 0xbc, 0x51, 0xe1, 0x33, 0x0e, 0xeb
	.byte 0xa8, 0x0e, 0xe9, 0xcf, 0x9f, 0x00, 0xe0, 0x01
	.byte 0x6e, 0x06, 0xf2, 0x40, 0x52, 0xe1, 0x33, 0x0e
	.byte 0xeb, 0xa8, 0x0e, 0xe9, 0xcf, 0x9f, 0x00, 0xe0
	.byte 0x01, 0x6e, 0x06, 0xf2, 0xe2, 0x53, 0xe1, 0x33
	.byte 0x0e, 0xeb, 0xa8, 0x0e, 0xe9, 0xcf, 0x9f, 0x00
	.byte 0xe0, 0x01, 0x6e, 0x06, 0xf2, 0x52, 0x54, 0xe1
	.byte 0x33, 0x0e, 0xeb, 0xa8, 0x0e, 0xe9, 0xcf, 0x9f
	.byte 0x00, 0xe0, 0x01, 0x6e, 0x06, 0xf2, 0xb4, 0x55
	.byte 0xe1, 0x33, 0x0e, 0xeb, 0xa8, 0x0e, 0xe9, 0xcf
	.byte 0x9f, 0x00, 0xe0, 0x01, 0x6e, 0x06, 0xf2, 0x2e
	.byte 0x56, 0xe1, 0x33, 0x0e, 0xeb, 0xa8, 0x0e, 0xe9
	.byte 0xcf, 0x9f, 0x00, 0xe0, 0x01, 0x6e, 0x06, 0xf2
	.byte 0x90, 0x57, 0xe1, 0x33, 0x0e, 0xeb, 0xa8, 0x0e
	.byte 0xe9, 0xcf, 0x9f, 0x00, 0xe0, 0x01, 0x6e, 0x06
	.byte 0xf2, 0x00, 0x59, 0xe1, 0x33, 0x0e, 0xeb, 0xa8
	.byte 0x0e, 0xe9, 0xcf, 0x9f, 0x00, 0xe0, 0x01, 0x6e
	.byte 0x06, 0xf2, 0x60, 0x59, 0xe1, 0x33, 0x0e, 0xeb
	.byte 0xa8, 0x0e, 0xe9, 0xcf, 0x9f, 0x00, 0xe0, 0x01
	.byte 0x6e, 0x06, 0xf2, 0xc0, 0x59, 0xe1, 0x33, 0x0e
	.byte 0xeb, 0xa8, 0x0e, 0x1e, 0x73, 0x01, 0x1e, 0x38
	.byte 0x00, 0xd8, 0xa9, 0x1e, 0x9d, 0x08, 0x1e, 0x30
	.byte 0x00, 0xd8, 0xaa, 0x1e, 0x95, 0x08, 0x1e, 0x28
	.byte 0x00, 0xd8, 0xab, 0x1e, 0x8d, 0x08, 0x1e, 0x20
	.byte 0x00, 0xd8, 0xac, 0x1e, 0x85, 0x08, 0x1e, 0x18
	.byte 0x00, 0xd8, 0xad, 0x1e, 0x7d, 0x08, 0x1e, 0x10
	.byte 0x00, 0xd8, 0xae, 0x1e, 0x75, 0x08, 0x1e, 0x08
	.byte 0x00, 0xd8, 0xaf, 0x1e, 0x6d, 0x08, 0x78, 0xfa
	.byte 0x15

NoteEvent_LoadSoundGenParams:
	st_dri3b L, 0xFD, 0x94, 0xFE
	push xiz
	ld xiy, 0xE15B20
	st_dri3b D, 0xFD, 0x10, 0x01
	ldw bc, 0x30
	ldirw
	ld xiy, 0xE15A20
	lda xix, (xsp + 16)
	ldw bc, 0x80
	ldirw
	ldda32 xix, 3186
	ld xiy, 0xE15B80
	ldw bc, 0x30
	ldirw
	ldda32 xwa, 3186
	ld xiy, 0xE15BE0
	st_dri3b D, 0xE1, 0xC0, 0x13
	ldw bc, 0x20
	ldirw
	ldda32 xbc, 3186
	ld xwa, 0xBA0
	add xbc, xwa
	ld xwa, xbc
	st_dri3b B, 0xE5, 0x80, 0x00

LABEL_F16974:
	ld xiy, 0xE15C20
	ld xix, xwa
	ldw bc, 0x10
	ldirw
	lda xwa, (xwa + 32)
	cp xwa, xde
	jr ule, LABEL_F16974
	ldda32 xwa, 3186
	st_dri3b W, 0xE1, 0x40, 0x0C
	ld xde, xwa
	st_dri3b W, 0xE1, 0xE0, 0x06
	ld (xsp + 12), xwa

LABEL_F1699A:
	ld xwa, xde
	st_dri3b C, 0xE9, 0x80, 0x00

LABEL_F169A1:
	ld xiy, 0xE15C40
	ld xix, xwa
	ldw bc, 0x10
	ldirw
	lda xwa, (xwa + 32)
	cp xwa, xhl
	jr ule, LABEL_F169A1
	st_dri3b B, 0xE9, 0xA0, 0x00
	cp xde, (xsp + 12)
	jr ule, LABEL_F1699A
	st_dri3b W, 0xFD, 0x10, 0x01
	ld (xsp + 4), xwa
	lda xbc, (xwa + 4)
	ld (xsp + 8), xbc
	lda xiz, (xwa + 6)
	lda xbc, (xwa + 8)
	ld (xsp + 12), xbc
	lda xhl, (xwa + 10)
	ldda32 xwa, 3186
	lda xwa, (xwa + 96)
	lds de, 4

LABEL_F169E1:
	ld ix, de
	add ix, 0xFFFC
	ld xbc, (xsp + 4)
	ld (xbc), ix
	ld ix, de
	add ix, 0xFFFD
	ld xbc, (xsp + 8)
	ld (xbc), ix
	ld bc, de
	add bc, 0xFFFE
	ld (xiz), bc
	ld ix, de
	add ix, 0xFFFF
	ld xbc, (xsp + 12)
	ld (xbc), ix
	ld (xhl), de
	st_dri3b E, 0xFD, 0x10, 0x01
	ld xix, xwa
	ldw bc, 0x30
	ldirw
	inc 5, de
	lda xwa, (xwa + 96)
	cp de, 0x95
	jr ule, LABEL_F169E1
	lds de, 0
	ld xwa, 0x1400

LABEL_F16A2A:
	cp de, 0x96
	jr c, LABEL_F16A34
	ld (xsp + 16), 0x0

LABEL_F16A34:
	ld xix, xwa
	addda32 xix, 3186
	lda xiy, (xsp + 16)
	ldw bc, 0x80
	ldirw
	inc 1, de
	add xwa, 0x100
	cp de, 0x153
	jr ule, LABEL_F16A2A
	pop xiz
	st_dri3b L, 0xFD, 0x6C, 0x01
	ret

Flash_InitExtMemAddrs:
	lda_24 xwa, 0x300000
	stda32 3190, xwa
	ld xbc, xwa
	add xbc, 0x19800
	stda32 3194, xbc
	ld xbc, xwa
	add xbc, 0x30000
	stda32 3198, xbc
	ld xbc, xwa
	add xbc, 0x49800
	stda32 3202, xbc
	ld xbc, xwa
	add xbc, 0x60000
	stda32 3206, xbc
	ld xbc, xwa
	add xbc, 0x79800
	stda32 3210, xbc
	ld xbc, xwa
	add xbc, 0x90000
	stda32 3214, xbc
	ld xbc, xwa
	add xbc, 0xB0000
	stda32 3218, xbc
	lda_24 xwa, 0x094800
	stda32 3182, xwa
	lda_24 xwa, 0x069800
	stda32 3186, xwa
	stda32 3222, xwa
	ret

LABEL_F16ACB:
	.byte 0xbf, 0xf4, 0x37, 0xd7, 0xfa, 0x04, 0xbf, 0x0a
	.byte 0x43, 0xbf, 0x0c, 0x41, 0xbf, 0x02, 0x00, 0x00
	.byte 0xbf, 0x08, 0x00, 0x00, 0x1e, 0x75, 0xff, 0x8f
	.byte 0x0c, 0x21, 0xd8, 0x12, 0x8f, 0x0c, 0x3f, 0x0a
	.byte 0x7f, 0x5d, 0x01, 0x1e, 0xe5, 0x14, 0x8f, 0x0a
	.byte 0x21, 0xd8, 0x12, 0x1e, 0xa2, 0x15, 0x8f, 0x0a
	.byte 0x21, 0xd8, 0x12, 0x1e, 0x1f, 0x06, 0xbf, 0x04
	.byte 0x47, 0x8f, 0x04, 0x21, 0xd8, 0x12, 0x1e, 0x21
	.byte 0x06, 0x1d, 0x1d, 0xe9, 0xf5, 0x8f, 0x0a, 0x21
	.byte 0xd8, 0x12, 0xf2, 0xfc, 0x60, 0xe1, 0x31, 0xc3
	.byte 0x07, 0xe4, 0xe0, 0x21, 0xbf, 0x06, 0x41, 0xe1
	.byte 0x72, 0x0c, 0x20, 0xf1, 0xae, 0x39, 0x60, 0xc7
	.byte 0xfb, 0xa8, 0x8f, 0x06, 0x23, 0xd9, 0x12, 0xc7
	.byte 0xfb, 0x89, 0xd8, 0x12, 0xd8, 0x09, 0x03, 0x00
	.byte 0xd8, 0x8a, 0xd9, 0x82, 0xf2, 0xc0, 0x60, 0xe1
	.byte 0x30, 0xc3, 0x07, 0xe0, 0xe8, 0x19, 0xac, 0x39
	.byte 0x1d, 0xf8, 0xed, 0xf5, 0xc7, 0xfb, 0x61, 0xc7
	.byte 0xfb, 0xcf, 0x0a, 0x67, 0xd5, 0xe1, 0x6e, 0x0c
	.byte 0x20, 0xf1, 0xae, 0x39, 0x60, 0xe1, 0x72, 0x0c
	.byte 0x20, 0xf1, 0xb2, 0x39, 0x60, 0xf1, 0xb0, 0x35
	.byte 0xb0, 0xc7, 0xfb, 0xa8, 0x8f, 0x0c, 0x25, 0xda
	.byte 0x12, 0xc7, 0xfb, 0x89, 0xd8, 0x12, 0xd8, 0x09
	.byte 0x03, 0x00, 0xd8, 0x89, 0xda, 0x80, 0xf2, 0xc0
	.byte 0x60, 0xe1, 0x32, 0xc3, 0x07, 0xe8, 0xe0, 0x19
	.byte 0xac, 0x39, 0x8f, 0x06, 0x21, 0xd8, 0x12, 0xd8
	.byte 0x81, 0xc3, 0x07, 0xe8, 0xe4, 0x19, 0xad, 0x39
	.byte 0x1d, 0x3f, 0x32, 0xf6, 0xc1, 0xb0, 0x35, 0x21
	.byte 0xd8, 0x12, 0xd8, 0x33, 0x00, 0x66, 0x06, 0xbf
	.byte 0x08, 0x00, 0x01, 0x68, 0x09, 0xc7, 0xfb, 0x61
	.byte 0xc7, 0xfb, 0xcf, 0x0a, 0x67, 0xb6, 0x1d, 0x19
	.byte 0xe9, 0xf5, 0x8f, 0x08, 0x3f, 0x00, 0x7e, 0x80
	.byte 0x00, 0xf1, 0xd4, 0x06, 0x30, 0x90, 0x3f, 0xff
	.byte 0xff, 0x6e, 0x2a, 0x98, 0x02, 0x3f, 0xff, 0xff
	.byte 0x6e, 0x23, 0x1e, 0xd4, 0x06, 0x8f, 0x04, 0x21
	.byte 0xd8, 0x12, 0x1e, 0xa9, 0x05, 0xf1, 0x3a, 0x07
	.byte 0x30, 0x90, 0x3f, 0xff, 0xff, 0x6e, 0x08, 0x98
	.byte 0x02, 0x3f, 0xff, 0xff, 0x76, 0x55, 0x01, 0x1e
	.byte 0x15, 0x17, 0x78, 0x4f, 0x01, 0x8f, 0x0a, 0x21
	.byte 0xd8, 0x12, 0x1e, 0x73, 0x17, 0xdb, 0x88, 0x8f
	.byte 0x0a, 0x23, 0xd9, 0x12, 0xd8, 0xd8, 0x6e, 0x2a
	.byte 0xd9, 0x88, 0x1e, 0x78, 0x07, 0x8f, 0x06, 0x21
	.byte 0xd8, 0x12, 0x1e, 0x2a, 0x09, 0x1e, 0x91, 0x06
	.byte 0x8f, 0x04, 0x21, 0xd8, 0x12, 0x1e, 0x66, 0x05
	.byte 0x8f, 0x0a, 0x21, 0xd8, 0x12, 0x1e, 0xa1, 0x0a
	.byte 0x1e, 0x96, 0x0b, 0x1d, 0x8c, 0x06, 0xff, 0x78
	.byte 0x12, 0x01, 0x1e, 0xcb, 0x0d, 0x1e, 0x75, 0x0f
	.byte 0x1e, 0xf8, 0x11, 0x1e, 0x7a, 0x12, 0x78, 0x31
	.byte 0x01, 0xbf, 0x02, 0x00, 0x01, 0x78, 0x11, 0x01
	.byte 0x1e, 0x88, 0x13, 0x8f, 0x0a, 0x21, 0xd8, 0x12
	.byte 0x1e, 0x45, 0x14, 0xe1, 0x72, 0x0c, 0x24, 0xe1
	.byte 0x6e, 0x0c, 0x25, 0x31, 0x00, 0xb4, 0x95, 0x11
	.byte 0x8f, 0x0c, 0x21, 0xd8, 0x12, 0xf2, 0xfc, 0x60
	.byte 0xe1, 0x31, 0xc3, 0x07, 0xe4, 0xe0, 0x21, 0xbf
	.byte 0x06, 0x41, 0xe1, 0x72, 0x0c, 0x20, 0xf1, 0xae
	.byte 0x39, 0x60, 0xc7, 0xfb, 0xa8, 0x8f, 0x0a, 0x23
	.byte 0xd9, 0x12, 0xc7, 0xfb, 0x89, 0xd8, 0x12, 0xd8
	.byte 0x09, 0x03, 0x00, 0xd8, 0x8a, 0xd9, 0x82, 0xf2
	.byte 0xc0, 0x60, 0xe1, 0x30, 0xc3, 0x07, 0xe0, 0xe8
	.byte 0x19, 0xac, 0x39, 0x1d, 0xf8, 0xed, 0xf5, 0xc7
	.byte 0xfb, 0x61, 0xc7, 0xfb, 0xcf, 0x0a, 0x67, 0xd5
	.byte 0x8f, 0x0c, 0x21, 0xd8, 0x12, 0x1e, 0x40, 0x01
	.byte 0xf1, 0xae, 0x39, 0x63, 0xe1, 0x72, 0x0c, 0x20
	.byte 0xf1, 0xb2, 0x39, 0x60, 0xf1, 0xb0, 0x35, 0xb0
	.byte 0xc7, 0xfb, 0xa8, 0x8f, 0x06, 0x25, 0xda, 0x12
	.byte 0xc7, 0xfb, 0x89, 0xd8, 0x12, 0xd8, 0x09, 0x03
	.byte 0x00, 0xd8, 0x89, 0xda, 0x80, 0xf2, 0xc0, 0x60
	.byte 0xe1, 0x32, 0xc3, 0x07, 0xe8, 0xe0, 0x19, 0xac
	.byte 0x39, 0x8f, 0x0a, 0x21, 0xd8, 0x12, 0xd8, 0x81
	.byte 0xc3, 0x07, 0xe8, 0xe4, 0x19, 0xad, 0x39, 0x1d
	.byte 0x3f, 0x32, 0xf6, 0xc1, 0xb0, 0x35, 0x21, 0xd8
	.byte 0x12, 0xd8, 0x33, 0x00, 0x66, 0x18, 0xbf, 0x08
	.byte 0x00, 0x01, 0xe1, 0xb2, 0x39, 0x20, 0xf1, 0xae
	.byte 0x39, 0x60, 0xc1, 0xad, 0x39, 0x19, 0xac, 0x39
	.byte 0x1d, 0xf8, 0xed, 0xf5, 0x68, 0x09, 0xc7, 0xfb
	.byte 0x61, 0xc7, 0xfb, 0xcf, 0x0a, 0x67, 0xa4, 0x8f
	.byte 0x08, 0x3f, 0x00, 0x7e, 0x1b, 0xff, 0xf1, 0xd4
	.byte 0x06, 0x30, 0x90, 0x3f, 0xff, 0xff, 0x6e, 0x37
	.byte 0x98, 0x02, 0x3f, 0xff, 0xff, 0x6e, 0x30, 0xe1
	.byte 0x6e, 0x0c, 0x24, 0xe1, 0x72, 0x0c, 0x25, 0x31
	.byte 0x00, 0xb4, 0x95, 0x11, 0x8f, 0x02, 0x3f, 0x02
	.byte 0x6e, 0x0f, 0x8f, 0x0c, 0x19, 0x68, 0x0c, 0x8f
	.byte 0x0a, 0x19, 0x6a, 0x0c, 0x8f, 0x06, 0x19, 0x6c
	.byte 0x0c, 0x1d, 0x19, 0xe9, 0xf5, 0x8f, 0x02, 0x27
	.byte 0xd7, 0xfa, 0x05, 0xbf, 0x0c, 0x37, 0x0e, 0x8f
	.byte 0x0a, 0x21, 0xd8, 0x12, 0x1e, 0xda, 0x06, 0x1e
	.byte 0xc0, 0x0f, 0xbf, 0x02, 0x00, 0x02, 0x8f, 0x0c
	.byte 0x19, 0x68, 0x0c, 0x8f, 0x0a, 0x19, 0x6a, 0x0c
	.byte 0x8f, 0x06, 0x19, 0x6c, 0x0c, 0x68, 0xbd, 0xef
	.byte 0x6a, 0xb7, 0x41, 0x1e, 0xc6, 0xfc, 0xc1, 0x68
	.byte 0x0c, 0x27, 0xc1, 0x6a, 0x0c, 0x23, 0xc1, 0x6c
	.byte 0x0c, 0x25, 0x87, 0x3f, 0x02, 0x66, 0x1a, 0x87
	.byte 0x3f, 0x00, 0x6e, 0x15, 0xcf, 0x89, 0xd8, 0x12
	.byte 0xd9, 0x12, 0xda, 0x12, 0xcf, 0xcf, 0x0a, 0x6f
	.byte 0x05, 0x1e, 0xba, 0x16, 0x68, 0x03, 0x1e, 0x57
	.byte 0x18, 0x27, 0x00, 0xef, 0x62, 0x0e, 0xef, 0x6a
	.byte 0xb7, 0x41, 0x1e, 0x8f, 0xfc, 0xc1, 0x68, 0x0c
	.byte 0x21, 0xc1, 0x6a, 0x0c, 0x23, 0xc1, 0x6c, 0x0c
	.byte 0x25, 0x87, 0x3f, 0x02, 0x66, 0x0e, 0x87, 0x3f
	.byte 0x00, 0x6e, 0x09, 0xd8, 0x12, 0xd9, 0x12, 0xda
	.byte 0x12, 0x1e, 0x2c, 0x18, 0x1d, 0x19, 0xe9, 0xf5
	.byte 0x27, 0x00, 0xef, 0x62, 0x0e, 0x78, 0xee, 0xfa

; PartGrid column dispatch (7-entry, table 0xE1611A)
PartGrid_ColumnDispatch:	; F16DF3
	ldda32 xhl, 3182
	ldda32 xbc, 3186
	cp a, 0x1E
	jr nc, PartGrid_CopyHLtoBC
	cp a, 0xA
	ret c
	sub a, 0xA
	extz wa
	div a, 0x3
	extz wa
	cps wa, 0
	jr mi, PartGrid_CopyHLtoBC
	cps wa, 6
	jr gt, PartGrid_CopyHLtoBC
	add wa, wa
	lda_24 xix, 0xe1611a
	ld_sriw3 WA, 0x07, 0xF0, 0xE0
	lda_24 xix, 0xf16e2d
	jp_dri 8, 0x07, 0xF0, 0xE0

LABEL_F16E2D:
	ldda32	xhl, 3190
	jr	38
	ldda32	xhl, 3194
	jr	32
	ldda32	xhl, 3198
	jr	26
	ldda32	xhl, 3202
	jr	20
	ldda32	xhl, 3206
	jr	14
	ldda32	xhl, 3210
	jr	8
	ldda32	xhl, 3214
	jr	t, 0x02

PartGrid_CopyHLtoBC:
	ld xhl, xbc
	ret

Util_FrameSetup10:
	lda xsp, (xsp - 10)
	ld (xsp + 4), e
	ld (xsp + 6), c
	ld (xsp + 8), a
	ld a, (xsp + 8)
	extz wa
	calr PartGrid_ColumnDispatch
	ld (xsp), xhl
	cp (xsp + 8), 0x1E
	jr c, LABEL_F16E7C
	submi8 (xsp + 8), 0x1E
	jr LABEL_F16E91

LABEL_F16E7C:
	cp (xsp + 8), 0xA
	jr c, LABEL_F16E91
	submi8 (xsp + 8), 0xA
	ld a, (xsp + 8)
	extz wa
	div a, 0x3
	ld (xsp + 8), w

LABEL_F16E91:
	ld c, (xsp + 8)
	extz bc
	ld a, (xsp + 6)
	extz wa
	muls wa, 0x3
	add wa, bc
	lda_24 xbc, 0xe160c0
	ld_srib3 A, 0x07, 0xE4, 0xE0
	ld e, (xsp + 4)
	cp (xsp + 4), 0x4
	jr z, LABEL_F16F02
	extz wa
	muls wa, 0x60
	ld bc, wa
	add bc, 0x60
	ld xwa, (xsp)
	exts xbc
	add xbc, xwa
	cps e, 3
	jr z, LABEL_F16EF4
	cps e, 2
	jr z, LABEL_F16EEA
	cps e, 1
	jr z, LABEL_F16EE0
	cps e, 0
	jr nz, LABEL_F16F1B
	ld l, (xbc + 24)
	ld xwa, 0x19
	jr PartGrid_ByteOffsetLoop

LABEL_F16EE0:
	ld l, (xbc + 32)
	ld xwa, 0x21
	jr PartGrid_ByteOffsetLoop

LABEL_F16EEA:
	ld l, (xbc + 40)
	ld xwa, 0x29
	jr PartGrid_ByteOffsetLoop

LABEL_F16EF4:
	ld l, (xbc + 48)
	ld xwa, 0x31

PartGrid_ByteOffsetLoop:
	add xbc, xwa
	ld a, (xbc)
	jr LABEL_F16F1B

LABEL_F16F02:
	extz wa
	muls wa, 0x60
	ld bc, wa
	add bc, 0x60
	ld xwa, (xsp)
	st_dri3b W, 0x07, 0xE0, 0xE4
	ld l, (xwa + 56)
	ld a, (xwa + 57)

LABEL_F16F1B:
	ld c, l
	extz bc
	extz wa
	sll wa, 8
	or wa, bc
	ld hl, wa
	lda xsp, (xsp + 10)
	ret

LABEL_F16F2C:
	.byte 0xbf, 0xf2, 0x37, 0xbf, 0x08, 0x45, 0xbf, 0x0a
	.byte 0x43, 0xbf, 0x0c, 0x41, 0x8f, 0x0c, 0x21, 0xd8
	.byte 0x12, 0x1e, 0xb3, 0xfe, 0xbf, 0x04, 0x63, 0x8f
	.byte 0x0c, 0x3f, 0x1e, 0x67, 0x06, 0x8f, 0x0c, 0x3a
	.byte 0x1e, 0x68, 0x15, 0x8f, 0x0c, 0x3f, 0x0a, 0x67
	.byte 0x0f, 0x8f, 0x0c, 0x3a, 0x0a, 0x8f, 0x0c, 0x21
	.byte 0xd8, 0x12, 0xc9, 0x0a, 0x03, 0xbf, 0x0c, 0x40
	.byte 0x8f, 0x0c, 0x23, 0xd9, 0x12, 0x8f, 0x0a, 0x21
	.byte 0xd8, 0x12, 0xd8, 0x09, 0x03, 0x00, 0xd9, 0x80
	.byte 0xf2, 0xc0, 0x60, 0xe1, 0x31, 0xc3, 0x07, 0xe4
	.byte 0xe0, 0x21, 0xbf, 0x02, 0x41, 0x9f, 0x12, 0x21
	.byte 0xd9, 0x8a, 0x24, 0x00, 0xd9, 0xef, 0x08, 0xb7
	.byte 0x43, 0x8f, 0x02, 0x21, 0xd8, 0x12, 0xd8, 0x09
	.byte 0x60, 0x00, 0xd8, 0x89, 0xd9, 0xc8, 0x60, 0x00
	.byte 0xaf, 0x04, 0x20, 0xe9, 0x13, 0xe8, 0x81, 0x8f
	.byte 0x08, 0x3f, 0x04, 0x66, 0x40, 0x8f, 0x08, 0x3f
	.byte 0x03, 0x66, 0x30, 0x8f, 0x08, 0x3f, 0x02, 0x66
	.byte 0x20, 0x8f, 0x08, 0x3f, 0x01, 0x66, 0x10, 0x8f
	.byte 0x08, 0x3f, 0x00, 0x6e, 0x36, 0xb9, 0x18, 0x45
	.byte 0x40, 0x19, 0x00, 0x00, 0x00, 0x68, 0x26, 0xb9
	.asciz " E@!"
	.byte 0x00, 0x00, 0x68
	.byte 0x1c, 0xb9
	.asciz "(E@)"
	.byte 0x00
	.byte 0x00, 0x68, 0x12, 0xb9
	.byte 0x30, 0x45, 0x40, 0x31
	.byte 0x00, 0x00, 0x00, 0x68, 0x08, 0xb9, 0x38, 0x45
	.byte 0x40, 0x39, 0x00, 0x00, 0x00, 0xe8, 0x81, 0x87
	.byte 0x21, 0xb1, 0x41, 0xbf, 0x0e, 0x37, 0x0f, 0x02
	.byte 0x00

; PartGrid column dispatch end
PartGrid_ColumnDispatch_End:	; F16FFD
	lds wa, 0
	jr __jrt_nop_F17001
__jrt_nop_F17001:

; PartGrid column dispatch default case
PartGrid_ColumnDispatch_Default:	; F17001
	dec 2, xsp
	push xiz
	ld (xsp + 4), a
	ldi_werp 0xFA, 0

LABEL_F1700A:
	ldto_werp WA, 0xFA
	extz xwa
	ld xbc, xwa
	add xbc, xbc
	add xbc, xwa
	sll xbc, 5
	add xbc, 0x60
	addda32 xbc, 3186
	ld wa, (xbc)
	ld c, (xsp + 4)
	extz bc
	calr Pack12BitValueWithBank
	ld wa, hl
	ldto_werp BC, 0xFA
	extz xbc
	ld xde, xbc
	add xde, xde
	add xde, xbc
	sll xde, 5
	add xde, 0x60
	addda32 xde, 3186
	ld (xde), wa
	lds iz, 2

LABEL_F1704A:
	ld bc, iz
	extz xbc
	add xbc, xbc
	ldto_werp WA, 0xFA
	extz xwa
	ld xde, xwa
	add xde, xde
	add xde, xwa
	sll xde, 5
	add xde, xbc
	addda32 xde, 3186
	ld wa, (xde + 96)
	ld c, (xsp + 4)
	extz bc
	calr Pack12BitValueWithBank
	ld wa, hl
	ld de, iz
	extz xde
	add xde, xde
	ldto_werp BC, 0xFA
	extz xbc
	ld xhl, xbc
	add xhl, xhl
	add xhl, xbc
	sll xhl, 5
	add xhl, xde
	addda32 xhl, 3186
	ld (xhl + 96), wa
	inc 1, iz
	cps iz, 5
	jr ule, LABEL_F1704A
	inc1_werp 0xFA
	cp_erpw 0xFA, 0x1D, 0x00
	jrl ule, LABEL_F1700A
	ldi_werp 0xFA, 0

; NoteEventBuffer CopyToSlot dispatch (7-entry, table 0xE16128)
NoteEvent_CopyToSlot:	; F170A2
	ldto_werp WA, 0xFA
	extz xwa
	sll xwa, 8
	add xwa, 0x1400
	addda32 xwa, 3186
	ld wa, (xwa + 1)
	ld c, (xsp + 4)
	extz bc
	calr Pack12BitValueWithBank
	ld wa, hl
	ldto_werp BC, 0xFA
	extz xbc
	sll xbc, 8
	add xbc, 0x1400
	ld xde, xbc
	addda32 xde, 3186
	ld (xde + 1), wa
	addda32 xbc, 3186
	ld wa, (xbc + 3)
	ld c, (xsp + 4)
	extz bc
	calr Pack12BitValueWithBank
	ld wa, hl
	ldto_werp BC, 0xFA
	extz xbc
	sll xbc, 8
	add xbc, 0x1400
	addda32 xbc, 3186
	ld (xbc + 3), wa
	inc1_werp 0xFA
	cp_erpw 0xFA, 0x53, 0x01
	jr ule, NoteEvent_CopyToSlot
	pop xiz
	inc 2, xsp
	ret

Pack12BitValueWithBank:
	ld hl, wa
	cp hl, 0xFFFF
	ret z
	and hl, 0xFFF
	extz bc
	sll bc, 12
	or hl, bc
	ret

; NoteEventBuffer Store dispatch (7-entry, table 0xE16136)
NoteEvent_Store:	; F17120
	extz wa
	lda_24 xbc, 0xe160de
	ld_srib3 L, 0x07, 0xE4, 0xE0
	ret

NoteEventBuffer_CopyToSlot:
	ld c, a
	ldda32 xwa, 3186
	extz bc
	dec 1, bc
	cps bc, 0
	jr lt, NoteEvent_CopyCommon
	cps bc, 6
	jr gt, NoteEvent_CopyCommon
	add bc, bc
	lda_24 xix, 0xe16128
	ld_sriw3 BC, 0x07, 0xF0, 0xE4
	lda_24 xix, 0xf17155
	jp_dri 8, 0x07, 0xF0, 0xE4
; Note event buffer copy dispatch - 7 cases (BC 0-6)
; Selects destination buffer pointer based on case, then copies 46080 bytes
; Offset table at 0xE16128
NOTE_EVENT_DISPATCH_1:	; F17155
	ldda32 xbc, 3190	; Case 0: Load dest pointer
	jr NOTE_EVENT_COPY_COMMON
	ldda32 xbc, 3194	; Case 1: Load dest pointer
	jr NOTE_EVENT_COPY_COMMON
	ldda32 xbc, 3198	; Case 2: Load dest pointer
	jr NOTE_EVENT_COPY_COMMON
	ldda32 xbc, 3202	; Case 3: Load dest pointer
	jr NOTE_EVENT_COPY_COMMON
	ldda32 xbc, 3206	; Case 4: Load dest pointer
	jr NOTE_EVENT_COPY_COMMON
	ldda32 xbc, 3210	; Case 5: Load dest pointer
	jr NOTE_EVENT_COPY_COMMON
	ldda32 xbc, 3214	; Case 6: Load dest pointer (falls through)
NOTE_EVENT_COPY_COMMON:	; F1717D - Common handler
	ld xiy, xbc	; XIY = destination pointer
	ld xix, xwa	; XIX = source pointer
	ldw bc, 0xB400	; BC = 46080 byte count
	ldirw	; Block copy words

; NoteEventBuffer copy common handler
NoteEvent_CopyCommon:	; F17186
	jrl PartGrid_ColumnDispatch_End

NoteEventBuffer_Store:
	lda xsp, (xsp - 10)
	ld (xsp + 8), a
	ld a, (xsp + 8)
	extz wa
	calr PartGrid_ColumnDispatch_Default
	ldda32 xwa, 3186
	ld (xsp), xwa
	ld a, (xsp + 8)
	extz wa
	dec 1, wa
	cps wa, 0
	jrl lt, NoteEvent_StoreCommon
	cps wa, 6
	jrl gt, NoteEvent_StoreCommon
	add wa, wa
	lda_24 xix, 0xe16136
	ld_sriw3 WA, 0x07, 0xF0, 0xE0
	lda_24 xix, 0xf171c4
	jp_dri 8, 0x07, 0xF0, 0xE0
; Note event dispatch table 2
; 7 cases (WA 0-6), offset table at 0xE16136
NOTE_EVENT_DISPATCH_2:	; F171C4
	ldda32 xwa, 3190
	ld (xsp + 4), xwa
	jrl Flash_WriteSectorWithMirrorCopy
NOTE_EVENT_DISPATCH_2b:	; F171CE
	ldda32 xwa, 3194
	ld (xsp + 4), xwa

Flash_SectorWriteExecute:
	ld xwa, (xsp)
	st_dri3b A, 0xE1, 0x00, 0x68
	ld xwa, (xsp + 4)
	st_dri3b B, 0xE1, 0x00, 0x68
	lds wa, 1
	call Flash_EraseSectorAndWrite
	ld xiy, (xsp + 4)
	sub xiy, 0x9800
	ld xwa, (xsp)
	st_dri3b B, 0xE1, 0x00, 0x68
	ld xix, xde
	ldw bc, 0x8000
	ldirw
	ld xbc, (xsp)

LABEL_F17203:
	ld xhl, xbc
	add xhl, 0x10000
	ld_spib A, 0xE4
	ld (xhl), a
	cp xbc, xde
	jr c, LABEL_F17203
	ld xwa, (xsp)
	st_dri3b A, 0xE1, 0x00, 0x68
	ld xde, (xsp + 4)
	sub xde, 0x9800
	lds wa, 1
	jr LABEL_F172A4
	ldda32 xwa, 3198
	ld (xsp + 4), xwa
	jr Flash_WriteSectorWithMirrorCopy
	ldda32 xwa, 3202
	ld (xsp + 4), xwa
	jr Flash_SectorWriteExecute
	ldda32 xwa, 3206
	ld (xsp + 4), xwa
	jr Flash_WriteSectorWithMirrorCopy
	ldda32 xwa, 3210
	ld (xsp + 4), xwa
	jr Flash_SectorWriteExecute
	ldda32 xwa, 3214
	ld (xsp + 4), xwa
	jr Flash_WriteSectorWithMirrorCopy

; NoteEventBuffer store common handler
NoteEvent_StoreCommon:	; F17255
	cps a, 0
	jrl nz, Flash_SectorWriteExecute

Flash_WriteSectorWithMirrorCopy:
	lds wa, 1
	ld xbc, (xsp)
	ld xde, (xsp + 4)
	call Flash_EraseSectorAndWrite
	ld xiy, (xsp + 4)
	add xiy, 0x10000
	ld xwa, (xsp)
	ld xix, xwa
	ldw bc, 0x8000
	ldirw
	ld xwa, (xsp)
	add xwa, 0x10000
	ld xbc, xwa
	st_dri3b B, 0xE1, 0x00, 0x68

LABEL_F17286:
	ld xhl, xbc
	add xhl, 0xFFFF0000
	ld_spib A, 0xE4
	ld (xhl), a
	cp xbc, xde
	jr c, LABEL_F17286
	ld xde, (xsp + 4)
	add xde, 0x10000
	lds wa, 1
	ld xbc, (xsp)

LABEL_F172A4:
	call Flash_EraseSectorAndWrite
	lda xsp, (xsp + 10)
	ret

LABEL_F172AC:
	ldda32 xwa, 3186
	stda32 14766, xwa
	jp LABEL_F6B207
LABEL_F172B8:
	.byte 0x3e, 0xda, 0x12, 0xf2, 0xc0, 0x60, 0xe1, 0x34
	.byte 0xf3, 0x07, 0xf0, 0xe8, 0x33, 0x25, 0x00, 0xc9
	.byte 0xcf, 0x0a, 0x6f, 0x4a, 0x83, 0x23, 0xd8, 0x12
	.byte 0xc3, 0x07, 0xf0, 0xe0, 0x27, 0xdc, 0xa8, 0xcb
	.byte 0x89, 0xd8, 0x13, 0xd8, 0x09, 0x60, 0x00, 0xd8
	.byte 0x8d, 0xdc, 0x85, 0xe1, 0x72, 0x0c, 0x20, 0xf3
	.byte 0x07, 0xe0, 0xf4, 0x36, 0xcf, 0x89, 0xd8, 0x13
	.byte 0xd8, 0x09, 0x60, 0x00, 0xd8, 0x8d, 0xdc, 0x85
	.byte 0xe1, 0x6e, 0x0c, 0x20, 0xf3, 0x07, 0xe0, 0xf4
	.byte 0x30, 0xc3, 0xe1, 0xa0, 0x00, 0x21, 0xf3, 0xf9
	.byte 0xa0, 0x00, 0x41, 0xcd, 0x61, 0xdc, 0x61, 0xcd
	.byte 0xcf, 0x10, 0x67, 0xc3, 0x68, 0x48, 0xd9, 0x12
	.byte 0xc3, 0x07, 0xf0, 0xe4, 0x23, 0x83, 0x27, 0xdc
	.byte 0xa8, 0xcb, 0x89, 0xd8, 0x13, 0xd8, 0x09, 0x60
	.byte 0x00, 0xd8, 0x8d, 0xdc, 0x85, 0xe1, 0x6e, 0x0c
	.byte 0x20, 0xf3, 0x07, 0xe0, 0xf4, 0x36, 0xcf, 0x89
	.byte 0xd8, 0x13, 0xd8, 0x09, 0x60, 0x00, 0xd8, 0x8d
	.byte 0xdc, 0x85, 0xe1, 0x72, 0x0c, 0x20, 0xf3, 0x07
	.byte 0xe0, 0xf4, 0x30, 0xc3, 0xe1, 0xa0, 0x00, 0x21
	.byte 0xf3, 0xf9, 0xa0, 0x00, 0x41, 0xcd, 0x61, 0xdc
	.byte 0x61, 0xcd, 0xcf, 0x10, 0x67, 0xc3, 0x5e, 0x0e
	.byte 0xe1, 0x6e, 0x0c, 0x21, 0xb9, 0x10, 0x33, 0xcd
	.byte 0xc8, 0x20, 0xda, 0x12, 0xda, 0xc8, 0x10, 0x00
	.byte 0xe1, 0x72, 0x0c, 0x21, 0xf3, 0x07, 0xe4, 0xe8
	.byte 0x31, 0xc9, 0xcf, 0x0a, 0x6f, 0x05, 0x83, 0x21
	.byte 0xb1, 0x41, 0x0e, 0x81, 0x21, 0xb3, 0x41, 0x0e
	.byte 0xef, 0x6a, 0x2e, 0xbf, 0x02, 0x41, 0x1e, 0x11
	.byte 0x0e, 0xf1, 0xd4, 0x06, 0x34, 0x94, 0x3f, 0xff
	.byte 0xff, 0x66, 0x35, 0x27, 0x00, 0xe1, 0x92, 0x0c
	.byte 0x21, 0xcf, 0x89, 0xd8, 0x12, 0xd8, 0xc8, 0x50
	.byte 0x00, 0xc3, 0x07, 0xe4, 0xe0, 0x21, 0xc9, 0xd8
	.byte 0x66, 0x05, 0x8f, 0x02, 0xf1, 0x6e, 0x13, 0xf1
	.byte 0xa0, 0x07, 0x31, 0x94, 0x20, 0xb1, 0x50, 0xdb
	.byte 0x12, 0xdb, 0xce, 0x00, 0x05, 0xb9, 0x02, 0x53
	.byte 0x68, 0x06, 0xcf, 0x61, 0xcf, 0xdc, 0x67, 0xd1
	.byte 0x26, 0x00, 0x27, 0x00, 0xc7, 0xea, 0xa8, 0xc7
	.byte 0xea, 0x89, 0xd8, 0x12, 0xd8, 0x80, 0xd8, 0x62
	.byte 0xf3, 0x07, 0xf0, 0xe0, 0x31, 0x91, 0x3f, 0xff
	.byte 0xff, 0x66, 0x5d, 0xcf, 0xcf, 0x28, 0x6f, 0x4f
	.byte 0xcf, 0x8d, 0xda, 0x12, 0xda, 0xc8, 0x10, 0x00
	.byte 0xe1, 0x92, 0x0c, 0x20, 0xc3, 0x07, 0xe0, 0xe8
	.byte 0x21, 0xc9, 0xd8, 0x66, 0x05, 0x8f, 0x02, 0xf1
	.byte 0x6e, 0x2e, 0xce, 0x8d, 0xda, 0x12, 0xda, 0xec
	.byte 0x02, 0xda, 0x8e, 0xde, 0x64, 0xf1, 0xa0, 0x07
	.byte 0x35, 0x91, 0x20, 0xf3, 0x07, 0xf4, 0xf8, 0x50
	.byte 0xda, 0x66, 0xcf, 0x89, 0xc9, 0x31, 0x07, 0xd8
	.byte 0x12, 0xd8, 0xce, 0x00, 0x05, 0xf3, 0x07, 0xf4
	.byte 0xe8, 0x50, 0xce, 0x61, 0xcf, 0x61, 0x68, 0x07
	.byte 0xcf, 0x61, 0xcf, 0xcf, 0x28, 0x67, 0xb1, 0xc7
	.byte 0xea, 0x61, 0xc7, 0xea, 0xcf, 0x32, 0x67, 0x8f
	.byte 0x4e, 0xef, 0x62, 0x0e, 0xef, 0x6e, 0xbf, 0x04
	.byte 0x41, 0x1e, 0x4e, 0x0d, 0xf1, 0xd4, 0x06, 0x30
	.byte 0x90, 0x3f, 0xff, 0xff, 0x66, 0x0d, 0xf1, 0xa0
	.byte 0x07, 0x31, 0x90, 0x20, 0xb1, 0x50, 0xb9, 0x02
	.byte 0x02, 0x00, 0x06, 0x8f, 0x04, 0x21, 0xd8, 0x12
	.byte 0x1e, 0x6e, 0x0f, 0xbf, 0x02, 0x00, 0x00, 0xb7
	.byte 0x00, 0x00, 0x87, 0x21, 0xd8, 0x12, 0xd8, 0x80
	.byte 0xd8, 0x62, 0xf1, 0xd4, 0x06, 0x31, 0xd3, 0x07
	.byte 0xe4, 0xe0, 0x21, 0xd9, 0xcf, 0xff, 0xff, 0x76
	.byte 0xad, 0x00, 0x27, 0x00, 0x26, 0x27, 0xcf, 0xa6
	.byte 0xce, 0x89, 0xd8, 0x12, 0xd8, 0x80, 0xd8, 0x62
	.byte 0xf1, 0x02, 0x0c, 0x34, 0xf3, 0x07, 0xf0, 0xe0
	.byte 0x32, 0x92, 0x20, 0xc7, 0xe2, 0x99, 0x8f, 0x02
	.byte 0x21, 0xd8, 0x12, 0xc7, 0xe2, 0xcf, 0xff, 0x6e
	.byte 0x26, 0xd8, 0xec, 0x02, 0xd8, 0x8d, 0xdd, 0x64
	.byte 0xf1, 0xa0, 0x07, 0x34, 0xf3, 0x07, 0xf0, 0xf4
	.byte 0x51, 0xd8, 0x89, 0xd9, 0x66, 0xce, 0x31, 0x07
	.byte 0xce, 0x8f, 0xdb, 0x12, 0xf3, 0x07, 0xf0, 0xe4
	.byte 0x53, 0xb2, 0x02, 0x02, 0x00, 0x68, 0x4c, 0xcf
	.byte 0x61, 0xcf, 0xcf, 0x28, 0x67, 0xae, 0x27, 0x00
	.byte 0xd8, 0x8d, 0x26, 0x27, 0xcf, 0xa6, 0xce, 0x89
	.byte 0xd8, 0x12, 0xd8, 0x80, 0xd8, 0x62, 0xf3, 0x07
	.byte 0xf0, 0xe0, 0x32, 0x92, 0x20, 0xc7, 0xe2, 0x99
	.byte 0xc7, 0xe2, 0xd9, 0x6e, 0x2b, 0xdd, 0x88, 0xd8
	.byte 0xec, 0x02, 0xd8, 0x8d, 0xdd, 0x64, 0xf1, 0xa0
	.byte 0x07, 0x34, 0xf3, 0x07, 0xf0, 0xf4, 0x51, 0xd8
	.byte 0x89, 0xd9, 0x66, 0xce, 0x31, 0x07, 0xce, 0x8f
	.byte 0xdb, 0x12, 0xf3, 0x07, 0xf0, 0xe4, 0x53, 0xb2
	.byte 0x02, 0x02, 0x00, 0x8f, 0x02, 0x61, 0x68, 0x07
	.byte 0xcf, 0x61, 0xcf, 0xcf, 0x28, 0x67, 0xb3, 0x87
	jr	lt, 0x87
	.ascii "?2w;ÿï"
	.byte 0x66, 0x0e, 0xef, 0x6a, 0x3e, 0xbf, 0x04, 0x41
	.byte 0xd1, 0xa0, 0x07, 0x3f, 0xff, 0xff, 0x66, 0x45
	.byte 0xc7, 0xf9, 0xa8, 0x8f, 0x04, 0x21, 0xc9, 0xc8
	.byte 0x1e, 0xc7, 0xfa, 0x99, 0xc7, 0xf9, 0x89, 0xc7
	.byte 0xfb, 0x99, 0xc7, 0xfa, 0x89, 0xd8, 0x12, 0xc7
	.byte 0xfb, 0x8b, 0xd9, 0x12, 0xda, 0xa8, 0x1e, 0xe9
	.byte 0xf8, 0xf1, 0xa0, 0x07, 0x30, 0x90, 0xf3, 0x6e
	.byte 0x13, 0x98, 0x02, 0x23, 0xc7, 0xfa, 0x89, 0xd8
	.byte 0x12, 0xc7, 0xfb, 0x8b, 0xd9, 0x12, 0x2b, 0xda
	.byte 0xa8, 0x1e, 0xa0, 0xf9, 0xc7, 0xf9, 0x61, 0xc7
	.byte 0xf9, 0xcf, 0x0a, 0x67, 0xbe, 0xc7, 0xf8, 0xa8
	.byte 0xc7, 0xf8, 0x8b, 0xd9, 0x12, 0xd9, 0xec, 0x02
	.byte 0xf1, 0xa4, 0x07, 0x30, 0xd3, 0x07, 0xe0, 0xe4
	.byte 0x3f, 0xff, 0xff, 0x76, 0x1a, 0x01, 0xc7, 0xf9
	.byte 0xa8, 0x8f, 0x04, 0x21, 0xc9, 0xc8, 0x1e, 0xc7
	.byte 0xfa, 0x99, 0xc7, 0xf9, 0x89, 0xc7, 0xfb, 0x99
	.byte 0xc7, 0xfa, 0x89, 0xd8, 0x12, 0xc7, 0xfb, 0x8b
	.byte 0xd9, 0x12, 0xda, 0xa9, 0x1e, 0x8b, 0xf8, 0xc7
	.byte 0xf8, 0x89, 0xd8, 0x12, 0xd8, 0xec, 0x02, 0xd8
	.byte 0x8a, 0xda, 0x64, 0xf1, 0xa0, 0x07, 0x31, 0xd3
	.byte 0x07, 0xe4, 0xe8, 0xf3, 0x6e, 0x17, 0xd8, 0x66
	.byte 0xd3, 0x07, 0xe4, 0xe0, 0x23, 0xc7, 0xfa, 0x89
	.byte 0xd8, 0x12, 0xc7, 0xfb, 0x8b, 0xd9, 0x12, 0x2b
	.byte 0xda, 0xa9, 0x1e, 0x2f, 0xf9, 0xc7, 0xfa, 0x89
	.byte 0xd8, 0x12, 0xc7, 0xfb, 0x8b, 0xd9, 0x12, 0xda
	.byte 0xaa, 0x1e, 0x4e, 0xf8, 0xc7, 0xf8, 0x89, 0xd8
	.byte 0x12, 0xd8, 0xec, 0x02, 0xd8, 0x8a, 0xda, 0x64
	.byte 0xf1, 0xa0, 0x07, 0x31, 0xd3, 0x07, 0xe4, 0xe8
	.byte 0xf3, 0x6e, 0x17, 0xd8, 0x66, 0xd3, 0x07, 0xe4
	.byte 0xe0, 0x23, 0xc7, 0xfa, 0x89, 0xd8, 0x12, 0xc7
	.byte 0xfb, 0x8b, 0xd9, 0x12, 0x2b, 0xda, 0xaa, 0x1e
	.byte 0xf2, 0xf8, 0xc7, 0xfa, 0x89, 0xd8, 0x12, 0xc7
	.byte 0xfb, 0x8b, 0xd9, 0x12, 0xda, 0xab, 0x1e, 0x11
	.byte 0xf8, 0xc7, 0xf8, 0x89, 0xd8, 0x12, 0xd8, 0xec
	.byte 0x02, 0xd8, 0x8a, 0xda, 0x64, 0xf1, 0xa0, 0x07
	.byte 0x31, 0xd3, 0x07, 0xe4, 0xe8, 0xf3, 0x6e, 0x17
	.byte 0xd8, 0x66, 0xd3, 0x07, 0xe4, 0xe0, 0x23, 0xc7
	.byte 0xfa, 0x89, 0xd8, 0x12, 0xc7, 0xfb, 0x8b, 0xd9
	.byte 0x12, 0x2b, 0xda, 0xab, 0x1e, 0xb5, 0xf8, 0xc7
	.byte 0xfa, 0x89, 0xd8, 0x12, 0xc7, 0xfb, 0x8b, 0xd9
	.byte 0x12, 0xda, 0xac, 0x1e, 0xd4, 0xf7, 0xc7, 0xf8
	.byte 0x89, 0xd8, 0x12, 0xd8, 0xec, 0x02, 0xd8, 0x8a
	.byte 0xda, 0x64, 0xf1, 0xa0, 0x07, 0x31, 0xd3, 0x07
	.byte 0xe4, 0xe8, 0xf3, 0x6e, 0x17, 0xd8, 0x66, 0xd3
	.byte 0x07, 0xe4, 0xe0, 0x23, 0xc7, 0xfa, 0x89, 0xd8
	.byte 0x12, 0xc7, 0xfb, 0x8b, 0xd9, 0x12, 0x2b, 0xda
	.byte 0xac, 0x1e, 0x78, 0xf8, 0xc7, 0xf9, 0x61, 0xc7
	.byte 0xf9, 0xcf, 0x0a, 0x77, 0xf3, 0xfe, 0xc7, 0xf8
	.byte 0x61, 0xc7, 0xf8, 0xcf, 0x32, 0x77, 0xd0, 0xfe
	.byte 0x5e, 0xef, 0x62, 0x0e, 0xe1, 0x96, 0x0c, 0x24
	.byte 0xe1, 0x92, 0x0c, 0x25, 0x31, 0x00, 0x80, 0x95
	.byte 0x11, 0xf1, 0xa0, 0x07, 0x33, 0x9b, 0x02, 0x21
	.byte 0xd9, 0xcf, 0xff, 0xff, 0x66, 0x45, 0xd9, 0xcc
	.byte 0x7f, 0x00, 0xcb, 0x88, 0xc8, 0x8d, 0xda, 0x12
	.byte 0xda, 0xc8, 0x50, 0x00, 0xe1, 0x96, 0x0c, 0x21
	.byte 0xf3, 0x07, 0xe4, 0xe8, 0x41, 0xc8, 0xdb, 0x66
	.byte 0x4c, 0xc8, 0x61, 0xc8, 0xdb, 0x6b, 0x46, 0xc8
	.byte 0x8d, 0xda, 0x12, 0xda, 0x8c, 0xdc, 0xc8, 0x50
	.byte 0x00, 0xe1, 0x96, 0x0c, 0x21, 0xf3, 0x07, 0xe4
	.byte 0xf0, 0x31, 0x81, 0xf9, 0x6e, 0x03, 0xb1, 0x00
	.byte 0x00, 0xc8, 0x61, 0xda, 0x61, 0xc8, 0xdb, 0x63
	.byte 0xe2, 0x68, 0x22, 0x20, 0x00, 0xda, 0xa8, 0xda
	.byte 0x8c, 0xdc, 0xc8, 0x50, 0x00, 0xe1, 0x96, 0x0c
	.byte 0x21, 0xf3, 0x07, 0xe4, 0xf0, 0x31, 0x81, 0xf9
	.byte 0x6e, 0x03, 0xb1, 0x00, 0x00, 0xc8, 0x61, 0xda
	.byte 0x61, 0xc8, 0xdc, 0x67, 0xe2, 0x20, 0x00, 0xc7
	.byte 0xe2, 0xa8, 0xc7, 0xe2, 0x8b, 0xd9, 0x12, 0xd9
	.byte 0xec, 0x02, 0xd9, 0x66, 0xd3, 0x07, 0xec, 0xe4
	.byte 0x21, 0xd9, 0xcf, 0xff, 0xff, 0x66, 0x22, 0xd9
	.byte 0xcc, 0x7f, 0x00, 0xcb, 0x88, 0xc8, 0x8d, 0xda
	.byte 0x12, 0xda, 0xc8, 0x10, 0x00, 0xe1, 0x96, 0x0c
	.byte 0x21, 0xf3, 0x07, 0xe4, 0xe8, 0x41, 0xc8, 0x61
	.byte 0xc7, 0xe2, 0x61, 0xc7, 0xe2, 0xcf, 0x32, 0x67
	.byte 0xc9, 0xc8, 0xcf, 0x28, 0x66, 0x28, 0xc8, 0xcf
	.byte 0x27, 0x6b, 0x23, 0xc8, 0x8d, 0xda, 0x12, 0xda
	.byte 0x8b, 0xdb, 0xc8, 0x10, 0x00, 0xe1, 0x96, 0x0c
	.byte 0x21, 0xf3, 0x07, 0xe4, 0xec, 0x31, 0x81, 0xf9
	.byte 0x6e, 0x03, 0xb1, 0x00, 0x00, 0xc8, 0x61, 0xda
	.byte 0x61, 0xc8, 0xcf, 0x27, 0x63, 0xe1, 0xe1, 0x96
	.byte 0x0c, 0x21, 0xe1, 0x92, 0x0c, 0x22, 0xd8, 0xa9
	.byte 0x1b, 0xfc, 0x3b, 0xef, 0xbf, 0xf4, 0x37, 0x3e
	.byte 0xe1, 0x96, 0x0c, 0x24, 0xe1, 0x92, 0x0c, 0x25
	.byte 0x31, 0x00, 0x80, 0x95, 0x11, 0xf1, 0xa0, 0x07
	.byte 0x30, 0x90, 0x3f, 0xff, 0xff, 0x66, 0x69, 0x90
	.byte 0x23, 0x26, 0x00, 0x98, 0x02, 0x20, 0x20, 0x00
	.byte 0xbf, 0x04, 0x41, 0xcf, 0x8b, 0xd9, 0x12, 0xbf
	.byte 0x0c, 0x32, 0xbf, 0x0a, 0x30, 0x38, 0xd8, 0xaa
	.byte 0x1d, 0xa7, 0x06, 0xff, 0xaf, 0x0c, 0x26, 0x9f
	.byte 0x0a, 0x20, 0xbf, 0x08, 0x50, 0xdb, 0xd8, 0x6e
	.byte 0x3f, 0x8f, 0x04, 0x23, 0xd9, 0x12, 0xbf, 0x0c
	.byte 0x32, 0xbf, 0x0a, 0x30, 0x38, 0xd8, 0xab, 0x1d
	.byte 0xa7, 0x06, 0xff, 0xaf, 0x0c, 0x24, 0xec, 0xca
	.byte 0x00, 0x68, 0x34, 0x00, 0xdb, 0xd8, 0x6e, 0x20
	.byte 0xdb, 0xa8, 0x9f, 0x08, 0x3f, 0x00, 0x00, 0x63
	.byte 0x17, 0xe9, 0xa8, 0xe9, 0x8a, 0xec, 0x82, 0xe9
	.byte 0x88, 0xee, 0x80, 0x80, 0x21, 0xb2, 0x41, 0xdb
	.byte 0x61, 0xe9, 0x61, 0x9f, 0x08, 0xf3, 0x67, 0xeb
	.byte 0xbf, 0x06, 0x00, 0x00, 0x8f, 0x06, 0x23, 0xd9
	.byte 0x12, 0xd9, 0xec, 0x02, 0xd9, 0x88, 0xd8, 0x64
	.byte 0xf1, 0xa0, 0x07, 0x32, 0xd3, 0x07, 0xe8, 0xe0
	.byte 0x20, 0xd8, 0xcf, 0xff, 0xff, 0x66, 0x7d, 0x20
	.byte 0x00, 0xc9, 0x8f, 0xd9, 0x66, 0xd3, 0x07, 0xe8
	.byte 0xe4, 0x20, 0x20, 0x00, 0xbf, 0x04, 0x41, 0xcf
	.byte 0x30, 0x07, 0xbf, 0x04, 0xb7, 0xcf, 0x8b, 0xd9
	.byte 0x12, 0xbf, 0x0c, 0x32, 0xbf, 0x0a, 0x30, 0x38
	.byte 0xd8, 0xa8, 0x1d, 0xa7, 0x06, 0xff, 0xaf, 0x0c
	.byte 0x26, 0x9f, 0x0a, 0x20, 0xbf, 0x08, 0x50, 0xdb
	.byte 0xd8, 0x6e, 0x3f, 0x8f, 0x04, 0x23, 0xd9, 0x12
	.byte 0xbf, 0x0c, 0x32, 0xbf, 0x0a, 0x30, 0x38, 0xd8
	.byte 0xa9, 0x1d, 0xa7, 0x06, 0xff, 0xaf, 0x0c, 0x24
	.byte 0xec, 0xca, 0x00, 0x68, 0x34, 0x00, 0xdb, 0xd8
	.byte 0x6e, 0x20, 0xdb, 0xa8, 0x9f, 0x08, 0x3f, 0x00
	.byte 0x00, 0x63, 0x17, 0xe9, 0xa8, 0xe9, 0x8a, 0xec
	.byte 0x82, 0xe9, 0x88, 0xee, 0x80, 0x80, 0x21, 0xb2
	.byte 0x41, 0xdb, 0x61, 0xe9, 0x61, 0x9f, 0x08, 0xf3
	.byte 0x67, 0xeb, 0x8f, 0x06, 0x61, 0x8f, 0x06, 0x3f
	.byte 0x32, 0x77, 0x68, 0xff, 0xe1, 0x96, 0x0c, 0x21
	.byte 0xe1, 0x92, 0x0c, 0x22, 0xd8, 0xa9, 0x1d, 0xfc
	.byte 0x3b, 0xef, 0x5e, 0xbf, 0x0c, 0x37, 0x0e, 0xbf
	.byte 0xf4, 0x37, 0x3e, 0xf1, 0xa0, 0x07, 0x30, 0x90
	.byte 0x3f, 0xff, 0xff, 0x66, 0x63, 0x90, 0x23, 0x26
	.byte 0x00, 0x98, 0x02, 0x20, 0x20, 0x00, 0xbf, 0x04
	.byte 0x41, 0xcf, 0x8b, 0xd9, 0x12, 0xbf, 0x0c, 0x32
	.byte 0xbf, 0x0a, 0x30, 0x38, 0xd8, 0xab, 0x1d, 0xa7
	.byte 0x06, 0xff, 0xaf, 0x0c, 0x26, 0x9f, 0x0a, 0x20
	.byte 0xbf, 0x08, 0x50, 0xdb, 0xd8, 0x6e, 0x39, 0x8f
	.byte 0x04, 0x23, 0xd9, 0x12, 0xbf, 0x0c, 0x32, 0xbf
	.byte 0x0a, 0x30, 0x38, 0xd8, 0xaa, 0x1d, 0xa7, 0x06
	.byte 0xff, 0xaf, 0x0c, 0x24, 0xdb, 0xd8, 0x6e, 0x20
	.byte 0xdb, 0xa8, 0x9f, 0x08, 0x3f, 0x00, 0x00, 0x63
	.byte 0x17, 0xe9, 0xa8, 0xe9, 0x8a, 0xec, 0x82, 0xe9
	.byte 0x88, 0xee, 0x80, 0x80, 0x21, 0xb2, 0x41, 0xdb
	.byte 0x61, 0xe9, 0x61, 0x9f, 0x08, 0xf3, 0x67, 0xeb
	.byte 0xbf, 0x06, 0x00, 0x00, 0x8f, 0x06, 0x23, 0xd9
	.byte 0x12, 0xd9, 0xec, 0x02, 0xd9, 0x88, 0xd8, 0x64
	.byte 0xf1, 0xa0, 0x07, 0x32, 0xd3, 0x07, 0xe8, 0xe0
	.byte 0x20, 0xd8, 0xcf, 0xff, 0xff, 0x66, 0x77, 0x20
	.byte 0x00, 0xc9, 0x8f, 0xd9, 0x66, 0xd3, 0x07, 0xe8
	.byte 0xe4, 0x20, 0x20, 0x00, 0xbf, 0x04, 0x41, 0xcf
	.byte 0x30, 0x07, 0xbf, 0x04, 0xb7, 0xcf, 0x8b, 0xd9
	.byte 0x12, 0xbf, 0x0c, 0x32, 0xbf, 0x0a, 0x30, 0x38
	.byte 0xd8, 0xa9, 0x1d, 0xa7, 0x06, 0xff, 0xaf, 0x0c
	.byte 0x26, 0x9f, 0x0a, 0x20, 0xbf, 0x08, 0x50, 0xdb
	.byte 0xd8, 0x6e, 0x39, 0x8f, 0x04, 0x23, 0xd9, 0x12
	.byte 0xbf, 0x0c, 0x32, 0xbf, 0x0a, 0x30, 0x38, 0xd8
	.byte 0xa8, 0x1d, 0xa7, 0x06, 0xff, 0xaf, 0x0c, 0x24
	.byte 0xdb, 0xd8, 0x6e, 0x20, 0xdb, 0xa8, 0x9f, 0x08
	.byte 0x3f, 0x00, 0x00, 0x63, 0x17, 0xe9, 0xa8, 0xe9
	.byte 0x8a, 0xec, 0x82, 0xe9, 0x88, 0xee, 0x80, 0x80
	.byte 0x21, 0xb2, 0x41, 0xdb, 0x61, 0xe9, 0x61, 0x9f
	.byte 0x08, 0xf3, 0x67, 0xeb, 0x8f, 0x06, 0x61, 0x8f
	.byte 0x06
	.ascii "?2wnÿ^¿"
	.byte 0x0c, 0x37, 0x0e, 0xef, 0x68, 0x3e, 0xbf, 0x0a
	.byte 0x43, 0xd8, 0x8e, 0x1e, 0x94, 0x07, 0x1e, 0xb9
	.byte 0x07, 0x1e, 0x79, 0x08, 0xde, 0x88, 0xd8, 0xcc
	.byte 0x00, 0xff, 0x66, 0x49, 0x24, 0x00, 0x22, 0x00
	.byte 0x23, 0x00, 0xe1, 0x92, 0x0c, 0x23, 0xdc, 0xa8
	.byte 0xdc, 0x88, 0xd8, 0xc8, 0x50, 0x00, 0xc3, 0x07
	.byte 0xec, 0xe0, 0x20, 0xca, 0xf0, 0x63, 0x04, 0xc8
	.byte 0x8a, 0xcb, 0x8c, 0xcb, 0x61, 0xdc, 0x61, 0xcb
	.byte 0xdc, 0x67, 0xe5, 0xf1, 0xa0, 0x07, 0x33, 0xd1
	.byte 0xd4, 0x06, 0x20, 0xb3, 0x50, 0xcc, 0x89, 0xd8
	.byte 0x12, 0xd8, 0xce, 0x00, 0x05, 0xbb, 0x02, 0x50
	.byte 0xf1, 0x6c, 0x08, 0x32, 0xb2, 0x50, 0xca, 0x8b
	.byte 0xd9, 0x12, 0xba, 0x02, 0x51, 0xde, 0x88, 0xd8
	.byte 0xcc, 0xff, 0x00, 0x76, 0x3e, 0x01, 0x25, 0x00
	.byte 0x23, 0x00, 0xbf, 0x06, 0x00, 0x00, 0xbf, 0x08
	.byte 0x00, 0x00, 0xbf, 0x04, 0x00, 0x00, 0x8f, 0x04
	.byte 0x21, 0xd8, 0x12, 0xd8, 0x80, 0xd8, 0x62, 0xf1
	.byte 0xd4, 0x06, 0x33, 0xf3, 0x07, 0xec, 0xe0, 0x33
	.byte 0x93, 0x3f, 0xff, 0xff, 0x76, 0x15, 0x01, 0x8f
	.byte 0x08, 0x3f, 0x00, 0x6e, 0x64, 0xcb, 0xcf, 0x28
	.byte 0x6f, 0x52, 0xcb, 0x89, 0xd8, 0x12, 0xd8, 0x8c
	.byte 0xdc, 0xc8, 0x10, 0x00, 0xe1, 0x92, 0x0c, 0x20
	.byte 0xc3, 0x07, 0xe0, 0xf0, 0x20, 0xc8, 0xd8, 0x66
	.byte 0x05, 0x8f, 0x0a, 0xf0, 0x6e, 0x2f, 0xc7, 0xf0
	.byte 0x9d, 0xdc, 0x12, 0xdc, 0xec, 0x02, 0xdc, 0x8e
	.byte 0xde, 0x64, 0xf1, 0xa0, 0x07, 0x35, 0x93, 0x20
	.byte 0xf3, 0x07, 0xf4, 0xf8, 0x50, 0xdc, 0x66, 0xcb
	.byte 0x89, 0xc9, 0x31, 0x07, 0xd8, 0x12, 0xd8, 0xce
	.byte 0x00, 0x05, 0xf3, 0x07, 0xf4, 0xf0, 0x50, 0xcd
	.byte 0x61, 0xcb, 0x61, 0x68, 0x07, 0xcb, 0x61, 0xcb
	.byte 0xcf, 0x28, 0x67, 0xae, 0xcb, 0xcf, 0x28, 0x7e
	.byte 0xa8, 0x00, 0xbf, 0x08, 0x00, 0x01, 0x78, 0xa1
	.byte 0x00, 0x24, 0x00, 0x22, 0x00, 0x23, 0x00, 0xcb
	.byte 0x89, 0xd8, 0x12, 0xd8, 0x8d, 0xdd, 0x85, 0xdd
	.byte 0x62, 0xf1, 0x9c, 0x0b, 0x34, 0xd3, 0x07, 0xf0
	.byte 0xf4, 0x3f, 0x01, 0x00, 0x66, 0x1c, 0xd8, 0x8d
	.byte 0xdd, 0xc8, 0x10, 0x00, 0xe1, 0x92, 0x0c, 0x20
	.byte 0xc3, 0x07, 0xe0, 0xf4, 0x20, 0xca, 0xf0, 0x63
	.byte 0x09, 0x8f, 0x0a, 0xf0, 0x66, 0x04, 0xc8, 0x8a
	.byte 0xcb, 0x8c, 0xcb, 0x61, 0xc7, 0xf4, 0x9d, 0xdd
	.byte 0x12, 0xcb, 0xcf, 0x28, 0x67, 0xc1, 0xdd, 0xec
	.byte 0x02, 0xd7, 0xe2, 0x9d, 0xd7, 0xe2, 0x64, 0xf1
	.byte 0xa0, 0x07, 0x36, 0x93, 0x20, 0xf3, 0x07, 0xf8
	.byte 0xe2, 0x50, 0xdd, 0x66, 0xcc, 0x8f, 0xcf, 0x31
	.byte 0x07, 0xdb, 0x12, 0xdb, 0xce, 0x00, 0x05, 0xf3
	.byte 0x07, 0xf8, 0xf4, 0x53, 0x8f, 0x06, 0x21, 0xd8
	.byte 0x12, 0xd8, 0xec, 0x02, 0xd8, 0x8e, 0xde, 0x64
	.byte 0xf1, 0x6c, 0x08, 0x35, 0xf3, 0x07, 0xf4, 0xf8
	.byte 0x53, 0xd8, 0x8b, 0xdb, 0x66, 0xca, 0x89, 0xd8
	.byte 0x12, 0xf3, 0x07, 0xf4, 0xec, 0x50, 0xcc, 0x89
	.byte 0xd8, 0x12, 0xd8, 0x80, 0xd8, 0x62, 0xf3, 0x07
	.byte 0xf0, 0xe0, 0x02, 0x01, 0x00, 0x8f, 0x06, 0x61
	.byte 0xcd, 0x61, 0x8f, 0x04, 0x61, 0x8f, 0x04, 0x3f
	.byte 0x32, 0x77, 0xd2, 0xfe, 0x5e, 0xef, 0x60, 0x0e
	.byte 0x3e, 0xf1, 0x4f, 0x3a, 0x31, 0xe9, 0x88, 0xb9
	.byte 0x1d, 0x31, 0xf5, 0xe0, 0x00, 0x20, 0xe9, 0xf0
	.byte 0x67, 0xf8, 0xc7, 0xfb, 0xa8, 0xf1, 0x6c, 0x08
	.byte 0x30, 0x90, 0x3f, 0xff, 0xff, 0x66, 0x3f, 0x90
	.byte 0x20, 0x20, 0x00, 0xc7, 0xf9, 0x99, 0xd8, 0x12
	.byte 0x1e, 0x00, 0x01, 0xc7, 0xf8, 0x9f, 0xc7, 0xf9
	.byte 0x89, 0xd8, 0x12, 0x1e, 0x2a, 0x01, 0xf1, 0x4f
	.byte 0x3a, 0x31, 0xb1, 0x00, 0x23, 0xb9, 0x01, 0x47
	.byte 0xc7, 0xf8, 0x89, 0xb9, 0x02, 0x41, 0xb9, 0x03
	.byte 0x00, 0x28, 0xb9, 0x04, 0x00, 0x44, 0xb9, 0x05
	.byte 0x00, 0x72, 0xb9, 0x06, 0x00, 0x6d, 0xb9, 0x07
	.byte 0x00, 0x29, 0xc7, 0xfb, 0x03, 0x09, 0xc7, 0xfa
	.byte 0xa8, 0xc7, 0xfa, 0x89, 0xd8, 0x12, 0xd8, 0xec
	.byte 0x02, 0xd8, 0x8a, 0xda, 0x64, 0xf1, 0x6c, 0x08
	.byte 0x31, 0xd3, 0x07, 0xe4, 0xe8, 0x3f, 0xff, 0xff
	.byte 0x76, 0xae, 0x00, 0xd8, 0x66, 0xd3, 0x07, 0xe4
	.byte 0xe0, 0x20, 0xc7, 0xf9, 0x99, 0xd9, 0xa8, 0xc7
	.byte 0xfa, 0xd8, 0x66, 0x09, 0xc7, 0xf9, 0x89, 0xcf
	.byte 0xf1, 0x66, 0x02, 0xd9, 0xa9, 0xc7, 0xfa, 0xd8
	.byte 0xd8, 0x76, 0xd9, 0xe0, 0x66, 0x7e, 0xc7, 0xf9
	.byte 0x89, 0xc9, 0xca, 0x0a, 0xd8, 0x12, 0x1e, 0x82
	.byte 0x00, 0xc7, 0xf8, 0x9f, 0xc7, 0xf9, 0x89, 0xc9
	.byte 0xca, 0x0a, 0xd8, 0x12, 0x1e, 0xa9, 0x00, 0xc7
	.byte 0xfb, 0x89, 0xd8, 0x12, 0xf1, 0x4f, 0x3a, 0x31
	.byte 0xe8, 0x12, 0xe9, 0x80, 0xb0, 0x00, 0x23, 0xc7
	.byte 0xfb, 0x89, 0xc9, 0x61, 0xd8, 0x12, 0xe8, 0x12
	.byte 0xe9, 0x80, 0xb0, 0x47, 0xc7, 0xfb, 0x89, 0xc9
	.byte 0x62, 0xd8, 0x12, 0xd8, 0x8a, 0xea, 0x12, 0xe9
	.byte 0x82, 0xc7, 0xf8, 0x89, 0xb2, 0x41, 0xc7, 0xfb
	.byte 0x64, 0xc7, 0xfb, 0xcf, 0x1a, 0x63, 0x2d, 0xc7
	.byte 0xfb, 0x6c, 0xc7, 0xfb, 0x89, 0xd8, 0x12, 0xe8
	.byte 0x12, 0xe9, 0x80, 0xb0, 0x00, 0x2e, 0xc7, 0xfb
	.byte 0x89, 0xc9, 0x61, 0xd8, 0x12, 0xe8, 0x12, 0xe9
	.byte 0x80, 0xb0, 0x00, 0x2e, 0xc7, 0xfb, 0x89, 0xc9
	.byte 0x62, 0xd8, 0x12, 0xe8, 0x12, 0xe9, 0x80, 0xb0
	.byte 0x00, 0x2e, 0x68, 0x0d, 0xc7, 0xf9, 0x8f, 0xc7
	.byte 0xfa, 0x61, 0xc7, 0xfa, 0xcf, 0x32, 0x77, 0x38
	.byte 0xff, 0x5e, 0x0e, 0xc9, 0xcf, 0x0a, 0x6f, 0x07
	.byte 0xc9, 0xc8, 0x30, 0xc9, 0x8f, 0x68, 0x28, 0xc9
	.byte 0xcf, 0x14, 0x6f, 0x07, 0xc9, 0xc8, 0x26, 0xc9
	.byte 0x8f, 0x68, 0x1c, 0xc9, 0xcf, 0x1e, 0x6f, 0x07
	.byte 0xc9, 0xc8, 0x1c, 0xc9, 0x8f, 0x68, 0x10, 0xc9
	.byte 0xcf, 0x28, 0x6f, 0x07, 0xc9, 0xc8, 0x12, 0xc9
	.byte 0x8f, 0x68, 0x04, 0xc9, 0x60, 0xc9, 0x8f, 0x0e
	.byte 0xc9, 0xcf, 0x0a, 0x6f, 0x04, 0x27, 0x30, 0x68
	.byte 0x1b, 0xc9, 0xcf, 0x14, 0x6f, 0x04, 0x27, 0x31
	.byte 0x68, 0x12, 0xc9, 0xcf, 0x1e, 0x6f, 0x04, 0x27
	.byte 0x32, 0x68, 0x09, 0x27, 0x34, 0xc9, 0xcf, 0x28
	.byte 0xb0, 0xff, 0x27, 0x33, 0x0e, 0x3e, 0xf1, 0x4f
	.byte 0x3a, 0x32, 0xea, 0x88, 0xba, 0x1d, 0x31, 0xf5
	.byte 0xe0, 0x00, 0x20, 0xe9, 0xf0, 0x67, 0xf8, 0xc7
	.byte 0xf8, 0xa8, 0xd1, 0xa2, 0x07, 0x3f, 0xff, 0xff
	.byte 0x66, 0x23, 0xb2, 0x00, 0x55, 0xba, 0x01, 0x00
	.byte 0x73, 0xba, 0x02, 0x00, 0x65, 0xba, 0x03, 0x00
	.byte 0x72, 0xba, 0x04, 0x00, 0x44, 0xba, 0x05, 0x00
	.byte 0x72, 0xba, 0x06, 0x00, 0x75, 0xba, 0x07, 0x00
	.byte 0x6d, 0xc7, 0xf8, 0x03, 0x09, 0xc7, 0xf9, 0xa8
	.byte 0xc7, 0xf9, 0x89, 0xd8, 0x12, 0xd8, 0xec, 0x02
	.byte 0xf1, 0xa6, 0x07, 0x31, 0xd3, 0x07, 0xe4, 0xe0
	.byte 0x20, 0xd8, 0xcf, 0xff, 0xff, 0x76, 0xa4, 0x00
	.byte 0xc9, 0x30, 0x07, 0xc7, 0xfa, 0x99, 0xd9, 0xa8
	.byte 0xc7, 0xf9, 0xd8, 0x66, 0x09, 0xc7, 0xfa, 0x89
	.byte 0xcd, 0xf1, 0x66, 0x02, 0xd9, 0xa9, 0xc7, 0xf9
	.byte 0xd8, 0xd8, 0x76, 0xd9, 0xe0, 0x66, 0x78, 0xc7
	.byte 0xfa, 0x89, 0xd8, 0x12, 0x1e, 0x24, 0xff, 0xc7
	.byte 0xfb, 0x9f, 0xc7, 0xfa, 0x89, 0xd8, 0x12, 0x1e
	.byte 0x4e, 0xff, 0xc7, 0xf8, 0x89, 0xd8, 0x12, 0xf1
	.byte 0x4f, 0x3a, 0x31, 0xe8, 0x12, 0xe9, 0x80, 0xb0
	.byte 0x00, 0x23, 0xc7, 0xf8, 0x89, 0xc9, 0x61, 0xd8
	.byte 0x12, 0xe8, 0x12, 0xe9, 0x80, 0xb0, 0x47, 0xc7
	.byte 0xf8, 0x89, 0xc9, 0x62, 0xd8, 0x12, 0xd8, 0x8a
	.byte 0xea, 0x12, 0xe9, 0x82, 0xc7, 0xfb, 0x89, 0xb2
	.byte 0x41, 0xc7, 0xf8, 0x64, 0xc7, 0xf8, 0xcf, 0x1a
	.byte 0x63, 0x2d, 0xc7, 0xf8, 0x6c, 0xc7, 0xf8, 0x89
	.byte 0xd8, 0x12, 0xe8, 0x12, 0xe9, 0x80, 0xb0, 0x00
	.byte 0x2e, 0xc7, 0xf8, 0x89, 0xc9, 0x61, 0xd8, 0x12
	.byte 0xe8, 0x12, 0xe9, 0x80, 0xb0, 0x00, 0x2e, 0xc7
	.byte 0xf8, 0x89, 0xc9, 0x62, 0xd8, 0x12, 0xe8, 0x12
	.byte 0xe9, 0x80, 0xb0, 0x00, 0x2e, 0x68, 0x0d, 0xc7
	.byte 0xfa, 0x8d, 0xc7, 0xf9, 0x61, 0xc7, 0xf9, 0xcf
	.byte 0x32, 0x77, 0x44, 0xff, 0x5e, 0x0e, 0x1e, 0xb9
	.byte 0x03, 0xf1, 0x6c, 0x08, 0x33, 0x93, 0x3f, 0xff
	.byte 0xff, 0x66, 0x13, 0xf1, 0x38, 0x09, 0x31, 0x9b
	.byte 0x02, 0x20, 0xb1, 0x50, 0x93, 0x20, 0xb9, 0x02
	.byte 0x50, 0xb9, 0x04, 0x02, 0x00, 0x00, 0xc7, 0xea
	.byte 0xa8, 0xc7, 0xe2, 0xa8, 0xc7, 0xe2, 0x8d, 0xda
	.byte 0x12, 0xda, 0xec, 0x02, 0xda, 0x88, 0xd8, 0x64
	.byte 0xf3, 0x07, 0xec, 0xe0, 0x31, 0x91, 0x3f, 0xff
	.byte 0xff, 0xb0, 0xf6, 0xc7, 0xea, 0x89, 0xd8, 0x12
	.byte 0xd8, 0x80, 0xd8, 0x8d, 0xdd, 0x66, 0xf1, 0x38
	.byte 0x09, 0x34, 0xda, 0x66, 0xd3, 0x07, 0xec, 0xe8
	.byte 0x20, 0xf3, 0x07, 0xf0, 0xf4, 0x50, 0x91, 0x22
	.byte 0xc7, 0xea, 0x89, 0xd8, 0x12, 0xd8, 0xec, 0x02
	.byte 0xd8, 0x89, 0xd9, 0xc8, 0x6a, 0x00, 0xf3, 0x07
	.byte 0xf0, 0xe4, 0x52, 0xd8, 0xc8, 0x6c, 0x00, 0xf3
	.byte 0x07, 0xf0, 0xe0, 0x02, 0x00, 0x00, 0xc7, 0xea
	.byte 0x61, 0xc7, 0xe2, 0x61, 0xc7, 0xe2, 0xcf, 0x32
	.byte 0x67, 0xa2, 0x0e, 0x1e, 0x71, 0x03, 0xf1, 0xd4
	.byte 0x06, 0x31, 0x91, 0x3f, 0xff, 0xff, 0x66, 0x0e
	.byte 0xf1, 0x6a, 0x0a, 0x32, 0x91, 0x20, 0xba, 0x02
	.byte 0x50, 0xba, 0x04, 0x02, 0x00, 0x00, 0x26, 0x00
	.byte 0x27, 0x00, 0xcf, 0x89, 0xd8, 0x12, 0xd8, 0x80
	.byte 0xd8, 0x62, 0xe8, 0x13, 0xe9, 0x80, 0x90, 0x3f
	.byte 0xff, 0xff, 0xb0, 0xf6, 0x90, 0x25, 0xce, 0x89
	.byte 0xd8, 0x12, 0xd8, 0xec, 0x02, 0xd8, 0x8c, 0xdc
	.byte 0xc8, 0x6a, 0x00, 0xf1, 0x6a, 0x0a, 0x32, 0xf3
	.byte 0x07, 0xe8, 0xf0, 0x55, 0xd8, 0xc8, 0x6c, 0x00
	.byte 0xf3, 0x07, 0xe8, 0xe0, 0x02, 0x00, 0x00, 0xce
	.byte 0x61, 0xcf, 0x61, 0xcf, 0xcf, 0x32, 0x67, 0xc2
	.byte 0x0e, 0xe1, 0x96, 0x0c, 0x24, 0xe1, 0x92, 0x0c
	.byte 0x25, 0x31, 0x00, 0x80, 0x95, 0x11, 0xe1, 0x96
	.byte 0x0c
	.byte 0x24, 0x45, 0x60, 0x5c
	.byte 0xe1, 0x00, 0x31
	.byte 0x08, 0x00, 0x95, 0x11, 0xe1, 0x96, 0x0c, 0x20
	.byte 0x45, 0x70, 0x5c, 0xe1, 0x00, 0xb8, 0x10, 0x34
	.byte 0x31, 0x20, 0x00, 0x95, 0x11, 0xe1, 0x96, 0x0c
	.byte 0x20, 0x45, 0xb0, 0x5c, 0xe1, 0x00, 0xb8, 0x50
	.byte 0x34, 0x31, 0x08, 0x00, 0x95, 0x11, 0xe1, 0x96
	.byte 0x0c, 0x21, 0xe1, 0x92, 0x0c, 0x22, 0xd8, 0xa9
	.byte 0x1b, 0xfc, 0x3b, 0xef, 0x27, 0x00, 0xe1, 0x92
	.byte 0x0c, 0x22, 0x22, 0x00, 0xc9, 0xd8, 0x6e, 0x22
	.byte 0xd8, 0xa8, 0xd8, 0x8c, 0xdc, 0xc8, 0x10, 0x00
	.byte 0xc3, 0x07, 0xe8, 0xf0, 0x26, 0xce, 0xd8, 0x66
	.byte 0x04, 0xcb, 0xf6, 0x6e, 0x02, 0xcf, 0x61, 0xca
	.byte 0x61, 0xd8, 0x61, 0xca, 0xcf, 0x28, 0x67, 0xe2
	.byte 0x68, 0x1f, 0xd8, 0xa8, 0xd8, 0x8c, 0xdc, 0xc8
	.byte 0x50, 0x00, 0xc3, 0x07, 0xe8, 0xf0, 0x26, 0xce
	.byte 0xd8, 0x66, 0x04, 0xcb, 0xf6, 0x6e, 0x02, 0xcf
	.byte 0x61, 0xca, 0x61, 0xd8, 0x61, 0xca, 0xdc, 0x67
	.byte 0xe3, 0x0e

LABEL_F17FB2:
	ld e, a
	cp e, 0x28
	jr nc, LABEL_F17FC0
	ld xhl, 0x10
	jr LABEL_F17FC8

LABEL_F17FC0:
	sub e, 0x28
	ld xhl, 0x50

LABEL_F17FC8:
	extz de
	add hl, de
	ldda32 xwa, 3222
	lda_dri3 XHL, 0x07, 0xE0, 0xEC
	ret

LABEL_F17FD6:
	dec 2, xsp
	push_werp 0xFA
	ld (xsp + 2), a
	calr LABEL_F18160
	ldi_berp 0xFB, 0

LABEL_F17FE4:
	ld a, (xsp + 2)
	extz wa
	ldto_berp C, 0xFB
	extz bc
	lds de, 0
	calr Util_FrameSetup10
	ld wa, hl
	ld bc, wa
	and bc, 0x700
	cp bc, 0x600
	jr z, LABEL_F18007
	cp bc, 0x500
	jr nz, LABEL_F1800B

LABEL_F18007:
	stda16 1748, xwa

LABEL_F1800B:
	ld a, (xsp + 2)
	extz wa
	ldto_berp C, 0xFB
	extz bc
	lds de, 1
	calr Util_FrameSetup10
	ld wa, hl
	ld bc, wa
	and bc, 0xFF
	cp bc, 0x80
	call_24 nc, 0xF182AE
	ld a, (xsp + 2)
	extz wa
	ldto_berp C, 0xFB
	extz bc
	lds de, 2
	calr Util_FrameSetup10
	ld wa, hl
	ld bc, wa
	and bc, 0xFF
	cp bc, 0x80
	call_24 nc, 0xF182AE
	ld a, (xsp + 2)
	extz wa
	ldto_berp C, 0xFB
	extz bc
	lds de, 3
	calr Util_FrameSetup10
	ld wa, hl
	ld bc, wa
	and bc, 0xFF
	cp bc, 0x80
	call_24 nc, 0xF182AE
	ld a, (xsp + 2)
	extz wa
	ldto_berp C, 0xFB
	extz bc
	lds de, 4
	calr Util_FrameSetup10
	ld wa, hl
	ld bc, wa
	and bc, 0xFF
	cp bc, 0x80
	call_24 nc, 0xF182AE
	inc1_berp 0xFB
	cp_erpb 0xFB, 0x0A
	jrl c, LABEL_F17FE4
	pop_werp 0xFA
	inc 2, xsp
	ret

LABEL_F1809B:
	dec 2, xsp
	push_werp 0xFA
	ld (xsp + 2), a
	calr LABEL_F18181
	ldi_berp 0xFB, 0

LABEL_F180A9:
	ld a, (xsp + 2)
	extz wa
	ldto_berp C, 0xFB
	extz bc
	lds de, 0
	calr Util_FrameSetup10
	ld wa, hl
	ld bc, wa
	and bc, 0x700
	cp bc, 0x600
	jr z, LABEL_F180CC
	cp bc, 0x500
	jr nz, LABEL_F180D0

LABEL_F180CC:
	stda16 1850, xwa

LABEL_F180D0:
	ld a, (xsp + 2)
	extz wa
	ldto_berp C, 0xFB
	extz bc
	lds de, 1
	calr Util_FrameSetup10
	ld wa, hl
	ld bc, wa
	and bc, 0xFF
	cp bc, 0x80
	call_24 nc, 0xF182DC
	ld a, (xsp + 2)
	extz wa
	ldto_berp C, 0xFB
	extz bc
	lds de, 2
	calr Util_FrameSetup10
	ld wa, hl
	ld bc, wa
	and bc, 0xFF
	cp bc, 0x80
	call_24 nc, 0xF182DC
	ld a, (xsp + 2)
	extz wa
	ldto_berp C, 0xFB
	extz bc
	lds de, 3
	calr Util_FrameSetup10
	ld wa, hl
	ld bc, wa
	and bc, 0xFF
	cp bc, 0x80
	call_24 nc, 0xF182DC
	ld a, (xsp + 2)
	extz wa
	ldto_berp C, 0xFB
	extz bc
	lds de, 4
	calr Util_FrameSetup10
	ld wa, hl
	ld bc, wa
	and bc, 0xFF
	cp bc, 0x80
	call_24 nc, 0xF182DC
	inc1_berp 0xFB
	cp_erpb 0xFB, 0x0A
	jrl c, LABEL_F180A9
	pop_werp 0xFA
	inc 2, xsp
	ret

LABEL_F18160:
	ldada xbc, 1748
	ldw (xbc), 0xFFFF
	ldb l, 0x0
	lds wa, 0

LABEL_F1816C:
	ld de, wa
	inc 2, de
	stiw_dri 0x07, 0xE4, 0xE8, 0xFF, 0xFF
	inc 1, l
	inc 2, wa
	cp l, 0x32
	jr c, LABEL_F1816C
	ret

LABEL_F18181:
	ldada xbc, 1850
	ldw (xbc), 0xFFFF
	ldb l, 0x0
	lds wa, 0

LABEL_F1818D:
	ld de, wa
	inc 2, de
	stiw_dri 0x07, 0xE4, 0xE8, 0xFF, 0xFF
	inc 1, l
	inc 2, wa
	cp l, 0x32
	jr c, LABEL_F1818D
	ret

LABEL_F181A2:
	.byte 0xf1, 0xa0, 0x07, 0x32, 0xb2, 0x02, 0xff, 0xff
	.byte 0xba, 0x02, 0x02, 0xff, 0xff, 0xba, 0x06, 0x31
	.byte 0xe9, 0x88, 0xea, 0x64, 0xf3, 0xe5, 0xc8, 0x00
	.byte 0x31, 0xf5, 0xea, 0x02, 0xff, 0xff, 0xf5, 0xe2
	.byte 0x02, 0xff, 0xff, 0xe9, 0xf0, 0x67, 0xf2, 0x0e
	.byte 0xf1, 0x6c, 0x08, 0x32, 0xb2, 0x02, 0xff, 0xff
	.byte 0xba, 0x02, 0x02, 0xff, 0xff, 0xba, 0x06, 0x31
	.byte 0xe9, 0x88, 0xea, 0x64, 0xf3, 0xe5, 0xc8, 0x00
	.byte 0x31, 0xf5, 0xea, 0x02, 0xff, 0xff, 0xf5, 0xe2
	.byte 0x02, 0xff, 0xff, 0xe9, 0xf0, 0x67, 0xf2, 0x0e
	.byte 0xf1, 0x38, 0x09, 0x34, 0xb4, 0x02, 0xff, 0xff
	.byte 0xbc, 0x02, 0x02, 0xff, 0xff, 0xbc, 0x04, 0x02
	.byte 0xff, 0xff, 0xbc, 0x6c, 0x31, 0xe9, 0x88, 0xbc
	.byte 0x6a, 0x32, 0xdb, 0xa8, 0xf3, 0xe5, 0xc8, 0x00
	.byte 0x31, 0xdb, 0x8d, 0xdd, 0x66, 0xf3, 0x07, 0xf0
	.byte 0xf4, 0x02, 0xff, 0xff, 0xf5, 0xea, 0x02, 0xff
	.byte 0xff, 0xf5, 0xe2, 0x02, 0xff, 0xff, 0xdb, 0x62
	.byte 0xe9, 0xf0, 0x67, 0xe5, 0x0e, 0xf1, 0x6a, 0x0a
	.byte 0x34, 0xb4, 0x02, 0xff, 0xff, 0xbc, 0x02, 0x02
	.byte 0xff, 0xff, 0xbc, 0x04, 0x02, 0xff, 0xff, 0xbc
	.byte 0x6c, 0x31, 0xe9, 0x88, 0xbc, 0x6a, 0x32, 0xdb
	.byte 0xa8, 0xf3, 0xe5, 0xc8, 0x00, 0x31, 0xdb, 0x8d
	.byte 0xdd, 0x66, 0xf3, 0x07, 0xf0, 0xf4, 0x02, 0xff
	.byte 0xff, 0xf5, 0xea, 0x02, 0xff, 0xff, 0xf5, 0xe2
	.byte 0x02, 0xff, 0xff, 0xdb, 0x62, 0xe9, 0xf0, 0x67
	.byte 0xe5, 0x0e, 0xf1, 0x02, 0x0c, 0x31, 0xb1, 0x02
	.byte 0xff, 0xff, 0x27, 0x00, 0xd8, 0xa8, 0xd8, 0x8a
	.byte 0xda, 0x62, 0xf3, 0x07, 0xe4, 0xe8, 0x02, 0xff
	.byte 0xff, 0xcf, 0x61, 0xd8, 0x62, 0xcf, 0xcf, 0x32
	.byte 0x67, 0xec, 0x0e, 0xf1, 0x9c, 0x0b, 0x31, 0xb1
	.byte 0x02, 0xff, 0xff, 0x27, 0x00, 0xd8, 0xa8, 0xd8
	.byte 0x8a, 0xda, 0x62, 0xf3, 0x07, 0xe4, 0xe8, 0x02
	.byte 0xff, 0xff, 0xcf, 0x61, 0xd8, 0x62, 0xcf, 0xcf
	.byte 0x32, 0x67, 0xec, 0x0e

LABEL_F182AE:
	ldi_berp 0xE2, 0
	ldada xhl, 1748

LABEL_F182B5:
	ldto_berp C, 0xE2
	extz bc
	add bc, bc
	inc 2, bc
	st_dri3b B, 0x07, 0xEC, 0xE4
	ld bc, (xde)
	cp bc, wa
	ret z
	cp bc, 0xFFFF
	jr nz, LABEL_F182D2
	ld (xde), wa
	ret

LABEL_F182D2:
	inc1_berp 0xE2
	cp_erpb 0xE2, 0x32
	jr c, LABEL_F182B5
	ret

LABEL_F182DC:
	ldi_berp 0xE2, 0
	ldada xhl, 1850

LABEL_F182E3:
	ldto_berp C, 0xE2
	extz bc
	add bc, bc
	inc 2, bc
	st_dri3b B, 0x07, 0xEC, 0xE4
	ld bc, (xde)
	cp bc, wa
	ret z
	cp bc, 0xFFFF
	jr nz, LABEL_F18300
	ld (xde), wa
	ret

LABEL_F18300:
	inc1_berp 0xE2
	cp_erpb 0xE2, 0x32
	jr c, LABEL_F182E3
	ret

LABEL_F1830A:
	push_werp 0xFA
	ldda32 xix, 3222
	ldda32 xiy, 3218
	ldw bc, 0x8000
	ldirw
	ldada xwa, 1850
	cpw (xwa), 0xFFFF
	jr z, LABEL_F18332
	ld wa, (xwa)
	ldb w, 0x0
	add a, 0x28
	extz wa
	lds bc, 0
	calr LABEL_F17FB2

LABEL_F18332:
	ldi_berp 0xFB, 0

LABEL_F18335:
	ldto_berp A, 0xFB
	extz wa
	add wa, wa
	inc 2, wa
	ldada xbc, 1850
	ld_sriw3 WA, 0x07, 0xE4, 0xE0
	cp wa, 0xFFFF
	jr z, LABEL_F18361
	and wa, 0x7F
	extz wa
	lds bc, 0
	calr LABEL_F17FB2
	inc1_berp 0xFB
	cp_erpb 0xFB, 0x32
	jr c, LABEL_F18335

LABEL_F18361:
	ldda32 xbc, 3222
	ldda32 xde, 3218
	lds wa, 1
	call Flash_EraseSectorAndWrite
	pop_werp 0xFA
	ret

LABEL_F18373:
	.byte 0xef, 0x6e, 0xbf, 0x04, 0x41, 0xb7, 0x02, 0x00
	.byte 0x00, 0xbf, 0x02, 0x02, 0x00, 0x00, 0xd1, 0xd4
	.byte 0x06, 0x3f, 0xff, 0xff, 0x66, 0x12, 0x8f, 0x04
	.byte 0x23, 0xd9, 0x12, 0xd8, 0xa9, 0x1e, 0xd1, 0xfb
	.byte 0xcf, 0xd8, 0x6e, 0x04, 0xb7, 0x02, 0x01, 0x00
	.byte 0xd1, 0xd6, 0x06, 0x3f, 0xff, 0xff, 0x66, 0x33
	.byte 0x8f, 0x04, 0x23, 0xd9, 0x12, 0xd8, 0xa8, 0x1e
	.byte 0xb7, 0xfb, 0x25, 0x00, 0xf1, 0xd4, 0x06, 0x31
	.byte 0xcd, 0x89, 0xd8, 0x12, 0xd8, 0x80, 0xd8, 0x62
	.byte 0xd3, 0x07, 0xe4, 0xe0, 0x3f, 0xff, 0xff, 0x66
	.byte 0x07, 0xcd, 0x61, 0xcd, 0xcf, 0x32, 0x67, 0xe8
	.byte 0xcd, 0xf7, 0x6f, 0x07, 0xcd, 0xa7, 0xdb, 0x12
	.byte 0xbf, 0x02, 0x53, 0x97, 0x23, 0xdb, 0xee, 0x08
	.byte 0x9f, 0x02, 0x83, 0xef, 0x66, 0x0e, 0xef, 0x6c
	.byte 0xbf, 0x02, 0x41, 0x1e, 0x83, 0xfe, 0x21, 0x1e
	.byte 0xb7, 0x00, 0x1f, 0x8f, 0x02, 0x3f, 0x00, 0x6e
	.byte 0x02, 0x21, 0x20, 0x8f, 0x02, 0x3f, 0x01, 0x6e
	.byte 0x03, 0xb7, 0x00, 0x20, 0xd8, 0x12, 0x1e, 0x0a
	.byte 0x00, 0x87, 0x21, 0xd8, 0x12, 0x1e, 0x03, 0x00
	.byte 0xef, 0x64, 0x0e, 0xef, 0x6a, 0xd7, 0xfa, 0x04
	.byte 0xbf, 0x02, 0x41, 0xc7, 0xfb, 0xa8, 0x8f, 0x02
	.byte 0x21, 0xd8, 0x12, 0xc7, 0xfb, 0x8b, 0xd9, 0x12
	.byte 0xda, 0xa8, 0x1e, 0x32, 0xea, 0xc7, 0xfa, 0xa9
	.byte 0x8f, 0x02, 0x21, 0xd8, 0x12, 0xc7, 0xfb, 0x8b
	.byte 0xd9, 0x12, 0xc7, 0xfa, 0x8d, 0xda, 0x12, 0x1e
	.byte 0x1d, 0xea, 0x26, 0x00, 0xcf, 0x89, 0xc9, 0x30
	.byte 0x07, 0xcf, 0xcf, 0x80, 0x67, 0x11, 0xd8, 0x12
	.byte 0xd8, 0x80, 0xd8, 0x62, 0xf1, 0x02, 0x0c, 0x31
	.byte 0xf3, 0x07, 0xe4, 0xe0, 0x02, 0x01, 0x00, 0xc7
	.byte 0xfa, 0x61, 0xc7, 0xfa, 0xdc, 0x63, 0xc9, 0xc7
	.byte 0xfb, 0x61, 0xc7, 0xfb, 0xcf, 0x0a, 0x67, 0xae
	.byte 0xd7, 0xfa, 0x05, 0xef, 0x62, 0x0e, 0xef, 0x68
	.byte 0xbf, 0x06, 0x43, 0xda, 0x12, 0xda, 0x88, 0x1e
	.byte 0xc5, 0xf0, 0x1e, 0x2c, 0xee, 0x8f, 0x06, 0x21
	.byte 0xd8, 0x12, 0x1e, 0x98, 0xec, 0xbf, 0x04, 0x47
	.byte 0x8f, 0x04, 0x21, 0xd8, 0x12, 0x1e, 0xf6, 0xec
	.byte 0x8f, 0x06, 0x21, 0xd8, 0x12, 0x1e, 0x31, 0xf2
	.byte 0x1e, 0x26, 0xf3, 0x1d, 0x8c, 0x06, 0xff, 0xf1
	.byte 0x38, 0x09, 0x30, 0x98, 0x02, 0x3f, 0xff, 0xff
	.byte 0x66, 0x43, 0x90, 0x20, 0xb7, 0x41, 0xd8, 0x12
	.byte 0x1e, 0x6a, 0xec, 0xbf, 0x04, 0x47, 0x8f, 0x04
	.byte 0x21, 0xd8, 0x12, 0x1e, 0x6c, 0xec, 0x1e, 0xde
	.byte 0xfc, 0xf1, 0xa0, 0x07, 0x31, 0xd1, 0x3a, 0x09
	.byte 0x20, 0xb1, 0x50, 0xb9, 0x02, 0x02, 0x00, 0x00
	.byte 0x87, 0x21, 0xd8, 0x12, 0xf2, 0xfc, 0x60, 0xe1
	.byte 0x31, 0xc3, 0x07, 0xe4, 0xe0, 0x25, 0xda, 0x12
	.byte 0xda, 0x88, 0x1e, 0x5a, 0xf0, 0x8f, 0x04, 0x21
	.byte 0xd8, 0x12, 0x1e, 0x99, 0xec, 0xd1, 0xa2, 0x09
	.byte 0x3f, 0xff, 0xff, 0x76, 0x80, 0x00, 0xbf, 0x02
	.byte 0x00, 0x00, 0x8f, 0x02, 0x21, 0xd8, 0x12, 0xd8
	.byte 0x8a, 0xda, 0xec, 0x02, 0xda, 0xc8, 0x6a, 0x00
	.byte 0xf1, 0x38, 0x09, 0x31, 0xd3, 0x07, 0xe4, 0xe8
	.byte 0x3f, 0xff, 0xff, 0x66, 0x61, 0xd8, 0x80, 0xd8
	.byte 0x66, 0xd3, 0x07, 0xe4, 0xe0, 0x20, 0xb7, 0x41
	.byte 0xd8, 0x12, 0x1e, 0xf8, 0xeb, 0xbf, 0x04, 0x47
	.byte 0x8f, 0x04, 0x21, 0xd8, 0x12, 0x1e, 0xfa, 0xeb
	.byte 0x1e, 0x6c, 0xfc, 0xf1, 0xa0, 0x07, 0x31, 0x8f
	.byte 0x02, 0x25, 0xda, 0x12, 0xda, 0xec, 0x02, 0xf1
	.byte 0xa2, 0x09, 0x30, 0xd3, 0x07, 0xe0, 0xe8, 0x20
	.byte 0xb9, 0x04, 0x50, 0xb9, 0x06, 0x02, 0x00, 0x00
	.byte 0x87, 0x21, 0xd8, 0x12, 0xf2, 0xfc, 0x60, 0xe1
	.byte 0x31, 0xc3, 0x07, 0xe4, 0xe0, 0x25, 0xda, 0x12
	.byte 0xda, 0x88, 0x1e, 0xda, 0xef, 0x8f, 0x04, 0x21
	.byte 0xd8, 0x12, 0x1e, 0x19, 0xec, 0x8f, 0x02, 0x61
	.byte 0x8f, 0x02, 0x3f, 0x32, 0x67, 0x84, 0xef, 0x60
	.byte 0x0e, 0xef, 0x6c, 0xb7, 0x45, 0xbf, 0x02, 0x43
	.byte 0x1e, 0x1c, 0xfc, 0xf1, 0x6a, 0x0a, 0x33, 0x9b
	.byte 0x02, 0x20, 0xd8, 0xcf, 0xff, 0xff, 0x66, 0x0c
	.byte 0xf1, 0xa0, 0x07, 0x31, 0xb1, 0x50, 0x9b, 0x04
	.byte 0x20, 0xb9, 0x02, 0x50, 0xc7, 0xe2, 0xa8, 0xc7
	.byte 0xe2, 0x8b, 0xd9, 0x12, 0xd9, 0xec, 0x02, 0xd9
	.byte 0x88, 0xd8, 0xc8, 0x6a, 0x00, 0xd3, 0x07, 0xec
	.byte 0xe0, 0x20, 0xd8, 0xcf, 0xff, 0xff, 0x66, 0x28
	.byte 0xd9, 0x8c, 0xdc, 0x64, 0xf1, 0xa0, 0x07, 0x32
	.byte 0xf3, 0x07, 0xe8, 0xf0, 0x50, 0xd9, 0x8c, 0xdc
	.byte 0x66, 0xd9, 0xc8, 0x6c, 0x00, 0xd3, 0x07, 0xec
	.byte 0xe4, 0x20, 0xf3, 0x07, 0xe8, 0xf0, 0x50, 0xc7
	.byte 0xe2, 0x61, 0xc7, 0xe2, 0xcf, 0x32, 0x67, 0xbf
	.byte 0x87, 0x21, 0xd8, 0x12, 0x1e, 0x58, 0xef, 0x1e
	.byte 0xbf, 0xec, 0x8f, 0x02, 0x21, 0xd8, 0x12, 0x1e
	.byte 0x2b, 0xeb, 0xdb, 0x12, 0xdb, 0x88, 0x1e, 0x8d
	.byte 0xeb, 0xf1, 0x3a, 0x07, 0x30, 0x90, 0x3f, 0xff
	.byte 0xff, 0x6e, 0x07, 0x98, 0x02, 0x3f, 0xff, 0xff
	.byte 0x66, 0x03, 0x1e, 0xfa, 0xfc, 0xef, 0x64, 0x0e
	.byte 0xda, 0x12, 0xda, 0x88, 0x1e, 0x28, 0xef, 0xe1
	.byte 0x6e, 0x0c, 0x24, 0xe1, 0x72, 0x0c, 0x25, 0x31
	.byte 0x00, 0xb4, 0x95, 0x11, 0x1e, 0xcd, 0xf2, 0x1b
	.byte 0x6c, 0x07, 0xff, 0xef, 0x6a, 0xb7, 0x45, 0x1e
	.byte 0x6d, 0xfb, 0xf1, 0x6a, 0x0a, 0x33, 0x9b, 0x02
	.byte 0x20, 0xd8, 0xcf, 0xff, 0xff, 0x66, 0x0c, 0xf1
	.byte 0xa0, 0x07, 0x31, 0xb1, 0x50, 0x9b, 0x04, 0x20
	.byte 0xb9, 0x02, 0x50, 0xc7, 0xe2, 0xa8, 0xc7, 0xe2
	.byte 0x8b, 0xd9, 0x12, 0xd9, 0xec, 0x02, 0xd9, 0x88
	.byte 0xd8, 0xc8, 0x6a, 0x00, 0xd3, 0x07, 0xec, 0xe0
	.byte 0x20, 0xd8, 0xcf, 0xff, 0xff, 0x66, 0x28, 0xd9
	.byte 0x8c, 0xdc, 0x64, 0xf1, 0xa0, 0x07, 0x32, 0xf3
	.byte 0x07, 0xe8, 0xf0, 0x50, 0xd9, 0x8c, 0xdc, 0x66
	.byte 0xd9, 0xc8, 0x6c, 0x00, 0xd3, 0x07, 0xec, 0xe4
	.byte 0x20, 0xf3, 0x07, 0xe8, 0xf0, 0x50, 0xc7, 0xe2
	.byte 0x61, 0xc7, 0xe2, 0xcf, 0x32, 0x67, 0xbf, 0x87
	.byte 0x21, 0xd8, 0x12, 0x1e, 0xa9, 0xee, 0xe1, 0x6e
	.byte 0x0c, 0x24, 0xe1, 0x72, 0x0c, 0x25, 0x31, 0x00
	.byte 0xb4, 0x95, 0x11, 0xef, 0x62, 0x0e, 0xf3, 0xfd
	.byte 0x00, 0xfc, 0x37, 0x2e, 0x1e, 0xa5, 0xe3, 0xbf
	.byte 0x02, 0x30, 0x41, 0x00, 0x04, 0x00, 0x00, 0x1d
	.byte 0x74, 0x8d, 0xf8, 0x1d, 0xc2, 0x8b, 0xf8, 0xdb
	.byte 0x8e, 0xde, 0xd8, 0x71, 0x1c, 0x01, 0xbf, 0x02
	.byte 0x30, 0x80, 0x3f, 0x48, 0x7e, 0x17, 0x01, 0x88
	.byte 0x01, 0x3f, 0x00, 0x7e, 0x10, 0x01, 0x88, 0x02
	.byte 0x3f, 0x4b, 0x7e, 0x09, 0x01, 0x1e, 0x3c, 0xe2
	.byte 0xe1, 0x72, 0x0c, 0x20, 0xaf, 0x46, 0x21, 0x1d
	.byte 0x74, 0x8d, 0xf8, 0x1d, 0xc2, 0x8b, 0xf8, 0xdb
	.byte 0x8e, 0xde, 0xd8, 0x71, 0xec, 0x00, 0xd8, 0xa9
	.byte 0x1e, 0x8b, 0xea, 0x1e, 0x1e, 0xe2, 0xe1, 0x72
	.byte 0x0c, 0x20, 0xaf, 0x4a, 0x21, 0x1d, 0x74, 0x8d
	.byte 0xf8, 0x1d, 0xc2, 0x8b, 0xf8, 0xdb, 0x8e, 0xde
	.byte 0xd8, 0x71, 0xce, 0x00, 0xd8, 0xaa, 0x1e, 0x6d
	.byte 0xea, 0x1e, 0x00, 0xe2, 0xe1, 0x72, 0x0c, 0x20
	.byte 0xaf, 0x4e, 0x21, 0x1d, 0x74, 0x8d, 0xf8, 0x1d
	.byte 0xc2, 0x8b, 0xf8, 0xdb, 0x8e, 0xde, 0xd8, 0x71
	.byte 0xb0, 0x00, 0xd8, 0xab, 0x1e, 0x4f, 0xea, 0x1e
	.byte 0xe2, 0xe1, 0xe1, 0x72, 0x0c, 0x20, 0xaf, 0x52
	.byte 0x21, 0x1d, 0x74, 0x8d, 0xf8, 0x1d, 0xc2, 0x8b
	.byte 0xf8, 0xdb, 0x8e, 0xde, 0xd8, 0x71, 0x92, 0x00
	.byte 0xd8, 0xac, 0x1e, 0x31, 0xea, 0x1e, 0xc4, 0xe1
	.byte 0xe1, 0x72, 0x0c, 0x20, 0xaf, 0x56, 0x21, 0x1d
	.byte 0x74, 0x8d, 0xf8, 0x1d, 0xc2, 0x8b, 0xf8, 0xdb
	.byte 0x8e, 0xde, 0xd8, 0x61, 0x75, 0xd8, 0xad, 0x1e
	.byte 0x14, 0xea, 0x1e, 0xa7, 0xe1, 0xe1, 0x72, 0x0c
	.byte 0x20, 0xaf, 0x5a, 0x21, 0x1d, 0x74, 0x8d, 0xf8
	.byte 0x1d, 0xc2, 0x8b, 0xf8, 0xdb, 0x8e, 0xde, 0xd8
	.byte 0x61, 0x58, 0xd8, 0xae, 0x1e, 0xf7, 0xe9, 0x1e
	.byte 0x8a, 0xe1, 0xe1, 0x72, 0x0c, 0x20, 0xaf, 0x5e
	.byte 0x21, 0x1d, 0x74, 0x8d, 0xf8, 0x1d, 0xc2, 0x8b
	.byte 0xf8, 0xdb, 0x8e, 0xde, 0xd8, 0x61, 0x3b, 0xd8
	.byte 0xaf, 0x1e, 0xda, 0xe9, 0xe1, 0x96, 0x0c, 0x24
	.byte 0xe1, 0x92, 0x0c, 0x25, 0x31, 0x00, 0x80, 0x95
	.byte 0x11, 0xe1, 0x96, 0x0c, 0x20, 0x41, 0x00, 0xf4
	.byte 0x00, 0x00, 0x1d, 0x74, 0x8d, 0xf8, 0x1d, 0xc2
	.byte 0x8b, 0xf8, 0xdb, 0x8e, 0xde, 0xd8, 0x61, 0x12
	.byte 0xe1, 0x96, 0x0c, 0x21, 0xe1, 0x92, 0x0c, 0x22
	.byte 0xd8, 0xa9, 0x1d, 0xfc, 0x3b, 0xef, 0x1d, 0x8c
	.byte 0x06, 0xff, 0xde, 0x8b, 0x68, 0x03, 0x33, 0x9a
	.byte 0xff, 0x4e, 0xf3, 0xfd, 0x00, 0x04, 0x37, 0x0e
	.byte 0xf3, 0xfd, 0xf4, 0xfb, 0x37, 0x3e, 0x1e, 0x5b
	.byte 0xe2, 0x45, 0xc0, 0x5c, 0xe1, 0x00, 0xbf, 0x10
	.byte 0x34, 0x31, 0x00, 0x02, 0x95, 0x11, 0xe1, 0x76
	.byte 0x0c, 0x21, 0xeb, 0xa8, 0x89, 0x2e, 0x27, 0x89
	.byte 0x2f, 0x21, 0xec, 0xa8, 0xc7, 0xf0, 0x99, 0xbf
	.byte 0x10, 0x31, 0xb9, 0x44, 0x30, 0xbf, 0x0c, 0x60
	.byte 0xec, 0xee, 0x08, 0xeb, 0x84, 0xec, 0xee, 0x04
	.byte 0xaf, 0x0c, 0x20, 0xb0, 0x64, 0xe1, 0x7a, 0x0c
	.byte 0x22, 0xeb, 0xa8, 0x8a, 0x2e, 0x27, 0x8a, 0x2f
	.byte 0x21, 0xec, 0xa8, 0xc7, 0xf0, 0x99, 0xb9, 0x48
	.byte 0x30, 0xbf, 0x08, 0x60, 0xec, 0xee, 0x08, 0xeb
	.byte 0x84, 0xec, 0xee, 0x04, 0xaf, 0x08, 0x20, 0xb0
	.byte 0x64, 0xe1, 0x7e, 0x0c, 0x22, 0xeb, 0xa8, 0x8a
	.byte 0x2e, 0x27, 0x8a, 0x2f, 0x21, 0xec, 0xa8, 0xc7
	.byte 0xf0, 0x99, 0xb9, 0x4c, 0x30, 0xbf, 0x04, 0x60
	.byte 0xec, 0xee, 0x08, 0xeb, 0x84, 0xec, 0xee, 0x04
	.byte 0xaf, 0x04, 0x20, 0xb0, 0x64, 0xe1, 0x82, 0x0c
	.byte 0x22, 0xeb, 0xa8, 0x8a, 0x2e, 0x27, 0x8a, 0x2f
	.byte 0x21, 0xec, 0xa8, 0xc7, 0xf0, 0x99, 0xb9, 0x50
	.byte 0x32, 0xec, 0xee, 0x08, 0xeb, 0x84, 0xec, 0xee
	.byte 0x04, 0xb2, 0x64, 0xe1, 0x86, 0x0c, 0x24, 0xeb
	.byte 0xa8, 0x8c, 0x2e, 0x27, 0x8c, 0x2f, 0x21, 0xec
	.byte 0xa8, 0xc7, 0xf0, 0x99, 0xb9, 0x54, 0x35, 0xec
	.byte 0xee, 0x08, 0xeb, 0x84, 0xec, 0xee, 0x04, 0xb5
	.byte 0x64, 0xe1, 0x8a, 0x0c, 0x24, 0xeb, 0xa8, 0x8c
	.byte 0x2e, 0x27, 0x8c, 0x2f, 0x21, 0xec, 0xa8, 0xc7
	.byte 0xf0, 0x99, 0xb9, 0x58, 0x36, 0xec, 0xee, 0x08
	.byte 0xeb, 0x84, 0xec, 0xee, 0x04, 0xb6, 0x64, 0xe1
	.byte 0x8e, 0x0c, 0x24, 0xeb, 0xa8, 0x8c, 0x2e, 0x27
	.byte 0x8c, 0x2f, 0x21, 0xec, 0xa8, 0xc7, 0xf0, 0x99
	.byte 0xec, 0xee, 0x08, 0xeb, 0x84, 0xec, 0x8b, 0xeb
	.byte 0xee, 0x04, 0xb9, 0x5c, 0x63, 0xaf, 0x0c, 0x20
	.byte 0xa0, 0x24, 0xa9, 0x40, 0x84, 0xaf, 0x08, 0x20
	.byte 0xa0, 0x20, 0xec, 0x80, 0xaf, 0x04, 0x24, 0xa4
	.byte 0x24, 0xe8, 0x84, 0xa2, 0x20, 0xec, 0x80, 0xa5
	.byte 0x22, 0xe8, 0x82, 0xa6, 0x20, 0xea, 0x80, 0xe8
	.byte 0x83, 0xa9, 0x60, 0x20, 0xeb, 0x80, 0xb9, 0x1c
	.byte 0x60, 0xe8, 0x8e, 0x1d, 0x56, 0x95, 0xf8, 0xee
	.byte 0xf3, 0x69, 0x06, 0x33, 0x9b, 0xff, 0x78, 0x41
	.byte 0x01, 0xbf, 0x10, 0x30, 0x41, 0x00, 0x04, 0x00
	.byte 0x00, 0x1d, 0x28, 0x8e, 0xf8, 0x1d, 0xc2, 0x8b
	.byte 0xf8, 0xdb, 0xd8, 0x71, 0x28, 0x01, 0xd8, 0xa9
	.byte 0x1e, 0xe7, 0xe7, 0xe1, 0x72, 0x0c, 0x20, 0xea
	.byte 0xa8, 0x88, 0x2e, 0x25, 0xe9, 0xa8, 0x88, 0x2f
	.byte 0x23, 0xe9, 0xec, 0x08, 0xea, 0x81, 0xe9, 0xec
	.byte 0x04, 0x1d, 0x28, 0x8e, 0xf8, 0x1d, 0xc2, 0x8b
	.byte 0xf8, 0xdb, 0xd8, 0x71, 0x00, 0x01, 0xd8, 0xaa
	.byte 0x1e, 0xbf, 0xe7, 0xe1, 0x72, 0x0c, 0x20, 0xea
	.byte 0xa8, 0x88, 0x2e, 0x25, 0xe9, 0xa8, 0x88, 0x2f
	.byte 0x23, 0xe9, 0xec, 0x08, 0xea, 0x81, 0xe9, 0xec
	.byte 0x04, 0x1d, 0x28, 0x8e, 0xf8, 0x1d, 0xc2, 0x8b
	.byte 0xf8, 0xdb, 0xd8, 0x71, 0xd8, 0x00, 0xd8, 0xab
	.byte 0x1e, 0x97, 0xe7, 0xe1, 0x72, 0x0c, 0x20, 0xea
	.byte 0xa8, 0x88, 0x2e, 0x25, 0xe9, 0xa8, 0x88, 0x2f
	.byte 0x23, 0xe9, 0xec, 0x08, 0xea, 0x81, 0xe9, 0xec
	.byte 0x04, 0x1d, 0x28, 0x8e, 0xf8, 0x1d, 0xc2, 0x8b
	.byte 0xf8, 0xdb, 0xd8, 0x71, 0xb0, 0x00, 0xd8, 0xac
	.byte 0x1e, 0x6f, 0xe7, 0xe1, 0x72, 0x0c, 0x20, 0xea
	.byte 0xa8, 0x88, 0x2e, 0x25, 0xe9, 0xa8, 0x88, 0x2f
	.byte 0x23, 0xe9, 0xec, 0x08, 0xea, 0x81, 0xe9, 0xec
	.byte 0x04, 0x1d, 0x28, 0x8e, 0xf8, 0x1d, 0xc2, 0x8b
	.byte 0xf8, 0xdb, 0xd8, 0x71, 0x88, 0x00, 0xd8, 0xad
	.byte 0x1e, 0x47, 0xe7, 0xe1, 0x72, 0x0c, 0x23, 0xea
	.byte 0xa8, 0x8b, 0x2e, 0x25, 0xe9, 0xa8, 0x8b, 0x2f
	.byte 0x23, 0xe9, 0xec, 0x08, 0xea, 0x81, 0xe9, 0xec
	.byte 0x04, 0xeb, 0x88, 0x1d, 0x28, 0x8e, 0xf8, 0x1d
	.byte 0xc2, 0x8b, 0xf8, 0xdb, 0xd8, 0x61, 0x5f, 0xd8
	.byte 0xae, 0x1e, 0x1e, 0xe7, 0xe1, 0x72, 0x0c, 0x23
	.byte 0xea, 0xa8, 0x8b, 0x2e, 0x25, 0xe9, 0xa8, 0x8b
	.byte 0x2f, 0x23, 0xe9, 0xec, 0x08, 0xea, 0x81, 0xe9
	.byte 0xec, 0x04, 0xeb, 0x88, 0x1d, 0x28, 0x8e, 0xf8
	.byte 0x1d, 0xc2, 0x8b, 0xf8, 0xdb, 0xd8, 0x61, 0x36
	.byte 0xd8, 0xaf, 0x1e, 0xf5, 0xe6, 0xe1, 0x72, 0x0c
	.byte 0x23, 0xea, 0xa8, 0x8b, 0x2e, 0x25, 0xe9, 0xa8
	.byte 0x8b, 0x2f, 0x23, 0xe9, 0xec, 0x08, 0xea, 0x81
	.byte 0xe9, 0xec, 0x04, 0xeb, 0x88, 0x1d, 0x28, 0x8e
	.byte 0xf8, 0x1d, 0xc2, 0x8b, 0xf8, 0xdb, 0xd8, 0x61
	.byte 0x0d, 0xe1, 0x92, 0x0c, 0x20, 0x41, 0x00, 0xf4
	.byte 0x00, 0x00, 0x1d, 0x28, 0x8e, 0xf8, 0x1d, 0xc2
	.byte 0x8b, 0xf8, 0x5e, 0xf3, 0xfd, 0x0c, 0x04, 0x37
	.byte 0x0e

; Floppy disk load and store note events via dispatch
FloppyDisk_LoadNoteEvents:	; F18A74
	st_dri3b L, 0xFD, 0xF8, 0xFB
	pushw iz
	st_dri3l XBC, 0xFD, 0x02, 0x04
	st_dri3l XWA, 0xFD, 0x06, 0x04
	calr Flash_InitExtMemAddrs
	lda xwa, (xsp + 2)
	ld_sril XIX, (xsp + 0x0406)
	ld xbc, 0x400
	call (xix)
	ld_sril XHL, (xsp + 0x0402)
	call (xhl)
	ld iz, hl
	cps iz, 0
	jrl lt, FloppyCtrl_LoadIzAndContinue
	lda xwa, (xsp + 2)
	cp (xwa), 0x48
	jrl nz, Floppy_SetHLFF9A_RetZero
	cp (xwa + 1), 0x0
	jrl nz, Floppy_SetHLFF9A_RetZero
	cp (xwa + 2), 0x4B
	jrl nz, Floppy_SetHLFF9A_RetZero
	calr NoteEvent_LoadSoundGenParams
	ldda32 xwa, 3186
	ld xbc, (xsp + 70)
	ld_sril XIX, (xsp + 0x0406)
	call (xix)
	ld_sril XHL, (xsp + 0x0402)
	call (xhl)
	ld iz, hl
	cps iz, 0
	jrl lt, FloppyCtrl_LoadIzAndContinue
	lds wa, 1
	calr NoteEventBuffer_Store
	calr NoteEvent_LoadSoundGenParams
	ldda32 xwa, 3186
	ld xbc, (xsp + 74)
	ld_sril XIX, (xsp + 0x0406)
	call (xix)
	ld_sril XHL, (xsp + 0x0402)
	call (xhl)
	ld iz, hl
	cps iz, 0
	jrl lt, FloppyCtrl_LoadIzAndContinue
	lds wa, 2
	calr NoteEventBuffer_Store
	calr NoteEvent_LoadSoundGenParams
	ldda32 xwa, 3186
	ld xbc, (xsp + 78)
	ld_sril XIX, (xsp + 0x0406)
	call (xix)
	ld_sril XHL, (xsp + 0x0402)
	call (xhl)
	ld iz, hl
	cps iz, 0
	jrl lt, FloppyCtrl_LoadIzAndContinue
	lds wa, 3
	calr NoteEventBuffer_Store
	calr NoteEvent_LoadSoundGenParams
	ldda32 xwa, 3186
	ld xbc, (xsp + 82)
	ld_sril XIX, (xsp + 0x0406)
	call (xix)
	ld_sril XHL, (xsp + 0x0402)
	call (xhl)
	ld iz, hl
	cps iz, 0
	jrl lt, FloppyCtrl_LoadIzAndContinue
	lds wa, 4
	calr NoteEventBuffer_Store
	calr NoteEvent_LoadSoundGenParams
	ldda32 xwa, 3186
	ld xbc, (xsp + 86)
	ld_sril XIX, (xsp + 0x0406)
	call (xix)
	ld_sril XHL, (xsp + 0x0402)
	call (xhl)
	ld iz, hl
	cps iz, 0
	jrl lt, FloppyCtrl_LoadIzAndContinue
	lds wa, 5
	calr NoteEventBuffer_Store
	calr NoteEvent_LoadSoundGenParams
	ldda32 xwa, 3186
	ld xbc, (xsp + 90)
	ld_sril XIX, (xsp + 0x0406)
	call (xix)
	ld_sril XHL, (xsp + 0x0402)
	call (xhl)
	ld iz, hl
	cps iz, 0
	jr lt, FloppyCtrl_LoadIzAndContinue
	lds wa, 6
	calr NoteEventBuffer_Store
	calr NoteEvent_LoadSoundGenParams
	ldda32 xwa, 3186
	ld xbc, (xsp + 94)
	ld_sril XIX, (xsp + 0x0406)
	call (xix)
	ld_sril XHL, (xsp + 0x0402)
	call (xhl)
	ld iz, hl
	cps iz, 0
	jr lt, FloppyCtrl_LoadIzAndContinue
	lds wa, 7
	calr NoteEventBuffer_Store
	ldda32 xix, 3222
	ldda32 xiy, 3218
	ldw bc, 0x8000
	ldirw
	ldda32 xwa, 3222
	ld_sril XIX, (xsp + 0x0406)
	ld xbc, 0xF400
	call (xix)
	ld_sril XHL, (xsp + 0x0402)
	call (xhl)
	ld iz, hl
	cps iz, 0
	jr lt, FloppyCtrl_LoadIzAndContinue
	ldda32 xbc, 3222
	ldda32 xde, 3218
	lds wa, 1
	call Flash_EraseSectorAndWrite
	call TmFlash_CopyToExtMem

FloppyCtrl_LoadIzAndContinue:
	ld hl, iz
	jr LABEL_F18BF8

Floppy_SetHLFF9A_RetZero:
	ldw hl, 0xFF9A

LABEL_F18BF8:
	popw iz
	st_dri3b L, 0xFD, 0x08, 0x04
	ret

; Floppy disk compute tone parameters and validate
FloppyDisk_ComputeToneParams:	; F18BFF
	st_dri3b L, 0xFD, 0xE8, 0xFB
	push xiz
	st_dri3l XDE, 0xFD, 0x10, 0x04
	st_dri3l XBC, 0xFD, 0x14, 0x04
	st_dri3l XWA, 0xFD, 0x18, 0x04
	calr Flash_InitExtMemAddrs
	ld xiy, 0xE15CC0
	lda xix, (xsp + 16)
	ldw bc, 0x200
	ldirw
	ldda32 xbc, 3190
	lds32 xhl, 0
	ld l, (xbc + 46)
	ld a, (xbc + 47)
	lds32 xix, 0
	ldfr_berp A, 0xF0
	lda xbc, (xsp + 16)
	lda xwa, (xbc + 68)
	ld (xsp + 12), xwa
	sll xix, 8
	add xix, xhl
	sll xix, 4
	ld xwa, (xsp + 12)
	ld (xwa), xix
	ldda32 xde, 3194
	lds32 xhl, 0
	ld l, (xde + 46)
	ld a, (xde + 47)
	lds32 xix, 0
	ldfr_berp A, 0xF0
	lda xwa, (xbc + 72)
	ld (xsp + 8), xwa
	sll xix, 8
	add xix, xhl
	sll xix, 4
	ld xwa, (xsp + 8)
	ld (xwa), xix
	ldda32 xde, 3198
	lds32 xhl, 0
	ld l, (xde + 46)
	ld a, (xde + 47)
	lds32 xix, 0
	ldfr_berp A, 0xF0
	lda xwa, (xbc + 76)
	ld (xsp + 4), xwa
	sll xix, 8
	add xix, xhl
	sll xix, 4
	ld xwa, (xsp + 4)
	ld (xwa), xix
	ldda32 xde, 3202
	lds32 xhl, 0
	ld l, (xde + 46)
	ld a, (xde + 47)
	lds32 xix, 0
	ldfr_berp A, 0xF0
	lda xde, (xbc + 80)
	sll xix, 8
	add xix, xhl
	sll xix, 4
	ld (xde), xix
	ldda32 xix, 3206
	lds32 xhl, 0
	ld l, (xix + 46)
	ld a, (xix + 47)
	lds32 xix, 0
	ldfr_berp A, 0xF0
	lda xiy, (xbc + 84)
	sll xix, 8
	add xix, xhl
	sll xix, 4
	ld (xiy), xix
	ldda32 xix, 3210
	lds32 xhl, 0
	ld l, (xix + 46)
	ld a, (xix + 47)
	lds32 xix, 0
	ldfr_berp A, 0xF0
	lda xiz, (xbc + 88)
	sll xix, 8
	add xix, xhl
	sll xix, 4
	ld (xiz), xix
	ldda32 xix, 3214
	lds32 xhl, 0
	ld l, (xix + 46)
	ld a, (xix + 47)
	lds32 xix, 0
	ldfr_berp A, 0xF0
	sll xix, 8
	add xix, xhl
	ld xhl, xix
	sll xhl, 4
	ld (xbc + 92), xhl
	ld xwa, (xsp + 12)
	ld xix, (xwa)
	add xix, (xbc + 64)
	ld xwa, (xsp + 8)
	ld xwa, (xwa)
	add xwa, xix
	ld xix, (xsp + 4)
	ld xix, (xix)
	add xix, xwa
	ld xwa, (xde)
	add xwa, xix
	ld xde, (xiy)
	add xde, xwa
	ld xwa, (xiz)
	add xwa, xde
	add xhl, xwa
	ld xwa, (xbc + 96)
	add xwa, xhl
	ld (xbc + 28), xwa
	ld xiz, xwa
	ld_sril XIX, (xsp + 0x0418)
	call (xix)
	cp xhl, xiz
	jr ge, FloppyDisk_CopyNoteBuffers
	ldw hl, 0xFF9B
	jrl FloppyCtrl_PopIzStoreRet

; Floppy disk copy note buffers to slots and write tone data
FloppyDisk_CopyNoteBuffers:	; F18D4A
	lda xwa, (xsp + 16)
	ld_sril XIX, (xsp + 0x0414)
	ld xbc, 0x400
	call (xix)
	ld_sril XIX, (xsp + 0x0410)
	call (xix)
	cps hl, 0
	jrl lt, FloppyCtrl_PopIzStoreRet
	lds wa, 1
	calr NoteEventBuffer_CopyToSlot
	ldda32 xwa, 3186
	lds32 xde, 0
	ld e, (xwa + 46)
	lds32 xbc, 0
	ld c, (xwa + 47)
	sla xbc, 8
	add xbc, xde
	sla xbc, 4
	ld_sril XIX, (xsp + 0x0414)
	call (xix)
	ld_sril XIX, (xsp + 0x0410)
	call (xix)
	cps hl, 0
	jrl lt, FloppyCtrl_PopIzStoreRet
	lds wa, 2
	calr NoteEventBuffer_CopyToSlot
	ldda32 xwa, 3186
	lds32 xde, 0
	ld e, (xwa + 46)
	lds32 xbc, 0
	ld c, (xwa + 47)
	sla xbc, 8
	add xbc, xde
	sla xbc, 4
	ld_sril XIX, (xsp + 0x0414)
	call (xix)
	ld_sril XIX, (xsp + 0x0410)
	call (xix)
	cps hl, 0
	jrl lt, FloppyCtrl_PopIzStoreRet
	lds wa, 3
	calr NoteEventBuffer_CopyToSlot
	ldda32 xwa, 3186
	lds32 xde, 0
	ld e, (xwa + 46)
	lds32 xbc, 0
	ld c, (xwa + 47)
	sla xbc, 8
	add xbc, xde
	sla xbc, 4
	ld_sril XIX, (xsp + 0x0414)
	call (xix)
	ld_sril XIX, (xsp + 0x0410)
	call (xix)
	cps hl, 0
	jrl lt, FloppyCtrl_PopIzStoreRet
	lds wa, 4
	calr NoteEventBuffer_CopyToSlot
	ldda32 xwa, 3186
	lds32 xde, 0
	ld e, (xwa + 46)
	lds32 xbc, 0
	ld c, (xwa + 47)
	sla xbc, 8
	add xbc, xde
	sla xbc, 4
	ld_sril XIX, (xsp + 0x0414)
	call (xix)
	ld_sril XIX, (xsp + 0x0410)
	call (xix)
	cps hl, 0
	jrl lt, FloppyCtrl_PopIzStoreRet
	lds wa, 5
	calr NoteEventBuffer_CopyToSlot
	ldda32 xhl, 3186
	lds32 xde, 0
	ld e, (xhl + 46)
	lds32 xbc, 0
	ld c, (xhl + 47)
	sla xbc, 8
	add xbc, xde
	sla xbc, 4
	ld_sril XIX, (xsp + 0x0414)
	ld xwa, xhl
	call (xix)
	ld_sril XIX, (xsp + 0x0410)
	call (xix)
	cps hl, 0
	jr lt, FloppyCtrl_PopIzStoreRet
	lds wa, 6
	calr NoteEventBuffer_CopyToSlot
	ldda32 xhl, 3186
	lds32 xde, 0
	ld e, (xhl + 46)
	lds32 xbc, 0
	ld c, (xhl + 47)
	sla xbc, 8
	add xbc, xde
	sla xbc, 4
	ld_sril XIX, (xsp + 0x0414)
	ld xwa, xhl
	call (xix)
	ld_sril XIX, (xsp + 0x0410)
	call (xix)
	cps hl, 0
	jr lt, FloppyCtrl_PopIzStoreRet
	lds wa, 7
	calr NoteEventBuffer_CopyToSlot
	ldda32 xhl, 3186
	lds32 xde, 0
	ld e, (xhl + 46)
	lds32 xbc, 0
	ld c, (xhl + 47)
	sla xbc, 8
	add xbc, xde
	sla xbc, 4
	ld_sril XIX, (xsp + 0x0414)
	ld xwa, xhl
	call (xix)
	ld_sril XIX, (xsp + 0x0410)
	call (xix)
	cps hl, 0
	jr lt, FloppyCtrl_PopIzStoreRet
	ldda32 xwa, 3218
	ld_sril XIX, (xsp + 0x0414)
	ld xbc, 0xF400
	call (xix)
	ld_sril XIX, (xsp + 0x0410)
	call (xix)

FloppyCtrl_PopIzStoreRet:
	pop xiz
	st_dri3b L, 0xFD, 0x18, 0x04
	ret

LABEL_F18EC8:
	.byte 0x2e, 0x1d, 0x24, 0xbc, 0xf6, 0xf2, 0x00, 0x48
	.byte 0x09, 0x30, 0xe8, 0x8a, 0xf2, 0x00, 0xb0, 0x0a
	.byte 0x31, 0xea, 0xa1, 0x1d, 0x74, 0x8d, 0xf8, 0x1d
	.byte 0xc2, 0x8b, 0xf8, 0xdb, 0x8e, 0xde, 0xd8, 0x6e
	.byte 0x05, 0x1e, 0x14, 0x00, 0xdb, 0x8e, 0xde, 0x88
	.byte 0xde, 0xcf, 0x95, 0xff, 0x6e, 0x02, 0xd8, 0xa8
	.byte 0x1d, 0x2f, 0xbc, 0xf6, 0xde, 0x8b, 0x4e, 0x0e
	.byte 0x2e, 0xde, 0xa8, 0x1e, 0x51, 0xdb, 0xe1, 0x6e
	.byte 0x0c, 0x22, 0x82, 0x21, 0xc7, 0xee, 0x99, 0xba
	.byte 0x01, 0x30, 0x80, 0x26, 0xba, 0x02, 0x31, 0x81
	.byte 0x27, 0xc7, 0xee, 0xcf, 0x47, 0x6e, 0x09, 0xce
	.byte 0xd8, 0x6e, 0x05, 0xcf, 0xcf, 0x4b, 0x66, 0x10
	.byte 0xc7, 0xee, 0xcf, 0x4c, 0x6e, 0x1d, 0xce, 0xcf
	.byte 0x4b, 0x6e, 0x18, 0xcf, 0xcf, 0x45, 0x6e, 0x13
	.byte 0xb2, 0x00, 0x48, 0xb0, 0x00, 0x00, 0xb1, 0x00
	.byte 0x4b, 0x8a, 0x10, 0x3f, 0x00, 0x6e, 0x62, 0xd8
	.byte 0xa8, 0x68, 0x50, 0xc7, 0xee, 0xcf, 0x46, 0x6e
	.byte 0x09, 0xce, 0xd8, 0x6e, 0x05, 0xcf, 0xcf, 0x4b
	.byte 0x66, 0x30, 0xc7, 0xee, 0xcf, 0x46, 0x6e, 0x0a
	.byte 0xce, 0xcf, 0x20, 0x6e, 0x05, 0xcf, 0xcf, 0x4b
	.byte 0x66, 0x20, 0xc7, 0xee, 0xcf, 0x4c, 0x6e, 0x0a
	.byte 0xce, 0xcf, 0x4b, 0x6e, 0x05, 0xcf, 0xcf, 0x41
	.byte 0x66, 0x10, 0xc7, 0xee, 0xcf, 0x4c, 0x6e, 0x22
	.byte 0xce, 0xcf, 0x4b, 0x6e, 0x1d, 0xcf, 0xcf, 0x42
	.byte 0x6e, 0x18, 0x1e, 0x23, 0x00, 0xdb, 0x8e, 0xe1
	.byte 0x72, 0x0c, 0x20, 0x88, 0x10, 0x3f, 0x00, 0x6e
	.byte 0x10, 0xde, 0x88, 0x1e, 0x70, 0x02, 0xdb, 0x8e
	.byte 0x68, 0x07, 0x1d, 0x31, 0xe9, 0xf5, 0x36, 0x9a
	.byte 0xff, 0x1e, 0x16, 0x02, 0xde, 0x8b, 0x4e, 0x0e
	.byte 0xef, 0x6e, 0xbf, 0x04, 0x02, 0x00, 0x00, 0xe1
	.byte 0x6e, 0x0c, 0x23, 0xe1, 0x72, 0x0c, 0x22, 0x8b
	.byte 0x10, 0x21, 0xba, 0x10, 0x41, 0xbb, 0x60, 0x35
	.byte 0xba, 0x60, 0x34, 0x31, 0xcf, 0x03, 0x95, 0x11
	.byte 0x85, 0x10, 0xf3, 0xed, 0x00, 0x08, 0x35, 0xf3
	.byte 0xe9, 0x00, 0x14, 0x34, 0x31, 0xff, 0x77, 0x95
	.byte 0x11, 0x85, 0x10, 0x1d, 0x24, 0xbc, 0xf6, 0xe1
	.byte 0x72, 0x0c, 0x20, 0xf1, 0xae, 0x39, 0x60, 0xe1
	.byte 0x6e, 0x0c, 0x20, 0xf1, 0xb2, 0x39, 0x60, 0xe8
	.byte 0xa8, 0xb7, 0x60, 0xa7, 0x20, 0xf1, 0xac, 0x39
	.byte 0x41, 0xf1, 0xad, 0x39, 0x41, 0x1e, 0x83, 0x01
	.byte 0xdb, 0xd8, 0x66, 0x03, 0xbf, 0x04, 0x53, 0xe8
	.byte 0xa9, 0xa7, 0x88, 0xa7, 0x20, 0xe8, 0xcf, 0x0b
	.byte 0x00, 0x00, 0x00, 0x63, 0xde, 0xf1, 0xac, 0x39
	.byte 0x00, 0x0c, 0xf1, 0xad, 0x39, 0x00, 0x0c, 0x1e
	.byte 0x61, 0x01, 0xdb, 0xd8, 0x66, 0x03, 0xbf, 0x04
	.byte 0x53, 0xf1, 0xac, 0x39, 0x00, 0x0d, 0xf1, 0xad
	.byte 0x39, 0x00, 0x0e, 0x1e, 0x4d, 0x01, 0xdb, 0xd8
	.byte 0x66, 0x03, 0xbf, 0x04, 0x53, 0xf1, 0xac, 0x39
	.byte 0x00, 0x0e, 0xf1, 0xad, 0x39, 0x00, 0x0f, 0x1e
	.byte 0x39, 0x01, 0xdb, 0xd8, 0x66, 0x03, 0xbf, 0x04
	.byte 0x53, 0xf1, 0xac, 0x39, 0x00, 0x0f, 0xf1, 0xad
	.byte 0x39, 0x00, 0x10, 0x1e, 0x25, 0x01, 0xdb, 0xd8
	.byte 0x66, 0x03, 0xbf, 0x04, 0x53, 0xf1, 0xac, 0x39
	.byte 0x00, 0x10, 0xf1, 0xad, 0x39, 0x00, 0x18, 0x1e
	.byte 0x11, 0x01, 0xdb, 0xd8, 0x66, 0x03, 0xbf, 0x04
	.byte 0x53, 0xf1, 0xac, 0x39, 0x00, 0x11, 0xf1, 0xad
	.byte 0x39, 0x00, 0x1a, 0x1e, 0xfd, 0x00, 0xdb, 0xd8
	.byte 0x66, 0x03, 0xbf, 0x04, 0x53, 0xf1, 0xac, 0x39
	.byte 0x00, 0x12, 0xf1, 0xad, 0x39, 0x00, 0x1b, 0x1e
	.byte 0xe9, 0x00, 0xdb, 0xd8, 0x66, 0x03, 0xbf, 0x04
	.byte 0x53, 0xf1, 0xac, 0x39, 0x00, 0x13, 0xf1, 0xad
	.byte 0x39, 0x00, 0x1c, 0x1e, 0xd5, 0x00, 0xdb, 0xd8
	.byte 0x66, 0x03, 0xbf, 0x04, 0x53, 0xf1, 0xac, 0x39
	.byte 0x00, 0x0c, 0xf1, 0xad, 0x39, 0x00, 0x12, 0x1e
	.byte 0xc1, 0x00, 0xdb, 0xd8, 0x66, 0x03, 0xbf, 0x04
	.byte 0x53, 0xf1, 0xac, 0x39, 0x00, 0x0d, 0xf1, 0xad
	.byte 0x39, 0x00, 0x14, 0x1e, 0xad, 0x00, 0xdb, 0xd8
	.byte 0x66, 0x03, 0xbf, 0x04, 0x53, 0xf1, 0xac, 0x39
	.byte 0x00, 0x0e, 0xf1, 0xad, 0x39, 0x00, 0x15, 0x1e
	.byte 0x99, 0x00, 0xdb, 0xd8, 0x66, 0x03, 0xbf, 0x04
	.byte 0x53, 0xf1, 0xac, 0x39, 0x00, 0x0f, 0xf1, 0xad
	.byte 0x39, 0x00, 0x16, 0x1e, 0x85, 0x00, 0xdb, 0xd8
	.byte 0x66, 0x03, 0xbf, 0x04, 0x53, 0xf1, 0xac, 0x39
	.byte 0x00, 0x0c, 0xf1, 0xad, 0x39, 0x00, 0x0d, 0x1e
	.byte 0x71, 0x00, 0xdb, 0xd8, 0x66, 0x03, 0xbf, 0x04
	.byte 0x53, 0xf1, 0xac, 0x39, 0x00, 0x0f, 0xf1, 0xad
	.byte 0x39, 0x00, 0x11, 0x1e, 0x5d, 0x00, 0xdb, 0xd8
	.byte 0x66, 0x03, 0xbf, 0x04, 0x53, 0xf1, 0xac, 0x39
	.byte 0x00, 0x10, 0xf1, 0xad, 0x39, 0x00, 0x19, 0x1e
	.byte 0x49, 0x00, 0xdb, 0xd8, 0x66, 0x03, 0xbf, 0x04
	.byte 0x53, 0xf1, 0xac, 0x39, 0x00, 0x13, 0xf1, 0xad
	.byte 0x39, 0x00, 0x1d, 0x1e, 0x35, 0x00, 0xdb, 0xd8
	.byte 0x66, 0x03, 0xbf, 0x04, 0x53, 0xf1, 0xac, 0x39
	.byte 0x00, 0x0c, 0xf1, 0xad, 0x39, 0x00, 0x13, 0x1e
	.byte 0x21, 0x00, 0xdb, 0xd8, 0x66, 0x03, 0xbf, 0x04
	.byte 0x53, 0xf1, 0xac, 0x39, 0x00, 0x0f, 0xf1, 0xad
	.byte 0x39, 0x00, 0x17, 0x1e, 0x0d, 0x00, 0xdb, 0xd8
	.byte 0x66, 0x03, 0xbf, 0x04, 0x53, 0x9f, 0x04, 0x23
	.byte 0xef, 0x66, 0x0e, 0x2e, 0xde, 0xa8, 0xf1, 0xb0
	.byte 0x35, 0xb0, 0x1d, 0x3f, 0x32, 0xf6, 0xc1, 0xb0
	.byte 0x35, 0x21, 0xd8, 0x12, 0xd8, 0x33, 0x00, 0x66
	.byte 0x1d, 0xe1, 0xb2, 0x39, 0x20, 0xf1, 0xae, 0x39
	.byte 0x60, 0xc1, 0xad, 0x39, 0x19, 0xac, 0x39, 0x1d
	.byte 0xf8, 0xed, 0xf5, 0xe1, 0x72, 0x0c, 0x20, 0xf1
	.byte 0xae, 0x39, 0x60, 0x36, 0x95, 0xff, 0xde, 0x8b
	.byte 0x4e, 0x0e, 0x27, 0x00, 0xda, 0xa8, 0xda, 0x88
	.byte 0xd8, 0xc8, 0x60, 0x00, 0xe1, 0x6e, 0x0c, 0x21
	.byte 0xf3, 0x07, 0xe4, 0xe0, 0x31, 0xb9, 0x22, 0x00
	.byte 0x40, 0xd8, 0x89, 0xe1, 0x6e, 0x0c, 0x20, 0xf3
	.byte 0x07, 0xe0, 0xe4, 0x30, 0xb8, 0x2a, 0x00, 0x0c
	.byte 0xe1, 0x6e, 0x0c, 0x20, 0xf3, 0x07, 0xe0, 0xe4
	.byte 0x30, 0xb8, 0x32, 0x00, 0x74, 0xe1, 0x6e, 0x0c
	.byte 0x20, 0xf3, 0x07, 0xe0, 0xe4, 0x30, 0xb8, 0x3a
	.byte 0x00, 0x40, 0xcf, 0x61, 0xda, 0xc8, 0x60, 0x00
	.byte 0xcf, 0xcf, 0x1e, 0x67, 0xb9, 0x0e, 0x3e, 0xd8
	.byte 0x8b, 0xc1, 0xed, 0x34, 0x23, 0xc7, 0xfb, 0x9b
	.byte 0xc1, 0xee, 0x34, 0x23, 0xc7, 0xfa, 0x9b, 0xc1
	.byte 0xef, 0x34, 0x23, 0xc7, 0xf9, 0x9b, 0xe1, 0x6e
	.byte 0x0c, 0x21, 0x89, 0x70, 0x19, 0xed, 0x34, 0xe1
	.byte 0x6e, 0x0c, 0x21, 0x89, 0x71, 0x19, 0xee, 0x34
	.byte 0xf1, 0xef, 0x34, 0x00, 0x04, 0xf1, 0xd6, 0x34
	.byte 0x00, 0x0c, 0xdb, 0x88, 0x1e, 0x42, 0x01, 0xf1
	.byte 0xef, 0x34, 0x00, 0x05, 0xf1, 0xd6, 0x34, 0x00
	.byte 0x0d, 0xdb, 0x88, 0x1e, 0x33, 0x01, 0xf1, 0xef
	.byte 0x34, 0x00, 0x06, 0xf1, 0xd6, 0x34, 0x00, 0x10
	.byte 0xdb, 0x88, 0x1e, 0x24, 0x01, 0xf1, 0xef, 0x34
	.byte 0x00, 0x07, 0xf1, 0xd6, 0x34, 0x00, 0x11, 0xdb
	.byte 0x88, 0x1e, 0x15, 0x01, 0xf1, 0xef, 0x34, 0x00
	.byte 0x0a, 0xf1, 0xd6, 0x34, 0x00, 0x0e, 0xdb, 0x88
	.byte 0x1e, 0x06, 0x01, 0xf1, 0xef, 0x34, 0x00, 0x0b
	.byte 0xf1, 0xd6, 0x34, 0x00, 0x0f, 0xdb, 0x88, 0x1e
	.byte 0xf7, 0x00, 0xe1, 0x6e, 0x0c, 0x21, 0xc3, 0xe5
	.byte 0xf0, 0x01, 0x19, 0xed, 0x34, 0xe1, 0x6e, 0x0c
	.byte 0x21, 0xc3, 0xe5, 0xf1, 0x01, 0x19, 0xee, 0x34
	.byte 0xf1, 0xef, 0x34, 0x00, 0x04, 0xf1, 0xd6, 0x34
	.byte 0x00, 0x12, 0xdb, 0x88, 0x1e, 0xd2, 0x00, 0xf1
	.byte 0xef, 0x34, 0x00, 0x05, 0xf1, 0xd6, 0x34, 0x00
	.byte 0x13, 0xdb, 0x88, 0x1e, 0xc3, 0x00, 0xf1, 0xef
	.byte 0x34, 0x00, 0x06, 0xf1, 0xd6, 0x34, 0x00, 0x16
	.byte 0xdb, 0x88, 0x1e, 0xb4, 0x00, 0xf1, 0xef, 0x34
	.byte 0x00, 0x07, 0xf1, 0xd6, 0x34, 0x00, 0x17, 0xdb
	.byte 0x88, 0x1e, 0xa5, 0x00, 0xf1, 0xef, 0x34, 0x00
	.byte 0x0a, 0xf1, 0xd6, 0x34, 0x00, 0x14, 0xdb, 0x88
	.byte 0x1e, 0x96, 0x00, 0xf1, 0xef, 0x34, 0x00, 0x0b
	.byte 0xf1, 0xd6, 0x34, 0x00, 0x15, 0xdb, 0x88, 0x1e
	.byte 0x87, 0x00, 0xe1, 0x6e, 0x0c, 0x21, 0xc3, 0xe5
	.byte 0x70, 0x03, 0x19, 0xed, 0x34, 0xe1, 0x6e, 0x0c
	.byte 0x21, 0xc3, 0xe5, 0x71, 0x03, 0x19, 0xee, 0x34
	.byte 0xf1, 0xef, 0x34, 0x00, 0x04, 0xf1, 0xd6, 0x34
	.byte 0x00, 0x18, 0xdb, 0x88, 0x1e, 0x62, 0x00, 0xf1
	.byte 0xef, 0x34, 0x00, 0x05, 0xf1, 0xd6, 0x34, 0x00
	.byte 0x19, 0xdb, 0x88, 0x1e, 0x53, 0x00, 0xf1, 0xef
	.byte 0x34, 0x00, 0x06, 0xf1, 0xd6, 0x34, 0x00, 0x1c
	.byte 0xdb, 0x88, 0x1e, 0x44, 0x00, 0xf1, 0xef, 0x34
	.byte 0x00, 0x07, 0xf1, 0xd6, 0x34, 0x00, 0x1d, 0xdb
	.byte 0x88, 0x1e, 0x35, 0x00, 0xf1, 0xef, 0x34, 0x00
	.byte 0x0a, 0xf1, 0xd6, 0x34, 0x00, 0x1a, 0xdb, 0x88
	.byte 0x1e, 0x26, 0x00, 0xf1, 0xef, 0x34, 0x00, 0x0b
	.byte 0xf1, 0xd6, 0x34, 0x00, 0x1b, 0xdb, 0x88, 0x1e
	.byte 0x17, 0x00, 0xc7, 0xfb, 0x8b, 0xf1, 0xed, 0x34
	.byte 0x43, 0xc7, 0xfa, 0x8b, 0xf1, 0xee, 0x34, 0x43
	.byte 0xc7, 0xf9, 0x8b, 0xf1, 0xef, 0x34, 0x43, 0x5e
	.byte 0x0e, 0x2e, 0xd8, 0x8e, 0xf1, 0xd1, 0x34, 0xb8
	.byte 0x1d, 0x49, 0x31, 0xf6, 0xc1, 0xb0, 0x35, 0x21
	.byte 0xd8, 0x12, 0xd8, 0x33, 0x00, 0x66, 0x03, 0x36
	.byte 0x95, 0xff, 0xde, 0x8b, 0x4e, 0x0e

LABEL_F193A6:
	lda xsp, (xsp - 12)
	push xiz
	ld xiz, xde
	ld (xsp + 12), c
	ld (xsp + 14), a
	ld (xsp + 4), 0x0
	ld (xsp + 10), 0x0
	calr Flash_InitExtMemAddrs
	stda32 3182, xiz
	cp (xsp + 14), 0xA
	jrl nc, DualVoice_LoadDoneRetVal
	ld a, (xsp + 14)
	extz wa
	calr LABEL_F17FD6
	ld a, (xsp + 12)
	extz wa
	calr LABEL_F1809B
	ld a, (xsp + 12)
	extz wa
	calr NoteEvent_Store
	ld (xsp + 6), l
	ld a, (xsp + 6)
	extz wa
	calr NoteEventBuffer_CopyToSlot
	call AccPatch_CountSlotsAlt
	ld a, (xsp + 12)
	extz wa
	lda_24 xbc, 0xe160fc
	ld_srib3 A, 0x07, 0xE4, 0xE0
	ld (xsp + 8), a
	ldda32 xwa, 3186
	stda32 14766, xwa
	ldi_berp 0xFB, 0

LABEL_F1940C:
	ld c, (xsp + 8)
	extz bc
	ldto_berp A, 0xFB
	extz wa
	muls wa, 0x3
	ld de, wa
	add de, bc
	lda_24 xwa, 0xe160c0
	ldmm_srib 0x07, 0xE0, 0xE8, 0xAC, 0x39
	call AccPatch_InitFromSlotIndex
	inc1_berp 0xFB
	cp_erpb 0xFB, 0x0A
	jr c, LABEL_F1940C
	ldda32 xwa, 3182
	stda32 14766, xwa
	ldda32 xwa, 3186
	stda32 14770, xwa
	resda 0, 13744
	ldi_berp 0xFB, 0

LABEL_F1944E:
	ld e, (xsp + 14)
	extz de
	ldto_berp A, 0xFB
	extz wa
	muls wa, 0x3
	ld bc, wa
	add wa, de
	lda_24 xde, 0xe160c0
	ldmm_srib 0x07, 0xE8, 0xE0, 0xAC, 0x39
	ld a, (xsp + 8)
	extz wa
	add bc, wa
	ldmm_srib 0x07, 0xE8, 0xE4, 0xAD, 0x39
	call DualVoice_ParamLoadDone
	ldda8 a, 13744
	extz wa
	bit 0, wa
	jr z, LABEL_F19499
	ld (xsp + 10), 0x1

LABEL_F1948D:
	ld (xsp + 4), 0x1

DualVoice_LoadDoneRetVal:
	ld l, (xsp + 4)
	pop xiz
	lda xsp, (xsp + 12)
	ret

LABEL_F19499:
	inc1_berp 0xFB
	cp_erpb 0xFB, 0x0A
	jr c, LABEL_F1944E
	cp (xsp + 10), 0x0
	jr nz, LABEL_F1948D
	calr LABEL_F172AC
	ld a, (xsp + 6)
	extz wa
	calr NoteEventBuffer_Store
	ldada xwa, 1850
	cpw (xwa), 0xFFFF
	jr nz, LABEL_F194C4
	cpw (xwa + 2), 0xFFFF
	jr z, DualVoice_LoadDoneRetVal

LABEL_F194C4:
	calr LABEL_F1830A
	jr DualVoice_LoadDoneRetVal
	pushw iz
	call msp_ld_mae
	lda_24 xwa, 0x1e8800
	ld xde, xwa
	lda_24 xbc, 0x1ec400
	sub xbc, xde
	call FileIO_ReadBlock
	call FileIO_ReturnError
	ld iz, hl
	calr LABEL_F194F3
	ld wa, iz
	call msp_ld_ato
	ld hl, iz
	popw iz
	ret

LABEL_F194F3:
	calr LABEL_F1954B
	ldda32 xwa, 3226
	ld l, (xwa)
	ld e, (xwa + 1)
	ld c, (xwa + 2)
	cp l, 0x47
	jr nz, LABEL_F19510
	cps e, 0
	jr nz, LABEL_F19510
	cp c, 0x4B
	jr z, LABEL_F1952E

LABEL_F19510:
	cp l, 0x4C
	jr nz, LABEL_F1951F
	cp e, 0x4B
	jr nz, LABEL_F1951F
	cp c, 0x45
	jr z, LABEL_F1952E

LABEL_F1951F:
	cp l, 0x4D
	ret nz
	cp e, 0x4B
	ret nz
	cp c, 0x42
	ret nz

LABEL_F1952E:
	st_dri3b W, 0xE1, 0xFF, 0x27
	ld xbc, xwa
	st_dri3b B, 0xE1, 0x01, 0xD9

LABEL_F1953A:
	ld a, (xbc)
	lda_dri3 XBC, 0xE5, 0x00, 0x02
	dec 1, xbc
	cp xbc, xde
	jr nc, LABEL_F1953A
	calr LABEL_F19555
	ret

LABEL_F1954B:
	lda_24 xwa, 0x1e8800
	stda32 3226, xwa
	ret

LABEL_F19555:
	ldda32 xbc, 3226
	st_dri3b A, 0xE5, 0x00, 0x01
	ld xwa, xbc
	st_dri3b A, 0xE5, 0x00, 0x02

LABEL_F19565:
	stib_dpi 0xE0, 0x00
	cp xwa, xbc
	jr c, LABEL_F19565

	lda_24 xwa, 0xe16184
	ld xbc, xwa
	ldda32 xde, 3226
	lda xhl, (xwa + 6)

LABEL_F1957B:
	ld_spib A, 0xE4
	lda_dpi XBC, 0xE8
	cp xbc, xhl
	jr c, LABEL_F1957B
	lda_24 xhl, 0xe161e4
	ld xbc, xhl
	ldda32 xwa, 3226
	lda xde, (xwa + 16)
	lda xhl, (xhl + 16)

LABEL_F19596:
	ld_spib A, 0xE4
	lda_dpi XBC, 0xE8
	cp xbc, xhl
	jr c, LABEL_F19596
	lda_24 xhl, 0xe16144
	ld xbc, xhl
	ldda32 xwa, 3226
	st_dri3b B, 0xE1, 0x00, 0x02
	lda xhl, (xhl + 64)

LABEL_F195B3:
	ld_spib A, 0xE4
	lda_dpi XBC, 0xE8
	cp xbc, xhl
	jr c, LABEL_F195B3
	lda_24 xhl, 0xe16204
	ld xbc, xhl
	ldda32 xwa, 3226
	st_dri3b B, 0xE1, 0x40, 0x02
	lda xhl, (xhl + 64)

LABEL_F195D0:
	ld_spib A, 0xE4
	lda_dpi XBC, 0xE8
	cp xbc, xhl
	jr c, LABEL_F195D0
	lda_24 xhl, 0xe16244
	ld xbc, xhl
	ldda32 xwa, 3226
	st_dri3b B, 0xE1, 0x80, 0x02
	lda xhl, (xhl + 64)

LABEL_F195ED:
	ld_spib A, 0xE4
	lda_dpi XBC, 0xE8
	cp xbc, xhl
	jr c, LABEL_F195ED
	ldda32 xwa, 3226
	lda xbc, (xwa + 32)
	lds32 xde, 0

LABEL_F19600:
	cp (xbc), 0x0
	jr nz, LABEL_F19624
	lda_24 xiy, 0xe161f4
	ld xhl, xiy
	ldda32 xwa, 3226
	lda xwa, (xwa + 32)
	ld xix, xde
	add xix, xwa
	lda xiy, (xiy + 16)

LABEL_F1961A:
	ld_spib A, 0xEC
	lda_dpi XBC, 0xF0
	cp xhl, xiy
	jr c, LABEL_F1961A

LABEL_F19624:
	add xde, 0x10
	lda xbc, (xbc + 16)
	cp xde, 0xC0
	jr c, LABEL_F19600
	ret

InitializeSuna:
	lda xsp, (xsp - 14)

	RegObjTable 0x1600004, 0xFA44E2, 0xE17322, 0xE16C86, 0x164
	RegObjTable 0x160000c, 0xFA58FB, 0xE17328, 0xE17324, 0x1c4
	RegObjTable 0x160000d, 0xFA5948, 0xE176D2, 0xE1732A, 0x1e4
	RegObjTabl 0x1600002, 0xFA496C, 0x49, 0xE16284, 0x124
	RegObjTabl 0x1600002, 0xFA496C, 0x49, 0xE163AC, 0x424
	RegObjTabl 0x1600001, 0xFA48A9, 0x1, 0xE176D4, 0x104
	RegObjTabl 0x1600001, 0xFA48A9, 0x1, 0xE176DC, 0x404
	RegObjTabl 0x1600003, 0xFA4A18, 0x24, 0xE1CA6E, 0x144
	RegObjTabl 0x1600003, 0xFA4A18, 0x24, 0xE1CB02, 0x444
	RegObjTabl 0x1600010, 0xFA5995, 0x3, 0xE1B4E2, 0x10
	RegObjTabl 0x160000f, 0xFA62CB, 0x3, 0xE1BAFA, 0x310
	RegObjTabl 0x1600010, 0xFA5995, 0x8, 0xE1B4F2, 0x11
	RegObjTabl 0x160000f, 0xFA62CB, 0x8, 0xE1BB22, 0x311
	RegObjTabl 0x1600010, 0xFA5995, 0x7, 0xE1B516, 0x12
	RegObjTabl 0x160000f, 0xFA62CB, 0x7, 0xE1BB80, 0x312
	RegObjTabl 0x1600010, 0xFA5995, 0x4, 0xE1B536, 0x13
	RegObjTabl 0x160000f, 0xFA62CB, 0x4, 0xE1BBCE, 0x313
	RegObjTabl 0x1600010, 0xFA5995, 0x4, 0xE1B54A, 0x14
	RegObjTabl 0x160000f, 0xFA62CB, 0x4, 0xE1BBFC, 0x314
	RegObjTabl 0x1600010, 0xFA5995, 0x8, 0xE1B55E, 0x15
	RegObjTabl 0x160000f, 0xFA62CB, 0x8, 0xE1BC2A, 0x315
	RegObjTabl 0x1600010, 0xFA5995, 0x7, 0xE1B582, 0x16
	RegObjTabl 0x160000f, 0xFA62CB, 0x7, 0xE1BC7C, 0x316
	RegObjTabl 0x1600010, 0xFA5995, 0x12, 0xE1B5A2, 0xb0
	RegObjTabl 0x160000f, 0xFA62CB, 0x12, 0xE1BCBC, 0x3b0
	RegObjTabl 0x1600010, 0xFA5995, 0xc, 0xE1B5EE, 0xb1
	RegObjTabl 0x160000f, 0xFA62CB, 0xc, 0xE1BD3A, 0x3b1
	RegObjTabl 0x1600010, 0xFA5995, 0x16, 0xE1B622, 0xb2
	RegObjTabl 0x160000f, 0xFA62CB, 0x16, 0xE1BD94, 0x3b2
	RegObjTabl 0x1600010, 0xFA5995, 0x5, 0xE1B67E, 0xb3
	RegObjTabl 0x160000f, 0xFA62CB, 0x5, 0xE1BE54, 0x3b3
	RegObjTabl 0x1600010, 0xFA5995, 0x12, 0xE1B696, 0xb4
	RegObjTabl 0x160000f, 0xFA62CB, 0x12, 0xE1BE9A, 0x3b4
	RegObjTabl 0x1600010, 0xFA5995, 0x1f, 0xE1B6E2, 0xb5
	RegObjTabl 0x160000f, 0xFA62CB, 0x1f, 0xE1BF7A, 0x3b5
	RegObjTabl 0x1600010, 0xFA5995, 0x1, 0xE1B762, 0xb6
	RegObjTabl 0x160000f, 0xFA62CB, 0x1, 0xE1C076, 0x3b6
	RegObjTabl 0x1600010, 0xFA5995, 0x6, 0xE1B76A, 0xb7
	RegObjTabl 0x160000f, 0xFA62CB, 0x6, 0xE1C082, 0x3b7
	RegObjTabl 0x1600010, 0xFA5995, 0x21, 0xE1B786, 0xb8
	RegObjTabl 0x160000f, 0xFA62CB, 0x21, 0xE1C0E0, 0x3b8
	RegObjTabl 0x1600010, 0xFA5995, 0x25, 0xE1B80E, 0xb9
	RegObjTabl 0x160000f, 0xFA62CB, 0x25, 0xE1C1FA, 0x3b9
	RegObjTabl 0x1600010, 0xFA5995, 0xe, 0xE1B8A6, 0xba
	RegObjTabl 0x160000f, 0xFA62CB, 0xe, 0xE1C318, 0x3ba
	RegObjTabl 0x1600010, 0xFA5995, 0x4, 0xE1B8E2, 0xbb
	RegObjTabl 0x160000f, 0xFA62CB, 0x4, 0xE1C392, 0x3bb
	RegObjTabl 0x1600010, 0xFA5995, 0xb, 0xE1B8F6, 0xbd
	RegObjTabl 0x160000f, 0xFA62CB, 0xb, 0xE1C3BC, 0x3bd
	RegObjTabl 0x1600010, 0xFA5995, 0x21, 0xE1B926, 0xbe
	RegObjTabl 0x160000f, 0xFA62CB, 0x21, 0xE1C410, 0x3be
	RegObjTabl 0x1600010, 0xFA5995, 0x1b, 0xE1B9AE, 0xc8
	RegObjTabl 0x160000f, 0xFA62CB, 0x1b, 0xE1C560, 0x3c8
	RegObjTabl 0x1600010, 0xFA5995, 0x10, 0xE1BA1E, 0xc9
	RegObjTabl 0x160000f, 0xFA62CB, 0x10, 0xE1C6DC, 0x3c9
	RegObjTabl 0x1600010, 0xFA5995, 0x6, 0xE1BA62, 0xca
	RegObjTabl 0x160000f, 0xFA62CB, 0x6, 0xE1C798, 0x3ca
	RegObjTabl 0x1600010, 0xFA5995, 0x4, 0xE1BA7E, 0xcb
	RegObjTabl 0x160000f, 0xFA62CB, 0x4, 0xE1C7CE, 0x3cb
	RegObjTabl 0x1600010, 0xFA5995, 0x9, 0xE1BA92, 0xcc
	RegObjTabl 0x160000f, 0xFA62CB, 0x9, 0xE1C7FA, 0x3cc
	RegObjTabl 0x1600010, 0xFA5995, 0x8, 0xE1BABA, 0xdc
	RegObjTabl 0x160000f, 0xFA62CB, 0x8, 0xE1C85E, 0x3dc
	RegObjTabl 0x1600010, 0xFA5995, 0x6, 0xE1BADE, 0xed
	RegObjTabl 0x160000f, 0xFA62CB, 0x6, 0xE1C8B6, 0x3ed

	RegMode 0x4, 0xe1, 0xc8fa, 0xe, 0x1440000, 0x1a000b0
	RegMode 0x4, 0xe1, 0xc902, 0xf, 0x1200000, 0x1a000ca
	RegMode 0x4, 0xe1, 0xc90a, 0x10, 0x1200000, 0x1a000c9
	RegMode 0x4, 0xe1, 0xc916, 0x11, 0x1440016, 0x1a000dc

	RegTitle 0x4, 0xe1, 0xc922, 0x10, 0x144001c, 0x100000
	RegTitle 0x4, 0xe1, 0xc932, 0x11, 0x144001e, 0x110000
	RegTitle 0x4, 0xe1, 0xc942, 0x12, 0x144001f, 0x120000
	RegTitle 0x4, 0xe1, 0xc952, 0x13, 0x1440022, 0x130000
	RegTitle 0x4, 0xe1, 0xc962, 0x14, 0x144001d, 0x140000
	RegTitle 0x4, 0xe1, 0xc970, 0x15, 0x1440020, 0x150000
	RegTitle 0x4, 0xe1, 0xc97e, 0x16, 0x1440021, 0x160000
	RegTitle 0x4, 0xe1, 0xc98e, 0xb0, 0x1440005, 0xb00000
	RegTitle 0x4, 0xe1, 0xc998, 0xb1, 0x1440003, 0xb10000
	RegTitle 0x4, 0xe1, 0xc9a2, 0xb2, 0x1440004, 0xb20000
	RegTitle 0x4, 0xe1, 0xc9ae, 0xb3, 0x1200000, 0xb30000
	RegTitle 0x4, 0xe1, 0xc9b8, 0xb4, 0x1440001, 0xb40000
	RegTitle 0x4, 0xe1, 0xc9c2, 0xb5, 0x1440002, 0xb50000
	RegTitle 0x4, 0xe1, 0xc9cc, 0xb6, 0x1440019, 0xb60000
	RegTitle 0x4, 0xe1, 0xc9d6, 0xb7, 0x1200000, 0xb70000
	RegTitle 0x4, 0xe1, 0xc9e0, 0xb8, 0x1440006, 0xb80000
	RegTitle 0x4, 0xe1, 0xc9ea, 0xb9, 0x1440008, 0xb90000
	RegTitle 0x4, 0xe1, 0xc9f6, 0xba, 0x1440007, 0xba0000
	RegTitle 0x4, 0xe1, 0xca00, 0xbb, 0x1200000, 0xbb0000
	RegTitle 0x4, 0xe1, 0xca0a, 0xbd, 0x1200000, 0xbd0000
	RegTitle 0x4, 0xe1, 0xca14, 0xbe, 0x1440009, 0xbe0000
	RegTitle 0x4, 0xe1, 0xca20, 0xc8, 0x1440011, 0xc80000
	RegTitle 0x4, 0xe1, 0xca2c, 0xc9, 0x1440015, 0xc90000
	RegTitle 0x4, 0xe1, 0xca36, 0xca, 0x1440012, 0xca0000
	RegTitle 0x4, 0xe1, 0xca42, 0xcb, 0x1440013, 0xcb0000
	RegTitle 0x4, 0xe1, 0xca4e, 0xcc, 0x1200000, 0xcc0000
	RegTitle 0x4, 0xe1, 0xca5a, 0xdc, 0x1440017, 0xdc0000
	RegTitle 0x4, 0xe1, 0xca64, 0xed, 0x1200000, 0xed0000

	lda xsp, (xsp + 14)
	ret

CmpBndRngFunc:
	push xiz
	ld xiz, xwa
	cp xbc, 0x1E0003F
	jr z, LABEL_F1A396
	cp xbc, 0x1E0003E
	jr z, LABEL_F1A396
	cp xbc, 0x1E00041
	jr z, LABEL_F1A392
	cp xbc, 0x1E00040
	jr z, LABEL_F1A38B
	cp xbc, 0x1E00042
	jr z, LABEL_F1A35A
	lds32 xhl, 0
	jr CmpBndRng_PopIzRet

LABEL_F1A35A:
	ld bc, (xde + 4)
	ld xwa, (xde + 8)
	cps bc, 0
	jr lt, LABEL_F1A37A
	cp bc, 0xC
	jr gt, LABEL_F1A37A
	sla bc, 2
	lda_24 xde, 0x03d992
	ld_sril3 XBC, 0x07, 0xE8, 0xE4
	push xbc
	jr LABEL_F1A380

LABEL_F1A37A:
	pushw 0xE1
	pushw 0xCE12

LABEL_F1A380:
	push xwa
	call Strcpy
	inc 8, xsp
	ld xhl, xiz
	jr CmpBndRng_PopIzRet

LABEL_F1A38B:
	ld xhl, 0x28403
	jr CmpBndRng_PopIzRet

LABEL_F1A392:
	lds32 xhl, 3
	jr CmpBndRng_PopIzRet

LABEL_F1A396:
	lds32 xhl, 1

CmpBndRng_PopIzRet:
	pop xiz
	ret
LABEL_F1A39A:

AcCmpMdBoxProc:
	dec 4, xsp
	push xiz
	ld (xsp + 4), xde
	ld xiz, xwa
	cp xbc, 0x1E0004D
	jrl z, CmpSetP1_TtlDispatch
	cp xbc, 0x1C0001D
	jr z, LABEL_F1A3EB
	cp xbc, 0x1C0000C
	jr z, LABEL_F1A3CF
	cp xbc, 0x1C0000B
	jr z, LABEL_F1A3CF
	ld xwa, xiz
	ld xde, (xsp + 4)
	call InheritedProc
	jrl CmpSetP1_TtlDispatch_End

LABEL_F1A3CF:
	ld xwa, xiz
	ld xde, (xsp + 4)
	call InheritedProc
	ld xwa, xiz
	call GetViewInstance
	ld xwa, 0x94810
	lds bc, 1
	call MainRamGet
	jr GridBoxProc_Return

LABEL_F1A3EB:
	ld xwa, xiz
	ld xde, (xsp + 4)
	call InheritedProc
	ld xwa, xiz
	call GetViewInstance
	ld xix, (xsp + 4)
	ld xbc, (xix)
	lda_24 xwa, 0x094810
	lda xde, (xhl + 46)
	cp xwa, xbc
	jr nz, GridBoxProc_Return
	ld l, (xhl + 50)
	extz hl
	extz xhl
	ld xbc, (xde)
	cp xhl, (xix + 14)
	jr nz, LABEL_F1A41F
	ldw (xbc), 0x1
	jr LABEL_F1A423

LABEL_F1A41F:
	ldw (xbc), 0x0

LABEL_F1A423:
	ld xwa, (xde)
	ld de, (xwa)
	exts xde
	ld xwa, xiz
	ld xbc, 0x1C0000E
	call SendEvent
	jr GridBoxProc_Return

; CmpSetP1 title dispatch
CmpSetP1_TtlDispatch:	; F1A436
	ld xwa, xiz
	ld xde, (xsp + 4)
	call InheritedProc
	ld xwa, (xsp + 4)
	cp xwa, 0x1
	jr nz, GridBoxProc_Return
	ld xwa, xiz
	call GetViewInstance
	ld a, (xhl + 50)
	st8_24 0x094810, a

GridBoxProc_Return:
	lds32 xhl, 0

; CmpSetP1 title dispatch end
CmpSetP1_TtlDispatch_End:	; F1A45A
	pop xiz
	inc 4, xsp
	ret
; CmpSetP1 title dispatch default
CmpSetP1_TtlDispatch_Default:	; F1A45E

AcCmpSetGridBoxProc:
	lda xsp, (xsp - 16)
	push xiz
	ld (xsp + 12), xde
	ld (xsp + 16), xbc
	ld xiz, xwa
	ld xbc, (xsp + 16)
	cp xbc, 0x1E0008D
	jrl z, CmpSetP1_GridCheck_Case3
	ld xwa, (xsp + 16)
	cp xwa, 0x1E0008B
	jrl z, CmpSetP1_GridCheck_Case1
	cp xwa, 0x1E0008A
	jrl z, CmpSetP1_GridCheckDispatch
	cp xwa, 0x1C00001
	jr z, CmpSetP1_DialGrid
	sub xbc, 0x1C00017
	cp xbc, 0x0
	jrl lt, CmpSetP1_GridCheck_Case4
	cp xbc, 0x6
	jrl gt, CmpSetP1_GridCheck_Case4
	add xbc, xbc
	add xbc, 0xE1CE3A
	ld bc, (xbc)
	lda_24 xix, 0xf1a4bf
	jp_dri 8, 0x07, 0xF0, 0xE4

; CmpSetP1 dial grid dispatch (7-entry, table 0xE1CE3A)
CmpSetP1_DialGrid:	; F1A4BF
	ld xwa, xiz
	ld xbc, (xsp + 16)
	ld xde, (xsp + 12)
	call InheritedProc
	ld xwa, xiz
	call GetViewInstance
	ld (xsp + 8), xhl
	ld xwa, xiz
	ld xbc, 0x1E0008F
	lds32 xde, 0
	call SendEvent
	ld (xsp + 4), xhl
	ld xwa, (xsp + 8)
	ld bc, (xwa + 26)
	ld xwa, (xsp + 4)
	srl xwa, 0
	ldi_werp 0xE2, 0
	add wa, bc
	ld de, wa
	extz xde
	ld xwa, xiz
	ld xbc, 0x1C00017
	call SetDialUp
	ld xwa, (xsp + 8)
	ld bc, (xwa + 26)
	ld xwa, (xsp + 4)
	srl xwa, 0
	ldi_werp 0xE2, 0
	add wa, bc
	ld de, wa
	extz xde
	ld xwa, xiz
	ld xbc, 0x1C00018
	call SetDialDown
	lds wa, 1
	jrl LABEL_F1A689
	ld xwa, xiz
	ld xbc, (xsp + 16)
	ld xde, (xsp + 12)
	call InheritedProc
	ld xwa, xiz
	ld xbc, 0x1E00050
	ld xde, (xsp + 12)
	call SendEvent
	or xhl, xhl
	jr z, LABEL_F1A588
	ld xwa, xiz
	ld xbc, 0x1E0008F
	lds32 xde, 0
	call SendEvent
	ld wa, hl
	add wa, wa
	lda_24 xbc, 0xe1ce16
	ld_sriw3 WA, 0x07, 0xE4, 0xE0
	sub hl, wa
	extz xhl
	add xhl, 0xFFFF0000
	ld xwa, xiz
	ld xbc, 0x1C0000E
	ld xde, xhl
	call SendEvent
	ld xwa, xiz
	ld xbc, (xsp + 16)
	ld xde, (xsp + 12)
	call SetAutoInc
	jrl CmpSetP1_ReturnZeroJmp

LABEL_F1A588:
	ld xwa, xiz
	ld xbc, 0x1E00091
	ld xde, (xsp + 12)
	call SendEvent
	or xhl, xhl
	jrl z, CmpSetP1_ReturnZeroJmp
	ld xwa, xiz
	call GetViewInstance
	ld xwa, (xhl + 70)
	ld xbc, (xsp + 16)
	ld xde, (xsp + 12)
	call ApFuncCall
	ld xwa, xiz
	ld xbc, (xsp + 16)
	ld xde, (xsp + 12)
	call SetAutoInc
	ld xwa, xiz
	ld xbc, 0x1C00017
	ld xde, (xsp + 12)
	call SetDialUp
	ld xwa, xiz
	ld xbc, 0x1C00018
	ld xde, (xsp + 12)
	call SetDialDown
	lds wa, 1
	jrl LABEL_F1A689
	ld xwa, xiz
	ld xbc, (xsp + 16)
	ld xde, (xsp + 12)
	call InheritedProc
	ld xwa, xiz
	ld xbc, 0x1E00050
	ld xde, (xsp + 12)
	call SendEvent
	or xhl, xhl
	jr z, LABEL_F1A63A
	ld xwa, xiz
	ld xbc, 0x1E0008F
	lds32 xde, 0
	call SendEvent
	ld wa, hl
	add wa, wa
	lda_24 xbc, 0xe1ce28
	ld_sriw3 WA, 0x07, 0xE4, 0xE0
	add wa, hl
	ld de, wa
	extz xde
	add xde, 0xFFFF0000
	ld xwa, xiz
	ld xbc, 0x1C0000E
	call SendEvent
	ld xwa, xiz
	ld xbc, (xsp + 16)
	ld xde, (xsp + 12)
	call SetAutoInc
	jrl CmpSetP1_ReturnZeroJmp

LABEL_F1A63A:
	ld xwa, xiz
	ld xbc, 0x1E00091
	ld xde, (xsp + 12)
	call SendEvent
	or xhl, xhl
	jr z, CmpSetP1_ReturnZeroJmp
	ld xwa, xiz
	call GetViewInstance
	ld xwa, (xhl + 70)
	ld xbc, (xsp + 16)
	ld xde, (xsp + 12)
	call ApFuncCall
	ld xwa, xiz
	ld xbc, (xsp + 16)
	ld xde, (xsp + 12)
	call SetAutoInc
	ld xwa, xiz
	ld xbc, 0x1C00017
	ld xde, (xsp + 12)
	call SetDialUp
	ld xwa, xiz
	ld xbc, 0x1C00018
	ld xde, (xsp + 12)
	call SetDialDown
	lds wa, 1

LABEL_F1A689:
	call SetDialEnable
	jr CmpSetP1_ReturnZeroJmp

; CmpSetP1 grid check dispatch
CmpSetP1_GridCheckDispatch:	; F1A68F
	ld xwa, xiz
	ld xiz, 0x3E
	jr CmpSetP1_GridCheck_Case2

; CmpSetP1 grid check case 1
CmpSetP1_GridCheck_Case1:	; F1A698
	ld xwa, xiz
	ld xiz, 0x42

; CmpSetP1 grid check case 2
CmpSetP1_GridCheck_Case2:	; F1A69F
	call GetViewInstance
	add xhl, xiz
	ld xwa, (xhl)
	push xwa
	ld xwa, (xsp + 16)
	push xwa
	call Strcpy
	inc 8, xsp
	jr CmpSetP1_ReturnZeroJmp

; CmpSetP1 grid check case 3
CmpSetP1_GridCheck_Case3:	; F1A6B4
	ld xwa, xiz
	call GetViewInstance
	ld xwa, (xhl + 70)
	ld xbc, (xsp + 16)
	ld xde, (xsp + 12)
	call ApFuncCall

CmpSetP1_ReturnZeroJmp:
	lds32 xhl, 0
	jr CmpSetP1_GridCheck_Case5

; CmpSetP1 grid check case 4
CmpSetP1_GridCheck_Case4:	; F1A6CB
	ld xwa, xiz
	ld xbc, (xsp + 16)
	ld xde, (xsp + 12)
	call InheritedProc

; CmpSetP1 grid check case 5
CmpSetP1_GridCheck_Case5:	; F1A6D7
	pop xiz
	lda xsp, (xsp + 16)
	ret

CmpSetP1GridCheck:
	lda xsp, (xsp - 28)
	ld xwa, xbc
	cp xbc, 0x1E0008D
	jrl z, CmpSetP1_GridCheck_Return
	sub xwa, 0x1C00017
	cp xwa, 0x0
	jrl lt, Widget_PostEvtReturnZero
	cp xwa, 0x6
	jrl gt, Widget_PostEvtReturnZero
	add xwa, xwa
	add xwa, 0xE1CF00
	ld wa, (xwa)
	lda_24 xix, 0xf1a716
	jp_dri 8, 0x07, 0xF0, 0xE0

; CmpSetP1 grid check event encoding dispatch
CmpSetP1_GridCheck_EventEnc:	; F1A716
	.byte 0x1d, 0xd0, 0x44, 0xfa, 0xeb, 0x88, 0x41, 0x8f
	.byte 0x00, 0xe0, 0x01, 0xea, 0xa8, 0x1d, 0x60, 0x96
	.byte 0xfa, 0xeb, 0x8a, 0xbf, 0x14, 0x30, 0xea, 0x89
	.byte 0xe9, 0xef, 0x00, 0xd7, 0xe6, 0xa8, 0xb0, 0x51
	.byte 0xb8, 0x02, 0x52, 0x90, 0x20, 0xd8, 0xd9, 0x7e
	.byte 0x48, 0x01, 0xea, 0x13, 0x40, 0x0d, 0x00, 0x44
	.byte 0x01, 0x41, 0x0e, 0x00, 0xe4, 0x01, 0x68, 0x36
	.byte 0x1d, 0xd0, 0x44, 0xfa, 0xeb, 0x88, 0x41, 0x8f
	.byte 0x00, 0xe0, 0x01, 0xea, 0xa8, 0x1d, 0x60, 0x96
	.byte 0xfa, 0xeb, 0x8a, 0xbf, 0x14, 0x30, 0xea, 0x89
	.byte 0xe9, 0xef, 0x00, 0xd7, 0xe6, 0xa8, 0xb0, 0x51
	.byte 0xb8, 0x02, 0x52, 0x90, 0x20, 0xd8, 0xd9, 0x7e
	.byte 0x10, 0x01, 0xea, 0x13, 0x40, 0x0d, 0x00, 0x44
	.byte 0x01, 0x41, 0x0f, 0x00, 0xe4, 0x01, 0x1d, 0x63
	.byte 0x4a, 0xfa, 0x78, 0xfd, 0x00

; CmpSetP1 grid check return
CmpSetP1_GridCheck_Return:	; F1A78B
	lda xbc, (xsp + 20)
	ld xwa, xde
	srl xwa, 0
	ldi_werp 0xE2, 0
	ld (xbc), wa
	lda xwa, (xbc + 2)
	ld (xwa), de
	lda xde, (xsp)
	ld (xbc + 4), xde
	ld wa, (xwa)
	lda_24 xhl, 0x03da06
	dec 1, wa
	cps wa, 0
	jrl lt, WidgetHandler_PostEventAndReturnZero
	cps wa, 7
	jrl gt, WidgetHandler_PostEventAndReturnZero
	add wa, wa
	lda_24 xix, 0xe1cef0
	ld_sriw3 WA, 0x07, 0xF0, 0xE0
	lda_24 xix, 0xf1a7cb
	jp_dri 8, 0x07, 0xF0, 0xE0
; UI component dispatch table - handles cases 0-7 for grid/focus handling
; Offset table at 0xE1CEF0 selects which handler to run based on WA value
UI_COMPONENT_DISPATCH:	; F1A7CB
	ldda8 a, 13527	; Load byte from UI state
	inc 1, a	; Increment by 1
	extz wa	; Zero-extend A to WA
	pushw wa	; Push WA as parameter
	pushw 0xE1	; Push parameter
	pushw 0xCEE4	; Push parameter
	push xde	; Push XDE
	call Audio_SendCommand	; Call handler function
	lda xsp, (xsp + 10)	; Clean up stack (10 bytes)
	jrl WidgetHandler_PostEventAndReturnZero	; Jump to end
UI_COMPONENT_DISPATCH_CASE1:	; F1A7E5
	ldda8 a, 13518	; Load byte from UI state
	srl a, 7	; Shift right logical by 7
	extz wa	; Zero-extend A to WA
	sla wa, 2	; Shift left by 2 (multiply by 4)
	lda_24 xbc, 0x03d9f6                  ; Load table address
	ld_sril3 XWA, 0x07, 0xE4, 0xE0	; Load entry from table
	push xwa	; Push parameter
	ldda8 a, 13528	; Load byte from UI state
	extz wa	; Zero-extend A to WA
	sla wa, 2	; Shift left by 2 (multiply by 4)
	lda_24 xbc, 0x03da0e                  ; Load table address
	ld_sril3 XWA, 0x07, 0xE4, 0xE0	; Load entry from table
	push xwa	; Push parameter
	pushw 0xE1	; Push parameter
	pushw 0xCEE8	; Push parameter
	push xde	; Push XDE
	call Audio_SendCommand	; Call handler function
	lda xsp, (xsp + 16)	; Clean up stack (16 bytes)
	jr WidgetHandler_PostEventAndReturnZero	; Jump to end
UI_COMPONENT_DISPATCH_CASE2:	; F1A820
	ldda8 c, 13545	; Load byte from UI state
	ld xwa, 0x3D9C6	; Load table address
	jr UI_COMPONENT_DISPATCH_CASE2_COMMON	; Jump to common code
UI_COMPONENT_DISPATCH_CASE3:	; F1A82B
	ldda8 a, 13546	; Load byte from UI state
	srl a, 4	; Shift right logical by 4
	and a, 0x1	; Mask to get bit 4
	ld c, a	; Copy to C
	ld xwa, 0x3D9FE	; Load table address
UI_COMPONENT_DISPATCH_CASE2_COMMON:	; F1A83C
	extz bc	; Zero-extend C to BC
	sla bc, 2	; Shift left by 2 (multiply by 4)
	ld_sril3 XWA, 0x07, 0xE0, 0xE4	; Load entry from table
	push xwa	; Push parameter
	jr UI_COMPONENT_DISPATCH_PUSH_CALL	; Jump to push and call
UI_COMPONENT_DISPATCH_CASE4:	; F1A849
	lds wa, 6	; Load 6
	jr UI_COMPONENT_DISPATCH_CASE5_COMMON	; Jump to common code
UI_COMPONENT_DISPATCH_CASE5:	; F1A84D
	lds wa, 5	; Load 5
UI_COMPONENT_DISPATCH_CASE5_COMMON:	; F1A84F
	ldda8 c, 13546	; Load byte from UI state
	and a, 0xF	; Mask lower nibble
	jr z, UI_COMPONENT_DISPATCH_CASE5_SKIP	; Skip shift if zero
	srla c	; Shift A right by C
UI_COMPONENT_DISPATCH_CASE5_SKIP:	; F1A85A
	and c, 0x1	; Mask C to get bit 0
	extz bc	; Zero-extend C to BC
	sla bc, 2	; Shift left by 2 (multiply by 4)
	ld_sril3 XWA, 0x07, 0xEC, 0xE4	; Load entry from table
	push xwa	; Push parameter
UI_COMPONENT_DISPATCH_PUSH_CALL:	; F1A868
	push xde	; Push XDE
	call Audio_SendCommand	; Call handler function
	inc 8, xsp	; Increment stack pointer

WidgetHandler_PostEventAndReturnZero:
	cpw (xsp + 22), 0x4
	jr z, Widget_PostEvtReturnZero
	call GetFocusObject
	ld xwa, xhl
	lda xde, (xsp + 20)
	ld xbc, 0x1E0008C
	call SendEvent

Widget_PostEvtReturnZero:
	lds32 xhl, 0
	lda xsp, (xsp + 28)
	ret

CmpSetGridCheck:
	lda xsp, (xsp - 18)
	push xiz
	ld xwa, xbc
	cp xbc, 0x1E0008D
	jrl z, CmpSet_GridCheck_Dispatch
	sub xwa, 0x1C00017
	cp xwa, 0x0
	jrl lt, GridCheck_ReturnZero
	cp xwa, 0x6
	jrl gt, GridCheck_ReturnZero
	add xwa, xwa
	add xwa, 0xE1D40E
	ld wa, (xwa)
	lda_24 xix, 0xf1a8c9
	jp_dri 8, 0x07, 0xF0, 0xE0

; =============================================================================
; GridCheck_Handler0 - Grid/Check widget handler for cases 0 and 2
; Called via jump table when event code is 0x1C00017 + (0 or 2)
; Queries UI object state and sends appropriate event (0x01E40008 or 0x01E4000A)
; =============================================================================
GridCheck_Handler0:
	call GetFocusObject	; Get UI object
	ld xwa, xhl	; Save result in XWA
	ld xbc, 0x1E0008F	; Event code for query
	lds32 xde, 0	; Parameter = 0
	call SendEvent	; Query object state
	ld xde, xhl	; Result in XDE
	lda xwa, (xsp + 14)	; Get local var pointer
	ld xbc, xde	; Copy result to XBC
	srl xbc, 0	; SRL 0, XBC (clear carry)
	ldi_werp 0xE6, 0	; LD QBC, 0 (clear high bits)
	ld (xwa), bc	; Store low word
	ld (xwa + 2), de	; Store high word
	ld wa, (xwa)	; Load state value
	exts xde	; Sign extend DE
	cps wa, 2	; Check if state == 2
	jr z, GridCheck_Handler0_State2
	cps wa, 1	; Check if state == 1
	jrl nz, GridCheck_ReturnZero	; If neither, exit
	ld xwa, 0x144000D	; Widget ID
	ld xbc, 0x1E40008	; Event: grid check state 1 (case 0)
	jr GridCheck_SendEvent
GridCheck_Handler0_State2:
	ld xwa, 0x144000D	; Widget ID
	ld xbc, 0x1E4000A	; Event: grid check state 2 (case 0)
	jr GridCheck_SendEvent

; =============================================================================
; GridCheck_Handler1 - Grid/Check widget handler for cases 1 and 3
; Called via jump table when event code is 0x1C00017 + (1 or 3)
; Queries UI object state and sends appropriate event (0x01E40009 or 0x01E4000B)
; =============================================================================
GridCheck_Handler1:
	call GetFocusObject	; Get UI object
	ld xwa, xhl	; Save result in XWA
	ld xbc, 0x1E0008F	; Event code for query
	lds32 xde, 0	; Parameter = 0
	call SendEvent	; Query object state
	ld xde, xhl	; Result in XDE
	lda xwa, (xsp + 14)	; Get local var pointer
	ld xbc, xde	; Copy result to XBC
	srl xbc, 0	; SRL 0, XBC (clear carry)
	ldi_werp 0xE6, 0	; LD QBC, 0 (clear high bits)
	ld (xwa), bc	; Store low word
	ld (xwa + 2), de	; Store high word
	ld wa, (xwa)	; Load state value
	exts xde	; Sign extend DE
	cps wa, 2	; Check if state == 2
	jr z, GridCheck_Handler1_State2
	cps wa, 1	; Check if state == 1
	jr nz, GridCheck_ReturnZero	; If neither, exit
	ld xwa, 0x144000D	; Widget ID
	ld xbc, 0x1E40009	; Event: grid check state 1 (case 1)
	jr GridCheck_SendEvent
GridCheck_Handler1_State2:
	ld xwa, 0x144000D	; Widget ID
	ld xbc, 0x1E4000B	; Event: grid check state 2 (case 1)
	; Fall through to GridCheck_SendEvent

; =============================================================================
; GridCheck_SendEvent - Common epilogue for grid/check handlers
; Sends the event in XBC with widget ID in XWA
; =============================================================================
GridCheck_SendEvent:
	call MainFuncCall	; Send event
	jr GridCheck_ReturnZero	; Return to caller

; CmpSet grid check dispatch (7-entry, table 0xE1D40E)
CmpSet_GridCheck_Dispatch:	; F1A95C
	lda xbc, (xsp + 14)
	ld xwa, xde
	srl xwa, 0
	ldi_werp 0xE2, 0
	ld (xbc), wa
	lda xwa, (xbc + 2)
	ld (xwa), de
	lda xde, (xsp + 4)
	ld (xbc + 4), xde
	ld de, (xbc)
	ld bc, (xwa)
	exts xbc
	cps de, 2
	jr z, LABEL_F1A98B
	cps de, 1
	jr nz, LABEL_F1A9AA
	lds wa, 0
	ld xiz, 0x3DA4E
	jr LABEL_F1A992

LABEL_F1A98B:
	lds wa, 1
	ld xiz, 0x3D9C6

LABEL_F1A992:
	calr LABEL_F1A9C3
	extz hl
	sla hl, 2
	ld_sril3 XWA, 0x07, 0xF8, 0xEC
	push xwa
	lda xwa, (xsp + 8)
	push xwa
	call Audio_SendCommand
	inc 8, xsp

LABEL_F1A9AA:
	call GetFocusObject
	ld xwa, xhl
	lda xde, (xsp + 14)
	ld xbc, 0x1E0008C
	call SendEvent

GridCheck_ReturnZero:
	lds32 xhl, 0
	pop xiz
	lda xsp, (xsp + 18)
	ret

LABEL_F1A9C3:
	ldda8 e, 13526
	extz de
	sla de, 2
	lda_24 xhl, 0xe46312
	ld xix, 0x94860
	add_sril_rm XIX, 0x07, 0xEC, 0xE8
	sll xbc, 3
	add xbc, 0x10
	add xbc, xix
	cps a, 0
	jr nz, LABEL_F1A9F6
	ld l, (xbc + 2)
	cp l, 0x7F
	ret ule
	ldb l, 0x7F
	jr LABEL_F1AA00

LABEL_F1A9F6:
	ld l, (xbc + 5)
	cp l, 0xB
	ret ule
	ldb l, 0xB

LABEL_F1AA00:
	ret

CmpSetPageFunc:
	cp xbc, 0x1C0000C
	jr z, CmpSetPage_ReturnZero
	cp xbc, 0x1C0000B
	jr z, CmpSetPage_ReturnZero
	cp xbc, 0x1C00002
	jr z, CmpSetPage_ReturnZero
	cp xbc, 0x1C00001
	jr nz, CmpSetPage_ReturnZero
	or xde, xde
	jr nz, CmpSetPage_ReturnZero
	ld xwa, 0xB40002
	ld xbc, 0x1E0007F
	lds32 xde, 1
	call SendEvent
	ld xwa, 0xB4000E
	ld xbc, 0x1E0008E
	ld xde, 0xFFFF0002
	call SendEvent

CmpSetPage_ReturnZero:
	lds32 xhl, 0
	ret
LABEL_F1AA4B:

AcApcToggleProc:
	lda xsp, (xsp - 12)
	push xiz
	ld (xsp + 8), xde
	ld xiz, xbc
	ld (xsp + 12), xwa
	cp xiz, 0x1C0001C
	jrl z, LABEL_F1AB25
	cp xiz, 0x1C00001
	jr z, LABEL_F1AACD
	cp xiz, 0x1C00007
	jr z, LABEL_F1AA7A
	ld xwa, (xsp + 12)
	ld xbc, xiz
	ld xde, (xsp + 8)
	jr LABEL_F1AAC6

LABEL_F1AA7A:
	ld xwa, (xsp + 12)
	call GetViewInstance
	ld (xsp + 4), xhl
	ld xwa, (xsp + 12)
	ld xbc, 0x1E00053
	ld xde, (xsp + 8)
	call SendEvent
	cps hl, 0
	jr z, LABEL_F1AABE
	ld xwa, (xsp + 12)
	ld xbc, 0x1E0006C
	lds32 xde, 0
	call SendEvent
	ld xbc, (xsp + 4)
	ld xwa, (xbc + 34)
	ld de, (xwa)
	exts xde
	ld xwa, (xbc + 40)
	ld xbc, 0x1E0003B
	call ApFuncCall
	jrl EventHandler_Return

LABEL_F1AABE:
	ld xwa, (xsp + 12)
	ld xbc, xiz
	ld xde, (xsp + 8)

LABEL_F1AAC6:
	call InheritedProc
	jrl LABEL_F1ABB1

LABEL_F1AACD:
	ld xwa, (xsp + 12)
	ld xbc, xiz
	ld xde, (xsp + 8)
	call InheritedProc
	ld xwa, (xsp + 12)
	call GetViewInstance
	ld xiz, xhl
	ld xbc, (xiz + 44)
	cp xbc, 0x1
	jr z, LABEL_F1AAF8
	or xbc, xbc
	jr nz, LABEL_F1AAFD
	ld xwa, 0x28081
	jr LABEL_F1AAFD

LABEL_F1AAF8:
	ld xwa, 0x28083

LABEL_F1AAFD:
	call SndParam_LookupReadOnly
	lda xbc, (xiz + 34)
	ld xwa, (xbc)
	cps hl, 0
	jr nz, LABEL_F1AB10
	ldw (xwa), 0x0
	jr LABEL_F1AB14

LABEL_F1AB10:
	ldw (xwa), 0x1

LABEL_F1AB14:
	ld xwa, (xbc)
	ld de, (xwa)
	exts xde
	ld xwa, (xsp + 12)
	ld xbc, 0x1C0000F
	jrl LABEL_F1ABAB

LABEL_F1AB25:
	ld xwa, (xsp + 12)
	ld xbc, xiz
	ld xde, (xsp + 8)
	call InheritedProc
	ld xwa, (xsp + 12)
	call GetViewInstance
	ld xwa, (xsp + 8)
	ld xbc, (xwa)
	lda xwa, (xhl + 44)
	cp xbc, 0x28083
	jr z, LABEL_F1AB81
	cp xbc, 0x28081
	jr nz, EventHandler_Return
	ld xwa, (xwa)
	or xwa, xwa
	jr nz, EventHandler_Return
	ld xwa, 0x28081
	call SndParam_LookupReadOnly
	ld xwa, (xsp + 8)
	cpw (xwa + 4), 0x1
	jr nz, LABEL_F1AB75
	ld xwa, (xsp + 12)
	ld xbc, 0x1C0000F
	lds32 xde, 1
	jr LABEL_F1ABAB

LABEL_F1AB75:
	ld xwa, (xsp + 12)
	ld xbc, 0x1C0000F
	lds32 xde, 0
	jr LABEL_F1ABAB

LABEL_F1AB81:
	ld xwa, (xwa)
	cp xwa, 0x1
	jr nz, EventHandler_Return
	ld xwa, (xsp + 8)
	cpw (xwa + 4), 0x1
	jr nz, LABEL_F1ABA1
	ld xwa, (xsp + 12)
	ld xbc, 0x1C0000F
	lds32 xde, 1
	jr LABEL_F1ABAB

LABEL_F1ABA1:
	ld xwa, (xsp + 12)
	ld xbc, 0x1C0000F
	lds32 xde, 0

LABEL_F1ABAB:
	call SendEvent

EventHandler_Return:
	lds32 xhl, 0

LABEL_F1ABB1:
	pop xiz
	lda xsp, (xsp + 12)
	ret

ApcOnOffFunc:
	cp xbc, 0x1E0003B
	jr nz, LABEL_F1ABCB
	ld xwa, 0x28081
	lds bc, 1
	lds de, 4
	call MainLswPut

LABEL_F1ABCB:
	lds32 xhl, 0
	ret

ApcOnBasFunc:
	cp xbc, 0x1E0003B
	jr nz, LABEL_F1ABE3
	ld xwa, 0x28083
	lds bc, 1
	lds de, 4
	call MainLswPut

LABEL_F1ABE3:
	lds32 xhl, 0
	ret
LABEL_F1ABE6:

AcApcMdBoxProc:
	dec 4, xsp
	push xiz
	ld (xsp + 4), xde
	ld xiz, xwa
	cp xbc, 0x1E0004D
	jrl z, LABEL_F1ACC2
	cp xbc, 0x1C0001C
	jr z, LABEL_F1AC77
	cp xbc, 0x1C0000C
	jr z, LABEL_F1AC5C
	cp xbc, 0x1C0000B
	jr z, LABEL_F1AC5C
	cp xbc, 0x1C00002
	jr z, LABEL_F1AC3F
	cp xbc, 0x1C00001
	jrl nz, LABEL_F1AD08
	ld xwa, xiz
	ld xde, (xsp + 4)
	call InheritedProc
	ld xwa, xiz
	call GetViewInstance
	ld xwa, xiz
	ld xbc, 0x28080
	call SetLswFilter
	lds wa, 0
	jrl LABEL_F1AD00

LABEL_F1AC3F:
	ld xwa, xiz
	ld xde, (xsp + 4)
	call InheritedProc
	ld xwa, xiz
	call GetViewInstance
	ld xwa, xiz
	ld xbc, 0x28080
	call ResetLswFilter
	jrl AcS2cMem_ReturnZeroJmp

LABEL_F1AC5C:
	ld xwa, xiz
	ld xde, (xsp + 4)
	call InheritedProc
	ld xwa, xiz
	call GetViewInstance
	ld xwa, 0x28080
	call MainLswGet
	jrl AcS2cMem_ReturnZeroJmp

LABEL_F1AC77:
	ld xwa, xiz
	ld xde, (xsp + 4)
	call InheritedProc
	ld xwa, xiz
	call GetViewInstance
	ld xiy, (xsp + 4)
	ld xwa, (xiy)
	cp xwa, 0x28080
	jr nz, AcS2cMem_ReturnZeroJmp
	ld a, (xhl + 50)
	ldfr_berp A, 0xF0
	extz ix
	lda xde, (xhl + 46)
	ld xbc, (xde)
	cp ix, (xiy + 4)
	jr nz, LABEL_F1ACAB
	ldw (xbc), 0x1
	jr LABEL_F1ACAF

LABEL_F1ACAB:
	ldw (xbc), 0x0

LABEL_F1ACAF:
	ld xwa, (xde)
	ld de, (xwa)
	exts xde
	ld xwa, xiz
	ld xbc, 0x1C0000E
	call SendEvent
	jr AcS2cMem_ReturnZeroJmp

LABEL_F1ACC2:
	ld xwa, xiz
	ld xde, (xsp + 4)
	call InheritedProc
	ld xwa, (xsp + 4)
	cp xwa, 0x1
	jr nz, AcS2cMem_ReturnZeroJmp
	ld xwa, xiz
	call GetViewInstance
	ld a, (xhl + 50)
	ldfr_berp A, 0xF8
	extz iz
	ld xwa, 0x28080
	call SndParam_LookupReadOnly
	cp hl, iz
	jr z, AcS2cMem_ReturnZeroJmp
	ld xwa, 0x28080
	ld bc, iz
	lds de, 4
	call MainLswPut
	lds wa, 0

LABEL_F1AD00:
	call SetDialEnable

AcS2cMem_ReturnZeroJmp:
	lds32 xhl, 0
	jr LABEL_F1AD11

LABEL_F1AD08:
	ld xwa, xiz
	ld xde, (xsp + 4)
	call InheritedProc

LABEL_F1AD11:
	pop xiz
	inc 4, xsp
	ret
LABEL_F1AD15:

AcS2cMemNoBoxProc:
	st_dri3b L, 0xFD, 0x00, 0xFF
	push xiz
	ld xiz, xwa
	cp xbc, 0x1C0000C
	jr z, LABEL_F1AD51
	cp xbc, 0x1C0000B
	jr z, LABEL_F1AD51
	cp xbc, 0x1C00002
	jr z, LABEL_F1AD49
	cp xbc, 0x1C00001
	jr z, LABEL_F1AD45
	ld xwa, xiz
	call InheritedProc
	jr LABEL_F1AD85

LABEL_F1AD45:
	ld xwa, xiz
	jr LABEL_F1AD4B

LABEL_F1AD49:
	ld xwa, xiz

LABEL_F1AD4B:
	call InheritedProc
	jr LABEL_F1AD83

LABEL_F1AD51:
	ld xwa, xiz
	call InheritedProc
	ldda8 a, 14735
	extz wa
	sla wa, 2
	lda_24 xbc, 0xe1d41c
	ld_sril3 XWA, 0x07, 0xE4, 0xE0
	push xwa
	lda xwa, (xsp + 8)
	push xwa
	call Audio_SendCommand
	inc 8, xsp
	lda xde, (xsp + 4)
	ld xwa, xiz
	ld xbc, 0x1C0000F
	call SendEvent

LABEL_F1AD83:
	lds32 xhl, 0

LABEL_F1AD85:
	pop xiz
	st_dri3b L, 0xFD, 0x00, 0x01
	ret
LABEL_F1AD8C:

PsS2cFmeasBoxProc:
	st_dri3b L, 0xFD, 0xFC, 0xFE
	push xiz
	st_dri3l XWA, 0xFD, 0x04, 0x01
	cp xbc, 0x1C0000C
	jr z, LABEL_F1ADB2
	cp xbc, 0x1C0000B
	jr z, LABEL_F1ADB2
	ld_sril XWA, (xsp + 0x0104)
	call InheritedProc
	jr LABEL_F1AE1D

LABEL_F1ADB2:
	ld_sril XWA, (xsp + 0x0104)
	call InheritedProc
	ld_sril XWA, (xsp + 0x0104)
	call GetViewInstance
	ld xiz, xhl
	push_sd16w 0x8A, 0x39
	pushw 0xE1
	pushw 0xD584
	lda xwa, (xsp + 10)
	push xwa
	call Audio_SendCommand
	lda xsp, (xsp + 10)
	lda xbc, (xiz + 22)
	lda xwa, (xiz + 32)
	cpdi8 14967, 0
	jr nz, LABEL_F1ADF2
	ldw (xwa), 0x0
	ldw (xbc), 0xFF
	jr LABEL_F1ADFA

LABEL_F1ADF2:
	ldw (xwa), 0xFF
	ldw (xbc), 0xF5

LABEL_F1ADFA:
	ld_sril XWA, (xsp + 0x0104)
	ld xbc, 0x1C0000D
	lds32 xde, 0
	call SendEvent
	lda xde, (xsp + 4)
	ld_sril XWA, (xsp + 0x0104)
	ld xbc, 0x1C0000F
	call SendEvent
	lds32 xhl, 0

LABEL_F1AE1D:
	pop xiz
	st_dri3b L, 0xFD, 0x04, 0x01
	ret
LABEL_F1AE24:

PsS2cLmeasBoxProc:
	st_dri3b L, 0xFD, 0xFC, 0xFE
	push xiz
	st_dri3l XWA, 0xFD, 0x04, 0x01
	cp xbc, 0x1C0000C
	jr z, LABEL_F1AE4A
	cp xbc, 0x1C0000B
	jr z, LABEL_F1AE4A
	ld_sril XWA, (xsp + 0x0104)
	call InheritedProc
	jr LABEL_F1AEB5

LABEL_F1AE4A:
	ld_sril XWA, (xsp + 0x0104)
	call InheritedProc
	ld_sril XWA, (xsp + 0x0104)
	call GetViewInstance
	ld xiz, xhl
	push_sd16w 0x8C, 0x39
	pushw 0xE1
	pushw 0xD588
	lda xwa, (xsp + 10)
	push xwa
	call Audio_SendCommand
	lda xsp, (xsp + 10)
	lda xbc, (xiz + 22)
	lda xwa, (xiz + 32)
	cpdi8 14967, 1
	jr nz, LABEL_F1AE8A
	ldw (xwa), 0x0
	ldw (xbc), 0xFF
	jr LABEL_F1AE92

LABEL_F1AE8A:
	ldw (xwa), 0xFF
	ldw (xbc), 0xF5

LABEL_F1AE92:
	ld_sril XWA, (xsp + 0x0104)
	ld xbc, 0x1C0000D
	lds32 xde, 0
	call SendEvent
	lda xde, (xsp + 4)
	ld_sril XWA, (xsp + 0x0104)
	ld xbc, 0x1C0000F
	call SendEvent
	lds32 xhl, 0

LABEL_F1AEB5:
	pop xiz
	st_dri3b L, 0xFD, 0x04, 0x01
	ret
LABEL_F1AEBC:

PsSeqSongNoBoxProc:
	st_dri3b L, 0xFD, 0x00, 0xFF
	push xiz
	ld xiz, xwa
	cp xbc, 0x1C0000C
	jr z, LABEL_F1AEDC
	cp xbc, 0x1C0000B
	jr z, LABEL_F1AEDC
	ld xwa, xiz
	call InheritedProc
	jr LABEL_F1AF0D

LABEL_F1AEDC:
	ld xwa, xiz
	call InheritedProc
	ld8_24 a, 0x00ffe3
	inc 1, a
	extz wa
	pushw wa
	pushw 0xE1
	pushw 0xD58C
	lda xwa, (xsp + 10)
	push xwa
	call Audio_SendCommand
	lda xsp, (xsp + 10)
	lda xde, (xsp + 4)
	ld xwa, xiz
	ld xbc, 0x1C0000F
	call SendEvent
	lds32 xhl, 0

LABEL_F1AF0D:
	pop xiz
	st_dri3b L, 0xFD, 0x00, 0x01
	ret
LABEL_F1AF14:

PsS2cTransBoxProc:
	st_dri3b L, 0xFD, 0xFC, 0xFE
	push xiz
	st_dri3l XWA, 0xFD, 0x04, 0x01
	cp xbc, 0x1C0000C
	jr z, LABEL_F1AF3A
	cp xbc, 0x1C0000B
	jr z, LABEL_F1AF3A
	ld_sril XWA, (xsp + 0x0104)
	call InheritedProc
	jr SndArg_GridBnk_Case2

LABEL_F1AF3A:
	ld_sril XWA, (xsp + 0x0104)
	call InheritedProc
	ld_sril XWA, (xsp + 0x0104)
	call GetViewInstance
	ld xiz, xhl
	ldda8 a, 14734
	extz wa
	sla wa, 2
	lda_24 xbc, 0xe1d598
	ld_sril3 XWA, 0x07, 0xE4, 0xE0
	push xwa
	lda xwa, (xsp + 8)
	push xwa
	call Audio_SendCommand
	inc 8, xsp
	lda xwa, (xiz + 22)
	lda xbc, (xiz + 32)
	cpdi8 14967, 2
	jr nz, SndArg_GridBnk_Case0
	ldw (xbc), 0x0
	ldw (xwa), 0xFF
	jr SndArg_GridBnk_Case1

; SndArgGridBnk case 0
SndArg_GridBnk_Case0:	; F1AF83
	ldw (xbc), 0xFF
	ldw (xwa), 0xF5

; SndArgGridBnk case 1
SndArg_GridBnk_Case1:	; F1AF8B
	ld_sril XWA, (xsp + 0x0104)
	ld xbc, 0x1C0000D
	lds32 xde, 0
	call SendEvent
	lda xde, (xsp + 4)
	ld_sril XWA, (xsp + 0x0104)
	ld xbc, 0x1C0000F
	call SendEvent
	lds32 xhl, 0

; SndArgGridBnk case 2
SndArg_GridBnk_Case2:	; F1AFAE
	pop xiz
	st_dri3b L, 0xFD, 0x04, 0x01
	ret
; SndArgGridBnk case 3
SndArg_GridBnk_Case3:	; F1AFB5

S2cGridBoxProc:
	lda xsp, (xsp - 16)
	push xiz
	ld (xsp + 12), xde
	ld xiz, xbc
	ld (xsp + 16), xwa
	ld xwa, xiz
	cp xiz, 0x1E40031
	jrl z, FdcFormat_GridCheck_Case3
	cp xiz, 0x1E0008D
	jrl z, FdcFormat_GridCheck_Case2
	cp xiz, 0x1E0008B
	jrl z, FdcFormat_GridCheck_Case1
	cp xiz, 0x1E0008A
	jrl z, FdcFormat_GridCheck
	cp xiz, 0x1C00001
	jr z, FdcFormat_DialGrid
	sub xwa, 0x1C00017
	cp xwa, 0x0
	jrl lt, FdcFormat_GridCheck_Case4
	cp xwa, 0x6
	jrl gt, FdcFormat_GridCheck_Case4
	add xwa, xwa
	add xwa, 0xE1D728
	ld wa, (xwa)
	lda_24 xix, 0xf1b01b
	jp_dri 8, 0x07, 0xF0, 0xE0

; FdcFormat dial grid dispatch (7-entry, table 0xE1D728)
FdcFormat_DialGrid:	; F1B01B
	ld xwa, (xsp + 16)
	ld xbc, xiz
	ld xde, (xsp + 12)
	call InheritedProc
	ld xwa, (xsp + 16)
	call GetViewInstance
	ld (xsp + 8), xhl
	cpdi8 14967, 3
	jrl nz, FdcFormat_ReturnZeroJmp
	ld xwa, (xsp + 16)
	ld xbc, 0x1E0008F
	lds32 xde, 0
	call SendEvent
	ld (xsp + 4), xhl
	ld xwa, (xsp + 8)
	ld bc, (xwa + 26)
	ld xwa, (xsp + 4)
	srl xwa, 0
	ldi_werp 0xE2, 0
	add wa, bc
	ld de, wa
	extz xde
	ld xwa, (xsp + 16)
	ld xbc, 0x1C00017
	call SetDialUp
	ld xwa, (xsp + 8)
	ld bc, (xwa + 26)
	ld xwa, (xsp + 4)
	srl xwa, 0
	ldi_werp 0xE2, 0
	add wa, bc
	ld de, wa
	extz xde
	ld xwa, (xsp + 16)
	ld xbc, 0x1C00018
	call SetDialDown
	lds wa, 1
	jrl LABEL_F1B1EE
	ld xwa, (xsp + 16)
	ld xbc, xiz
	ld xde, (xsp + 12)
	call InheritedProc
	ld xwa, (xsp + 16)
	ld xbc, 0x1E00050
	ld xde, (xsp + 12)
	call SendEvent
	or xhl, xhl
	jr z, LABEL_F1B0E8
	ld xwa, (xsp + 16)
	ld xbc, 0x1E0008F
	lds32 xde, 0
	call SendEvent
	dec 1, hl
	extz xhl
	add xhl, 0xFFFF0000
	ld xwa, (xsp + 16)
	ld xbc, 0x1C0000E
	ld xde, xhl
	call SendEvent
	ld xwa, (xsp + 16)
	ld xbc, 0x1C00019
	ld xde, (xsp + 12)
	call SetAutoInc
	jrl FdcFormat_ReturnZeroJmp

LABEL_F1B0E8:
	ld xwa, (xsp + 16)
	ld xbc, 0x1E00091
	ld xde, (xsp + 12)
	call SendEvent
	or xhl, xhl
	jrl z, FdcFormat_ReturnZeroJmp
	ld xwa, (xsp + 16)
	call GetViewInstance
	ld xwa, (xhl + 70)
	ld xbc, xiz
	ld xde, (xsp + 12)
	call ApFuncCall
	ld xwa, (xsp + 16)
	ld xbc, 0x1C00019
	ld xde, (xsp + 12)
	call SetAutoInc
	ld xwa, (xsp + 16)
	ld xbc, 0x1C00017
	ld xde, (xsp + 12)
	call SetDialUp
	ld xwa, (xsp + 16)
	ld xbc, 0x1C00018
	ld xde, (xsp + 12)
	call SetDialDown
	lds wa, 1
	jrl LABEL_F1B1EE
	ld xwa, (xsp + 16)
	ld xbc, xiz
	ld xde, (xsp + 12)
	call InheritedProc
	ld xwa, (xsp + 16)
	ld xbc, 0x1E00050
	ld xde, (xsp + 12)
	call SendEvent
	or xhl, xhl
	jr z, LABEL_F1B198
	ld xwa, (xsp + 16)
	ld xbc, 0x1E0008F
	lds32 xde, 0
	call SendEvent
	inc 1, hl
	extz xhl
	add xhl, 0xFFFF0000
	ld xwa, (xsp + 16)
	ld xbc, 0x1C0000E
	ld xde, xhl
	call SendEvent
	ld xwa, (xsp + 16)
	ld xbc, 0x1C0001A
	ld xde, (xsp + 12)
	call SetAutoInc
	jrl FdcFormat_ReturnZeroJmp

LABEL_F1B198:
	ld xwa, (xsp + 16)
	ld xbc, 0x1E00091
	ld xde, (xsp + 12)
	call SendEvent
	or xhl, xhl
	jrl z, FdcFormat_ReturnZeroJmp
	ld xwa, (xsp + 16)
	call GetViewInstance
	ld xwa, (xhl + 70)
	ld xbc, xiz
	ld xde, (xsp + 12)
	call ApFuncCall
	ld xwa, (xsp + 16)
	ld xbc, 0x1C0001A
	ld xde, (xsp + 12)
	call SetAutoInc
	ld xwa, (xsp + 16)
	ld xbc, 0x1C00017
	ld xde, (xsp + 12)
	call SetDialUp
	ld xwa, (xsp + 16)
	ld xbc, 0x1C00018
	ld xde, (xsp + 12)
	call SetDialDown
	lds wa, 1

LABEL_F1B1EE:
	call SetDialEnable
	jr FdcFormat_ReturnZeroJmp

; FdcFormat grid check dispatch
FdcFormat_GridCheck:	; F1B1F4
	ld xwa, (xsp + 16)
	ld xiz, 0x3E
	jr LABEL_F1B206

; FdcFormat grid check case 1
FdcFormat_GridCheck_Case1:	; F1B1FE
	ld xwa, (xsp + 16)
	ld xiz, 0x42

LABEL_F1B206:
	call GetViewInstance
	add xhl, xiz
	ld xwa, (xhl)
	push xwa
	ld xwa, (xsp + 16)
	push xwa
	call Strcpy
	inc 8, xsp
	jr FdcFormat_ReturnZeroJmp

; FdcFormat grid check case 2
FdcFormat_GridCheck_Case2:	; F1B21B
	ld xwa, (xsp + 16)
	call GetViewInstance
	ld xwa, (xhl + 70)
	ld xbc, xiz
	ld xde, (xsp + 12)
	call ApFuncCall
	jr FdcFormat_ReturnZeroJmp

; FdcFormat grid check case 3
FdcFormat_GridCheck_Case3:	; F1B230
	call GetFocusObject
	ld xwa, xhl
	ld xbc, 0x1E0008F
	lds32 xde, 0
	call SendEvent
	ld (xsp + 12), xhl
	ld xwa, (xsp + 16)
	ld xbc, 0x1E0008D
	ld xde, (xsp + 12)
	call SendEvent

FdcFormat_ReturnZeroJmp:
	lds32 xhl, 0
	jr FdcFormat_GridCheck_Case5

; FdcFormat grid check case 4
FdcFormat_GridCheck_Case4:	; F1B257
	ld xwa, (xsp + 16)
	ld xbc, xiz
	ld xde, (xsp + 12)
	call InheritedProc

; FdcFormat grid check case 5
FdcFormat_GridCheck_Case5:	; F1B263
	pop xiz
	lda xsp, (xsp + 16)
	ret

S2cShowHideFunc:
	cp xbc, 0x1C0000C
	jr z, S2cShow_ReturnZero
	cp xbc, 0x1C0000B
	jr z, S2cShow_ReturnZero
	cp xbc, 0x1C00002
	jr z, S2cShow_ReturnZero
	cp xbc, 0x1C00001
	jr nz, S2cShow_ReturnZero
	or xde, xde
	jr nz, S2cShow_ReturnZero
	stdi8 14967, 3

S2cShow_ReturnZero:
	lds32 xhl, 0
	ret

S2cGridCheck:
	lda xsp, (xsp - 18)
	ld xwa, xbc
	cp xbc, 0x1E0008D
	jrl z, S2c_GridCheck_Dispatch
	sub xwa, 0x1C00017
	cp xwa, 0x0
	jrl lt, S2c_GridCheck_EventEnc
	cp xwa, 0x6
	jrl gt, S2c_GridCheck_EventEnc
	add xwa, xwa
	add xwa, 0xE1D78E
	ld wa, (xwa)
	lda_24 xix, 0xf1b2ce
	jp_dri 8, 0x07, 0xF0, 0xE0

LABEL_F1B2CE:
	.byte 0x1d, 0xd0, 0x44, 0xfa, 0xeb, 0x88, 0x41, 0x8f
	.byte 0x00, 0xe0, 0x01, 0xea, 0xa8, 0x1d, 0x60, 0x96
	.byte 0xfa, 0xeb, 0x8a, 0xbf, 0x0a, 0x30, 0xea, 0x89
	.byte 0xe9, 0xef, 0x00, 0xd7, 0xe6, 0xa8, 0xb0, 0x51
	.byte 0xb8, 0x02, 0x52, 0x90, 0x3f, 0x01, 0x00, 0x7e
	.byte 0xa4, 0x00, 0xea, 0x13, 0x40, 0x0e, 0x00, 0x44
	.byte 0x01, 0x41, 0x10, 0x00, 0xe4, 0x01, 0x68, 0x35
	.byte 0x1d, 0xd0, 0x44, 0xfa, 0xeb, 0x88, 0x41, 0x8f
	.byte 0x00, 0xe0, 0x01, 0xea, 0xa8, 0x1d, 0x60, 0x96
	.byte 0xfa, 0xeb, 0x8a, 0xbf, 0x0a, 0x30, 0xea, 0x89
	.byte 0xe9, 0xef, 0x00, 0xd7, 0xe6, 0xa8, 0xb0, 0x51
	.byte 0xb8, 0x02, 0x52, 0x90, 0x3f, 0x01, 0x00, 0x6e
	.byte 0x6d, 0xea, 0x13, 0x40, 0x0e, 0x00, 0x44, 0x01
	.byte 0x41, 0x11, 0x00, 0xe4, 0x01, 0x1d, 0x63, 0x4a
	.byte 0xfa, 0x68, 0x5b

; S2cGridCheck dispatch
S2c_GridCheck_Dispatch:	; F1B341
	lda xbc, (xsp + 10)
	ld xwa, xde
	srl xwa, 0
	ldi_werp 0xE2, 0
	ld (xbc), wa
	lda xwa, (xbc + 2)
	ld (xwa), de
	lda xde, (xsp)
	ld (xbc + 4), xde
	cpw (xbc), 0x1
	jr nz, LABEL_F1B38A
	ld wa, (xwa)
	dec 2, a
	extz wa
	sla wa, 2
	lda_24 xbc, 0xe1d736
	ld_sril3 XWA, 0x07, 0xE4, 0xE0
	ld a, (xwa)
	extz wa
	sla wa, 2
	lda_24 xbc, 0x03dc4e
	ld_sril3 XWA, 0x07, 0xE4, 0xE0
	push xwa
	push xde
	call Audio_SendCommand
	inc 8, xsp

LABEL_F1B38A:
	call GetFocusObject
	ld xwa, xhl
	lda xde, (xsp + 10)
	ld xbc, 0x1E0008C
	call SendEvent

; S2cGridCheck event encoding dispatch
S2c_GridCheck_EventEnc:	; F1B39C
	lds32 xhl, 0
	lda xsp, (xsp + 18)
	ret

CmpClrYesFunc:
	ld xwa, 0x144000C
	ld xbc, 0x1E40006
	lds32 xde, 0
	call MainFuncCall
	lds32 xhl, 0
	ret

CmpClrNoFunc:
	ld xwa, 0x144000C
	ld xbc, 0x1E40007
	lds32 xde, 0
	call MainFuncCall
	lds32 xhl, 0
	ret
LABEL_F1B3C8:

PsCmpCpFGrpBoxProc:
	st_dri3b L, 0xFD, 0xF0, 0xFE
	push xiz
	st_dri3l XDE, 0xFD, 0x0C, 0x01
	st_dri3l XWA, 0xFD, 0x10, 0x01
	cp xbc, 0x1E40004
	jr z, LABEL_F1B44F
	cp xbc, 0x1C0000C
	jr z, LABEL_F1B42E
	cp xbc, 0x1C0000B
	jr z, LABEL_F1B42E
	cp xbc, 0x1C00002
	jr z, LABEL_F1B41D
	cp xbc, 0x1C00001
	jr z, LABEL_F1B411
	ld_sril XWA, (xsp + 0x0110)
	ld_sril XDE, (xsp + 0x010c)
	call InheritedProc
	jrl LABEL_F1B4EE

LABEL_F1B411:
	ld_sril XWA, (xsp + 0x0110)
	ld_sril XDE, (xsp + 0x010c)
	jr LABEL_F1B427

LABEL_F1B41D:
	ld_sril XWA, (xsp + 0x0110)
	ld_sril XDE, (xsp + 0x010c)

LABEL_F1B427:
	call InheritedProc
	jrl LABEL_F1B4EC

LABEL_F1B42E:
	ld_sril XWA, (xsp + 0x0110)
	ld_sril XDE, (xsp + 0x010c)
	call InheritedProc
	ld xwa, 0x144000B
	ld xbc, 0x1E40002
	lds32 xde, 0
	call MainFuncCall
	jrl LABEL_F1B4EC

LABEL_F1B44F:
	ld_sril XWA, (xsp + 0x0110)
	call GetViewInstance
	ld xiz, xhl
	ld_sril XWA, (xsp + 0x010c)
	push xwa
	lda xwa, (xsp + 16)
	push xwa
	call Audio_SendCommand
	inc 8, xsp
	lda xwa, (xiz + 22)
	lda xbc, (xiz + 32)
	cpdi8 14759, 0
	jr nz, LABEL_F1B488
	cpdi8 14976, 0
	jr nz, LABEL_F1B488
	ldw (xbc), 0x0
	ldw (xwa), 0xFF
	jr LABEL_F1B490

LABEL_F1B488:
	ldw (xbc), 0xFF
	ldw (xwa), 0xF5

LABEL_F1B490:
	ld_sril XWA, (xsp + 0x0110)
	ld xbc, 0x1C0000D
	lds32 xde, 0
	call SendEvent
	lda xde, (xsp + 12)
	ld_sril XWA, (xsp + 0x0110)
	ld xbc, 0x1C0000F
	call SendEvent
	lda xwa, (xsp + 4)
	ldw (xwa), 0x8
	lda xde, (xwa + 2)
	ldw (xde), 0x3C
	ld bc, (xwa)
	add bc, 0x8C
	ld (xwa + 4), bc
	ld bc, (xde)
	add bc, 0x27
	ld (xwa + 6), bc
	cpdi8 14759, 0
	jr nz, LABEL_F1B4E1
	pushw 0xF2
	lds bc, 1
	lds de, 2
	jr LABEL_F1B4E8

LABEL_F1B4E1:
	pushw 0xF5
	lds bc, 1
	lds de, 2

LABEL_F1B4E8:
	call DrawDesignFrame

LABEL_F1B4EC:
	lds32 xhl, 0

LABEL_F1B4EE:
	pop xiz
	st_dri3b L, 0xFD, 0x10, 0x01
	ret
LABEL_F1B4F5:

PsCmpCpFVariBoxProc:
	st_dri3b L, 0xFD, 0xF0, 0xFE
	push xiz
	st_dri3l XDE, 0xFD, 0x0C, 0x01
	st_dri3l XWA, 0xFD, 0x10, 0x01
	cp xbc, 0x1E40005
	jr z, LABEL_F1B57C
	cp xbc, 0x1C0000C
	jr z, LABEL_F1B55B
	cp xbc, 0x1C0000B
	jr z, LABEL_F1B55B
	cp xbc, 0x1C00002
	jr z, LABEL_F1B54A
	cp xbc, 0x1C00001
	jr z, LABEL_F1B53E
	ld_sril XWA, (xsp + 0x0110)
	ld_sril XDE, (xsp + 0x010c)
	call InheritedProc
	jrl LABEL_F1B634

LABEL_F1B53E:
	ld_sril XWA, (xsp + 0x0110)
	ld_sril XDE, (xsp + 0x010c)
	jr LABEL_F1B554

LABEL_F1B54A:
	ld_sril XWA, (xsp + 0x0110)
	ld_sril XDE, (xsp + 0x010c)

LABEL_F1B554:
	call InheritedProc
	jrl DesignFrame_Return

LABEL_F1B55B:
	ld_sril XWA, (xsp + 0x0110)
	ld_sril XDE, (xsp + 0x010c)
	call InheritedProc
	ld xwa, 0x144000B
	ld xbc, 0x1E40003
	lds32 xde, 0
	call MainFuncCall
	jrl DesignFrame_Return

LABEL_F1B57C:
	call GetTitleNow
	cp xhl, 0x1A000EE
	jrl z, DesignFrame_Return
	ld_sril XWA, (xsp + 0x0110)
	call GetViewInstance
	ld xiz, xhl
	ld_sril XWA, (xsp + 0x010c)
	push xwa
	lda xwa, (xsp + 16)
	push xwa
	call Audio_SendCommand
	inc 8, xsp
	lda xwa, (xiz + 22)
	lda xbc, (xiz + 32)
	cpdi8 14759, 1
	jr nz, LABEL_F1B5C2
	cpdi8 14976, 0
	jr nz, LABEL_F1B5C2
	ldw (xbc), 0x0
	ldw (xwa), 0xFF
	jr LABEL_F1B5CA

LABEL_F1B5C2:
	ldw (xbc), 0xFF
	ldw (xwa), 0xF5

LABEL_F1B5CA:
	ld_sril XWA, (xsp + 0x0110)
	ld xbc, 0x1C0000D
	lds32 xde, 0
	call SendEvent
	lda xde, (xsp + 12)
	ld_sril XWA, (xsp + 0x0110)
	ld xbc, 0x1C0000F
	call SendEvent
	call GetTitleNow
	cp xhl, 0x1A000B8
	jr nz, DesignFrame_Return
	lda xwa, (xsp + 4)
	ldw (xwa), 0x8
	lda xde, (xwa + 2)
	ldw (xde), 0x64
	ld bc, (xwa)
	add bc, 0x8C
	ld (xwa + 4), bc
	ld bc, (xde)
	add bc, 0x27
	ld (xwa + 6), bc
	cpdi8 14759, 1
	jr nz, LABEL_F1B627
	pushw 0xF2
	lds bc, 1
	lds de, 2
	jr LABEL_F1B62E

LABEL_F1B627:
	pushw 0xF5
	lds bc, 1
	lds de, 2

LABEL_F1B62E:
	call DrawDesignFrame

DesignFrame_Return:
	lds32 xhl, 0

LABEL_F1B634:
	pop xiz
	st_dri3b L, 0xFD, 0x10, 0x01
	ret
LABEL_F1B63B:

PsCmpCpFPtnBoxProc:
	st_dri3b L, 0xFD, 0xF4, 0xFE
	push xiz
	st_dri3l XWA, 0xFD, 0x0C, 0x01
	cp xbc, 0x1C0000C
	jr z, LABEL_F1B685
	cp xbc, 0x1C0000B
	jr z, LABEL_F1B685
	cp xbc, 0x1C00002
	jr z, LABEL_F1B679
	cp xbc, 0x1C00001
	jr z, LABEL_F1B672
	ld_sril XWA, (xsp + 0x010c)
	call InheritedProc
	jrl LABEL_F1B73B

LABEL_F1B672:
	ld_sril XWA, (xsp + 0x010c)
	jr LABEL_F1B67E

LABEL_F1B679:
	ld_sril XWA, (xsp + 0x010c)

LABEL_F1B67E:
	call InheritedProc
	jrl LABEL_F1B739

LABEL_F1B685:
	ld_sril XWA, (xsp + 0x010c)
	call InheritedProc
	ld_sril XWA, (xsp + 0x010c)
	call GetViewInstance
	ld xiz, xhl
	ldda8 a, 13551
	extz wa
	sla wa, 2
	lda_24 xbc, 0xe1d79c
	ld_sril3 XWA, 0x07, 0xE4, 0xE0
	push xwa
	lda xwa, (xsp + 16)
	push xwa
	call Audio_SendCommand
	inc 8, xsp
	lda xwa, (xiz + 22)
	lda xbc, (xiz + 32)
	cpdi8 14759, 2
	jr nz, LABEL_F1B6D5
	cpdi8 14976, 0
	jr nz, LABEL_F1B6D5
	ldw (xbc), 0x0
	ldw (xwa), 0xFF
	jr LABEL_F1B6DD

LABEL_F1B6D5:
	ldw (xbc), 0xFF
	ldw (xwa), 0xF5

LABEL_F1B6DD:
	ld_sril XWA, (xsp + 0x010c)
	ld xbc, 0x1C0000D
	lds32 xde, 0
	call SendEvent
	lda xde, (xsp + 12)
	ld_sril XWA, (xsp + 0x010c)
	ld xbc, 0x1C0000F
	call SendEvent
	lda xwa, (xsp + 4)
	ldw (xwa), 0x8
	lda xde, (xwa + 2)
	ldw (xde), 0x8C
	ld bc, (xwa)
	add bc, 0x8C
	ld (xwa + 4), bc
	ld bc, (xde)
	add bc, 0x26
	ld (xwa + 6), bc
	cpdi8 14759, 2
	jr nz, LABEL_F1B72E
	pushw 0xF2
	lds bc, 1
	lds de, 2
	jr LABEL_F1B735

LABEL_F1B72E:
	pushw 0xF5
	lds bc, 1
	lds de, 2

LABEL_F1B735:
	call DrawDesignFrame

LABEL_F1B739:
	lds32 xhl, 0

LABEL_F1B73B:
	pop xiz
	st_dri3b L, 0xFD, 0x0C, 0x01
	ret
LABEL_F1B742:

PsCstmCpBnkBoxProc:
	st_dri3b L, 0xFD, 0x00, 0xFF
	push xiz
	ld xiz, xwa
	cp xbc, 0x1C0000C
	jr z, LABEL_F1B77E
	cp xbc, 0x1C0000B
	jr z, LABEL_F1B77E
	cp xbc, 0x1C00002
	jr z, LABEL_F1B776
	cp xbc, 0x1C00001
	jr z, LABEL_F1B772
	ld xwa, xiz
	call InheritedProc
	jr LABEL_F1B7C4

LABEL_F1B772:
	ld xwa, xiz
	jr LABEL_F1B778

LABEL_F1B776:
	ld xwa, xiz

LABEL_F1B778:
	call InheritedProc
	jr LABEL_F1B7C2

LABEL_F1B77E:
	ld xwa, xiz
	call InheritedProc
	ld xwa, xiz
	call GetViewInstance
	cp (xhl + 36), 0x0
	jr nz, LABEL_F1B796
	ldda8 a, 14774
	jr LABEL_F1B79A

LABEL_F1B796:
	ldda8 a, 14775

LABEL_F1B79A:
	extz wa
	sla wa, 2
	lda_24 xbc, 0xe1d9b8
	ld_sril3 XWA, 0x07, 0xE4, 0xE0
	push xwa
	lda xwa, (xsp + 8)
	push xwa
	call Audio_SendCommand
	inc 8, xsp
	lda xde, (xsp + 4)
	ld xwa, xiz
	ld xbc, 0x1C0000F
	call SendEvent

LABEL_F1B7C2:
	lds32 xhl, 0

LABEL_F1B7C4:
	pop xiz
	st_dri3b L, 0xFD, 0x00, 0x01
	ret
LABEL_F1B7CB:

PsCstmCpSwBoxProc:
	st_dri3b L, 0xFD, 0x00, 0xFF
	push xiz
	ld xiz, xwa
	cp xbc, 0x1C0000C
	jr z, LABEL_F1B807
	cp xbc, 0x1C0000B
	jr z, LABEL_F1B807
	cp xbc, 0x1C00002
	jr z, LABEL_F1B7FF
	cp xbc, 0x1C00001
	jr z, LABEL_F1B7FB
	ld xwa, xiz
	call InheritedProc
	jr LABEL_F1B85A

LABEL_F1B7FB:
	ld xwa, xiz
	jr LABEL_F1B801

LABEL_F1B7FF:
	ld xwa, xiz

LABEL_F1B801:
	call InheritedProc
	jr LABEL_F1B858

LABEL_F1B807:
	ld xwa, xiz
	call InheritedProc
	ld xwa, xiz
	call GetViewInstance
	lda xbc, (xsp + 4)
	cp (xhl + 36), 0x0
	jr nz, LABEL_F1B831
	ld xwa, 0xE1DB64
	cpdi8 14774, 10
	jr nc, LABEL_F1B82D
	ld xwa, 0xE1DB5C

LABEL_F1B82D:
	push xwa
	push xbc
	jr LABEL_F1B844

LABEL_F1B831:
	ld xwa, 0xE1DB74
	cpdi8 14775, 10
	jr nc, LABEL_F1B842
	ld xwa, 0xE1DB6C

LABEL_F1B842:
	push xwa
	push xbc

LABEL_F1B844:
	call Audio_SendCommand
	inc 8, xsp
	lda xde, (xsp + 4)
	ld xwa, xiz
	ld xbc, 0x1C0000F
	call SendEvent

LABEL_F1B858:
	lds32 xhl, 0

LABEL_F1B85A:
	pop xiz
	st_dri3b L, 0xFD, 0x00, 0x01
	ret
LABEL_F1B861:

PsCstmCpNameBoxProc:
	st_dri3b L, 0xFD, 0xFC, 0xFE
	push xiz
	st_dri3l XDE, 0xFD, 0x04, 0x01
	ld xiz, xwa
	cp xbc, 0x1E4002E
	jrl z, LABEL_F1B92A
	cp xbc, 0x1E4002D
	jrl z, LABEL_F1B901
	cp xbc, 0x1C0000D
	jr z, LABEL_F1B8BD
	cp xbc, 0x1C00002
	jr z, LABEL_F1B8AF
	cp xbc, 0x1C00001
	jr z, LABEL_F1B8A6
	ld xwa, xiz
	ld_sril XDE, (xsp + 0x0104)
	call InheritedProc
	jrl LABEL_F1B957

LABEL_F1B8A6:
	ld xwa, xiz
	ld_sril XDE, (xsp + 0x0104)
	jr LABEL_F1B8B6

LABEL_F1B8AF:
	ld xwa, xiz
	ld_sril XDE, (xsp + 0x0104)

LABEL_F1B8B6:
	call InheritedProc
	jrl PsCtmAtt_ReturnZero

LABEL_F1B8BD:
	cpdi8 14974, 0
	jrl nz, PsCtmAtt_ReturnZero
	ld xwa, xiz
	ld_sril XDE, (xsp + 0x0104)
	call InheritedProc
	ld xwa, xiz
	call GetViewInstance
	ld a, (xhl + 36)
	cps a, 1
	jr z, LABEL_F1B8EF
	cps a, 0
	jr nz, PsCtmAtt_ReturnZero
	ld xwa, 0x144001A
	ld xbc, 0x1E4002B
	lds32 xde, 0
	jr LABEL_F1B8FB

LABEL_F1B8EF:
	ld xwa, 0x144001A
	ld xbc, 0x1E4002C
	lds32 xde, 0

LABEL_F1B8FB:
	call MainFuncCall
	jr PsCtmAtt_ReturnZero

LABEL_F1B901:
	cpdi8 14974, 0
	jr nz, PsCtmAtt_ReturnZero
	ld xwa, xiz
	call GetViewInstance
	ld_sril XWA, (xsp + 0x0104)
	push xwa
	lda xwa, (xsp + 8)
	push xwa
	call Strcpy
	inc 8, xsp
	lda xde, (xsp + 4)
	ld xwa, xiz
	ld xbc, 0x1C0000F
	jr LABEL_F1B951

LABEL_F1B92A:
	cpdi8 14974, 0
	jr nz, PsCtmAtt_ReturnZero
	ld xwa, xiz
	call GetViewInstance
	ld_sril XWA, (xsp + 0x0104)
	push xwa
	lda xwa, (xsp + 8)
	push xwa
	call Strcpy
	inc 8, xsp
	lda xde, (xsp + 4)
	ld xwa, xiz
	ld xbc, 0x1C0000F

LABEL_F1B951:
	call SendEvent

PsCtmAtt_ReturnZero:
	lds32 xhl, 0

LABEL_F1B957:
	pop xiz
	st_dri3b L, 0xFD, 0x04, 0x01
	ret
LABEL_F1B95E:

PsCtmAttStrBoxProc:
	st_dri3b L, 0xFD, 0x00, 0xFF
	push xiz
	ld xiz, xwa
	cp xbc, 0x1C0000C
	jr z, LABEL_F1B99A
	cp xbc, 0x1C0000B
	jr z, LABEL_F1B99A
	cp xbc, 0x1C00002
	jr z, LABEL_F1B992
	cp xbc, 0x1C00001
	jr z, LABEL_F1B98E
	ld xwa, xiz
	call InheritedProc
	jr LABEL_F1B9C0

LABEL_F1B98E:
	ld xwa, xiz
	jr LABEL_F1B994

LABEL_F1B992:
	ld xwa, xiz

LABEL_F1B994:
	call InheritedProc
	jr LABEL_F1B9BE

LABEL_F1B99A:
	ld xwa, xiz
	call InheritedProc
	pushw 0x0
	pushw 0x3A4F
	lda xwa, (xsp + 8)
	push xwa
	call Audio_SendCommand
	inc 8, xsp
	lda xde, (xsp + 4)
	ld xwa, xiz
	ld xbc, 0x1C0000F
	call SendEvent

LABEL_F1B9BE:
	lds32 xhl, 0

LABEL_F1B9C0:
	pop xiz
	st_dri3b L, 0xFD, 0x00, 0x01
	ret
LABEL_F1B9C7:

AcMemNoBoxProc:
	st_dri3b L, 0xFD, 0xF4, 0xFE
	push xiz
	st_dri3l XWA, 0xFD, 0x0C, 0x01
	cp xbc, 0x1C0000C
	jr z, LABEL_F1BA11
	cp xbc, 0x1C0000B
	jr z, LABEL_F1BA11
	cp xbc, 0x1C00002
	jr z, LABEL_F1BA05
	cp xbc, 0x1C00001
	jr z, LABEL_F1B9FE
	ld_sril XWA, (xsp + 0x010c)
	call InheritedProc
	jrl LABEL_F1BAD3

LABEL_F1B9FE:
	ld_sril XWA, (xsp + 0x010c)
	jr LABEL_F1BA0A

LABEL_F1BA05:
	ld_sril XWA, (xsp + 0x010c)

LABEL_F1BA0A:
	call InheritedProc
	jrl LABEL_F1BAD1

LABEL_F1BA11:
	ld_sril XWA, (xsp + 0x010c)
	call InheritedProc
	ld_sril XWA, (xsp + 0x010c)
	call GetViewInstance
	ld xiz, xhl
	ldda8 a, 13526
	extz wa
	sla wa, 2
	lda_24 xbc, 0xe1db7c
	ld_sril3 XWA, 0x07, 0xE4, 0xE0
	push xwa
	lda xwa, (xsp + 16)
	push xwa
	call Audio_SendCommand
	inc 8, xsp
	lda xwa, (xiz + 22)
	lda xbc, (xiz + 32)
	cpdi8 14760, 1
	jr nz, LABEL_F1BA61
	cpdi8 14976, 1
	jr nz, LABEL_F1BA61
	ldw (xbc), 0x0
	ldw (xwa), 0xFF
	jr LABEL_F1BA69

LABEL_F1BA61:
	ldw (xbc), 0xFF
	ldw (xwa), 0xF5

LABEL_F1BA69:
	ld_sril XWA, (xsp + 0x010c)
	ld xbc, 0x1C0000D
	lds32 xde, 0
	call SendEvent
	lda xde, (xsp + 12)
	ld_sril XWA, (xsp + 0x010c)
	ld xbc, 0x1C0000F
	call SendEvent
	call GetTitleNow
	cp xhl, 0x1A000B8
	jr nz, LABEL_F1BAD1
	lda xwa, (xsp + 4)
	ldw (xwa), 0xC5
	lda xde, (xwa + 2)
	ldw (xde), 0x64
	ld bc, (xwa)
	add bc, 0x58
	ld (xwa + 4), bc
	ld bc, (xde)
	add bc, 0x2E
	ld (xwa + 6), bc
	cpdi8 14760, 1
	jr nz, LABEL_F1BAC6
	pushw 0xF2
	lds bc, 1
	lds de, 2
	jr LABEL_F1BACD

LABEL_F1BAC6:
	pushw 0xF5
	lds bc, 1
	lds de, 2

LABEL_F1BACD:
	call DrawDesignFrame

LABEL_F1BAD1:
	lds32 xhl, 0

LABEL_F1BAD3:
	pop xiz
	st_dri3b L, 0xFD, 0x0C, 0x01
	ret
LABEL_F1BADA:

AcCmpRecBoxProc:
	st_dri3b L, 0xFD, 0xE8, 0xFE
	push xiz
	st_dri3l XDE, 0xFD, 0x10, 0x01
	st_dri3l XBC, 0xFD, 0x14, 0x01
	st_dri3l XWA, 0xFD, 0x18, 0x01
	ld_sril XWA, (xsp + 0x0114)
	cp xwa, 0x1C0000C
	jr z, LABEL_F1BB51
	cp xwa, 0x1C0000B
	jr z, LABEL_F1BB51
	cp xwa, 0x1C00002
	jr z, LABEL_F1BB3B
	cp xwa, 0x1C00001
	jr z, LABEL_F1BB2A
	ld_sril XWA, (xsp + 0x0118)
	ld_sril XBC, (xsp + 0x0114)
	ld_sril XDE, (xsp + 0x0110)
	call InheritedProc
	jrl LABEL_F1BBE5

LABEL_F1BB2A:
	ld_sril XWA, (xsp + 0x0118)
	ld_sril XBC, (xsp + 0x0114)
	ld_sril XDE, (xsp + 0x0110)
	jr LABEL_F1BB4A

LABEL_F1BB3B:
	ld_sril XWA, (xsp + 0x0118)
	ld_sril XBC, (xsp + 0x0114)
	ld_sril XDE, (xsp + 0x0110)

LABEL_F1BB4A:
	call InheritedProc
	jrl LABEL_F1BBE3

LABEL_F1BB51:
	ld_sril XWA, (xsp + 0x0118)
	call GetViewInstance
	ld xiz, xhl
	ld (xsp + 4), xiz
	ld_sril XWA, (xsp + 0x0118)
	call GetViewInstance
	ld (xsp + 12), xhl
	ld xwa, (xsp + 12)
	ld (xsp + 8), xwa
	ld e, (xiz + 36)
	ldda8 a, 14235
	and a, e
	lda_24 xhl, 0xe1dd08
	lda xbc, (xsp + 16)
	cp a, e
	jr nz, LABEL_F1BB9B
	ld xwa, (xhl + 4)
	push xwa
	push xbc
	call Audio_SendCommand
	inc 8, xsp
	ld xwa, (xsp + 12)
	ldw (xwa + 22), 0xF2
	jr LABEL_F1BBBF

LABEL_F1BB9B:
	ld xwa, (xsp + 4)
	ld e, (xwa + 37)
	ldda8 a, 13553
	and a, e
	cp a, e
	jr nz, LABEL_F1BBAD
	inc 8, xhl

LABEL_F1BBAD:
	ld xwa, (xhl)
	push xwa
	push xbc
	call Audio_SendCommand
	inc 8, xsp
	ld xwa, (xsp + 8)
	ldw (xwa + 22), 0xF5

LABEL_F1BBBF:
	ld_sril XWA, (xsp + 0x0118)
	ld_sril XBC, (xsp + 0x0114)
	ld_sril XDE, (xsp + 0x0110)
	call InheritedProc
	lda xde, (xsp + 16)
	ld_sril XWA, (xsp + 0x0118)
	ld xbc, 0x1C0000F
	call SendEvent

LABEL_F1BBE3:
	lds32 xhl, 0

LABEL_F1BBE5:
	pop xiz
	st_dri3b L, 0xFD, 0x18, 0x01
	ret
LABEL_F1BBEC:

PsCmpQtzBoxProc:
	st_dri3b L, 0xFD, 0x00, 0xFF
	push xiz
	ld xiz, xwa
	cp xbc, 0x1C0000C
	jr z, LABEL_F1BC28
	cp xbc, 0x1C0000B
	jr z, LABEL_F1BC28
	cp xbc, 0x1C00002
	jr z, LABEL_F1BC20
	cp xbc, 0x1C00001
	jr z, LABEL_F1BC1C
	ld xwa, xiz
	call InheritedProc
	jr LABEL_F1BC62

LABEL_F1BC1C:
	ld xwa, xiz
	jr LABEL_F1BC22

LABEL_F1BC20:
	ld xwa, xiz

LABEL_F1BC22:
	call InheritedProc
	jr LABEL_F1BC60

LABEL_F1BC28:
	ld xwa, xiz
	call InheritedProc
	ld xwa, xiz
	call GetViewInstance
	ldda8 a, 13531
	extz wa
	sla wa, 2
	lda_24 xbc, 0xe1dd26
	ld_sril3 XWA, 0x07, 0xE4, 0xE0
	push xwa
	lda xwa, (xsp + 8)
	push xwa
	call Audio_SendCommand
	inc 8, xsp
	lda xde, (xsp + 4)
	ld xwa, xiz
	ld xbc, 0x1C0000F
	call SendEvent

LABEL_F1BC60:
	lds32 xhl, 0

LABEL_F1BC62:
	pop xiz
	st_dri3b L, 0xFD, 0x00, 0x01
	ret
LABEL_F1BC69:

PsCmpMeasBoxProc:
	st_dri3b L, 0xFD, 0xF8, 0xFE
	push xiz
	st_dri3l XDE, 0xFD, 0x04, 0x01
	ld xiz, xbc
	st_dri3l XWA, 0xFD, 0x08, 0x01
	cp xiz, 0x1C0000C
	jr z, LABEL_F1BCCD
	cp xiz, 0x1C0000B
	jr z, LABEL_F1BCCD
	cp xiz, 0x1C00002
	jr z, LABEL_F1BCBB
	cp xiz, 0x1C00001
	jr z, LABEL_F1BCAD
	ld_sril XWA, (xsp + 0x0108)
	ld xbc, xiz
	ld_sril XDE, (xsp + 0x0104)
	call InheritedProc
	jr LABEL_F1BD1F

LABEL_F1BCAD:
	ld_sril XWA, (xsp + 0x0108)
	ld xbc, xiz
	ld_sril XDE, (xsp + 0x0104)
	jr LABEL_F1BCC7

LABEL_F1BCBB:
	ld_sril XWA, (xsp + 0x0108)
	ld xbc, xiz
	ld_sril XDE, (xsp + 0x0104)

LABEL_F1BCC7:
	call InheritedProc
	jr LABEL_F1BD1D

LABEL_F1BCCD:
	call GetTitleNow
	cp xhl, 0x1A000B5
	jr nz, LABEL_F1BD1D
	ld_sril XWA, (xsp + 0x0108)
	ld xbc, xiz
	ld_sril XDE, (xsp + 0x0104)
	call InheritedProc
	ld_sril XWA, (xsp + 0x0108)
	call GetViewInstance
	ldda8 a, 13532
	inc 1, a
	extz wa
	pushw wa
	pushw 0xE1
	pushw 0xDD7A
	lda xwa, (xsp + 10)
	push xwa
	call Audio_SendCommand
	lda xsp, (xsp + 10)
	lda xde, (xsp + 4)
	ld_sril XWA, (xsp + 0x0108)
	ld xbc, 0x1C0000F
	call SendEvent

LABEL_F1BD1D:
	lds32 xhl, 0

LABEL_F1BD1F:
	pop xiz
	st_dri3b L, 0xFD, 0x08, 0x01
	ret
LABEL_F1BD26:

PsCmpMemBoxProc:
	st_dri3b L, 0xFD, 0xF8, 0xFE
	push xiz
	st_dri3l XDE, 0xFD, 0x04, 0x01
	ld xiz, xbc
	st_dri3l XWA, 0xFD, 0x08, 0x01
	cp xiz, 0x1C0000C
	jr z, LABEL_F1BD8A
	cp xiz, 0x1C0000B
	jr z, LABEL_F1BD8A
	cp xiz, 0x1C00002
	jr z, LABEL_F1BD78
	cp xiz, 0x1C00001
	jr z, LABEL_F1BD6A
	ld_sril XWA, (xsp + 0x0108)
	ld xbc, xiz
	ld_sril XDE, (xsp + 0x0104)
	call InheritedProc
	jr LABEL_F1BDDA

LABEL_F1BD6A:
	ld_sril XWA, (xsp + 0x0108)
	ld xbc, xiz
	ld_sril XDE, (xsp + 0x0104)
	jr LABEL_F1BD84

LABEL_F1BD78:
	ld_sril XWA, (xsp + 0x0108)
	ld xbc, xiz
	ld_sril XDE, (xsp + 0x0104)

LABEL_F1BD84:
	call InheritedProc
	jr LABEL_F1BDD8

LABEL_F1BD8A:
	call GetTitleNow
	cp xhl, 0x1A000B5
	jr nz, LABEL_F1BDD8
	ld_sril XWA, (xsp + 0x0108)
	ld xbc, xiz
	ld_sril XDE, (xsp + 0x0104)
	call InheritedProc
	ld_sril XWA, (xsp + 0x0108)
	call GetViewInstance
	ldda8 a, 14763
	extz wa
	pushw wa
	pushw 0xE1
	pushw 0xDD7E
	lda xwa, (xsp + 10)
	push xwa
	call Audio_SendCommand
	lda xsp, (xsp + 10)
	lda xde, (xsp + 4)
	ld_sril XWA, (xsp + 0x0108)
	ld xbc, 0x1C0000F
	call SendEvent

LABEL_F1BDD8:
	lds32 xhl, 0

LABEL_F1BDDA:
	pop xiz
	st_dri3b L, 0xFD, 0x08, 0x01
	ret
LABEL_F1BDE1:

AcCmpTempoBoxProc:
	st_dri3b L, 0xFD, 0xFC, 0xFE
	push xiz
	ld xiz, xde
	st_dri3l XWA, 0xFD, 0x04, 0x01
	cp xbc, 0x1C0001C
	jr z, LABEL_F1BE66
	cp xbc, 0x1C0000C
	jr z, LABEL_F1BE53
	cp xbc, 0x1C0000B
	jr z, LABEL_F1BE53
	cp xbc, 0x1C00002
	jr z, LABEL_F1BE3B
	cp xbc, 0x1C00001
	jr z, LABEL_F1BE23
	ld_sril XWA, (xsp + 0x0104)
	ld xde, xiz
	call InheritedProc
	jr LABEL_F1BEA2

LABEL_F1BE23:
	ld_sril XWA, (xsp + 0x0104)
	ld xde, xiz
	call InheritedProc
	ld_sril XWA, (xsp + 0x0104)
	lds32 xbc, 4
	call SetLswFilter
	jr CmpFunc_Return

LABEL_F1BE3B:
	ld_sril XWA, (xsp + 0x0104)
	ld xde, xiz
	call InheritedProc
	ld_sril XWA, (xsp + 0x0104)
	lds32 xbc, 4
	call ResetLswFilter
	jr CmpFunc_Return

LABEL_F1BE53:
	ld_sril XWA, (xsp + 0x0104)
	ld xde, xiz
	call InheritedProc
	lds32 xwa, 4
	call MainLswGet
	jr CmpFunc_Return

LABEL_F1BE66:
	ld_sril XWA, (xsp + 0x0104)
	ld xde, xiz
	call InheritedProc
	ld xwa, (xiz)
	cp xwa, 0x4
	jr nz, CmpFunc_Return
	pushm (xiz + 4)
	pushw 0xE1
	pushw 0xDD82
	lda xwa, (xsp + 10)
	push xwa
	call Audio_SendCommand
	lda xsp, (xsp + 10)
	lda xde, (xsp + 4)
	ld_sril XWA, (xsp + 0x0104)
	ld xbc, 0x1C0000F
	call SendEvent

CmpFunc_Return:
	lds32 xhl, 0

LABEL_F1BEA2:
	pop xiz
	st_dri3b L, 0xFD, 0x04, 0x01
	ret

CmpNamingCheck:
	push xiz
	ld xiz, xwa
	cp xbc, 0x1E0007C
	jr z, LABEL_F1BEF3
	cp xbc, 0x1E00084
	jr z, LABEL_F1BEEF
	cp xbc, 0x1E0003A
	jr nz, LABEL_F1BEEF
	pushw 0x0
	pushw 0x34BC
	push xde
	call Strcpy
	pushw 0xD
	pushw 0x0
	pushw 0x34BC
	pushw 0x2
	pushw 0xC54
	call Strncpy
	lda xsp, (xsp + 18)
	sti8_24 0x020c61, 0x00
	ld xhl, xiz
	jr LABEL_F1BEF8

LABEL_F1BEEF:
	lds32 xhl, 0
	jr LABEL_F1BEF8

LABEL_F1BEF3:
	ld xhl, 0xD

LABEL_F1BEF8:
	pop xiz
	ret

CmpNameOkFunc:
	cp xbc, 0x1C00007
	jr nz, LABEL_F1BF29
	call GetNamingWindowID
	ld xwa, xhl
	ld xbc, 0x1E0003A
	ld xde, 0x20C62
	call SendEvent
	ld xwa, 0x144000A
	ld xbc, 0x1E40000
	ld xde, 0x20C62
	call MainFuncCall

LABEL_F1BF29:
	lds32 xhl, 0
	ret
LABEL_F1BF2C:

PsNameMemBoxProc:
	st_dri3b L, 0xFD, 0xF4, 0xFE
	push xiz
	st_dri3l XWA, 0xFD, 0x0C, 0x01
	cp xbc, 0x1C0000C
	jr z, LABEL_F1BF76
	cp xbc, 0x1C0000B
	jr z, LABEL_F1BF76
	cp xbc, 0x1C00002
	jr z, LABEL_F1BF6A
	cp xbc, 0x1C00001
	jr z, LABEL_F1BF63
	ld_sril XWA, (xsp + 0x010c)
	call InheritedProc
	jrl EasyCmp_TtlCase3

LABEL_F1BF63:
	ld_sril XWA, (xsp + 0x010c)
	jr LABEL_F1BF6F

LABEL_F1BF6A:
	ld_sril XWA, (xsp + 0x010c)

LABEL_F1BF6F:
	call InheritedProc
	jrl EasyCmp_TtlCase2

LABEL_F1BF76:
	ld_sril XWA, (xsp + 0x010c)
	call InheritedProc
	ld_sril XWA, (xsp + 0x010c)
	call GetViewInstance
	ld xiz, xhl
	ldda8 a, 13526
	extz wa
	sla wa, 2
	lda_24 xbc, 0xe1dd86
	ld_sril3 XWA, 0x07, 0xE4, 0xE0
	push xwa
	lda xwa, (xsp + 8)
	push xwa
	call Audio_SendCommand
	inc 8, xsp
	lda xwa, (xiz + 22)
	lda xbc, (xiz + 32)
	cpdi8 14760, 0
	jr nz, LABEL_F1BFC6
	cpdi8 14976, 1
	jr nz, LABEL_F1BFC6
	ldw (xbc), 0x0
	ldw (xwa), 0xFF
	jr LABEL_F1BFCE

LABEL_F1BFC6:
	ldw (xbc), 0xFF
	ldw (xwa), 0xF5

LABEL_F1BFCE:
	ld_sril XWA, (xsp + 0x010c)
	ld xbc, 0x1C0000D
	lds32 xde, 0
	call SendEvent
	lda xde, (xsp + 4)
	ld_sril XWA, (xsp + 0x010c)
	ld xbc, 0x1C0000F
	call SendEvent
	call GetTitleNow
	cp xhl, 0x1A000B8
	jr nz, EasyCmp_TtlCase2
	st_dri3b W, 0xFD, 0x04, 0x01
	ldw (xwa), 0xC5
	lda xde, (xwa + 2)
	ldw (xde), 0x3C
	ld bc, (xwa)
	add bc, 0x58
	ld (xwa + 4), bc
	ld bc, (xde)
	add bc, 0x26
	ld (xwa + 6), bc
	cpdi8 14760, 0
	jr nz, EasyCmp_TtlDispatch
	pushw 0xF2
	lds bc, 1
	lds de, 2
	jr EasyCmp_TtlCase1

; EasyCmp title dispatch
EasyCmp_TtlDispatch:	; F1C02D
	pushw 0xF5
	lds bc, 1
	lds de, 2

; EasyCmp title case 1
EasyCmp_TtlCase1:	; F1C034
	call DrawDesignFrame

; EasyCmp title case 2
EasyCmp_TtlCase2:	; F1C038
	lds32 xhl, 0

; EasyCmp title case 3
EasyCmp_TtlCase3:	; F1C03A
	pop xiz
	st_dri3b L, 0xFD, 0x0C, 0x01
	ret
; EasyCmp title default
EasyCmp_TtlDefault:	; F1C041

AcEasyCmpGridBoxProc:
	lda xsp, (xsp - 16)
	push xiz
	ld (xsp + 12), xde
	ld (xsp + 16), xbc
	ld xiz, xwa
	ld xbc, (xsp + 16)
	cp xbc, 0x1E0008D
	jrl z, EasyCmp_GridCheck_Case3
	ld xwa, (xsp + 16)
	cp xwa, 0x1E0008B
	jrl z, EasyCmp_GridCheck_Case1
	cp xwa, 0x1E0008A
	jrl z, EasyCmp_GridCheck
	cp xwa, 0x1C00001
	jr z, EasyCmp_DialGrid
	sub xbc, 0x1C00017
	cp xbc, 0x0
	jrl lt, EasyCmp_GridCheck_Case4
	cp xbc, 0x6
	jrl gt, EasyCmp_GridCheck_Case4
	add xbc, xbc
	add xbc, 0xE1DE4C
	ld bc, (xbc)
	lda_24 xix, 0xf1c0a2
	jp_dri 8, 0x07, 0xF0, 0xE4

; EasyCmp dial grid dispatch (7-entry, table 0xE1DE4C)
EasyCmp_DialGrid:	; F1C0A2
	ld xwa, xiz
	ld xbc, (xsp + 16)
	ld xde, (xsp + 12)
	call InheritedProc
	ld xwa, xiz
	call GetViewInstance
	ld (xsp + 8), xhl
	ld xwa, xiz
	ld xbc, 0x1E0008F
	lds32 xde, 0
	call SendEvent
	ld (xsp + 4), xhl
	ld xwa, (xsp + 8)
	ld bc, (xwa + 26)
	ld xwa, (xsp + 4)
	srl xwa, 0
	ldi_werp 0xE2, 0
	add wa, bc
	ld de, wa
	extz xde
	ld xwa, xiz
	ld xbc, 0x1C00017
	call SetDialUp
	ld xwa, (xsp + 8)
	ld bc, (xwa + 26)
	ld xwa, (xsp + 4)
	srl xwa, 0
	ldi_werp 0xE2, 0
	add wa, bc
	ld de, wa
	extz xde
	ld xwa, xiz
	ld xbc, 0x1C00018
	call SetDialDown
	lds wa, 1
	jrl LABEL_F1C250
	ld xwa, xiz
	ld xbc, (xsp + 16)
	ld xde, (xsp + 12)
	call InheritedProc
	ld xwa, xiz
	ld xbc, 0x1E00050
	ld xde, (xsp + 12)
	call SendEvent
	or xhl, xhl
	jr z, LABEL_F1C15D
	ld xwa, xiz
	ld xbc, 0x1E0008F
	lds32 xde, 0
	call SendEvent
	dec 1, hl
	extz xhl
	add xhl, 0xFFFF0000
	ld xwa, xiz
	ld xbc, 0x1C0000E
	ld xde, xhl
	call SendEvent
	ld xwa, xiz
	ld xbc, (xsp + 16)
	ld xde, (xsp + 12)
	call SetAutoInc
	jrl EasyCmp_ReturnZeroJmp

LABEL_F1C15D:
	ld xwa, xiz
	ld xbc, 0x1E00091
	ld xde, (xsp + 12)
	call SendEvent
	or xhl, xhl
	jrl z, EasyCmp_ReturnZeroJmp
	ld xwa, xiz
	call GetViewInstance
	ld xwa, (xhl + 70)
	ld xbc, (xsp + 16)
	ld xde, (xsp + 12)
	call ApFuncCall
	ld xwa, xiz
	ld xbc, (xsp + 16)
	ld xde, (xsp + 12)
	call SetAutoInc
	ld xwa, xiz
	ld xbc, 0x1C00017
	ld xde, (xsp + 12)
	call SetDialUp
	ld xwa, xiz
	ld xbc, 0x1C00018
	ld xde, (xsp + 12)
	call SetDialDown
	lds wa, 1
	jrl LABEL_F1C250
	ld xwa, xiz
	ld xbc, (xsp + 16)
	ld xde, (xsp + 12)
	call InheritedProc
	ld xwa, xiz
	ld xbc, 0x1E00050
	ld xde, (xsp + 12)
	call SendEvent
	or xhl, xhl
	jr z, LABEL_F1C201
	ld xwa, xiz
	ld xbc, 0x1E0008F
	lds32 xde, 0
	call SendEvent
	inc 1, hl
	extz xhl
	add xhl, 0xFFFF0000
	ld xwa, xiz
	ld xbc, 0x1C0000E
	ld xde, xhl
	call SendEvent
	ld xwa, xiz
	ld xbc, (xsp + 16)
	ld xde, (xsp + 12)
	call SetAutoInc
	jrl EasyCmp_ReturnZeroJmp

LABEL_F1C201:
	ld xwa, xiz
	ld xbc, 0x1E00091
	ld xde, (xsp + 12)
	call SendEvent
	or xhl, xhl
	jr z, EasyCmp_ReturnZeroJmp
	ld xwa, xiz
	call GetViewInstance
	ld xwa, (xhl + 70)
	ld xbc, (xsp + 16)
	ld xde, (xsp + 12)
	call ApFuncCall
	ld xwa, xiz
	ld xbc, (xsp + 16)
	ld xde, (xsp + 12)
	call SetAutoInc
	ld xwa, xiz
	ld xbc, 0x1C00017
	ld xde, (xsp + 12)
	call SetDialUp
	ld xwa, xiz
	ld xbc, 0x1C00018
	ld xde, (xsp + 12)
	call SetDialDown
	lds wa, 1

LABEL_F1C250:
	call SetDialEnable
	jr EasyCmp_ReturnZeroJmp

; EasyCmpGridCheck dispatch
EasyCmp_GridCheck:	; F1C256
	ld xwa, xiz
	ld xiz, 0x3E
	jr EasyCmp_GridCheck_Case2

; EasyCmpGridCheck case 1
EasyCmp_GridCheck_Case1:	; F1C25F
	ld xwa, xiz
	ld xiz, 0x42

; EasyCmpGridCheck case 2
EasyCmp_GridCheck_Case2:	; F1C266
	call GetViewInstance
	add xhl, xiz
	ld xwa, (xhl)
	push xwa
	ld xwa, (xsp + 16)
	push xwa
	call Strcpy
	inc 8, xsp
	jr EasyCmp_ReturnZeroJmp

; EasyCmpGridCheck case 3
EasyCmp_GridCheck_Case3:	; F1C27B
	ld xwa, xiz
	call GetViewInstance
	ld xwa, (xhl + 70)
	ld xbc, (xsp + 16)
	ld xde, (xsp + 12)
	call ApFuncCall

EasyCmp_ReturnZeroJmp:
	lds32 xhl, 0
	jr EasyCmp_GridCheck_Case5

; EasyCmpGridCheck case 4
EasyCmp_GridCheck_Case4:	; F1C292
	ld xwa, xiz
	ld xbc, (xsp + 16)
	ld xde, (xsp + 12)
	call InheritedProc

; EasyCmpGridCheck case 5
EasyCmp_GridCheck_Case5:	; F1C29E
	pop xiz
	lda xsp, (xsp + 16)
	ret

EasyCmpGridCheck:
	lda xsp, (xsp - 28)
	ld xwa, xbc
	cp xbc, 0x1E0008D
	jrl z, EasyCmp_GridCheck_EventEnc
	sub xwa, 0x1C00017
	cp xwa, 0x0
	jrl lt, EasyCmp_GridCheck_EventCase4
	cp xwa, 0x6
	jrl gt, EasyCmp_GridCheck_EventCase4
	add xwa, xwa
	add xwa, 0xE1DF16
	ld wa, (xwa)
	lda_24 xix, 0xf1c2dd
	jp_dri 8, 0x07, 0xF0, 0xE0

LABEL_F1C2DD:
	.byte 0x1d, 0xd0, 0x44, 0xfa, 0xeb, 0x88, 0x41, 0x8f
	.byte 0x00, 0xe0, 0x01, 0xea, 0xa8, 0x1d, 0x60, 0x96
	.byte 0xfa, 0xeb, 0x8a, 0xbf, 0x14, 0x30, 0xea, 0x89
	.byte 0xe9, 0xef, 0x00, 0xd7, 0xe6, 0xa8, 0xb0, 0x51
	.byte 0xb8, 0x02, 0x52, 0x90, 0x20, 0xea, 0x13, 0xd8
	.byte 0xda, 0x66, 0x11, 0xd8, 0xd9, 0x7e, 0xe8, 0x00
	.byte 0x40, 0x18, 0x00, 0x44, 0x01, 0x41, 0x27, 0x00
	.byte 0xe4, 0x01, 0x68, 0x52, 0x40, 0x18, 0x00, 0x44
	.byte 0x01, 0x41, 0x29, 0x00, 0xe4, 0x01, 0x68, 0x46
	.byte 0x1d, 0xd0, 0x44, 0xfa, 0xeb, 0x88, 0x41, 0x8f
	.byte 0x00, 0xe0, 0x01, 0xea, 0xa8, 0x1d, 0x60, 0x96
	.byte 0xfa, 0xeb, 0x8a, 0xbf, 0x14, 0x30, 0xea, 0x89
	.byte 0xe9, 0xef, 0x00, 0xd7, 0xe6, 0xa8, 0xb0, 0x51
	.byte 0xb8, 0x02, 0x52, 0x90, 0x20, 0xea, 0x13, 0xd8
	.byte 0xda, 0x66, 0x11, 0xd8, 0xd9, 0x7e, 0xa0, 0x00
	.byte 0x40, 0x18, 0x00, 0x44, 0x01, 0x41, 0x28, 0x00
	.byte 0xe4, 0x01, 0x68, 0x0a, 0x40, 0x18, 0x00, 0x44
	.byte 0x01, 0x41, 0x2a, 0x00, 0xe4, 0x01, 0x1d, 0x63
	.byte 0x4a, 0xfa, 0x78, 0x83, 0x00

; EasyCmpGridCheck event encoding dispatch
EasyCmp_GridCheck_EventEnc:	; F1C372
	lda xbc, (xsp + 20)
	ld xwa, xde
	srl xwa, 0
	ldi_werp 0xE2, 0
	ld (xbc), wa
	lda xwa, (xbc + 2)
	ld (xwa), de
	lda xde, (xsp)
	ld (xbc + 4), xde
	ld bc, (xbc)
	ld wa, (xwa)
	dec 2, a
	extz wa
	cps bc, 2
	jr z, LABEL_F1C3B5
	cps bc, 1
	jr nz, EasyCmp_GridCheck_EventCase3
	ldada xbc, 14251
	extz xwa
	add xwa, xbc
	ld a, (xwa)
	extz wa
	sla wa, 2
	lda_24 xbc, 0x03dc92
	ld_sril3 XWA, 0x07, 0xE4, 0xE0
	push xwa
	jr EasyCmp_GridCheck_EventCase1

LABEL_F1C3B5:
	ldada xbc, 14258
	extz xwa
	add xwa, xbc
	ld a, (xwa)
	cps a, 0
	jr nz, EasyCmp_GridCheck_EventCase2
	ld xwa, 0xE1DF0E
	push xwa

; EasyCmpGridCheck event case 1
EasyCmp_GridCheck_EventCase1:	; F1C3C9
	push xde
	call Audio_SendCommand
	inc 8, xsp
	jr EasyCmp_GridCheck_EventCase3

; EasyCmpGridCheck event case 2
EasyCmp_GridCheck_EventCase2:	; F1C3D2
	extz wa
	pushw wa
	pushw 0xE1
	pushw 0xDF12
	push xde
	call Audio_SendCommand
	lda xsp, (xsp + 10)

; EasyCmpGridCheck event case 3
EasyCmp_GridCheck_EventCase3:	; F1C3E3
	call GetFocusObject
	ld xwa, xhl
	lda xde, (xsp + 20)
	ld xbc, 0x1E0008C
	call SendEvent

; EasyCmpGridCheck event case 4
EasyCmp_GridCheck_EventCase4:	; F1C3F5
	lds32 xhl, 0
	lda xsp, (xsp + 28)
	ret

MspNameBnkFunc:
	lda xsp, (xsp - 16)
	push xiz
	ld xhl, xbc
	ld xiz, xwa
	ld xiy, 0xE1DF24
	lda xix, (xsp + 4)
	ldw bc, 0x8
	ldirw
	ld xwa, xhl
	cp xhl, 0x1E00082
	jr z, MspNameBnk_Dispatch
	sub xwa, 0x1E0003E
	cp xwa, 0x0
	jrl lt, MspNaming_CleanupExit
	cp xwa, 0x9
	jr gt, MspNaming_CleanupExit
	add xwa, xwa
	add xwa, 0xE1DF5C
	ld wa, (xwa)
	lda_24 xix, 0xf1c445
	jp_dri 8, 0x07, 0xF0, 0xE0

LABEL_F1C445:
	ld	xwa, (xde+14)
	sll	xwa, 2
	lda	xbc, (xsp+4)
	add	xbc, xwa
	ld	xwa, (xbc)
	push	xwa
	ld	xwa, (xde+18)
	push	xwa
	call	16715597
	inc	8, xsp
	ld	xhl, xiz
	jr	79
	lds32	xhl, 1
	jr	75
	lds32	xhl, 3
	jr	71
	ldada	xhl, 32574
	jr	t, 0x41

; MspNameBnkFunc dispatch (10-entry, table 0xE1DF5C)
MspNameBnk_Dispatch:	; F1C46F
	cp xde, 0x4
	jr nc, MspNaming_CleanupExit
	ld xwa, xde
	sll xwa, 4
	cp xde, 0x2
	jr nc, LABEL_F1C48C
	add xwa, 0x1E8A80
	jr LABEL_F1C498

LABEL_F1C48C:
	sub xwa, 0x20
	add xwa, 0x1E8A40

LABEL_F1C498:
	pushw 0x10
	push xwa
	pushw 0x0
	pushw 0x34BC
	call Strncpy
	lda xsp, (xsp + 10)
	stdi8 13516, 0

MspNaming_CleanupExit:
	lds32 xhl, 0
	pop xiz
	lda xsp, (xsp + 16)
	ret

MspNamingCheck:
	push xiz
	ld xiz, xwa
	cp xbc, 0x1E0007C
	jr z, LABEL_F1C4F9
	cp xbc, 0x1E00084
	jr z, LABEL_F1C4F5
	cp xbc, 0x1E0003A
	jr nz, LABEL_F1C4F5
	pushw 0x0
	pushw 0x34BC
	push xde
	call Strcpy
	pushw 0x10
	pushw 0x0
	pushw 0x34BC
	pushw 0x2
	pushw 0xC70
	call Strncpy
	lda xsp, (xsp + 18)
	ld xhl, xiz
	jr LABEL_F1C4FE

LABEL_F1C4F5:
	lds32 xhl, 0
	jr LABEL_F1C4FE

LABEL_F1C4F9:
	ld xhl, 0x10

LABEL_F1C4FE:
	pop xiz
	ret

MspNameOkFunc:
	cp xbc, 0x1C00007
	jr nz, LABEL_F1C52F
	call GetNamingWindowID
	ld xwa, xhl
	ld xbc, 0x1E0003A
	ld xde, 0x20C82
	call SendEvent
	ld xwa, 0x144000A
	ld xbc, 0x1E40001
	ld xde, 0x20C82
	call MainFuncCall

LABEL_F1C52F:
	lds32 xhl, 0
	ret
LABEL_F1C532:

PsMspNameBnkProc:
	st_dri3b L, 0xFD, 0x00, 0xFF
	push xiz
	ld xiz, xwa
	cp xbc, 0x1C0000C
	jr z, LABEL_F1C56E
	cp xbc, 0x1C0000B
	jr z, LABEL_F1C56E
	cp xbc, 0x1C00002
	jr z, LABEL_F1C566
	cp xbc, 0x1C00001
	jr z, LABEL_F1C562
	ld xwa, xiz
	call InheritedProc
	jr LABEL_F1C5A2

LABEL_F1C562:
	ld xwa, xiz
	jr LABEL_F1C568

LABEL_F1C566:
	ld xwa, xiz

LABEL_F1C568:
	call InheritedProc
	jr LABEL_F1C5A0

LABEL_F1C56E:
	ld xwa, xiz
	call InheritedProc
	ldda8 a, 32574
	extz wa
	sla wa, 2
	lda_24 xbc, 0xe1df70
	ld_sril3 XWA, 0x07, 0xE4, 0xE0
	push xwa
	lda xwa, (xsp + 8)
	push xwa
	call Audio_SendCommand
	inc 8, xsp
	lda xde, (xsp + 4)
	ld xwa, xiz
	ld xbc, 0x1C0000F
	call SendEvent

LABEL_F1C5A0:
	lds32 xhl, 0

LABEL_F1C5A2:
	pop xiz
	st_dri3b L, 0xFD, 0x00, 0x01
	ret
LABEL_F1C5A9:

VwVariBoxProc:
	st_dri3b L, 0xFD, 0xE8, 0xFE
	push xiz
	st_dri3l XDE, 0xFD, 0x14, 0x01
	ld xiz, xbc
	st_dri3l XWA, 0xFD, 0x18, 0x01
	cp xiz, 0x1E0003C
	jrl z, VwVariBox_CanScroll
	cp xiz, 0x1C0001B
	jrl z, VwVariBox_Release
	cp xiz, 0x1C00007
	jrl z, VwVariBox_OK
	cp xiz, 0x1E0003A
	jrl z, VwVariBox_GetText
	cp xiz, 0x1C0000F
	jrl z, VwVariBox_Confirm
	cp xiz, 0x1C0000D
	jrl z, VwVariBox_Paint
	cp xiz, 0x1C0001C
	jrl z, VwVariBox_Match
	cp xiz, 0x1C00001
	jr z, VwVariBox_Init
	cp xiz, 0x1E0004D
	jrl nz, VwVariBox_Default
	ld_sril XWA, (xsp + 0x0118)
	call GetViewInstance
	lda xwa, (xhl + 38)
	ld xbc, (xwa)
	ld bc, (xbc)
	exts xbc
	cp_sril_rm XBC, 0xFD, 0x14, 0x01
	jrl z, VwVariBox_ReturnHandled
	ld xbc, (xwa)
	ld_sril XWA, (xsp + 0x0114)
	ld (xbc), wa
	ld_sril XWA, (xsp + 0x0118)
	ld xbc, 0x1C0000D
	lds32 xde, 0
	jrl VwVariBox_DispatchAndReturn

VwVariBox_Init:
	ld xwa, 0x28800
	call SndParam_LookupReadOnly
	ld (xsp + 6), hl
	ld_sril XWA, (xsp + 0x0118)
	ld xbc, xiz
	ld_sril XDE, (xsp + 0x0114)
	call InheritedProc
	ld_sril XWA, (xsp + 0x0118)
	call GetViewInstance
	ld a, (xhl + 42)
	extz wa
	lda xbc, (xhl + 38)
	cp wa, (xsp + 6)
	scc16 z, wa
	ld xbc, (xbc)
	ld (xbc), wa
	ld_sril XWA, (xsp + 0x0118)
	ld xbc, 0x1C0000D
	lds32 xde, 0
	jrl VwVariBox_DispatchAndReturn

VwVariBox_Match:
	ld_sril XWA, (xsp + 0x0118)
	ld xbc, xiz
	ld_sril XDE, (xsp + 0x0114)
	call InheritedProc
	ld_sril XWA, (xsp + 0x0118)
	call GetViewInstance
	ld xiz, xhl
	ld xwa, 0x28800
	call SndParam_LookupReadOnly
	ld (xsp + 6), hl
	ld_sril XWA, (xsp + 0x0114)
	ld xwa, (xwa)
	cp xwa, 0x28800
	jrl nz, VwVariBox_ReturnHandled
	ld c, (xiz + 42)
	extz bc
	ld xwa, (xiz + 38)
	cp bc, (xsp + 6)
	jr nz, VwVariBox_Match_ValueMismatch
	ldw (xwa), 0x1
	jr VwVariBox_Match_Repaint

VwVariBox_Match_ValueMismatch:
	ldw (xwa), 0x0
	cpw (xsp + 6), 0xA
	jr ge, VwVariBox_Match_HighIndex
	ld xwa, 0xC80001
	ld xbc, 0x1E00056
	lds32 xde, 0
	call SendEvent
	cp xhl, 0x1
	jr z, VwVariBox_Match_Repaint
	ld xwa, 0xC80001
	ld xbc, 0x1E0007F
	lds32 xde, 1
	call SendEvent
	ld xwa, 0xC80001
	ld xbc, 0x1C0000F
	lds32 xde, 1
	jr VwVariBox_Match_DispatchConfirm

VwVariBox_Match_HighIndex:
	ld xwa, 0xC80001
	ld xbc, 0x1E00056
	lds32 xde, 0
	call SendEvent
	cp xhl, 0x2
	jr z, VwVariBox_Match_Repaint
	ld xwa, 0xC80001
	ld xbc, 0x1E0007F
	lds32 xde, 2
	call SendEvent
	ld xwa, 0xC80001
	ld xbc, 0x1C0000F
	lds32 xde, 2

VwVariBox_Match_DispatchConfirm:
	call ApDeliveryEvent

VwVariBox_Match_Repaint:
	ld_sril XWA, (xsp + 0x0118)
	ld xbc, 0x1C0000D
	lds32 xde, 0
	jrl VwVariBox_DispatchAndReturn

VwVariBox_Paint:
	ld_sril XWA, (xsp + 0x0118)
	call GetViewInstance
	ld (xsp + 4), xhl
	ld xwa, (xsp + 4)
	ld xwa, (xwa + 38)
	cpw (xwa), 0x0
	jr z, VwVariBox_Paint_Greyed
	ld_sril XWA, (xsp + 0x0118)
	ld xbc, xiz
	ld_sril XDE, (xsp + 0x0114)
	call InheritedProc
	jr VwVariBox_Paint_DrawLabel

VwVariBox_Paint_Greyed:
	st_dri3b A, 0xFD, 0x08, 0x01
	ld_sril XWA, (xsp + 0x0118)
	call GetBox
	st_dri3b W, 0xFD, 0x08, 0x01
	ldw bc, 0xF5
	call DrawBox

VwVariBox_Paint_DrawLabel:
	ld xwa, (xsp + 4)
	ld wa, (xwa + 36)
	call DrawEditSw
	ld_sril XWA, (xsp + 0x0118)
	ld xbc, 0x1C0000F
	lds32 xde, 0
	jrl VwVariBox_DispatchAndReturn

VwVariBox_Confirm:
	ld_sril XWA, (xsp + 0x0118)
	call GetViewInstance
	ld (xsp + 4), xhl
	st_dri3b A, 0xFD, 0x08, 0x01
	ld_sril XWA, (xsp + 0x0118)
	call GetClientBox
	st_dri3b W, 0xFD, 0x08, 0x01
	st_dri3b A, 0xFD, 0x10, 0x01
	call GetBoxCenter
	lda xde, (xsp + 8)
	ld xwa, xde
	lda xbc, (xde + 17)

VwVariBox_Confirm_ClearBuf:
	stib_dpi 0xE0, 0x00
	cp xwa, xbc
	jr c, VwVariBox_Confirm_ClearBuf
	ld_sril XWA, (xsp + 0x0118)
	ld xbc, 0x1E0003A
	call SendEvent
	ld xwa, (xsp + 4)
	ld xiz, (xwa + 38)
	st_dri3b A, 0xFD, 0x10, 0x01
	st_dri3b B, 0xFD, 0x08, 0x01
	lda xiy, (xwa + 28)
	ld a, (xwa + 34)
	ldfr_berp A, 0xF0
	extz ix
	lda xhl, (xsp + 8)
	cpw (xiz), 0x0
	jr z, VwVariBox_Confirm_NoSelection
	ld xwa, (xiy)
	push xwa
	ld xwa, (xsp + 8)
	pushm (xwa + 32)
	pushw 0xF7
	pushw ix
	ld xwa, xde
	ld xde, xhl
	jr VwVariBox_Confirm_Render

VwVariBox_Confirm_NoSelection:
	ld xwa, (xiy)
	push xwa
	pushw 0xFF
	pushw 0xF7
	pushw ix
	ld xwa, xde
	ld xde, xhl

VwVariBox_Confirm_Render:
	call DrawStringAlignment

VwVariBox_ReturnHandled:
	lds32 xhl, 0
	jrl VwVariBox_Return

VwVariBox_GetText:
	ld_sril XWA, (xsp + 0x0118)
	call GetViewInstance
	lda xwa, (xhl + 42)
	cp (xwa), 0xD
	jr c, VwVariBox_GetText_LookupAudio
	ld c, (xwa)
	cp c, 0x10
	jr ule, VwVariBox_GetText_HighValues

VwVariBox_GetText_LookupAudio:
	ld a, (xwa)
	extz wa
	sla wa, 2
	lda_24 xbc, 0xe1dfd0
	ld_sril3 XWA, 0x07, 0xE4, 0xE0
	push xwa
	ld_sril XWA, (xsp + 0x0118)
	push xwa
	call Audio_SendCommand
	inc 8, xsp
	jr VwVariBox_ReturnHandled

VwVariBox_GetText_HighValues:
	cp c, 0x10
	jr z, VwVariBox_GetText_Val10
	cp c, 0xF
	jr z, VwVariBox_GetText_Val0F
	cp c, 0xE
	jr z, VwVariBox_GetText_Val0E
	cp c, 0xD
	jr nz, VwVariBox_GetText_PlaySample
	ld xwa, 0x1E8A80
	jr VwVariBox_GetText_PlaySample

VwVariBox_GetText_Val0E:
	ld xwa, 0x1E8A90
	jr VwVariBox_GetText_PlaySample

VwVariBox_GetText_Val0F:
	ld xwa, 0x1E8A40
	jr VwVariBox_GetText_PlaySample

VwVariBox_GetText_Val10:
	ld xwa, 0x1E8A50

VwVariBox_GetText_PlaySample:
	pushw 0x10
	push xwa
	ld_sril XWA, (xsp + 0x011a)
	push xwa
	call Mem_Copy
	lda xsp, (xsp + 10)
	jr VwVariBox_ReturnHandled

VwVariBox_OK:
	ld_sril XWA, (xsp + 0x0118)
	call GetViewInstance
	cpdi8 32523, 0
	jr nz, VwVariBox_OK_Forward
	ld wa, (xhl + 36)
	extz xwa
	cp_sril_rm XWA, 0xFD, 0x14, 0x01
	jr nz, VwVariBox_OK_Forward
	ld de, (xhl + 26)
	cp de, 0xFFFF
	jr z, VwVariBox_OK_Forward
	exts xde
	ld xwa, 0xFFFFFFFF
	ld xbc, 0x1C0001B
	call SendEvent
	ld_sril XWA, (xsp + 0x0118)
	ld xbc, 0x1E0004D
	lds32 xde, 1
	call SendEvent
	ld_sril XWA, (xsp + 0x0118)
	call GetViewInstance
	ld c, (xhl + 42)
	extz bc
	ld xwa, 0x28800
	lds de, 0
	call MainLswPut
	jrl VwVariBox_ReturnHandled

VwVariBox_OK_Forward:
	ld_sril XWA, (xsp + 0x0118)
	ld xbc, xiz
	ld_sril XDE, (xsp + 0x0114)
	jr VwVariBox_ForwardToBase

VwVariBox_Release:
	ld_sril XWA, (xsp + 0x0118)
	ld xbc, xiz
	ld_sril XDE, (xsp + 0x0114)
	call InheritedProc
	ld_sril XWA, (xsp + 0x0118)
	call GetViewInstance
	ld wa, (xhl + 26)
	exts xwa
	cp_sril_rm XWA, 0xFD, 0x14, 0x01
	jrl nz, VwVariBox_ReturnHandled
	ld xwa, (xhl + 38)
	cpw (xwa), 0x0
	jrl z, VwVariBox_ReturnHandled
	ld_sril XWA, (xsp + 0x0118)
	ld xbc, 0x1E0004D
	lds32 xde, 0

VwVariBox_DispatchAndReturn:
	call SendEvent
	jrl VwVariBox_ReturnHandled

VwVariBox_CanScroll:
	ld_sril XWA, (xsp + 0x0118)
	call GetViewInstance
	ld wa, (xhl + 26)
	exts xwa
	cp_sril_rm XWA, 0xFD, 0x14, 0x01
	jrl nz, VwVariBox_ReturnHandled
	ld xwa, (xhl + 38)
	cpw (xwa), 0x1
	jrl nz, VwVariBox_ReturnHandled
	lds32 xhl, 1
	jr VwVariBox_Return

VwVariBox_Default:
	ld_sril XWA, (xsp + 0x0118)
	ld xbc, xiz
	ld_sril XDE, (xsp + 0x0114)

VwVariBox_ForwardToBase:
	call InheritedProc

VwVariBox_Return:
	pop xiz
	st_dri3b L, 0xFD, 0x18, 0x01
	ret

MspBnkShow:
	push xiz
	cp xbc, 0x1C0000C
	jrl z, MspBnk_ReturnZero
	cp xbc, 0x1C0000B
	jr z, MspBnk_ReturnZero
	cp xbc, 0x1C00002
	jr z, MspBnk_ReturnZero
	cp xbc, 0x1C00001
	jr nz, MspBnk_ReturnZero
	call GetTitleOld
	ld xiz, xhl
	call GetTitleNow
	cp xhl, xiz
	jr z, MspBnk_ReturnZero
	ld xwa, 0x28800
	call SndParam_LookupReadOnly
	cp hl, 0xA
	jr ge, LABEL_F1CA10
	ld xwa, 0xC80001
	ld xbc, 0x1E00056
	lds32 xde, 0
	call SendEvent
	cp xhl, 0x1
	jr z, MspBnk_ReturnZero
	ld xwa, 0xC80001
	ld xbc, 0x1E0007F
	lds32 xde, 1
	jr LABEL_F1CA34

LABEL_F1CA10:
	ld xwa, 0xC80001
	ld xbc, 0x1E00056
	lds32 xde, 0
	call SendEvent
	cp xhl, 0x2
	jr z, MspBnk_ReturnZero
	ld xwa, 0xC80001
	ld xbc, 0x1E0007F
	lds32 xde, 2

LABEL_F1CA34:
	call SendEvent

MspBnk_ReturnZero:
	lds32 xhl, 0
	pop xiz
	ret
LABEL_F1CA3C:

AcMspBnkSlBoxProc:
	lda xsp, (xsp - 12)
	push xiz
	ld (xsp + 8), xde
	ld xiz, xbc
	ld (xsp + 12), xwa
	cp xiz, 0x1C00007
	jrl z, LABEL_F1CB33
	cp xiz, 0x1E0004D
	jrl z, MspBnkSlBox_ReturnZeroJmp
	cp xiz, 0x1C0001C
	jrl z, LABEL_F1CAE3
	cp xiz, 0x1C0000C
	jr z, LABEL_F1CAC8
	cp xiz, 0x1C0000B
	jr z, LABEL_F1CAC8
	cp xiz, 0x1C00002
	jr z, LABEL_F1CAA6
	cp xiz, 0x1C00001
	jrl nz, LABEL_F1CB8D
	ld xwa, (xsp + 12)
	ld xbc, xiz
	ld xde, (xsp + 8)
	call InheritedProc
	ld xwa, (xsp + 12)
	call GetViewInstance
	ld xwa, (xsp + 12)
	ld xbc, 0x28800
	call SetLswFilter
	jrl MspBnkSlBox_ReturnZeroJmp

LABEL_F1CAA6:
	ld xwa, (xsp + 12)
	ld xbc, xiz
	ld xde, (xsp + 8)
	call InheritedProc
	ld xwa, (xsp + 12)
	call GetViewInstance
	ld xwa, (xsp + 12)
	ld xbc, 0x28800
	call ResetLswFilter
	jrl MspBnkSlBox_ReturnZeroJmp

LABEL_F1CAC8:
	ld xwa, (xsp + 12)
	ld xbc, xiz
	ld xde, (xsp + 8)
	call InheritedProc
	ld xwa, (xsp + 12)
	call GetViewInstance
	ld xwa, 0x28800
	jrl LABEL_F1CB7B

LABEL_F1CAE3:
	ld xwa, (xsp + 12)
	ld xbc, xiz
	ld xde, (xsp + 8)
	call InheritedProc
	ld xwa, (xsp + 12)
	call GetViewInstance
	ld xiy, (xsp + 8)
	ld xwa, (xiy)
	cp xwa, 0x28800
	jr nz, MspBnkSlBox_ReturnZeroJmp
	ld a, (xhl + 50)
	ldfr_berp A, 0xF0
	extz ix
	lda xde, (xhl + 46)
	ld xbc, (xde)
	cp ix, (xiy + 4)
	jr nz, LABEL_F1CB1B
	ldw (xbc), 0x1
	jr LABEL_F1CB1F

LABEL_F1CB1B:
	ldw (xbc), 0x0

LABEL_F1CB1F:
	ld xwa, (xde)
	ld de, (xwa)
	exts xde
	ld xwa, (xsp + 12)
	ld xbc, 0x1C0000E
	call SendEvent
	jr MspBnkSlBox_ReturnZeroJmp

LABEL_F1CB33:
	ld xwa, (xsp + 12)
	call GetViewInstance
	ld (xsp + 4), xhl
	ld xwa, (xsp + 12)
	call GetViewInstance
	cpdi8 32523, 0
	jr nz, MspBnk_JoinLoadParams
	ld xwa, (xsp + 4)
	ld wa, (xwa + 42)
	extz xwa
	cp xwa, (xsp + 8)
	jr nz, MspBnk_JoinLoadParams
	cpw (xhl + 26), 0xFFFF
	jr z, MspBnk_JoinLoadParams
	ld xwa, (xsp + 12)
	call GetViewInstance
	ld c, (xhl + 50)
	extz bc
	ld xwa, 0x28800
	lds de, 0
	call MainLswPut
	ld xwa, 0x28800

LABEL_F1CB7B:
	call MainLswGet

MspBnkSlBox_ReturnZeroJmp:
	lds32 xhl, 0
	jr LABEL_F1CB99

MspBnk_JoinLoadParams:
	ld xwa, (xsp + 12)
	ld xbc, xiz
	ld xde, (xsp + 8)
	jr LABEL_F1CB95

LABEL_F1CB8D:
	ld xwa, (xsp + 12)
	ld xbc, xiz
	ld xde, (xsp + 8)

LABEL_F1CB95:
	call InheritedProc

LABEL_F1CB99:
	pop xiz
	lda xsp, (xsp + 12)
	ret
LABEL_F1CB9E:

PsMspBnkNameBoxProc:
	st_dri3b L, 0xFD, 0xFC, 0xFE
	push xiz
	st_dri3l XDE, 0xFD, 0x04, 0x01
	ld xiz, xwa
	cp xbc, 0x1E4001E
	jrl z, RgpSetBnk_GridCheck
	cp xbc, 0x1E4001D
	jrl z, LABEL_F1CCA5
	cp xbc, 0x1E4001C
	jrl z, LABEL_F1CC83
	cp xbc, 0x1E4001B
	jrl z, LABEL_F1CC61
	cp xbc, 0x1C0000D
	jr z, LABEL_F1CBFF
	cp xbc, 0x1C00002
	jr z, LABEL_F1CBF1
	cp xbc, 0x1C00001
	jrl nz, RgpSetBnk_GridCheck_Case2
	ld xwa, xiz
	ld_sril XDE, (xsp + 0x0104)
	jr LABEL_F1CBF8

LABEL_F1CBF1:
	ld xwa, xiz
	ld_sril XDE, (xsp + 0x0104)

LABEL_F1CBF8:
	call InheritedProc
	jrl RgpSetBnk_GridCheck_Case1

LABEL_F1CBFF:
	ld xwa, xiz
	ld_sril XDE, (xsp + 0x0104)
	call InheritedProc
	ld xwa, xiz
	call GetViewInstance
	ld a, (xhl + 36)
	cps a, 3
	jr z, LABEL_F1CC4E
	cps a, 2
	jr z, LABEL_F1CC40
	cps a, 1
	jr z, LABEL_F1CC32
	cps a, 0
	jrl nz, RgpSetBnk_GridCheck_Case1
	ld xwa, 0x1440010
	ld xbc, 0x1E40017
	lds32 xde, 0
	jr MspBnk_MainFuncDispatch

LABEL_F1CC32:
	ld xwa, 0x1440010
	ld xbc, 0x1E40018
	lds32 xde, 0
	jr MspBnk_MainFuncDispatch

LABEL_F1CC40:
	ld xwa, 0x1440010
	ld xbc, 0x1E40019
	lds32 xde, 0
	jr MspBnk_MainFuncDispatch

LABEL_F1CC4E:
	ld xwa, 0x1440010
	ld xbc, 0x1E4001A
	lds32 xde, 0

MspBnk_MainFuncDispatch:
	call MainFuncCall
	jrl RgpSetBnk_GridCheck_Case1

LABEL_F1CC61:
	ld xwa, xiz
	call GetViewInstance
	ld_sril XWA, (xsp + 0x0104)
	push xwa
	lda xwa, (xsp + 8)
	push xwa
	call Audio_SendCommand
	inc 8, xsp
	lda xde, (xsp + 4)
	ld xwa, xiz
	ld xbc, 0x1C0000F
	jr MspBnk_SendEventJoin

LABEL_F1CC83:
	ld xwa, xiz
	call GetViewInstance
	ld_sril XWA, (xsp + 0x0104)
	push xwa
	lda xwa, (xsp + 8)
	push xwa
	call Audio_SendCommand
	inc 8, xsp
	lda xde, (xsp + 4)
	ld xwa, xiz
	ld xbc, 0x1C0000F
	jr MspBnk_SendEventJoin

LABEL_F1CCA5:
	ld xwa, xiz
	call GetViewInstance
	ld_sril XWA, (xsp + 0x0104)
	push xwa
	lda xwa, (xsp + 8)
	push xwa
	call Audio_SendCommand
	inc 8, xsp
	lda xde, (xsp + 4)
	ld xwa, xiz
	ld xbc, 0x1C0000F
	jr MspBnk_SendEventJoin

; RgpSetBnkCheck dispatch
RgpSetBnk_GridCheck:	; F1CCC7
	ld xwa, xiz
	call GetViewInstance
	ld_sril XWA, (xsp + 0x0104)
	push xwa
	lda xwa, (xsp + 8)
	push xwa
	call Audio_SendCommand
	inc 8, xsp
	lda xde, (xsp + 4)
	ld xwa, xiz
	ld xbc, 0x1C0000F

MspBnk_SendEventJoin:
	call SendEvent

; RgpSetBnkCheck case 1
RgpSetBnk_GridCheck_Case1:	; F1CCEB
	lds32 xhl, 0
	jr RgpSetBnk_GridCheck_Case3

; RgpSetBnkCheck case 2
RgpSetBnk_GridCheck_Case2:	; F1CCEF
	ld xwa, xiz
	ld_sril XDE, (xsp + 0x0104)
	call InheritedProc

; RgpSetBnkCheck case 3
RgpSetBnk_GridCheck_Case3:	; F1CCFA
	pop xiz
	st_dri3b L, 0xFD, 0x04, 0x01
	ret

MspRGrpSetGridCheck:
	lda xsp, (xsp - 28)
	ld xwa, xbc
	cp xbc, 0x1E0008D
	jrl z, RgpSetBnk_GridCheck_EventEnc
	sub xwa, 0x1C00017
	cp xwa, 0x0
	jrl lt, RgpSetBnk_GridCheck_Return
	cp xwa, 0x6
	jrl gt, RgpSetBnk_GridCheck_Return
	add xwa, xwa
	add xwa, 0xE1E2C2
	ld wa, (xwa)
	lda_24 xix, 0xf1cd3b
	jp_dri 8, 0x07, 0xF0, 0xE0

LABEL_F1CD3B:
	.byte 0x1d, 0xd0, 0x44, 0xfa, 0xeb, 0x88, 0x41, 0x8f
	.byte 0x00, 0xe0, 0x01, 0xea, 0xa8, 0x1d, 0x60, 0x96
	.byte 0xfa, 0xeb, 0x8a, 0xbf, 0x14, 0x30, 0xea, 0x89
	.byte 0xe9, 0xef, 0x00, 0xd7, 0xe6, 0xa8, 0xb0, 0x51
	.byte 0xb8, 0x02, 0x52, 0x90, 0x20, 0xea, 0x13, 0xd8
	.byte 0xda, 0x66, 0x11, 0xd8, 0xd9, 0x7e, 0x11, 0x01
	.byte 0x40, 0x0f, 0x00, 0x44, 0x01, 0x41, 0x12, 0x00
	.byte 0xe4, 0x01, 0x68, 0x52, 0x40, 0x0f, 0x00, 0x44
	.byte 0x01, 0x41, 0x14, 0x00, 0xe4, 0x01, 0x68, 0x46
	.byte 0x1d, 0xd0, 0x44, 0xfa, 0xeb, 0x88, 0x41, 0x8f
	.byte 0x00, 0xe0, 0x01, 0xea, 0xa8, 0x1d, 0x60, 0x96
	.byte 0xfa, 0xeb, 0x8a, 0xbf, 0x14, 0x30, 0xea, 0x89
	.byte 0xe9, 0xef, 0x00, 0xd7, 0xe6, 0xa8, 0xb0, 0x51
	.byte 0xb8, 0x02, 0x52, 0x90, 0x20, 0xea, 0x13, 0xd8
	.byte 0xda, 0x66, 0x11, 0xd8, 0xd9, 0x7e, 0xc9, 0x00
	.byte 0x40, 0x0f, 0x00, 0x44, 0x01, 0x41, 0x13, 0x00
	.byte 0xe4, 0x01, 0x68, 0x0a, 0x40, 0x0f, 0x00, 0x44
	.byte 0x01, 0x41, 0x15, 0x00, 0xe4, 0x01, 0x1d, 0x63
	.byte 0x4a, 0xfa, 0x78, 0xac, 0x00

; RgpSetBnkCheck event encoding dispatch
RgpSetBnk_GridCheck_EventEnc:	; F1CDD0
	lda xhl, (xsp + 20)
	ld xwa, xde
	srl xwa, 0
	ldi_werp 0xE2, 0
	ld (xhl), wa
	lda xbc, (xhl + 2)
	ld (xbc), de
	lda xde, (xsp)
	ld (xhl + 4), xde
	ldda8 a, 32573
	sll a, 4
	ldb w, 0x0
	extz xwa
	add xwa, 0x1E8A00
	ld xix, xwa
	ld hl, (xhl)
	ld wa, (xbc)
	sla wa, 1
	dec 4, wa
	exts xwa
	add xwa, xix
	cps hl, 2
	jr z, LABEL_F1CE54
	cps hl, 1
	jr nz, AudioEvt_GetFocusRetZero
	ld xbc, xwa
	ld l, (xwa)
	cp l, 0xD
	jr nc, LABEL_F1CE33
	ld a, (xbc)
	extz wa
	sla wa, 2
	lda_24 xbc, 0xe1e172
	ld_sril3 XWA, 0x07, 0xE4, 0xE0
	push xwa
	push xde
	call Audio_SendCommand
	inc 8, xsp
	jr AudioEvt_GetFocusRetZero

LABEL_F1CE33:
	ld xwa, 0x1E8A80
	cp l, 0xE
	jr nz, LABEL_F1CE42
	ld xwa, 0x1E8A90

LABEL_F1CE42:
	pushw 0x10
	push xwa
	push xde
	call Mem_Copy
	lda xsp, (xsp + 10)
	ld (xsp + 16), 0x0
	jr AudioEvt_GetFocusRetZero

LABEL_F1CE54:
	ld a, (xwa + 1)
	inc 1, a
	extz wa
	pushw wa
	pushw 0xE1
	pushw 0xE2BC
	push xde
	call Audio_SendCommand
	lda xsp, (xsp + 10)

AudioEvt_GetFocusRetZero:
	call GetFocusObject
	ld xwa, xhl
	lda xde, (xsp + 20)
	ld xbc, 0x1E0008C
	call SendEvent

; RgpSetBnkCheck return
RgpSetBnk_GridCheck_Return:	; F1CE7C
	lds32 xhl, 0
	lda xsp, (xsp + 28)
	ret
LABEL_F1CE82:

PsRgpSetBnkBoxProc:
	st_dri3b L, 0xFD, 0x00, 0xFF
	push xiz
	ld xiz, xwa
	cp xbc, 0x1C0000C
	jr z, LABEL_F1CEBE
	cp xbc, 0x1C0000B
	jr z, LABEL_F1CEBE
	cp xbc, 0x1C00002
	jr z, LABEL_F1CEB6
	cp xbc, 0x1C00001
	jr z, LABEL_F1CEB2
	ld xwa, xiz
	call InheritedProc
	jr LABEL_F1CEF2

LABEL_F1CEB2:
	ld xwa, xiz
	jr LABEL_F1CEB8

LABEL_F1CEB6:
	ld xwa, xiz

LABEL_F1CEB8:
	call InheritedProc
	jr LABEL_F1CEF0

LABEL_F1CEBE:
	ld xwa, xiz
	call InheritedProc
	ldda8 a, 32573
	extz wa
	sla wa, 2
	lda_24 xbc, 0xe1e2d0
	ld_sril3 XWA, 0x07, 0xE4, 0xE0
	push xwa
	lda xwa, (xsp + 8)
	push xwa
	call Audio_SendCommand
	inc 8, xsp
	lda xde, (xsp + 4)
	ld xwa, xiz
	ld xbc, 0x1C0000F
	call SendEvent

LABEL_F1CEF0:
	lds32 xhl, 0

LABEL_F1CEF2:
	pop xiz
	st_dri3b L, 0xFD, 0x00, 0x01
	ret

MspRGrpSetBnkFunc:
	push_werp 0xFA
	cp xbc, 0x1C00007
	jr nz, LABEL_F1CF76
	cpdi8 32573, 0
	jr nz, LABEL_F1CF12
	stdi8 32573, 1
	jr LABEL_F1CF17

LABEL_F1CF12:
	stdi8 32573, 0

LABEL_F1CF17:
	ldda8 c, 32573
	add c, 0xF
	extz bc
	ld xwa, 0x28800
	lds de, 0
	call MainLswPut
	ld xwa, 0xCC0007
	ld xbc, 0x1C0000B
	lds32 xde, 0
	call SendEvent
	ldi_berp 0xFA, 2

LABEL_F1CF3E:
	ldi_berp 0xFB, 1

LABEL_F1CF41:
	ldto_berp A, 0xFA
	extz wa
	ld bc, wa
	extz xbc
	ldto_berp A, 0xFB
	extz wa
	extz xwa
	sll xwa, 0
	ld xde, xwa
	add xde, xbc
	ld xwa, 0xCC0003
	ld xbc, 0x1E0008D
	call SendEvent
	inc1_berp 0xFB
	cpi_berp 0xFB, 2
	jr ule, LABEL_F1CF41
	inc1_berp 0xFA
	cpi_berp 0xFA, 7
	jr ule, LABEL_F1CF3E

LABEL_F1CF76:
	lds32 xhl, 0
	pop_werp 0xFA
	ret

MspRgpShowHideFunc:
	cp xbc, 0x1C0000C
	jr z, MspRgpShow_ReturnZero
	cp xbc, 0x1C0000B
	jr z, MspRgpShow_ReturnZero
	cp xbc, 0x1C00002
	jr z, MspRgpShow_ReturnZero
	cp xbc, 0x1C00001
	jr nz, MspRgpShow_ReturnZero
	or xde, xde
	jr nz, MspRgpShow_ReturnZero
	ldda8 a, 32573
	cps a, 1
	jr z, LABEL_F1CFB8
	cps a, 0
	jr nz, MspRgpShow_ReturnZero
	ld xwa, 0x28800
	ldw bc, 0xF
	lds de, 0
	jr LABEL_F1CFC2

LABEL_F1CFB8:
	ld xwa, 0x28800
	ldw bc, 0x10
	lds de, 0

LABEL_F1CFC2:
	call MainLswPut

MspRgpShow_ReturnZero:
	lds32 xhl, 0
	ret
LABEL_F1CFC9:

PsMspMeasBoxProc:
	st_dri3b L, 0xFD, 0x00, 0xFF
	push xiz
	ld xiz, xwa
	cp xbc, 0x1C0000C
	jr z, LABEL_F1D005
	cp xbc, 0x1C0000B
	jr z, LABEL_F1D005
	cp xbc, 0x1C00002
	jr z, LABEL_F1CFFD
	cp xbc, 0x1C00001
	jr z, LABEL_F1CFF9
	ld xwa, xiz
	call InheritedProc
	jr LABEL_F1D037

LABEL_F1CFF9:
	ld xwa, xiz
	jr LABEL_F1CFFF

LABEL_F1CFFD:
	ld xwa, xiz

LABEL_F1CFFF:
	call InheritedProc
	jr LABEL_F1D035

LABEL_F1D005:
	ld xwa, xiz
	call InheritedProc
	ld xwa, xiz
	call GetViewInstance
	ldda16 xwa, 32526
	pushw wa
	pushw 0xE1
	pushw 0xE2F8
	lda xwa, (xsp + 10)
	push xwa
	call Audio_SendCommand
	lda xsp, (xsp + 10)
	lda xde, (xsp + 4)
	ld xwa, xiz
	ld xbc, 0x1C0000F
	call SendEvent

LABEL_F1D035:
	lds32 xhl, 0

LABEL_F1D037:
	pop xiz
	st_dri3b L, 0xFD, 0x00, 0x01
	ret
LABEL_F1D03E:

PsMspMemBoxProc:
	st_dri3b L, 0xFD, 0x00, 0xFF
	push xiz
	ld xiz, xwa
	cp xbc, 0x1C0000C
	jr z, LABEL_F1D07A
	cp xbc, 0x1C0000B
	jr z, LABEL_F1D07A
	cp xbc, 0x1C00002
	jr z, LABEL_F1D072
	cp xbc, 0x1C00001
	jr z, LABEL_F1D06E
	ld xwa, xiz
	call InheritedProc
	jr LABEL_F1D0C1

LABEL_F1D06E:
	ld xwa, xiz
	jr LABEL_F1D074

LABEL_F1D072:
	ld xwa, xiz

LABEL_F1D074:
	call InheritedProc
	jr LABEL_F1D0BF

LABEL_F1D07A:
	ld xwa, xiz
	call InheritedProc
	ld xwa, xiz
	call GetViewInstance
	ldda16 xwa, 32280
	mul wa, 0x64
	extz xwa
	div wa, 0x39
	cp wa, 0x63
	jr ule, LABEL_F1D09D
	ldw wa, 0x63

LABEL_F1D09D:
	extz wa
	pushw wa
	pushw 0xE1
	pushw 0xE306
	lda xwa, (xsp + 10)
	push xwa
	call Audio_SendCommand
	lda xsp, (xsp + 10)
	lda xde, (xsp + 4)
	ld xwa, xiz
	ld xbc, 0x1C0000F
	call SendEvent

LABEL_F1D0BF:
	lds32 xhl, 0

LABEL_F1D0C1:
	pop xiz
	st_dri3b L, 0xFD, 0x00, 0x01
	ret
LABEL_F1D0C8:

PsMspRecBnkBoxProc:
	st_dri3b L, 0xFD, 0x00, 0xFF
	push xiz
	ld xiz, xwa
	cp xbc, 0x1C0000C
	jr z, LABEL_F1D104
	cp xbc, 0x1C0000B
	jr z, LABEL_F1D104
	cp xbc, 0x1C00002
	jr z, LABEL_F1D0FC
	cp xbc, 0x1C00001
	jr z, LABEL_F1D0F8
	ld xwa, xiz
	call InheritedProc
	jr LABEL_F1D144

LABEL_F1D0F8:
	ld xwa, xiz
	jr LABEL_F1D0FE

LABEL_F1D0FC:
	ld xwa, xiz

LABEL_F1D0FE:
	call InheritedProc
	jr LABEL_F1D142

LABEL_F1D104:
	ld xwa, xiz
	call InheritedProc
	ld xwa, xiz
	call GetViewInstance
	ld xwa, 0x1E8A80
	cpdi8 32532, 5
	jr ule, LABEL_F1D121
	ld xwa, 0x1E8A90

LABEL_F1D121:
	pushw 0x10
	push xwa
	lda xwa, (xsp + 10)
	push xwa
	call Mem_Copy
	lda xsp, (xsp + 10)
	lda xde, (xsp + 4)
	ld (xde + 16), 0x0
	ld xwa, xiz
	ld xbc, 0x1C0000F
	call SendEvent

LABEL_F1D142:
	lds32 xhl, 0

LABEL_F1D144:
	pop xiz
	st_dri3b L, 0xFD, 0x00, 0x01
	ret
LABEL_F1D14B:

PsMspRecPadBoxProc:
	st_dri3b L, 0xFD, 0x00, 0xFF
	push xiz
	ld xiz, xwa
	cp xbc, 0x1C0000C
	jr z, LABEL_F1D187
	cp xbc, 0x1C0000B
	jr z, LABEL_F1D187
	cp xbc, 0x1C00002
	jr z, LABEL_F1D17F
	cp xbc, 0x1C00001
	jr z, LABEL_F1D17B
	ld xwa, xiz
	call InheritedProc
	jr AcSndArgGrid_BnkCase2

LABEL_F1D17B:
	ld xwa, xiz
	jr LABEL_F1D181

LABEL_F1D17F:
	ld xwa, xiz

LABEL_F1D181:
	call InheritedProc
	jr AcSndArgGrid_BnkCase1

LABEL_F1D187:
	ld xwa, xiz
	call InheritedProc
	ld xwa, xiz
	call GetViewInstance
	ldda8 a, 32532
	cps a, 5
	jr ule, AcSndArgGrid_BnkDispatch
	dec 6, a

; AcSndArgGridBnkFunc dispatch
AcSndArgGrid_BnkDispatch:	; F1D19D
	inc 1, a
	extz wa
	pushw wa
	pushw 0xE1
	pushw 0xE314
	lda xwa, (xsp + 10)
	push xwa
	call Audio_SendCommand
	lda xsp, (xsp + 10)
	lda xde, (xsp + 4)
	ld xwa, xiz
	ld xbc, 0x1C0000F
	call SendEvent

; AcSndArgGridBnk case 1
AcSndArgGrid_BnkCase1:	; F1D1C1
	lds32 xhl, 0

; AcSndArgGridBnk case 2
AcSndArgGrid_BnkCase2:	; F1D1C3
	pop xiz
	st_dri3b L, 0xFD, 0x00, 0x01
	ret

MspPlayModeFunc:
	lda xsp, (xsp - 12)
	push xiz
	ld xiz, xde
	ld xde, xbc
	ld (xsp + 12), xwa
	ld xiy, 0xE1E318
	lda xix, (xsp + 4)
	lds bc, 4
	ldirw
	ld xwa, xde
	cp xde, 0x1E00082
	jr z, AcSndArgGrid_BoxProc
	sub xwa, 0x1E0003E
	cp xwa, 0x0
	jr lt, AcSndArgGrid_BoxCase1
	cp xwa, 0x9
	jr gt, AcSndArgGrid_BoxCase1
	add xwa, xwa
	add xwa, 0xE1E344
	ld wa, (xwa)
	lda_24 xix, 0xf1d215
	jp_dri 8, 0x07, 0xF0, 0xE0

LABEL_F1D215:
	lds	wa, 0
	call	16360763
	ld	xwa, (xiz+14)
	sll	xwa, 2
	lda	xbc, (xsp+4)
	add	xbc, xwa
	ld	xwa, (xbc)
	push	xwa
	ld	xwa, (xiz+18)
	push	xwa
	call	16715597
	inc	8, xsp
	ld	xhl, (xsp+12)
	jr	43
	ldda8	a, 1054
	and	a, 4
	cps	a, 4
	scc16	nz, hl
	extz	xhl
	jr	28
	lds32	xhl, 1
	jr	24
	ldada	xhl, 32575
	jr	18

; AcSndArgGridBoxProc dispatch (7-entry, table 0xE1E35E)
AcSndArgGrid_BoxProc:	; F1D251
	ld xwa, 0x1440015
	ld xbc, 0x1E4001F
	ld xde, xiz
	call MainFuncCall

; AcSndArgGridBox case 1
AcSndArgGrid_BoxCase1:	; F1D261
	lds32 xhl, 0
	pop xiz
	lda xsp, (xsp + 12)
	ret
; AcSndArgGridBox case 2
AcSndArgGrid_BoxCase2:	; F1D268

AcSndArgGridBoxProc:
	lda xsp, (xsp - 22)
	push xiz
	ld (xsp + 18), xde
	ld xiz, xbc
	ld (xsp + 22), xwa
	ld xiy, 0xE1E358
	lda xix, (xsp + 12)
	lds bc, 2
	ldirw
	ldi85
	ld xwa, xiz
	cp xiz, 0x1E0008C
	jrl z, AcSndArgGrid_PlayAudio
	cp xiz, 0x1E40023
	jrl z, AcSndArgGrid_ForwardToParent
	cp xiz, 0x1E40022
	jrl z, AcSndArgGrid_ForwardToParent
	cp xiz, 0x1E0008D
	jrl z, AcSndArgGrid_ForwardToParent
	cp xiz, 0x1E0008B
	jrl z, AcSndArgGrid_GetRowText
	cp xiz, 0x1E0008A
	jrl z, AcSndArgGrid_GetColText
	cp xiz, 0x1C00001
	jr z, AcSndArgGrid_Init
	sub xwa, 0x1C00017
	cp xwa, 0x0
	jrl lt, AcSndArgGrid_ForwardToBase
	cp xwa, 0x6
	jrl gt, AcSndArgGrid_ForwardToBase
	add xwa, xwa
	add xwa, 0xE1E35E
	ld wa, (xwa)
	lda_24 xix, 0xf1d2ee
	jp_dri 8, 0x07, 0xF0, 0xE0

AcSndArgGrid_Init:
	ld xwa, (xsp + 22)
	ld xbc, xiz
	ld xde, (xsp + 18)
	call InheritedProc
	ld xwa, (xsp + 22)
	call GetViewInstance
	ld (xsp + 8), xhl
	ld xwa, (xsp + 22)
	ld xbc, 0x1E0008F
	lds32 xde, 0
	call SendEvent
	ld (xsp + 4), xhl
	ld xwa, (xsp + 8)
	ld bc, (xwa + 26)
	ld xwa, (xsp + 4)
	srl xwa, 0
	ldi_werp 0xE2, 0
	add wa, bc
	ld de, wa
	extz xde
	ld xwa, (xsp + 22)
	ld xbc, 0x1C00017
	call SetDialUp
	ld xwa, (xsp + 8)
	ld bc, (xwa + 26)
	ld xwa, (xsp + 4)
	srl xwa, 0
	ldi_werp 0xE2, 0
	add wa, bc
	ld de, wa
	extz xde
	ld xwa, (xsp + 22)
	ld xbc, 0x1C00018
	call SetDialDown
	lds wa, 1
	jrl AcSndArgGrid_ScrollCommit
	ld xwa, (xsp + 22)
	ld xbc, xiz
	ld xde, (xsp + 18)
	call InheritedProc
	ld xwa, (xsp + 22)
	ld xbc, 0x1E00050
	ld xde, (xsp + 18)
	call SendEvent
	or xhl, xhl
	jr z, AcSndArgGrid_ScrollUp_NoCanScroll
	ld xwa, (xsp + 22)
	ld xbc, 0x1E0008F
	lds32 xde, 0
	call SendEvent
	dec 1, hl
	extz xhl
	add xhl, 0xFFFF0000
	ld xwa, (xsp + 22)
	ld xbc, 0x1C0000E
	ld xde, xhl
	call SendEvent
	ld xwa, (xsp + 22)
	ld xbc, 0x1C00019
	ld xde, (xsp + 18)
	call SetAutoInc
	ld xwa, (xsp + 22)
	call GetViewInstance
	ld xwa, (xhl + 42)
	ld de, (xwa)
	ld a, e
	dec 2, a
	extz wa
	lda xbc, (xsp + 12)
	ldmm_srib 0x07, 0xE4, 0xE0, 0x8E, 0x33
	ldb d, 0x0
	extz xde
	ld xwa, 0x144001B
	ld xbc, 0x1E40024
	call MainFuncCall
	jrl AcSndArgGrid_ReturnHandled

AcSndArgGrid_ScrollUp_NoCanScroll:
	ld xwa, (xsp + 22)
	ld xbc, 0x1E00091
	ld xde, (xsp + 18)
	call SendEvent
	or xhl, xhl
	jrl z, AcSndArgGrid_ReturnHandled
	ld xwa, (xsp + 22)
	call GetViewInstance
	ld xwa, (xhl + 70)
	ld xbc, xiz
	ld xde, (xsp + 18)
	call ApFuncCall
	ld xwa, (xsp + 22)
	ld xbc, 0x1C00019
	ld xde, (xsp + 18)
	call SetAutoInc
	ld xwa, (xsp + 22)
	ld xbc, 0x1C00017
	ld xde, (xsp + 18)
	call SetDialUp
	ld xwa, (xsp + 22)
	ld xbc, 0x1C00018
	ld xde, (xsp + 18)
	call SetDialDown
	lds wa, 1
	jrl AcSndArgGrid_ScrollCommit
	ld xwa, (xsp + 22)
	ld xbc, xiz
	ld xde, (xsp + 18)
	call InheritedProc
	ld xwa, (xsp + 22)
	ld xbc, 0x1E00050
	ld xde, (xsp + 18)
	call SendEvent
	or xhl, xhl
	jr z, AcSndArgGrid_ScrollDown_NoCanScroll
	ld xwa, (xsp + 22)
	ld xbc, 0x1E0008F
	lds32 xde, 0
	call SendEvent
	inc 1, hl
	extz xhl
	add xhl, 0xFFFF0000
	ld xwa, (xsp + 22)
	ld xbc, 0x1C0000E
	ld xde, xhl
	call SendEvent
	ld xwa, (xsp + 22)
	ld xbc, 0x1C0001A
	ld xde, (xsp + 18)
	call SetAutoInc
	ld xwa, (xsp + 22)
	call GetViewInstance
	ld xwa, (xhl + 42)
	ld de, (xwa)
	ld a, e
	dec 2, a
	extz wa
	lda xbc, (xsp + 12)
	ldmm_srib 0x07, 0xE4, 0xE0, 0x8E, 0x33
	ldb d, 0x0
	extz xde
	ld xwa, 0x144001B
	ld xbc, 0x1E40024
	call MainFuncCall
	jrl AcSndArgGrid_ReturnHandled

AcSndArgGrid_ScrollDown_NoCanScroll:
	ld xwa, (xsp + 22)
	ld xbc, 0x1E00091
	ld xde, (xsp + 18)
	call SendEvent
	or xhl, xhl
	jrl z, AcSndArgGrid_ReturnHandled
	ld xwa, (xsp + 22)
	call GetViewInstance
	ld xwa, (xhl + 70)
	ld xbc, xiz
	ld xde, (xsp + 18)
	call ApFuncCall
	ld xwa, (xsp + 22)
	ld xbc, 0x1C0001A
	ld xde, (xsp + 18)
	call SetAutoInc
	ld xwa, (xsp + 22)
	ld xbc, 0x1C00017
	ld xde, (xsp + 18)
	call SetDialUp
	ld xwa, (xsp + 22)
	ld xbc, 0x1C00018
	ld xde, (xsp + 18)
	call SetDialDown
	lds wa, 1

AcSndArgGrid_ScrollCommit:
	call SetDialEnable
	jrl AcSndArgGrid_ReturnHandled

AcSndArgGrid_GetColText:
	ld xwa, (xsp + 22)
	ld xiz, 0x3E
	jr AcSndArgGrid_CopyText

AcSndArgGrid_GetRowText:
	ld xwa, (xsp + 22)
	ld xiz, 0x42

AcSndArgGrid_CopyText:
	call GetViewInstance
	add xhl, xiz
	ld xwa, (xhl)
	push xwa
	ld xwa, (xsp + 22)
	push xwa
	call Strcpy
	inc 8, xsp
	jrl AcSndArgGrid_ReturnHandled
	ld xwa, (xsp + 22)
	ld xbc, xiz
	ld xde, (xsp + 18)
	call InheritedProc
	call GetTitleNow
	cp xhl, 0x1A000DC
	jrl nz, AcSndArgGrid_ReturnHandled
	ld xwa, (xsp + 18)
	ld xwa, (xwa)
	cp xwa, 0xC85E
	jrl z, AcSndArgGrid_CellSel_C85E
	cp xwa, 0xC820
	jrl z, AcSndArgGrid_CellSel_C800
	cp xwa, 0xC800
	jrl z, AcSndArgGrid_CellSel_C800
	cp xwa, 0xC45E
	jrl z, AcSndArgGrid_CellSel_C45E
	cp xwa, 0xC420
	jrl z, AcSndArgGrid_CellSel_C400
	cp xwa, 0xC400
	jrl z, AcSndArgGrid_CellSel_C400
	cp xwa, 0xC05E
	jr z, AcSndArgGrid_CellSel_C05E
	cp xwa, 0xC020
	jr z, AcSndArgGrid_CellSel_C000
	cp xwa, 0xC000
	jr z, AcSndArgGrid_CellSel_C000
	cp xwa, 0xCC5E
	jr z, AcSndArgGrid_CellSel_CC5E
	cp xwa, 0xCC20
	jr z, AcSndArgGrid_CellSel_CC00
	cp xwa, 0xCC00
	jr z, AcSndArgGrid_CellSel_CC00
	cp xwa, 0xD000
	jrl nz, AcSndArgGrid_ReturnHandled
	ld xwa, (xsp + 22)
	ld xbc, 0x1E0008D
	ld xde, 0x10002
	jr AcSndArgGrid_CellSel_Dispatch

AcSndArgGrid_CellSel_CC00:
	ld xwa, (xsp + 22)
	ld xbc, 0x1E0008D
	ld xde, 0x10003
	jr AcSndArgGrid_CellSel_Dispatch

AcSndArgGrid_CellSel_CC5E:
	ld xwa, (xsp + 22)
	ld xbc, 0x1E0008D
	ld xde, 0x20003
	jr AcSndArgGrid_CellSel_Dispatch

AcSndArgGrid_CellSel_C000:
	ld xwa, (xsp + 22)
	ld xbc, 0x1E0008D
	ld xde, 0x10004
	jr AcSndArgGrid_CellSel_Dispatch

AcSndArgGrid_CellSel_C05E:
	ld xwa, (xsp + 22)
	ld xbc, 0x1E0008D
	ld xde, 0x20004
	jr AcSndArgGrid_CellSel_Dispatch

AcSndArgGrid_CellSel_C400:
	ld xwa, (xsp + 22)
	ld xbc, 0x1E0008D
	ld xde, 0x10005
	jr AcSndArgGrid_CellSel_Dispatch

AcSndArgGrid_CellSel_C45E:
	ld xwa, (xsp + 22)
	ld xbc, 0x1E0008D
	ld xde, 0x20005
	jr AcSndArgGrid_CellSel_Dispatch

AcSndArgGrid_CellSel_C800:
	ld xwa, (xsp + 22)
	ld xbc, 0x1E0008D
	ld xde, 0x10006
	jr AcSndArgGrid_CellSel_Dispatch

AcSndArgGrid_CellSel_C85E:
	ld xwa, (xsp + 22)
	ld xbc, 0x1E0008D
	ld xde, 0x20006

AcSndArgGrid_CellSel_Dispatch:
	call SendEvent
	jr AcSndArgGrid_ReturnHandled

AcSndArgGrid_ForwardToParent:
	ld xwa, (xsp + 22)
	call GetViewInstance
	ld xwa, (xhl + 70)
	ld xbc, xiz
	ld xde, (xsp + 18)
	call ApFuncCall
	jr AcSndArgGrid_ReturnHandled

AcSndArgGrid_PlayAudio:
	call GetTitleNow
	cp xhl, 0x1A000EE
	jr nz, AcSndArgGrid_ForwardToBase

AcSndArgGrid_ReturnHandled:
	lds32 xhl, 0
	jr AcSndArgGrid_Return

AcSndArgGrid_ForwardToBase:
	ld xwa, (xsp + 22)
	ld xbc, xiz
	ld xde, (xsp + 18)
	call InheritedProc

AcSndArgGrid_Return:
	pop xiz
	lda xsp, (xsp + 22)
	ret

SndArgGridCheck:
	lda xsp, (xsp - 28)
	push xiz
	ld xiy, xbc
	ld wa, de
	srl xde, 0
	ldfr_werp WA, 0xE2
	ldi_werp 0xEA, 0
	ld wa, de
	lda xix, (xsp + 24)
	lda xiz, (xsp + 4)
	lda xde, (xix + 2)
	lda xhl, (xix + 4)
	cp xbc, 0x1E40023
	jrl z, SndArgGridCheck_PlayRowAudio
	cp xbc, 0x1E40022
	jr z, SndArgGridCheck_PlayColAudio
	cp xbc, 0x1E0008D
	jr z, SndArgGridCheck_CellSelect
	lds32 xhl, 0
	ld xwa, xiy
	sub xwa, 0x1C00017
	cp xwa, 0x0
	jrl lt, SndArgGridCheck_Return
	cp xwa, 0x6
	jrl gt, SndArgGridCheck_Return
	add xwa, xwa
	add xwa, 0xE1E36C
	ld wa, (xwa)
	lda_24 xix, 0xf1d6fa
	jp_dri 8, 0x07, 0xF0, 0xE0

SndArgGridCheck_JumpTableFallthrough:
	jrl	t, 0x00e7

SndArgGridCheck_CellSelect:
	ld (xix), wa
	ldto_werp WA, 0xE2
	ld (xde), wa
	ld (xhl), xiz
	ld wa, (xix)
	ld de, (xde)
	exts xde
	cps wa, 2
	jr z, SndArgGridCheck_CellSel_Row2
	cps wa, 1
	jrl nz, SndArgGridCheck_ReturnHandled
	ld xwa, 0x144001B
	ld xbc, 0x1E40020
	jr SndArgGridCheck_CellSel_SendEvent

SndArgGridCheck_CellSel_Row2:
	ld xwa, 0x144001B
	ld xbc, 0x1E40021

SndArgGridCheck_CellSel_SendEvent:
	call MainFuncCall
	jrl SndArgGridCheck_ReturnHandled

SndArgGridCheck_PlayColAudio:
	ld (xix), wa
	ldto_werp WA, 0xE2
	ld (xde), wa
	ld xbc, xiz
	ld (xhl), xiz
	ld wa, (xde)
	dec 2, wa
	cps wa, 4
	jr z, SndArgGridCheck_PlayCol_4
	cps wa, 3
	jr z, SndArgGridCheck_PlayCol_3
	cps wa, 2
	jr z, SndArgGridCheck_PlayCol_2
	cps wa, 1
	jr z, SndArgGridCheck_PlayCol_1
	cps wa, 0
	jr nz, SndArgGridCheck_PlayCol_Send
	ldada xwa, 14840
	jr SndArgGridCheck_PlayCol_Strcpy

SndArgGridCheck_PlayCol_1:
	ldada xwa, 14857
	jr SndArgGridCheck_PlayCol_Strcpy

SndArgGridCheck_PlayCol_2:
	ldada xwa, 14874
	jr SndArgGridCheck_PlayCol_Strcpy

SndArgGridCheck_PlayCol_3:
	ldada xwa, 14891
	jr SndArgGridCheck_PlayCol_Strcpy

SndArgGridCheck_PlayCol_4:
	ldada xwa, 14908

SndArgGridCheck_PlayCol_Strcpy:
	push xwa
	push xbc
	call Strcpy
	inc 8, xsp

SndArgGridCheck_PlayCol_Send:
	call GetFocusObject
	ld xwa, xhl
	lda xde, (xsp + 24)
	ld xbc, 0x1E0008C
	jr SndArgGridCheck_DispatchPlayAudio

SndArgGridCheck_PlayRowAudio:
	ld (xix), wa
	ldto_werp WA, 0xE2
	ld (xde), wa
	ld xbc, xiz
	ld (xhl), xiz
	ld wa, (xde)
	dec 2, wa
	cps wa, 4
	jr z, SndArgGridCheck_PlayRow_4
	cps wa, 3
	jr z, SndArgGridCheck_PlayRow_3
	cps wa, 2
	jr z, SndArgGridCheck_PlayRow_2
	cps wa, 1
	jr z, SndArgGridCheck_PlayRow_1
	cps wa, 0
	jr nz, SndArgGridCheck_PlayRow_Finalize
	ldada xwa, 14820
	jr SndArgGridCheck_PlayRow_Send

SndArgGridCheck_PlayRow_1:
	ldada xwa, 14824
	jr SndArgGridCheck_PlayRow_Send

SndArgGridCheck_PlayRow_2:
	ldada xwa, 14828
	jr SndArgGridCheck_PlayRow_Send

SndArgGridCheck_PlayRow_3:
	ldada xwa, 14832
	jr SndArgGridCheck_PlayRow_Send

SndArgGridCheck_PlayRow_4:
	ldada xwa, 14836

SndArgGridCheck_PlayRow_Send:
	push xwa
	push xbc
	call Audio_SendCommand
	inc 8, xsp

SndArgGridCheck_PlayRow_Finalize:
	call GetFocusObject
	ld xwa, xhl
	lda xde, (xsp + 24)
	ld xbc, 0x1E0008C

SndArgGridCheck_DispatchPlayAudio:
	call SendEvent

SndArgGridCheck_ReturnHandled:
	lds32 xhl, 0

SndArgGridCheck_Return:
	pop xiz
	lda xsp, (xsp + 28)
	ret

SndArgTtlCheck:
	cp xbc, 0x1C00001
	jr nz, ParamList_ReturnZero
	call GetTitleOld
	cp xhl, 0x1A000EE
	jr nz, ParamList_ReturnZero
	cpdi8 13215, 1
	jr nz, ParamList_ReturnZero
	ld xwa, 0xFFFFFFFF
	ld xbc, 0x1E0009E
	lds32 xde, 1
	call SendEvent
	ld xwa, 0xFFFFFFFF
	ld xbc, 0x1E0009E
	lds32 xde, 0
	call PostEvent
	ld xwa, 0xFFFFFFFF
	ld xbc, 0x1C00014
	ld xde, 0x1800001
	call PostEvent

ParamList_ReturnZero:
	lds32 xhl, 0
	ret
LABEL_F1D83A:

PsParaListBoxProc:
	st_dri3b L, 0xFD, 0x62, 0xFF
	push xiz
	st_dri3l XDE, 0xFD, 0x9E, 0x00
	ld xiz, xwa
	cp xbc, 0x1E4002F
	jrl z, SndArgGrid_CheckCase2
	cp xbc, 0x1C0000F
	jrl z, LABEL_F1D8F9
	cp xbc, 0x1C0000B
	jr z, LABEL_F1D86F
	ld xwa, xiz
	ld_sril XDE, (xsp + 0x009e)
	call InheritedProc
	jrl SndArgGrid_CheckCase3

LABEL_F1D86F:
	ld xwa, xiz
	ld_sril XDE, (xsp + 0x009e)
	call InheritedProc
	ld xwa, xiz
	call GetViewInstance
	ld (xsp + 10), xhl
	ld xwa, (xsp + 10)
	cpw (xwa + 34), 0x2
	jrl lt, PsParaListBoxProc_Return
	st_dri3b A, 0xFD, 0x8E, 0x00
	ld xwa, xiz
	call GetClientBox
	st_dri3b B, 0xFD, 0x8E, 0x00
	ld bc, (xde + 4)
	sub bc, (xde)
	exts xbc
	ld xwa, (xsp + 10)
	mrdw3 0x98, 0x22, 0x59
	ld (xsp + 4), bc
	ld wa, (xde + 2)
	inc 1, wa
	st_dri3w WA, 0xFD, 0x9C, 0x00
	ld wa, (xde + 6)
	dec 1, wa
	st_dri3w WA, 0xFD, 0x98, 0x00
	lds iz, 1
	jr LABEL_F1D8EC

LABEL_F1D8C6:
	ld wa, (xsp + 4)
	mul xwa, xiz
	ld_sriw BC, (xsp + 0x008e)
	add bc, wa
	dec 1, bc
	st_dri3b W, 0xFD, 0x9A, 0x00
	ld (xwa), bc
	st_dri3b A, 0xFD, 0x96, 0x00
	ld de, (xwa)
	ld (xbc), de
	lds de, 7
	call DrawLine
	inc 1, iz

LABEL_F1D8EC:
	ld xwa, (xsp + 10)
	ld wa, (xwa + 34)
	cp iz, wa
	jr c, LABEL_F1D8C6
	jrl PsParaListBoxProc_Return

LABEL_F1D8F9:
	ld xwa, xiz
	ld_sril XDE, (xsp + 0x009e)
	call InheritedProc
	ld xwa, xiz
	call GetViewInstance
	ld (xsp + 6), xhl
	ld_sril XDE, (xsp + 0x009e)
	or xde, xde
	jrl z, PsParaListBoxProc_Return
	ld xwa, (xsp + 6)
	ld bc, (xwa + 34)
	mrdw3 0x98, 0x24, 0x49
	ld a, (xde)
	exts wa
	cp wa, bc
	jrl ge, PsParaListBoxProc_Return
	st_dri3b A, 0xFD, 0x8E, 0x00
	ld xwa, xiz
	call GetClientBox
	st_dri3b A, 0xFD, 0x8E, 0x00
	lda xwa, (xbc + 4)
	ld (xsp + 10), xwa
	ld de, (xwa)
	sub de, (xbc)
	exts xde
	ld xwa, (xsp + 6)
	mrdw3 0x98, 0x22, 0x5A
	ld (xsp + 4), de
	lda xiy, (xbc + 6)
	lda xix, (xbc + 2)
	ld hl, (xix)
	ld iz, (xiy)
	sub iz, hl
	ld de, (xwa + 36)
	exts xiz
	divs xiz, xde
	ld_sril XWA, (xsp + 0x009e)
	ld a, (xwa)
	exts wa
	exts xwa
	divs xwa, xde
	ldto_werp WA, 0xE2
	ldfr_werp WA, 0xEA
	ld_sril XWA, (xsp + 0x009e)
	ld a, (xwa)
	exts wa
	exts xwa
	divs xwa, xde
	ld de, wa
	ld wa, iz
	mul_werp WA, 0xEA
	inc 2, wa
	add hl, wa
	ld (xix), hl
	add hl, iz
	ld (xiy), hl
	ld wa, (xsp + 4)
	mul xwa, xde
	inc 2, wa
	add (xbc), wa
	ld de, (xbc)
	add de, (xsp + 4)
	ld xwa, (xsp + 10)
	ld (xwa), de
	st_dri3b B, 0xFD, 0x9A, 0x00
	ld wa, (xbc)
	ld (xde), wa
	ld wa, (xix)
	ld (xde + 2), wa
	ld_sril XWA, (xsp + 0x009e)
	inc 1, xwa
	push xwa
	lda xwa, (xsp + 18)
	push xwa
	call Strcpy
	inc 8, xsp
	ld xbc, (xsp + 6)
	ld xix, (xbc + 38)
	ld_sril XWA, (xsp + 0x009e)
	ld a, (xwa)
	ldfr_berp A, 0xF4
	exts iy
	lda xde, (xsp + 14)
	lda xhl, (xbc + 28)
	st_dri3b A, 0xFD, 0x9A, 0x00
	st_dri3b W, 0xFD, 0x8E, 0x00
	cp iy, (xix)
	jr nz, SndArgGrid_CheckDispatch
	ld xhl, (xhl)
	push xhl
	pushw 0x0
	pushw 0xFF
	jr SndArgGrid_CheckCase1

; SndArgGridCheck dispatch (7-entry, table 0xE1E36C)
SndArgGrid_CheckDispatch:	; F1D9F6
	ld xhl, (xhl)
	push xhl
	ld xhl, (xsp + 10)
	pushm (xhl + 32)
	pushm (xhl + 22)

; SndArgGridCheck case 1
SndArgGrid_CheckCase1:	; F1DA02
	call DrawString
	jr PsParaListBoxProc_Return

; SndArgGridCheck case 2
SndArgGrid_CheckCase2:	; F1DA08
	ld xwa, xiz
	call GetViewInstance
	ld xbc, (xhl + 38)
	ld_sril XWA, (xsp + 0x009e)
	ld (xbc), wa

PsParaListBoxProc_Return:
	lds32 xhl, 0

; SndArgGridCheck case 3
SndArgGrid_CheckCase3:	; F1DA1A
	pop xiz
	st_dri3b L, 0xFD, 0x9E, 0x00
	ret

StylCnvStorBnkSel:
	lda xsp, (xsp - 92)
	push xiz
	ld xhl, xde
	ld xde, xbc
	ld xiz, xwa
	ld xiy, 0xE1E37A
	lda xix, (xsp + 4)
	ldw bc, 0x2E
	ldirw
	sub xde, 0x1E0003E
	cp xde, 0x0
	jr lt, PsSCTxtBox_EventDispatch
	cp xde, 0x9
	jr gt, PsSCTxtBox_EventDispatch
	add xde, xde
	add xde, 0xE1E4BC
	ld de, (xde)
	lda_24 xix, 0xf1da62
	jp_dri 8, 0x07, 0xF0, 0xE8

LABEL_F1DA62:
	.byte 0xab, 0x0e, 0x20, 0xe8, 0xee, 0x02, 0xbf, 0x04
	.byte 0x31, 0xe8, 0x81, 0xa1, 0x20, 0x38, 0xab, 0x12
	.byte 0x20, 0x38, 0x1d, 0x4d, 0x0f, 0xff, 0xef, 0x60
	.byte 0xee, 0x8b, 0x68, 0x13, 0xeb, 0xa9, 0x68, 0x0f
	.byte 0x43, 0x16, 0x00, 0x00, 0x00, 0x68, 0x08, 0xf1
	.ascii "M:3h"
	.byte 0x02

; PsSCTxtBoxProc event dispatch (10-entry, table 0xE1E4BC)
PsSCTxtBox_EventDispatch:	; F1DA8F
	lds32 xhl, 0
	pop xiz
	lda xsp, (xsp + 92)
	ret
LABEL_F1DA96:

PsSCTxtBoxProc:
	st_dri3b L, 0xFD, 0x00, 0xFE
	push xiz
	ld xiz, xwa
	cp xbc, 0x1C0000C
	jr z, LABEL_F1DAD2
	cp xbc, 0x1C0000B
	jr z, LABEL_F1DAD2
	cp xbc, 0x1C00002
	jr z, LABEL_F1DACA
	cp xbc, 0x1C00001
	jr z, LABEL_F1DAC6
	ld xwa, xiz
	call InheritedProc
	jr LABEL_F1DAF8

LABEL_F1DAC6:
	ld xwa, xiz
	jr LABEL_F1DACC

LABEL_F1DACA:
	ld xwa, xiz

LABEL_F1DACC:
	call InheritedProc
	jr LABEL_F1DAF6

LABEL_F1DAD2:
	ld xwa, xiz
	call InheritedProc
	pushw 0x0
	pushw 0x3D68
	lda xwa, (xsp + 8)
	push xwa
	call Strcpy
	inc 8, xsp
	lda xde, (xsp + 4)
	ld xwa, xiz
	ld xbc, 0x1C0000F
	call SendEvent

LABEL_F1DAF6:
	lds32 xhl, 0

LABEL_F1DAF8:
	pop xiz
	st_dri3b L, 0xFD, 0x00, 0x02
	ret
LABEL_F1DAFF:

PsSCTxtBox2Proc:
	st_dri3b L, 0xFD, 0x00, 0xFE
	push xiz
	ld xiz, xwa
	cp xbc, 0x1C0000C
	jr z, LABEL_F1DB49
	cp xbc, 0x1C0000B
	jr z, LABEL_F1DB49
	cp xbc, 0x1E00089
	jr z, LABEL_F1DB43
	cp xbc, 0x1C00002
	jr z, LABEL_F1DB3B
	cp xbc, 0x1C00001
	jr z, LABEL_F1DB37
	ld xwa, xiz
	call InheritedProc
	jr LABEL_F1DB6F

LABEL_F1DB37:
	ld xwa, xiz
	jr LABEL_F1DB3D

LABEL_F1DB3B:
	ld xwa, xiz

LABEL_F1DB3D:
	call InheritedProc
	jr LABEL_F1DB6D

LABEL_F1DB43:
	ldada xhl, 15720
	jr LABEL_F1DB6F

LABEL_F1DB49:
	ld xwa, xiz
	call InheritedProc
	pushw 0x0
	pushw 0x3D68
	lda xwa, (xsp + 8)
	push xwa
	call Strcpy
	inc 8, xsp
	lda xde, (xsp + 4)
	ld xwa, xiz
	ld xbc, 0x1C0000F
	call SendEvent

LABEL_F1DB6D:
	lds32 xhl, 0

LABEL_F1DB6F:
	pop xiz
	st_dri3b L, 0xFD, 0x00, 0x02
	ret

StylCnvStorOkFunc:
	cp xbc, 0x1C00007
	jr nz, LABEL_F1DB92
	lds32 xde, 0
	ldda8 e, 14925
	ld xwa, 0x1440023
	ld xbc, 0x1E40030
	call MainFuncCall

LABEL_F1DB92:
	lds32 xhl, 0
	ret

LABEL_F1DB95:
	.byte 0xef, 0x68, 0xe9, 0x8b, 0x9f, 0x0c, 0x3f, 0x00
	.byte 0x00, 0x66, 0x1d, 0xbf, 0x04, 0x34, 0x98, 0x02
	.byte 0x21, 0xb4, 0x51, 0x90, 0x20, 0xbc, 0x02, 0x50
	.byte 0xb7, 0x31, 0x9b, 0x02, 0x20, 0xb1, 0x50, 0x93
	.byte 0x20, 0xb9, 0x02, 0x50, 0xec, 0x88, 0x68, 0x02
	.byte 0xeb, 0x89, 0x1d, 0x8a, 0xa9, 0xfa, 0xef, 0x60
	.byte 0x0f, 0x02, 0x00, 0xbf, 0xe2, 0x37, 0x3e, 0xbf
	.byte 0x20, 0x51, 0x9f, 0x26, 0x21, 0xd9, 0xdb, 0x66
	.byte 0x6a, 0xd9, 0xda, 0x66, 0x5f, 0xd9, 0xd9, 0xd9
	.byte 0x7e, 0xbf, 0x08, 0x51, 0xbf, 0x0a, 0x02, 0x00
	.byte 0x00, 0xe8, 0x8d, 0xbf, 0x18, 0x34, 0xd9, 0xac
	.byte 0x95, 0x11, 0xbf, 0x18, 0x33, 0x9b, 0x04, 0x21
	.byte 0xd9, 0x88, 0x93, 0xa0, 0xda, 0x40, 0xd8, 0x8e
	.byte 0xee, 0x12, 0xde, 0x0a, 0x64, 0x00, 0xbb, 0x06
	.byte 0x30, 0xbf, 0x0c, 0x60, 0xbb, 0x02, 0x32, 0xaf
	.byte 0x0c, 0x20, 0x90, 0x20, 0x92, 0xa0, 0x9f, 0x28
	.byte 0x40, 0xd8, 0x8c, 0xec, 0x12, 0xdc, 0x0a, 0x64
	.byte 0x00, 0xd9, 0x88, 0x93, 0xa0, 0xbf, 0x04, 0x50
	.byte 0x9f, 0x04, 0xae, 0x9f, 0x08, 0x3f, 0x00, 0x00
	.byte 0x66, 0x36, 0xbf, 0x14, 0x51, 0xbf, 0x06, 0x02
	.byte 0xff, 0xff, 0x68, 0x36, 0xbf, 0x08, 0x02, 0x01
	.byte 0x00, 0x68, 0x05, 0xbf, 0x08, 0x02, 0x00, 0x00
	.byte 0xbf, 0x0a, 0x02, 0x01, 0x00, 0xbf, 0x18, 0x33
	.byte 0x98, 0x02, 0x21, 0xb3, 0x51, 0x90, 0x21, 0xbb
	.byte 0x02, 0x51, 0x98, 0x06, 0x21, 0xbb, 0x04, 0x51
	.byte 0x98, 0x04, 0x20, 0xbb, 0x06, 0x50, 0x68, 0x8a
	.byte 0x93, 0x20, 0xbf, 0x14, 0x50, 0xbf, 0x06, 0x02
	.byte 0x01, 0x00, 0xbf, 0x10, 0x33, 0xbf, 0x14, 0x35
	.byte 0x95, 0x20, 0xb3, 0x50, 0x92, 0x21, 0xaf, 0x0c
	.byte 0x20, 0x90, 0x20, 0xd9, 0xa0, 0xe8, 0x13, 0xd8
	.byte 0x0b, 0x02, 0x00, 0xd8, 0x81, 0xdc, 0xef, 0x01
	.byte 0xdc, 0x88, 0xd9, 0x80, 0xbd, 0x02, 0x50, 0x92
	.byte 0x21, 0xaf, 0x0c, 0x20, 0x90, 0x20, 0xd9, 0xa0
	.byte 0xe8, 0x13, 0xd8, 0x0b, 0x02, 0x00, 0xd8, 0x81
	.byte 0xdc, 0xa1, 0xbb, 0x02, 0x51, 0xbf, 0x0e, 0x02
	.byte 0x00, 0x00, 0xde, 0xd8, 0x63, 0x20, 0xbf, 0x14
	.byte 0x30, 0xbf, 0x10, 0x31, 0x9f, 0x0a, 0x04, 0x9f
	.byte 0x22, 0x22, 0x1e, 0xd3, 0xfe, 0x9f, 0x06, 0x20
	.byte 0x9f, 0x14, 0x88, 0x9f, 0x10, 0x88, 0x9f, 0x0e
	.byte 0x61, 0x9f, 0x0e, 0xfe, 0x67, 0xe0, 0xbf, 0x18
	.byte 0x30, 0xbf, 0x14, 0x31, 0x9f, 0x08, 0x3f, 0x00
	.byte 0x00, 0x66, 0x0e, 0x98, 0x04, 0x20, 0xde, 0xa0
	.byte 0xb1, 0x50, 0xbf, 0x06, 0x02, 0xff, 0xff, 0x68
	.byte 0x0b, 0x90, 0x20, 0xde, 0x80, 0xb1, 0x50, 0xbf
	.byte 0x06, 0x02, 0x01, 0x00, 0xbf, 0x10, 0x34, 0xbf
	.byte 0x14, 0x33, 0x93, 0x20, 0xb4, 0x50, 0xbf, 0x18
	.byte 0x32, 0xba, 0x02, 0x31, 0x91, 0x20, 0xbb, 0x02
	.byte 0x50, 0x91, 0x21, 0x9a, 0x06, 0x20, 0xd9, 0xa0
	.byte 0xe8, 0x13, 0xd8, 0x0b, 0x02, 0x00, 0xd8, 0x81
	.byte 0xbc, 0x02, 0x51, 0xbf, 0x0e, 0x02, 0x00, 0x00
	.byte 0x9f, 0x04, 0x3f, 0x00, 0x00, 0x63, 0x20, 0xbf
	.byte 0x14, 0x30, 0xbf, 0x10, 0x31, 0x9f, 0x0a, 0x04
	.byte 0x9f, 0x22, 0x22, 0x1e, 0x5a, 0xfe, 0x9f, 0x06
	.byte 0x20, 0x9f, 0x10, 0x88, 0x9f, 0x0e, 0x61, 0x9f
	.byte 0x0e, 0x20, 0x9f, 0x04, 0xf0, 0x67, 0xe0, 0xbf
	.byte 0x10, 0x34, 0xbf, 0x14, 0x33, 0x93, 0x20, 0xb4
	.byte 0x50, 0xbf, 0x18, 0x32, 0xba, 0x06, 0x31, 0x91
	.byte 0x20, 0xbb, 0x02, 0x50, 0x91, 0x21, 0xd9, 0x88
	.byte 0x9a, 0x02, 0xa0, 0xe8, 0x13, 0xd8, 0x0b, 0x02
	.byte 0x00, 0xd8, 0xa1, 0xbc, 0x02, 0x51, 0xbf, 0x0e
	.byte 0x02, 0x00, 0x00, 0x9f, 0x04, 0x3f, 0x00, 0x00
	.byte 0x63, 0x20, 0xbf, 0x14, 0x30, 0xbf, 0x10, 0x31
	.byte 0x9f, 0x0a, 0x04, 0x9f, 0x22, 0x22, 0x1e, 0x07
	.byte 0xfe, 0x9f, 0x06, 0x20, 0x9f, 0x10, 0x88, 0x9f
	.byte 0x0e, 0x61, 0x9f, 0x0e, 0x20, 0x9f, 0x04, 0xf0
	.byte 0x67, 0xe0, 0x5e, 0xbf, 0x1e, 0x37, 0x0f, 0x04
	.byte 0x00, 0xbf, 0xe0, 0x37, 0x3e, 0xbf, 0x22, 0x51
	.byte 0x9f, 0x28, 0x21, 0xd9, 0xdb, 0x66, 0x72, 0xd9
	.byte 0xda, 0x66, 0x67, 0xd9, 0xd9, 0xd9, 0x7e, 0xbf
	.byte 0x06, 0x51, 0xbf, 0x08, 0x02, 0x00, 0x00, 0xe8
	.byte 0x8d, 0xbf, 0x1a, 0x34, 0xd9, 0xac, 0x95, 0x11
	.byte 0xbf, 0x1a, 0x33, 0xbb, 0x04, 0x34, 0x94, 0x21
	.byte 0xd9, 0x88, 0x93, 0xa0, 0xda, 0x40, 0xd7, 0xfa
	.byte 0x98, 0xe8, 0x12, 0xd8, 0x0a, 0x64, 0x00, 0xd7
	.byte 0xfa, 0x98, 0xbb, 0x06, 0x32, 0xbb, 0x02, 0x35
	.byte 0x92, 0x20, 0x95, 0xa0, 0x9f, 0x2a, 0x40, 0xd8
	.byte 0x8e, 0xe8, 0x12, 0xd8, 0x0a, 0x64, 0x00, 0xd8
	.byte 0x8e, 0xd9, 0x88, 0x93, 0xa0, 0xbf, 0x04, 0x50
	.byte 0xd7, 0xfa, 0x88, 0x9f, 0x04, 0xa8, 0x9f, 0x06
	.byte 0x3f, 0x00, 0x00, 0x66, 0x39, 0xbf, 0x16, 0x51
	.byte 0x94, 0x20, 0xd7, 0xfa, 0xa0, 0xbf, 0x12, 0x50
	.byte 0x68, 0x39, 0xbf, 0x06, 0x02, 0x01, 0x00, 0x68
	.byte 0x05, 0xbf, 0x06, 0x02, 0x00, 0x00, 0xbf, 0x08
	.byte 0x02, 0x01, 0x00, 0xbf, 0x1a, 0x33, 0x98, 0x02
	.byte 0x21, 0xb3, 0x51, 0x90, 0x21, 0xbb, 0x02, 0x51
	.byte 0x98, 0x06, 0x21, 0xbb, 0x04, 0x51, 0x98, 0x04
	.byte 0x20, 0xbb, 0x06, 0x50, 0x68, 0x82, 0x93, 0x20
	.byte 0xbf, 0x16, 0x50, 0x93, 0x20, 0xd7, 0xfa, 0x80
	.byte 0xbf, 0x12, 0x50, 0x95, 0x21, 0x92, 0x20, 0xd9
	.byte 0xa0, 0xe8, 0x13, 0xd8, 0x0b, 0x02, 0x00, 0xd8
	.byte 0x81, 0xde, 0x88, 0xd8, 0xef, 0x01, 0xd8, 0xa1
	.byte 0xbf, 0x16, 0x30, 0xb8, 0x02, 0x51, 0xbf, 0x12
	.byte 0x32, 0xba, 0x02, 0x51, 0xbf, 0x16, 0x35, 0xbf
	.byte 0x0e, 0x34, 0x95, 0x10, 0x95, 0x10, 0x9f, 0x08
	.byte 0x04, 0xea, 0x89, 0x9f, 0x24, 0x22, 0x1e, 0x07
	.byte 0xfd, 0xbf, 0x16, 0x30, 0xbf, 0x12, 0x31, 0x91
	.byte 0x22, 0xb0, 0x52, 0x9f, 0x1c, 0x22, 0xb8, 0x02
	.byte 0x52, 0x9f, 0x08, 0x04, 0x9f, 0x24, 0x22, 0x1e
	.byte 0xee, 0xfc, 0xbf, 0x16, 0x30, 0x9f, 0x0e, 0x21
	.byte 0xb0, 0x51, 0xbf, 0x1a, 0x31, 0x99, 0x02, 0x22
	.byte 0x99, 0x06, 0x21, 0xda, 0xa1, 0xe9, 0x13, 0xd9
	.byte 0x0b, 0x02, 0x00, 0xd9, 0x82, 0xde, 0x89, 0xd9
	.byte 0xef, 0x01, 0xda, 0x81, 0xb8, 0x02, 0x51, 0xbf
	.byte 0x12, 0x32, 0xba, 0x02, 0x51, 0xbf, 0x16, 0x35
	.byte 0xbf, 0x0a, 0x34, 0x95, 0x10, 0x95, 0x10, 0x9f
	.byte 0x08, 0x04, 0xea, 0x89, 0x9f, 0x24, 0x22, 0x1e
	.byte 0xae, 0xfc, 0xbf, 0x16, 0x30, 0xbf, 0x12, 0x31
	.byte 0x91, 0x22, 0xb0, 0x52, 0x9f, 0x20, 0x22, 0xb8
	.byte 0x02, 0x52, 0x9f, 0x08, 0x04, 0x9f, 0x24, 0x22
	.byte 0x1e, 0x95, 0xfc, 0xbf, 0x0e, 0x35, 0xbf, 0x16
	.byte 0x34, 0x95, 0x10, 0x95, 0x10, 0xbf, 0x0a, 0x35
	.byte 0xbf, 0x12, 0x34, 0x95, 0x10, 0x95, 0x10, 0xbf
	.byte 0x16, 0x30, 0xbf, 0x12, 0x31, 0x9f, 0x08, 0x04
	.byte 0x9f, 0x24, 0x22, 0x1e, 0x72, 0xfc, 0xbf, 0x1a
	.byte 0x30, 0xbf, 0x16, 0x31, 0xbf, 0x12, 0x32, 0x9f
	.byte 0x06, 0x3f, 0x00, 0x00, 0x66, 0x11, 0x98, 0x04
	.byte 0x20, 0xd7, 0xfa, 0xa0, 0xb1, 0x50, 0x9f, 0x04
	.byte 0xa0, 0xd8, 0x61, 0xb2, 0x50, 0x68, 0x0e, 0x90
	.byte 0x20, 0xd7, 0xfa, 0x80, 0xb1, 0x50, 0x9f, 0x04
	.byte 0x80, 0xd8, 0x69, 0xb2, 0x50, 0xbf, 0x16, 0x30
	.byte 0xbf, 0x1a, 0x33, 0xbb, 0x02, 0x32, 0x92, 0x21
	.byte 0xb8, 0x02, 0x51, 0x92, 0x22, 0x9b, 0x06, 0x21
	.byte 0xda, 0xa1, 0xe9, 0x13, 0xd9, 0x0b, 0x02, 0x00
	.byte 0xd9, 0x82, 0xbf, 0x12, 0x31, 0xb9, 0x02, 0x52
	.byte 0x9f, 0x08, 0x04, 0x9f, 0x24, 0x22, 0x1e, 0x17
	.byte 0xfc, 0xbf, 0x16, 0x30, 0xbf, 0x1a, 0x33, 0xbb
	.byte 0x06, 0x32, 0x92, 0x21, 0xb8, 0x02, 0x51, 0x92
	.byte 0x22, 0xda, 0x89, 0x9b, 0x02, 0xa1, 0xe9, 0x13
	.byte 0xd9, 0x0b, 0x02, 0x00, 0xd9, 0xa2, 0xbf, 0x12
	.byte 0x31, 0xb9, 0x02, 0x52, 0x9f, 0x08, 0x04, 0x9f
	.byte 0x24, 0x22, 0x1e, 0xeb, 0xfb, 0x5e, 0xbf, 0x20
	.byte 0x37, 0x0f, 0x04, 0x00
LABEL_F1DFB1:
	.byte 0xbf, 0xf0, 0x37, 0x3e
	.byte 0xbf, 0x10, 0x60, 0xe9, 0xcf, 0x0b, 0x00, 0xc0
	.byte 0x01, 0x66, 0x09, 0xaf, 0x10, 0x20, 0x1d, 0x09
	.byte 0x44, 0xfa, 0x68, 0x48, 0xaf, 0x10, 0x20, 0x1d
	.byte 0x09, 0x44, 0xfa, 0xaf, 0x10, 0x20, 0x1d, 0x66
	.byte 0x62, 0xfa, 0xeb, 0x8e, 0xbf, 0x04, 0x66, 0xbf
	.byte 0x08, 0x31, 0xaf, 0x10, 0x20, 0x1d, 0xdd, 0x95
	.byte 0xf9, 0xbf, 0x08, 0x30, 0xbe, 0x1a, 0x33, 0xaf
	.byte 0x04, 0x21, 0xb9, 0x1e, 0x34, 0x99, 0x1c, 0x22
	.byte 0x9e, 0x16, 0x21, 0x9e, 0x18, 0x3f, 0x00, 0x00
	.byte 0x66, 0x09, 0x94, 0x04, 0x93, 0x04, 0x1e, 0xa0
	.byte 0xfd, 0x68, 0x07, 0x94, 0x04, 0x93, 0x04, 0x1e
	.byte 0xb9, 0xfb, 0xeb, 0xa8, 0x5e, 0xbf, 0x10, 0x37
	.byte 0x0e
LABEL_F1E016:

CmpNameMenuBoxProc:
	push xiz
	ld xiz, xwa
	cp xbc, 0x1C0000D
	jr z, LABEL_F1E029
	ld xwa, xiz
	call InheritedProc
	jr LABEL_F1E045

LABEL_F1E029:
	cpdi8 13526, 12
	jr nc, LABEL_F1E043
	ld xwa, xiz
	call InheritedProc
	ld xwa, xiz
	ld xbc, 0x1C0000F
	lds32 xde, 0
	call SendEvent

LABEL_F1E043:
	lds32 xhl, 0

LABEL_F1E045:
	pop xiz
	ret

AttLangCheck:
	cp xbc, 0x1E0009F
	jr nz, LABEL_F1E055
	lda_24 xhl, 0xe1e516
	ret

LABEL_F1E055:
	lds32 xhl, 0
	ret

SureLangCheck:
	cp xbc, 0x1E0009F
	jr nz, LABEL_F1E066
	lda_24 xhl, 0xe1e596
	ret

LABEL_F1E066:
	lds32 xhl, 0
	ret

SndMemLangCheck:
	cp xbc, 0x1E0009F
	jr nz, LABEL_F1E077
	lda_24 xhl, 0xe1e994
	ret

LABEL_F1E077:
	lds32 xhl, 0
	ret

SndMem1LangCheck:
	cp xbc, 0x1E0009F
	jr nz, LABEL_F1E088
	lda_24 xhl, 0xe1ea88
	ret

LABEL_F1E088:
	lds32 xhl, 0
	ret

MemfulLangCheck:
	cp xbc, 0x1E0009F
	jr nz, LABEL_F1E099
	lda_24 xhl, 0xe1ed64
	ret

LABEL_F1E099:
	lds32 xhl, 0
	ret

Memful2LangCheck:
	cp xbc, 0x1E0009F
	jr nz, LABEL_F1E0AA
	lda_24 xhl, 0xe1ee2c
	ret

LABEL_F1E0AA:
	lds32 xhl, 0
	ret

StylCnvLangCheck:
	cp xbc, 0x1E0009F
	jr nz, LABEL_F1E0BB
	lda_24 xhl, 0xe1ef42
	ret

LABEL_F1E0BB:
	lds32 xhl, 0
	ret

SndArrLangCheck:
	cp xbc, 0x1E0009F
	jr nz, LABEL_F1E0CC
	lda_24 xhl, 0xe1f032
	ret

LABEL_F1E0CC:
	lds32 xhl, 0
	ret
LABEL_F1E0CF:

PsStylCnvVerProc:
	st_dri3b L, 0xFD, 0x00, 0xFE
	push xiz
	ld xiz, xwa
	cp xbc, 0x1C0000C
	jr z, LABEL_F1E119
	cp xbc, 0x1C0000B
	jr z, LABEL_F1E119
	cp xbc, 0x1E00089
	jr z, LABEL_F1E113
	cp xbc, 0x1C00002
	jr z, LABEL_F1E10B
	cp xbc, 0x1C00001
	jr z, LABEL_F1E107
	ld xwa, xiz
	call InheritedProc
	jr LABEL_F1E13F

LABEL_F1E107:
	ld xwa, xiz
	jr LABEL_F1E10D

LABEL_F1E10B:
	ld xwa, xiz

LABEL_F1E10D:
	call InheritedProc
	jr LABEL_F1E13D

LABEL_F1E113:
	ldada xhl, 16232
	jr LABEL_F1E13F

LABEL_F1E119:
	ld xwa, xiz
	call InheritedProc
	pushw 0x0
	pushw 0x3F68
	lda xwa, (xsp + 8)
	push xwa
	call Strcpy
	inc 8, xsp
	lda xde, (xsp + 4)
	ld xwa, xiz
	ld xbc, 0x1C0000F
	call SendEvent

LABEL_F1E13D:
	lds32 xhl, 0

LABEL_F1E13F:
	pop xiz
	st_dri3b L, 0xFD, 0x00, 0x02
	ret


.include "hama/hama_code.s"
